game_date,home_team,away_team,home_ml,away_ml,home_implied,away_implied,consensus_prob,home_runs,away_runs
2022-04-07,ARI,SDP,120.0,-140.0,0.4545,0.5833,0.438,4.0,2.0
2022-04-07,ATL,CIN,-185.0,157.0,0.6491,0.3891,0.6252,3.0,6.0
2022-04-07,CHC,MIL,155.0,-184.0,0.3922,0.6479,0.3771,5.0,4.0
2022-04-07,KCR,CLE,106.0,-125.0,0.4854,0.5556,0.4663,3.0,1.0
2022-04-07,LAA,HOU,-123.0,105.0,0.5516,0.4878,0.5307,1.0,3.0
2022-04-07,STL,PIT,-160.0,135.0,0.6154,0.4255,0.5912,9.0,0.0
2022-04-07,WSN,NYM,104.0,-122.0,0.4902,0.5495,0.4715,1.0,5.0
2022-04-08,ARI,SDP,116.0,-137.0,0.463,0.5781,0.4447,0.0,3.0
2022-04-08,ATL,CIN,-192.0,162.0,0.6575,0.3817,0.6327,7.0,6.0
2022-04-08,COL,LAD,178.0,-216.0,0.3597,0.6835,0.3448,3.0,5.0
2022-04-08,DET,CHW,120.0,-141.0,0.4545,0.5851,0.4372,5.0,4.0
2022-04-08,LAA,HOU,-125.0,108.0,0.5556,0.4808,0.5361,6.0,13.0
2022-04-08,MIN,SEA,-121.0,104.0,0.5475,0.4902,0.5276,1.0,2.0
2022-04-08,NYY,BOS,-185.0,155.0,0.6491,0.3922,0.6234,6.0,5.0
2022-04-08,PHI,ATH,-207.0,172.0,0.6743,0.3676,0.6471,9.0,5.0
2022-04-08,SFG,MIA,-152.0,130.0,0.6032,0.4348,0.5811,6.0,5.0
2022-04-08,TBR,BAL,-191.0,161.0,0.6564,0.3831,0.6314,2.0,1.0
2022-04-08,TOR,TEX,-176.0,147.0,0.6377,0.4049,0.6117,10.0,8.0
2022-04-08,WSN,NYM,145.0,-175.0,0.4082,0.6364,0.3908,3.0,7.0
2022-04-09,ARI,SDP,142.0,-171.0,0.4132,0.631,0.3957,2.0,5.0
2022-04-09,ATL,CIN,-177.0,152.0,0.639,0.3968,0.6169,2.0,1.0
2022-04-09,CHC,MIL,137.0,-159.0,0.4219,0.6139,0.4073,9.0,0.0
2022-04-09,COL,LAD,131.0,-155.0,0.4329,0.6078,0.416,3.0,2.0
2022-04-09,DET,CHW,115.0,-135.0,0.4651,0.5745,0.4474,2.0,5.0
2022-04-09,KCR,CLE,-125.0,105.0,0.5556,0.4878,0.5325,1.0,0.0
2022-04-09,LAA,HOU,-109.0,-108.0,0.5215,0.5192,0.5011,2.0,0.0
2022-04-09,MIN,SEA,-142.0,120.0,0.5868,0.4545,0.5635,3.0,4.0
2022-04-09,NYY,BOS,-162.0,135.0,0.6183,0.4255,0.5923,4.0,2.0
2022-04-09,PHI,ATH,-200.0,170.0,0.6667,0.3704,0.6429,4.0,2.0
2022-04-09,SFG,MIA,-149.0,125.0,0.5984,0.4444,0.5738,1.0,2.0
2022-04-09,STL,PIT,-171.0,144.0,0.631,0.4098,0.6062,6.0,2.0
2022-04-09,TBR,BAL,-225.0,188.0,0.6923,0.3472,0.666,5.0,3.0
2022-04-09,TOR,TEX,-220.0,182.0,0.6875,0.3546,0.6597,4.0,3.0
2022-04-09,WSN,NYM,130.0,-154.0,0.4348,0.6063,0.4176,0.0,5.0
2022-04-10,ARI,SDP,135.0,-160.0,0.4255,0.6154,0.4088,5.0,10.0
2022-04-10,ATL,CIN,-185.0,155.0,0.6491,0.3922,0.6234,3.0,6.0
2022-04-10,CHC,MIL,115.0,-137.0,0.4651,0.5781,0.4459,4.0,5.0
2022-04-10,COL,LAD,175.0,-210.0,0.3636,0.6774,0.3493,9.0,4.0
2022-04-10,DET,CHW,114.0,-132.0,0.4673,0.569,0.4509,1.0,10.0
2022-04-10,KCR,CLE,-118.0,101.0,0.5413,0.4975,0.5211,3.0,17.0
2022-04-10,LAA,HOU,-106.0,-110.0,0.5146,0.5238,0.4955,1.0,4.0
2022-04-10,MIN,SEA,-140.0,120.0,0.5833,0.4545,0.562,10.0,4.0
2022-04-10,NYY,BOS,-142.0,123.0,0.5868,0.4484,0.5668,3.0,4.0
2022-04-10,PHI,ATH,-235.0,194.0,0.7015,0.3401,0.6735,1.0,4.0
2022-04-10,SFG,MIA,-115.0,-104.0,0.5349,0.5098,0.512,3.0,2.0
2022-04-10,STL,PIT,-227.0,190.0,0.6942,0.3448,0.6681,4.0,9.0
2022-04-10,TBR,BAL,-177.0,150.0,0.639,0.4,0.615,8.0,0.0
2022-04-10,TOR,TEX,-221.0,184.0,0.6885,0.3521,0.6616,6.0,12.0
2022-04-10,WSN,NYM,118.0,-137.0,0.4587,0.5781,0.4424,4.0,2.0
2022-04-11,ATL,WSN,-235.0,197.0,0.7015,0.3367,0.6757,2.0,11.0
2022-04-11,BAL,MIL,138.0,-162.0,0.4202,0.6183,0.4046,2.0,0.0
2022-04-11,DET,BOS,103.0,-124.0,0.4926,0.5536,0.4709,3.0,1.0
2022-04-11,KCR,CLE,-105.0,-113.0,0.5122,0.5305,0.4912,7.0,10.0
2022-04-11,LAA,MIA,-122.0,-106.0,0.5495,0.5146,0.5164,6.0,2.0
2022-04-11,MIN,SEA,-134.0,115.0,0.5726,0.4651,0.5518,4.0,0.0
2022-04-11,NYY,TOR,-120.0,102.0,0.5455,0.495,0.5242,0.0,3.0
2022-04-11,PHI,NYM,-148.0,126.0,0.5968,0.4425,0.5742,5.0,4.0
2022-04-11,SFG,SDP,-159.0,135.0,0.6139,0.4255,0.5906,2.0,4.0
2022-04-11,TBR,ATH,-225.0,186.0,0.6923,0.3497,0.6644,2.0,13.0
2022-04-11,TEX,COL,-136.0,115.0,0.5763,0.4651,0.5534,4.0,6.0
2022-04-12,ARI,HOU,127.0,-152.0,0.4405,0.6032,0.4221,1.0,2.0
2022-04-12,ATL,WSN,-184.0,155.0,0.6479,0.3922,0.6229,16.0,4.0
2022-04-12,BAL,MIL,136.0,-158.0,0.4237,0.6124,0.409,4.0,5.0
2022-04-12,CHW,SEA,-115.0,-103.0,0.5349,0.5074,0.5132,3.0,2.0
2022-04-12,CIN,CLE,-115.0,-104.0,0.5349,0.5098,0.512,5.0,10.0
2022-04-12,DET,BOS,105.0,-125.0,0.4878,0.5556,0.4675,3.0,5.0
2022-04-12,LAA,MIA,-159.0,135.0,0.6139,0.4255,0.5906,4.0,3.0
2022-04-12,MIN,LAD,123.0,-144.0,0.4484,0.5902,0.4318,2.0,7.0
2022-04-12,NYY,TOR,-132.0,112.0,0.569,0.4717,0.5467,4.0,0.0
2022-04-12,PHI,NYM,-145.0,124.0,0.5918,0.4464,0.57,0.0,2.0
2022-04-12,PIT,CHC,-102.0,-120.0,0.505,0.5455,0.4807,1.0,2.0
2022-04-12,SFG,SDP,-126.0,105.0,0.5575,0.4878,0.5333,13.0,2.0
2022-04-12,STL,KCR,-168.0,143.0,0.6269,0.4115,0.6037,6.0,5.0
2022-04-12,TBR,ATH,-211.0,172.0,0.6785,0.3676,0.6486,9.0,8.0
2022-04-12,TEX,COL,-161.0,136.0,0.6169,0.4237,0.5928,1.0,4.0
2022-04-13,ARI,HOU,139.0,-162.0,0.4184,0.6183,0.4036,3.0,2.0
2022-04-13,ATL,WSN,-230.0,189.0,0.697,0.346,0.6682,1.0,3.0
2022-04-13,BAL,MIL,150.0,-178.0,0.4,0.6403,0.3845,2.0,4.0
2022-04-13,CHW,SEA,-120.0,-101.0,0.5455,0.5025,0.5205,6.0,4.0
2022-04-13,CIN,CLE,-127.0,108.0,0.5595,0.4808,0.5378,3.0,7.0
2022-04-13,DET,BOS,115.0,-135.0,0.4651,0.5745,0.4474,7.0,9.0
2022-04-13,MIN,LAD,167.0,-200.0,0.3745,0.6667,0.3597,0.0,7.0
2022-04-13,NYY,TOR,-174.0,147.0,0.635,0.4049,0.6107,4.0,6.0
2022-04-13,PHI,NYM,-105.0,-117.0,0.5122,0.5392,0.4872,6.0,9.0
2022-04-13,PIT,CHC,108.0,-126.0,0.4808,0.5575,0.463,6.0,2.0
2022-04-13,SFG,SDP,-117.0,100.0,0.5392,0.5,0.5188,2.0,1.0
2022-04-13,TBR,ATH,-200.0,165.0,0.6667,0.3774,0.6386,2.0,4.0
2022-04-14,CHW,SEA,-103.0,-115.0,0.5074,0.5349,0.4868,1.0,5.0
2022-04-14,COL,CHC,-133.0,112.0,0.5708,0.4717,0.5475,2.0,5.0
2022-04-14,KCR,DET,-137.0,116.0,0.5781,0.463,0.5553,2.0,4.0
2022-04-14,LAD,CIN,-288.0,232.0,0.7423,0.3012,0.7113,9.0,3.0
2022-04-14,MIA,PHI,-119.0,-101.0,0.5434,0.5025,0.5195,4.0,3.0
2022-04-14,MIL,STL,-147.0,125.0,0.5951,0.4444,0.5725,5.0,1.0
2022-04-14,NYY,TOR,-142.0,120.0,0.5868,0.4545,0.5635,3.0,0.0
2022-04-14,PIT,WSN,-130.0,110.0,0.5652,0.4762,0.5427,9.0,4.0
2022-04-14,SDP,ATL,-109.0,-108.0,0.5215,0.5192,0.5011,12.0,1.0
2022-04-14,TBR,ATH,-230.0,189.0,0.697,0.346,0.6682,3.0,6.0
2022-04-14,TEX,LAA,128.0,-150.0,0.4386,0.6,0.4223,10.0,5.0
2022-04-15,BAL,NYY,178.0,-215.0,0.3597,0.6825,0.3451,,
2022-04-15,BOS,MIN,-126.0,107.0,0.5575,0.4831,0.5358,4.0,8.0
2022-04-15,CHW,TBR,-135.0,115.0,0.5745,0.4651,0.5526,3.0,2.0
2022-04-15,CLE,SFG,135.0,-155.0,0.4255,0.6078,0.4118,1.0,4.0
2022-04-15,COL,CHC,-125.0,105.0,0.5556,0.4878,0.5325,6.0,5.0
2022-04-15,KCR,DET,-132.0,111.0,0.569,0.4739,0.5456,1.0,2.0
2022-04-15,LAD,CIN,-295.0,240.0,0.7468,0.2941,0.7175,3.0,1.0
2022-04-15,MIA,PHI,-131.0,112.0,0.5671,0.4717,0.5459,7.0,1.0
2022-04-15,MIL,STL,-165.0,140.0,0.6226,0.4167,0.5991,1.0,10.0
2022-04-15,NYM,ARI,-245.0,205.0,0.7101,0.3279,0.6841,10.0,3.0
2022-04-15,PIT,WSN,-120.0,100.0,0.5455,0.5,0.5217,2.0,7.0
2022-04-15,SDP,ATL,-109.0,-107.0,0.5215,0.5169,0.5022,2.0,5.0
2022-04-15,SEA,HOU,-103.0,-115.0,0.5074,0.5349,0.4868,11.0,1.0
2022-04-15,TEX,LAA,101.0,-118.0,0.4975,0.5413,0.4789,6.0,9.0
2022-04-15,TOR,ATH,-202.0,170.0,0.6689,0.3704,0.6436,4.0,1.0
2022-04-16,BAL,NYY,155.0,-185.0,0.3922,0.6491,0.3766,2.0,5.0
2022-04-16,BOS,MIN,-145.0,122.0,0.5918,0.4505,0.5678,4.0,0.0
2022-04-16,CHW,TBR,-131.0,112.0,0.5671,0.4717,0.5459,3.0,2.0
2022-04-16,CLE,SFG,-109.0,-107.0,0.5215,0.5169,0.5022,2.0,4.0
2022-04-16,COL,CHC,-115.0,-105.0,0.5349,0.5122,0.5108,9.0,6.0
2022-04-16,KCR,DET,-157.0,135.0,0.6109,0.4255,0.5894,3.0,1.0
2022-04-16,LAD,CIN,-227.0,182.0,0.6942,0.3546,0.6619,5.0,2.0
2022-04-16,MIA,PHI,-142.0,120.0,0.5868,0.4545,0.5635,3.0,10.0
2022-04-16,MIL,STL,-117.0,100.0,0.5392,0.5,0.5188,1.0,2.0
2022-04-16,NYM,ARI,-175.0,145.0,0.6364,0.4082,0.6092,2.0,3.0
2022-04-16,PIT,WSN,-115.0,-104.0,0.5349,0.5098,0.512,6.0,4.0
2022-04-16,SDP,ATL,-111.0,-106.0,0.5261,0.5146,0.5055,2.0,5.0
2022-04-16,SEA,HOU,125.0,-145.0,0.4444,0.5918,0.4289,0.0,4.0
2022-04-16,TEX,LAA,107.0,-127.0,0.4831,0.5595,0.4634,2.0,7.0
2022-04-16,TOR,ATH,-211.0,175.0,0.6785,0.3636,0.6511,5.0,7.0
2022-04-17,BAL,NYY,164.0,-197.0,0.3788,0.6633,0.3635,5.0,0.0
2022-04-17,BOS,MIN,-125.0,105.0,0.5556,0.4878,0.5325,8.0,1.0
2022-04-17,CHW,TBR,-115.0,-104.0,0.5349,0.5098,0.512,3.0,9.0
2022-04-17,CLE,SFG,106.0,-125.0,0.4854,0.5556,0.4663,1.0,8.0
2022-04-17,COL,CHC,-129.0,111.0,0.5633,0.4739,0.5431,4.0,6.0
2022-04-17,LAD,CIN,-216.0,180.0,0.6835,0.3571,0.6568,9.0,1.0
2022-04-17,MIA,PHI,125.0,-147.0,0.4444,0.5951,0.4275,11.0,3.0
2022-04-17,MIL,STL,-139.0,118.0,0.5816,0.4587,0.5591,6.0,5.0
2022-04-17,NYM,ARI,-200.0,165.0,0.6667,0.3774,0.6386,5.0,0.0
2022-04-17,PIT,WSN,105.0,-120.0,0.4878,0.5455,0.4721,5.0,3.0
2022-04-17,SDP,ATL,-130.0,110.0,0.5652,0.4762,0.5427,2.0,1.0
2022-04-17,SEA,HOU,-106.0,-113.0,0.5146,0.5305,0.4924,7.0,2.0
2022-04-17,TEX,LAA,-107.0,-109.0,0.5169,0.5215,0.4978,3.0,8.0
2022-04-17,TOR,ATH,-275.0,222.0,0.7333,0.3106,0.7025,4.0,3.0
2022-04-18,BOS,MIN,-142.0,122.0,0.5868,0.4505,0.5657,3.0,8.0
2022-04-18,CHC,TBR,125.0,-145.0,0.4444,0.5918,0.4289,4.0,2.0
2022-04-18,COL,PHI,140.0,-165.0,0.4167,0.6226,0.4009,4.0,1.0
2022-04-18,HOU,LAA,-145.0,124.0,0.5918,0.4464,0.57,8.0,3.0
2022-04-18,LAD,ATL,-226.0,186.0,0.6933,0.3497,0.6647,7.0,4.0
2022-04-18,MIL,PIT,-182.0,155.0,0.6454,0.3922,0.622,6.0,1.0
2022-04-18,ATH,BAL,-198.0,163.0,0.6644,0.3802,0.636,5.0,1.0
2022-04-18,SDP,CIN,-200.0,165.0,0.6667,0.3774,0.6386,4.0,1.0
2022-04-19,BOS,TOR,-140.0,120.0,0.5833,0.4545,0.562,2.0,1.0
2022-04-19,CHC,TBR,111.0,-132.0,0.4739,0.569,0.4544,5.0,6.0
2022-04-19,COL,PHI,120.0,-140.0,0.4545,0.5833,0.438,6.0,5.0
2022-04-19,DET,NYY,187.0,-231.0,0.3484,0.6979,0.333,2.0,4.0
2022-04-19,HOU,LAA,-175.0,145.0,0.6364,0.4082,0.6092,2.0,7.0
2022-04-19,KCR,MIN,106.0,-129.0,0.4854,0.5633,0.4629,4.0,3.0
2022-04-19,LAD,ATL,-166.0,140.0,0.6241,0.4167,0.5996,1.0,3.0
2022-04-19,MIA,STL,-105.0,-113.0,0.5122,0.5305,0.4912,1.0,5.0
2022-04-19,MIL,PIT,-276.0,220.0,0.734,0.3125,0.7014,5.0,2.0
2022-04-19,NYM,SFG,-125.0,105.0,0.5556,0.4878,0.5325,5.0,4.0
2022-04-19,ATH,BAL,-125.0,110.0,0.5556,0.4762,0.5385,2.0,1.0
2022-04-19,SDP,CIN,-228.0,187.0,0.6951,0.3484,0.6661,6.0,2.0
2022-04-19,SEA,TEX,-142.0,122.0,0.5868,0.4505,0.5657,6.0,2.0
2022-04-19,WSN,ARI,-150.0,130.0,0.6,0.4348,0.5798,6.0,1.0
2022-04-20,BOS,TOR,105.0,-126.0,0.4878,0.5575,0.4667,1.0,6.0
2022-04-20,CHC,TBR,-109.0,-110.0,0.5215,0.5238,0.4989,2.0,8.0
2022-04-20,CLE,CHW,-157.0,132.0,0.6109,0.431,0.5863,11.0,1.0
2022-04-20,COL,PHI,-104.0,-114.0,0.5098,0.5327,0.489,6.0,9.0
2022-04-20,DET,NYY,145.0,-170.0,0.4082,0.6296,0.3933,3.0,5.0
2022-04-20,HOU,LAA,101.0,-120.0,0.4975,0.5455,0.477,0.0,6.0
2022-04-20,KCR,MIN,110.0,-129.0,0.4762,0.5633,0.4581,2.0,0.0
2022-04-20,LAD,ATL,-134.0,115.0,0.5726,0.4651,0.5518,5.0,1.0
2022-04-20,MIA,STL,-143.0,123.0,0.5885,0.4484,0.5675,0.0,2.0
2022-04-20,MIL,PIT,-250.0,210.0,0.7143,0.3226,0.6889,4.0,2.0
2022-04-20,NYM,SFG,104.0,-123.0,0.4902,0.5516,0.4705,2.0,5.0
2022-04-20,ATH,BAL,-127.0,110.0,0.5595,0.4762,0.5402,0.0,1.0
2022-04-20,SDP,CIN,-195.0,163.0,0.661,0.3802,0.6348,6.0,0.0
2022-04-20,SEA,TEX,-159.0,135.0,0.6139,0.4255,0.5906,4.0,2.0
2022-04-20,WSN,ARI,-120.0,-101.0,0.5455,0.5025,0.5205,2.0,11.0
2022-04-21,BOS,TOR,-102.0,-115.0,0.505,0.5349,0.4856,2.0,3.0
2022-04-21,CHC,PIT,-169.0,145.0,0.6283,0.4082,0.6062,3.0,4.0
2022-04-21,CLE,CHW,125.0,-148.0,0.4444,0.5968,0.4269,6.0,3.0
2022-04-21,DET,NYY,145.0,-175.0,0.4082,0.6364,0.3908,3.0,0.0
2022-04-21,KCR,MIN,125.0,-145.0,0.4444,0.5918,0.4289,0.0,1.0
2022-04-21,MIA,STL,-134.0,114.0,0.5726,0.4673,0.5507,5.0,0.0
2022-04-21,NYM,SFG,-135.0,115.0,0.5745,0.4651,0.5526,6.0,2.0
2022-04-21,ATH,BAL,-133.0,113.0,0.5708,0.4695,0.5487,6.0,4.0
2022-04-21,SEA,TEX,-130.0,111.0,0.5652,0.4739,0.5439,6.0,8.0
2022-04-21,WSN,ARI,-133.0,114.0,0.5708,0.4673,0.5499,3.0,4.0
2022-04-22,ARI,NYM,106.0,-127.0,0.4854,0.5595,0.4646,5.0,6.0
2022-04-22,ATL,MIA,-144.0,125.0,0.5902,0.4444,0.5704,3.0,0.0
2022-04-22,CHC,PIT,-177.0,147.0,0.639,0.4049,0.6121,2.0,4.0
2022-04-22,CIN,STL,105.0,-125.0,0.4878,0.5556,0.4675,2.0,4.0
2022-04-22,HOU,TOR,-177.0,150.0,0.639,0.4,0.615,3.0,4.0
2022-04-22,LAA,BAL,-180.0,155.0,0.6429,0.3922,0.6211,3.0,5.0
2022-04-22,MIN,CHW,-104.0,-115.0,0.5098,0.5349,0.488,2.0,1.0
2022-04-22,NYY,CLE,-175.0,150.0,0.6364,0.4,0.614,4.0,1.0
2022-04-22,ATH,TEX,125.0,-143.0,0.4444,0.5885,0.4303,1.0,8.0
2022-04-22,PHI,MIL,-125.0,105.0,0.5556,0.4878,0.5325,4.0,2.0
2022-04-22,SDP,LAD,140.0,-165.0,0.4167,0.6226,0.4009,1.0,6.0
2022-04-22,SEA,KCR,-130.0,110.0,0.5652,0.4762,0.5427,4.0,1.0
2022-04-22,TBR,BOS,-155.0,131.0,0.6078,0.4329,0.584,3.0,4.0
2022-04-22,WSN,SFG,116.0,-136.0,0.463,0.5763,0.4455,1.0,7.0
2022-04-23,ARI,NYM,140.0,-166.0,0.4167,0.6241,0.4004,5.0,2.0
2022-04-23,ATL,MIA,-161.0,136.0,0.6169,0.4237,0.5928,7.0,9.0
2022-04-23,CHC,PIT,-176.0,150.0,0.6377,0.4,0.6145,21.0,0.0
2022-04-23,CIN,STL,-118.0,102.0,0.5413,0.495,0.5223,0.0,5.0
2022-04-23,DET,COL,-147.0,125.0,0.5951,0.4444,0.5725,13.0,0.0
2022-04-23,HOU,TOR,110.0,-130.0,0.4762,0.5652,0.4573,2.0,3.0
2022-04-23,LAA,BAL,-278.0,230.0,0.7354,0.303,0.7082,4.0,5.0
2022-04-23,MIN,CHW,-149.0,128.0,0.5984,0.4386,0.577,9.0,2.0
2022-04-23,NYY,CLE,-202.0,167.0,0.6689,0.3745,0.641,5.0,4.0
2022-04-23,ATH,TEX,-145.0,124.0,0.5918,0.4464,0.57,0.0,2.0
2022-04-23,PHI,MIL,-148.0,126.0,0.5968,0.4425,0.5742,3.0,5.0
2022-04-23,SDP,LAD,117.0,-137.0,0.4608,0.5781,0.4436,3.0,2.0
2022-04-23,SEA,KCR,-181.0,152.0,0.6441,0.3968,0.6188,13.0,7.0
2022-04-23,TBR,BOS,-144.0,124.0,0.5902,0.4464,0.5693,3.0,2.0
2022-04-23,WSN,SFG,149.0,-175.0,0.4016,0.6364,0.3869,2.0,5.0
2022-04-24,ARI,NYM,152.0,-181.0,0.3968,0.6441,0.3812,2.0,6.0
2022-04-24,ATL,MIA,-127.0,108.0,0.5595,0.4808,0.5378,4.0,5.0
2022-04-24,CHC,PIT,-152.0,130.0,0.6032,0.4348,0.5811,3.0,4.0
2022-04-24,CIN,STL,131.0,-155.0,0.4329,0.6078,0.416,4.0,1.0
2022-04-24,DET,COL,-133.0,114.0,0.5708,0.4673,0.5499,2.0,6.0
2022-04-24,HOU,TOR,-133.0,110.0,0.5708,0.4762,0.5452,8.0,7.0
2022-04-24,LAA,BAL,-212.0,178.0,0.6795,0.3597,0.6539,7.0,6.0
2022-04-24,MIN,CHW,-105.0,-116.0,0.5122,0.537,0.4882,6.0,4.0
2022-04-24,NYY,CLE,-215.0,177.0,0.6825,0.361,0.6541,10.0,2.0
2022-04-24,ATH,TEX,102.0,-121.0,0.495,0.5475,0.4748,2.0,0.0
2022-04-24,PHI,MIL,-143.0,125.0,0.5885,0.4444,0.5697,0.0,1.0
2022-04-24,SDP,LAD,144.0,-167.0,0.4098,0.6255,0.3959,2.0,10.0
2022-04-24,SEA,KCR,-211.0,175.0,0.6785,0.3636,0.6511,5.0,4.0
2022-04-24,TBR,BOS,-181.0,155.0,0.6441,0.3922,0.6216,5.0,2.0
2022-04-24,WSN,SFG,163.0,-192.0,0.3802,0.6575,0.3664,3.0,12.0
2022-04-25,ARI,LAD,161.0,-192.0,0.3831,0.6575,0.3682,0.0,4.0
2022-04-25,LAA,CLE,-132.0,111.0,0.569,0.4739,0.5456,3.0,0.0
2022-04-25,MIL,SFG,-200.0,164.0,0.6667,0.3788,0.6377,2.0,4.0
2022-04-25,PHI,COL,-188.0,160.0,0.6528,0.3846,0.6292,8.0,2.0
2022-04-25,STL,NYM,135.0,-160.0,0.4255,0.6154,0.4088,2.0,5.0
2022-04-25,TEX,HOU,112.0,-132.0,0.4717,0.569,0.4533,6.0,2.0
2022-04-25,TOR,BOS,-130.0,110.0,0.5652,0.4762,0.5427,6.0,2.0
2022-04-26,ARI,LAD,177.0,-215.0,0.361,0.6825,0.3459,5.0,3.0
2022-04-26,ATL,CHC,-182.0,152.0,0.6454,0.3968,0.6192,3.0,1.0
2022-04-26,CHW,KCR,-164.0,137.0,0.6212,0.4219,0.5955,0.0,6.0
2022-04-26,CIN,SDP,145.0,-175.0,0.4082,0.6364,0.3908,6.0,9.0
2022-04-26,LAA,CLE,-162.0,138.0,0.6183,0.4202,0.5954,4.0,1.0
2022-04-26,MIN,DET,-147.0,127.0,0.5951,0.4405,0.5746,5.0,4.0
2022-04-26,NYY,BAL,-290.0,230.0,0.7436,0.303,0.7105,12.0,8.0
2022-04-26,PHI,COL,-163.0,141.0,0.6198,0.4149,0.599,10.0,3.0
2022-04-26,PIT,MIL,150.0,-175.0,0.4,0.6364,0.386,8.0,12.0
2022-04-26,SFG,ATH,-269.0,217.0,0.729,0.3155,0.698,8.0,2.0
2022-04-26,STL,NYM,101.0,-126.0,0.4975,0.5575,0.4716,0.0,3.0
2022-04-26,TBR,SEA,-132.0,112.0,0.569,0.4717,0.5467,4.0,8.0
2022-04-26,TEX,HOU,-104.0,-114.0,0.5098,0.5327,0.489,1.0,5.0
2022-04-26,TOR,BOS,-210.0,166.0,0.6774,0.3759,0.6431,6.0,5.0
2022-04-26,WSN,MIA,114.0,-134.0,0.4673,0.5726,0.4493,2.0,5.0
2022-04-27,ARI,LAD,155.0,-189.0,0.3922,0.654,0.3749,3.0,1.0
2022-04-27,ATL,CHC,-200.0,170.0,0.6667,0.3704,0.6429,3.0,6.0
2022-04-27,CHW,KCR,-200.0,160.0,0.6667,0.3846,0.6341,7.0,3.0
2022-04-27,CIN,SDP,147.0,-174.0,0.4049,0.635,0.3893,5.0,8.0
2022-04-27,LAA,CLE,-230.0,190.0,0.697,0.3448,0.669,9.0,5.0
2022-04-27,MIN,DET,-200.0,170.0,0.6667,0.3704,0.6429,5.0,0.0
2022-04-27,NYY,BAL,-265.0,215.0,0.726,0.3175,0.6958,5.0,2.0
2022-04-27,PHI,COL,-215.0,180.0,0.6825,0.3571,0.6565,7.0,3.0
2022-04-27,PIT,MIL,150.0,-180.0,0.4,0.6429,0.3836,1.0,3.0
2022-04-27,SFG,ATH,-162.0,138.0,0.6183,0.4202,0.5954,0.0,1.0
2022-04-27,STL,NYM,-100.0,-120.0,0.5,0.5455,0.4783,10.0,5.0
2022-04-27,TBR,SEA,-149.0,125.0,0.5984,0.4444,0.5738,3.0,2.0
2022-04-27,TEX,HOU,-110.0,-115.0,0.5238,0.5349,0.4948,3.0,4.0
2022-04-27,TOR,BOS,-122.0,104.0,0.5495,0.4902,0.5285,1.0,7.0
2022-04-27,WSN,MIA,123.0,-143.0,0.4484,0.5885,0.4325,1.0,2.0
2022-04-28,ATL,CHC,-222.0,185.0,0.6894,0.3509,0.6627,5.0,1.0
2022-04-28,CHW,KCR,-170.0,145.0,0.6296,0.4082,0.6067,2.0,5.0
2022-04-28,CIN,SDP,-110.0,108.0,0.5238,0.4808,0.5214,5.0,7.0
2022-04-28,LAA,CLE,-152.0,128.0,0.6032,0.4386,0.579,4.0,1.0
2022-04-28,MIN,DET,-141.0,120.0,0.5851,0.4545,0.5628,7.0,1.0
2022-04-28,NYY,BAL,-240.0,195.0,0.7059,0.339,0.6756,10.0,5.0
2022-04-28,PHI,COL,-227.0,191.0,0.6942,0.3436,0.6689,7.0,1.0
2022-04-28,PIT,MIL,136.0,-162.0,0.4237,0.6183,0.4066,2.0,3.0
2022-04-28,STL,ARI,-181.0,153.0,0.6441,0.3953,0.6197,8.0,3.0
2022-04-28,TBR,SEA,-162.0,136.0,0.6183,0.4237,0.5934,2.0,1.0
2022-04-28,TEX,HOU,145.0,-175.0,0.4082,0.6364,0.3908,2.0,3.0
2022-04-28,TOR,BOS,-143.0,123.0,0.5885,0.4484,0.5675,1.0,0.0
2022-04-28,WSN,MIA,124.0,-146.0,0.4464,0.5935,0.4293,2.0,3.0
2022-04-29,BAL,BOS,112.0,-130.0,0.4717,0.5652,0.4549,1.0,3.0
2022-04-29,CHW,LAA,-152.0,130.0,0.6032,0.4348,0.5811,1.0,5.0
2022-04-29,COL,CIN,-119.0,-101.0,0.5434,0.5025,0.5195,10.0,4.0
2022-04-29,KCR,NYY,175.0,-205.0,0.3636,0.6721,0.3511,2.0,12.0
2022-04-29,LAD,DET,-263.0,210.0,0.7245,0.3226,0.6919,5.0,1.0
2022-04-29,MIA,SEA,-110.0,-109.0,0.5238,0.5215,0.5011,8.0,6.0
2022-04-29,MIL,CHC,-147.0,125.0,0.5951,0.4444,0.5725,11.0,1.0
2022-04-29,NYM,PHI,-125.0,107.0,0.5556,0.4831,0.5349,3.0,0.0
2022-04-29,ATH,CLE,-161.0,135.0,0.6169,0.4255,0.5918,8.0,9.0
2022-04-29,PIT,SDP,150.0,-177.0,0.4,0.639,0.385,3.0,7.0
2022-04-29,SFG,WSN,-230.0,190.0,0.697,0.3448,0.669,4.0,14.0
2022-04-29,STL,ARI,-200.0,169.0,0.6667,0.3717,0.642,2.0,6.0
2022-04-29,TBR,MIN,-136.0,116.0,0.5763,0.463,0.5545,6.0,1.0
2022-04-29,TEX,ATL,110.0,-130.0,0.4762,0.5652,0.4573,3.0,6.0
2022-04-29,TOR,HOU,-129.0,110.0,0.5633,0.4762,0.5419,7.0,11.0
2022-04-30,BAL,BOS,160.0,-190.0,0.3846,0.6552,0.3699,2.0,1.0
2022-04-30,CHW,LAA,-120.0,100.0,0.5455,0.5,0.5217,4.0,0.0
2022-04-30,COL,CIN,-139.0,120.0,0.5816,0.4545,0.5613,,
2022-04-30,KCR,NYY,205.0,-250.0,0.3279,0.7143,0.3146,0.0,3.0
2022-04-30,LAD,DET,-385.0,295.0,0.7938,0.2532,0.7582,1.0,5.0
2022-04-30,MIA,SEA,-117.0,-102.0,0.5392,0.505,0.5164,3.0,1.0
2022-04-30,MIL,CHC,-165.0,142.0,0.6226,0.4132,0.6011,9.0,1.0
2022-04-30,NYM,PHI,-130.0,110.0,0.5652,0.4762,0.5427,1.0,4.0
2022-04-30,ATH,CLE,133.0,-155.0,0.4292,0.6078,0.4139,1.0,3.0
2022-04-30,PIT,SDP,140.0,-166.0,0.4167,0.6241,0.4004,7.0,6.0
2022-04-30,SFG,WSN,-235.0,195.0,0.7015,0.339,0.6742,9.0,3.0
2022-04-30,STL,ARI,-166.0,140.0,0.6241,0.4167,0.5996,0.0,2.0
2022-04-30,TBR,MIN,-215.0,180.0,0.6825,0.3571,0.6565,1.0,9.0
2022-04-30,TEX,ATL,-100.0,-118.0,0.5,0.5413,0.4802,3.0,1.0
2022-04-30,TOR,HOU,-159.0,138.0,0.6139,0.4202,0.5937,2.0,1.0
2022-05-01,BAL,BOS,120.0,-141.0,0.4545,0.5851,0.4372,9.0,5.0
2022-05-01,CHW,LAA,105.0,-121.0,0.4878,0.5475,0.4712,5.0,6.0
2022-05-01,COL,CIN,-162.0,136.0,0.6183,0.4237,0.5934,10.0,1.0
2022-05-01,KCR,NYY,175.0,-213.0,0.3636,0.6805,0.3483,4.0,6.0
2022-05-01,LAD,DET,-275.0,220.0,0.7333,0.3125,0.7012,6.0,3.0
2022-05-01,MIA,SEA,-133.0,115.0,0.5708,0.4651,0.551,3.0,7.0
2022-05-01,MIL,CHC,-235.0,195.0,0.7015,0.339,0.6742,0.0,2.0
2022-05-01,NYM,PHI,-195.0,164.0,0.661,0.3788,0.6357,10.0,6.0
2022-05-01,ATH,CLE,108.0,-124.0,0.4808,0.5536,0.4648,3.0,7.0
2022-05-01,PIT,SDP,160.0,-190.0,0.3846,0.6552,0.3699,2.0,5.0
2022-05-01,SFG,WSN,-183.0,156.0,0.6466,0.3906,0.6234,5.0,11.0
2022-05-01,STL,ARI,-198.0,167.0,0.6644,0.3745,0.6395,7.0,5.0
2022-05-01,TBR,MIN,-130.0,110.0,0.5652,0.4762,0.5427,3.0,9.0
2022-05-01,TEX,ATL,126.0,-149.0,0.4425,0.5984,0.4251,7.0,3.0
2022-05-01,TOR,HOU,-169.0,148.0,0.6283,0.4032,0.6091,3.0,2.0
2022-05-02,BAL,MIN,130.0,-150.0,0.4348,0.6,0.4202,1.0,2.0
2022-05-02,CHW,LAA,-150.0,130.0,0.6,0.4348,0.5798,3.0,0.0
2022-05-02,HOU,SEA,-140.0,120.0,0.5833,0.4545,0.562,3.0,0.0
2022-05-02,MIA,ARI,-174.0,145.0,0.635,0.4082,0.6087,4.0,5.0
2022-05-02,NYM,ATL,-110.0,-109.0,0.5238,0.5215,0.5011,2.0,5.0
2022-05-02,ATH,TBR,140.0,-165.0,0.4167,0.6226,0.4009,1.0,6.0
2022-05-02,STL,KCR,-166.0,140.0,0.6241,0.4167,0.5996,1.0,0.0
2022-05-02,TOR,NYY,100.0,-120.0,0.5,0.5455,0.4783,2.0,3.0
2022-05-03,BAL,MIN,144.0,-168.0,0.4098,0.6269,0.3953,2.0,7.0
2022-05-03,BOS,LAA,110.0,-132.0,0.4762,0.569,0.4556,4.0,0.0
2022-05-03,CHC,CHW,115.0,-135.0,0.4651,0.5745,0.4474,1.0,3.0
2022-05-03,COL,WSN,-150.0,128.0,0.6,0.4386,0.5777,2.0,10.0
2022-05-03,HOU,SEA,-158.0,135.0,0.6124,0.4255,0.59,4.0,0.0
2022-05-03,KCR,STL,-109.0,-109.0,0.5215,0.5215,0.5,7.0,1.0
2022-05-03,LAD,SFG,-143.0,120.0,0.5885,0.4545,0.5642,3.0,1.0
2022-05-03,MIA,ARI,-195.0,164.0,0.661,0.3788,0.6357,4.0,5.0
2022-05-03,MIL,CIN,-242.0,197.0,0.7076,0.3367,0.6776,6.0,3.0
2022-05-03,NYM,ATL,-105.0,-113.0,0.5122,0.5305,0.4912,5.0,4.0
2022-05-03,ATH,TBR,109.0,-128.0,0.4785,0.5614,0.4601,7.0,10.0
2022-05-03,PHI,TEX,-144.0,124.0,0.5902,0.4464,0.5693,4.0,6.0
2022-05-03,TOR,NYY,-139.0,117.0,0.5816,0.4608,0.5579,1.0,9.0
2022-05-04,BAL,MIN,121.0,-141.0,0.4525,0.5851,0.4361,9.0,4.0
2022-05-04,BOS,LAA,-144.0,122.0,0.5902,0.4505,0.5671,5.0,10.0
2022-05-04,CHC,CHW,125.0,-143.0,0.4444,0.5885,0.4303,3.0,4.0
2022-05-04,CLE,SDP,112.0,-133.0,0.4717,0.5708,0.4525,4.0,5.0
2022-05-04,COL,WSN,-155.0,133.0,0.6078,0.4292,0.5861,5.0,2.0
2022-05-04,DET,PIT,-159.0,136.0,0.6139,0.4237,0.5916,3.0,2.0
2022-05-04,HOU,SEA,-235.0,192.0,0.7015,0.3425,0.672,7.0,2.0
2022-05-04,KCR,STL,123.0,-143.0,0.4484,0.5885,0.4325,0.0,10.0
2022-05-04,LAD,SFG,-177.0,150.0,0.639,0.4,0.615,9.0,1.0
2022-05-04,MIA,ARI,-175.0,147.0,0.6364,0.4049,0.6112,7.0,8.0
2022-05-04,MIL,CIN,-322.0,260.0,0.763,0.2778,0.7331,18.0,4.0
2022-05-04,NYM,ATL,-139.0,118.0,0.5816,0.4587,0.5591,2.0,9.0
2022-05-04,ATH,TBR,110.0,-129.0,0.4762,0.5633,0.4581,0.0,3.0
2022-05-04,PHI,TEX,-194.0,161.0,0.6599,0.3831,0.6327,1.0,2.0
2022-05-04,TOR,NYY,135.0,-160.0,0.4255,0.6154,0.4088,2.0,1.0
2022-05-05,BAL,MIN,132.0,-156.0,0.431,0.6094,0.4143,5.0,3.0
2022-05-05,BOS,LAA,112.0,-131.0,0.4717,0.5671,0.4541,0.0,8.0
2022-05-05,CLE,TOR,132.0,-152.0,0.431,0.6032,0.4168,6.0,5.0
2022-05-05,COL,WSN,-146.0,126.0,0.5935,0.4425,0.5729,9.0,7.0
2022-05-05,HOU,DET,-163.0,139.0,0.6198,0.4184,0.597,3.0,2.0
2022-05-05,MIL,CIN,-240.0,200.0,0.7059,0.3333,0.6792,10.0,5.0
2022-05-05,PHI,NYM,-155.0,131.0,0.6078,0.4329,0.584,7.0,8.0
2022-05-05,SDP,MIA,100.0,-120.0,0.5,0.5455,0.4783,2.0,1.0
2022-05-05,SEA,TBR,117.0,-137.0,0.4608,0.5781,0.4436,3.0,4.0
2022-05-05,SFG,STL,-115.0,-103.0,0.5349,0.5074,0.5132,1.0,7.0
2022-05-06,ARI,COL,-152.0,130.0,0.6032,0.4348,0.5811,4.0,1.0
2022-05-06,ATL,MIL,-108.0,-110.0,0.5192,0.5238,0.4978,,
2022-05-06,BOS,CHW,-175.0,145.0,0.6364,0.4082,0.6092,2.0,4.0
2022-05-06,HOU,DET,-240.0,198.0,0.7059,0.3356,0.6778,3.0,2.0
2022-05-06,LAA,WSN,-190.0,160.0,0.6552,0.3846,0.6301,3.0,0.0
2022-05-06,MIN,ATH,-190.0,160.0,0.6552,0.3846,0.6301,2.0,1.0
2022-05-06,SDP,MIA,-133.0,113.0,0.5708,0.4695,0.5487,3.0,2.0
2022-05-06,SEA,TBR,-130.0,110.0,0.5652,0.4762,0.5427,7.0,8.0
2022-05-06,SFG,STL,-140.0,120.0,0.5833,0.4545,0.562,2.0,3.0
2022-05-07,ARI,COL,-125.0,106.0,0.5556,0.4854,0.5337,1.0,4.0
2022-05-07,ATL,MIL,-110.0,-109.0,0.5238,0.5215,0.5011,3.0,2.0
2022-05-07,BOS,CHW,117.0,-137.0,0.4608,0.5781,0.4436,1.0,3.0
2022-05-07,CHC,LAD,197.0,-236.0,0.3367,0.7024,0.324,0.0,7.0
2022-05-07,CIN,PIT,105.0,-120.0,0.4878,0.5455,0.4721,9.0,2.0
2022-05-07,CLE,TOR,125.0,-147.0,0.4444,0.5951,0.4275,,
2022-05-07,HOU,DET,-199.0,164.0,0.6656,0.3788,0.6373,3.0,2.0
2022-05-07,LAA,WSN,-161.0,137.0,0.6169,0.4219,0.5938,,
2022-05-07,MIN,ATH,-221.0,184.0,0.6885,0.3521,0.6616,1.0,0.0
2022-05-07,SDP,MIA,-120.0,100.0,0.5455,0.5,0.5217,0.0,8.0
2022-05-07,SEA,TBR,115.0,-137.0,0.4651,0.5781,0.4459,2.0,8.0
2022-05-07,SFG,STL,-134.0,113.0,0.5726,0.4695,0.5495,13.0,7.0
2022-05-08,ARI,COL,-156.0,135.0,0.6094,0.4255,0.5888,4.0,0.0
2022-05-08,ATL,MIL,-144.0,123.0,0.5902,0.4484,0.5682,9.0,2.0
2022-05-08,BAL,KCR,-104.0,-116.0,0.5098,0.537,0.487,4.0,6.0
2022-05-08,BOS,CHW,-172.0,148.0,0.6324,0.4032,0.6106,2.0,3.0
2022-05-08,CHC,LAD,189.0,-227.0,0.346,0.6942,0.3326,1.0,7.0
2022-05-08,CIN,PIT,-138.0,119.0,0.5798,0.4566,0.5594,7.0,3.0
2022-05-08,CLE,TOR,170.0,-202.0,0.3704,0.6689,0.3564,4.0,3.0
2022-05-08,HOU,DET,-186.0,157.0,0.6503,0.3891,0.6257,5.0,0.0
2022-05-08,LAA,WSN,-210.0,175.0,0.6774,0.3636,0.6507,5.0,4.0
2022-05-08,MIN,ATH,-161.0,135.0,0.6169,0.4255,0.5918,4.0,3.0
2022-05-08,NYY,TEX,-242.0,200.0,0.7076,0.3333,0.6798,2.0,1.0
2022-05-08,PHI,NYM,135.0,-159.0,0.4255,0.6139,0.4094,3.0,2.0
2022-05-08,SDP,MIA,-159.0,135.0,0.6139,0.4255,0.5906,3.0,2.0
2022-05-08,SEA,TBR,-115.0,-104.0,0.5349,0.5098,0.512,2.0,1.0
2022-05-08,SFG,STL,-136.0,116.0,0.5763,0.463,0.5545,4.0,3.0
2022-05-09,ARI,MIA,-110.0,-110.0,0.5238,0.5238,0.5,4.0,3.0
2022-05-09,BAL,KCR,-147.0,124.0,0.5951,0.4464,0.5714,6.0,1.0
2022-05-09,CHW,CLE,-199.0,165.0,0.6656,0.3774,0.6382,9.0,12.0
2022-05-09,CIN,MIL,157.0,-180.0,0.3891,0.6429,0.3771,10.0,5.0
2022-05-09,DET,ATH,-124.0,105.0,0.5536,0.4878,0.5316,0.0,2.0
2022-05-09,LAA,TBR,-124.0,106.0,0.5536,0.4854,0.5328,11.0,3.0
2022-05-09,NYY,TEX,-220.0,184.0,0.6875,0.3521,0.6613,1.0,0.0
2022-05-09,PIT,LAD,195.0,-239.0,0.339,0.705,0.3247,5.0,1.0
2022-05-09,SDP,CHC,-175.0,145.0,0.6364,0.4082,0.6092,0.0,6.0
2022-05-09,SEA,PHI,-110.0,-108.0,0.5238,0.5192,0.5022,0.0,9.0
2022-05-09,SFG,COL,-250.0,202.0,0.7143,0.3311,0.6833,8.0,5.0
2022-05-10,ARI,MIA,112.0,-131.0,0.4717,0.5671,0.4541,9.0,3.0
2022-05-10,ATL,BOS,-143.0,125.0,0.5885,0.4444,0.5697,4.0,9.0
2022-05-10,CHW,CLE,-197.0,164.0,0.6633,0.3788,0.6365,4.0,1.0
2022-05-10,CIN,MIL,175.0,-210.0,0.3636,0.6774,0.3493,4.0,5.0
2022-05-10,DET,ATH,-152.0,130.0,0.6032,0.4348,0.5811,1.0,4.0
2022-05-10,LAA,TBR,-107.0,-110.0,0.5169,0.5238,0.4967,12.0,0.0
2022-05-10,MIN,HOU,128.0,-149.0,0.4386,0.5984,0.423,0.0,5.0
2022-05-10,NYY,TOR,-175.0,148.0,0.6364,0.4032,0.6121,6.0,5.0
2022-05-10,ATH,DET,-112.0,-106.0,0.5283,0.5146,0.5066,0.0,6.0
2022-05-10,PIT,LAD,195.0,-232.0,0.339,0.6988,0.3266,1.0,11.0
2022-05-10,SDP,CHC,-177.0,150.0,0.639,0.4,0.615,5.0,4.0
2022-05-10,SEA,PHI,112.0,-131.0,0.4717,0.5671,0.4541,5.0,4.0
2022-05-10,SFG,COL,-212.0,180.0,0.6795,0.3571,0.6555,9.0,2.0
2022-05-10,STL,BAL,-166.0,141.0,0.6241,0.4149,0.6006,3.0,5.0
2022-05-10,TEX,KCR,-135.0,115.0,0.5745,0.4651,0.5526,6.0,4.0
2022-05-10,WSN,NYM,140.0,-162.0,0.4167,0.6183,0.4026,2.0,4.0
2022-05-11,ARI,MIA,-104.0,-113.0,0.5098,0.5305,0.49,3.0,11.0
2022-05-11,ATL,BOS,-115.0,-101.0,0.5349,0.5025,0.5156,5.0,3.0
2022-05-11,CIN,MIL,170.0,-200.0,0.3704,0.6667,0.3571,14.0,11.0
2022-05-11,DET,ATH,-130.0,110.0,0.5652,0.4762,0.5427,0.0,9.0
2022-05-11,LAA,TBR,-117.0,100.0,0.5392,0.5,0.5188,2.0,4.0
2022-05-11,NYY,TOR,-132.0,112.0,0.569,0.4717,0.5467,5.0,3.0
2022-05-11,PIT,LAD,164.0,-195.0,0.3788,0.661,0.3643,5.0,3.0
2022-05-11,SDP,CHC,-168.0,142.0,0.6269,0.4132,0.6027,5.0,7.0
2022-05-11,SEA,PHI,-153.0,129.0,0.6047,0.4367,0.5807,2.0,4.0
2022-05-11,SFG,COL,-215.0,180.0,0.6825,0.3571,0.6565,7.0,1.0
2022-05-11,STL,BAL,-232.0,194.0,0.6988,0.3401,0.6726,10.0,1.0
2022-05-11,TEX,KCR,-135.0,115.0,0.5745,0.4651,0.5526,2.0,8.0
2022-05-11,WSN,NYM,156.0,-184.0,0.3906,0.6479,0.3761,8.0,3.0
2022-05-12,CHW,NYY,-145.0,125.0,0.5918,0.4444,0.5711,7.0,15.0
2022-05-12,DET,ATH,-120.0,103.0,0.5455,0.4926,0.5255,3.0,5.0
2022-05-12,LAD,PHI,-146.0,123.0,0.5935,0.4484,0.5696,7.0,9.0
2022-05-12,MIN,HOU,100.0,-120.0,0.5,0.5455,0.4783,3.0,11.0
2022-05-12,PIT,CIN,-139.0,120.0,0.5816,0.4545,0.5613,,
2022-05-12,STL,BAL,-215.0,177.0,0.6825,0.361,0.6541,2.0,3.0
2022-05-12,TEX,KCR,-143.0,123.0,0.5885,0.4484,0.5675,3.0,1.0
2022-05-12,WSN,NYM,132.0,-157.0,0.431,0.6109,0.4137,1.0,4.0
2022-05-13,ARI,CHC,-123.0,104.0,0.5516,0.4902,0.5295,4.0,3.0
2022-05-13,ATL,SDP,-156.0,132.0,0.6094,0.431,0.5857,6.0,11.0
2022-05-13,CHW,NYY,165.0,-195.0,0.3774,0.661,0.3634,4.0,10.0
2022-05-13,COL,KCR,-131.0,110.0,0.5671,0.4762,0.5436,10.0,14.0
2022-05-13,DET,BAL,-164.0,139.0,0.6212,0.4184,0.5975,4.0,2.0
2022-05-13,LAD,PHI,-232.0,190.0,0.6988,0.3448,0.6696,10.0,12.0
2022-05-13,MIA,MIL,125.0,-144.0,0.4444,0.5902,0.4296,1.0,2.0
2022-05-13,MIN,CLE,-167.0,143.0,0.6255,0.4115,0.6032,12.0,8.0
2022-05-13,NYM,SEA,-252.0,205.0,0.7159,0.3279,0.6859,1.0,2.0
2022-05-13,ATH,LAA,122.0,-144.0,0.4505,0.5902,0.4329,0.0,2.0
2022-05-13,PIT,CIN,-109.0,-108.0,0.5215,0.5192,0.5011,2.0,8.0
2022-05-13,STL,SFG,-105.0,-122.0,0.5122,0.5495,0.4824,2.0,8.0
2022-05-13,TBR,TOR,110.0,-130.0,0.4762,0.5652,0.4573,5.0,2.0
2022-05-13,TEX,BOS,-122.0,102.0,0.5495,0.495,0.5261,1.0,7.0
2022-05-13,WSN,HOU,130.0,-155.0,0.4348,0.6078,0.417,1.0,6.0
2022-05-14,ARI,CHC,-159.0,138.0,0.6139,0.4202,0.5937,,
2022-05-14,ATL,SDP,-141.0,120.0,0.5851,0.4545,0.5628,6.0,5.0
2022-05-14,CHW,NYY,130.0,-154.0,0.4348,0.6063,0.4176,3.0,2.0
2022-05-14,COL,KCR,-147.0,125.0,0.5951,0.4444,0.5725,10.0,4.0
2022-05-14,DET,BAL,-121.0,102.0,0.5475,0.495,0.5252,3.0,0.0
2022-05-14,LAD,PHI,-190.0,160.0,0.6552,0.3846,0.6301,3.0,8.0
2022-05-14,MIA,MIL,100.0,-121.0,0.5,0.5475,0.4773,9.0,3.0
2022-05-14,MIN,CLE,115.0,-135.0,0.4651,0.5745,0.4474,2.0,3.0
2022-05-14,NYM,SEA,-155.0,132.0,0.6078,0.431,0.5851,5.0,4.0
2022-05-14,ATH,LAA,-139.0,119.0,0.5816,0.4566,0.5602,4.0,3.0
2022-05-14,PIT,CIN,105.0,-124.0,0.4878,0.5536,0.4684,3.0,1.0
2022-05-14,STL,SFG,104.0,-121.0,0.4902,0.5475,0.4724,4.0,0.0
2022-05-14,TBR,TOR,105.0,-123.0,0.4878,0.5516,0.4693,1.0,5.0
2022-05-14,TEX,BOS,-115.0,-105.0,0.5349,0.5122,0.5108,3.0,11.0
2022-05-14,WSN,HOU,114.0,-136.0,0.4673,0.5763,0.4478,13.0,6.0
2022-05-15,ARI,CHC,-126.0,101.0,0.5575,0.4975,0.5284,2.0,3.0
2022-05-15,ATL,SDP,-124.0,107.0,0.5536,0.4831,0.534,3.0,7.0
2022-05-15,CHW,NYY,108.0,-125.0,0.4808,0.5556,0.4639,1.0,5.0
2022-05-15,COL,KCR,-148.0,125.0,0.5968,0.4444,0.5731,7.0,8.0
2022-05-15,DET,BAL,-143.0,122.0,0.5885,0.4505,0.5664,5.0,1.0
2022-05-15,LAD,PHI,-138.0,119.0,0.5798,0.4566,0.5594,5.0,4.0
2022-05-15,MIA,MIL,150.0,-178.0,0.4,0.6403,0.3845,3.0,7.0
2022-05-15,MIN,CLE,-145.0,124.0,0.5918,0.4464,0.57,3.0,1.0
2022-05-15,NYM,SEA,-147.0,125.0,0.5951,0.4444,0.5725,7.0,8.0
2022-05-15,ATH,LAA,110.0,-130.0,0.4762,0.5652,0.4573,1.0,4.0
2022-05-15,PIT,CIN,-154.0,131.0,0.6063,0.4329,0.5834,1.0,0.0
2022-05-15,STL,SFG,120.0,-139.0,0.4545,0.5816,0.4387,15.0,6.0
2022-05-15,TBR,TOR,102.0,-120.0,0.495,0.5455,0.4758,3.0,0.0
2022-05-15,TEX,BOS,-113.0,-105.0,0.5305,0.5122,0.5088,7.0,1.0
2022-05-15,WSN,HOU,165.0,-200.0,0.3774,0.6667,0.3614,0.0,8.0
2022-05-16,BAL,NYY,155.0,-184.0,0.3922,0.6479,0.3771,2.0,6.0
2022-05-16,BOS,HOU,-127.0,108.0,0.5595,0.4808,0.5378,6.0,3.0
2022-05-16,CHC,PIT,-165.0,140.0,0.6226,0.4167,0.5991,9.0,0.0
2022-05-16,COL,SFG,133.0,-155.0,0.4292,0.6078,0.4139,,
2022-05-16,KCR,CHW,-102.0,-115.0,0.505,0.5349,0.4856,3.0,5.0
2022-05-16,LAD,ARI,-231.0,187.0,0.6979,0.3484,0.667,5.0,4.0
2022-05-16,MIA,WSN,-200.0,166.0,0.6667,0.3759,0.6394,8.0,2.0
2022-05-16,MIL,ATL,-163.0,139.0,0.6198,0.4184,0.597,1.0,0.0
2022-05-16,ATH,MIN,108.0,-127.0,0.4808,0.5595,0.4622,1.0,3.0
2022-05-16,TBR,DET,-215.0,177.0,0.6825,0.361,0.6541,2.0,3.0
2022-05-16,TEX,LAA,123.0,-141.0,0.4484,0.5851,0.4339,7.0,4.0
2022-05-16,TOR,SEA,-165.0,142.0,0.6226,0.4132,0.6011,6.0,2.0
2022-05-17,BAL,NYY,190.0,-235.0,0.3448,0.7015,0.3296,4.0,5.0
2022-05-17,BOS,HOU,-125.0,105.0,0.5556,0.4878,0.5325,4.0,13.0
2022-05-17,CHC,PIT,-150.0,126.0,0.6,0.4425,0.5756,7.0,0.0
2022-05-17,CLE,CIN,-159.0,135.0,0.6139,0.4255,0.5906,4.0,5.0
2022-05-17,COL,SFG,134.0,-157.0,0.4274,0.6109,0.4116,7.0,10.0
2022-05-17,KCR,CHW,164.0,-198.0,0.3788,0.6644,0.3631,0.0,3.0
2022-05-17,LAD,ARI,-240.0,195.0,0.7059,0.339,0.6756,7.0,6.0
2022-05-17,MIA,WSN,-155.0,132.0,0.6078,0.431,0.5851,5.0,1.0
2022-05-17,MIL,ATL,-117.0,-102.0,0.5392,0.505,0.5164,0.0,3.0
2022-05-17,NYM,STL,-107.0,100.0,0.5169,0.5,0.5083,3.0,1.0
2022-05-17,ATH,MIN,-109.0,-108.0,0.5215,0.5192,0.5011,5.0,2.0
2022-05-17,PHI,SDP,-113.0,-105.0,0.5305,0.5122,0.5088,0.0,3.0
2022-05-17,TBR,DET,-307.0,242.0,0.7543,0.2924,0.7206,8.0,1.0
2022-05-17,TEX,LAA,115.0,-137.0,0.4651,0.5781,0.4459,10.0,5.0
2022-05-17,TOR,SEA,-145.0,125.0,0.5918,0.4444,0.5711,3.0,0.0
2022-05-18,BAL,NYY,217.0,-265.0,0.3155,0.726,0.3029,2.0,3.0
2022-05-18,BOS,HOU,115.0,-135.0,0.4651,0.5745,0.4474,5.0,1.0
2022-05-18,CHC,PIT,-166.0,143.0,0.6241,0.4115,0.6026,2.0,3.0
2022-05-18,COL,SFG,144.0,-168.0,0.4098,0.6269,0.3953,5.0,3.0
2022-05-18,KCR,CHW,133.0,-155.0,0.4292,0.6078,0.4139,6.0,2.0
2022-05-18,LAD,ARI,-305.0,250.0,0.7531,0.2857,0.725,5.0,3.0
2022-05-18,MIA,WSN,-195.0,160.0,0.661,0.3846,0.6322,4.0,5.0
2022-05-18,MIL,ATL,-138.0,118.0,0.5798,0.4587,0.5583,7.0,6.0
2022-05-18,NYM,STL,-217.0,180.0,0.6845,0.3571,0.6571,11.0,4.0
2022-05-18,ATH,MIN,145.0,-173.0,0.4082,0.6337,0.3918,4.0,14.0
2022-05-18,PHI,SDP,-159.0,135.0,0.6139,0.4255,0.5906,3.0,0.0
2022-05-18,TBR,DET,-165.0,139.0,0.6226,0.4184,0.5981,6.0,1.0
2022-05-18,TEX,LAA,160.0,-190.0,0.3846,0.6552,0.3699,6.0,5.0
2022-05-18,TOR,SEA,-252.0,207.0,0.7159,0.3257,0.6873,1.0,5.0
2022-05-19,BAL,NYY,170.0,-200.0,0.3704,0.6667,0.3571,9.0,6.0
2022-05-19,BOS,SEA,-125.0,106.0,0.5556,0.4854,0.5337,12.0,6.0
2022-05-19,CHC,ARI,-126.0,106.0,0.5575,0.4854,0.5346,1.0,3.0
2022-05-19,CLE,CIN,-134.0,115.0,0.5726,0.4651,0.5518,2.0,4.0
2022-05-19,HOU,TEX,-220.0,180.0,0.6875,0.3571,0.6581,5.0,1.0
2022-05-19,KCR,CHW,118.0,-137.0,0.4587,0.5781,0.4424,4.0,7.0
2022-05-19,NYM,STL,-195.0,165.0,0.661,0.3774,0.6366,7.0,6.0
2022-05-19,PHI,SDP,-104.0,-113.0,0.5098,0.5305,0.49,0.0,2.0
2022-05-20,BAL,TBR,115.0,-135.0,0.4651,0.5745,0.4474,,
2022-05-20,BOS,SEA,-110.0,-106.0,0.5238,0.5146,0.5045,7.0,3.0
2022-05-20,CHC,ARI,-143.0,123.0,0.5885,0.4484,0.5675,6.0,10.0
2022-05-20,CLE,DET,-120.0,101.0,0.5455,0.4975,0.523,6.0,1.0
2022-05-20,HOU,TEX,-175.0,145.0,0.6364,0.4082,0.6092,0.0,3.0
2022-05-20,KCR,MIN,110.0,-130.0,0.4762,0.5652,0.4573,4.0,6.0
2022-05-20,LAA,ATH,-195.0,162.0,0.661,0.3817,0.6339,2.0,4.0
2022-05-20,MIA,ATL,104.0,-123.0,0.4902,0.5516,0.4705,3.0,5.0
2022-05-20,MIL,WSN,-228.0,187.0,0.6951,0.3484,0.6661,7.0,0.0
2022-05-20,PHI,LAD,120.0,-142.0,0.4545,0.5868,0.4365,1.0,4.0
2022-05-20,PIT,STL,123.0,-144.0,0.4484,0.5902,0.4318,3.0,5.0
2022-05-20,SFG,SDP,-128.0,109.0,0.5614,0.4785,0.5399,7.0,8.0
2022-05-20,TOR,CIN,-180.0,152.0,0.6429,0.3968,0.6183,2.0,1.0
2022-05-21,BAL,TBR,110.0,-130.0,0.4762,0.5652,0.4573,1.0,6.0
2022-05-21,BOS,SEA,-167.0,141.0,0.6255,0.4149,0.6012,6.0,5.0
2022-05-21,CHC,ARI,-137.0,118.0,0.5781,0.4587,0.5576,6.0,7.0
2022-05-21,COL,NYM,109.0,-127.0,0.4785,0.5595,0.461,1.0,5.0
2022-05-21,HOU,TEX,-230.0,187.0,0.697,0.3484,0.6667,2.0,1.0
2022-05-21,KCR,MIN,130.0,-152.0,0.4348,0.6032,0.4189,2.0,9.0
2022-05-21,LAA,ATH,-146.0,125.0,0.5935,0.4444,0.5718,5.0,3.0
2022-05-21,MIA,ATL,130.0,-154.0,0.4348,0.6063,0.4176,3.0,4.0
2022-05-21,MIL,WSN,-230.0,195.0,0.697,0.339,0.6728,5.0,1.0
2022-05-21,NYY,CHW,-235.0,190.0,0.7015,0.3448,0.6704,7.0,5.0
2022-05-21,PHI,LAD,-120.0,-101.0,0.5455,0.5025,0.5205,4.0,7.0
2022-05-21,PIT,STL,120.0,-140.0,0.4545,0.5833,0.438,4.0,5.0
2022-05-21,SFG,SDP,-152.0,130.0,0.6032,0.4348,0.5811,1.0,2.0
2022-05-21,TOR,CIN,-260.0,215.0,0.7222,0.3175,0.6947,3.0,1.0
2022-05-22,BAL,TBR,144.0,-170.0,0.4098,0.6296,0.3943,7.0,6.0
2022-05-22,BOS,SEA,-129.0,110.0,0.5633,0.4762,0.5419,8.0,4.0
2022-05-22,CHC,ARI,-131.0,111.0,0.5671,0.4739,0.5447,5.0,4.0
2022-05-22,CLE,DET,-190.0,160.0,0.6552,0.3846,0.6301,2.0,4.0
2022-05-22,COL,NYM,102.0,-120.0,0.495,0.5455,0.4758,0.0,2.0
2022-05-22,HOU,TEX,-200.0,168.0,0.6667,0.3731,0.6411,5.0,2.0
2022-05-22,KCR,MIN,-119.0,100.0,0.5434,0.5,0.5208,6.0,7.0
2022-05-22,LAA,ATH,-210.0,180.0,0.6774,0.3571,0.6548,4.0,1.0
2022-05-22,MIA,ATL,-122.0,105.0,0.5495,0.4878,0.5298,4.0,3.0
2022-05-22,MIL,WSN,-252.0,210.0,0.7159,0.3226,0.6894,2.0,8.0
2022-05-22,NYY,CHW,-162.0,138.0,0.6183,0.4202,0.5954,1.0,3.0
2022-05-22,PHI,LAD,120.0,-141.0,0.4545,0.5851,0.4372,4.0,3.0
2022-05-22,PIT,STL,139.0,-162.0,0.4184,0.6183,0.4036,4.0,18.0
2022-05-22,SFG,SDP,-142.0,121.0,0.5868,0.4525,0.5646,1.0,10.0
2022-05-22,TOR,CIN,-255.0,207.0,0.7183,0.3257,0.688,2.0,3.0
2022-05-23,ARI,KCR,-116.0,-102.0,0.537,0.505,0.5154,9.0,5.0
2022-05-23,ATL,PHI,110.0,-129.0,0.4762,0.5633,0.4581,3.0,7.0
2022-05-23,CIN,CHC,107.0,-125.0,0.4831,0.5556,0.4651,4.0,7.0
2022-05-23,HOU,CLE,-184.0,155.0,0.6479,0.3922,0.6229,1.0,6.0
2022-05-23,MIN,DET,-222.0,185.0,0.6894,0.3509,0.6627,5.0,4.0
2022-05-23,NYY,BAL,-315.0,260.0,0.759,0.2778,0.7321,4.0,6.0
2022-05-23,PIT,COL,-141.0,120.0,0.5851,0.4545,0.5628,2.0,1.0
2022-05-23,SDP,MIL,-109.0,-110.0,0.5215,0.5238,0.4989,3.0,2.0
2022-05-23,SEA,ATH,-159.0,135.0,0.6139,0.4255,0.5906,7.0,6.0
2022-05-23,SFG,NYM,-139.0,119.0,0.5816,0.4566,0.5602,3.0,13.0
2022-05-23,STL,TOR,-119.0,101.0,0.5434,0.4975,0.522,7.0,3.0
2022-05-23,WSN,LAD,188.0,-230.0,0.3472,0.697,0.3325,1.0,10.0
2022-05-24,ARI,KCR,-215.0,177.0,0.6825,0.361,0.6541,8.0,6.0
2022-05-24,ATL,PHI,-184.0,154.0,0.6479,0.3937,0.622,6.0,5.0
2022-05-24,CHW,BOS,-157.0,135.0,0.6109,0.4255,0.5894,3.0,16.0
2022-05-24,CIN,CHC,-120.0,101.0,0.5455,0.4975,0.523,4.0,11.0
2022-05-24,HOU,CLE,-235.0,192.0,0.7015,0.3425,0.672,7.0,3.0
2022-05-24,LAA,TEX,-150.0,125.0,0.6,0.4444,0.5745,5.0,3.0
2022-05-24,MIN,DET,-267.0,217.0,0.7275,0.3155,0.6975,2.0,0.0
2022-05-24,NYY,BAL,-232.0,189.0,0.6988,0.346,0.6688,7.0,6.0
2022-05-24,PIT,COL,-115.0,-102.0,0.5349,0.505,0.5144,1.0,2.0
2022-05-24,SDP,MIL,109.0,-129.0,0.4785,0.5633,0.4593,1.0,4.0
2022-05-24,SEA,ATH,-187.0,155.0,0.6516,0.3922,0.6243,5.0,7.0
2022-05-24,SFG,NYM,-110.0,-106.0,0.5238,0.5146,0.5045,13.0,12.0
2022-05-24,STL,TOR,118.0,-138.0,0.4587,0.5798,0.4417,1.0,8.0
2022-05-24,TBR,MIA,-165.0,140.0,0.6226,0.4167,0.5991,4.0,0.0
2022-05-24,WSN,LAD,182.0,-220.0,0.3546,0.6875,0.3403,4.0,9.0
2022-05-25,ATL,PHI,-150.0,128.0,0.6,0.4386,0.5777,8.0,4.0
2022-05-25,CHW,BOS,-158.0,135.0,0.6124,0.4255,0.59,3.0,1.0
2022-05-25,CIN,CHC,-158.0,132.0,0.6124,0.431,0.5869,4.0,3.0
2022-05-25,HOU,CLE,-195.0,163.0,0.661,0.3802,0.6348,2.0,1.0
2022-05-25,LAA,TEX,-176.0,147.0,0.6377,0.4049,0.6117,2.0,7.0
2022-05-25,MIN,DET,-197.0,164.0,0.6633,0.3788,0.6365,2.0,4.0
2022-05-25,NYY,BAL,-162.0,138.0,0.6183,0.4202,0.5954,2.0,0.0
2022-05-25,PIT,COL,-133.0,113.0,0.5708,0.4695,0.5487,10.0,5.0
2022-05-25,SDP,MIL,-142.0,120.0,0.5868,0.4545,0.5635,1.0,2.0
2022-05-25,SEA,ATH,-180.0,152.0,0.6429,0.3968,0.6183,2.0,4.0
2022-05-25,SFG,NYM,-115.0,-103.0,0.5349,0.5074,0.5132,9.0,3.0
2022-05-25,TBR,MIA,-190.0,160.0,0.6552,0.3846,0.6301,5.0,4.0
2022-05-25,WSN,LAD,172.0,-206.0,0.3676,0.6732,0.3532,1.0,0.0
2022-05-26,ARI,LAD,151.0,-181.0,0.3984,0.6441,0.3822,1.0,14.0
2022-05-26,ATL,PHI,-101.0,-117.0,0.5025,0.5392,0.4824,1.0,4.0
2022-05-26,CHW,BOS,108.0,-126.0,0.4808,0.5575,0.463,7.0,16.0
2022-05-26,CIN,CHC,-104.0,-115.0,0.5098,0.5349,0.488,20.0,5.0
2022-05-26,DET,CLE,-135.0,115.0,0.5745,0.4651,0.5526,4.0,3.0
2022-05-26,LAA,TOR,-168.0,145.0,0.6269,0.4082,0.6057,3.0,6.0
2022-05-26,MIN,KCR,-190.0,160.0,0.6552,0.3846,0.6301,2.0,3.0
2022-05-26,ATH,TEX,-120.0,100.0,0.5455,0.5,0.5217,1.0,4.0
2022-05-26,STL,MIL,-120.0,103.0,0.5455,0.4926,0.5255,3.0,4.0
2022-05-26,TBR,NYY,-101.0,-120.0,0.5025,0.5455,0.4795,2.0,7.0
2022-05-26,WSN,COL,-115.0,-104.0,0.5349,0.5098,0.512,7.0,3.0
2022-05-27,ARI,LAD,130.0,-152.0,0.4348,0.6032,0.4189,4.0,6.0
2022-05-27,ATL,MIA,-147.0,125.0,0.5951,0.4444,0.5725,6.0,4.0
2022-05-27,BOS,BAL,-180.0,155.0,0.6429,0.3922,0.6211,8.0,12.0
2022-05-27,CIN,SFG,188.0,-225.0,0.3472,0.6923,0.334,5.0,1.0
2022-05-27,LAA,TOR,105.0,-125.0,0.4878,0.5556,0.4675,3.0,4.0
2022-05-27,MIN,KCR,-184.0,154.0,0.6479,0.3937,0.622,10.0,7.0
2022-05-27,NYM,PHI,-181.0,152.0,0.6441,0.3968,0.6188,8.0,6.0
2022-05-27,ATH,TEX,105.0,-125.0,0.4878,0.5556,0.4675,5.0,8.0
2022-05-27,SDP,PIT,-221.0,185.0,0.6885,0.3509,0.6624,4.0,3.0
2022-05-27,SEA,HOU,185.0,-223.0,0.3509,0.6904,0.337,6.0,1.0
2022-05-27,STL,MIL,125.0,-147.0,0.4444,0.5951,0.4275,4.0,2.0
2022-05-27,TBR,NYY,-128.0,109.0,0.5614,0.4785,0.5399,0.0,2.0
2022-05-28,ARI,LAD,155.0,-184.0,0.3922,0.6479,0.3771,2.0,3.0
2022-05-28,ATL,MIA,-126.0,109.0,0.5575,0.4785,0.5382,1.0,4.0
2022-05-28,BOS,BAL,-217.0,180.0,0.6845,0.3571,0.6571,5.0,3.0
2022-05-28,CHW,CHC,-140.0,119.0,0.5833,0.4566,0.5609,1.0,5.0
2022-05-28,CIN,SFG,155.0,-187.0,0.3922,0.6516,0.3757,3.0,2.0
2022-05-28,DET,CLE,143.0,-167.0,0.4115,0.6255,0.3968,1.0,8.0
2022-05-28,LAA,TOR,-122.0,103.0,0.5495,0.4926,0.5273,5.0,6.0
2022-05-28,MIN,KCR,-166.0,142.0,0.6241,0.4132,0.6016,3.0,7.0
2022-05-28,NYM,PHI,-113.0,-105.0,0.5305,0.5122,0.5088,8.0,2.0
2022-05-28,ATH,TEX,-120.0,102.0,0.5455,0.495,0.5242,4.0,11.0
2022-05-28,SDP,PIT,-226.0,186.0,0.6933,0.3497,0.6647,2.0,4.0
2022-05-28,SEA,HOU,101.0,-122.0,0.4975,0.5495,0.4752,6.0,0.0
2022-05-28,STL,MIL,-104.0,-113.0,0.5098,0.5305,0.49,8.0,3.0
2022-05-28,TBR,NYY,131.0,-155.0,0.4329,0.6078,0.416,3.0,1.0
2022-05-28,WSN,COL,-119.0,101.0,0.5434,0.4975,0.522,13.0,7.0
2022-05-29,ARI,LAD,175.0,-215.0,0.3636,0.6825,0.3476,1.0,3.0
2022-05-29,ATL,MIA,-235.0,195.0,0.7015,0.339,0.6742,,
2022-05-29,BOS,BAL,-190.0,160.0,0.6552,0.3846,0.6301,12.0,2.0
2022-05-29,CHW,CHC,-154.0,130.0,0.6063,0.4348,0.5824,5.0,4.0
2022-05-29,CIN,SFG,130.0,-154.0,0.4348,0.6063,0.4176,4.0,6.0
2022-05-29,DET,CLE,145.0,-175.0,0.4082,0.6364,0.3908,2.0,1.0
2022-05-29,LAA,TOR,-155.0,135.0,0.6078,0.4255,0.5882,10.0,11.0
2022-05-29,MIN,KCR,-195.0,165.0,0.661,0.3774,0.6366,7.0,3.0
2022-05-29,NYM,PHI,106.0,-123.0,0.4854,0.5516,0.4681,,
2022-05-29,ATH,TEX,102.0,-120.0,0.495,0.5455,0.4758,6.0,5.0
2022-05-29,SDP,PIT,-182.0,155.0,0.6454,0.3922,0.622,4.0,2.0
2022-05-29,SEA,HOU,125.0,-149.0,0.4444,0.5984,0.4262,1.0,2.0
2022-05-29,STL,MIL,130.0,-154.0,0.4348,0.6063,0.4176,0.0,8.0
2022-05-29,TBR,NYY,-139.0,120.0,0.5816,0.4545,0.5613,4.0,2.0
2022-05-29,WSN,COL,-122.0,105.0,0.5495,0.4878,0.5298,6.0,5.0
2022-05-30,ARI,ATL,102.0,-120.0,0.495,0.5455,0.4758,6.0,2.0
2022-05-30,BOS,BAL,-176.0,150.0,0.6377,0.4,0.6145,0.0,10.0
2022-05-30,CHC,MIL,118.0,-138.0,0.4587,0.5798,0.4417,6.0,7.0
2022-05-30,CLE,KCR,-155.0,132.0,0.6078,0.431,0.5851,7.0,3.0
2022-05-30,COL,MIA,131.0,-154.0,0.4329,0.6063,0.4166,7.0,1.0
2022-05-30,DET,MIN,120.0,-141.0,0.4545,0.5851,0.4372,7.0,5.0
2022-05-30,LAD,PIT,-372.0,290.0,0.7881,0.2564,0.7545,5.0,6.0
2022-05-30,NYM,WSN,-177.0,150.0,0.639,0.4,0.615,13.0,5.0
2022-05-30,ATH,HOU,141.0,-166.0,0.4149,0.6241,0.3994,1.0,5.0
2022-05-30,PHI,SFG,100.0,-119.0,0.5,0.5434,0.4792,4.0,5.0
2022-05-30,STL,SDP,-125.0,105.0,0.5556,0.4878,0.5325,6.0,3.0
2022-05-30,TEX,TBR,120.0,-140.0,0.4545,0.5833,0.438,9.0,5.0
2022-05-31,ARI,ATL,143.0,-165.0,0.4115,0.6226,0.3979,8.0,7.0
2022-05-31,BAL,SEA,112.0,-132.0,0.4717,0.569,0.4533,0.0,10.0
2022-05-31,BOS,CIN,-154.0,130.0,0.6063,0.4348,0.5824,1.0,2.0
2022-05-31,CHC,MIL,110.0,-130.0,0.4762,0.5652,0.4573,8.0,7.0
2022-05-31,CLE,KCR,-142.0,122.0,0.5868,0.4505,0.5657,8.0,3.0
2022-05-31,DET,MIN,125.0,-147.0,0.4444,0.5951,0.4275,2.0,8.0
2022-05-31,LAD,PIT,-360.0,290.0,0.7826,0.2564,0.7532,3.0,5.0
2022-05-31,NYM,WSN,-200.0,170.0,0.6667,0.3704,0.6429,10.0,0.0
2022-05-31,NYY,LAA,-132.0,111.0,0.569,0.4739,0.5456,9.0,1.0
2022-05-31,ATH,HOU,111.0,-132.0,0.4739,0.569,0.4544,1.0,3.0
2022-05-31,PHI,SFG,-155.0,132.0,0.6078,0.431,0.5851,4.0,7.0
2022-05-31,STL,SDP,-127.0,110.0,0.5595,0.4762,0.5402,3.0,2.0
2022-05-31,TEX,TBR,-117.0,-101.0,0.5392,0.5025,0.5176,3.0,0.0
2022-05-31,TOR,CHW,-197.0,163.0,0.6633,0.3802,0.6356,6.0,5.0
2022-06-01,ARI,ATL,128.0,-149.0,0.4386,0.5984,0.423,0.0,6.0
2022-06-01,BAL,SEA,122.0,-144.0,0.4505,0.5902,0.4329,9.0,2.0
2022-06-01,BOS,CIN,-220.0,182.0,0.6875,0.3546,0.6597,7.0,1.0
2022-06-01,CHC,MIL,-104.0,-113.0,0.5098,0.5305,0.49,4.0,3.0
2022-06-01,CLE,KCR,-142.0,120.0,0.5868,0.4545,0.5635,4.0,0.0
2022-06-01,COL,MIA,-115.0,-104.0,0.5349,0.5098,0.512,1.0,14.0
2022-06-01,DET,MIN,-110.0,-106.0,0.5238,0.5146,0.5045,5.0,0.0
2022-06-01,LAD,PIT,-264.0,215.0,0.7253,0.3175,0.6956,4.0,8.0
2022-06-01,NYM,WSN,-250.0,207.0,0.7143,0.3257,0.6868,5.0,0.0
2022-06-01,ATH,HOU,188.0,-227.0,0.3472,0.6942,0.3334,4.0,5.0
2022-06-01,PHI,SFG,-127.0,105.0,0.5595,0.4878,0.5342,6.0,5.0
2022-06-01,STL,SDP,113.0,-133.0,0.4695,0.5708,0.4513,5.0,2.0
2022-06-01,TEX,TBR,105.0,-125.0,0.4878,0.5556,0.4675,3.0,4.0
2022-06-01,TOR,CHW,-125.0,105.0,0.5556,0.4878,0.5325,7.0,3.0
2022-06-02,BAL,SEA,-107.0,-111.0,0.5169,0.5261,0.4956,6.0,7.0
2022-06-02,CHC,STL,-107.0,-110.0,0.5169,0.5238,0.4967,7.0,5.0
2022-06-02,CIN,WSN,-132.0,114.0,0.569,0.4673,0.5491,,
2022-06-02,COL,ATL,133.0,-157.0,0.4292,0.6109,0.4126,6.0,13.0
2022-06-02,DET,MIN,116.0,-139.0,0.463,0.5816,0.4432,3.0,2.0
2022-06-02,LAD,NYM,-190.0,160.0,0.6552,0.3846,0.6301,2.0,0.0
2022-06-02,MIA,SFG,-141.0,123.0,0.5851,0.4484,0.5661,3.0,0.0
2022-06-02,MIL,SDP,-105.0,-111.0,0.5122,0.5261,0.4933,5.0,4.0
2022-06-02,NYY,LAA,-119.0,102.0,0.5434,0.495,0.5233,6.0,1.0
2022-06-02,TEX,TBR,111.0,-129.0,0.4739,0.5633,0.4569,1.0,3.0
2022-06-02,TOR,CHW,-186.0,155.0,0.6503,0.3922,0.6238,8.0,3.0
2022-06-03,BAL,CLE,120.0,-141.0,0.4545,0.5851,0.4372,3.0,6.0
2022-06-03,CHC,STL,-108.0,-107.0,0.5192,0.5169,0.5011,5.0,14.0
2022-06-03,CIN,WSN,-135.0,115.0,0.5745,0.4651,0.5526,5.0,8.0
2022-06-03,COL,ATL,155.0,-180.0,0.3922,0.6429,0.3789,1.0,3.0
2022-06-03,KCR,HOU,105.0,-126.0,0.4878,0.5575,0.4667,3.0,10.0
2022-06-03,LAD,NYM,-159.0,137.0,0.6139,0.4219,0.5927,6.0,1.0
2022-06-03,MIA,SFG,105.0,-115.0,0.4878,0.5349,0.477,6.0,15.0
2022-06-03,MIL,SDP,-174.0,150.0,0.635,0.4,0.6135,0.0,7.0
2022-06-03,NYY,DET,-360.0,285.0,0.7826,0.2597,0.7508,13.0,0.0
2022-06-03,ATH,BOS,149.0,-175.0,0.4016,0.6364,0.3869,2.0,7.0
2022-06-03,PHI,LAA,-129.0,110.0,0.5633,0.4762,0.5419,10.0,0.0
2022-06-03,PIT,ARI,100.0,-119.0,0.5,0.5434,0.4792,6.0,8.0
2022-06-03,TBR,CHW,-195.0,163.0,0.661,0.3802,0.6348,6.0,3.0
2022-06-03,TEX,SEA,-111.0,-107.0,0.5261,0.5169,0.5044,3.0,4.0
2022-06-03,TOR,MIN,-240.0,195.0,0.7059,0.339,0.6756,3.0,9.0
2022-06-04,BAL,CLE,106.0,-124.0,0.4854,0.5536,0.4672,5.0,4.0
2022-06-04,CHC,STL,-110.0,-108.0,0.5238,0.5192,0.5022,6.0,1.0
2022-06-04,CIN,WSN,-132.0,110.0,0.569,0.4762,0.5444,8.0,10.0
2022-06-04,COL,ATL,166.0,-200.0,0.3759,0.6667,0.3606,2.0,6.0
2022-06-04,KCR,HOU,177.0,-215.0,0.361,0.6825,0.3459,6.0,0.0
2022-06-04,LAD,NYM,-192.0,162.0,0.6575,0.3817,0.6327,,
2022-06-04,MIA,SFG,-112.0,-105.0,0.5283,0.5122,0.5077,5.0,4.0
2022-06-04,MIL,SDP,-135.0,115.0,0.5745,0.4651,0.5526,0.0,4.0
2022-06-04,NYY,DET,-360.0,290.0,0.7826,0.2564,0.7532,3.0,0.0
2022-06-04,ATH,BOS,124.0,-145.0,0.4464,0.5918,0.43,0.0,8.0
2022-06-04,PHI,LAA,-171.0,145.0,0.631,0.4082,0.6072,7.0,2.0
2022-06-04,PIT,ARI,-125.0,105.0,0.5556,0.4878,0.5325,2.0,1.0
2022-06-04,TBR,CHW,-125.0,107.0,0.5556,0.4831,0.5349,2.0,3.0
2022-06-04,TEX,SEA,-130.0,110.0,0.5652,0.4762,0.5427,3.0,2.0
2022-06-04,TOR,MIN,-180.0,155.0,0.6429,0.3922,0.6211,12.0,3.0
2022-06-05,BAL,CLE,-102.0,-114.0,0.505,0.5327,0.4866,2.0,3.0
2022-06-05,CHC,STL,118.0,-137.0,0.4587,0.5781,0.4424,3.0,5.0
2022-06-05,CIN,WSN,-182.0,155.0,0.6454,0.3922,0.622,4.0,5.0
2022-06-05,COL,ATL,132.0,-155.0,0.431,0.6078,0.4149,7.0,8.0
2022-06-05,KCR,HOU,190.0,-236.0,0.3448,0.7024,0.3293,4.0,7.0
2022-06-05,LAD,NYM,-190.0,160.0,0.6552,0.3846,0.6301,4.0,5.0
2022-06-05,MIA,SFG,105.0,-125.0,0.4878,0.5556,0.4675,1.0,5.0
2022-06-05,MIL,SDP,-125.0,106.0,0.5556,0.4854,0.5337,4.0,6.0
2022-06-05,NYY,DET,-297.0,245.0,0.7481,0.2899,0.7207,5.0,4.0
2022-06-05,ATH,BOS,-115.0,-103.0,0.5349,0.5074,0.5132,2.0,5.0
2022-06-05,PHI,LAA,-125.0,106.0,0.5556,0.4854,0.5337,9.0,7.0
2022-06-05,PIT,ARI,127.0,-149.0,0.4405,0.5984,0.424,3.0,0.0
2022-06-05,TBR,CHW,-109.0,-110.0,0.5215,0.5238,0.4989,5.0,6.0
2022-06-05,TEX,SEA,-133.0,113.0,0.5708,0.4695,0.5487,5.0,6.0
2022-06-05,TOR,MIN,-265.0,212.0,0.726,0.3205,0.6937,6.0,8.0
2022-06-06,CIN,ARI,-119.0,100.0,0.5434,0.5,0.5208,7.0,0.0
2022-06-06,HOU,SEA,-182.0,152.0,0.6454,0.3968,0.6192,4.0,7.0
2022-06-06,KCR,TOR,167.0,-198.0,0.3745,0.6644,0.3605,0.0,8.0
2022-06-06,LAA,BOS,-125.0,106.0,0.5556,0.4854,0.5337,0.0,1.0
2022-06-06,SDP,NYM,-117.0,101.0,0.5392,0.4975,0.5201,5.0,11.0
2022-06-07,ATL,ATH,-275.0,225.0,0.7333,0.3077,0.7044,3.0,2.0
2022-06-07,BAL,CHC,-103.0,-116.0,0.5074,0.537,0.4858,9.0,3.0
2022-06-07,CHW,LAD,108.0,-127.0,0.4808,0.5595,0.4622,4.0,0.0
2022-06-07,CIN,ARI,-149.0,125.0,0.5984,0.4444,0.5738,14.0,8.0
2022-06-07,CLE,TEX,-126.0,102.0,0.5575,0.495,0.5297,6.0,3.0
2022-06-07,HOU,SEA,-283.0,230.0,0.7389,0.303,0.7092,4.0,1.0
2022-06-07,KCR,TOR,196.0,-236.0,0.3378,0.7024,0.3248,0.0,7.0
2022-06-07,LAA,BOS,114.0,-135.0,0.4673,0.5745,0.4486,5.0,6.0
2022-06-07,MIA,WSN,-185.0,152.0,0.6491,0.3968,0.6206,12.0,2.0
2022-06-07,MIL,PHI,-116.0,-101.0,0.537,0.5025,0.5166,2.0,3.0
2022-06-07,MIN,NYY,146.0,-175.0,0.4065,0.6364,0.3898,4.0,10.0
2022-06-07,PIT,DET,108.0,-122.0,0.4808,0.5495,0.4666,3.0,5.0
2022-06-07,SDP,NYM,-137.0,115.0,0.5781,0.4651,0.5541,7.0,0.0
2022-06-07,SFG,COL,-260.0,215.0,0.7222,0.3175,0.6947,3.0,5.0
2022-06-07,TBR,STL,-152.0,125.0,0.6032,0.4444,0.5758,4.0,2.0
2022-06-08,ATL,ATH,-252.0,205.0,0.7159,0.3279,0.6859,13.0,2.0
2022-06-08,CHW,LAD,150.0,-180.0,0.4,0.6429,0.3836,1.0,4.0
2022-06-08,CIN,ARI,-116.0,-105.0,0.537,0.5122,0.5118,0.0,7.0
2022-06-08,CLE,TEX,-174.0,145.0,0.635,0.4082,0.6087,4.0,0.0
2022-06-08,HOU,SEA,-137.0,118.0,0.5781,0.4587,0.5576,3.0,6.0
2022-06-08,KCR,TOR,122.0,-146.0,0.4505,0.5935,0.4315,8.0,4.0
2022-06-08,LAA,BOS,142.0,-172.0,0.4132,0.6324,0.3952,0.0,1.0
2022-06-08,MIA,WSN,-210.0,175.0,0.6774,0.3636,0.6507,2.0,1.0
2022-06-08,MIL,PHI,108.0,-127.0,0.4808,0.5595,0.4622,0.0,10.0
2022-06-08,MIN,NYY,155.0,-186.0,0.3922,0.6503,0.3762,8.0,1.0
2022-06-08,PIT,DET,-121.0,-101.0,0.5475,0.5025,0.5214,1.0,3.0
2022-06-08,SDP,NYM,-133.0,110.0,0.5708,0.4762,0.5452,13.0,2.0
2022-06-08,SFG,COL,-240.0,200.0,0.7059,0.3333,0.6792,2.0,1.0
2022-06-08,TBR,STL,-143.0,121.0,0.5885,0.4525,0.5653,11.0,3.0
2022-06-09,ATL,PIT,-315.0,252.0,0.759,0.2841,0.7277,3.0,1.0
2022-06-09,CHW,LAD,112.0,-135.0,0.4717,0.5745,0.4509,9.0,11.0
2022-06-09,CIN,ARI,-139.0,116.0,0.5816,0.463,0.5568,4.0,5.0
2022-06-09,CLE,ATH,-194.0,155.0,0.6599,0.3922,0.6272,8.0,4.0
2022-06-09,KCR,BAL,-113.0,-105.0,0.5305,0.5122,0.5088,7.0,5.0
2022-06-09,LAA,BOS,-133.0,114.0,0.5708,0.4673,0.5499,5.0,2.0
2022-06-09,MIA,WSN,-148.0,125.0,0.5968,0.4444,0.5731,7.0,4.0
2022-06-09,MIL,PHI,-177.0,145.0,0.639,0.4082,0.6102,3.0,8.0
2022-06-09,MIN,NYY,175.0,-214.0,0.3636,0.6815,0.3479,7.0,10.0
2022-06-09,SFG,COL,-252.0,210.0,0.7159,0.3226,0.6894,2.0,4.0
2022-06-09,TBR,STL,-167.0,140.0,0.6255,0.4167,0.6002,2.0,1.0
2022-06-10,ATL,PIT,-220.0,175.0,0.6875,0.3636,0.6541,4.0,2.0
2022-06-10,CHW,TEX,-143.0,120.0,0.5885,0.4545,0.5642,8.0,3.0
2022-06-10,CLE,ATH,-165.0,136.0,0.6226,0.4237,0.595,3.0,2.0
2022-06-10,DET,TOR,188.0,-230.0,0.3472,0.697,0.3325,1.0,10.0
2022-06-10,HOU,MIA,-161.0,135.0,0.6169,0.4255,0.5918,4.0,7.0
2022-06-10,KCR,BAL,-104.0,-114.0,0.5098,0.5327,0.489,8.0,1.0
2022-06-10,LAA,NYM,115.0,-136.0,0.4651,0.5763,0.4466,3.0,7.0
2022-06-10,MIN,TBR,-124.0,105.0,0.5536,0.4878,0.5316,,
2022-06-10,NYY,CHC,-250.0,210.0,0.7143,0.3226,0.6889,2.0,1.0
2022-06-10,PHI,ARI,-148.0,125.0,0.5968,0.4444,0.5731,7.0,5.0
2022-06-10,SDP,COL,-265.0,217.0,0.726,0.3155,0.6971,9.0,0.0
2022-06-10,SEA,BOS,-106.0,-115.0,0.5146,0.5349,0.4903,3.0,4.0
2022-06-10,SFG,LAD,135.0,-159.0,0.4255,0.6139,0.4094,7.0,2.0
2022-06-10,STL,CIN,-139.0,120.0,0.5816,0.4545,0.5613,2.0,0.0
2022-06-10,WSN,MIL,151.0,-180.0,0.3984,0.6429,0.3826,11.0,5.0
2022-06-11,ATL,PIT,-245.0,200.0,0.7101,0.3333,0.6806,10.0,4.0
2022-06-11,CHW,TEX,-165.0,137.0,0.6226,0.4219,0.5961,9.0,11.0
2022-06-11,CLE,ATH,-131.0,110.0,0.5671,0.4762,0.5436,5.0,10.0
2022-06-11,DET,TOR,230.0,-280.0,0.303,0.7368,0.2914,3.0,1.0
2022-06-11,HOU,MIA,-295.0,232.0,0.7468,0.3012,0.7126,1.0,5.0
2022-06-11,KCR,BAL,100.0,-117.0,0.5,0.5392,0.4812,4.0,6.0
2022-06-11,LAA,NYM,110.0,-131.0,0.4762,0.5671,0.4564,11.0,6.0
2022-06-11,MIN,TBR,125.0,-148.0,0.4444,0.5968,0.4269,6.0,5.0
2022-06-11,NYY,CHC,-236.0,195.0,0.7024,0.339,0.6745,,
2022-06-11,PHI,ARI,-260.0,210.0,0.7222,0.3226,0.6913,4.0,0.0
2022-06-11,SDP,COL,-192.0,157.0,0.6575,0.3891,0.6282,2.0,1.0
2022-06-11,SEA,BOS,-125.0,105.0,0.5556,0.4878,0.5325,7.0,6.0
2022-06-11,SFG,LAD,172.0,-210.0,0.3676,0.6774,0.3518,3.0,2.0
2022-06-11,STL,CIN,-190.0,157.0,0.6552,0.3891,0.6274,5.0,4.0
2022-06-11,WSN,MIL,135.0,-161.0,0.4255,0.6169,0.4082,8.0,6.0
2022-06-12,ATL,PIT,-265.0,200.0,0.726,0.3333,0.6853,5.0,3.0
2022-06-12,CHW,TEX,-148.0,125.0,0.5968,0.4444,0.5731,6.0,8.0
2022-06-12,CLE,ATH,-180.0,150.0,0.6429,0.4,0.6164,6.0,3.0
2022-06-12,DET,TOR,110.0,-134.0,0.4762,0.5726,0.454,0.0,6.0
2022-06-12,HOU,MIA,-260.0,215.0,0.7222,0.3175,0.6947,9.0,4.0
2022-06-12,KCR,BAL,-142.0,119.0,0.5868,0.4566,0.5624,7.0,10.0
2022-06-12,LAA,NYM,-130.0,112.0,0.5652,0.4717,0.5451,1.0,4.0
2022-06-12,MIN,TBR,107.0,-129.0,0.4831,0.5633,0.4617,0.0,6.0
2022-06-12,NYY,CHC,-225.0,186.0,0.6923,0.3497,0.6644,18.0,4.0
2022-06-12,PHI,ARI,-195.0,162.0,0.661,0.3817,0.6339,1.0,13.0
2022-06-12,SDP,COL,-192.0,160.0,0.6575,0.3846,0.6309,2.0,4.0
2022-06-12,SEA,BOS,-144.0,123.0,0.5902,0.4484,0.5682,0.0,2.0
2022-06-12,SFG,LAD,122.0,-146.0,0.4505,0.5935,0.4315,2.0,0.0
2022-06-12,STL,CIN,-158.0,135.0,0.6124,0.4255,0.59,6.0,7.0
2022-06-12,WSN,MIL,110.0,-131.0,0.4762,0.5671,0.4564,1.0,4.0
2022-06-13,ARI,CIN,-165.0,138.0,0.6226,0.4202,0.5971,4.0,5.0
2022-06-13,CHC,SDP,109.0,-130.0,0.4785,0.5652,0.4584,1.0,4.0
2022-06-13,DET,CHW,116.0,-137.0,0.463,0.5781,0.4447,5.0,9.0
2022-06-13,PHI,MIA,-127.0,106.0,0.5595,0.4854,0.5354,3.0,2.0
2022-06-13,SEA,MIN,-114.0,100.0,0.5327,0.5,0.5158,2.0,3.0
2022-06-13,SFG,KCR,-175.0,148.0,0.6364,0.4032,0.6121,6.0,2.0
2022-06-13,STL,PIT,-190.0,160.0,0.6552,0.3846,0.6301,7.0,5.0
2022-06-13,TEX,HOU,137.0,-159.0,0.4219,0.6139,0.4073,5.0,3.0
2022-06-13,TOR,BAL,-285.0,235.0,0.7403,0.2985,0.7126,11.0,1.0
2022-06-13,WSN,ATL,127.0,-149.0,0.4405,0.5984,0.424,5.0,9.0
2022-06-14,ARI,CIN,-121.0,103.0,0.5475,0.4926,0.5264,3.0,5.0
2022-06-14,BOS,ATH,-240.0,199.0,0.7059,0.3344,0.6785,6.0,1.0
2022-06-14,CHC,SDP,115.0,-136.0,0.4651,0.5763,0.4466,5.0,12.0
2022-06-14,COL,CLE,147.0,-180.0,0.4049,0.6429,0.3864,3.0,4.0
2022-06-14,DET,CHW,151.0,-180.0,0.3984,0.6429,0.3826,1.0,5.0
2022-06-14,LAD,LAA,-205.0,165.0,0.6721,0.3774,0.6404,2.0,0.0
2022-06-14,NYM,MIL,-159.0,135.0,0.6139,0.4255,0.5906,4.0,0.0
2022-06-14,NYY,TBR,-225.0,182.0,0.6923,0.3546,0.6613,2.0,0.0
2022-06-14,PHI,MIA,-150.0,125.0,0.6,0.4444,0.5745,9.0,11.0
2022-06-14,SEA,MIN,-125.0,106.0,0.5556,0.4854,0.5337,5.0,0.0
2022-06-14,SFG,KCR,-250.0,200.0,0.7143,0.3333,0.6818,4.0,2.0
2022-06-14,STL,PIT,-167.0,144.0,0.6255,0.4098,0.6041,3.0,1.0
2022-06-14,TEX,HOU,105.0,-127.0,0.4878,0.5595,0.4658,3.0,4.0
2022-06-14,TOR,BAL,-230.0,190.0,0.697,0.3448,0.669,5.0,6.0
2022-06-14,WSN,ATL,235.0,-315.0,0.2985,0.759,0.2823,4.0,10.0
2022-06-15,ARI,CIN,-139.0,118.0,0.5816,0.4587,0.5591,7.0,4.0
2022-06-15,BOS,ATH,-195.0,160.0,0.661,0.3846,0.6322,10.0,1.0
2022-06-15,CHC,SDP,-143.0,121.0,0.5885,0.4525,0.5653,5.0,19.0
2022-06-15,COL,CLE,-120.0,101.0,0.5455,0.4975,0.523,5.0,7.0
2022-06-15,DET,CHW,-115.0,-104.0,0.5349,0.5098,0.512,0.0,13.0
2022-06-15,LAD,LAA,-214.0,175.0,0.6815,0.3636,0.6521,4.0,1.0
2022-06-15,NYM,MIL,110.0,-133.0,0.4762,0.5708,0.4548,2.0,10.0
2022-06-15,NYY,TBR,-141.0,119.0,0.5851,0.4566,0.5617,4.0,3.0
2022-06-15,PHI,MIA,-180.0,142.0,0.6429,0.4132,0.6087,3.0,1.0
2022-06-15,SEA,MIN,125.0,-148.0,0.4444,0.5968,0.4269,0.0,5.0
2022-06-15,SFG,KCR,-210.0,167.0,0.6774,0.3745,0.644,2.0,3.0
2022-06-15,STL,PIT,-202.0,167.0,0.6689,0.3745,0.641,4.0,6.0
2022-06-15,TEX,HOU,137.0,-161.0,0.4219,0.6169,0.4062,2.0,9.0
2022-06-15,TOR,BAL,-334.0,247.0,0.7696,0.2882,0.7276,7.0,6.0
2022-06-15,WSN,ATL,180.0,-215.0,0.3571,0.6825,0.3435,2.0,8.0
2022-06-16,BOS,ATH,-177.0,148.0,0.639,0.4032,0.6131,3.0,4.0
2022-06-16,CHC,SDP,160.0,-195.0,0.3846,0.661,0.3678,4.0,6.0
2022-06-16,COL,CLE,114.0,-140.0,0.4673,0.5833,0.4448,2.0,4.0
2022-06-16,DET,TEX,137.0,-162.0,0.4219,0.6183,0.4056,1.0,3.0
2022-06-16,NYM,MIL,-132.0,110.0,0.569,0.4762,0.5444,5.0,4.0
2022-06-16,NYY,TBR,-180.0,148.0,0.6429,0.4032,0.6145,2.0,1.0
2022-06-16,SEA,LAA,120.0,-147.0,0.4545,0.5951,0.433,1.0,4.0
2022-06-16,TOR,BAL,-260.0,210.0,0.7222,0.3226,0.6913,2.0,10.0
2022-06-16,WSN,PHI,175.0,-214.0,0.3636,0.6815,0.3479,1.0,10.0
2022-06-17,ARI,MIN,117.0,-139.0,0.4608,0.5816,0.4421,7.0,2.0
2022-06-17,BAL,TBR,122.0,-148.0,0.4505,0.5968,0.4301,1.0,0.0
2022-06-17,BOS,STL,-118.0,100.0,0.5413,0.5,0.5198,6.0,5.0
2022-06-17,CHC,ATL,155.0,-182.0,0.3922,0.6454,0.378,1.0,0.0
2022-06-17,CIN,MIL,-105.0,-115.0,0.5122,0.5349,0.4892,4.0,5.0
2022-06-17,COL,SDP,127.0,-149.0,0.4405,0.5984,0.424,10.0,4.0
2022-06-17,DET,TEX,-124.0,105.0,0.5536,0.4878,0.5316,0.0,7.0
2022-06-17,HOU,CHW,-175.0,140.0,0.6364,0.4167,0.6043,13.0,3.0
2022-06-17,LAD,CLE,-278.0,232.0,0.7354,0.3012,0.7094,1.0,2.0
2022-06-17,NYM,MIA,-155.0,130.0,0.6078,0.4348,0.583,10.0,4.0
2022-06-17,ATH,KCR,-160.0,135.0,0.6154,0.4255,0.5912,1.0,5.0
2022-06-17,PIT,SFG,172.0,-210.0,0.3676,0.6774,0.3518,,
2022-06-17,SEA,LAA,-148.0,125.0,0.5968,0.4444,0.5731,8.0,1.0
2022-06-17,TOR,NYY,-106.0,-116.0,0.5146,0.537,0.4893,3.0,12.0
2022-06-17,WSN,PHI,160.0,-188.0,0.3846,0.6528,0.3708,,
2022-06-18,ARI,MIN,-105.0,-114.0,0.5122,0.5327,0.4902,1.0,11.0
2022-06-18,BAL,TBR,144.0,-175.0,0.4098,0.6364,0.3917,6.0,7.0
2022-06-18,BOS,STL,-117.0,-100.0,0.5392,0.5,0.5188,2.0,11.0
2022-06-18,CHC,ATL,168.0,-205.0,0.3731,0.6721,0.357,6.0,3.0
2022-06-18,CIN,MIL,-115.0,-104.0,0.5349,0.5098,0.512,3.0,7.0
2022-06-18,COL,SDP,101.0,-120.0,0.4975,0.5455,0.477,5.0,4.0
2022-06-18,DET,TEX,104.0,-124.0,0.4902,0.5536,0.4696,14.0,7.0
2022-06-18,HOU,CHW,-250.0,210.0,0.7143,0.3226,0.6889,0.0,7.0
2022-06-18,LAD,CLE,-286.0,232.0,0.7409,0.3012,0.711,7.0,1.0
2022-06-18,NYM,MIA,-177.0,150.0,0.639,0.4,0.615,3.0,2.0
2022-06-18,ATH,KCR,-117.0,-106.0,0.5392,0.5146,0.5117,0.0,2.0
2022-06-18,PIT,SFG,147.0,-180.0,0.4049,0.6429,0.3864,5.0,7.0
2022-06-18,SEA,LAA,115.0,-138.0,0.4651,0.5798,0.4451,2.0,4.0
2022-06-18,TOR,NYY,-152.0,128.0,0.6032,0.4386,0.579,0.0,4.0
2022-06-18,WSN,PHI,140.0,-165.0,0.4167,0.6226,0.4009,1.0,2.0
2022-06-19,ARI,MIN,108.0,-128.0,0.4808,0.5614,0.4613,7.0,1.0
2022-06-19,BAL,TBR,132.0,-154.0,0.431,0.6063,0.4155,2.0,1.0
2022-06-19,BOS,STL,-155.0,133.0,0.6078,0.4292,0.5861,6.0,4.0
2022-06-19,CHC,ATL,139.0,-163.0,0.4184,0.6198,0.403,0.0,6.0
2022-06-19,CIN,MIL,115.0,-137.0,0.4651,0.5781,0.4459,3.0,6.0
2022-06-19,COL,SDP,123.0,-144.0,0.4484,0.5902,0.4318,8.0,3.0
2022-06-19,DET,TEX,130.0,-150.0,0.4348,0.6,0.4202,7.0,3.0
2022-06-19,HOU,CHW,-157.0,132.0,0.6109,0.431,0.5863,4.0,3.0
2022-06-19,LAD,CLE,-180.0,150.0,0.6429,0.4,0.6164,,
2022-06-19,NYM,MIA,-146.0,125.0,0.5935,0.4444,0.5718,2.0,6.0
2022-06-19,ATH,KCR,130.0,-157.0,0.4348,0.6109,0.4158,4.0,0.0
2022-06-19,PIT,SFG,160.0,-188.0,0.3846,0.6528,0.3708,4.0,3.0
2022-06-19,SEA,LAA,-175.0,145.0,0.6364,0.4082,0.6092,0.0,4.0
2022-06-19,TOR,NYY,138.0,-167.0,0.4202,0.6255,0.4018,10.0,9.0
2022-06-19,WSN,PHI,140.0,-166.0,0.4167,0.6241,0.4004,9.0,3.0
2022-06-20,ATL,SFG,-159.0,134.0,0.6139,0.4274,0.5896,2.0,1.0
2022-06-20,BOS,DET,-191.0,156.0,0.6564,0.3906,0.6269,5.0,2.0
2022-06-20,CHW,TOR,105.0,-127.0,0.4878,0.5595,0.4658,8.0,7.0
2022-06-20,LAA,KCR,-200.0,165.0,0.6667,0.3774,0.6386,2.0,6.0
2022-06-20,MIL,STL,-180.0,145.0,0.6429,0.4082,0.6117,2.0,0.0
2022-06-20,NYM,MIA,-167.0,136.0,0.6255,0.4237,0.5961,6.0,0.0
2022-06-20,PIT,CHC,-120.0,100.0,0.5455,0.5,0.5217,12.0,1.0
2022-06-20,SDP,ARI,-176.0,147.0,0.6377,0.4049,0.6117,,
2022-06-20,TBR,NYY,120.0,-140.0,0.4545,0.5833,0.438,2.0,4.0
2022-06-21,ATL,SFG,-185.0,155.0,0.6491,0.3922,0.6234,10.0,12.0
2022-06-21,BAL,WSN,-130.0,110.0,0.5652,0.4762,0.5427,0.0,3.0
2022-06-21,BOS,DET,-200.0,165.0,0.6667,0.3774,0.6386,5.0,4.0
2022-06-21,CHW,TOR,111.0,-131.0,0.4739,0.5671,0.4553,7.0,6.0
2022-06-21,CIN,LAD,150.0,-181.0,0.4,0.6441,0.3831,2.0,8.0
2022-06-21,HOU,NYM,-145.0,121.0,0.5918,0.4525,0.5667,8.0,2.0
2022-06-21,LAA,KCR,-177.0,148.0,0.639,0.4032,0.6131,11.0,12.0
2022-06-21,MIA,COL,-125.0,105.0,0.5556,0.4878,0.5325,9.0,8.0
2022-06-21,MIL,STL,106.0,-125.0,0.4854,0.5556,0.4663,2.0,6.0
2022-06-21,MIN,CLE,-167.0,136.0,0.6255,0.4237,0.5961,5.0,6.0
2022-06-21,ATH,SEA,115.0,-135.0,0.4651,0.5745,0.4474,2.0,8.0
2022-06-21,PIT,CHC,-153.0,126.0,0.6047,0.4425,0.5775,7.0,1.0
2022-06-21,SDP,ARI,-141.0,120.0,0.5851,0.4545,0.5628,3.0,2.0
2022-06-21,TBR,NYY,140.0,-165.0,0.4167,0.6226,0.4009,5.0,4.0
2022-06-21,TEX,PHI,-134.0,112.0,0.5726,0.4717,0.5483,7.0,0.0
2022-06-22,ATL,SFG,-139.0,117.0,0.5816,0.4608,0.5579,4.0,3.0
2022-06-22,BAL,WSN,-159.0,132.0,0.6139,0.431,0.5875,7.0,0.0
2022-06-22,BOS,DET,-141.0,119.0,0.5851,0.4566,0.5617,6.0,2.0
2022-06-22,CHW,TOR,102.0,-117.0,0.495,0.5392,0.4787,5.0,9.0
2022-06-22,CIN,LAD,140.0,-165.0,0.4167,0.6226,0.4009,4.0,8.0
2022-06-22,HOU,NYM,-141.0,117.0,0.5851,0.4608,0.5594,5.0,3.0
2022-06-22,LAA,KCR,-220.0,185.0,0.6875,0.3509,0.6621,5.0,0.0
2022-06-22,MIA,COL,-200.0,165.0,0.6667,0.3774,0.6386,7.0,4.0
2022-06-22,MIL,STL,-119.0,-102.0,0.5434,0.505,0.5183,4.0,5.0
2022-06-22,MIN,CLE,-163.0,135.0,0.6198,0.4255,0.5929,10.0,11.0
2022-06-22,ATH,SEA,116.0,-136.0,0.463,0.5763,0.4455,0.0,9.0
2022-06-22,PIT,CHC,117.0,-141.0,0.4608,0.5851,0.4406,5.0,14.0
2022-06-22,SDP,ARI,-170.0,145.0,0.6296,0.4082,0.6067,10.0,4.0
2022-06-22,TBR,NYY,135.0,-159.0,0.4255,0.6139,0.4094,4.0,5.0
2022-06-22,TEX,PHI,125.0,-148.0,0.4444,0.5968,0.4269,4.0,2.0
2022-06-23,ATL,SFG,-148.0,123.0,0.5968,0.4484,0.571,7.0,6.0
2022-06-23,CHW,BAL,-167.0,137.0,0.6255,0.4219,0.5972,0.0,4.0
2022-06-23,CIN,LAD,192.0,-235.0,0.3425,0.7015,0.328,5.0,10.0
2022-06-23,MIA,COL,-148.0,128.0,0.5968,0.4386,0.5764,3.0,2.0
2022-06-23,MIL,STL,-124.0,104.0,0.5536,0.4902,0.5304,6.0,4.0
2022-06-23,MIN,CLE,-136.0,115.0,0.5763,0.4651,0.5534,1.0,0.0
2022-06-23,NYY,HOU,-137.0,117.0,0.5781,0.4608,0.5564,7.0,6.0
2022-06-23,ATH,SEA,103.0,-120.0,0.4926,0.5455,0.4745,1.0,2.0
2022-06-23,PIT,CHC,-105.0,-115.0,0.5122,0.5349,0.4892,8.0,7.0
2022-06-23,SDP,PHI,-162.0,133.0,0.6183,0.4292,0.5903,,
2022-06-24,ARI,DET,-175.0,146.0,0.6364,0.4065,0.6102,1.0,5.0
2022-06-24,ATL,LAD,108.0,-127.0,0.4808,0.5595,0.4622,1.0,4.0
2022-06-24,CHW,BAL,-178.0,149.0,0.6403,0.4016,0.6145,1.0,4.0
2022-06-24,CLE,BOS,-102.0,-119.0,0.505,0.5434,0.4817,3.0,6.0
2022-06-24,KCR,ATH,-154.0,130.0,0.6063,0.4348,0.5824,3.0,1.0
2022-06-24,LAA,SEA,-155.0,133.0,0.6078,0.4292,0.5861,3.0,4.0
2022-06-24,MIA,NYM,-142.0,121.0,0.5868,0.4525,0.5646,3.0,5.0
2022-06-24,MIL,TOR,117.0,-140.0,0.4608,0.5833,0.4413,4.0,9.0
2022-06-24,MIN,COL,-155.0,131.0,0.6078,0.4329,0.584,0.0,1.0
2022-06-24,NYY,HOU,-131.0,110.0,0.5671,0.4762,0.5436,1.0,3.0
2022-06-24,SDP,PHI,115.0,-138.0,0.4651,0.5798,0.4451,1.0,0.0
2022-06-24,SFG,CIN,-225.0,186.0,0.6923,0.3497,0.6644,2.0,4.0
2022-06-24,STL,CHC,-178.0,143.0,0.6403,0.4115,0.6087,0.0,3.0
2022-06-24,TBR,PIT,-209.0,172.0,0.6764,0.3676,0.6479,4.0,3.0
2022-06-24,TEX,WSN,-167.0,139.0,0.6255,0.4184,0.5992,1.0,2.0
2022-06-25,ARI,DET,-166.0,137.0,0.6241,0.4219,0.5966,3.0,6.0
2022-06-25,ATL,LAD,-152.0,128.0,0.6032,0.4386,0.579,5.0,3.0
2022-06-25,CHW,BAL,-212.0,175.0,0.6795,0.3636,0.6514,2.0,6.0
2022-06-25,CLE,BOS,-169.0,141.0,0.6283,0.4149,0.6022,2.0,4.0
2022-06-25,KCR,ATH,-178.0,150.0,0.6403,0.4,0.6155,7.0,9.0
2022-06-25,LAA,SEA,-140.0,115.0,0.5833,0.4651,0.5564,3.0,5.0
2022-06-25,MIA,NYM,125.0,-149.0,0.4444,0.5984,0.4262,3.0,5.0
2022-06-25,MIL,TOR,-202.0,160.0,0.6689,0.3846,0.6349,5.0,4.0
2022-06-25,MIN,COL,-178.0,149.0,0.6403,0.4016,0.6145,,
2022-06-25,NYY,HOU,-195.0,160.0,0.661,0.3846,0.6322,0.0,3.0
2022-06-25,SDP,PHI,-139.0,115.0,0.5816,0.4651,0.5556,2.0,4.0
2022-06-25,SFG,CIN,-270.0,215.0,0.7297,0.3175,0.6968,9.0,2.0
2022-06-25,STL,CHC,-233.0,189.0,0.6997,0.346,0.6691,5.0,3.0
2022-06-25,TBR,PIT,-189.0,152.0,0.654,0.3968,0.6224,6.0,5.0
2022-06-25,TEX,WSN,-145.0,120.0,0.5918,0.4545,0.5656,3.0,2.0
2022-06-26,ARI,DET,-127.0,105.0,0.5595,0.4878,0.5342,11.0,7.0
2022-06-26,ATL,LAD,-105.0,-125.0,0.5122,0.5556,0.4797,3.0,5.0
2022-06-26,CHW,BAL,-232.0,190.0,0.6988,0.3448,0.6696,4.0,3.0
2022-06-26,CLE,BOS,-109.0,-109.0,0.5215,0.5215,0.5,3.0,8.0
2022-06-26,KCR,ATH,-177.0,150.0,0.639,0.4,0.615,3.0,5.0
2022-06-26,LAA,SEA,-136.0,113.0,0.5763,0.4695,0.5511,2.0,1.0
2022-06-26,MIA,NYM,130.0,-155.0,0.4348,0.6078,0.417,3.0,2.0
2022-06-26,MIL,TOR,135.0,-162.0,0.4255,0.6183,0.4077,10.0,3.0
2022-06-26,MIN,COL,-230.0,190.0,0.697,0.3448,0.669,6.0,3.0
2022-06-26,NYY,HOU,-187.0,154.0,0.6516,0.3937,0.6233,6.0,3.0
2022-06-26,SDP,PHI,-163.0,135.0,0.6198,0.4255,0.5929,5.0,8.0
2022-06-26,SFG,CIN,-161.0,135.0,0.6169,0.4255,0.5918,3.0,10.0
2022-06-26,STL,CHC,-171.0,145.0,0.631,0.4082,0.6072,5.0,6.0
2022-06-26,TBR,PIT,-250.0,205.0,0.7143,0.3279,0.6854,4.0,2.0
2022-06-26,TEX,WSN,-173.0,144.0,0.6337,0.4098,0.6073,4.0,6.0
2022-06-27,CLE,MIN,109.0,-129.0,0.4785,0.5633,0.4593,1.0,11.0
2022-06-27,COL,LAD,161.0,-195.0,0.3831,0.661,0.3669,4.0,0.0
2022-06-27,KCR,TEX,121.0,-144.0,0.4525,0.5902,0.434,4.0,10.0
2022-06-27,LAA,CHW,-143.0,120.0,0.5885,0.4545,0.5642,4.0,3.0
2022-06-27,NYY,ATH,-304.0,247.0,0.7525,0.2882,0.7231,9.0,5.0
2022-06-27,SEA,BAL,-152.0,130.0,0.6032,0.4348,0.5811,2.0,9.0
2022-06-27,STL,MIA,-134.0,112.0,0.5726,0.4717,0.5483,9.0,0.0
2022-06-27,TOR,BOS,-192.0,163.0,0.6575,0.3802,0.6336,7.0,2.0
2022-06-27,WSN,PIT,-151.0,128.0,0.6016,0.4386,0.5783,3.0,2.0
2022-06-28,ARI,SDP,-111.0,-109.0,0.5261,0.5215,0.5022,7.0,6.0
2022-06-28,CHC,CIN,-124.0,105.0,0.5536,0.4878,0.5316,3.0,5.0
2022-06-28,CLE,MIN,-115.0,-106.0,0.5349,0.5146,0.5097,3.0,2.0
2022-06-28,COL,LAD,185.0,-220.0,0.3509,0.6875,0.3379,7.0,4.0
2022-06-28,KCR,TEX,131.0,-155.0,0.4329,0.6078,0.416,3.0,8.0
2022-06-28,LAA,CHW,-125.0,104.0,0.5556,0.4902,0.5312,4.0,11.0
2022-06-28,NYM,HOU,105.0,-124.0,0.4878,0.5536,0.4684,1.0,9.0
2022-06-28,NYY,ATH,-200.0,164.0,0.6667,0.3788,0.6377,2.0,1.0
2022-06-28,PHI,ATL,-125.0,101.0,0.5556,0.4975,0.5276,3.0,5.0
2022-06-28,SEA,BAL,-177.0,142.0,0.639,0.4132,0.6073,2.0,0.0
2022-06-28,SFG,DET,-222.0,182.0,0.6894,0.3546,0.6604,4.0,3.0
2022-06-28,STL,MIA,-147.0,124.0,0.5951,0.4464,0.5714,5.0,3.0
2022-06-28,TBR,MIL,-117.0,-102.0,0.5392,0.505,0.5164,3.0,5.0
2022-06-28,TOR,BOS,-141.0,118.0,0.5851,0.4587,0.5605,6.0,5.0
2022-06-28,WSN,PIT,-130.0,110.0,0.5652,0.4762,0.5427,3.0,1.0
2022-06-29,ARI,SDP,114.0,-133.0,0.4673,0.5708,0.4501,0.0,4.0
2022-06-29,CHC,CIN,-139.0,117.0,0.5816,0.4608,0.5579,8.0,3.0
2022-06-29,CLE,MIN,-130.0,110.0,0.5652,0.4762,0.5427,7.0,6.0
2022-06-29,COL,LAD,178.0,-211.0,0.3597,0.6785,0.3465,4.0,8.0
2022-06-29,KCR,TEX,-104.0,-114.0,0.5098,0.5327,0.489,2.0,1.0
2022-06-29,LAA,CHW,-189.0,157.0,0.654,0.3891,0.627,4.0,1.0
2022-06-29,NYM,HOU,124.0,-152.0,0.4464,0.6032,0.4253,0.0,2.0
2022-06-29,NYY,ATH,-345.0,282.0,0.7753,0.2618,0.7476,5.0,3.0
2022-06-29,PHI,ATL,114.0,-134.0,0.4673,0.5726,0.4493,1.0,4.0
2022-06-29,SEA,BAL,-130.0,110.0,0.5652,0.4762,0.5427,9.0,3.0
2022-06-29,SFG,DET,-198.0,163.0,0.6644,0.3802,0.636,2.0,3.0
2022-06-29,STL,MIA,113.0,-136.0,0.4695,0.5763,0.4489,3.0,4.0
2022-06-29,TBR,MIL,-130.0,109.0,0.5652,0.4785,0.5416,3.0,5.0
2022-06-29,TOR,BOS,-171.0,142.0,0.631,0.4132,0.6043,5.0,6.0
2022-06-29,WSN,PIT,-150.0,128.0,0.6,0.4386,0.5777,7.0,8.0
2022-06-30,CHC,CIN,-128.0,106.0,0.5614,0.4854,0.5363,15.0,7.0
2022-06-30,CLE,MIN,-155.0,131.0,0.6078,0.4329,0.584,5.0,3.0
2022-06-30,HOU,NYY,120.0,-142.0,0.4545,0.5868,0.4365,2.0,1.0
2022-06-30,LAD,SDP,-135.0,114.0,0.5745,0.4673,0.5514,3.0,1.0
2022-06-30,PHI,ATL,-152.0,127.0,0.6032,0.4405,0.5779,14.0,4.0
2022-06-30,PIT,MIL,117.0,-139.0,0.4608,0.5816,0.4421,8.0,7.0
2022-06-30,SEA,ATH,-240.0,199.0,0.7059,0.3344,0.6785,8.0,6.0
2022-06-30,TOR,TBR,-148.0,126.0,0.5968,0.4425,0.5742,4.0,1.0
2022-07-01,CHC,BOS,125.0,-148.0,0.4444,0.5968,0.4269,6.0,5.0
2022-07-01,CIN,ATL,227.0,-276.0,0.3058,0.734,0.2941,1.0,9.0
2022-07-01,COL,ARI,-119.0,-101.0,0.5434,0.5025,0.5195,3.0,9.0
2022-07-01,DET,KCR,-120.0,100.0,0.5455,0.5,0.5217,1.0,3.0
2022-07-01,HOU,LAA,-170.0,140.0,0.6296,0.4167,0.6018,8.0,1.0
2022-07-01,LAD,SDP,-179.0,150.0,0.6416,0.4,0.616,5.0,1.0
2022-07-01,MIN,BAL,-250.0,200.0,0.7143,0.3333,0.6818,,
2022-07-01,NYM,TEX,-185.0,155.0,0.6491,0.3922,0.6234,4.0,3.0
2022-07-01,PHI,STL,120.0,-145.0,0.4545,0.5918,0.4344,5.0,3.0
2022-07-01,PIT,MIL,170.0,-200.0,0.3704,0.6667,0.3571,2.0,19.0
2022-07-01,SEA,ATH,-182.0,150.0,0.6454,0.4,0.6174,1.0,3.0
2022-07-01,SFG,CHW,-154.0,130.0,0.6063,0.4348,0.5824,0.0,1.0
2022-07-01,TOR,TBR,-147.0,123.0,0.5951,0.4484,0.5703,9.0,2.0
2022-07-01,WSN,MIA,-131.0,110.0,0.5671,0.4762,0.5436,3.0,6.0
2022-07-02,CHC,BOS,131.0,-155.0,0.4329,0.6078,0.416,3.0,1.0
2022-07-02,CIN,ATL,155.0,-185.0,0.3922,0.6491,0.3766,1.0,4.0
2022-07-02,CLE,NYY,235.0,-285.0,0.2985,0.7403,0.2874,4.0,13.0
2022-07-02,COL,ARI,-165.0,140.0,0.6226,0.4167,0.5991,11.0,7.0
2022-07-02,DET,KCR,-136.0,114.0,0.5763,0.4673,0.5522,4.0,3.0
2022-07-02,HOU,LAA,-162.0,138.0,0.6183,0.4202,0.5954,9.0,1.0
2022-07-02,LAD,SDP,-152.0,130.0,0.6032,0.4348,0.5811,7.0,2.0
2022-07-02,MIN,BAL,-252.0,212.0,0.7159,0.3205,0.6908,4.0,3.0
2022-07-02,NYM,TEX,-137.0,115.0,0.5781,0.4651,0.5541,3.0,7.0
2022-07-02,PHI,STL,-125.0,106.0,0.5556,0.4854,0.5337,6.0,7.0
2022-07-02,PIT,MIL,182.0,-216.0,0.3546,0.6835,0.3416,7.0,4.0
2022-07-02,SEA,ATH,-181.0,155.0,0.6441,0.3922,0.6216,2.0,1.0
2022-07-02,SFG,CHW,-145.0,125.0,0.5918,0.4444,0.5711,3.0,5.0
2022-07-02,TOR,TBR,-139.0,120.0,0.5816,0.4545,0.5613,2.0,6.0
2022-07-02,WSN,MIA,-106.0,-115.0,0.5146,0.5349,0.4903,3.0,5.0
2022-07-03,CHC,BOS,-115.0,-101.0,0.5349,0.5025,0.5156,,
2022-07-03,CIN,ATL,150.0,-177.0,0.4,0.639,0.385,4.0,3.0
2022-07-03,CLE,NYY,136.0,-167.0,0.4237,0.6255,0.4039,2.0,0.0
2022-07-03,COL,ARI,102.0,-118.0,0.495,0.5413,0.4777,6.0,5.0
2022-07-03,DET,KCR,-148.0,125.0,0.5968,0.4444,0.5731,4.0,7.0
2022-07-03,HOU,LAA,-242.0,202.0,0.7076,0.3311,0.6812,4.0,2.0
2022-07-03,LAD,SDP,-211.0,175.0,0.6785,0.3636,0.6511,2.0,4.0
2022-07-03,MIN,BAL,-159.0,132.0,0.6139,0.431,0.5875,1.0,3.0
2022-07-03,NYM,TEX,-139.0,115.0,0.5816,0.4651,0.5556,4.0,1.0
2022-07-03,PHI,STL,-173.0,144.0,0.6337,0.4098,0.6073,4.0,0.0
2022-07-03,PIT,MIL,178.0,-214.0,0.3597,0.6815,0.3455,0.0,2.0
2022-07-03,SEA,ATH,-152.0,128.0,0.6032,0.4386,0.579,2.0,1.0
2022-07-03,SFG,CHW,-139.0,115.0,0.5816,0.4651,0.5556,,
2022-07-03,TOR,TBR,-134.0,115.0,0.5726,0.4651,0.5518,3.0,7.0
2022-07-03,WSN,MIA,109.0,-129.0,0.4785,0.5633,0.4593,4.0,7.0
2022-07-04,ARI,SFG,164.0,-197.0,0.3788,0.6633,0.3635,8.0,3.0
2022-07-04,ATL,STL,-182.0,155.0,0.6454,0.3922,0.622,6.0,3.0
2022-07-04,BAL,TEX,-108.0,-110.0,0.5192,0.5238,0.4978,7.0,6.0
2022-07-04,BOS,TBR,-120.0,102.0,0.5455,0.495,0.5242,4.0,0.0
2022-07-04,CHW,MIN,-144.0,119.0,0.5902,0.4566,0.5638,3.0,6.0
2022-07-04,CIN,NYM,150.0,-177.0,0.4,0.639,0.385,4.0,7.0
2022-07-04,DET,CLE,132.0,-156.0,0.431,0.6094,0.4143,4.0,1.0
2022-07-04,HOU,KCR,-270.0,220.0,0.7297,0.3125,0.7002,7.0,6.0
2022-07-04,LAD,COL,-305.0,252.0,0.7531,0.2841,0.7261,5.0,3.0
2022-07-04,MIL,CHC,-152.0,127.0,0.6032,0.4405,0.5779,5.0,2.0
2022-07-04,ATH,TOR,225.0,-276.0,0.3077,0.734,0.2954,5.0,1.0
2022-07-04,SDP,SEA,-197.0,157.0,0.6633,0.3891,0.6303,2.0,8.0
2022-07-04,WSN,MIA,-115.0,-104.0,0.5349,0.5098,0.512,2.0,3.0
2022-07-05,ARI,SFG,140.0,-165.0,0.4167,0.6226,0.4009,6.0,2.0
2022-07-05,ATL,STL,-148.0,126.0,0.5968,0.4425,0.5742,7.0,1.0
2022-07-05,BAL,TEX,-109.0,-110.0,0.5215,0.5238,0.4989,10.0,9.0
2022-07-05,BOS,TBR,-130.0,110.0,0.5652,0.4762,0.5427,4.0,8.0
2022-07-05,CHW,MIN,-133.0,112.0,0.5708,0.4717,0.5475,2.0,8.0
2022-07-05,CIN,NYM,191.0,-232.0,0.3436,0.6988,0.3297,1.0,0.0
2022-07-05,DET,CLE,135.0,-158.0,0.4255,0.6124,0.41,11.0,4.0
2022-07-05,HOU,KCR,-286.0,220.0,0.7409,0.3125,0.7034,9.0,7.0
2022-07-05,LAD,COL,-230.0,190.0,0.697,0.3448,0.669,5.0,2.0
2022-07-05,MIA,LAA,-153.0,124.0,0.6047,0.4464,0.5753,2.0,1.0
2022-07-05,MIL,CHC,-143.0,118.0,0.5885,0.4587,0.562,3.0,8.0
2022-07-05,ATH,TOR,145.0,-174.0,0.4082,0.635,0.3913,5.0,3.0
2022-07-05,PHI,WSN,-175.0,145.0,0.6364,0.4082,0.6092,11.0,0.0
2022-07-05,PIT,NYY,164.0,-195.0,0.3788,0.661,0.3643,5.0,2.0
2022-07-05,SDP,SEA,-139.0,117.0,0.5816,0.4608,0.5579,2.0,6.0
2022-07-06,ARI,SFG,112.0,-132.0,0.4717,0.569,0.4533,5.0,7.0
2022-07-06,ATL,STL,-175.0,145.0,0.6364,0.4082,0.6092,3.0,0.0
2022-07-06,BAL,TEX,-108.0,-110.0,0.5192,0.5238,0.4978,2.0,1.0
2022-07-06,BOS,TBR,-121.0,104.0,0.5475,0.4902,0.5276,1.0,7.0
2022-07-06,CHW,MIN,-122.0,103.0,0.5495,0.4926,0.5273,9.0,8.0
2022-07-06,CIN,NYM,145.0,-174.0,0.4082,0.635,0.3913,3.0,8.0
2022-07-06,DET,CLE,140.0,-167.0,0.4167,0.6255,0.3998,8.0,2.0
2022-07-06,HOU,KCR,-285.0,230.0,0.7403,0.303,0.7095,4.0,7.0
2022-07-06,LAD,COL,-325.0,260.0,0.7647,0.2778,0.7335,,
2022-07-06,MIA,LAA,141.0,-167.0,0.4149,0.6255,0.3988,2.0,5.0
2022-07-06,MIL,CHC,-279.0,220.0,0.7361,0.3125,0.702,1.0,2.0
2022-07-06,ATH,TOR,172.0,-210.0,0.3676,0.6774,0.3518,1.0,2.0
2022-07-06,PHI,WSN,-210.0,175.0,0.6774,0.3636,0.6507,2.0,3.0
2022-07-06,PIT,NYY,175.0,-207.0,0.3636,0.6743,0.3504,0.0,16.0
2022-07-07,ARI,COL,-108.0,-114.0,0.5192,0.5327,0.4936,3.0,4.0
2022-07-07,ATL,STL,-247.0,205.0,0.7118,0.3279,0.6846,2.0,3.0
2022-07-07,BAL,LAA,-106.0,-116.0,0.5146,0.537,0.4893,4.0,1.0
2022-07-07,BOS,NYY,135.0,-159.0,0.4255,0.6139,0.4094,5.0,6.0
2022-07-07,CHW,DET,-262.0,212.0,0.7238,0.3205,0.6931,1.0,2.0
2022-07-07,CIN,PIT,-109.0,-108.0,0.5215,0.5192,0.5011,2.0,4.0
2022-07-07,HOU,KCR,-335.0,272.0,0.7701,0.2688,0.7413,5.0,2.0
2022-07-07,LAD,CHC,-281.0,230.0,0.7375,0.303,0.7088,5.0,3.0
2022-07-07,NYM,MIA,-175.0,146.0,0.6364,0.4065,0.6102,10.0,0.0
2022-07-07,PHI,WSN,-180.0,150.0,0.6429,0.4,0.6164,5.0,3.0
2022-07-07,SDP,SFG,-147.0,124.0,0.5951,0.4464,0.5714,2.0,1.0
2022-07-07,SEA,TOR,-105.0,-113.0,0.5122,0.5305,0.4912,8.0,3.0
2022-07-08,ARI,COL,-177.0,150.0,0.639,0.4,0.615,5.0,6.0
2022-07-08,ATL,WSN,-265.0,215.0,0.726,0.3175,0.6958,12.0,2.0
2022-07-08,BAL,LAA,-139.0,117.0,0.5816,0.4608,0.5579,5.0,4.0
2022-07-08,BOS,NYY,134.0,-155.0,0.4274,0.6078,0.4128,5.0,12.0
2022-07-08,CHW,DET,-181.0,155.0,0.6441,0.3922,0.6216,5.0,7.0
2022-07-08,CIN,TBR,150.0,-178.0,0.4,0.6403,0.3845,2.0,1.0
2022-07-08,KCR,CLE,-130.0,109.0,0.5652,0.4785,0.5416,4.0,3.0
2022-07-08,LAD,CHC,-205.0,172.0,0.6721,0.3676,0.6464,,
2022-07-08,MIL,PIT,-222.0,185.0,0.6894,0.3509,0.6627,4.0,3.0
2022-07-08,NYM,MIA,-177.0,145.0,0.639,0.4082,0.6102,2.0,5.0
2022-07-08,ATH,HOU,155.0,-180.0,0.3922,0.6429,0.3789,3.0,8.0
2022-07-08,SDP,SFG,-162.0,138.0,0.6183,0.4202,0.5954,6.0,3.0
2022-07-08,SEA,TOR,-108.0,-110.0,0.5192,0.5238,0.4978,5.0,2.0
2022-07-08,STL,PHI,108.0,-135.0,0.4808,0.5745,0.4556,0.0,2.0
2022-07-08,TEX,MIN,105.0,-122.0,0.4878,0.5495,0.4702,6.0,5.0
2022-07-09,ARI,COL,-130.0,110.0,0.5652,0.4762,0.5427,9.0,2.0
2022-07-09,ATL,WSN,-242.0,191.0,0.7076,0.3436,0.6731,4.0,3.0
2022-07-09,BAL,LAA,103.0,-123.0,0.4926,0.5516,0.4718,1.0,0.0
2022-07-09,BOS,NYY,140.0,-168.0,0.4167,0.6269,0.3993,6.0,5.0
2022-07-09,CHW,DET,-177.0,144.0,0.639,0.4098,0.6092,8.0,0.0
2022-07-09,CIN,TBR,130.0,-152.0,0.4348,0.6032,0.4189,5.0,4.0
2022-07-09,KCR,CLE,120.0,-141.0,0.4545,0.5851,0.4372,1.0,13.0
2022-07-09,LAD,CHC,-265.0,212.0,0.726,0.3205,0.6937,4.0,2.0
2022-07-09,MIL,PIT,-278.0,227.0,0.7354,0.3058,0.7063,3.0,4.0
2022-07-09,NYM,MIA,-184.0,155.0,0.6479,0.3922,0.6229,,
2022-07-09,ATH,HOU,245.0,-304.0,0.2899,0.7525,0.2781,3.0,2.0
2022-07-09,SDP,SFG,-109.0,-111.0,0.5215,0.5261,0.4978,1.0,3.0
2022-07-09,SEA,TOR,114.0,-134.0,0.4673,0.5726,0.4493,2.0,1.0
2022-07-09,STL,PHI,-124.0,104.0,0.5536,0.4902,0.5304,0.0,1.0
2022-07-09,TEX,MIN,-130.0,110.0,0.5652,0.4762,0.5427,9.0,7.0
2022-07-10,ARI,COL,-112.0,-105.0,0.5283,0.5122,0.5077,2.0,3.0
2022-07-10,ATL,WSN,-230.0,185.0,0.697,0.3509,0.6651,4.0,3.0
2022-07-10,BAL,LAA,-115.0,-114.0,0.5349,0.5327,0.501,9.0,5.0
2022-07-10,BOS,NYY,122.0,-149.0,0.4505,0.5984,0.4295,11.0,6.0
2022-07-10,CHW,DET,-189.0,155.0,0.654,0.3922,0.6251,4.0,2.0
2022-07-10,CIN,TBR,120.0,-141.0,0.4545,0.5851,0.4372,10.0,5.0
2022-07-10,KCR,CLE,-104.0,-116.0,0.5098,0.537,0.487,5.0,1.0
2022-07-10,LAD,CHC,-267.0,220.0,0.7275,0.3125,0.6995,11.0,9.0
2022-07-10,MIL,PIT,-174.0,148.0,0.635,0.4032,0.6116,6.0,8.0
2022-07-10,NYM,MIA,-113.0,-104.0,0.5305,0.5098,0.51,0.0,2.0
2022-07-10,ATH,HOU,150.0,-178.0,0.4,0.6403,0.3845,1.0,6.0
2022-07-10,SDP,SFG,-120.0,104.0,0.5455,0.4902,0.5267,0.0,12.0
2022-07-10,SEA,TOR,-125.0,106.0,0.5556,0.4854,0.5337,6.0,5.0
2022-07-10,STL,PHI,-120.0,100.0,0.5455,0.5,0.5217,4.0,3.0
2022-07-10,TEX,MIN,-113.0,-104.0,0.5305,0.5098,0.51,5.0,6.0
2022-07-11,ATL,NYM,-135.0,114.0,0.5745,0.4673,0.5514,1.0,4.0
2022-07-11,CLE,CHW,-105.0,-113.0,0.5122,0.5305,0.4912,8.0,4.0
2022-07-11,COL,SDP,122.0,-148.0,0.4505,0.5968,0.4301,5.0,6.0
2022-07-11,KCR,DET,-134.0,114.0,0.5726,0.4673,0.5507,3.0,1.0
2022-07-11,MIA,PIT,-175.0,145.0,0.6364,0.4082,0.6092,1.0,5.0
2022-07-11,SFG,ARI,-159.0,135.0,0.6139,0.4255,0.5906,3.0,4.0
2022-07-11,STL,PHI,112.0,-134.0,0.4717,0.5726,0.4517,6.0,1.0
2022-07-11,TBR,BOS,-115.0,-105.0,0.5349,0.5122,0.5108,10.0,5.0
2022-07-11,TEX,ATH,-186.0,151.0,0.6503,0.3984,0.6201,10.0,8.0
2022-07-12,ATL,NYM,-214.0,177.0,0.6815,0.361,0.6537,4.0,1.0
2022-07-12,CHC,BAL,-125.0,101.0,0.5556,0.4975,0.5276,2.0,4.0
2022-07-12,CLE,CHW,-167.0,142.0,0.6255,0.4132,0.6022,4.0,1.0
2022-07-12,COL,SDP,129.0,-153.0,0.4367,0.6047,0.4193,5.0,3.0
2022-07-12,KCR,DET,-121.0,104.0,0.5475,0.4902,0.5276,5.0,7.0
2022-07-12,LAA,HOU,105.0,-123.0,0.4878,0.5516,0.4693,5.0,6.0
2022-07-12,MIA,PIT,-165.0,140.0,0.6226,0.4167,0.5991,2.0,3.0
2022-07-12,MIN,MIL,-160.0,135.0,0.6154,0.4255,0.5912,3.0,6.0
2022-07-12,NYY,CIN,-317.0,260.0,0.7602,0.2778,0.7324,3.0,4.0
2022-07-12,SFG,ARI,-226.0,188.0,0.6933,0.3472,0.6663,13.0,0.0
2022-07-12,STL,LAD,137.0,-165.0,0.4219,0.6226,0.4039,7.0,6.0
2022-07-12,TBR,BOS,-107.0,-117.0,0.5169,0.5392,0.4895,3.0,2.0
2022-07-12,TEX,ATH,-165.0,140.0,0.6226,0.4167,0.5991,7.0,14.0
2022-07-12,TOR,PHI,-200.0,161.0,0.6667,0.3831,0.635,4.0,3.0
2022-07-13,ATL,NYM,-159.0,135.0,0.6139,0.4255,0.5906,3.0,7.0
2022-07-13,CHC,BAL,-150.0,128.0,0.6,0.4386,0.5777,1.0,7.0
2022-07-13,CLE,CHW,105.0,-124.0,0.4878,0.5536,0.4684,1.0,2.0
2022-07-13,COL,SDP,150.0,-180.0,0.4,0.6429,0.3836,10.0,6.0
2022-07-13,KCR,DET,-125.0,105.0,0.5556,0.4878,0.5325,5.0,2.0
2022-07-13,LAA,HOU,-115.0,-101.0,0.5349,0.5025,0.5156,7.0,1.0
2022-07-13,MIA,PIT,-176.0,150.0,0.6377,0.4,0.6145,5.0,4.0
2022-07-13,MIN,MIL,-131.0,109.0,0.5671,0.4785,0.5424,4.0,1.0
2022-07-13,NYY,CIN,-348.0,272.0,0.7768,0.2688,0.7429,7.0,6.0
2022-07-13,SFG,ARI,-133.0,111.0,0.5708,0.4739,0.5464,4.0,3.0
2022-07-13,STL,LAD,138.0,-165.0,0.4202,0.6226,0.4029,6.0,7.0
2022-07-13,TBR,BOS,-200.0,169.0,0.6667,0.3717,0.642,4.0,1.0
2022-07-13,TEX,ATH,-188.0,155.0,0.6528,0.3922,0.6247,5.0,2.0
2022-07-13,TOR,PHI,-124.0,103.0,0.5536,0.4926,0.5291,8.0,2.0
2022-07-13,WSN,SEA,-113.0,-105.0,0.5305,0.5122,0.5088,4.0,6.0
2022-07-14,CHC,NYM,112.0,-133.0,0.4717,0.5708,0.4525,0.0,8.0
2022-07-14,CLE,DET,-250.0,197.0,0.7143,0.3367,0.6796,4.0,0.0
2022-07-14,COL,SDP,117.0,-136.0,0.4608,0.5763,0.4443,8.0,5.0
2022-07-14,LAA,HOU,158.0,-186.0,0.3876,0.6503,0.3734,2.0,3.0
2022-07-14,MIA,PIT,-162.0,137.0,0.6183,0.4219,0.5944,3.0,2.0
2022-07-14,MIN,CHW,-165.0,138.0,0.6226,0.4202,0.5971,2.0,12.0
2022-07-14,NYY,CIN,-195.0,158.0,0.661,0.3876,0.6304,6.0,7.0
2022-07-14,SFG,MIL,-106.0,-110.0,0.5146,0.5238,0.4955,,
2022-07-14,STL,LAD,132.0,-157.0,0.431,0.6109,0.4137,0.0,4.0
2022-07-14,TBR,BOS,-125.0,108.0,0.5556,0.4808,0.5361,5.0,4.0
2022-07-14,TEX,SEA,-126.0,107.0,0.5575,0.4831,0.5358,5.0,6.0
2022-07-14,TOR,KCR,-420.0,330.0,0.8077,0.2326,0.7764,1.0,3.0
2022-07-14,WSN,ATL,195.0,-240.0,0.339,0.7059,0.3244,4.0,5.0
2022-07-15,CLE,DET,-190.0,159.0,0.6552,0.3861,0.6292,6.0,5.0
2022-07-15,COL,PIT,-159.0,138.0,0.6139,0.4202,0.5937,13.0,2.0
2022-07-15,HOU,ATH,-210.0,175.0,0.6774,0.3636,0.6507,1.0,5.0
2022-07-15,LAA,LAD,172.0,-205.0,0.3676,0.6721,0.3536,1.0,9.0
2022-07-15,MIA,PHI,-184.0,152.0,0.6479,0.3968,0.6202,1.0,2.0
2022-07-15,MIN,CHW,-143.0,114.0,0.5885,0.4673,0.5574,2.0,6.0
2022-07-15,NYY,BOS,-167.0,141.0,0.6255,0.4149,0.6012,4.0,5.0
2022-07-15,SDP,ARI,-197.0,163.0,0.6633,0.3802,0.6356,5.0,3.0
2022-07-15,SFG,MIL,113.0,-134.0,0.4695,0.5726,0.4505,8.0,5.0
2022-07-15,STL,CIN,-149.0,125.0,0.5984,0.4444,0.5738,7.0,3.0
2022-07-15,TBR,BAL,-125.0,100.0,0.5556,0.5,0.5263,5.0,4.0
2022-07-15,TEX,SEA,135.0,-159.0,0.4255,0.6139,0.4094,3.0,8.0
2022-07-15,TOR,KCR,-347.0,272.0,0.7763,0.2688,0.7428,8.0,1.0
2022-07-15,WSN,ATL,142.0,-178.0,0.4132,0.6403,0.3922,,
2022-07-16,CHC,NYM,110.0,-133.0,0.4762,0.5708,0.4548,1.0,2.0
2022-07-16,CLE,DET,-171.0,144.0,0.631,0.4098,0.6062,10.0,0.0
2022-07-16,COL,PIT,-148.0,125.0,0.5968,0.4444,0.5731,2.0,0.0
2022-07-16,HOU,ATH,-385.0,300.0,0.7938,0.25,0.7605,5.0,0.0
2022-07-16,LAA,LAD,185.0,-220.0,0.3509,0.6875,0.3379,1.0,7.0
2022-07-16,MIA,PHI,-113.0,-107.0,0.5305,0.5169,0.5065,0.0,10.0
2022-07-16,MIN,CHW,-134.0,114.0,0.5726,0.4673,0.5507,6.0,3.0
2022-07-16,NYY,BOS,-170.0,142.0,0.6296,0.4132,0.6038,,
2022-07-16,SDP,ARI,-189.0,155.0,0.654,0.3922,0.6251,4.0,3.0
2022-07-16,SFG,MIL,-135.0,110.0,0.5745,0.4762,0.5468,2.0,1.0
2022-07-16,STL,CIN,-185.0,146.0,0.6491,0.4065,0.6149,11.0,3.0
2022-07-16,TBR,BAL,-125.0,105.0,0.5556,0.4878,0.5325,4.0,6.0
2022-07-16,TEX,SEA,132.0,-164.0,0.431,0.6212,0.4096,2.0,3.0
2022-07-16,TOR,KCR,-315.0,260.0,0.759,0.2778,0.7321,6.0,5.0
2022-07-16,WSN,ATL,202.0,-250.0,0.3311,0.7143,0.3167,3.0,6.0
2022-07-17,CHC,NYM,124.0,-147.0,0.4464,0.5951,0.4286,3.0,2.0
2022-07-17,COL,PIT,-170.0,144.0,0.6296,0.4098,0.6057,3.0,8.0
2022-07-17,HOU,ATH,-278.0,227.0,0.7354,0.3058,0.7063,3.0,4.0
2022-07-17,MIA,PHI,117.0,-138.0,0.4608,0.5798,0.4428,0.0,4.0
2022-07-17,MIN,CHW,103.0,-122.0,0.4926,0.5495,0.4727,0.0,11.0
2022-07-17,NYY,BOS,-191.0,156.0,0.6564,0.3906,0.6269,13.0,2.0
2022-07-17,SDP,ARI,-157.0,135.0,0.6109,0.4255,0.5894,1.0,3.0
2022-07-17,SFG,MIL,-155.0,133.0,0.6078,0.4292,0.5861,9.0,5.0
2022-07-17,TBR,BAL,-153.0,130.0,0.6047,0.4348,0.5817,7.0,5.0
2022-07-17,TEX,SEA,112.0,-131.0,0.4717,0.5671,0.4541,2.0,6.0
2022-07-17,TOR,KCR,-342.0,270.0,0.7738,0.2703,0.7411,4.0,2.0
2022-07-17,WSN,ATL,230.0,-290.0,0.303,0.7436,0.2895,7.0,3.0
2022-07-19,NL,AL,-116.0,-103.0,0.537,0.5074,0.5142,2.0,3.0
2022-07-21,HOU,NYY,-133.0,110.0,0.5708,0.4762,0.5452,3.0,2.0
2022-07-21,LAD,SFG,-125.0,108.0,0.5556,0.4808,0.5361,,
2022-07-21,MIA,TEX,-135.0,115.0,0.5745,0.4651,0.5526,,
2022-07-21,ATH,DET,127.0,-148.0,0.4405,0.5968,0.4247,2.0,7.0
2022-07-22,ARI,WSN,-165.0,140.0,0.6226,0.4167,0.5991,10.0,1.0
2022-07-22,ATL,LAA,-154.0,130.0,0.6063,0.4348,0.5824,8.0,1.0
2022-07-22,BAL,NYY,128.0,-150.0,0.4386,0.6,0.4223,6.0,7.0
2022-07-22,BOS,TOR,104.0,-123.0,0.4902,0.5516,0.4705,,
2022-07-22,CHW,CLE,-167.0,142.0,0.6255,0.4132,0.6022,2.0,8.0
2022-07-22,CIN,STL,122.0,-148.0,0.4505,0.5968,0.4301,9.0,5.0
2022-07-22,KCR,TBR,121.0,-146.0,0.4525,0.5935,0.4326,3.0,7.0
2022-07-22,LAD,SFG,-162.0,130.0,0.6183,0.4348,0.5871,5.0,1.0
2022-07-22,MIL,COL,-325.0,257.0,0.7647,0.2801,0.7319,6.0,5.0
2022-07-22,NYM,SDP,-188.0,160.0,0.6528,0.3846,0.6292,1.0,4.0
2022-07-22,ATH,TEX,-106.0,-115.0,0.5146,0.5349,0.4903,5.0,4.0
2022-07-22,PHI,CHC,-136.0,115.0,0.5763,0.4651,0.5534,2.0,15.0
2022-07-22,PIT,MIA,115.0,-134.0,0.4651,0.5726,0.4482,1.0,8.0
2022-07-22,SEA,HOU,106.0,-125.0,0.4854,0.5556,0.4663,2.0,5.0
2022-07-23,ARI,WSN,-159.0,135.0,0.6139,0.4255,0.5906,7.0,2.0
2022-07-23,ATL,LAA,-228.0,189.0,0.6951,0.346,0.6677,7.0,2.0
2022-07-23,BAL,NYY,200.0,-245.0,0.3333,0.7101,0.3194,,
2022-07-23,BOS,TOR,145.0,-170.0,0.4082,0.6296,0.3933,1.0,4.0
2022-07-23,CHW,CLE,-113.0,-105.0,0.5305,0.5122,0.5088,4.0,7.0
2022-07-23,CIN,STL,140.0,-170.0,0.4167,0.6296,0.3982,3.0,6.0
2022-07-23,DET,MIN,146.0,-176.0,0.4065,0.6377,0.3893,4.0,8.0
2022-07-23,KCR,TBR,-115.0,-105.0,0.5349,0.5122,0.5108,6.0,3.0
2022-07-23,LAD,SFG,-182.0,152.0,0.6454,0.3968,0.6192,4.0,2.0
2022-07-23,MIL,COL,-286.0,235.0,0.7409,0.2985,0.7128,9.0,4.0
2022-07-23,NYM,SDP,-153.0,130.0,0.6047,0.4348,0.5817,1.0,2.0
2022-07-23,ATH,TEX,115.0,-138.0,0.4651,0.5798,0.4451,3.0,1.0
2022-07-23,PHI,CHC,-177.0,150.0,0.639,0.4,0.615,2.0,6.0
2022-07-23,PIT,MIA,100.0,-125.0,0.5,0.5556,0.4737,1.0,0.0
2022-07-23,SEA,HOU,136.0,-167.0,0.4237,0.6255,0.4039,1.0,3.0
2022-07-24,ARI,WSN,-125.0,105.0,0.5556,0.4878,0.5325,3.0,4.0
2022-07-24,ATL,LAA,-226.0,188.0,0.6933,0.3472,0.6663,1.0,9.0
2022-07-24,BAL,NYY,152.0,-182.0,0.3968,0.6454,0.3808,0.0,6.0
2022-07-24,BOS,TOR,136.0,-164.0,0.4237,0.6212,0.4055,4.0,8.0
2022-07-24,CHW,CLE,-153.0,129.0,0.6047,0.4367,0.5807,6.0,3.0
2022-07-24,CIN,STL,135.0,-164.0,0.4255,0.6212,0.4065,6.0,3.0
2022-07-24,DET,MIN,145.0,-173.0,0.4082,0.6337,0.3918,1.0,9.0
2022-07-24,KCR,TBR,130.0,-153.0,0.4348,0.6047,0.4183,4.0,2.0
2022-07-24,LAD,SFG,-240.0,199.0,0.7059,0.3344,0.6785,7.0,4.0
2022-07-24,MIL,COL,-195.0,163.0,0.661,0.3802,0.6348,10.0,9.0
2022-07-24,NYM,SDP,-137.0,114.0,0.5781,0.4673,0.553,8.0,5.0
2022-07-24,ATH,TEX,124.0,-147.0,0.4464,0.5951,0.4286,8.0,11.0
2022-07-24,PHI,CHC,-122.0,104.0,0.5495,0.4902,0.5285,3.0,4.0
2022-07-24,PIT,MIA,139.0,-165.0,0.4184,0.6226,0.4019,5.0,6.0
2022-07-24,SEA,HOU,-103.0,-117.0,0.5074,0.5392,0.4848,,
2022-07-25,ARI,SFG,-115.0,-105.0,0.5349,0.5122,0.5108,7.0,0.0
2022-07-25,BAL,TBR,102.0,-118.0,0.495,0.5413,0.4777,5.0,1.0
2022-07-25,BOS,CLE,-110.0,-107.0,0.5238,0.5169,0.5033,3.0,1.0
2022-07-25,CHC,PIT,-145.0,123.0,0.5918,0.4484,0.5689,3.0,2.0
2022-07-25,CIN,MIA,-130.0,112.0,0.5652,0.4717,0.5451,11.0,2.0
2022-07-25,DET,SDP,143.0,-167.0,0.4115,0.6255,0.3968,12.0,4.0
2022-07-25,KCR,LAA,-115.0,-105.0,0.5349,0.5122,0.5108,7.0,0.0
2022-07-25,LAD,WSN,-333.0,260.0,0.7691,0.2778,0.7346,,
2022-07-25,MIL,COL,-200.0,165.0,0.6667,0.3774,0.6386,0.0,2.0
2022-07-25,ATH,HOU,185.0,-230.0,0.3509,0.697,0.3349,7.0,5.0
2022-07-25,PHI,ATL,150.0,-180.0,0.4,0.6429,0.3836,6.0,4.0
2022-07-25,SEA,TEX,-159.0,135.0,0.6139,0.4255,0.5906,4.0,3.0
2022-07-26,ARI,SFG,160.0,-190.0,0.3846,0.6552,0.3699,7.0,3.0
2022-07-26,BAL,TBR,155.0,-184.0,0.3922,0.6479,0.3771,5.0,3.0
2022-07-26,BOS,CLE,-145.0,120.0,0.5918,0.4545,0.5656,3.0,8.0
2022-07-26,CHC,PIT,-200.0,164.0,0.6667,0.3788,0.6377,4.0,2.0
2022-07-26,CIN,MIA,-104.0,-115.0,0.5098,0.5349,0.488,1.0,2.0
2022-07-26,COL,CHW,-112.0,-112.0,0.5283,0.5283,0.5,1.0,2.0
2022-07-26,DET,SDP,150.0,-177.0,0.4,0.639,0.385,4.0,6.0
2022-07-26,KCR,LAA,-133.0,113.0,0.5708,0.4695,0.5487,0.0,6.0
2022-07-26,LAD,WSN,-265.0,207.0,0.726,0.3257,0.6903,3.0,8.0
2022-07-26,MIL,MIN,-115.0,100.0,0.5349,0.5,0.5169,7.0,6.0
2022-07-26,NYM,NYY,-105.0,-116.0,0.5122,0.537,0.4882,6.0,3.0
2022-07-26,ATH,HOU,141.0,-167.0,0.4149,0.6255,0.3988,5.0,3.0
2022-07-26,PHI,ATL,104.0,-130.0,0.4902,0.5652,0.4645,3.0,6.0
2022-07-26,SEA,TEX,-177.0,143.0,0.639,0.4115,0.6083,5.0,4.0
2022-07-26,TOR,STL,-226.0,186.0,0.6933,0.3497,0.6647,10.0,3.0
2022-07-27,ARI,SFG,-103.0,-115.0,0.5074,0.5349,0.4868,,
2022-07-27,BAL,TBR,-117.0,100.0,0.5392,0.5,0.5188,4.0,6.0
2022-07-27,BOS,CLE,-134.0,115.0,0.5726,0.4651,0.5518,6.0,7.0
2022-07-27,CIN,MIA,-154.0,127.0,0.6063,0.4405,0.5792,5.0,3.0
2022-07-27,COL,CHW,112.0,-136.0,0.4717,0.5763,0.4501,6.0,5.0
2022-07-27,DET,SDP,119.0,-142.0,0.4566,0.5868,0.4376,4.0,3.0
2022-07-27,KCR,LAA,-131.0,110.0,0.5671,0.4762,0.5436,0.0,4.0
2022-07-27,LAD,WSN,-278.0,225.0,0.7354,0.3077,0.705,7.0,1.0
2022-07-27,MIL,MIN,-225.0,185.0,0.6923,0.3509,0.6636,10.0,4.0
2022-07-27,NYM,NYY,-190.0,160.0,0.6552,0.3846,0.6301,3.0,2.0
2022-07-27,ATH,HOU,177.0,-221.0,0.361,0.6885,0.344,4.0,2.0
2022-07-27,PHI,ATL,125.0,-147.0,0.4444,0.5951,0.4275,7.0,2.0
2022-07-27,SEA,TEX,105.0,-126.0,0.4878,0.5575,0.4667,4.0,2.0
2022-07-27,TOR,STL,-275.0,210.0,0.7333,0.3226,0.6945,1.0,6.0
2022-07-28,BAL,TBR,-127.0,108.0,0.5595,0.4808,0.5378,3.0,0.0
2022-07-28,BOS,CLE,110.0,-133.0,0.4762,0.5708,0.4548,4.0,2.0
2022-07-28,CIN,MIA,-135.0,116.0,0.5745,0.463,0.5537,6.0,7.0
2022-07-28,COL,LAD,180.0,-213.0,0.3571,0.6805,0.3442,0.0,13.0
2022-07-28,HOU,SEA,-143.0,120.0,0.5885,0.4545,0.5642,,
2022-07-28,LAA,TEX,-245.0,195.0,0.7101,0.339,0.6769,0.0,2.0
2022-07-28,NYY,KCR,-250.0,205.0,0.7143,0.3279,0.6854,1.0,0.0
2022-07-28,PIT,PHI,165.0,-200.0,0.3774,0.6667,0.3614,7.0,8.0
2022-07-28,SFG,CHC,-144.0,120.0,0.5902,0.4545,0.5649,4.0,2.0
2022-07-28,TOR,DET,-260.0,210.0,0.7222,0.3226,0.6913,5.0,3.0
2022-07-29,ATL,ARI,-220.0,184.0,0.6875,0.3521,0.6613,5.0,2.0
2022-07-29,BOS,MIL,143.0,-170.0,0.4115,0.6296,0.3953,1.0,4.0
2022-07-29,CHW,ATH,-200.0,165.0,0.6667,0.3774,0.6386,3.0,7.0
2022-07-29,CIN,BAL,110.0,-127.0,0.4762,0.5595,0.4598,2.0,6.0
2022-07-29,COL,LAD,200.0,-245.0,0.3333,0.7101,0.3194,4.0,5.0
2022-07-29,HOU,SEA,-198.0,160.0,0.6644,0.3846,0.6334,11.0,1.0
2022-07-29,LAA,TEX,-110.0,-110.0,0.5238,0.5238,0.5,2.0,7.0
2022-07-29,MIA,NYM,104.0,-122.0,0.4902,0.5495,0.4715,4.0,6.0
2022-07-29,NYY,KCR,-420.0,310.0,0.8077,0.2439,0.7681,11.0,5.0
2022-07-29,PIT,PHI,109.0,-130.0,0.4785,0.5652,0.4584,,
2022-07-29,SDP,MIN,-138.0,114.0,0.5798,0.4673,0.5537,10.0,1.0
2022-07-29,SFG,CHC,-139.0,118.0,0.5816,0.4587,0.5591,2.0,4.0
2022-07-29,TBR,CLE,-122.0,104.0,0.5495,0.4902,0.5285,1.0,4.0
2022-07-29,TOR,DET,-367.0,295.0,0.7859,0.2532,0.7563,2.0,4.0
2022-07-29,WSN,STL,142.0,-175.0,0.4132,0.6364,0.3937,2.0,6.0
2022-07-30,ATL,ARI,-240.0,200.0,0.7059,0.3333,0.6792,6.0,2.0
2022-07-30,BOS,MIL,-104.0,-113.0,0.5098,0.5305,0.49,4.0,9.0
2022-07-30,CHW,ATH,-182.0,150.0,0.6454,0.4,0.6174,3.0,2.0
2022-07-30,CIN,BAL,-116.0,-109.0,0.537,0.5215,0.5073,8.0,2.0
2022-07-30,COL,LAD,188.0,-230.0,0.3472,0.697,0.3325,5.0,3.0
2022-07-30,HOU,SEA,-200.0,165.0,0.6667,0.3774,0.6386,4.0,5.0
2022-07-30,LAA,TEX,-126.0,106.0,0.5575,0.4854,0.5346,9.0,7.0
2022-07-30,MIA,NYM,166.0,-215.0,0.3759,0.6825,0.3552,0.0,4.0
2022-07-30,NYY,KCR,-315.0,250.0,0.759,0.2857,0.7265,8.0,2.0
2022-07-30,PIT,PHI,140.0,-164.0,0.4167,0.6212,0.4015,1.0,2.0
2022-07-30,SDP,MIN,-137.0,118.0,0.5781,0.4587,0.5576,4.0,7.0
2022-07-30,SFG,CHC,-141.0,120.0,0.5851,0.4545,0.5628,5.0,4.0
2022-07-30,TBR,CLE,-149.0,123.0,0.5984,0.4484,0.5716,6.0,4.0
2022-07-30,TOR,DET,-305.0,245.0,0.7531,0.2899,0.7221,5.0,3.0
2022-07-30,WSN,STL,115.0,-143.0,0.4651,0.5885,0.4415,7.0,6.0
2022-07-31,ATL,ARI,-235.0,194.0,0.7015,0.3401,0.6735,1.0,0.0
2022-07-31,BOS,MIL,125.0,-148.0,0.4444,0.5968,0.4269,7.0,2.0
2022-07-31,CHW,ATH,-295.0,245.0,0.7468,0.2899,0.7204,4.0,1.0
2022-07-31,CIN,BAL,-133.0,110.0,0.5708,0.4762,0.5452,3.0,2.0
2022-07-31,COL,LAD,165.0,-200.0,0.3774,0.6667,0.3614,3.0,7.0
2022-07-31,HOU,SEA,-143.0,123.0,0.5885,0.4484,0.5675,3.0,2.0
2022-07-31,LAA,TEX,-132.0,114.0,0.569,0.4673,0.5491,2.0,5.0
2022-07-31,MIA,NYM,117.0,-141.0,0.4608,0.5851,0.4406,3.0,9.0
2022-07-31,NYY,KCR,-295.0,235.0,0.7468,0.2985,0.7144,6.0,8.0
2022-07-31,PIT,PHI,152.0,-185.0,0.3968,0.6491,0.3794,2.0,8.0
2022-07-31,SDP,MIN,-144.0,125.0,0.5902,0.4444,0.5704,3.0,2.0
2022-07-31,SFG,CHC,-180.0,152.0,0.6429,0.3968,0.6183,4.0,0.0
2022-07-31,TBR,CLE,-250.0,195.0,0.7143,0.339,0.6782,3.0,5.0
2022-07-31,TOR,DET,-315.0,235.0,0.759,0.2985,0.7177,4.0,1.0
2022-07-31,WSN,STL,100.0,-120.0,0.5,0.5455,0.4783,0.0,5.0
2022-08-01,CHW,KCR,-186.0,145.0,0.6503,0.4082,0.6144,,
2022-08-01,CLE,ARI,-167.0,143.0,0.6255,0.4115,0.6032,6.0,5.0
2022-08-01,HOU,BOS,-182.0,150.0,0.6454,0.4,0.6174,2.0,3.0
2022-08-01,MIA,CIN,-120.0,-103.0,0.5455,0.5074,0.5181,1.0,3.0
2022-08-01,MIN,DET,-138.0,116.0,0.5798,0.463,0.556,5.0,3.0
2022-08-01,NYY,SEA,-200.0,164.0,0.6667,0.3788,0.6377,7.0,2.0
2022-08-01,SDP,COL,-230.0,184.0,0.697,0.3521,0.6644,4.0,1.0
2022-08-01,SFG,LAD,120.0,-146.0,0.4545,0.5935,0.4337,2.0,8.0
2022-08-01,TEX,BAL,-178.0,150.0,0.6403,0.4,0.6155,2.0,7.0
2022-08-01,WSN,NYM,215.0,-275.0,0.3175,0.7333,0.3021,3.0,7.0
2022-08-02,ATL,PHI,-250.0,205.0,0.7143,0.3279,0.6854,13.0,1.0
2022-08-02,CHW,KCR,-175.0,148.0,0.6364,0.4032,0.6121,9.0,2.0
2022-08-02,CLE,ARI,-141.0,118.0,0.5851,0.4587,0.5605,3.0,6.0
2022-08-02,HOU,BOS,-215.0,175.0,0.6825,0.3636,0.6524,1.0,2.0
2022-08-02,LAA,ATH,-122.0,105.0,0.5495,0.4878,0.5298,,
2022-08-02,MIA,CIN,-149.0,125.0,0.5984,0.4444,0.5738,1.0,2.0
2022-08-02,MIN,DET,-190.0,160.0,0.6552,0.3846,0.6301,3.0,5.0
2022-08-02,NYY,SEA,-175.0,145.0,0.6364,0.4082,0.6092,6.0,8.0
2022-08-02,PIT,MIL,230.0,-295.0,0.303,0.7468,0.2886,5.0,3.0
2022-08-02,SDP,COL,-240.0,200.0,0.7059,0.3333,0.6792,13.0,5.0
2022-08-02,SFG,LAD,132.0,-158.0,0.431,0.6124,0.4131,,
2022-08-02,STL,CHC,-175.0,142.0,0.6364,0.4132,0.6063,6.0,0.0
2022-08-02,TBR,TOR,117.0,-138.0,0.4608,0.5798,0.4428,1.0,3.0
2022-08-02,TEX,BAL,-126.0,107.0,0.5575,0.4831,0.5358,2.0,8.0
2022-08-02,WSN,NYM,280.0,-357.0,0.2632,0.7812,0.252,5.0,1.0
2022-08-03,ATL,PHI,-151.0,124.0,0.6016,0.4464,0.574,1.0,3.0
2022-08-03,CHW,KCR,-143.0,119.0,0.5885,0.4566,0.5631,4.0,1.0
2022-08-03,CLE,ARI,-230.0,188.0,0.697,0.3472,0.6675,7.0,4.0
2022-08-03,HOU,BOS,-200.0,163.0,0.6667,0.3802,0.6368,6.0,1.0
2022-08-03,LAA,ATH,-235.0,200.0,0.7015,0.3333,0.6779,1.0,3.0
2022-08-03,MIA,CIN,-230.0,180.0,0.697,0.3571,0.6612,3.0,0.0
2022-08-03,MIN,DET,-225.0,184.0,0.6923,0.3521,0.6629,4.0,1.0
2022-08-03,NYY,SEA,-175.0,150.0,0.6364,0.4,0.614,3.0,7.0
2022-08-03,PIT,MIL,182.0,-220.0,0.3546,0.6875,0.3403,8.0,7.0
2022-08-03,SDP,COL,-315.0,260.0,0.759,0.2778,0.7321,,
2022-08-03,SFG,LAD,138.0,-162.0,0.4202,0.6183,0.4046,0.0,3.0
2022-08-03,TBR,TOR,110.0,-134.0,0.4762,0.5726,0.454,3.0,2.0
2022-08-03,TEX,BAL,-159.0,134.0,0.6139,0.4274,0.5896,3.0,6.0
2022-08-03,WSN,NYM,250.0,-303.0,0.2857,0.7519,0.2754,5.0,9.0
2022-08-04,CLE,HOU,155.0,-183.0,0.3922,0.6466,0.3775,0.0,6.0
2022-08-04,DET,TBR,156.0,-190.0,0.3906,0.6552,0.3735,2.0,6.0
2022-08-04,KCR,BOS,125.0,-148.0,0.4444,0.5968,0.4269,7.0,3.0
2022-08-04,LAA,ATH,-122.0,108.0,0.5495,0.4808,0.5334,7.0,8.0
2022-08-04,MIN,TOR,115.0,-137.0,0.4651,0.5781,0.4459,3.0,9.0
2022-08-04,NYM,ATL,-125.0,105.0,0.5556,0.4878,0.5325,6.0,4.0
2022-08-04,PHI,WSN,-245.0,197.0,0.7101,0.3367,0.6784,5.0,4.0
2022-08-04,PIT,MIL,225.0,-275.0,0.3077,0.7333,0.2956,5.0,4.0
2022-08-04,SDP,COL,-305.0,240.0,0.7531,0.2941,0.7191,3.0,7.0
2022-08-04,SFG,LAD,180.0,-220.0,0.3571,0.6875,0.3419,3.0,5.0
2022-08-04,STL,CHC,-162.0,135.0,0.6183,0.4255,0.5923,4.0,3.0
2022-08-04,TEX,CHW,125.0,-148.0,0.4444,0.5968,0.4269,3.0,2.0
2022-08-05,ARI,COL,-136.0,116.0,0.5763,0.463,0.5545,6.0,5.0
2022-08-05,BAL,PIT,-155.0,130.0,0.6078,0.4348,0.583,1.0,0.0
2022-08-05,CHC,MIA,-146.0,123.0,0.5935,0.4484,0.5696,2.0,1.0
2022-08-05,CLE,HOU,175.0,-210.0,0.3636,0.6774,0.3493,3.0,9.0
2022-08-05,DET,TBR,163.0,-207.0,0.3802,0.6743,0.3606,3.0,5.0
2022-08-05,KCR,BOS,102.0,-120.0,0.495,0.5455,0.4758,4.0,7.0
2022-08-05,LAD,SDP,-178.0,148.0,0.6403,0.4032,0.6136,8.0,1.0
2022-08-05,MIL,CIN,-250.0,200.0,0.7143,0.3333,0.6818,5.0,1.0
2022-08-05,MIN,TOR,100.0,-124.0,0.5,0.5536,0.4746,6.0,5.0
2022-08-05,NYM,ATL,-136.0,115.0,0.5763,0.4651,0.5534,6.0,9.0
2022-08-05,PHI,WSN,-205.0,166.0,0.6721,0.3759,0.6413,7.0,2.0
2022-08-05,SEA,LAA,-200.0,165.0,0.6667,0.3774,0.6386,3.0,4.0
2022-08-05,STL,NYY,132.0,-161.0,0.431,0.6169,0.4113,4.0,3.0
2022-08-05,TEX,CHW,160.0,-190.0,0.3846,0.6552,0.3699,1.0,2.0
2022-08-06,ARI,COL,-190.0,160.0,0.6552,0.3846,0.6301,2.0,3.0
2022-08-06,BAL,PIT,-174.0,143.0,0.635,0.4115,0.6068,6.0,3.0
2022-08-06,CHC,MIA,-104.0,-118.0,0.5098,0.5413,0.485,4.0,0.0
2022-08-06,CLE,HOU,136.0,-162.0,0.4237,0.6183,0.4066,4.0,1.0
2022-08-06,DET,TBR,215.0,-255.0,0.3175,0.7183,0.3065,9.0,1.0
2022-08-06,KCR,BOS,130.0,-154.0,0.4348,0.6063,0.4176,5.0,4.0
2022-08-06,LAD,SDP,-156.0,130.0,0.6094,0.4348,0.5836,8.0,3.0
2022-08-06,MIL,CIN,-190.0,155.0,0.6552,0.3922,0.6256,5.0,7.0
2022-08-06,MIN,TOR,-105.0,-118.0,0.5122,0.5413,0.4862,7.0,3.0
2022-08-06,NYM,ATL,-134.0,112.0,0.5726,0.4717,0.5483,8.0,5.0
2022-08-06,ATH,SFG,200.0,-250.0,0.3333,0.7143,0.3182,3.0,7.0
2022-08-06,PHI,WSN,-282.0,220.0,0.7382,0.3125,0.7026,11.0,5.0
2022-08-06,SEA,LAA,-215.0,180.0,0.6825,0.3571,0.6565,2.0,1.0
2022-08-06,STL,NYY,-117.0,-101.0,0.5392,0.5025,0.5176,1.0,0.0
2022-08-06,TEX,CHW,-105.0,-122.0,0.5122,0.5495,0.4824,8.0,0.0
2022-08-07,ARI,COL,-158.0,133.0,0.6124,0.4292,0.588,6.0,4.0
2022-08-07,BAL,PIT,-190.0,155.0,0.6552,0.3922,0.6256,1.0,8.0
2022-08-07,CHC,MIA,-143.0,118.0,0.5885,0.4587,0.562,0.0,3.0
2022-08-07,CLE,HOU,114.0,-139.0,0.4673,0.5816,0.4455,1.0,0.0
2022-08-07,DET,TBR,158.0,-189.0,0.3876,0.654,0.3721,0.0,7.0
2022-08-07,KCR,BOS,135.0,-161.0,0.4255,0.6169,0.4082,13.0,5.0
2022-08-07,LAD,SDP,-138.0,115.0,0.5798,0.4651,0.5549,4.0,0.0
2022-08-07,MIL,CIN,-320.0,260.0,0.7619,0.2778,0.7328,2.0,4.0
2022-08-07,MIN,TOR,152.0,-182.0,0.3968,0.6454,0.3808,2.0,3.0
2022-08-07,NYM,ATL,-157.0,128.0,0.6109,0.4386,0.5821,5.0,2.0
2022-08-07,ATH,SFG,164.0,-200.0,0.3788,0.6667,0.3623,4.0,6.0
2022-08-07,PHI,WSN,-337.0,265.0,0.7712,0.274,0.7379,13.0,1.0
2022-08-07,SEA,LAA,-160.0,135.0,0.6154,0.4255,0.5912,6.0,3.0
2022-08-07,STL,NYY,115.0,-139.0,0.4651,0.5816,0.4444,12.0,9.0
2022-08-07,TEX,CHW,120.0,-145.0,0.4545,0.5918,0.4344,2.0,8.0
2022-08-08,ARI,PIT,-247.0,200.0,0.7118,0.3333,0.6811,,
2022-08-08,BAL,TOR,112.0,-132.0,0.4717,0.569,0.4533,7.0,4.0
2022-08-08,CHC,WSN,-200.0,165.0,0.6667,0.3774,0.6386,6.0,3.0
2022-08-08,NYM,CIN,-385.0,300.0,0.7938,0.25,0.7605,5.0,1.0
2022-08-08,ATH,LAA,-134.0,114.0,0.5726,0.4673,0.5507,,
2022-08-08,SDP,SFG,-188.0,155.0,0.6528,0.3922,0.6247,0.0,1.0
2022-08-08,SEA,NYY,-105.0,-114.0,0.5122,0.5327,0.4902,4.0,9.0
2022-08-09,ARI,PIT,-167.0,135.0,0.6255,0.4255,0.5951,6.0,4.0
2022-08-09,BAL,TOR,142.0,-178.0,0.4132,0.6403,0.3922,6.0,5.0
2022-08-09,BOS,ATL,140.0,-165.0,0.4167,0.6226,0.4009,7.0,9.0
2022-08-09,CHC,WSN,-245.0,188.0,0.7101,0.3472,0.6716,5.0,6.0
2022-08-09,COL,STL,150.0,-182.0,0.4,0.6454,0.3826,16.0,5.0
2022-08-09,DET,CLE,165.0,-202.0,0.3774,0.6689,0.3607,2.0,5.0
2022-08-09,HOU,TEX,-200.0,163.0,0.6667,0.3802,0.6368,7.0,5.0
2022-08-09,KCR,CHW,105.0,-124.0,0.4878,0.5536,0.4684,4.0,2.0
2022-08-09,LAD,MIN,-265.0,210.0,0.726,0.3226,0.6924,10.0,3.0
2022-08-09,MIL,TBR,-177.0,145.0,0.639,0.4082,0.6102,5.0,3.0
2022-08-09,NYM,CIN,-315.0,260.0,0.759,0.2778,0.7321,,
2022-08-09,ATH,LAA,150.0,-182.0,0.4,0.6454,0.3826,1.0,5.0
2022-08-09,PHI,MIA,-235.0,194.0,0.7015,0.3401,0.6735,4.0,1.0
2022-08-09,SDP,SFG,-182.0,150.0,0.6454,0.4,0.6174,7.0,4.0
2022-08-09,SEA,NYY,117.0,-140.0,0.4608,0.5833,0.4413,,
2022-08-10,ARI,PIT,-155.0,130.0,0.6078,0.4348,0.583,4.0,6.0
2022-08-10,BOS,ATL,128.0,-156.0,0.4386,0.6094,0.4185,4.0,8.0
2022-08-10,CHC,WSN,-167.0,140.0,0.6255,0.4167,0.6002,4.0,2.0
2022-08-10,COL,STL,136.0,-162.0,0.4237,0.6183,0.4066,5.0,9.0
2022-08-10,DET,CLE,145.0,-177.0,0.4082,0.639,0.3898,2.0,3.0
2022-08-10,HOU,TEX,-335.0,260.0,0.7701,0.2778,0.7349,4.0,8.0
2022-08-10,KCR,CHW,125.0,-146.0,0.4444,0.5935,0.4282,8.0,3.0
2022-08-10,LAD,MIN,-202.0,170.0,0.6689,0.3704,0.6436,8.0,5.0
2022-08-10,MIL,TBR,-162.0,135.0,0.6183,0.4255,0.5923,4.0,3.0
2022-08-10,NYM,CIN,-345.0,282.0,0.7753,0.2618,0.7476,,
2022-08-10,ATH,LAA,-142.0,114.0,0.5868,0.4673,0.5567,4.0,5.0
2022-08-10,PHI,MIA,-124.0,104.0,0.5536,0.4902,0.5304,4.0,3.0
2022-08-10,SDP,SFG,-166.0,140.0,0.6241,0.4167,0.5996,13.0,7.0
2022-08-10,SEA,NYY,107.0,-130.0,0.4831,0.5652,0.4608,4.0,3.0
2022-08-11,ARI,PIT,-174.0,145.0,0.635,0.4082,0.6087,9.0,3.0
2022-08-11,BOS,BAL,-121.0,104.0,0.5475,0.4902,0.5276,4.0,3.0
2022-08-11,CIN,CHC,-118.0,102.0,0.5413,0.495,0.5223,2.0,4.0
2022-08-11,COL,STL,-106.0,-109.0,0.5146,0.5215,0.4966,8.0,6.0
2022-08-11,DET,CLE,125.0,-152.0,0.4444,0.6032,0.4242,3.0,4.0
2022-08-11,HOU,TEX,-267.0,220.0,0.7275,0.3125,0.6995,7.0,3.0
2022-08-11,KCR,CHW,148.0,-180.0,0.4032,0.6429,0.3855,5.0,3.0
2022-08-11,PHI,MIA,-167.0,143.0,0.6255,0.4115,0.6032,,
2022-08-12,BOS,NYY,105.0,-120.0,0.4878,0.5455,0.4721,3.0,2.0
2022-08-12,CHW,DET,-213.0,175.0,0.6805,0.3636,0.6517,2.0,0.0
2022-08-12,COL,ARI,-130.0,110.0,0.5652,0.4762,0.5427,5.0,3.0
2022-08-12,HOU,ATH,-350.0,280.0,0.7778,0.2632,0.7472,7.0,5.0
2022-08-12,KCR,LAD,220.0,-270.0,0.3125,0.7297,0.2998,3.0,8.0
2022-08-12,LAA,MIN,115.0,-136.0,0.4651,0.5763,0.4466,0.0,4.0
2022-08-12,MIA,ATL,125.0,-148.0,0.4444,0.5968,0.4269,3.0,4.0
2022-08-12,NYM,PHI,-250.0,205.0,0.7143,0.3279,0.6854,,
2022-08-12,SFG,PIT,-295.0,245.0,0.7468,0.2899,0.7204,5.0,3.0
2022-08-12,STL,MIL,-172.0,145.0,0.6324,0.4082,0.6077,,
2022-08-12,TBR,BAL,-148.0,128.0,0.5968,0.4386,0.5764,3.0,10.0
2022-08-12,TEX,SEA,128.0,-150.0,0.4386,0.6,0.4223,2.0,6.0
2022-08-12,TOR,CLE,-167.0,139.0,0.6255,0.4184,0.5992,0.0,8.0
2022-08-12,WSN,SDP,240.0,-302.0,0.2941,0.7512,0.2814,5.0,10.0
2022-08-13,BOS,NYY,123.0,-148.0,0.4484,0.5968,0.429,2.0,3.0
2022-08-13,CHW,DET,-200.0,163.0,0.6667,0.3802,0.6368,6.0,4.0
2022-08-13,CIN,CHC,-122.0,102.0,0.5495,0.495,0.5261,2.0,7.0
2022-08-13,COL,ARI,130.0,-152.0,0.4348,0.6032,0.4189,0.0,6.0
2022-08-13,HOU,ATH,-295.0,240.0,0.7468,0.2941,0.7175,8.0,0.0
2022-08-13,KCR,LAD,245.0,-295.0,0.2899,0.7468,0.2796,3.0,13.0
2022-08-13,LAA,MIN,-106.0,-112.0,0.5146,0.5283,0.4934,5.0,3.0
2022-08-13,MIA,ATL,117.0,-139.0,0.4608,0.5816,0.4421,2.0,5.0
2022-08-13,NYM,PHI,-245.0,200.0,0.7101,0.3333,0.6806,1.0,0.0
2022-08-13,SFG,PIT,-260.0,210.0,0.7222,0.3226,0.6913,2.0,0.0
2022-08-13,STL,MIL,124.0,-148.0,0.4464,0.5968,0.4279,2.0,3.0
2022-08-13,TBR,BAL,-202.0,170.0,0.6689,0.3704,0.6436,8.0,2.0
2022-08-13,TEX,SEA,-119.0,102.0,0.5434,0.495,0.5233,7.0,4.0
2022-08-13,TOR,CLE,-118.0,-104.0,0.5413,0.5098,0.515,2.0,1.0
2022-08-13,WSN,SDP,270.0,-335.0,0.2703,0.7701,0.2598,4.0,3.0
2022-08-14,BOS,NYY,115.0,-136.0,0.4651,0.5763,0.4466,3.0,0.0
2022-08-14,CHW,DET,-215.0,175.0,0.6825,0.3636,0.6524,5.0,3.0
2022-08-14,CIN,CHC,130.0,-154.0,0.4348,0.6063,0.4176,8.0,5.0
2022-08-14,COL,ARI,-129.0,110.0,0.5633,0.4762,0.5419,4.0,7.0
2022-08-14,HOU,ATH,-286.0,235.0,0.7409,0.2985,0.7128,6.0,3.0
2022-08-14,KCR,LAD,200.0,-245.0,0.3333,0.7101,0.3194,4.0,0.0
2022-08-14,LAA,MIN,120.0,-142.0,0.4545,0.5868,0.4365,4.0,2.0
2022-08-14,MIA,ATL,107.0,-130.0,0.4831,0.5652,0.4608,1.0,3.0
2022-08-14,NYM,PHI,-141.0,120.0,0.5851,0.4545,0.5628,6.0,0.0
2022-08-14,SFG,PIT,-275.0,220.0,0.7333,0.3125,0.7012,8.0,7.0
2022-08-14,STL,MIL,-154.0,130.0,0.6063,0.4348,0.5824,6.0,3.0
2022-08-14,TBR,BAL,-175.0,148.0,0.6364,0.4032,0.6121,4.0,1.0
2022-08-14,TEX,SEA,102.0,-124.0,0.495,0.5536,0.4721,5.0,3.0
2022-08-14,TOR,CLE,-154.0,130.0,0.6063,0.4348,0.5824,2.0,7.0
2022-08-14,WSN,SDP,235.0,-286.0,0.2985,0.7409,0.2872,0.0,6.0
2022-08-15,ATL,NYM,-167.0,140.0,0.6255,0.4167,0.6002,13.0,1.0
2022-08-15,CHW,HOU,105.0,-125.0,0.4878,0.5556,0.4675,4.0,2.0
2022-08-15,CIN,PHI,155.0,-186.0,0.3922,0.6503,0.3762,3.0,4.0
2022-08-15,CLE,DET,-227.0,180.0,0.6942,0.3571,0.6603,4.0,1.0
2022-08-15,LAA,SEA,-108.0,-110.0,0.5192,0.5238,0.4978,2.0,6.0
2022-08-15,MIA,SDP,125.0,-150.0,0.4444,0.6,0.4255,3.0,0.0
2022-08-15,MIL,LAD,145.0,-180.0,0.4082,0.6429,0.3883,,
2022-08-15,MIN,KCR,-195.0,165.0,0.661,0.3774,0.6366,4.0,2.0
2022-08-15,NYY,TBR,-245.0,200.0,0.7101,0.3333,0.6806,0.0,4.0
2022-08-15,SFG,ARI,-197.0,165.0,0.6633,0.3774,0.6374,6.0,1.0
2022-08-15,TEX,ATH,-175.0,140.0,0.6364,0.4167,0.6043,2.0,1.0
2022-08-15,TOR,BAL,-165.0,140.0,0.6226,0.4167,0.5991,,
2022-08-15,WSN,CHC,120.0,-140.0,0.4545,0.5833,0.438,5.0,4.0
2022-08-16,ATL,NYM,-166.0,140.0,0.6241,0.4167,0.5996,5.0,0.0
2022-08-16,CHW,HOU,115.0,-135.0,0.4651,0.5745,0.4474,4.0,3.0
2022-08-16,CIN,PHI,150.0,-182.0,0.4,0.6454,0.3826,4.0,11.0
2022-08-16,CLE,DET,-230.0,184.0,0.697,0.3521,0.6644,3.0,4.0
2022-08-16,LAA,SEA,154.0,-180.0,0.3937,0.6429,0.3798,2.0,8.0
2022-08-16,MIA,SDP,128.0,-152.0,0.4386,0.6032,0.421,4.0,3.0
2022-08-16,MIL,LAD,-122.0,105.0,0.5495,0.4878,0.5298,5.0,4.0
2022-08-16,MIN,KCR,-200.0,165.0,0.6667,0.3774,0.6386,9.0,0.0
2022-08-16,NYY,TBR,-167.0,140.0,0.6255,0.4167,0.6002,1.0,3.0
2022-08-16,PIT,BOS,120.0,-143.0,0.4545,0.5885,0.4358,3.0,5.0
2022-08-16,SFG,ARI,-130.0,110.0,0.5652,0.4762,0.5427,2.0,1.0
2022-08-16,STL,COL,-245.0,195.0,0.7101,0.339,0.6769,5.0,4.0
2022-08-16,TEX,ATH,-133.0,112.0,0.5708,0.4717,0.5475,,
2022-08-16,TOR,BAL,-215.0,180.0,0.6825,0.3571,0.6565,2.0,4.0
2022-08-16,WSN,CHC,135.0,-161.0,0.4255,0.6169,0.4082,5.0,7.0
2022-08-17,ATL,NYM,130.0,-154.0,0.4348,0.6063,0.4176,7.0,9.0
2022-08-17,CHW,HOU,130.0,-154.0,0.4348,0.6063,0.4176,2.0,3.0
2022-08-17,CIN,PHI,140.0,-165.0,0.4167,0.6226,0.4009,1.0,0.0
2022-08-17,CLE,DET,-230.0,188.0,0.697,0.3472,0.6675,,
2022-08-17,LAA,SEA,155.0,-180.0,0.3922,0.6429,0.3789,7.0,11.0
2022-08-17,MIA,SDP,135.0,-156.0,0.4255,0.6094,0.4112,3.0,10.0
2022-08-17,MIL,LAD,146.0,-175.0,0.4065,0.6364,0.3898,1.0,2.0
2022-08-17,MIN,KCR,-213.0,180.0,0.6805,0.3571,0.6558,4.0,0.0
2022-08-17,NYY,TBR,-135.0,115.0,0.5745,0.4651,0.5526,8.0,7.0
2022-08-17,PIT,BOS,140.0,-165.0,0.4167,0.6226,0.4009,3.0,8.0
2022-08-17,SFG,ARI,-250.0,190.0,0.7143,0.3448,0.6744,2.0,3.0
2022-08-17,STL,COL,-200.0,165.0,0.6667,0.3774,0.6386,5.0,1.0
2022-08-17,TEX,ATH,-178.0,150.0,0.6403,0.4,0.6155,2.0,7.0
2022-08-17,TOR,BAL,-177.0,147.0,0.639,0.4049,0.6121,6.0,1.0
2022-08-17,WSN,CHC,135.0,-157.0,0.4255,0.6109,0.4106,2.0,3.0
2022-08-18,ATL,NYM,120.0,-143.0,0.4545,0.5885,0.4358,3.0,2.0
2022-08-18,BAL,CHC,-164.0,141.0,0.6212,0.4149,0.5995,2.0,3.0
2022-08-18,CHW,HOU,112.0,-135.0,0.4717,0.5745,0.4509,5.0,21.0
2022-08-18,MIL,LAD,-119.0,102.0,0.5434,0.495,0.5233,5.0,3.0
2022-08-18,NYY,TOR,-165.0,142.0,0.6226,0.4132,0.6011,2.0,9.0
2022-08-18,PIT,BOS,132.0,-155.0,0.431,0.6078,0.4149,8.0,2.0
2022-08-18,SDP,WSN,-400.0,310.0,0.8,0.2439,0.7664,1.0,3.0
2022-08-18,SFG,ARI,-157.0,135.0,0.6109,0.4255,0.5894,,
2022-08-18,STL,COL,-250.0,210.0,0.7143,0.3226,0.6889,13.0,0.0
2022-08-18,TBR,KCR,-190.0,163.0,0.6552,0.3802,0.6328,7.0,1.0
2022-08-18,TEX,ATH,-197.0,169.0,0.6633,0.3717,0.6408,10.0,3.0
2022-08-19,ARI,STL,162.0,-189.0,0.3817,0.654,0.3685,1.0,5.0
2022-08-19,ATL,HOU,-125.0,110.0,0.5556,0.4762,0.5385,6.0,2.0
2022-08-19,BAL,BOS,-108.0,-108.0,0.5192,0.5192,0.5,15.0,10.0
2022-08-19,CHC,MIL,120.0,-139.0,0.4545,0.5816,0.4387,,
2022-08-19,CLE,CHW,-138.0,120.0,0.5798,0.4545,0.5606,5.0,2.0
2022-08-19,COL,SFG,135.0,-167.0,0.4255,0.6255,0.4049,7.0,4.0
2022-08-19,DET,LAA,124.0,-149.0,0.4464,0.5984,0.4273,0.0,1.0
2022-08-19,LAD,MIA,-277.0,225.0,0.7347,0.3077,0.7048,2.0,1.0
2022-08-19,MIN,TEX,-140.0,120.0,0.5833,0.4545,0.562,2.0,1.0
2022-08-19,NYY,TOR,-106.0,-110.0,0.5146,0.5238,0.4955,0.0,4.0
2022-08-19,ATH,SEA,120.0,-139.0,0.4545,0.5816,0.4387,2.0,10.0
2022-08-19,PHI,NYM,-120.0,104.0,0.5455,0.4902,0.5267,2.0,7.0
2022-08-19,PIT,CIN,100.0,-118.0,0.5,0.5413,0.4802,5.0,4.0
2022-08-19,SDP,WSN,-357.0,280.0,0.7812,0.2632,0.748,,
2022-08-19,TBR,KCR,-205.0,165.0,0.6721,0.3774,0.6404,2.0,3.0
2022-08-20,ARI,STL,132.0,-154.0,0.431,0.6063,0.4155,7.0,16.0
2022-08-20,ATL,HOU,-165.0,140.0,0.6226,0.4167,0.5991,5.0,4.0
2022-08-20,BAL,BOS,110.0,-130.0,0.4762,0.5652,0.4573,3.0,4.0
2022-08-20,CHC,MIL,108.0,-125.0,0.4808,0.5556,0.4639,6.0,5.0
2022-08-20,CLE,CHW,-170.0,148.0,0.6296,0.4032,0.6096,0.0,2.0
2022-08-20,COL,SFG,149.0,-179.0,0.4016,0.6416,0.385,4.0,3.0
2022-08-20,DET,LAA,145.0,-167.0,0.4082,0.6255,0.3949,4.0,3.0
2022-08-20,LAD,MIA,-357.0,275.0,0.7812,0.2667,0.7455,7.0,0.0
2022-08-20,MIN,TEX,-175.0,150.0,0.6364,0.4,0.614,3.0,4.0
2022-08-20,NYY,TOR,-189.0,163.0,0.654,0.3802,0.6323,2.0,5.0
2022-08-20,ATH,SEA,163.0,-200.0,0.3802,0.6667,0.3632,4.0,3.0
2022-08-20,PHI,NYM,-150.0,132.0,0.6,0.431,0.5819,2.0,8.0
2022-08-20,PIT,CIN,-148.0,125.0,0.5968,0.4444,0.5731,1.0,10.0
2022-08-20,SDP,WSN,-322.0,265.0,0.763,0.274,0.7358,2.0,1.0
2022-08-20,TBR,KCR,-210.0,168.0,0.6774,0.3731,0.6448,5.0,2.0
2022-08-21,ARI,STL,115.0,-132.0,0.4651,0.569,0.4498,4.0,6.0
2022-08-21,ATL,HOU,-165.0,140.0,0.6226,0.4167,0.5991,4.0,5.0
2022-08-21,BAL,BOS,-105.0,-117.0,0.5122,0.5392,0.4872,5.0,3.0
2022-08-21,CHC,MIL,130.0,-154.0,0.4348,0.6063,0.4176,2.0,5.0
2022-08-21,COL,SFG,115.0,-134.0,0.4651,0.5726,0.4482,8.0,9.0
2022-08-21,DET,LAA,161.0,-188.0,0.3831,0.6528,0.3699,4.0,0.0
2022-08-21,LAD,MIA,-167.0,145.0,0.6255,0.4082,0.6051,10.0,3.0
2022-08-21,MIN,TEX,-182.0,158.0,0.6454,0.3876,0.6248,0.0,7.0
2022-08-21,NYY,TOR,-120.0,105.0,0.5455,0.4878,0.5279,4.0,2.0
2022-08-21,ATH,SEA,188.0,-225.0,0.3472,0.6923,0.334,5.0,3.0
2022-08-21,PHI,NYM,-123.0,107.0,0.5516,0.4831,0.5331,9.0,10.0
2022-08-21,PIT,CIN,-120.0,104.0,0.5455,0.4902,0.5267,5.0,9.0
2022-08-21,SDP,WSN,-307.0,250.0,0.7543,0.2857,0.7253,2.0,1.0
2022-08-21,TBR,KCR,-190.0,158.0,0.6552,0.3876,0.6283,3.0,2.0
2022-08-22,CHC,STL,150.0,-180.0,0.4,0.6429,0.3836,0.0,1.0
2022-08-22,KCR,CHW,135.0,-155.0,0.4255,0.6078,0.4118,6.0,4.0
2022-08-22,LAD,MIL,-275.0,222.0,0.7333,0.3106,0.7025,,
2022-08-22,MIN,TEX,-205.0,176.0,0.6721,0.3623,0.6497,1.0,2.0
2022-08-22,NYY,NYM,140.0,-162.0,0.4167,0.6183,0.4026,4.0,2.0
2022-08-22,ATH,MIA,129.0,-148.0,0.4367,0.5968,0.4225,0.0,3.0
2022-08-22,PHI,CIN,-250.0,200.0,0.7143,0.3333,0.6818,,
2022-08-22,PIT,ATL,170.0,-200.0,0.3704,0.6667,0.3571,1.0,2.0
2022-08-22,TBR,LAA,-235.0,200.0,0.7015,0.3333,0.6779,2.0,1.0
2022-08-23,BAL,CHW,117.0,-136.0,0.4608,0.5763,0.4443,5.0,3.0
2022-08-23,BOS,TOR,120.0,-140.0,0.4545,0.5833,0.438,3.0,9.0
2022-08-23,CHC,STL,160.0,-200.0,0.3846,0.6667,0.3659,2.0,0.0
2022-08-23,COL,TEX,-116.0,-103.0,0.537,0.5074,0.5142,7.0,6.0
2022-08-23,DET,SFG,185.0,-215.0,0.3509,0.6825,0.3395,1.0,3.0
2022-08-23,HOU,MIN,-303.0,250.0,0.7519,0.2857,0.7246,,
2022-08-23,KCR,ARI,106.0,-124.0,0.4854,0.5536,0.4672,3.0,7.0
2022-08-23,LAD,MIL,-156.0,130.0,0.6094,0.4348,0.5836,10.0,1.0
2022-08-23,NYY,NYM,-134.0,116.0,0.5726,0.463,0.553,4.0,2.0
2022-08-23,ATH,MIA,126.0,-147.0,0.4425,0.5951,0.4264,3.0,5.0
2022-08-23,PHI,CIN,-215.0,180.0,0.6825,0.3571,0.6565,7.0,6.0
2022-08-23,PIT,ATL,230.0,-277.0,0.303,0.7347,0.292,1.0,6.0
2022-08-23,SDP,CLE,-145.0,125.0,0.5918,0.4444,0.5711,1.0,3.0
2022-08-23,SEA,WSN,-286.0,235.0,0.7409,0.2985,0.7128,4.0,2.0
2022-08-23,TBR,LAA,-175.0,150.0,0.6364,0.4,0.614,11.0,1.0
2022-08-24,BAL,CHW,102.0,-120.0,0.495,0.5455,0.4758,3.0,5.0
2022-08-24,BOS,TOR,130.0,-154.0,0.4348,0.6063,0.4176,2.0,3.0
2022-08-24,CHC,STL,165.0,-205.0,0.3774,0.6721,0.3596,,
2022-08-24,COL,TEX,115.0,-135.0,0.4651,0.5745,0.4474,4.0,16.0
2022-08-24,DET,SFG,135.0,-158.0,0.4255,0.6124,0.41,6.0,1.0
2022-08-24,HOU,MIN,-240.0,200.0,0.7059,0.3333,0.6792,5.0,3.0
2022-08-24,KCR,ARI,110.0,-130.0,0.4762,0.5652,0.4573,5.0,3.0
2022-08-24,LAD,MIL,-265.0,210.0,0.726,0.3226,0.6924,12.0,6.0
2022-08-24,ATH,MIA,105.0,-122.0,0.4878,0.5495,0.4702,3.0,2.0
2022-08-24,PHI,CIN,-262.0,212.0,0.7238,0.3205,0.6931,7.0,5.0
2022-08-24,PIT,ATL,237.0,-284.0,0.2967,0.7396,0.2863,2.0,14.0
2022-08-24,SDP,CLE,-167.0,145.0,0.6255,0.4082,0.6051,0.0,7.0
2022-08-24,SEA,WSN,-327.0,265.0,0.7658,0.274,0.7365,1.0,3.0
2022-08-24,TBR,LAA,-295.0,235.0,0.7468,0.2985,0.7144,4.0,3.0
2022-08-25,BAL,CHW,105.0,-120.0,0.4878,0.5455,0.4721,4.0,3.0
2022-08-25,BOS,TOR,150.0,-177.0,0.4,0.639,0.385,5.0,6.0
2022-08-25,CHC,STL,-108.0,-106.0,0.5192,0.5146,0.5023,3.0,8.0
2022-08-25,HOU,MIN,-165.0,145.0,0.6226,0.4082,0.604,,
2022-08-25,NYM,COL,-450.0,350.0,0.8182,0.2222,0.7864,,
2022-08-25,ATH,NYY,188.0,-225.0,0.3472,0.6923,0.334,4.0,13.0
2022-08-25,PHI,CIN,-360.0,290.0,0.7826,0.2564,0.7532,4.0,0.0
2022-08-25,SEA,CLE,-104.0,-118.0,0.5098,0.5413,0.485,3.0,1.0
2022-08-25,TBR,LAA,-195.0,170.0,0.661,0.3704,0.6409,8.0,3.0
2022-08-26,BOS,TBR,-117.0,100.0,0.5392,0.5,0.5188,9.0,8.0
2022-08-26,CHW,ARI,-167.0,142.0,0.6255,0.4132,0.6022,2.0,7.0
2022-08-26,HOU,BAL,-193.0,161.0,0.6587,0.3831,0.6322,,
2022-08-26,KCR,SDP,167.0,-197.0,0.3745,0.6633,0.3609,5.0,13.0
2022-08-26,MIA,LAD,235.0,-275.0,0.2985,0.7333,0.2893,6.0,10.0
2022-08-26,MIL,CHC,-154.0,131.0,0.6063,0.4329,0.5834,3.0,4.0
2022-08-26,MIN,SFG,-128.0,111.0,0.5614,0.4739,0.5422,9.0,0.0
2022-08-26,NYM,COL,-342.0,275.0,0.7738,0.2667,0.7437,,
2022-08-26,ATH,NYY,205.0,-240.0,0.3279,0.7059,0.3172,2.0,3.0
2022-08-26,PHI,PIT,-286.0,232.0,0.7409,0.3012,0.711,7.0,4.0
2022-08-26,SEA,CLE,103.0,-120.0,0.4926,0.5455,0.4745,3.0,2.0
2022-08-26,STL,ATL,142.0,-167.0,0.4132,0.6255,0.3978,4.0,11.0
2022-08-26,TEX,DET,-158.0,138.0,0.6124,0.4202,0.5931,7.0,6.0
2022-08-26,TOR,LAA,-190.0,164.0,0.6552,0.3788,0.6337,0.0,12.0
2022-08-26,WSN,CIN,-152.0,133.0,0.6032,0.4292,0.5843,3.0,7.0
2022-08-27,BOS,TBR,108.0,-122.0,0.4808,0.5495,0.4666,5.0,1.0
2022-08-27,CHW,ARI,-104.0,-114.0,0.5098,0.5327,0.489,5.0,10.0
2022-08-27,HOU,BAL,-186.0,159.0,0.6503,0.3861,0.6275,1.0,3.0
2022-08-27,KCR,SDP,185.0,-220.0,0.3509,0.6875,0.3379,3.0,4.0
2022-08-27,MIA,LAD,175.0,-200.0,0.3636,0.6667,0.3529,2.0,1.0
2022-08-27,MIL,CHC,-188.0,159.0,0.6528,0.3861,0.6283,7.0,0.0
2022-08-27,MIN,SFG,-139.0,121.0,0.5816,0.4525,0.5624,3.0,2.0
2022-08-27,NYM,COL,-250.0,212.0,0.7143,0.3205,0.6903,3.0,0.0
2022-08-27,ATH,NYY,195.0,-232.0,0.339,0.6988,0.3266,3.0,2.0
2022-08-27,PHI,PIT,-295.0,245.0,0.7468,0.2899,0.7204,6.0,0.0
2022-08-27,SEA,CLE,-171.0,148.0,0.631,0.4032,0.6101,3.0,4.0
2022-08-27,STL,ATL,-106.0,-108.0,0.5146,0.5192,0.4977,6.0,5.0
2022-08-27,TEX,DET,-119.0,101.0,0.5434,0.4975,0.522,2.0,11.0
2022-08-27,TOR,LAA,-150.0,133.0,0.6,0.4292,0.583,0.0,2.0
2022-08-27,WSN,CIN,-136.0,116.0,0.5763,0.463,0.5545,2.0,6.0
2022-08-28,BOS,TBR,-110.0,-104.0,0.5238,0.5098,0.5068,4.0,12.0
2022-08-28,CHW,ARI,-195.0,163.0,0.661,0.3802,0.6348,2.0,3.0
2022-08-28,HOU,BAL,-240.0,200.0,0.7059,0.3333,0.6792,3.0,1.0
2022-08-28,KCR,SDP,172.0,-200.0,0.3676,0.6667,0.3555,15.0,7.0
2022-08-28,MIA,LAD,215.0,-265.0,0.3175,0.726,0.3042,1.0,8.0
2022-08-28,MIL,CHC,-175.0,145.0,0.6364,0.4082,0.6092,9.0,7.0
2022-08-28,MIN,SFG,-110.0,-106.0,0.5238,0.5146,0.5045,8.0,3.0
2022-08-28,NYM,COL,-357.0,280.0,0.7812,0.2632,0.748,0.0,1.0
2022-08-28,ATH,NYY,175.0,-200.0,0.3636,0.6667,0.3529,4.0,1.0
2022-08-28,PHI,PIT,-250.0,205.0,0.7143,0.3279,0.6854,0.0,5.0
2022-08-28,SEA,CLE,-150.0,128.0,0.6,0.4386,0.5777,4.0,0.0
2022-08-28,STL,ATL,-148.0,127.0,0.5968,0.4405,0.5753,6.0,3.0
2022-08-28,TEX,DET,-166.0,144.0,0.6241,0.4098,0.6036,8.0,9.0
2022-08-28,TOR,LAA,-275.0,225.0,0.7333,0.3077,0.7044,3.0,8.0
2022-08-28,WSN,CIN,-104.0,-112.0,0.5098,0.5283,0.4911,3.0,2.0
2022-08-29,ARI,PHI,150.0,-180.0,0.4,0.6429,0.3836,13.0,7.0
2022-08-29,CIN,STL,190.0,-225.0,0.3448,0.6923,0.3325,4.0,13.0
2022-08-29,LAA,NYY,150.0,-180.0,0.4,0.6429,0.3836,,
2022-08-29,MIA,LAD,145.0,-167.0,0.4082,0.6255,0.3949,2.0,3.0
2022-08-29,MIL,PIT,-357.0,285.0,0.7812,0.2597,0.7505,7.0,5.0
2022-08-29,MIN,BOS,-117.0,102.0,0.5392,0.495,0.5213,,
2022-08-29,SFG,SDP,-134.0,115.0,0.5726,0.4651,0.5518,5.0,6.0
2022-08-29,TOR,CHC,-250.0,205.0,0.7143,0.3279,0.6854,5.0,4.0
2022-08-30,ARI,PHI,112.0,-130.0,0.4717,0.5652,0.4549,12.0,3.0
2022-08-30,ATL,COL,-360.0,300.0,0.7826,0.25,0.7579,2.0,3.0
2022-08-30,CHW,KCR,-132.0,112.0,0.569,0.4717,0.5467,7.0,9.0
2022-08-30,CIN,STL,180.0,-210.0,0.3571,0.6774,0.3452,5.0,1.0
2022-08-30,CLE,BAL,-148.0,128.0,0.5968,0.4386,0.5764,5.0,1.0
2022-08-30,DET,SEA,145.0,-175.0,0.4082,0.6364,0.3908,3.0,9.0
2022-08-30,LAA,NYY,145.0,-170.0,0.4082,0.6296,0.3933,4.0,7.0
2022-08-30,MIA,TBR,167.0,-200.0,0.3745,0.6667,0.3597,,
2022-08-30,MIL,PIT,-178.0,150.0,0.6403,0.4,0.6155,2.0,4.0
2022-08-30,MIN,BOS,-132.0,115.0,0.569,0.4651,0.5502,10.0,5.0
2022-08-30,NYM,LAD,118.0,-138.0,0.4587,0.5798,0.4417,3.0,4.0
2022-08-30,SFG,SDP,120.0,-137.0,0.4545,0.5781,0.4402,3.0,4.0
2022-08-30,TEX,HOU,128.0,-150.0,0.4386,0.6,0.4223,,
2022-08-30,TOR,CHC,-210.0,180.0,0.6774,0.3571,0.6548,5.0,3.0
2022-08-30,WSN,ATH,-106.0,-110.0,0.5146,0.5238,0.4955,6.0,10.0
2022-08-31,ARI,PHI,120.0,-139.0,0.4545,0.5816,0.4387,2.0,18.0
2022-08-31,ATL,COL,-350.0,275.0,0.7778,0.2667,0.7447,3.0,2.0
2022-08-31,CHW,KCR,-205.0,175.0,0.6721,0.3636,0.6489,4.0,2.0
2022-08-31,CIN,STL,200.0,-240.0,0.3333,0.7059,0.3208,3.0,5.0
2022-08-31,CLE,BAL,-178.0,150.0,0.6403,0.4,0.6155,0.0,4.0
2022-08-31,DET,SEA,134.0,-158.0,0.4274,0.6124,0.411,3.0,5.0
2022-08-31,LAA,NYY,165.0,-200.0,0.3774,0.6667,0.3614,,
2022-08-31,MIA,TBR,143.0,-167.0,0.4115,0.6255,0.3968,,
2022-08-31,MIL,PIT,-286.0,245.0,0.7409,0.2899,0.7188,6.0,1.0
2022-08-31,MIN,BOS,-125.0,107.0,0.5556,0.4831,0.5349,5.0,6.0
2022-08-31,NYM,LAD,-170.0,140.0,0.6296,0.4167,0.6018,2.0,1.0
2022-08-31,SFG,SDP,135.0,-155.0,0.4255,0.6078,0.4118,4.0,5.0
2022-08-31,TEX,HOU,120.0,-143.0,0.4545,0.5885,0.4358,3.0,5.0
2022-08-31,TOR,CHC,-250.0,200.0,0.7143,0.3333,0.6818,5.0,7.0
2022-08-31,WSN,ATH,-109.0,-108.0,0.5215,0.5192,0.5011,5.0,1.0
2022-09-01,ARI,MIL,118.0,-135.0,0.4587,0.5745,0.444,5.0,0.0
2022-09-01,ATL,COL,-400.0,330.0,0.8,0.2326,0.7748,3.0,0.0
2022-09-01,BOS,TEX,-175.0,145.0,0.6364,0.4082,0.6092,9.0,8.0
2022-09-01,CHW,KCR,-189.0,155.0,0.654,0.3922,0.6251,7.0,1.0
2022-09-01,CLE,BAL,-184.0,154.0,0.6479,0.3937,0.622,0.0,3.0
2022-09-01,DET,SEA,133.0,-154.0,0.4292,0.6063,0.4145,0.0,7.0
2022-09-01,NYM,LAD,116.0,-133.0,0.463,0.5708,0.4478,5.0,3.0
2022-09-01,WSN,ATH,-114.0,-105.0,0.5327,0.5122,0.5098,7.0,5.0
2022-09-02,ARI,MIL,-105.0,-115.0,0.5122,0.5349,0.4892,2.0,1.0
2022-09-02,ATL,MIA,-182.0,158.0,0.6454,0.3876,0.6248,8.0,1.0
2022-09-02,BAL,ATH,-165.0,142.0,0.6226,0.4132,0.6011,5.0,2.0
2022-09-02,BOS,TEX,-200.0,165.0,0.6667,0.3774,0.6386,9.0,1.0
2022-09-02,CHW,MIN,120.0,-139.0,0.4545,0.5816,0.4387,4.0,3.0
2022-09-02,CIN,COL,-130.0,110.0,0.5652,0.4762,0.5427,3.0,2.0
2022-09-02,CLE,SEA,118.0,-139.0,0.4587,0.5816,0.4409,1.0,6.0
2022-09-02,DET,KCR,-109.0,-104.0,0.5215,0.5098,0.5057,4.0,4.0
2022-09-02,LAA,HOU,120.0,-141.0,0.4545,0.5851,0.4372,2.0,4.0
2022-09-02,LAD,SDP,-165.0,145.0,0.6226,0.4082,0.604,1.0,7.0
2022-09-02,NYM,WSN,-275.0,230.0,0.7333,0.303,0.7076,,
2022-09-02,PIT,TOR,200.0,-245.0,0.3333,0.7101,0.3194,0.0,4.0
2022-09-02,SFG,PHI,-118.0,-104.0,0.5413,0.5098,0.515,13.0,1.0
2022-09-02,STL,CHC,-255.0,210.0,0.7183,0.3226,0.6901,8.0,0.0
2022-09-02,TBR,NYY,-130.0,110.0,0.5652,0.4762,0.5427,9.0,0.0
2022-09-03,ARI,MIL,163.0,-196.0,0.3802,0.6622,0.3648,6.0,8.0
2022-09-03,ATL,MIA,-175.0,145.0,0.6364,0.4082,0.6092,2.0,1.0
2022-09-03,BAL,ATH,-230.0,190.0,0.697,0.3448,0.669,8.0,1.0
2022-09-03,BOS,TEX,-165.0,140.0,0.6226,0.4167,0.5991,5.0,3.0
2022-09-03,CHW,MIN,-140.0,120.0,0.5833,0.4545,0.562,13.0,0.0
2022-09-03,CLE,SEA,140.0,-164.0,0.4167,0.6212,0.4015,0.0,4.0
2022-09-03,DET,KCR,-122.0,105.0,0.5495,0.4878,0.5298,2.0,12.0
2022-09-03,LAA,HOU,-135.0,115.0,0.5745,0.4651,0.5526,2.0,1.0
2022-09-03,LAD,SDP,-230.0,200.0,0.697,0.3333,0.6765,12.0,1.0
2022-09-03,NYM,WSN,-400.0,310.0,0.8,0.2439,0.7664,1.0,7.0
2022-09-03,PIT,TOR,145.0,-175.0,0.4082,0.6364,0.3908,1.0,4.0
2022-09-03,SFG,PHI,108.0,-124.0,0.4808,0.5536,0.4648,5.0,4.0
2022-09-03,STL,CHC,-215.0,180.0,0.6825,0.3571,0.6565,8.0,4.0
2022-09-03,TBR,NYY,-130.0,114.0,0.5652,0.4673,0.5474,2.0,1.0
2022-09-04,ARI,MIL,-170.0,145.0,0.6296,0.4082,0.6067,5.0,1.0
2022-09-04,ATL,MIA,-265.0,210.0,0.726,0.3226,0.6924,7.0,1.0
2022-09-04,BAL,ATH,-180.0,155.0,0.6429,0.3922,0.6211,0.0,5.0
2022-09-04,BOS,TEX,-120.0,100.0,0.5455,0.5,0.5217,5.0,2.0
2022-09-04,CHW,MIN,-133.0,116.0,0.5708,0.463,0.5522,1.0,5.0
2022-09-04,CIN,COL,-120.0,102.0,0.5455,0.495,0.5242,4.0,8.0
2022-09-04,CLE,SEA,108.0,-125.0,0.4808,0.5556,0.4639,3.0,6.0
2022-09-04,DET,KCR,-124.0,106.0,0.5536,0.4854,0.5328,2.0,3.0
2022-09-04,LAA,HOU,155.0,-189.0,0.3922,0.654,0.3749,1.0,9.0
2022-09-04,LAD,SDP,-167.0,140.0,0.6255,0.4167,0.6002,9.0,4.0
2022-09-04,NYM,WSN,-305.0,250.0,0.7531,0.2857,0.725,1.0,7.0
2022-09-04,PIT,TOR,176.0,-210.0,0.3623,0.6774,0.3485,3.0,4.0
2022-09-04,SFG,PHI,-115.0,102.0,0.5349,0.495,0.5193,5.0,3.0
2022-09-04,STL,CHC,-190.0,160.0,0.6552,0.3846,0.6301,2.0,0.0
2022-09-04,TBR,NYY,105.0,-125.0,0.4878,0.5556,0.4675,1.0,2.0
2022-09-05,BAL,TOR,150.0,-175.0,0.4,0.6364,0.386,3.0,7.0
2022-09-05,COL,MIL,120.0,-140.0,0.4545,0.5833,0.438,4.0,6.0
2022-09-05,HOU,TEX,-182.0,155.0,0.6454,0.3922,0.622,1.0,0.0
2022-09-05,KCR,CLE,118.0,-138.0,0.4587,0.5798,0.4417,5.0,6.0
2022-09-05,LAA,DET,-190.0,164.0,0.6552,0.3788,0.6337,10.0,0.0
2022-09-05,LAD,SFG,-235.0,200.0,0.7015,0.3333,0.6779,4.0,7.0
2022-09-05,NYY,MIN,-165.0,143.0,0.6226,0.4115,0.6021,5.0,2.0
2022-09-05,SDP,ARI,-235.0,197.0,0.7015,0.3367,0.6757,,
2022-09-05,SEA,CHW,108.0,-126.0,0.4808,0.5575,0.463,2.0,3.0
2022-09-05,STL,WSN,-275.0,230.0,0.7333,0.303,0.7076,0.0,6.0
2022-09-05,TBR,BOS,-108.0,-108.0,0.5192,0.5192,0.5,,
2022-09-06,BAL,TOR,-110.0,-106.0,0.5238,0.5146,0.5045,9.0,6.0
2022-09-06,CHC,CIN,-152.0,132.0,0.6032,0.431,0.5832,9.0,3.0
2022-09-06,COL,MIL,170.0,-200.0,0.3704,0.6667,0.3571,10.0,7.0
2022-09-06,HOU,TEX,-250.0,210.0,0.7143,0.3226,0.6889,3.0,4.0
2022-09-06,KCR,CLE,175.0,-200.0,0.3636,0.6667,0.3529,1.0,4.0
2022-09-06,LAA,DET,-138.0,120.0,0.5798,0.4545,0.5606,5.0,4.0
2022-09-06,LAD,SFG,-325.0,265.0,0.7647,0.274,0.7362,6.0,3.0
2022-09-06,ATH,ATL,200.0,-240.0,0.3333,0.7059,0.3208,9.0,10.0
2022-09-06,PHI,MIA,-240.0,195.0,0.7059,0.339,0.6756,3.0,2.0
2022-09-06,PIT,NYM,188.0,-225.0,0.3472,0.6923,0.334,8.0,2.0
2022-09-06,SDP,ARI,-164.0,140.0,0.6212,0.4167,0.5985,6.0,5.0
2022-09-06,SEA,CHW,-152.0,132.0,0.6032,0.431,0.5832,3.0,0.0
2022-09-06,STL,WSN,-260.0,215.0,0.7222,0.3175,0.6947,,
2022-09-06,TBR,BOS,-138.0,120.0,0.5798,0.4545,0.5606,8.0,4.0
2022-09-07,BAL,TOR,120.0,-141.0,0.4545,0.5851,0.4372,,
2022-09-07,CHC,CIN,-152.0,130.0,0.6032,0.4348,0.5811,,
2022-09-07,COL,MIL,120.0,-140.0,0.4545,0.5833,0.438,8.0,4.0
2022-09-07,HOU,TEX,-295.0,250.0,0.7468,0.2857,0.7233,4.0,3.0
2022-09-07,KCR,CLE,120.0,-142.0,0.4545,0.5868,0.4365,2.0,1.0
2022-09-07,LAA,DET,-225.0,188.0,0.6923,0.3472,0.666,4.0,5.0
2022-09-07,LAD,SFG,-247.0,205.0,0.7118,0.3279,0.6846,7.0,3.0
2022-09-07,NYY,MIN,-143.0,125.0,0.5885,0.4444,0.5697,5.0,4.0
2022-09-07,ATH,ATL,250.0,-325.0,0.2857,0.7647,0.272,3.0,7.0
2022-09-07,PHI,MIA,-168.0,146.0,0.6269,0.4065,0.6066,4.0,3.0
2022-09-07,PIT,NYM,220.0,-275.0,0.3125,0.7333,0.2988,1.0,5.0
2022-09-07,SDP,ARI,-240.0,195.0,0.7059,0.339,0.6756,6.0,3.0
2022-09-07,SEA,CHW,-200.0,168.0,0.6667,0.3731,0.6411,6.0,9.0
2022-09-07,STL,WSN,-357.0,275.0,0.7812,0.2667,0.7455,6.0,5.0
2022-09-07,TBR,BOS,-182.0,154.0,0.6454,0.3937,0.6211,1.0,0.0
2022-09-08,CHC,CIN,-143.0,120.0,0.5885,0.4545,0.5642,3.0,4.0
2022-09-08,MIL,SFG,-200.0,172.0,0.6667,0.3676,0.6445,,
2022-09-08,NYY,MIN,-148.0,125.0,0.5968,0.4444,0.5731,3.0,4.0
2022-09-08,ATH,CHW,180.0,-210.0,0.3571,0.6774,0.3452,2.0,14.0
2022-09-08,PHI,MIA,-136.0,120.0,0.5763,0.4545,0.559,5.0,6.0
2022-09-08,STL,WSN,-286.0,235.0,0.7409,0.2985,0.7128,,
2022-09-09,BAL,BOS,-120.0,105.0,0.5455,0.4878,0.5279,3.0,2.0
2022-09-09,CHC,SFG,123.0,-141.0,0.4484,0.5851,0.4339,4.0,2.0
2022-09-09,COL,ARI,-118.0,102.0,0.5413,0.495,0.5223,13.0,10.0
2022-09-09,HOU,LAA,-213.0,176.0,0.6805,0.3623,0.6526,4.0,3.0
2022-09-09,KCR,DET,-135.0,116.0,0.5745,0.463,0.5537,2.0,10.0
2022-09-09,MIA,NYM,140.0,-167.0,0.4167,0.6255,0.3998,6.0,3.0
2022-09-09,MIL,CIN,-152.0,130.0,0.6032,0.4348,0.5811,2.0,8.0
2022-09-09,MIN,CLE,-109.0,-105.0,0.5215,0.5122,0.5045,6.0,7.0
2022-09-09,NYY,TBR,-104.0,-112.0,0.5098,0.5283,0.4911,2.0,4.0
2022-09-09,ATH,CHW,148.0,-170.0,0.4032,0.6296,0.3904,3.0,5.0
2022-09-09,PHI,WSN,-200.0,172.0,0.6667,0.3676,0.6445,5.0,3.0
2022-09-09,PIT,STL,173.0,-200.0,0.3663,0.6667,0.3546,8.0,2.0
2022-09-09,SDP,LAD,135.0,-160.0,0.4255,0.6154,0.4088,5.0,4.0
2022-09-09,SEA,ATL,105.0,-120.0,0.4878,0.5455,0.4721,4.0,6.0
2022-09-09,TEX,TOR,130.0,-149.0,0.4348,0.5984,0.4208,3.0,4.0
2022-09-10,BAL,BOS,-108.0,-107.0,0.5192,0.5169,0.5011,4.0,17.0
2022-09-10,CHC,SFG,105.0,-120.0,0.4878,0.5455,0.4721,2.0,5.0
2022-09-10,COL,ARI,-107.0,-110.0,0.5169,0.5238,0.4967,4.0,1.0
2022-09-10,HOU,LAA,-136.0,115.0,0.5763,0.4651,0.5534,1.0,6.0
2022-09-10,KCR,DET,-125.0,110.0,0.5556,0.4762,0.5385,4.0,8.0
2022-09-10,MIA,NYM,140.0,-167.0,0.4167,0.6255,0.3998,3.0,11.0
2022-09-10,MIL,CIN,-240.0,195.0,0.7059,0.339,0.6756,5.0,1.0
2022-09-10,MIN,CLE,-102.0,-115.0,0.505,0.5349,0.4856,4.0,6.0
2022-09-10,NYY,TBR,-105.0,-113.0,0.5122,0.5305,0.4912,10.0,3.0
2022-09-10,ATH,CHW,165.0,-195.0,0.3774,0.661,0.3634,2.0,10.0
2022-09-10,PHI,WSN,-250.0,210.0,0.7143,0.3226,0.6889,8.0,5.0
2022-09-10,PIT,STL,158.0,-186.0,0.3876,0.6503,0.3734,5.0,7.0
2022-09-10,SDP,LAD,125.0,-148.0,0.4444,0.5968,0.4269,4.0,8.0
2022-09-10,SEA,ATL,105.0,-120.0,0.4878,0.5455,0.4721,3.0,1.0
2022-09-10,TEX,TOR,180.0,-215.0,0.3571,0.6825,0.3435,7.0,11.0
2022-09-11,BAL,BOS,-122.0,108.0,0.5495,0.4808,0.5334,0.0,1.0
2022-09-11,CHC,SFG,-112.0,-103.0,0.5283,0.5074,0.5101,2.0,4.0
2022-09-11,COL,ARI,144.0,-167.0,0.4098,0.6255,0.3959,6.0,12.0
2022-09-11,HOU,LAA,-275.0,230.0,0.7333,0.303,0.7076,12.0,4.0
2022-09-11,KCR,DET,-167.0,140.0,0.6255,0.4167,0.6002,4.0,0.0
2022-09-11,MIA,NYM,120.0,-148.0,0.4545,0.5968,0.4324,3.0,9.0
2022-09-11,MIL,CIN,-286.0,240.0,0.7409,0.2941,0.7158,7.0,6.0
2022-09-11,MIN,CLE,128.0,-148.0,0.4386,0.5968,0.4236,1.0,4.0
2022-09-11,NYY,TBR,-133.0,113.0,0.5708,0.4695,0.5487,10.0,4.0
2022-09-11,ATH,CHW,140.0,-161.0,0.4167,0.6169,0.4032,10.0,3.0
2022-09-11,PHI,WSN,-320.0,255.0,0.7619,0.2817,0.7301,7.0,5.0
2022-09-11,PIT,STL,140.0,-165.0,0.4167,0.6226,0.4009,3.0,4.0
2022-09-11,SDP,LAD,110.0,-130.0,0.4762,0.5652,0.4573,2.0,11.0
2022-09-11,SEA,ATL,115.0,-130.0,0.4651,0.5652,0.4514,8.0,7.0
2022-09-11,TEX,TOR,102.0,-117.0,0.495,0.5392,0.4787,4.0,1.0
2022-09-12,ARI,LAD,188.0,-225.0,0.3472,0.6923,0.334,0.0,6.0
2022-09-12,CIN,PIT,-137.0,120.0,0.5781,0.4545,0.5598,3.0,6.0
2022-09-12,CLE,LAA,-120.0,-100.0,0.5455,0.5,0.5217,,
2022-09-12,DET,HOU,200.0,-240.0,0.3333,0.7059,0.3208,0.0,7.0
2022-09-12,MIA,TEX,-125.0,108.0,0.5556,0.4808,0.5361,2.0,3.0
2022-09-12,NYM,CHC,-297.0,250.0,0.7481,0.2857,0.7236,2.0,5.0
2022-09-12,SFG,ATL,160.0,-190.0,0.3846,0.6552,0.3699,3.0,2.0
2022-09-12,TOR,TBR,-175.0,145.0,0.6364,0.4082,0.6092,3.0,2.0
2022-09-13,ARI,LAD,175.0,-200.0,0.3636,0.6667,0.3529,0.0,4.0
2022-09-13,BOS,NYY,140.0,-162.0,0.4167,0.6183,0.4026,6.0,7.0
2022-09-13,CHW,COL,-200.0,175.0,0.6667,0.3636,0.6471,4.0,2.0
2022-09-13,CIN,PIT,-143.0,120.0,0.5885,0.4545,0.5642,,
2022-09-13,CLE,LAA,-127.0,112.0,0.5595,0.4717,0.5426,3.0,1.0
2022-09-13,DET,HOU,200.0,-237.0,0.3333,0.7033,0.3216,3.0,6.0
2022-09-13,MIA,PHI,-121.0,106.0,0.5475,0.4854,0.53,1.0,2.0
2022-09-13,MIN,KCR,-195.0,167.0,0.661,0.3745,0.6383,6.0,3.0
2022-09-13,NYM,CHC,-425.0,340.0,0.8095,0.2273,0.7808,1.0,4.0
2022-09-13,SEA,SDP,-110.0,-105.0,0.5238,0.5122,0.5056,0.0,2.0
2022-09-13,SFG,ATL,140.0,-166.0,0.4167,0.6241,0.4004,1.0,5.0
2022-09-13,STL,MIL,-182.0,155.0,0.6454,0.3922,0.622,4.0,8.0
2022-09-13,TEX,ATH,-124.0,109.0,0.5536,0.4785,0.5364,8.0,7.0
2022-09-13,TOR,TBR,-113.0,-105.0,0.5305,0.5122,0.5088,2.0,4.0
2022-09-13,WSN,BAL,145.0,-167.0,0.4082,0.6255,0.3949,3.0,4.0
2022-09-14,ARI,LAD,110.0,-127.0,0.4762,0.5595,0.4598,5.0,3.0
2022-09-14,BOS,NYY,108.0,-125.0,0.4808,0.5556,0.4639,3.0,5.0
2022-09-14,CHW,COL,-265.0,225.0,0.726,0.3077,0.7023,0.0,3.0
2022-09-14,CIN,PIT,-157.0,135.0,0.6109,0.4255,0.5894,4.0,10.0
2022-09-14,CLE,LAA,-112.0,-105.0,0.5283,0.5122,0.5077,5.0,3.0
2022-09-14,DET,HOU,192.0,-230.0,0.3425,0.697,0.3295,,
2022-09-14,MIA,PHI,114.0,-130.0,0.4673,0.5652,0.4526,1.0,6.0
2022-09-14,MIN,KCR,-200.0,170.0,0.6667,0.3704,0.6429,4.0,0.0
2022-09-14,NYM,CHC,-205.0,175.0,0.6721,0.3636,0.6489,3.0,6.0
2022-09-14,SEA,SDP,-172.0,145.0,0.6324,0.4082,0.6077,6.0,1.0
2022-09-14,SFG,ATL,112.0,-129.0,0.4717,0.5633,0.4557,4.0,1.0
2022-09-14,STL,MIL,107.0,-124.0,0.4831,0.5536,0.466,4.0,1.0
2022-09-14,TEX,ATH,-167.0,143.0,0.6255,0.4115,0.6032,7.0,8.0
2022-09-14,TOR,TBR,-115.0,-100.0,0.5349,0.5,0.5169,5.0,1.0
2022-09-14,WSN,BAL,130.0,-150.0,0.4348,0.6,0.4202,2.0,6.0
2022-09-15,ARI,SDP,143.0,-162.0,0.4115,0.6183,0.3996,4.0,0.0
2022-09-15,CLE,CHW,128.0,-150.0,0.4386,0.6,0.4223,,
2022-09-15,HOU,ATH,-320.0,270.0,0.7619,0.2703,0.7382,5.0,2.0
2022-09-15,MIA,PHI,110.0,-127.0,0.4762,0.5595,0.4598,5.0,3.0
2022-09-15,MIN,KCR,-175.0,148.0,0.6364,0.4032,0.6121,3.0,2.0
2022-09-15,NYM,PIT,-278.0,225.0,0.7354,0.3077,0.705,7.0,1.0
2022-09-15,STL,CIN,-286.0,235.0,0.7409,0.2985,0.7128,2.0,3.0
2022-09-15,TOR,TBR,-135.0,115.0,0.5745,0.4651,0.5526,0.0,11.0
2022-09-16,ARI,SDP,165.0,-198.0,0.3774,0.6644,0.3622,3.0,12.0
2022-09-16,ATL,PHI,-210.0,180.0,0.6774,0.3571,0.6548,7.0,2.0
2022-09-16,BOS,KCR,-225.0,185.0,0.6923,0.3509,0.6636,2.0,1.0
2022-09-16,CHC,COL,-130.0,110.0,0.5652,0.4762,0.5427,2.0,1.0
2022-09-16,CLE,MIN,-154.0,135.0,0.6063,0.4255,0.5876,4.0,3.0
2022-09-16,DET,CHW,135.0,-161.0,0.4255,0.6169,0.4082,3.0,2.0
2022-09-16,HOU,ATH,-360.0,295.0,0.7826,0.2532,0.7556,5.0,0.0
2022-09-16,LAA,SEA,145.0,-175.0,0.4082,0.6364,0.3908,8.0,7.0
2022-09-16,MIL,NYY,102.0,-120.0,0.495,0.5455,0.4758,7.0,6.0
2022-09-16,NYM,PIT,-275.0,210.0,0.7333,0.3226,0.6945,4.0,3.0
2022-09-16,SFG,LAD,140.0,-160.0,0.4167,0.6154,0.4037,0.0,5.0
2022-09-16,STL,CIN,-290.0,235.0,0.7436,0.2985,0.7136,6.0,5.0
2022-09-16,TBR,TEX,-154.0,130.0,0.6063,0.4348,0.5824,3.0,4.0
2022-09-16,TOR,BAL,-167.0,145.0,0.6255,0.4082,0.6051,6.0,3.0
2022-09-16,WSN,MIA,110.0,-130.0,0.4762,0.5652,0.4573,5.0,4.0
2022-09-17,ARI,SDP,-118.0,104.0,0.5413,0.4902,0.5248,0.0,2.0
2022-09-17,ATL,PHI,105.0,-114.0,0.4878,0.5327,0.478,4.0,3.0
2022-09-17,BOS,KCR,-143.0,125.0,0.5885,0.4444,0.5697,0.0,9.0
2022-09-17,CHC,COL,-148.0,125.0,0.5968,0.4444,0.5731,1.0,3.0
2022-09-17,CLE,MIN,-189.0,155.0,0.654,0.3922,0.6251,5.0,1.0
2022-09-17,DET,CHW,130.0,-154.0,0.4348,0.6063,0.4176,3.0,4.0
2022-09-17,HOU,ATH,-295.0,240.0,0.7468,0.2941,0.7175,5.0,8.0
2022-09-17,LAA,SEA,-120.0,100.0,0.5455,0.5,0.5217,2.0,1.0
2022-09-17,MIL,NYY,-141.0,120.0,0.5851,0.4545,0.5628,4.0,1.0
2022-09-17,NYM,PIT,-327.0,267.0,0.7658,0.2725,0.7376,5.0,1.0
2022-09-17,SFG,LAD,250.0,-303.0,0.2857,0.7519,0.2754,2.0,7.0
2022-09-17,STL,CIN,-275.0,215.0,0.7333,0.3175,0.6979,5.0,1.0
2022-09-17,TBR,TEX,-130.0,115.0,0.5652,0.4651,0.5486,5.0,1.0
2022-09-17,TOR,BAL,-165.0,141.0,0.6226,0.4149,0.6001,6.0,3.0
2022-09-17,WSN,MIA,116.0,-134.0,0.463,0.5726,0.447,5.0,3.0
2022-09-18,ARI,SDP,135.0,-157.0,0.4255,0.6109,0.4106,1.0,6.0
2022-09-18,ATL,PHI,-250.0,210.0,0.7143,0.3226,0.6889,5.0,2.0
2022-09-18,BOS,KCR,-200.0,168.0,0.6667,0.3731,0.6411,13.0,3.0
2022-09-18,CHC,COL,-125.0,108.0,0.5556,0.4808,0.5361,3.0,4.0
2022-09-18,CLE,MIN,-108.0,-106.0,0.5192,0.5146,0.5023,0.0,3.0
2022-09-18,DET,CHW,135.0,-161.0,0.4255,0.6169,0.4082,5.0,11.0
2022-09-18,HOU,ATH,-347.0,290.0,0.7763,0.2564,0.7517,11.0,2.0
2022-09-18,LAA,SEA,-129.0,110.0,0.5633,0.4762,0.5419,5.0,1.0
2022-09-18,MIL,NYY,155.0,-180.0,0.3922,0.6429,0.3789,8.0,12.0
2022-09-18,NYM,PIT,-455.0,375.0,0.8198,0.2105,0.7957,7.0,3.0
2022-09-18,SFG,LAD,150.0,-180.0,0.4,0.6429,0.3836,3.0,4.0
2022-09-18,STL,CIN,-265.0,220.0,0.726,0.3125,0.6991,0.0,3.0
2022-09-18,TBR,TEX,-200.0,172.0,0.6667,0.3676,0.6445,5.0,3.0
2022-09-18,TOR,BAL,-200.0,170.0,0.6667,0.3704,0.6429,4.0,5.0
2022-09-18,WSN,MIA,155.0,-180.0,0.3922,0.6429,0.3789,1.0,3.0
2022-09-19,ATL,WSN,-375.0,300.0,0.7895,0.25,0.7595,5.0,2.0
2022-09-19,BAL,DET,-215.0,180.0,0.6825,0.3571,0.6565,0.0,11.0
2022-09-19,CLE,MIN,-120.0,105.0,0.5455,0.4878,0.5279,,
2022-09-19,COL,SFG,108.0,-125.0,0.4808,0.5556,0.4639,7.0,10.0
2022-09-19,LAA,SEA,115.0,-136.0,0.4651,0.5763,0.4466,1.0,9.0
2022-09-19,LAD,ARI,-300.0,240.0,0.75,0.2941,0.7183,5.0,2.0
2022-09-19,MIA,CHC,-143.0,125.0,0.5885,0.4444,0.5697,10.0,3.0
2022-09-19,MIL,NYM,-118.0,104.0,0.5413,0.4902,0.5248,,
2022-09-19,TBR,HOU,-118.0,104.0,0.5413,0.4902,0.5248,0.0,4.0
2022-09-20,ATL,WSN,-360.0,280.0,0.7826,0.2632,0.7484,3.0,2.0
2022-09-20,BAL,DET,-190.0,160.0,0.6552,0.3846,0.6301,2.0,3.0
2022-09-20,CHW,CLE,-180.0,152.0,0.6429,0.3968,0.6183,7.0,10.0
2022-09-20,CIN,BOS,108.0,-124.0,0.4808,0.5536,0.4648,3.0,5.0
2022-09-20,COL,SFG,-117.0,-102.0,0.5392,0.505,0.5164,3.0,6.0
2022-09-20,KCR,MIN,-103.0,-118.0,0.5074,0.5413,0.4838,5.0,4.0
2022-09-20,LAD,ARI,-215.0,185.0,0.6825,0.3509,0.6605,6.0,5.0
2022-09-20,MIA,CHC,-170.0,143.0,0.6296,0.4115,0.6047,1.0,2.0
2022-09-20,MIL,NYM,106.0,-121.0,0.4854,0.5475,0.47,,
2022-09-20,NYY,PIT,-325.0,260.0,0.7647,0.2778,0.7335,9.0,8.0
2022-09-20,ATH,SEA,190.0,-240.0,0.3448,0.7059,0.3282,4.0,1.0
2022-09-20,PHI,TOR,102.0,-118.0,0.495,0.5413,0.4777,11.0,18.0
2022-09-20,SDP,STL,-121.0,104.0,0.5475,0.4902,0.5276,5.0,0.0
2022-09-20,TBR,HOU,-149.0,125.0,0.5984,0.4444,0.5738,0.0,5.0
2022-09-20,TEX,LAA,110.0,-126.0,0.4762,0.5575,0.4607,2.0,5.0
2022-09-21,ATL,WSN,-278.0,220.0,0.7354,0.3125,0.7018,,
2022-09-21,BAL,DET,-152.0,133.0,0.6032,0.4292,0.5843,8.0,1.0
2022-09-21,CHW,CLE,-134.0,115.0,0.5726,0.4651,0.5518,2.0,8.0
2022-09-21,CIN,BOS,130.0,-154.0,0.4348,0.6063,0.4176,,
2022-09-21,COL,SFG,120.0,-143.0,0.4545,0.5885,0.4358,1.0,6.0
2022-09-21,KCR,MIN,110.0,-130.0,0.4762,0.5652,0.4573,5.0,2.0
2022-09-21,LAD,ARI,-335.0,270.0,0.7701,0.2703,0.7402,1.0,6.0
2022-09-21,MIA,CHC,-117.0,100.0,0.5392,0.5,0.5188,3.0,4.0
2022-09-21,MIL,NYM,115.0,-135.0,0.4651,0.5745,0.4474,6.0,0.0
2022-09-21,NYY,PIT,-288.0,240.0,0.7423,0.2941,0.7162,14.0,2.0
2022-09-21,ATH,SEA,190.0,-225.0,0.3448,0.6923,0.3325,2.0,1.0
2022-09-21,PHI,TOR,-112.0,-105.0,0.5283,0.5122,0.5077,4.0,3.0
2022-09-21,SDP,STL,-135.0,118.0,0.5745,0.4587,0.556,1.0,0.0
2022-09-21,TBR,HOU,112.0,-129.0,0.4717,0.5633,0.4557,2.0,5.0
2022-09-21,TEX,LAA,-150.0,128.0,0.6,0.4386,0.5777,7.0,2.0
2022-09-22,BAL,HOU,175.0,-205.0,0.3636,0.6721,0.3511,2.0,0.0
2022-09-22,CHW,CLE,129.0,-149.0,0.4367,0.5984,0.4219,2.0,4.0
2022-09-22,CIN,MIL,145.0,-175.0,0.4082,0.6364,0.3908,1.0,5.0
2022-09-22,COL,SFG,102.0,-120.0,0.495,0.5455,0.4758,0.0,3.0
2022-09-22,KCR,MIN,110.0,-130.0,0.4762,0.5652,0.4573,4.0,1.0
2022-09-22,LAD,ARI,-215.0,180.0,0.6825,0.3571,0.6565,3.0,2.0
2022-09-22,NYY,BOS,-150.0,130.0,0.6,0.4348,0.5798,5.0,4.0
2022-09-22,ATH,SEA,210.0,-250.0,0.3226,0.7143,0.3111,5.0,9.0
2022-09-22,PHI,ATL,120.0,-143.0,0.4545,0.5885,0.4358,1.0,0.0
2022-09-22,PIT,CHC,-115.0,-102.0,0.5349,0.505,0.5144,2.0,3.0
2022-09-22,SDP,STL,-159.0,135.0,0.6139,0.4255,0.5906,4.0,5.0
2022-09-22,TBR,TOR,102.0,-120.0,0.495,0.5455,0.4758,10.0,5.0
2022-09-22,TEX,LAA,-182.0,152.0,0.6454,0.3968,0.6192,5.0,3.0
2022-09-23,ARI,SFG,150.0,-180.0,0.4,0.6429,0.3836,5.0,6.0
2022-09-23,BAL,HOU,115.0,-135.0,0.4651,0.5745,0.4474,,
2022-09-23,CHW,DET,-183.0,156.0,0.6466,0.3906,0.6234,3.0,5.0
2022-09-23,CIN,MIL,140.0,-167.0,0.4167,0.6255,0.3998,3.0,5.0
2022-09-23,COL,SDP,145.0,-172.0,0.4082,0.6324,0.3923,4.0,3.0
2022-09-23,KCR,SEA,-127.0,110.0,0.5595,0.4762,0.5402,5.0,1.0
2022-09-23,LAD,STL,-175.0,145.0,0.6364,0.4082,0.6092,0.0,11.0
2022-09-23,MIA,WSN,-140.0,123.0,0.5833,0.4484,0.5654,5.0,2.0
2022-09-23,MIN,LAA,150.0,-177.0,0.4,0.639,0.385,2.0,4.0
2022-09-23,NYY,BOS,-240.0,205.0,0.7059,0.3279,0.6828,5.0,4.0
2022-09-23,ATH,NYM,190.0,-227.0,0.3448,0.6942,0.3319,,
2022-09-23,PHI,ATL,-167.0,140.0,0.6255,0.4167,0.6002,9.0,1.0
2022-09-23,PIT,CHC,-125.0,110.0,0.5556,0.4762,0.5385,5.0,6.0
2022-09-23,TBR,TOR,-145.0,125.0,0.5918,0.4444,0.5711,10.0,6.0
2022-09-23,TEX,CLE,-126.0,108.0,0.5575,0.4808,0.537,3.0,6.0
2022-09-24,ARI,SFG,-120.0,105.0,0.5455,0.4878,0.5279,5.0,2.0
2022-09-24,BAL,HOU,165.0,-200.0,0.3774,0.6667,0.3614,10.0,11.0
2022-09-24,CHW,DET,-175.0,150.0,0.6364,0.4,0.614,2.0,7.0
2022-09-24,CIN,MIL,185.0,-220.0,0.3509,0.6875,0.3379,2.0,10.0
2022-09-24,COL,SDP,190.0,-225.0,0.3448,0.6923,0.3325,3.0,9.0
2022-09-24,KCR,SEA,150.0,-182.0,0.4,0.6454,0.3826,5.0,6.0
2022-09-24,LAD,STL,-175.0,145.0,0.6364,0.4082,0.6092,6.0,2.0
2022-09-24,MIA,WSN,-213.0,180.0,0.6805,0.3571,0.6558,4.0,1.0
2022-09-24,MIN,LAA,-136.0,120.0,0.5763,0.4545,0.559,8.0,4.0
2022-09-24,NYY,BOS,-160.0,138.0,0.6154,0.4202,0.5943,7.0,5.0
2022-09-24,ATH,NYM,315.0,-385.0,0.241,0.7938,0.2329,10.0,4.0
2022-09-24,PHI,ATL,110.0,-125.0,0.4762,0.5556,0.4615,3.0,6.0
2022-09-24,PIT,CHC,-106.0,-107.0,0.5146,0.5169,0.4989,6.0,0.0
2022-09-24,TBR,TOR,-107.0,-107.0,0.5169,0.5169,0.5,1.0,3.0
2022-09-24,TEX,CLE,112.0,-130.0,0.4717,0.5652,0.4549,2.0,4.0
2022-09-25,ARI,SFG,-127.0,110.0,0.5595,0.4762,0.5402,2.0,3.0
2022-09-25,BAL,HOU,140.0,-162.0,0.4167,0.6183,0.4026,3.0,6.0
2022-09-25,CHW,DET,-245.0,200.0,0.7101,0.3333,0.6806,1.0,4.0
2022-09-25,CIN,MIL,130.0,-148.0,0.4348,0.5968,0.4215,2.0,1.0
2022-09-25,COL,SDP,130.0,-154.0,0.4348,0.6063,0.4176,6.0,13.0
2022-09-25,KCR,SEA,154.0,-180.0,0.3937,0.6429,0.3798,13.0,12.0
2022-09-25,LAD,STL,-150.0,133.0,0.6,0.4292,0.583,4.0,1.0
2022-09-25,MIA,WSN,-180.0,150.0,0.6429,0.4,0.6164,1.0,6.0
2022-09-25,MIN,LAA,102.0,-115.0,0.495,0.5349,0.4807,3.0,10.0
2022-09-25,NYY,BOS,-180.0,150.0,0.6429,0.4,0.6164,2.0,0.0
2022-09-25,ATH,NYM,260.0,-325.0,0.2778,0.7647,0.2665,4.0,13.0
2022-09-25,PHI,ATL,123.0,-142.0,0.4484,0.5868,0.4332,7.0,8.0
2022-09-25,PIT,CHC,-134.0,115.0,0.5726,0.4651,0.5518,3.0,8.0
2022-09-25,TBR,TOR,-143.0,120.0,0.5885,0.4545,0.5642,1.0,7.0
2022-09-25,TEX,CLE,115.0,-136.0,0.4651,0.5763,0.4466,4.0,10.0
2022-09-26,BOS,BAL,-113.0,-104.0,0.5305,0.5098,0.51,8.0,14.0
2022-09-26,PIT,CIN,-159.0,137.0,0.6139,0.4219,0.5927,8.0,3.0
2022-09-26,TOR,NYY,-120.0,104.0,0.5455,0.4902,0.5267,3.0,2.0
2022-09-26,WSN,ATL,210.0,-250.0,0.3226,0.7143,0.3111,,
2022-09-27,BOS,BAL,-125.0,110.0,0.5556,0.4762,0.5385,13.0,9.0
2022-09-27,CHC,PHI,146.0,-170.0,0.4065,0.6296,0.3923,2.0,1.0
2022-09-27,CLE,TBR,-155.0,135.0,0.6078,0.4255,0.5882,5.0,6.0
2022-09-27,DET,KCR,-120.0,102.0,0.5455,0.495,0.5242,4.0,3.0
2022-09-27,HOU,ARI,-213.0,175.0,0.6805,0.3636,0.6517,10.0,2.0
2022-09-27,LAA,ATH,-205.0,175.0,0.6721,0.3636,0.6489,4.0,3.0
2022-09-27,MIL,STL,104.0,-120.0,0.4902,0.5455,0.4733,2.0,6.0
2022-09-27,MIN,CHW,108.0,-122.0,0.4808,0.5495,0.4666,4.0,0.0
2022-09-27,NYM,MIA,-227.0,185.0,0.6942,0.3509,0.6643,,
2022-09-27,PIT,CIN,-106.0,-108.0,0.5146,0.5192,0.4977,4.0,1.0
2022-09-27,SDP,LAD,-112.0,-106.0,0.5283,0.5146,0.5066,4.0,3.0
2022-09-27,SEA,TEX,-205.0,172.0,0.6721,0.3676,0.6464,0.0,5.0
2022-09-27,SFG,COL,-200.0,170.0,0.6667,0.3704,0.6429,5.0,2.0
2022-09-27,TOR,NYY,-107.0,-108.0,0.5169,0.5192,0.4989,2.0,5.0
2022-09-27,WSN,ATL,180.0,-210.0,0.3571,0.6774,0.3452,2.0,8.0
2022-09-28,BOS,BAL,-133.0,115.0,0.5708,0.4651,0.551,3.0,1.0
2022-09-28,CHC,PHI,165.0,-200.0,0.3774,0.6667,0.3614,4.0,2.0
2022-09-28,CLE,TBR,-132.0,112.0,0.569,0.4717,0.5467,2.0,1.0
2022-09-28,DET,KCR,-136.0,118.0,0.5763,0.4587,0.5568,2.0,1.0
2022-09-28,HOU,ARI,-170.0,145.0,0.6296,0.4082,0.6067,2.0,5.0
2022-09-28,LAA,ATH,-182.0,154.0,0.6454,0.3937,0.6211,4.0,1.0
2022-09-28,MIL,STL,-182.0,160.0,0.6454,0.3846,0.6266,5.0,1.0
2022-09-28,MIN,CHW,-115.0,-105.0,0.5349,0.5122,0.5108,8.0,4.0
2022-09-28,NYM,MIA,-196.0,165.0,0.6622,0.3774,0.637,,
2022-09-28,PIT,CIN,-124.0,105.0,0.5536,0.4878,0.5316,4.0,3.0
2022-09-28,SDP,LAD,132.0,-156.0,0.431,0.6094,0.4143,0.0,1.0
2022-09-28,SEA,TEX,-175.0,150.0,0.6364,0.4,0.614,3.0,1.0
2022-09-28,SFG,COL,-167.0,145.0,0.6255,0.4082,0.6051,6.0,3.0
2022-09-28,TOR,NYY,110.0,-130.0,0.4762,0.5652,0.4573,3.0,8.0
2022-09-28,WSN,ATL,180.0,-215.0,0.3571,0.6825,0.3435,,
2022-09-29,BOS,BAL,-149.0,129.0,0.5984,0.4367,0.5781,5.0,3.0
2022-09-29,CHC,PHI,163.0,-195.0,0.3802,0.661,0.3652,2.0,0.0
2022-09-29,CLE,TBR,115.0,-139.0,0.4651,0.5816,0.4444,2.0,1.0
2022-09-29,DET,KCR,-130.0,115.0,0.5652,0.4651,0.5486,10.0,3.0
2022-09-29,LAA,ATH,-275.0,230.0,0.7333,0.303,0.7076,4.0,2.0
2022-09-29,MIL,MIA,-170.0,148.0,0.6296,0.4032,0.6096,2.0,4.0
2022-09-29,MIN,CHW,-105.0,-110.0,0.5122,0.5238,0.4944,3.0,4.0
2022-09-29,SDP,LAD,128.0,-144.0,0.4386,0.5902,0.4263,2.0,5.0
2022-09-29,SEA,TEX,-129.0,110.0,0.5633,0.4762,0.5419,10.0,9.0
2022-09-29,SFG,COL,-250.0,205.0,0.7143,0.3279,0.6854,6.0,4.0
2022-09-30,ATL,NYM,105.0,-125.0,0.4878,0.5556,0.4675,5.0,2.0
2022-09-30,CHC,CIN,-159.0,139.0,0.6139,0.4184,0.5947,6.0,1.0
2022-09-30,CLE,KCR,-143.0,120.0,0.5885,0.4545,0.5642,6.0,3.0
2022-09-30,DET,MIN,135.0,-162.0,0.4255,0.6183,0.4077,0.0,7.0
2022-09-30,HOU,TBR,-180.0,154.0,0.6429,0.3937,0.6202,3.0,7.0
2022-09-30,LAA,TEX,-162.0,140.0,0.6183,0.4167,0.5974,4.0,1.0
2022-09-30,LAD,COL,-420.0,340.0,0.8077,0.2273,0.7804,10.0,1.0
2022-09-30,MIL,MIA,-188.0,155.0,0.6528,0.3922,0.6247,1.0,0.0
2022-09-30,NYY,BAL,-179.0,151.0,0.6416,0.3984,0.6169,1.0,2.0
2022-09-30,SDP,CHW,-225.0,185.0,0.6923,0.3509,0.6636,1.0,3.0
2022-09-30,SEA,ATH,-240.0,200.0,0.7059,0.3333,0.6792,2.0,1.0
2022-09-30,SFG,ARI,-134.0,115.0,0.5726,0.4651,0.5518,10.0,4.0
2022-09-30,STL,PIT,-215.0,184.0,0.6825,0.3521,0.6597,2.0,1.0
2022-09-30,TOR,BOS,-197.0,170.0,0.6633,0.3704,0.6417,9.0,0.0
2022-09-30,WSN,PHI,194.0,-232.0,0.3401,0.6988,0.3274,1.0,5.0
2022-10-01,ATL,NYM,102.0,-120.0,0.495,0.5455,0.4758,4.0,2.0
2022-10-01,CHC,CIN,-141.0,120.0,0.5851,0.4545,0.5628,2.0,1.0
2022-10-01,CLE,KCR,-180.0,150.0,0.6429,0.4,0.6164,1.0,7.0
2022-10-01,DET,MIN,110.0,-130.0,0.4762,0.5652,0.4573,3.0,2.0
2022-10-01,HOU,TBR,-150.0,130.0,0.6,0.4348,0.5798,2.0,1.0
2022-10-01,LAA,TEX,-136.0,118.0,0.5763,0.4587,0.5568,3.0,2.0
2022-10-01,LAD,COL,-278.0,220.0,0.7354,0.3125,0.7018,6.0,4.0
2022-10-01,MIL,MIA,-184.0,155.0,0.6479,0.3922,0.6229,3.0,4.0
2022-10-01,NYY,BAL,-240.0,205.0,0.7059,0.3279,0.6828,8.0,0.0
2022-10-01,SDP,CHW,-110.0,-106.0,0.5238,0.5146,0.5045,5.0,2.0
2022-10-01,SEA,ATH,-230.0,195.0,0.697,0.339,0.6728,5.0,1.0
2022-10-01,SFG,ARI,-120.0,104.0,0.5455,0.4902,0.5267,4.0,8.0
2022-10-01,STL,PIT,-225.0,190.0,0.6923,0.3448,0.6675,13.0,3.0
2022-10-01,TOR,BOS,-167.0,140.0,0.6255,0.4167,0.6002,10.0,0.0
2022-10-01,WSN,PHI,172.0,-205.0,0.3676,0.6721,0.3536,13.0,4.0
2022-10-02,ATL,NYM,-130.0,114.0,0.5652,0.4673,0.5474,5.0,3.0
2022-10-02,CHC,CIN,-190.0,163.0,0.6552,0.3802,0.6328,8.0,1.0
2022-10-02,CLE,KCR,-230.0,195.0,0.697,0.339,0.6728,7.0,5.0
2022-10-02,DET,MIN,-105.0,-116.0,0.5122,0.537,0.4882,5.0,2.0
2022-10-02,HOU,TBR,-170.0,143.0,0.6296,0.4115,0.6047,3.0,1.0
2022-10-02,LAA,TEX,-120.0,104.0,0.5455,0.4902,0.5267,8.0,3.0
2022-10-02,LAD,COL,-278.0,220.0,0.7354,0.3125,0.7018,1.0,4.0
2022-10-02,MIL,MIA,-177.0,150.0,0.639,0.4,0.615,3.0,4.0
2022-10-02,NYY,BAL,-133.0,112.0,0.5708,0.4717,0.5475,1.0,3.0
2022-10-02,SDP,CHW,-150.0,130.0,0.6,0.4348,0.5798,1.0,2.0
2022-10-02,SEA,ATH,-275.0,220.0,0.7333,0.3125,0.7012,3.0,10.0
2022-10-02,SFG,ARI,-134.0,115.0,0.5726,0.4651,0.5518,4.0,3.0
2022-10-02,STL,PIT,-186.0,163.0,0.6503,0.3802,0.6311,5.0,7.0
2022-10-02,TOR,BOS,-213.0,180.0,0.6805,0.3571,0.6558,6.0,3.0
2022-10-02,WSN,PHI,220.0,-265.0,0.3125,0.726,0.3009,1.0,8.0
2022-10-03,BAL,TOR,110.0,-125.0,0.4762,0.5556,0.4615,,
2022-10-03,BOS,TBR,120.0,-143.0,0.4545,0.5885,0.4358,4.0,3.0
2022-10-03,CHW,MIN,-113.0,-105.0,0.5305,0.5122,0.5088,3.0,2.0
2022-10-03,CIN,CHC,-115.0,102.0,0.5349,0.495,0.5193,3.0,1.0
2022-10-03,CLE,KCR,-200.0,168.0,0.6667,0.3731,0.6411,,
2022-10-03,HOU,PHI,-122.0,105.0,0.5495,0.4878,0.5298,0.0,3.0
2022-10-03,LAD,COL,-375.0,300.0,0.7895,0.25,0.7595,1.0,2.0
2022-10-03,MIA,ATL,136.0,-162.0,0.4237,0.6183,0.4066,4.0,0.0
2022-10-03,MIL,ARI,-275.0,225.0,0.7333,0.3077,0.7044,6.0,5.0
2022-10-03,ATH,LAA,145.0,-175.0,0.4082,0.6364,0.3908,5.0,4.0
2022-10-03,PIT,STL,135.0,-157.0,0.4255,0.6109,0.4106,3.0,2.0
2022-10-03,SDP,SFG,-180.0,155.0,0.6429,0.3922,0.6211,7.0,4.0
2022-10-03,SEA,DET,-275.0,220.0,0.7333,0.3125,0.7012,3.0,4.0
2022-10-03,TEX,NYY,135.0,-158.0,0.4255,0.6124,0.41,1.0,3.0
2022-10-04,BOS,TBR,-100.0,-115.0,0.5,0.5349,0.4831,6.0,0.0
2022-10-04,CHW,MIN,-140.0,120.0,0.5833,0.4545,0.562,8.0,3.0
2022-10-04,CIN,CHC,-103.0,-115.0,0.5074,0.5349,0.4868,3.0,2.0
2022-10-04,CLE,KCR,-190.0,165.0,0.6552,0.3774,0.6345,5.0,3.0
2022-10-04,HOU,PHI,-235.0,200.0,0.7015,0.3333,0.6779,10.0,0.0
2022-10-04,LAD,COL,-360.0,300.0,0.7826,0.25,0.7579,2.0,5.0
2022-10-04,MIA,ATL,150.0,-180.0,0.4,0.6429,0.3836,1.0,2.0
2022-10-04,MIL,ARI,-100.0,-120.0,0.5,0.5455,0.4783,3.0,0.0
2022-10-04,NYM,WSN,-303.0,250.0,0.7519,0.2857,0.7246,4.0,2.0
2022-10-04,ATH,LAA,130.0,-148.0,0.4348,0.5968,0.4215,2.0,1.0
2022-10-04,PIT,STL,103.0,-117.0,0.4926,0.5392,0.4774,7.0,8.0
2022-10-04,SDP,SFG,-150.0,130.0,0.6,0.4348,0.5798,6.0,2.0
2022-10-04,SEA,DET,-162.0,140.0,0.6183,0.4167,0.5974,7.0,6.0
2022-10-04,TEX,NYY,-109.0,-105.0,0.5215,0.5122,0.5045,4.0,5.0
2022-10-05,BAL,TOR,-152.0,135.0,0.6032,0.4255,0.5863,5.0,4.0
2022-10-05,BOS,TBR,-143.0,125.0,0.5885,0.4444,0.5697,6.0,3.0
2022-10-05,CHW,MIN,-122.0,105.0,0.5495,0.4878,0.5298,1.0,10.0
2022-10-05,CIN,CHC,112.0,-127.0,0.4717,0.5595,0.4574,2.0,15.0
2022-10-05,CLE,KCR,-180.0,155.0,0.6429,0.3922,0.6211,9.0,2.0
2022-10-05,HOU,PHI,-200.0,175.0,0.6667,0.3636,0.6471,,
2022-10-05,LAD,COL,-325.0,265.0,0.7647,0.274,0.7362,6.0,1.0
2022-10-05,MIA,ATL,-120.0,106.0,0.5455,0.4854,0.5291,12.0,9.0
2022-10-05,MIL,ARI,-175.0,145.0,0.6364,0.4082,0.6092,2.0,4.0
2022-10-05,NYM,WSN,-152.0,130.0,0.6032,0.4348,0.5811,9.0,2.0
2022-10-05,ATH,LAA,190.0,-222.0,0.3448,0.6894,0.3334,3.0,2.0
2022-10-05,PIT,STL,-124.0,110.0,0.5536,0.4762,0.5376,5.0,3.0
2022-10-05,SDP,SFG,-140.0,120.0,0.5833,0.4545,0.562,1.0,8.0
2022-10-05,SEA,DET,-148.0,128.0,0.5968,0.4386,0.5764,5.0,4.0
2022-10-05,TEX,NYY,-109.0,-107.0,0.5215,0.5169,0.5022,4.0,2.0
2023-03-30,BOS,BAL,-124.9,105.1,0.5553,0.4875,0.5325,9.0,10.0
2023-03-30,CHC,MIL,115.3,-136.7,0.4645,0.5775,0.4458,4.0,0.0
2023-03-30,CIN,PIT,-142.0,118.1,0.5868,0.4584,0.5614,4.0,5.0
2023-03-30,HOU,CHW,-147.3,122.3,0.5956,0.4499,0.5697,2.0,3.0
2023-03-30,KCR,MIN,133.3,-159.0,0.4287,0.6139,0.4112,0.0,2.0
2023-03-30,LAD,ARI,-173.0,143.7,0.6337,0.4103,0.607,,
2023-03-30,MIA,NYM,108.1,-128.0,0.4804,0.5614,0.4611,3.0,5.0
2023-03-30,NYY,SFG,-176.4,147.9,0.6382,0.4035,0.6127,5.0,0.0
2023-03-30,ATH,LAA,180.3,-220.7,0.3568,0.6882,0.3414,2.0,1.0
2023-03-30,SDP,COL,-217.9,177.9,0.6854,0.3599,0.6557,2.0,7.0
2023-03-30,SEA,CLE,-120.3,101.9,0.546,0.4954,0.5243,3.0,0.0
2023-03-30,STL,TOR,-109.7,-80.4,0.5232,0.4458,0.5399,9.0,10.0
2023-03-30,TBR,DET,-236.7,192.1,0.703,0.3423,0.6725,4.0,0.0
2023-03-30,TEX,PHI,-136.1,86.3,0.5765,0.5368,0.5178,11.0,7.0
2023-03-30,WSN,ATL,203.6,-253.6,0.3294,0.7172,0.3147,2.0,7.0
2023-03-31,HOU,CHW,-163.7,134.0,0.6208,0.4274,0.5923,6.0,3.0
2023-03-31,LAD,ARI,-191.7,161.1,0.6572,0.3829,0.6318,1.0,2.0
2023-03-31,MIA,NYM,-110.1,-108.4,0.5241,0.5202,0.5019,2.0,1.0
2023-03-31,SDP,COL,-196.1,160.3,0.6623,0.3842,0.6329,1.0,4.0
2023-03-31,SEA,CLE,-167.3,141.4,0.6259,0.4142,0.6018,,
2023-04-01,BOS,BAL,-159.4,132.6,0.6145,0.43,0.5883,9.0,8.0
2023-04-01,CHC,MIL,43.0,-119.1,0.6993,0.5437,0.5626,1.0,3.0
2023-04-01,CIN,PIT,-144.9,122.6,0.5916,0.4493,0.5684,6.0,2.0
2023-04-01,HOU,CHW,-144.1,120.3,0.5904,0.454,0.5653,6.0,4.0
2023-04-01,KCR,MIN,137.1,-161.0,0.4217,0.6169,0.406,0.0,2.0
2023-04-01,LAD,ARI,-266.4,215.0,0.7271,0.3175,0.6961,10.0,1.0
2023-04-01,MIA,NYM,-81.6,-80.7,0.4493,0.4466,0.5015,2.0,6.0
2023-04-01,NYY,SFG,-142.3,120.3,0.5873,0.454,0.564,5.0,7.0
2023-04-01,ATH,LAA,146.1,-173.1,0.4063,0.6339,0.3906,1.0,13.0
2023-04-01,SDP,COL,-245.0,198.6,0.7101,0.3349,0.6795,8.0,4.0
2023-04-01,SEA,CLE,-135.3,113.9,0.575,0.4676,0.5515,0.0,2.0
2023-04-01,STL,TOR,83.7,-132.9,0.5443,0.5706,0.4882,4.0,1.0
2023-04-01,TBR,DET,-187.3,154.0,0.6519,0.3937,0.6235,12.0,2.0
2023-04-01,TEX,PHI,48.4,-125.6,0.6737,0.5567,0.5476,16.0,3.0
2023-04-01,WSN,ATL,208.6,-256.7,0.3241,0.7197,0.3105,1.0,7.0
2023-04-02,BOS,BAL,-139.9,116.7,0.5831,0.4614,0.5582,9.0,5.0
2023-04-02,CHC,MIL,-123.7,75.9,0.553,0.5686,0.493,5.0,9.0
2023-04-02,CIN,PIT,-132.7,111.0,0.5703,0.4739,0.5461,3.0,1.0
2023-04-02,HOU,CHW,-152.0,126.3,0.6032,0.4419,0.5771,3.0,6.0
2023-04-02,KCR,MIN,122.6,-145.9,0.4493,0.5933,0.431,4.0,7.0
2023-04-02,LAD,ARI,-192.9,159.0,0.6585,0.3861,0.6304,1.0,2.0
2023-04-02,MIA,NYM,44.9,-121.7,0.6903,0.549,0.557,1.0,5.0
2023-04-02,NYY,SFG,-140.3,118.0,0.5838,0.4587,0.56,6.0,0.0
2023-04-02,ATH,LAA,136.3,-165.3,0.4232,0.623,0.4045,0.0,6.0
2023-04-02,SDP,COL,-209.6,172.0,0.677,0.3676,0.6481,3.0,1.0
2023-04-02,SEA,CLE,-119.1,-14.6,0.5437,0.1272,0.8104,5.0,6.0
2023-04-02,STL,TOR,-119.6,14.3,0.5446,0.875,0.3836,9.0,4.0
2023-04-02,TBR,DET,-265.7,212.1,0.7266,0.3204,0.694,5.0,1.0
2023-04-02,TEX,PHI,-124.4,76.9,0.5544,0.5654,0.4951,2.0,1.0
2023-04-02,WSN,ATL,150.0,-180.0,0.4,0.6429,0.3836,4.0,1.0
2023-04-03,BOS,PIT,-156.6,130.4,0.6102,0.434,0.5844,,
2023-04-03,CHW,SFG,-138.9,116.4,0.5813,0.462,0.5572,3.0,12.0
2023-04-03,CIN,CHC,45.6,-121.7,0.6869,0.549,0.5558,7.0,6.0
2023-04-03,HOU,DET,-260.7,207.1,0.7228,0.3256,0.6894,6.0,7.0
2023-04-03,KCR,TOR,116.3,-138.3,0.4624,0.5803,0.4434,9.0,5.0
2023-04-03,LAD,COL,-227.1,184.7,0.6943,0.3512,0.6641,13.0,4.0
2023-04-03,MIA,MIN,77.0,-124.4,0.565,0.5544,0.5047,1.0,11.0
2023-04-03,MIL,NYM,-82.3,-107.4,0.4514,0.5179,0.4657,10.0,0.0
2023-04-03,NYY,PHI,-172.3,145.6,0.6327,0.4072,0.6084,8.0,1.0
2023-04-03,ATH,CLE,130.7,-157.7,0.4334,0.612,0.4146,11.0,12.0
2023-04-03,SDP,ARI,-143.3,119.7,0.589,0.4551,0.5641,5.0,4.0
2023-04-03,SEA,LAA,-143.7,120.9,0.5897,0.4528,0.5657,3.0,7.0
2023-04-03,STL,ATL,44.7,-120.7,0.691,0.5469,0.5582,4.0,8.0
2023-04-03,TEX,BAL,-140.0,118.3,0.5833,0.4581,0.5601,0.0,2.0
2023-04-03,WSN,TBR,148.7,-178.0,0.4021,0.6403,0.3857,2.0,6.0
2023-04-04,BOS,PIT,-156.7,130.7,0.6105,0.4334,0.5848,1.0,4.0
2023-04-04,CIN,CHC,111.7,-131.4,0.4723,0.5679,0.4541,5.0,12.0
2023-04-04,HOU,DET,-285.0,230.0,0.7403,0.303,0.7095,3.0,6.0
2023-04-04,KCR,TOR,147.4,-178.3,0.4042,0.6407,0.3868,1.0,4.0
2023-04-04,LAD,COL,-265.7,212.1,0.7266,0.3204,0.694,5.0,2.0
2023-04-04,MIA,MIN,-156.6,130.9,0.6102,0.4332,0.5849,,
2023-04-04,MIL,NYM,128.0,-151.3,0.4386,0.602,0.4215,9.0,0.0
2023-04-04,NYY,PHI,-157.9,131.9,0.6122,0.4313,0.5867,1.0,4.0
2023-04-04,ATH,CLE,164.1,-195.1,0.3786,0.6612,0.3641,4.0,3.0
2023-04-04,SDP,ARI,-151.6,128.3,0.6025,0.438,0.579,6.0,8.0
2023-04-04,SEA,LAA,-171.9,145.7,0.6322,0.407,0.6084,11.0,2.0
2023-04-04,STL,ATL,-141.6,118.7,0.586,0.4572,0.5617,1.0,4.0
2023-04-04,TEX,BAL,-147.3,123.7,0.5956,0.447,0.5713,2.0,7.0
2023-04-04,WSN,TBR,148.9,-179.3,0.4018,0.6419,0.385,6.0,10.0
2023-04-05,BOS,PIT,-123.4,93.1,0.5524,0.5178,0.5162,1.0,4.0
2023-04-05,CHW,SFG,-132.9,112.1,0.5706,0.4714,0.5476,7.0,3.0
2023-04-05,HOU,DET,-252.1,203.6,0.716,0.3294,0.6849,8.0,2.0
2023-04-05,KCR,TOR,161.4,-197.0,0.3825,0.6633,0.3658,0.0,3.0
2023-04-05,MIA,MIN,13.9,-118.6,0.8783,0.5425,0.6182,5.0,2.0
2023-04-05,MIL,NYM,-136.4,114.1,0.577,0.467,0.5527,7.0,6.0
2023-04-05,NYY,PHI,-160.7,134.9,0.6164,0.4258,0.5915,4.0,2.0
2023-04-05,ATH,CLE,112.0,-133.6,0.4717,0.5719,0.452,4.0,6.0
2023-04-05,SEA,LAA,142.0,-169.3,0.4132,0.6286,0.3966,3.0,4.0
2023-04-05,STL,ATL,-127.4,108.7,0.5603,0.4791,0.539,2.0,5.0
2023-04-05,TEX,BAL,-191.0,157.7,0.6564,0.388,0.6285,,
2023-04-05,WSN,TBR,217.9,-266.4,0.3146,0.7271,0.302,2.0,7.0
2023-04-06,ARI,LAD,130.6,-156.3,0.4337,0.6098,0.4156,2.0,5.0
2023-04-06,ATL,SDP,-156.6,131.6,0.6102,0.4318,0.5856,7.0,6.0
2023-04-06,CHW,SFG,-122.0,14.9,0.5495,0.8706,0.387,6.0,16.0
2023-04-06,COL,WSN,-163.9,138.1,0.621,0.4199,0.5966,1.0,0.0
2023-04-06,DET,BOS,122.1,-145.4,0.4502,0.5925,0.4317,,
2023-04-06,KCR,TOR,182.1,-218.9,0.3544,0.6864,0.3405,3.0,6.0
2023-04-07,ARI,LAD,200.0,-252.1,0.3333,0.716,0.3177,6.0,3.0
2023-04-07,ATL,SDP,-111.9,-78.0,0.528,0.4382,0.5465,4.0,5.0
2023-04-07,BAL,NYY,74.7,-122.3,0.5724,0.5501,0.5099,,
2023-04-07,CHC,TEX,-124.0,75.0,0.5536,0.5714,0.4921,2.0,0.0
2023-04-07,CLE,SEA,-120.7,15.1,0.5469,0.8685,0.3864,3.0,5.0
2023-04-07,COL,WSN,-123.9,75.3,0.5533,0.5705,0.4923,5.0,10.0
2023-04-07,LAA,TOR,-137.9,87.1,0.5796,0.5344,0.5203,3.0,4.0
2023-04-07,MIL,STL,-146.9,93.7,0.5949,0.5162,0.5354,4.0,0.0
2023-04-07,MIN,HOU,-127.4,79.3,0.5603,0.5578,0.5011,3.0,2.0
2023-04-07,NYM,MIA,-175.0,145.9,0.6364,0.4067,0.6101,9.0,3.0
2023-04-07,PHI,CIN,-198.0,164.4,0.6644,0.3782,0.6373,5.0,2.0
2023-04-07,PIT,CHW,109.7,-129.1,0.4768,0.5636,0.4583,13.0,9.0
2023-04-07,SFG,KCR,-216.0,179.0,0.6835,0.3584,0.656,1.0,3.0
2023-04-07,TBR,ATH,-282.4,224.6,0.7385,0.3081,0.7056,9.0,5.0
2023-04-08,ARI,LAD,126.7,-151.6,0.4411,0.6025,0.4227,12.0,8.0
2023-04-08,ATL,SDP,36.7,-1321.3,0.7315,0.9296,0.4403,1.0,4.0
2023-04-08,BAL,NYY,116.1,-140.4,0.4627,0.5841,0.442,1.0,4.0
2023-04-08,CHC,TEX,-124.1,104.6,0.5539,0.4888,0.5312,10.0,3.0
2023-04-08,CLE,SEA,-137.7,116.3,0.5793,0.4624,0.5561,2.0,3.0
2023-04-08,COL,WSN,-152.1,127.6,0.6034,0.4394,0.5786,6.0,7.0
2023-04-08,DET,BOS,122.3,-144.0,0.4499,0.5902,0.4326,5.0,14.0
2023-04-08,LAA,TOR,-128.6,80.0,0.5625,0.5556,0.5031,9.0,5.0
2023-04-08,MIL,STL,137.3,-166.3,0.4214,0.6245,0.4029,0.0,6.0
2023-04-08,MIN,HOU,-113.1,-105.6,0.5308,0.5136,0.5083,9.0,6.0
2023-04-08,NYM,MIA,-172.0,144.6,0.6324,0.4089,0.6073,5.0,2.0
2023-04-08,PHI,CIN,-150.0,125.6,0.6,0.4433,0.5751,3.0,2.0
2023-04-08,PIT,CHW,45.0,-121.0,0.6897,0.5475,0.5574,5.0,11.0
2023-04-08,SFG,KCR,-143.6,121.1,0.5894,0.4522,0.5659,5.0,6.0
2023-04-08,TBR,ATH,-305.7,237.9,0.7535,0.296,0.718,11.0,0.0
2023-04-09,ARI,LAD,115.3,-136.7,0.4645,0.5775,0.4458,11.0,6.0
2023-04-09,ATL,SDP,-91.4,72.6,0.4776,0.5795,0.4518,2.0,10.0
2023-04-09,BAL,NYY,123.7,-147.0,0.447,0.5951,0.4289,3.0,5.0
2023-04-09,CHC,TEX,-109.6,-109.0,0.5228,0.5215,0.5006,2.0,8.0
2023-04-09,CLE,SEA,80.1,-129.6,0.5551,0.5644,0.4959,7.0,6.0
2023-04-09,COL,WSN,-145.4,122.4,0.5925,0.4496,0.5686,7.0,6.0
2023-04-09,DET,BOS,76.1,-123.6,0.5677,0.5527,0.5067,1.0,4.0
2023-04-09,LAA,TOR,-133.9,111.9,0.5724,0.472,0.5481,11.0,12.0
2023-04-09,MIL,STL,-155.3,130.4,0.6083,0.434,0.5836,6.0,1.0
2023-04-09,MIN,HOU,43.0,-119.0,0.6993,0.5434,0.5627,1.0,5.0
2023-04-09,NYM,MIA,-148.0,124.7,0.5968,0.445,0.5728,2.0,7.0
2023-04-09,PHI,CIN,-205.6,170.3,0.6727,0.37,0.6452,4.0,6.0
2023-04-09,PIT,CHW,-131.6,82.6,0.5682,0.5477,0.5092,1.0,0.0
2023-04-09,SFG,KCR,-164.9,138.6,0.6224,0.4192,0.5976,3.0,1.0
2023-04-09,TBR,ATH,-306.7,245.7,0.7541,0.2893,0.7228,11.0,0.0
2023-04-10,ARI,MIL,-149.1,125.1,0.5986,0.4442,0.5741,3.0,0.0
2023-04-10,ATL,CIN,-197.6,160.0,0.6639,0.3846,0.6332,5.0,4.0
2023-04-10,BAL,ATH,-191.1,157.4,0.6565,0.3885,0.6283,5.0,1.0
2023-04-10,CHC,SEA,128.6,-151.9,0.4375,0.6029,0.4205,3.0,2.0
2023-04-10,CLE,NYY,-154.0,128.4,0.6063,0.4378,0.5807,3.0,2.0
2023-04-10,COL,STL,119.7,-141.9,0.4551,0.5865,0.4369,7.0,4.0
2023-04-10,LAA,WSN,-267.1,215.0,0.7276,0.3175,0.6962,4.0,6.0
2023-04-10,MIN,CHW,84.6,-107.4,0.5418,0.5179,0.5113,,
2023-04-10,NYM,SDP,-136.9,114.7,0.5778,0.4657,0.5537,5.0,0.0
2023-04-10,PHI,MIA,81.4,-130.4,0.5512,0.566,0.4934,15.0,3.0
2023-04-10,PIT,HOU,157.1,-191.0,0.3889,0.6564,0.3721,2.0,8.0
2023-04-10,SFG,LAD,132.1,-159.1,0.4308,0.6141,0.4123,1.0,9.0
2023-04-10,TBR,BOS,-159.7,133.3,0.615,0.4287,0.5893,1.0,0.0
2023-04-10,TEX,KCR,-172.0,143.7,0.6324,0.4103,0.6065,11.0,2.0
2023-04-11,ARI,MIL,75.7,-123.1,0.5691,0.5519,0.5077,1.0,7.0
2023-04-11,ATL,CIN,-234.6,193.3,0.7011,0.341,0.6728,7.0,6.0
2023-04-11,BAL,ATH,-202.0,167.7,0.6689,0.3735,0.6417,12.0,8.0
2023-04-11,CHC,SEA,-119.4,14.7,0.5443,0.8717,0.3844,14.0,9.0
2023-04-11,CLE,NYY,149.4,-178.3,0.4009,0.6407,0.3849,2.0,11.0
2023-04-11,COL,STL,151.3,-180.1,0.398,0.643,0.3823,6.0,9.0
2023-04-11,LAA,WSN,-331.4,257.9,0.7682,0.2794,0.7333,2.0,0.0
2023-04-11,MIN,CHW,-162.3,135.7,0.6187,0.4242,0.5932,4.0,3.0
2023-04-11,NYM,SDP,-57.0,-40.6,0.3631,0.2886,0.5571,2.0,4.0
2023-04-11,PHI,MIA,-147.1,124.3,0.5954,0.4459,0.5718,4.0,8.0
2023-04-11,PIT,HOU,143.4,-171.1,0.4108,0.6312,0.3942,7.0,4.0
2023-04-11,SFG,LAD,130.3,-155.4,0.4342,0.6085,0.4164,5.0,0.0
2023-04-11,TBR,BOS,-180.1,150.9,0.643,0.3986,0.6173,,
2023-04-11,TEX,KCR,-290.7,238.6,0.7441,0.2954,0.7158,8.0,5.0
2023-04-11,TOR,DET,-280.7,230.0,0.7373,0.303,0.7087,9.0,3.0
2023-04-12,ARI,MIL,-135.1,85.0,0.5747,0.5405,0.5153,,
2023-04-12,ATL,CIN,-292.1,230.0,0.745,0.303,0.7109,5.0,4.0
2023-04-12,BAL,ATH,-195.6,160.4,0.6617,0.384,0.6328,4.0,8.0
2023-04-12,CHC,SEA,-75.7,-114.4,0.4309,0.5336,0.4467,2.0,5.0
2023-04-12,CLE,NYY,-46.9,-114.7,0.3191,0.5343,0.3739,3.0,4.0
2023-04-12,COL,STL,146.9,-177.9,0.4051,0.6401,0.3876,4.0,7.0
2023-04-12,LAA,WSN,-172.9,144.1,0.6335,0.4096,0.6073,3.0,2.0
2023-04-12,MIN,CHW,-155.6,129.7,0.6087,0.4353,0.583,3.0,1.0
2023-04-12,NYM,SDP,-84.9,-48.0,0.459,0.3243,0.586,5.0,2.0
2023-04-12,PHI,MIA,-210.0,172.6,0.6774,0.3669,0.6487,2.0,3.0
2023-04-12,PIT,HOU,133.3,-159.1,0.4287,0.6141,0.4111,0.0,7.0
2023-04-12,SFG,LAD,133.9,-162.0,0.4276,0.6183,0.4088,5.0,10.0
2023-04-12,TBR,BOS,-133.7,112.3,0.5721,0.4711,0.5484,9.0,7.0
2023-04-12,TEX,KCR,-168.7,140.3,0.6279,0.4162,0.6014,1.0,10.0
2023-04-12,TOR,DET,-291.0,231.7,0.7442,0.3015,0.7117,4.0,3.0
2023-04-13,BAL,ATH,-247.1,192.9,0.7119,0.3415,0.6758,,
2023-04-13,CIN,PHI,-115.7,-46.1,0.5364,0.3157,0.6295,6.0,2.0
2023-04-13,NYY,MIN,-144.1,122.0,0.5904,0.4505,0.5672,2.0,11.0
2023-04-13,SDP,MIL,-155.1,131.9,0.6081,0.4313,0.585,3.0,4.0
2023-04-13,STL,PIT,-281.9,224.3,0.7381,0.3084,0.7053,0.0,5.0
2023-04-13,TBR,BOS,-233.6,190.7,0.7002,0.344,0.6706,9.0,3.0
2023-04-13,TOR,DET,-242.9,196.0,0.7083,0.3378,0.6771,1.0,3.0
2023-04-14,BOS,LAA,-47.9,-114.0,0.3237,0.5327,0.378,5.0,3.0
2023-04-14,CHW,BAL,42.7,-118.7,0.7007,0.5428,0.5635,3.0,6.0
2023-04-14,CIN,PHI,131.0,-156.4,0.4329,0.61,0.4151,3.0,8.0
2023-04-14,DET,SFG,126.4,-151.1,0.4416,0.6018,0.4232,7.0,5.0
2023-04-14,HOU,TEX,-169.1,140.6,0.6285,0.4157,0.6019,2.0,6.0
2023-04-14,KCR,ATL,112.1,-132.6,0.4714,0.57,0.4526,,
2023-04-14,LAD,CHC,-163.0,135.9,0.6198,0.424,0.5938,2.0,8.0
2023-04-14,MIA,ARI,-152.3,127.9,0.6036,0.4389,0.579,5.0,1.0
2023-04-14,NYY,MIN,-175.4,147.7,0.6369,0.4037,0.6121,3.0,4.0
2023-04-14,ATH,NYM,182.1,-220.3,0.3544,0.6878,0.3401,6.0,17.0
2023-04-14,SDP,MIL,-169.3,142.4,0.6286,0.4125,0.6038,2.0,11.0
2023-04-14,SEA,COL,-179.7,148.9,0.6425,0.4018,0.6152,5.0,3.0
2023-04-14,STL,PIT,-162.1,136.6,0.6185,0.4227,0.594,3.0,0.0
2023-04-14,TOR,TBR,72.7,-91.4,0.579,0.4776,0.548,6.0,3.0
2023-04-14,WSN,CLE,133.0,-157.7,0.4292,0.612,0.4122,3.0,4.0
2023-04-15,BOS,LAA,43.9,-120.6,0.6951,0.5466,0.5598,9.0,7.0
2023-04-15,CHW,BAL,-77.7,-112.1,0.4373,0.5286,0.4527,7.0,6.0
2023-04-15,CIN,PHI,-44.1,-118.3,0.3062,0.5419,0.3611,13.0,0.0
2023-04-15,DET,SFG,124.7,-148.4,0.445,0.5975,0.4269,7.0,6.0
2023-04-15,HOU,TEX,-192.6,157.3,0.6582,0.3887,0.6287,8.0,2.0
2023-04-15,KCR,ATL,120.1,-143.0,0.4543,0.5885,0.4356,3.0,9.0
2023-04-15,LAD,CHC,-152.0,127.7,0.6032,0.4391,0.5787,2.0,1.0
2023-04-15,MIA,ARI,-122.6,46.4,0.5507,0.6829,0.4464,3.0,2.0
2023-04-15,NYY,MIN,-141.4,119.1,0.5858,0.4563,0.5621,6.0,1.0
2023-04-15,ATH,NYM,162.6,-198.6,0.3808,0.6651,0.3641,2.0,3.0
2023-04-15,SDP,MIL,-143.4,121.9,0.5892,0.4507,0.5666,10.0,3.0
2023-04-15,SEA,COL,-233.6,192.1,0.7002,0.3423,0.6717,9.0,2.0
2023-04-15,STL,PIT,-25.3,-1287.0,0.2018,0.9279,0.1786,3.0,6.0
2023-04-15,TOR,TBR,-345.4,183.1,0.7755,0.3532,0.6871,5.0,2.0
2023-04-15,WSN,CLE,147.3,-178.3,0.4044,0.6407,0.387,4.0,6.0
2023-04-16,BOS,LAA,-118.4,-73.6,0.5422,0.4239,0.5612,2.0,1.0
2023-04-16,CHW,BAL,-137.0,115.4,0.5781,0.4642,0.5546,4.0,8.0
2023-04-16,CIN,PHI,170.1,-208.6,0.3702,0.6759,0.3539,3.0,14.0
2023-04-16,HOU,TEX,-216.7,182.4,0.6843,0.3541,0.659,1.0,9.0
2023-04-16,KCR,ATL,178.9,-218.7,0.3586,0.6862,0.3432,4.0,5.0
2023-04-16,LAD,CHC,-242.1,200.7,0.7077,0.3325,0.6803,2.0,3.0
2023-04-16,MIA,ARI,-133.0,83.1,0.5708,0.546,0.5111,0.0,5.0
2023-04-16,NYY,MIN,-166.9,140.0,0.6253,0.4167,0.6001,2.0,0.0
2023-04-16,ATH,NYM,143.3,-171.0,0.411,0.631,0.3945,3.0,4.0
2023-04-16,SDP,MIL,-180.0,151.0,0.6429,0.3984,0.6174,0.0,1.0
2023-04-16,SEA,COL,-297.6,239.6,0.7485,0.2945,0.7176,1.0,0.0
2023-04-16,STL,PIT,-164.1,138.7,0.6214,0.4189,0.5973,5.0,4.0
2023-04-16,TOR,TBR,80.0,-101.1,0.5556,0.5028,0.5249,1.0,8.0
2023-04-16,WSN,CLE,188.4,-234.3,0.3467,0.7009,0.331,7.0,6.0
2023-04-17,BOS,LAA,115.4,-138.6,0.4642,0.5808,0.4442,4.0,5.0
2023-04-17,CIN,TBR,127.7,-151.6,0.4391,0.6025,0.4216,8.0,1.0
2023-04-17,COL,PIT,-139.3,116.3,0.5821,0.4624,0.5573,3.0,14.0
2023-04-17,HOU,TOR,-45.4,-116.1,0.3124,0.5373,0.3676,,
2023-04-17,KCR,TEX,181.1,-222.1,0.3557,0.6896,0.3403,0.0,4.0
2023-04-17,LAD,NYM,-145.9,120.4,0.5933,0.4537,0.5667,6.0,8.0
2023-04-17,MIA,SFG,-123.6,46.0,0.5527,0.6849,0.4466,4.0,3.0
2023-04-17,ATH,CHC,116.1,-138.3,0.4627,0.5803,0.4436,1.0,10.0
2023-04-17,SDP,ATL,123.6,-146.7,0.4473,0.5947,0.4293,0.0,2.0
2023-04-17,SEA,MIL,121.3,-145.1,0.4519,0.5921,0.4329,3.0,7.0
2023-04-17,STL,ARI,-146.0,122.4,0.5935,0.4496,0.569,3.0,6.0
2023-04-18,BOS,MIN,-77.6,-111.6,0.4368,0.5273,0.4531,5.0,4.0
2023-04-18,CHW,PHI,47.3,-94.0,0.679,0.4845,0.5835,4.0,7.0
2023-04-18,CIN,TBR,76.0,-124.1,0.5682,0.5539,0.5064,0.0,10.0
2023-04-18,COL,PIT,-112.4,-106.0,0.5293,0.5146,0.507,3.0,5.0
2023-04-18,DET,CLE,113.0,-134.0,0.4695,0.5726,0.4505,4.0,3.0
2023-04-18,HOU,TOR,-110.7,-107.9,0.5254,0.5189,0.5031,2.0,4.0
2023-04-18,KCR,TEX,45.0,-121.1,0.6897,0.5478,0.5573,2.0,12.0
2023-04-18,LAD,NYM,-161.6,136.1,0.6177,0.4235,0.5933,5.0,0.0
2023-04-18,MIA,SFG,-111.9,-77.4,0.528,0.4364,0.5475,4.0,2.0
2023-04-18,NYY,LAA,-155.4,130.4,0.6085,0.434,0.5837,2.0,5.0
2023-04-18,ATH,CHC,159.0,-192.1,0.3861,0.6577,0.3699,0.0,4.0
2023-04-18,SDP,ATL,117.1,-139.9,0.4605,0.5831,0.4413,1.0,8.0
2023-04-18,SEA,MIL,-165.4,140.3,0.6233,0.4162,0.5996,5.0,6.0
2023-04-18,STL,ARI,-178.7,147.4,0.6412,0.4042,0.6134,7.0,8.0
2023-04-18,WSN,BAL,177.6,-266.3,0.3603,0.727,0.3314,0.0,1.0
2023-04-19,BOS,MIN,83.4,-104.3,0.5452,0.5105,0.5164,4.0,10.0
2023-04-19,CHW,PHI,-74.1,-115.9,0.4258,0.5367,0.4424,2.0,5.0
2023-04-19,CIN,TBR,213.6,-258.9,0.3189,0.7213,0.3066,0.0,8.0
2023-04-19,COL,PIT,74.4,-94.0,0.5733,0.4845,0.542,3.0,14.0
2023-04-19,DET,CLE,119.1,-141.4,0.4563,0.5858,0.4379,2.0,3.0
2023-04-19,HOU,TOR,-79.0,-110.7,0.4413,0.5254,0.4565,8.0,1.0
2023-04-19,KCR,TEX,-116.7,-74.6,0.5386,0.4272,0.5577,3.0,12.0
2023-04-19,LAD,NYM,115.1,-138.3,0.4648,0.5803,0.4447,3.0,5.0
2023-04-19,MIA,SFG,-111.0,-107.7,0.5261,0.5186,0.5036,2.0,5.0
2023-04-19,NYY,LAA,-133.0,83.9,0.5708,0.5439,0.5121,3.0,2.0
2023-04-19,ATH,CHC,135.7,-161.0,0.4242,0.6169,0.4075,2.0,12.0
2023-04-19,SDP,ATL,12.1,-88.3,0.8917,0.4689,0.6554,1.0,0.0
2023-04-19,SEA,MIL,-133.4,113.0,0.5716,0.4695,0.549,3.0,5.0
2023-04-19,STL,ARI,-200.0,166.6,0.6667,0.3751,0.6399,14.0,5.0
2023-04-19,WSN,BAL,121.6,-143.7,0.4513,0.5897,0.4335,0.0,4.0
2023-04-20,ARI,SDP,118.0,-140.6,0.4587,0.5843,0.4398,5.0,7.0
2023-04-20,BOS,MIN,-123.6,75.0,0.5527,0.5714,0.4917,11.0,5.0
2023-04-20,CHC,LAD,-108.6,-111.4,0.5205,0.527,0.4969,2.0,6.0
2023-04-20,NYY,LAA,-157.7,131.3,0.612,0.4324,0.586,9.0,3.0
2023-04-20,PHI,COL,-223.1,182.1,0.6905,0.3544,0.6608,0.0,5.0
2023-04-20,PIT,CIN,-163.9,137.7,0.621,0.4207,0.5962,4.0,3.0
2023-04-20,SFG,NYM,106.7,-125.9,0.4838,0.5572,0.4647,4.0,9.0
2023-04-21,ARI,SDP,-106.6,-111.7,0.5159,0.5277,0.4944,9.0,0.0
2023-04-21,ATL,HOU,-115.1,-46.9,0.5352,0.3191,0.6265,4.0,6.0
2023-04-21,BAL,DET,-189.6,157.9,0.6547,0.3878,0.628,2.0,1.0
2023-04-21,CHC,LAD,142.4,-172.4,0.4125,0.6329,0.3946,13.0,0.0
2023-04-21,LAA,KCR,-262.1,209.3,0.7239,0.3233,0.6912,2.0,0.0
2023-04-21,MIL,BOS,-169.1,143.1,0.6285,0.4113,0.6044,3.0,5.0
2023-04-21,MIN,WSN,-235.0,192.1,0.7015,0.3423,0.6721,2.0,3.0
2023-04-21,NYY,TOR,-134.7,113.3,0.574,0.4689,0.5504,1.0,6.0
2023-04-21,PHI,COL,-306.7,249.6,0.7541,0.2861,0.725,4.0,3.0
2023-04-21,PIT,CIN,-143.4,121.3,0.5892,0.4519,0.5659,4.0,2.0
2023-04-21,SEA,STL,-126.3,77.4,0.5581,0.5636,0.4975,5.0,2.0
2023-04-21,SFG,NYM,-115.6,-17.3,0.5361,0.1474,0.7844,0.0,7.0
2023-04-21,TBR,CHW,-183.0,153.4,0.6466,0.3946,0.621,8.0,7.0
2023-04-21,TEX,ATH,-232.9,189.3,0.6996,0.3457,0.6693,4.0,5.0
2023-04-22,ARI,SDP,122.3,-145.6,0.4499,0.5928,0.4315,3.0,5.0
2023-04-22,ATL,HOU,-115.7,-104.6,0.5364,0.5112,0.5121,3.0,6.0
2023-04-22,BAL,DET,-176.1,148.6,0.6379,0.4023,0.6132,5.0,1.0
2023-04-22,CHC,LAD,110.3,-129.4,0.4755,0.5641,0.4574,4.0,9.0
2023-04-22,CLE,MIA,-173.0,144.6,0.6337,0.4089,0.6078,1.0,6.0
2023-04-22,LAA,KCR,-185.9,153.6,0.6502,0.3944,0.6225,8.0,11.0
2023-04-22,MIL,BOS,-127.0,79.0,0.5595,0.5587,0.5004,5.0,4.0
2023-04-22,MIN,WSN,-315.3,252.1,0.7592,0.284,0.7278,4.0,10.0
2023-04-22,NYY,TOR,-169.6,142.9,0.629,0.4118,0.6044,3.0,2.0
2023-04-22,PHI,COL,-174.6,146.6,0.6358,0.4056,0.6105,4.0,3.0
2023-04-22,PIT,CIN,-159.6,135.3,0.6147,0.425,0.5912,2.0,1.0
2023-04-22,SEA,STL,-163.7,137.4,0.6208,0.4212,0.5958,5.0,4.0
2023-04-22,SFG,NYM,-125.9,107.3,0.5572,0.4824,0.536,7.0,4.0
2023-04-22,TBR,CHW,-216.3,171.9,0.6838,0.3678,0.6502,4.0,3.0
2023-04-22,TEX,ATH,-249.3,204.6,0.7137,0.3283,0.6849,18.0,3.0
2023-04-23,ARI,SDP,128.7,-152.9,0.4372,0.6045,0.4197,5.0,7.0
2023-04-23,ATL,HOU,-135.6,113.1,0.5755,0.4692,0.5509,2.0,5.0
2023-04-23,BAL,DET,-168.9,142.1,0.6281,0.413,0.6033,2.0,1.0
2023-04-23,CHC,LAD,122.6,-146.7,0.4493,0.5947,0.4304,3.0,7.0
2023-04-23,CLE,MIA,-121.6,74.4,0.5487,0.5733,0.489,7.0,4.0
2023-04-23,LAA,KCR,-220.7,180.4,0.6882,0.3566,0.6587,4.0,3.0
2023-04-23,MIL,BOS,-172.6,143.0,0.6331,0.4115,0.6061,5.0,12.0
2023-04-23,MIN,WSN,-260.3,213.3,0.7224,0.3192,0.6936,3.0,1.0
2023-04-23,NYY,TOR,114.0,-135.7,0.4673,0.5758,0.448,1.0,5.0
2023-04-23,PHI,COL,-311.0,247.1,0.7567,0.2881,0.7243,9.0,3.0
2023-04-23,PIT,CIN,-74.9,-116.1,0.4281,0.5373,0.4434,2.0,0.0
2023-04-23,SEA,STL,-45.7,-116.4,0.3137,0.538,0.3684,3.0,7.0
2023-04-23,SFG,NYM,75.3,-124.1,0.5705,0.5539,0.5074,5.0,4.0
2023-04-23,TBR,CHW,-186.4,156.0,0.6509,0.3906,0.6249,4.0,1.0
2023-04-23,TEX,ATH,-365.0,287.1,0.7849,0.2583,0.7524,5.0,2.0
2023-04-24,ARI,KCR,-153.3,127.9,0.6052,0.4389,0.5796,5.0,4.0
2023-04-24,ATL,MIA,-273.6,219.6,0.7323,0.3129,0.7006,11.0,0.0
2023-04-24,BAL,BOS,46.3,-123.1,0.6836,0.5519,0.5533,5.0,4.0
2023-04-24,CIN,TEX,-155.3,-53.7,0.6083,0.3494,0.6351,7.0,6.0
2023-04-24,CLE,COL,-201.9,167.3,0.6687,0.3741,0.6412,0.0,6.0
2023-04-24,LAA,ATH,-215.0,176.4,0.6825,0.3618,0.6536,10.0,11.0
2023-04-24,MIL,DET,-149.4,125.6,0.5991,0.4433,0.5747,2.0,4.0
2023-04-24,MIN,NYY,-155.9,129.9,0.6092,0.4351,0.5834,,
2023-04-24,SFG,STL,-79.3,-112.1,0.4422,0.5286,0.4555,4.0,0.0
2023-04-24,TBR,HOU,-184.9,151.9,0.6489,0.3971,0.6204,8.0,3.0
2023-04-24,TOR,CHW,-162.9,135.4,0.6196,0.4248,0.5933,5.0,2.0
2023-04-25,ARI,KCR,-146.0,123.1,0.5935,0.4481,0.5698,4.0,5.0
2023-04-25,ATL,MIA,-247.1,201.1,0.7119,0.3321,0.6819,7.0,4.0
2023-04-25,BAL,BOS,-157.9,132.0,0.6122,0.431,0.5868,6.0,8.0
2023-04-25,CHC,SDP,-111.0,-108.4,0.5261,0.5202,0.5028,6.0,0.0
2023-04-25,CIN,TEX,80.6,-128.4,0.5538,0.5622,0.4962,7.0,6.0
2023-04-25,CLE,COL,-209.3,172.3,0.6767,0.3673,0.6482,1.0,5.0
2023-04-25,LAA,ATH,-180.0,148.0,0.6429,0.4032,0.6145,5.0,3.0
2023-04-25,MIL,DET,11.6,-1307.1,0.8963,0.9289,0.4911,3.0,4.0
2023-04-25,MIN,NYY,-125.3,77.1,0.5561,0.5645,0.4963,6.0,2.0
2023-04-25,NYM,WSN,-209.3,172.4,0.6767,0.3671,0.6483,0.0,5.0
2023-04-25,PHI,SEA,-93.9,74.3,0.4842,0.5738,0.4576,3.0,5.0
2023-04-25,PIT,LAD,-15.9,-117.9,0.1369,0.541,0.2019,7.0,8.0
2023-04-25,SFG,STL,-113.9,-76.0,0.5324,0.4318,0.5522,5.0,4.0
2023-04-25,TBR,HOU,-175.1,146.6,0.6366,0.4056,0.6108,0.0,5.0
2023-04-25,TOR,CHW,-208.9,173.1,0.6762,0.3661,0.6488,7.0,0.0
2023-04-26,ARI,KCR,-277.9,222.1,0.7353,0.3104,0.7032,2.0,0.0
2023-04-26,ATL,MIA,-142.7,120.1,0.588,0.4543,0.5642,6.0,4.0
2023-04-26,BAL,BOS,-126.1,78.6,0.5578,0.56,0.499,6.0,2.0
2023-04-26,CHC,SDP,-111.4,-78.9,0.527,0.4409,0.5445,3.0,5.0
2023-04-26,CIN,TEX,-165.3,-19.3,0.623,0.1617,0.794,5.0,3.0
2023-04-26,CLE,COL,-178.3,148.6,0.6407,0.4023,0.6143,4.0,1.0
2023-04-26,LAA,ATH,-267.9,210.7,0.7282,0.3218,0.6935,11.0,3.0
2023-04-26,MIL,DET,-219.3,179.0,0.6868,0.3584,0.6571,6.0,2.0
2023-04-26,MIN,NYY,-110.4,-80.6,0.5248,0.4462,0.5405,6.0,12.0
2023-04-26,NYM,WSN,-216.4,177.1,0.684,0.3608,0.6546,1.0,4.0
2023-04-26,PHI,SEA,-79.0,-84.0,0.4413,0.4565,0.4915,6.0,5.0
2023-04-26,PIT,LAD,119.4,-142.0,0.4557,0.5868,0.4371,8.0,1.0
2023-04-26,SFG,STL,-79.0,-111.7,0.4413,0.5277,0.4555,7.0,3.0
2023-04-26,TBR,HOU,-117.9,13.1,0.541,0.8838,0.3797,0.0,1.0
2023-04-26,TOR,CHW,-194.7,160.3,0.6607,0.3842,0.6323,8.0,0.0
2023-04-27,ATL,MIA,-177.0,146.0,0.639,0.4065,0.6112,4.0,5.0
2023-04-27,CHC,SDP,142.0,-168.6,0.4132,0.6277,0.397,5.0,2.0
2023-04-27,CHW,TBR,133.7,-158.1,0.4279,0.6126,0.4112,5.0,14.0
2023-04-27,DET,BAL,230.3,-487.6,0.3028,0.8298,0.2673,4.0,7.0
2023-04-27,LAA,ATH,-324.6,260.3,0.7645,0.2776,0.7336,8.0,7.0
2023-04-27,MIN,KCR,-213.6,178.7,0.6811,0.3588,0.655,7.0,1.0
2023-04-27,NYM,WSN,-228.6,190.1,0.6957,0.3447,0.6687,9.0,8.0
2023-04-27,PHI,SEA,-112.3,-77.9,0.5289,0.4378,0.5472,1.0,0.0
2023-04-27,PIT,LAD,135.7,-163.6,0.4242,0.6206,0.406,6.0,2.0
2023-04-27,SFG,STL,-148.9,96.9,0.5982,0.508,0.5408,0.0,6.0
2023-04-27,TEX,NYY,151.3,-184.7,0.398,0.6488,0.3802,2.0,4.0
2023-04-28,BOS,CLE,107.4,-126.6,0.4821,0.5586,0.4632,2.0,5.0
2023-04-28,CHW,TBR,134.1,-157.9,0.4271,0.6122,0.4109,2.0,3.0
2023-04-28,COL,ARI,108.9,-127.6,0.4788,0.5606,0.4607,1.0,9.0
2023-04-28,HOU,PHI,-154.9,130.6,0.6076,0.4337,0.5835,1.0,3.0
2023-04-28,LAD,STL,-139.1,116.6,0.5818,0.4617,0.5575,7.0,3.0
2023-04-28,MIA,CHC,-162.7,-1.7,0.6194,0.0169,0.9735,3.0,2.0
2023-04-28,MIL,LAA,-134.4,84.9,0.5734,0.541,0.5146,2.0,1.0
2023-04-28,MIN,KCR,-287.9,236.0,0.7422,0.2976,0.7138,8.0,6.0
2023-04-28,NYM,ATL,114.0,-136.9,0.4673,0.5778,0.4471,0.0,4.0
2023-04-28,ATH,CIN,-41.0,-121.6,0.2908,0.5487,0.3464,7.0,11.0
2023-04-28,TEX,NYY,-217.9,180.6,0.6854,0.3564,0.6579,5.0,2.0
2023-04-28,TOR,SEA,-116.3,-73.9,0.5376,0.4248,0.5586,3.0,2.0
2023-04-29,BOS,CLE,-119.1,14.6,0.5437,0.8728,0.3838,8.0,7.0
2023-04-29,CHW,TBR,86.7,-136.7,0.5356,0.5775,0.4811,3.0,12.0
2023-04-29,COL,ARI,-116.9,-45.3,0.5389,0.3117,0.6335,4.0,11.0
2023-04-29,DET,BAL,-110.7,-107.6,0.5254,0.5182,0.5034,7.0,4.0
2023-04-29,HOU,PHI,-131.0,82.7,0.5671,0.5473,0.5089,1.0,6.0
2023-04-29,LAD,STL,-610.3,239.6,0.8592,0.2945,0.7447,1.0,0.0
2023-04-29,MIA,CHC,-125.6,105.9,0.5567,0.4858,0.534,7.0,6.0
2023-04-29,MIL,LAA,-142.3,120.3,0.5873,0.454,0.564,7.0,5.0
2023-04-29,MIN,KCR,-240.7,193.1,0.7065,0.3411,0.6744,2.0,3.0
2023-04-29,ATH,CIN,126.6,-150.4,0.4414,0.6007,0.4236,2.0,3.0
2023-04-29,SDP,SFG,-199.7,163.0,0.6663,0.3802,0.6367,16.0,11.0
2023-04-29,TEX,NYY,-157.1,133.4,0.6111,0.4284,0.5879,2.0,0.0
2023-04-29,TOR,SEA,-266.1,216.0,0.7269,0.3165,0.6967,1.0,0.0
2023-04-29,WSN,PIT,118.0,-141.4,0.4587,0.5858,0.4392,3.0,6.0
2023-04-30,BOS,CLE,-131.7,110.1,0.5684,0.4759,0.5443,7.0,1.0
2023-04-30,CHW,TBR,159.1,-188.4,0.3859,0.6533,0.3713,12.0,9.0
2023-04-30,COL,ARI,111.3,-132.3,0.4733,0.5695,0.4539,12.0,4.0
2023-04-30,DET,BAL,126.9,-149.7,0.4408,0.5995,0.4237,3.0,5.0
2023-04-30,HOU,PHI,-158.9,133.6,0.6137,0.4281,0.5891,4.0,3.0
2023-04-30,LAD,STL,-143.9,120.6,0.5899,0.4534,0.5654,6.0,3.0
2023-04-30,MIA,CHC,145.1,-174.7,0.4079,0.636,0.3908,4.0,3.0
2023-04-30,MIL,LAA,-92.3,71.3,0.4799,0.5838,0.4512,0.0,3.0
2023-04-30,MIN,KCR,-215.7,178.3,0.6833,0.3593,0.6553,8.0,4.0
2023-04-30,ATH,CIN,-35.6,-53.1,0.2624,0.347,0.4306,5.0,4.0
2023-04-30,SDP,SFG,-150.1,127.4,0.6002,0.4397,0.5772,6.0,4.0
2023-04-30,TEX,NYY,107.0,-127.4,0.4831,0.5603,0.463,15.0,2.0
2023-04-30,TOR,SEA,-203.1,169.3,0.6701,0.3714,0.6434,8.0,10.0
2023-04-30,WSN,PIT,131.3,-156.7,0.4324,0.6105,0.4146,7.0,2.0
2023-05-01,BOS,TOR,129.9,-154.1,0.4351,0.6065,0.4177,6.0,5.0
2023-05-01,HOU,SFG,-196.1,165.3,0.6623,0.377,0.6373,7.0,3.0
2023-05-01,LAD,PHI,-170.7,143.0,0.6306,0.4115,0.6051,13.0,4.0
2023-05-01,NYM,ATL,168.3,-202.1,0.3727,0.669,0.3578,8.0,9.0
2023-05-01,NYY,CLE,-130.0,108.4,0.5652,0.4798,0.5409,2.0,3.0
2023-05-01,SDP,CIN,-213.6,176.0,0.6811,0.3623,0.6528,8.0,3.0
2023-05-01,WSN,CHC,113.3,-135.0,0.4689,0.5745,0.4494,1.0,5.0
2023-05-02,BOS,TOR,81.7,-132.0,0.5503,0.569,0.4917,7.0,6.0
2023-05-02,CHW,MIN,138.9,-165.3,0.4187,0.623,0.4019,3.0,2.0
2023-05-02,COL,MIL,135.0,-160.4,0.4255,0.616,0.4086,3.0,2.0
2023-05-02,HOU,SFG,-197.3,162.1,0.6636,0.3815,0.635,0.0,2.0
2023-05-02,KCR,BAL,148.6,-178.9,0.4023,0.6414,0.3855,7.0,11.0
2023-05-02,LAD,PHI,-147.7,125.1,0.5963,0.4442,0.5731,13.0,1.0
2023-05-02,MIA,ATL,-120.1,44.4,0.5457,0.6924,0.4408,0.0,6.0
2023-05-02,NYY,CLE,-162.3,137.1,0.6187,0.4217,0.5947,4.0,2.0
2023-05-02,ATH,SEA,117.1,-137.7,0.4605,0.5793,0.4429,1.0,2.0
2023-05-02,SDP,CIN,-194.6,161.1,0.6605,0.3829,0.633,1.0,2.0
2023-05-02,STL,LAA,-152.0,127.4,0.6032,0.4397,0.5784,1.0,5.0
2023-05-02,TBR,PIT,-166.9,139.9,0.6253,0.4169,0.6,4.0,1.0
2023-05-02,TEX,ARI,129.7,-157.1,0.4353,0.6111,0.416,6.0,4.0
2023-05-02,WSN,CHC,118.9,-142.0,0.4569,0.5868,0.4378,4.0,1.0
2023-05-03,BOS,TOR,124.3,-147.7,0.4459,0.5963,0.4278,8.0,3.0
2023-05-03,CHW,MIN,-121.4,45.0,0.5484,0.6897,0.4429,6.0,4.0
2023-05-03,COL,MIL,-75.3,-114.9,0.4295,0.5346,0.4455,7.0,1.0
2023-05-03,DET,NYM,137.6,-163.0,0.4209,0.6198,0.4045,6.0,5.0
2023-05-03,HOU,SFG,-153.4,127.7,0.6054,0.4391,0.5796,2.0,4.0
2023-05-03,KCR,BAL,128.6,-153.0,0.4375,0.6047,0.4198,6.0,0.0
2023-05-03,LAD,PHI,-120.1,73.3,0.5457,0.5771,0.486,10.0,6.0
2023-05-03,MIA,ATL,119.9,-143.4,0.4548,0.5892,0.4357,6.0,14.0
2023-05-03,NYY,CLE,103.7,-123.7,0.4909,0.553,0.4702,4.0,3.0
2023-05-03,ATH,SEA,158.6,-192.9,0.3867,0.6585,0.37,2.0,7.0
2023-05-03,SDP,CIN,-267.4,215.7,0.7278,0.3167,0.6968,7.0,1.0
2023-05-03,STL,LAA,78.0,-125.7,0.5618,0.557,0.5022,4.0,6.0
2023-05-03,TBR,PIT,-217.1,181.9,0.6847,0.3548,0.6587,8.0,1.0
2023-05-03,TEX,ARI,-92.0,73.1,0.4792,0.5776,0.4534,7.0,12.0
2023-05-03,WSN,CHC,167.7,-201.0,0.3735,0.6678,0.3587,2.0,1.0
2023-05-04,BOS,TOR,168.0,-200.0,0.3731,0.6667,0.3589,11.0,5.0
2023-05-04,CHW,MIN,123.3,-145.3,0.4479,0.5923,0.4306,3.0,7.0
2023-05-04,COL,MIL,128.7,-152.6,0.4372,0.6041,0.4199,9.0,6.0
2023-05-04,DET,NYM,151.7,-180.1,0.3973,0.643,0.3819,2.0,0.0
2023-05-04,KCR,BAL,153.1,-181.9,0.395,0.6452,0.3798,10.0,13.0
2023-05-04,MIA,ATL,-79.4,-110.9,0.4427,0.5257,0.4571,3.0,6.0
2023-05-04,ATH,SEA,198.6,-241.4,0.3349,0.7071,0.3214,3.0,5.0
2023-05-04,STL,LAA,-174.4,147.7,0.6356,0.4037,0.6116,7.0,11.0
2023-05-04,TBR,PIT,-190.6,156.0,0.6559,0.3906,0.6267,3.0,2.0
2023-05-04,WSN,CHC,155.7,-184.9,0.3911,0.6489,0.376,4.0,3.0
2023-05-05,ARI,WSN,-192.1,157.9,0.6577,0.3878,0.6291,3.0,1.0
2023-05-05,ATL,BAL,-224.6,182.6,0.6919,0.3539,0.6616,4.0,9.0
2023-05-05,CHC,MIA,-168.6,141.4,0.6277,0.4142,0.6024,4.0,1.0
2023-05-05,CIN,CHW,-115.7,12.1,0.5364,0.8917,0.3756,4.0,5.0
2023-05-05,CLE,MIN,43.1,-119.6,0.6986,0.5446,0.562,0.0,2.0
2023-05-05,KCR,ATH,-145.1,121.4,0.5921,0.4516,0.5673,8.0,12.0
2023-05-05,LAA,TEX,-137.9,116.0,0.5796,0.463,0.5559,5.0,4.0
2023-05-05,NYM,COL,-271.0,217.4,0.7305,0.315,0.6987,1.0,0.0
2023-05-05,PHI,BOS,-160.6,134.3,0.6162,0.4268,0.5908,3.0,5.0
2023-05-05,PIT,TOR,137.9,-164.4,0.4204,0.6218,0.4034,0.0,4.0
2023-05-05,SDP,LAD,-15.0,-118.4,0.1304,0.5422,0.1939,5.0,2.0
2023-05-05,SEA,HOU,-133.7,112.7,0.5721,0.4701,0.5489,4.0,6.0
2023-05-05,SFG,MIL,75.7,-123.6,0.5691,0.5527,0.5073,6.0,4.0
2023-05-05,STL,DET,-238.6,193.3,0.7046,0.341,0.6739,4.0,5.0
2023-05-05,TBR,NYY,-185.1,152.3,0.6493,0.3964,0.6209,5.0,4.0
2023-05-06,ARI,WSN,-127.9,107.9,0.5611,0.4811,0.5384,8.0,7.0
2023-05-06,ATL,BAL,-260.7,205.3,0.7228,0.3276,0.6881,5.0,4.0
2023-05-06,CHC,MIA,-180.7,150.9,0.6438,0.3986,0.6176,4.0,2.0
2023-05-06,CIN,CHW,-134.3,113.4,0.5732,0.4685,0.5502,5.0,3.0
2023-05-06,CLE,MIN,-109.6,-109.0,0.5228,0.5215,0.5006,4.0,3.0
2023-05-06,KCR,ATH,-105.6,58.6,0.5136,0.6306,0.4488,4.0,5.0
2023-05-06,LAA,TEX,-119.7,-73.1,0.5449,0.4224,0.5633,1.0,10.0
2023-05-06,NYM,COL,-222.4,181.9,0.6899,0.3548,0.6604,2.0,5.0
2023-05-06,PHI,BOS,-157.1,131.6,0.6111,0.4318,0.5859,4.0,7.0
2023-05-06,PIT,TOR,119.1,-142.6,0.4563,0.5878,0.4371,2.0,8.0
2023-05-06,SDP,LAD,-128.6,108.4,0.5625,0.4798,0.5397,1.0,2.0
2023-05-06,SEA,HOU,72.4,-119.9,0.58,0.5452,0.5155,7.0,5.0
2023-05-06,SFG,MIL,-172.1,144.7,0.6325,0.4086,0.6075,4.0,1.0
2023-05-06,STL,DET,-198.0,162.3,0.6644,0.3813,0.6354,5.0,6.0
2023-05-06,TBR,NYY,-180.0,149.3,0.6429,0.4011,0.6158,2.0,3.0
2023-05-07,ARI,WSN,-158.1,130.1,0.6126,0.4345,0.585,8.0,9.0
2023-05-07,ATL,BAL,-158.3,133.3,0.6128,0.4287,0.5884,3.0,2.0
2023-05-07,CHC,MIA,-46.7,-114.1,0.3184,0.533,0.374,4.0,5.0
2023-05-07,CIN,CHW,-123.9,104.3,0.5533,0.4895,0.5306,4.0,17.0
2023-05-07,CLE,MIN,129.7,-155.4,0.4353,0.6085,0.417,2.0,0.0
2023-05-07,KCR,ATH,-78.6,-82.4,0.44,0.4518,0.4934,5.0,1.0
2023-05-07,LAA,TEX,-134.1,112.9,0.5729,0.4698,0.5494,8.0,16.0
2023-05-07,NYM,COL,-206.7,172.3,0.674,0.3673,0.6473,6.0,13.0
2023-05-07,PHI,BOS,-122.7,104.0,0.551,0.4902,0.5292,6.0,1.0
2023-05-07,PIT,TOR,112.6,-134.0,0.4704,0.5726,0.451,1.0,10.0
2023-05-07,SDP,LAD,-106.1,-111.9,0.5149,0.528,0.4937,2.0,5.0
2023-05-07,SEA,HOU,-131.6,82.6,0.5682,0.5477,0.5092,3.0,1.0
2023-05-07,SFG,MIL,-139.4,117.1,0.5823,0.4605,0.5584,3.0,7.0
2023-05-07,STL,DET,-198.6,164.3,0.6651,0.3784,0.6374,12.0,6.0
2023-05-07,TBR,NYY,-69.9,-71.7,0.4113,0.4176,0.4962,8.0,7.0
2023-05-08,ARI,MIA,-202.9,166.0,0.6698,0.3759,0.6405,5.0,2.0
2023-05-08,BAL,TBR,154.6,-185.3,0.3928,0.6495,0.3769,0.0,3.0
2023-05-08,CHC,STL,-128.6,107.6,0.5625,0.4818,0.5387,1.0,3.0
2023-05-08,CLE,DET,-198.1,164.9,0.6646,0.3776,0.6377,2.0,6.0
2023-05-08,KCR,CHW,111.0,-131.7,0.4739,0.5684,0.4547,12.0,5.0
2023-05-08,LAA,HOU,76.1,-123.9,0.5677,0.5533,0.5064,,
2023-05-08,MIL,LAD,-119.1,14.7,0.5437,0.8717,0.3841,9.0,3.0
2023-05-08,NYY,ATH,-197.7,162.6,0.6641,0.3808,0.6355,7.0,2.0
2023-05-08,PIT,COL,-175.7,147.6,0.6373,0.4039,0.6121,2.0,0.0
2023-05-08,SEA,TEX,-179.1,150.7,0.6418,0.3989,0.6167,1.0,2.0
2023-05-08,SFG,WSN,-227.9,185.0,0.695,0.3509,0.6645,1.0,5.0
2023-05-09,ARI,MIA,-114.7,-75.4,0.5343,0.43,0.5541,2.0,6.0
2023-05-09,ATL,BOS,-181.3,152.3,0.6445,0.3964,0.6192,9.0,3.0
2023-05-09,BAL,TBR,81.4,-130.4,0.5512,0.566,0.4934,4.0,2.0
2023-05-09,CHC,STL,-118.0,70.7,0.5413,0.5858,0.4803,4.0,6.0
2023-05-09,CIN,NYM,143.1,-174.0,0.4113,0.635,0.3931,7.0,6.0
2023-05-09,CLE,DET,-205.0,167.7,0.6721,0.3735,0.6428,2.0,0.0
2023-05-09,KCR,CHW,124.0,-147.3,0.4464,0.5956,0.4284,2.0,4.0
2023-05-09,LAA,HOU,-140.4,117.1,0.5841,0.4605,0.5591,1.0,3.0
2023-05-09,MIL,LAD,104.6,-123.6,0.4888,0.5527,0.4693,2.0,6.0
2023-05-09,MIN,SDP,-114.3,-104.6,0.5333,0.5112,0.5106,1.0,6.0
2023-05-09,NYY,ATH,-271.0,217.1,0.7305,0.3153,0.6985,10.0,5.0
2023-05-09,PHI,TOR,-135.9,85.7,0.576,0.5385,0.5168,8.0,4.0
2023-05-09,PIT,COL,-173.4,143.7,0.6343,0.4103,0.6072,1.0,10.0
2023-05-09,SEA,TEX,-157.3,131.6,0.6113,0.4318,0.586,5.0,0.0
2023-05-09,SFG,WSN,-235.0,186.7,0.7015,0.3488,0.6679,4.0,1.0
2023-05-10,ARI,MIA,-42.4,-71.3,0.2979,0.4162,0.4172,4.0,5.0
2023-05-10,ATL,BOS,-178.7,147.6,0.6412,0.4039,0.6135,2.0,5.0
2023-05-10,BAL,TBR,-47.1,-114.4,0.3204,0.5336,0.3751,2.0,1.0
2023-05-10,CHC,STL,-73.9,-116.0,0.4248,0.537,0.4417,10.0,4.0
2023-05-10,CIN,NYM,136.9,-165.4,0.4222,0.6233,0.4038,1.0,2.0
2023-05-10,CLE,DET,-114.6,-76.6,0.534,0.4337,0.5518,0.0,5.0
2023-05-10,KCR,CHW,126.0,-149.7,0.4425,0.5995,0.4246,9.0,1.0
2023-05-10,LAA,HOU,105.4,-124.4,0.4868,0.5544,0.4675,4.0,5.0
2023-05-10,MIL,LAD,144.1,-174.6,0.4096,0.6358,0.3918,1.0,8.0
2023-05-10,MIN,SDP,-212.1,151.4,0.6796,0.3977,0.6308,4.0,3.0
2023-05-10,NYY,ATH,-244.3,200.0,0.7095,0.3333,0.6804,11.0,3.0
2023-05-10,PHI,TOR,-113.7,-105.1,0.5321,0.5125,0.5094,2.0,1.0
2023-05-10,PIT,COL,-143.1,120.1,0.5887,0.4543,0.5645,3.0,4.0
2023-05-10,SEA,TEX,-198.9,162.0,0.6654,0.3817,0.6355,3.0,4.0
2023-05-10,SFG,WSN,-165.6,138.0,0.6235,0.4202,0.5974,6.0,11.0
2023-05-11,ARI,SFG,120.3,-143.7,0.454,0.5897,0.435,,
2023-05-11,CIN,NYM,165.4,-197.9,0.3767,0.6643,0.3619,5.0,0.0
2023-05-11,KCR,CHW,-112.1,-78.6,0.5286,0.44,0.5457,4.0,3.0
2023-05-11,MIN,SDP,112.4,-134.7,0.4707,0.574,0.4506,5.0,3.0
2023-05-11,NYY,TBR,-116.9,-45.0,0.5389,0.3103,0.6345,2.0,8.0
2023-05-11,ATH,TEX,208.4,-255.1,0.3242,0.7184,0.311,0.0,4.0
2023-05-12,ARI,SFG,-75.3,-114.9,0.4295,0.5346,0.4455,7.0,5.0
2023-05-12,BAL,PIT,-158.6,131.7,0.6133,0.4316,0.5869,6.0,3.0
2023-05-12,BOS,STL,-117.7,-44.9,0.5407,0.3097,0.6358,6.0,8.0
2023-05-12,CHW,HOU,127.9,-152.6,0.4389,0.6041,0.4208,1.0,5.0
2023-05-12,CLE,LAA,-100.1,78.9,0.5004,0.5591,0.4723,4.0,5.0
2023-05-12,COL,PHI,118.3,-139.4,0.4581,0.5823,0.4403,3.0,6.0
2023-05-12,DET,SEA,45.6,-122.7,0.6869,0.551,0.5549,2.0,9.0
2023-05-12,LAD,SDP,-137.4,115.4,0.5788,0.4642,0.555,4.0,2.0
2023-05-12,MIA,CIN,-140.7,119.0,0.5846,0.4566,0.5614,4.0,7.0
2023-05-12,MIL,KCR,-274.3,220.7,0.7328,0.3118,0.7015,5.0,1.0
2023-05-12,MIN,CHC,-158.0,132.0,0.6124,0.431,0.5869,2.0,6.0
2023-05-12,NYY,TBR,-178.9,150.4,0.6414,0.3993,0.6163,6.0,5.0
2023-05-12,ATH,TEX,137.0,-163.6,0.4219,0.6206,0.4047,9.0,7.0
2023-05-12,TOR,ATL,128.1,-153.6,0.4383,0.6056,0.4199,3.0,0.0
2023-05-12,WSN,NYM,103.7,-123.4,0.4909,0.5524,0.4705,,
2023-05-13,ARI,SFG,-181.1,150.7,0.6443,0.3989,0.6176,7.0,2.0
2023-05-13,BAL,PIT,-175.6,147.1,0.6371,0.4046,0.6116,2.0,0.0
2023-05-13,BOS,STL,-137.1,114.9,0.5783,0.4654,0.5541,3.0,4.0
2023-05-13,CHW,HOU,-127.9,108.3,0.5611,0.4801,0.5389,3.0,1.0
2023-05-13,CLE,LAA,108.1,-130.3,0.4804,0.5658,0.4592,8.0,6.0
2023-05-13,COL,PHI,123.6,-147.9,0.4473,0.5965,0.4285,4.0,7.0
2023-05-13,DET,SEA,157.4,-188.6,0.3885,0.6535,0.3728,0.0,5.0
2023-05-13,LAD,SDP,-153.6,128.9,0.6056,0.437,0.5809,4.0,2.0
2023-05-13,MIA,CIN,-236.0,193.6,0.7024,0.3406,0.6734,5.0,6.0
2023-05-13,MIL,KCR,-166.7,141.1,0.6251,0.4147,0.6012,4.0,3.0
2023-05-13,MIN,CHC,-173.7,142.4,0.6347,0.4125,0.6061,11.0,1.0
2023-05-13,NYY,TBR,95.0,-146.6,0.5128,0.5944,0.4631,9.0,8.0
2023-05-13,ATH,TEX,108.1,-136.0,0.4804,0.5763,0.4547,0.0,5.0
2023-05-13,TOR,ATL,-122.4,46.6,0.5504,0.6823,0.4465,5.0,2.0
2023-05-14,ARI,SFG,115.3,-137.7,0.4645,0.5793,0.445,2.0,1.0
2023-05-14,BAL,PIT,-82.9,-80.0,0.4531,0.4444,0.5048,0.0,4.0
2023-05-14,BOS,STL,-77.6,-112.4,0.4368,0.5293,0.4522,1.0,9.0
2023-05-14,CHW,HOU,111.3,-132.6,0.4733,0.57,0.4536,3.0,4.0
2023-05-14,CLE,LAA,-95.0,75.3,0.4872,0.5705,0.4606,4.0,3.0
2023-05-14,COL,PHI,138.9,-165.9,0.4187,0.6239,0.4016,4.0,0.0
2023-05-14,DET,SEA,156.3,-189.7,0.3902,0.6548,0.3734,5.0,3.0
2023-05-14,LAD,SDP,-161.4,133.3,0.6175,0.4287,0.5902,4.0,0.0
2023-05-14,MIA,CIN,-157.0,131.4,0.6109,0.4321,0.5857,3.0,1.0
2023-05-14,MIL,KCR,-173.3,143.4,0.6341,0.4108,0.6068,9.0,6.0
2023-05-14,MIN,CHC,-136.4,114.9,0.577,0.4654,0.5535,16.0,3.0
2023-05-14,NYY,TBR,110.4,-130.1,0.4752,0.5655,0.4566,7.0,8.0
2023-05-14,ATH,TEX,131.4,-158.3,0.4321,0.6128,0.4135,3.0,11.0
2023-05-14,TOR,ATL,-114.3,-75.7,0.5333,0.4309,0.5531,6.0,5.0
2023-05-14,WSN,NYM,166.0,-203.1,0.3759,0.6701,0.3594,2.0,8.0
2023-05-15,BAL,LAA,-14.3,-118.6,0.125,0.5425,0.1873,5.0,9.0
2023-05-15,BOS,SEA,11.9,-88.7,0.894,0.4701,0.6554,1.0,10.0
2023-05-15,COL,CIN,75.6,-123.0,0.5696,0.5516,0.508,9.0,8.0
2023-05-15,HOU,CHC,-199.6,164.0,0.6662,0.3788,0.6375,6.0,4.0
2023-05-15,LAD,MIN,-122.0,103.1,0.5495,0.4923,0.5275,9.0,8.0
2023-05-15,ATH,ARI,178.6,-219.3,0.359,0.6868,0.3433,2.0,5.0
2023-05-15,SDP,KCR,-233.9,192.6,0.7005,0.3418,0.6721,,
2023-05-15,SFG,PHI,-116.4,-74.0,0.538,0.4253,0.5585,6.0,3.0
2023-05-15,STL,MIL,-46.7,-114.4,0.3184,0.5336,0.3737,18.0,1.0
2023-05-15,TEX,ATL,138.0,-164.0,0.4202,0.6212,0.4035,0.0,12.0
2023-05-15,TOR,NYY,-153.7,130.1,0.6059,0.4345,0.5823,4.0,7.0
2023-05-15,WSN,NYM,137.3,-166.1,0.4214,0.6243,0.403,10.0,3.0
2023-05-16,BAL,LAA,-144.3,121.6,0.5906,0.4513,0.5669,7.0,3.0
2023-05-16,BOS,SEA,130.4,-156.1,0.434,0.6096,0.4159,9.0,4.0
2023-05-16,CHW,CLE,102.1,-120.9,0.4947,0.5472,0.4748,8.0,3.0
2023-05-16,COL,CIN,-132.6,83.6,0.57,0.5447,0.5113,1.0,3.0
2023-05-16,DET,PIT,-124.0,76.6,0.5536,0.5663,0.4943,4.0,0.0
2023-05-16,HOU,CHC,-175.4,146.4,0.6369,0.4058,0.6108,7.0,3.0
2023-05-16,LAD,MIN,-209.3,170.9,0.6767,0.3692,0.647,1.0,5.0
2023-05-16,MIA,WSN,-165.3,138.4,0.623,0.4194,0.5977,5.0,4.0
2023-05-16,NYM,TBR,-158.1,132.1,0.6126,0.4308,0.5871,5.0,8.0
2023-05-16,ATH,ARI,131.3,-156.1,0.4324,0.6096,0.415,9.0,8.0
2023-05-16,SDP,KCR,-204.0,167.3,0.6711,0.3741,0.642,4.0,5.0
2023-05-16,SFG,PHI,-76.6,-113.7,0.4337,0.5321,0.449,,
2023-05-16,STL,MIL,-184.6,152.7,0.6486,0.3957,0.6211,2.0,3.0
2023-05-16,TEX,ATL,-79.3,-110.4,0.4422,0.5248,0.4573,7.0,4.0
2023-05-16,TOR,NYY,-182.3,150.4,0.6457,0.3993,0.6179,3.0,6.0
2023-05-17,BAL,LAA,-153.4,129.1,0.6054,0.4364,0.5811,3.0,1.0
2023-05-17,BOS,SEA,-131.4,110.7,0.5679,0.4746,0.5448,12.0,3.0
2023-05-17,CHW,CLE,-103.3,81.7,0.5081,0.5503,0.48,7.0,2.0
2023-05-17,COL,CIN,-115.7,-103.1,0.5364,0.5077,0.5137,,
2023-05-17,DET,PIT,-166.3,138.4,0.6245,0.4194,0.5982,0.0,8.0
2023-05-17,HOU,CHC,-170.6,141.6,0.6304,0.414,0.6036,7.0,6.0
2023-05-17,LAD,MIN,-140.1,116.7,0.5836,0.4614,0.5584,7.0,3.0
2023-05-17,MIA,WSN,-133.4,112.4,0.5716,0.4707,0.5484,4.0,3.0
2023-05-17,NYM,TBR,-125.3,77.1,0.5561,0.5645,0.4963,8.0,7.0
2023-05-17,ATH,ARI,129.0,-154.4,0.4367,0.607,0.4184,3.0,5.0
2023-05-17,SDP,KCR,-278.6,224.6,0.7358,0.3081,0.7049,3.0,4.0
2023-05-17,SFG,PHI,14.0,-116.4,0.8772,0.538,0.6199,7.0,4.0
2023-05-17,STL,MIL,-86.3,-75.7,0.4632,0.4309,0.5181,3.0,0.0
2023-05-17,TEX,ATL,129.1,-151.1,0.4364,0.6018,0.4203,5.0,6.0
2023-05-17,TOR,NYY,-46.6,-114.9,0.3177,0.5346,0.3728,3.0,0.0
2023-05-18,BAL,LAA,-161.1,106.9,0.6171,0.4834,0.5607,5.0,6.0
2023-05-18,CHW,CLE,-146.9,123.4,0.5949,0.4476,0.5707,1.0,3.0
2023-05-18,MIA,WSN,-154.1,130.0,0.6065,0.4348,0.5825,5.0,3.0
2023-05-18,NYM,TBR,-108.3,-110.0,0.5199,0.5238,0.4981,,
2023-05-18,STL,LAD,129.3,-154.0,0.4361,0.6063,0.4184,16.0,8.0
2023-05-18,TOR,NYY,-134.7,112.9,0.574,0.4698,0.5499,2.0,4.0
2023-05-19,ATL,SEA,-148.3,124.4,0.5972,0.4456,0.5727,6.0,2.0
2023-05-19,CHW,KCR,-131.9,112.3,0.5687,0.4711,0.547,2.0,0.0
2023-05-19,CIN,NYY,138.1,-165.7,0.4199,0.6237,0.4024,2.0,6.0
2023-05-19,HOU,ATH,-262.9,211.4,0.7244,0.3211,0.6929,5.0,1.0
2023-05-19,LAA,MIN,119.6,-142.4,0.4554,0.5875,0.4367,5.0,4.0
2023-05-19,NYM,CLE,-150.3,125.1,0.6005,0.4442,0.5748,10.0,9.0
2023-05-19,PHI,CHC,-134.3,113.1,0.5732,0.4692,0.5499,1.0,10.0
2023-05-19,PIT,ARI,151.7,-183.9,0.3973,0.6477,0.3802,13.0,3.0
2023-05-19,SDP,BOS,-157.0,131.0,0.6109,0.4329,0.5853,1.0,6.0
2023-05-19,SFG,MIA,-120.6,44.6,0.5466,0.6917,0.4414,4.0,3.0
2023-05-19,STL,LAD,-44.9,-117.9,0.3097,0.541,0.364,0.0,5.0
2023-05-19,TBR,MIL,-230.0,187.0,0.697,0.3484,0.6667,1.0,0.0
2023-05-19,TEX,COL,-229.3,186.1,0.6963,0.3495,0.6658,7.0,2.0
2023-05-19,TOR,BAL,-164.3,136.7,0.6216,0.4225,0.5954,2.0,6.0
2023-05-19,WSN,DET,-45.6,-117.6,0.3131,0.5404,0.3668,6.0,8.0
2023-05-20,ATL,SEA,-135.6,115.1,0.5755,0.4648,0.5532,3.0,7.0
2023-05-20,CHW,KCR,-195.1,160.4,0.6612,0.384,0.6326,5.0,1.0
2023-05-20,CIN,NYY,123.6,-145.7,0.4473,0.593,0.43,4.0,7.0
2023-05-20,HOU,ATH,-305.9,244.3,0.7536,0.2905,0.7218,3.0,2.0
2023-05-20,LAA,MIN,-131.9,110.9,0.5687,0.4743,0.5453,2.0,6.0
2023-05-20,PHI,CHC,-159.4,133.3,0.6145,0.4287,0.5891,12.0,3.0
2023-05-20,PIT,ARI,-144.9,93.6,0.5916,0.5166,0.5338,3.0,4.0
2023-05-20,SDP,BOS,-122.0,16.4,0.5495,0.8589,0.3902,2.0,4.0
2023-05-20,SFG,MIA,-170.4,140.7,0.6302,0.4154,0.6027,0.0,1.0
2023-05-20,STL,LAD,-132.0,81.7,0.569,0.5503,0.5083,6.0,5.0
2023-05-20,TBR,MIL,-207.9,173.7,0.6752,0.3653,0.6489,8.0,4.0
2023-05-20,TEX,COL,-195.6,161.3,0.6617,0.3827,0.6335,11.0,5.0
2023-05-20,TOR,BAL,-138.0,116.0,0.5798,0.463,0.556,5.0,6.0
2023-05-20,WSN,DET,-87.1,-17.6,0.4656,0.1495,0.757,5.0,2.0
2023-05-21,ATL,SEA,-85.0,-106.4,0.4595,0.5156,0.4712,3.0,2.0
2023-05-21,CHW,KCR,-180.1,150.9,0.643,0.3986,0.6173,5.0,2.0
2023-05-21,CIN,NYY,269.6,-1547.7,0.2706,0.9393,0.2236,1.0,4.0
2023-05-21,HOU,ATH,-387.4,299.6,0.7948,0.2503,0.7605,2.0,0.0
2023-05-21,LAA,MIN,-154.6,128.3,0.6072,0.438,0.5809,4.0,2.0
2023-05-21,NYM,CLE,-151.3,127.3,0.602,0.44,0.5778,5.0,4.0
2023-05-21,PHI,CHC,-119.0,43.0,0.5434,0.6993,0.4373,2.0,1.0
2023-05-21,PIT,ARI,80.9,-129.7,0.5529,0.5647,0.4947,3.0,8.0
2023-05-21,SDP,BOS,-167.1,139.4,0.6257,0.4177,0.5997,7.0,0.0
2023-05-21,SFG,MIA,-132.4,110.0,0.5698,0.4762,0.5447,7.0,5.0
2023-05-21,STL,LAD,116.9,-139.7,0.4611,0.5828,0.4417,10.0,5.0
2023-05-21,TBR,MIL,-135.1,114.4,0.5747,0.4664,0.552,4.0,6.0
2023-05-21,TEX,COL,-230.7,186.4,0.6976,0.3491,0.6665,13.0,3.0
2023-05-21,TOR,BAL,-199.6,163.9,0.6662,0.379,0.6374,3.0,8.0
2023-05-21,WSN,DET,-134.0,112.3,0.5726,0.4711,0.5487,6.0,4.0
2023-05-22,ATL,LAD,-151.0,126.7,0.6016,0.4411,0.577,6.0,8.0
2023-05-22,CIN,STL,169.0,-207.9,0.3717,0.6752,0.3551,6.0,5.0
2023-05-22,CLE,CHW,-125.1,106.1,0.5558,0.4851,0.534,3.0,0.0
2023-05-22,COL,MIA,14.3,-119.3,0.875,0.544,0.6166,5.0,3.0
2023-05-22,KCR,DET,-118.4,14.3,0.5422,0.875,0.3826,5.0,8.0
2023-05-22,LAA,BOS,-113.0,-105.7,0.5305,0.5139,0.508,2.0,1.0
2023-05-22,MIL,HOU,-109.7,-109.4,0.5232,0.5225,0.5003,2.0,12.0
2023-05-22,MIN,SFG,-154.4,101.7,0.607,0.4958,0.5504,1.0,4.0
2023-05-22,PHI,ARI,-228.6,188.3,0.6957,0.3469,0.6673,3.0,6.0
2023-05-22,PIT,TEX,82.7,-132.6,0.5473,0.57,0.4898,,
2023-05-22,SEA,ATH,-239.3,174.4,0.7053,0.3644,0.6593,11.0,2.0
2023-05-22,TBR,TOR,-78.3,-83.1,0.4391,0.454,0.4917,,
2023-05-23,ATL,LAD,-201.3,164.4,0.6681,0.3782,0.6385,1.0,8.0
2023-05-23,CHC,NYM,-114.3,-75.6,0.5333,0.4304,0.5534,7.0,2.0
2023-05-23,CIN,STL,123.3,-146.0,0.4479,0.5935,0.4301,5.0,8.0
2023-05-23,CLE,CHW,-128.7,108.9,0.5628,0.4788,0.5403,2.0,4.0
2023-05-23,COL,MIA,110.7,-130.9,0.4746,0.5668,0.4557,5.0,4.0
2023-05-23,KCR,DET,128.4,-152.1,0.4378,0.6034,0.4205,4.0,1.0
2023-05-23,LAA,BOS,-76.9,-114.4,0.4346,0.5336,0.4488,4.0,0.0
2023-05-23,MIL,HOU,78.6,-127.1,0.56,0.5597,0.5001,6.0,0.0
2023-05-23,MIN,SFG,-146.3,123.1,0.594,0.4481,0.57,3.0,4.0
2023-05-23,NYY,BAL,-172.7,144.6,0.6333,0.4089,0.6077,6.0,5.0
2023-05-23,PHI,ARI,-155.3,131.1,0.6083,0.4326,0.5844,3.0,4.0
2023-05-23,PIT,TEX,138.6,-167.0,0.4192,0.6255,0.4013,1.0,6.0
2023-05-23,SEA,ATH,-227.9,185.4,0.695,0.3504,0.6648,3.0,2.0
2023-05-23,TBR,TOR,-114.9,-46.7,0.5346,0.3184,0.6267,1.0,20.0
2023-05-23,WSN,SDP,131.6,-158.0,0.4318,0.6124,0.4135,4.0,7.0
2023-05-24,ATL,LAD,-88.3,-16.3,0.4689,0.14,0.77,4.0,3.0
2023-05-24,CHC,NYM,-113.3,-47.4,0.5311,0.3217,0.6228,4.0,2.0
2023-05-24,CIN,STL,136.9,-165.9,0.4222,0.6239,0.4036,10.0,3.0
2023-05-24,CLE,CHW,-141.9,120.0,0.5865,0.4545,0.5634,0.0,6.0
2023-05-24,COL,MIA,142.3,-172.6,0.4127,0.6331,0.3946,2.0,10.0
2023-05-24,KCR,DET,-117.7,42.9,0.5407,0.7,0.4358,4.0,6.0
2023-05-24,LAA,BOS,-110.0,-80.3,0.5238,0.4453,0.5405,7.0,3.0
2023-05-24,MIL,HOU,-109.4,-109.0,0.5225,0.5215,0.5005,4.0,0.0
2023-05-24,MIN,SFG,-153.1,128.3,0.605,0.438,0.58,7.0,1.0
2023-05-24,NYY,BAL,-148.1,123.9,0.597,0.4467,0.572,6.0,9.0
2023-05-24,PHI,ARI,-452.7,20.7,0.8191,0.8284,0.4972,6.0,5.0
2023-05-24,PIT,TEX,134.3,-1531.1,0.4268,0.9387,0.3126,,
2023-05-24,SEA,ATH,-295.7,237.1,0.7473,0.2966,0.7159,6.0,1.0
2023-05-24,TBR,TOR,-180.7,150.4,0.6438,0.3993,0.6172,7.0,3.0
2023-05-24,WSN,SDP,125.9,-149.1,0.4428,0.5986,0.4252,5.0,3.0
2023-05-25,ATL,PHI,-108.9,-109.7,0.5212,0.5232,0.4991,8.0,5.0
2023-05-25,CHC,NYM,-109.9,-80.4,0.5235,0.4458,0.5401,1.0,10.0
2023-05-25,CIN,STL,113.4,-137.0,0.4685,0.5781,0.4477,,
2023-05-25,COL,MIA,107.1,-125.7,0.4828,0.557,0.4643,7.0,6.0
2023-05-25,DET,CHW,125.3,-148.9,0.4439,0.5982,0.426,7.0,2.0
2023-05-25,MIL,SFG,84.0,-134.3,0.5435,0.5732,0.4867,0.0,5.0
2023-05-25,NYY,BAL,-132.7,111.3,0.5703,0.4733,0.5465,1.0,3.0
2023-05-25,SEA,ATH,-254.3,205.0,0.7177,0.3279,0.6864,3.0,2.0
2023-05-25,TBR,TOR,-167.9,141.1,0.6267,0.4147,0.6018,6.0,3.0
2023-05-25,WSN,SDP,167.1,-204.0,0.3743,0.6711,0.3581,6.0,8.0
2023-05-26,ARI,BOS,111.3,-134.3,0.4733,0.5732,0.4523,2.0,7.0
2023-05-26,ATL,PHI,-152.7,127.6,0.6043,0.4394,0.579,4.0,6.0
2023-05-26,BAL,TEX,-138.0,115.1,0.5798,0.4648,0.5551,2.0,12.0
2023-05-26,CHC,CIN,-148.9,124.9,0.5982,0.4447,0.5736,,
2023-05-26,CLE,STL,-85.0,-19.3,0.4595,0.1617,0.7397,4.0,3.0
2023-05-26,COL,NYM,179.9,-221.4,0.3573,0.6889,0.3415,2.0,5.0
2023-05-26,DET,CHW,131.6,-157.0,0.4318,0.6109,0.4141,3.0,12.0
2023-05-26,KCR,WSN,-113.6,-47.9,0.5318,0.3237,0.6216,10.0,12.0
2023-05-26,LAA,MIA,-143.0,119.7,0.5885,0.4551,0.5639,2.0,6.0
2023-05-26,MIL,SFG,-143.4,92.4,0.5892,0.5197,0.5314,1.0,15.0
2023-05-26,MIN,TOR,126.6,-151.3,0.4414,0.602,0.423,1.0,3.0
2023-05-26,NYY,SDP,-44.6,-118.4,0.3083,0.5422,0.3625,1.0,5.0
2023-05-26,ATH,HOU,222.9,-276.9,0.3097,0.7346,0.2966,2.0,5.0
2023-05-26,SEA,PIT,-159.4,131.6,0.6145,0.4318,0.5873,6.0,11.0
2023-05-26,TBR,LAD,-126.0,77.7,0.5575,0.5627,0.4977,9.0,3.0
2023-05-27,ARI,BOS,-46.6,-115.1,0.3177,0.5352,0.3725,1.0,2.0
2023-05-27,ATL,PHI,-125.1,76.9,0.5558,0.5654,0.4957,1.0,2.0
2023-05-27,BAL,TEX,-112.1,-106.4,0.5286,0.5156,0.5062,3.0,5.0
2023-05-27,CHC,CIN,-178.1,146.0,0.6405,0.4065,0.6117,5.0,8.0
2023-05-27,CLE,STL,-107.7,-111.1,0.5186,0.5264,0.4963,1.0,2.0
2023-05-27,COL,NYM,170.9,-208.6,0.3692,0.6759,0.3533,10.0,7.0
2023-05-27,DET,CHW,-113.7,-105.1,0.5321,0.5125,0.5094,7.0,3.0
2023-05-27,KCR,WSN,33.4,-621.7,0.7495,0.8614,0.4652,2.0,4.0
2023-05-27,LAA,MIA,-208.6,172.1,0.6759,0.3675,0.6478,5.0,8.0
2023-05-27,MIL,SFG,-113.1,-105.3,0.5308,0.5129,0.5086,1.0,3.0
2023-05-27,MIN,TOR,-116.6,12.1,0.5383,0.8917,0.3764,9.0,7.0
2023-05-27,NYY,SDP,-155.1,129.9,0.6081,0.4351,0.5829,3.0,2.0
2023-05-27,ATH,HOU,270.7,-346.0,0.2697,0.7758,0.258,3.0,6.0
2023-05-27,SEA,PIT,-223.6,183.3,0.6909,0.353,0.6619,5.0,0.0
2023-05-27,TBR,LAD,-84.7,-77.4,0.4586,0.4364,0.5124,5.0,6.0
2023-05-28,ARI,BOS,-126.1,105.9,0.5578,0.4858,0.5345,4.0,2.0
2023-05-28,ATL,PHI,-269.6,215.0,0.7294,0.3175,0.6968,11.0,4.0
2023-05-28,BAL,TEX,-152.9,128.6,0.6045,0.4375,0.5801,3.0,2.0
2023-05-28,CHC,CIN,-169.1,140.0,0.6285,0.4167,0.6013,5.0,8.0
2023-05-28,CLE,STL,121.1,-144.4,0.4522,0.5909,0.4335,4.0,3.0
2023-05-28,COL,NYM,117.3,-140.1,0.4602,0.5836,0.4409,11.0,10.0
2023-05-28,DET,CHW,-46.7,-115.6,0.3184,0.5361,0.3726,6.0,5.0
2023-05-28,KCR,WSN,-113.1,-105.4,0.5308,0.5132,0.5084,3.0,2.0
2023-05-28,LAA,MIA,-131.0,109.1,0.5671,0.4781,0.5426,0.0,2.0
2023-05-28,MIL,SFG,108.0,-128.3,0.4808,0.562,0.4611,7.0,5.0
2023-05-28,MIN,TOR,-106.0,-112.3,0.5146,0.5289,0.4931,0.0,3.0
2023-05-28,NYY,SDP,-146.1,122.1,0.5937,0.4502,0.5688,10.0,7.0
2023-05-28,ATH,HOU,222.4,-277.9,0.3101,0.7353,0.2966,1.0,10.0
2023-05-28,SEA,PIT,-148.3,122.9,0.5972,0.4487,0.571,6.0,3.0
2023-05-28,TBR,LAD,-129.4,108.7,0.5641,0.4791,0.5407,11.0,10.0
2023-05-29,ARI,COL,-209.6,168.4,0.677,0.3725,0.645,7.0,5.0
2023-05-29,BAL,CLE,-139.3,116.1,0.5821,0.4627,0.5572,0.0,5.0
2023-05-29,CHC,TBR,73.0,-120.1,0.578,0.5457,0.5144,,
2023-05-29,CHW,LAA,-140.9,118.1,0.5848,0.4584,0.5606,4.0,6.0
2023-05-29,DET,TEX,145.7,-175.9,0.407,0.6375,0.3896,0.0,5.0
2023-05-29,HOU,MIN,-124.4,105.4,0.5544,0.4868,0.5325,5.0,7.0
2023-05-29,LAD,WSN,-248.6,198.6,0.7131,0.3349,0.6804,6.0,1.0
2023-05-29,ATH,ATL,192.9,-237.9,0.3415,0.704,0.3266,7.0,2.0
2023-05-29,SEA,NYY,-134.0,110.9,0.5726,0.4743,0.547,4.0,10.0
2023-05-29,SFG,PIT,-596.3,228.0,0.8564,0.3049,0.7375,14.0,4.0
2023-05-29,STL,KCR,-183.0,151.0,0.6466,0.3984,0.6188,,
2023-05-30,ARI,COL,-250.0,200.7,0.7143,0.3325,0.6823,5.0,1.0
2023-05-30,BAL,CLE,-140.4,118.0,0.5841,0.4587,0.5601,8.0,5.0
2023-05-30,BOS,CIN,-179.0,148.1,0.6416,0.403,0.6142,8.0,9.0
2023-05-30,CHC,TBR,151.7,-184.3,0.3973,0.6482,0.38,2.0,1.0
2023-05-30,CHW,LAA,-143.3,120.0,0.589,0.4545,0.5644,7.0,3.0
2023-05-30,DET,TEX,110.4,-129.7,0.4752,0.5647,0.457,,
2023-05-30,HOU,MIN,-80.1,-109.6,0.4449,0.5228,0.4597,5.0,1.0
2023-05-30,LAD,WSN,-323.6,253.6,0.7639,0.2828,0.7298,9.0,3.0
2023-05-30,MIA,SDP,-138.6,116.1,0.5808,0.4627,0.5566,4.0,9.0
2023-05-30,NYM,PHI,-142.6,92.3,0.5878,0.5201,0.5306,2.0,0.0
2023-05-30,ATH,ATL,198.6,-245.7,0.3349,0.7107,0.3203,2.0,1.0
2023-05-30,SEA,NYY,-139.1,117.1,0.5818,0.4605,0.5582,2.0,10.0
2023-05-30,SFG,PIT,-161.6,135.3,0.6177,0.425,0.5924,1.0,2.0
2023-05-30,STL,KCR,-191.0,158.6,0.6564,0.3867,0.6292,2.0,1.0
2023-05-30,TOR,MIL,-163.0,135.6,0.6198,0.4245,0.5935,7.0,2.0
2023-05-31,ARI,COL,-160.6,135.1,0.6162,0.4253,0.5917,6.0,0.0
2023-05-31,BAL,CLE,-48.0,-113.4,0.3243,0.5315,0.379,8.0,12.0
2023-05-31,BOS,CIN,-178.6,149.3,0.641,0.4011,0.6151,4.0,5.0
2023-05-31,CHC,TBR,116.9,-137.3,0.4611,0.5786,0.4435,3.0,4.0
2023-05-31,CHW,LAA,-143.7,121.6,0.5897,0.4513,0.5665,5.0,12.0
2023-05-31,DET,TEX,130.1,-153.4,0.4345,0.6054,0.4178,3.0,2.0
2023-05-31,HOU,MIN,-186.7,157.7,0.6512,0.388,0.6266,2.0,8.0
2023-05-31,LAD,WSN,-242.1,199.3,0.7077,0.3341,0.6793,6.0,10.0
2023-05-31,MIA,SDP,-17.0,-116.0,0.1453,0.537,0.2129,2.0,1.0
2023-05-31,NYM,PHI,14.4,-119.0,0.8739,0.5434,0.6166,4.0,1.0
2023-05-31,ATH,ATL,189.4,-228.6,0.3455,0.6957,0.3318,2.0,4.0
2023-05-31,SEA,NYY,-142.3,120.7,0.5873,0.4531,0.5645,1.0,0.0
2023-05-31,SFG,PIT,-120.0,15.6,0.5455,0.8653,0.3866,,
2023-05-31,TOR,MIL,-164.3,139.0,0.6216,0.4184,0.5977,2.0,4.0
2023-06-01,ARI,COL,-173.3,144.6,0.6341,0.4089,0.608,5.0,4.0
2023-06-01,BOS,CIN,-168.9,141.1,0.6281,0.4147,0.6023,8.0,2.0
2023-06-01,HOU,LAA,-150.9,127.0,0.6014,0.4405,0.5772,5.0,2.0
2023-06-01,MIA,SDP,14.1,-118.6,0.8761,0.5425,0.6176,,
2023-06-01,MIN,CLE,-137.4,115.6,0.5788,0.4639,0.5551,7.0,6.0
2023-06-01,NYM,PHI,-183.7,152.4,0.6475,0.3962,0.6204,4.0,2.0
2023-06-01,TOR,MIL,-189.6,156.6,0.6547,0.3898,0.6268,3.0,1.0
2023-06-02,ARI,ATL,14.6,-119.0,0.8728,0.5434,0.6163,3.0,2.0
2023-06-02,CHW,DET,-157.3,132.6,0.6113,0.43,0.5871,3.0,0.0
2023-06-02,CIN,MIL,142.7,-173.3,0.412,0.6341,0.3939,4.0,5.0
2023-06-02,HOU,LAA,-134.1,112.7,0.5729,0.4701,0.5493,6.0,2.0
2023-06-02,KCR,COL,-124.3,105.4,0.5541,0.4868,0.5324,2.0,7.0
2023-06-02,LAD,NYY,-142.4,119.9,0.5875,0.4548,0.5636,8.0,4.0
2023-06-02,MIA,ATH,-206.7,169.9,0.674,0.3706,0.6452,4.0,0.0
2023-06-02,MIN,CLE,-135.1,112.7,0.5747,0.4701,0.5501,1.0,0.0
2023-06-02,NYM,TOR,-132.3,111.3,0.5695,0.4733,0.5461,0.0,3.0
2023-06-02,PIT,STL,122.6,-146.9,0.4493,0.5949,0.4303,7.0,5.0
2023-06-02,SDP,CHC,-175.7,146.7,0.6373,0.4053,0.6112,,
2023-06-02,SFG,BAL,-158.1,133.0,0.6126,0.4292,0.588,2.0,3.0
2023-06-02,TEX,SEA,-74.6,-117.0,0.4272,0.5392,0.442,2.0,0.0
2023-06-02,WSN,PHI,156.4,-190.7,0.39,0.656,0.3728,8.0,7.0
2023-06-03,ARI,ATL,185.3,-229.3,0.3505,0.6963,0.3348,2.0,5.0
2023-06-03,BOS,TBR,-85.0,64.1,0.4595,0.6092,0.4299,8.0,5.0
2023-06-03,CHW,DET,-186.7,149.6,0.6512,0.4007,0.6191,2.0,1.0
2023-06-03,CIN,MIL,-108.0,-110.6,0.5192,0.5251,0.4972,8.0,10.0
2023-06-03,HOU,LAA,-172.4,142.4,0.6329,0.4125,0.6054,9.0,6.0
2023-06-03,KCR,COL,-149.7,125.6,0.5995,0.4433,0.5749,4.0,6.0
2023-06-03,LAD,NYY,-109.0,-109.7,0.5215,0.5232,0.4992,3.0,6.0
2023-06-03,MIA,ATH,-212.4,175.4,0.6799,0.3631,0.6519,12.0,1.0
2023-06-03,MIN,CLE,-131.6,110.7,0.5682,0.4746,0.5449,2.0,4.0
2023-06-03,NYM,TOR,76.0,-124.4,0.5682,0.5544,0.5061,1.0,2.0
2023-06-03,PIT,STL,129.7,-158.1,0.4353,0.6126,0.4154,4.0,3.0
2023-06-03,SDP,CHC,-181.1,150.4,0.6443,0.3993,0.6174,6.0,0.0
2023-06-03,SFG,BAL,-132.0,110.6,0.569,0.4749,0.5451,4.0,0.0
2023-06-03,TEX,SEA,-145.0,122.3,0.5918,0.4499,0.5681,16.0,6.0
2023-06-03,WSN,PHI,-79.7,-110.3,0.4436,0.5245,0.4582,2.0,4.0
2023-06-04,ARI,ATL,-129.9,110.6,0.5649,0.4749,0.5433,5.0,8.0
2023-06-04,BOS,TBR,104.1,-123.0,0.4899,0.5516,0.4704,2.0,6.0
2023-06-04,CHW,DET,-173.7,144.4,0.6347,0.4091,0.608,6.0,2.0
2023-06-04,CIN,MIL,-118.3,13.6,0.5419,0.8805,0.381,1.0,5.0
2023-06-04,HOU,LAA,-143.7,120.4,0.5897,0.4537,0.5652,1.0,2.0
2023-06-04,KCR,COL,-143.9,121.9,0.5899,0.4507,0.5669,2.0,0.0
2023-06-04,LAD,NYY,-170.6,143.7,0.6304,0.4103,0.6057,1.0,4.0
2023-06-04,MIA,ATH,-226.7,185.4,0.6939,0.3504,0.6645,7.0,5.0
2023-06-04,MIN,CLE,-140.4,117.1,0.5841,0.4605,0.5591,1.0,2.0
2023-06-04,NYM,TOR,-138.4,117.1,0.5806,0.4605,0.5577,4.0,6.0
2023-06-04,PIT,STL,123.3,-147.1,0.4479,0.5954,0.4293,2.0,1.0
2023-06-04,SDP,CHC,-108.9,-109.7,0.5212,0.5232,0.4991,1.0,7.0
2023-06-04,SFG,BAL,-106.7,-111.6,0.5162,0.5273,0.4947,3.0,8.0
2023-06-04,TEX,SEA,-156.0,132.3,0.6094,0.4305,0.586,12.0,3.0
2023-06-04,WSN,PHI,135.4,-166.6,0.4248,0.6249,0.4047,3.0,11.0
2023-06-05,BOS,TBR,122.0,-144.7,0.4505,0.5914,0.4324,1.0,4.0
2023-06-05,CIN,MIL,-117.6,-15.7,0.5404,0.1358,0.7992,,
2023-06-05,MIA,KCR,-167.7,138.4,0.6265,0.4194,0.599,,
2023-06-05,PHI,DET,-263.6,212.9,0.725,0.3196,0.694,8.0,3.0
2023-06-05,PIT,ATH,-173.9,145.0,0.6348,0.4082,0.6087,5.0,4.0
2023-06-05,SDP,CHC,-171.3,143.1,0.6314,0.4113,0.6055,5.0,0.0
2023-06-05,TEX,STL,-140.0,89.7,0.5833,0.5271,0.5253,4.0,3.0
2023-06-05,TOR,HOU,-121.3,15.6,0.5481,0.8653,0.3878,4.0,11.0
2023-06-06,ATL,NYM,-168.3,142.4,0.6273,0.4125,0.6033,6.0,4.0
2023-06-06,CIN,LAD,58.0,-114.7,0.6329,0.5343,0.5423,9.0,8.0
2023-06-06,CLE,BOS,-110.6,-79.4,0.5251,0.4427,0.5426,4.0,5.0
2023-06-06,COL,SFG,135.0,-159.7,0.4255,0.615,0.409,4.0,10.0
2023-06-06,LAA,CHC,-121.7,44.7,0.549,0.691,0.4427,7.0,4.0
2023-06-06,MIA,KCR,-167.4,141.4,0.6261,0.4142,0.6018,6.0,1.0
2023-06-06,MIL,BAL,-127.4,79.1,0.5603,0.5582,0.5009,4.0,3.0
2023-06-06,NYY,CHW,-149.6,126.7,0.5993,0.4411,0.576,2.0,3.0
2023-06-06,PHI,DET,-184.7,155.4,0.6488,0.3915,0.6237,,
2023-06-06,PIT,ATH,-270.0,220.7,0.7297,0.3118,0.7006,2.0,11.0
2023-06-06,SDP,SEA,-127.4,108.3,0.5603,0.4801,0.5385,1.0,4.0
2023-06-06,TBR,MIN,-162.1,138.4,0.6185,0.4194,0.5959,7.0,0.0
2023-06-06,TEX,STL,-105.6,83.6,0.5136,0.5447,0.4853,6.0,4.0
2023-06-06,TOR,HOU,-140.6,119.1,0.5843,0.4563,0.5615,5.0,1.0
2023-06-06,WSN,ARI,119.0,-139.7,0.4566,0.5828,0.4393,5.0,10.0
2023-06-07,ATL,NYM,-129.7,108.9,0.5647,0.4788,0.5412,7.0,5.0
2023-06-07,CIN,LAD,136.7,-166.1,0.4225,0.6243,0.4036,8.0,6.0
2023-06-07,CLE,BOS,-134.3,113.1,0.5732,0.4692,0.5499,,
2023-06-07,COL,SFG,184.7,-222.1,0.3512,0.6896,0.3375,4.0,5.0
2023-06-07,LAA,CHC,-142.1,119.3,0.587,0.456,0.5628,6.0,2.0
2023-06-07,MIA,KCR,-183.6,153.0,0.6474,0.3953,0.6209,6.0,1.0
2023-06-07,MIL,BAL,-145.4,123.0,0.5925,0.4484,0.5692,10.0,2.0
2023-06-07,PIT,ATH,13.4,-1299.1,0.8816,0.9285,0.487,5.0,9.0
2023-06-07,SDP,SEA,-112.7,-77.4,0.5299,0.4364,0.5484,10.0,3.0
2023-06-07,TBR,MIN,-125.3,-11.7,0.5561,0.1049,0.8414,2.0,1.0
2023-06-07,TEX,STL,-132.9,112.0,0.5706,0.4717,0.5474,0.0,1.0
2023-06-07,TOR,HOU,-149.1,125.6,0.5986,0.4433,0.5745,3.0,2.0
2023-06-07,WSN,ARI,-10.6,-126.3,0.0956,0.5581,0.1463,2.0,6.0
2023-06-08,ATL,NYM,-188.6,157.1,0.6535,0.3889,0.6269,13.0,10.0
2023-06-08,CIN,LAD,199.3,-247.1,0.3341,0.7119,0.3194,0.0,6.0
2023-06-08,CLE,BOS,-147.6,96.0,0.5961,0.5102,0.5388,10.0,3.0
2023-06-08,COL,SFG,147.9,-179.6,0.4035,0.6423,0.3858,4.0,6.0
2023-06-08,LAA,CHC,-133.4,111.6,0.5716,0.4727,0.5474,,
2023-06-08,MIL,BAL,-110.7,-107.9,0.5254,0.5189,0.5031,3.0,6.0
2023-06-08,NYY,CHW,-69.9,14.3,0.4113,0.875,0.3197,5.0,6.0
2023-06-08,PHI,DET,-248.9,199.3,0.7133,0.3341,0.681,3.0,2.0
2023-06-08,TBR,MIN,-124.9,18.4,0.5553,0.8444,0.3967,4.0,2.0
2023-06-08,TOR,HOU,-46.4,-116.0,0.3171,0.537,0.3712,3.0,2.0
2023-06-09,ATL,WSN,-208.1,172.1,0.6755,0.3675,0.6477,3.0,2.0
2023-06-09,BAL,KCR,-186.9,157.4,0.6514,0.3885,0.6264,3.0,2.0
2023-06-09,CHW,MIA,-128.0,107.6,0.5614,0.4818,0.5382,2.0,1.0
2023-06-09,CLE,HOU,-76.6,-114.9,0.4337,0.5346,0.4479,10.0,9.0
2023-06-09,COL,SDP,172.6,-205.7,0.3669,0.6729,0.3528,6.0,9.0
2023-06-09,DET,ARI,117.0,-138.4,0.4608,0.5806,0.4425,6.0,11.0
2023-06-09,LAA,SEA,-231.4,67.7,0.6983,0.5963,0.5394,5.0,4.0
2023-06-09,MIL,ATH,-247.9,200.7,0.7125,0.3325,0.6818,2.0,5.0
2023-06-09,NYY,BOS,-147.7,124.7,0.5963,0.445,0.5726,2.0,3.0
2023-06-09,PHI,LAD,-106.6,-111.4,0.5159,0.527,0.4947,5.0,4.0
2023-06-09,PIT,NYM,-86.1,10.7,0.4628,0.9032,0.3388,14.0,7.0
2023-06-09,SFG,CHC,-117.6,-15.7,0.5404,0.1358,0.7992,2.0,3.0
2023-06-09,STL,CIN,-179.9,148.0,0.6427,0.4032,0.6145,7.0,4.0
2023-06-09,TBR,TEX,-174.0,146.6,0.635,0.4056,0.6103,,
2023-06-09,TOR,MIN,-127.1,78.4,0.5597,0.5604,0.4997,2.0,3.0
2023-06-10,ATL,WSN,-186.1,153.7,0.6505,0.3941,0.6227,6.0,4.0
2023-06-10,BAL,KCR,-146.6,123.1,0.5944,0.4481,0.5702,6.0,1.0
2023-06-10,CHW,MIA,-84.0,-106.4,0.4565,0.5156,0.4696,1.0,5.0
2023-06-10,CLE,HOU,-137.3,116.0,0.5786,0.463,0.5555,4.0,6.0
2023-06-10,COL,SDP,124.3,-150.0,0.4459,0.6,0.4263,2.0,3.0
2023-06-10,DET,ARI,105.9,-125.7,0.4858,0.557,0.4659,0.0,5.0
2023-06-10,LAA,SEA,-140.0,117.6,0.5833,0.4596,0.5593,2.0,6.0
2023-06-10,MIL,ATH,-103.6,51.9,0.5088,0.6585,0.4359,1.0,2.0
2023-06-10,NYY,BOS,-96.7,77.4,0.4916,0.5636,0.4659,3.0,1.0
2023-06-10,PHI,LAD,-16.9,-116.4,0.1443,0.538,0.2115,0.0,9.0
2023-06-10,PIT,NYM,106.6,-127.6,0.4841,0.5606,0.4634,1.0,5.0
2023-06-10,SFG,CHC,-165.3,139.3,0.623,0.4179,0.5985,0.0,4.0
2023-06-10,STL,CIN,-177.4,146.1,0.6395,0.4063,0.6115,4.0,8.0
2023-06-10,TBR,TEX,-115.7,-46.0,0.5364,0.3151,0.63,4.0,8.0
2023-06-10,TOR,MIN,-126.4,78.7,0.5584,0.5596,0.4995,4.0,9.0
2023-06-11,ATL,WSN,-276.7,221.7,0.7345,0.3108,0.7027,2.0,6.0
2023-06-11,BAL,KCR,-159.1,133.0,0.6141,0.4292,0.5886,11.0,3.0
2023-06-11,CHW,MIA,-119.0,42.4,0.5434,0.7021,0.4363,5.0,6.0
2023-06-11,CLE,HOU,-125.9,105.7,0.5572,0.4861,0.5341,5.0,0.0
2023-06-11,COL,SDP,163.7,-198.0,0.3792,0.6644,0.3633,5.0,4.0
2023-06-11,DET,ARI,179.9,-220.7,0.3573,0.6882,0.3418,5.0,7.0
2023-06-11,LAA,SEA,-16.7,-116.6,0.1432,0.5383,0.2101,9.0,4.0
2023-06-11,MIL,ATH,-207.4,171.4,0.6747,0.3684,0.6468,6.0,8.0
2023-06-11,NYY,BOS,-19.9,-159.9,0.1657,0.6152,0.2122,2.0,3.0
2023-06-11,PHI,LAD,109.7,-129.7,0.4768,0.5647,0.4578,7.0,3.0
2023-06-11,PIT,NYM,-101.0,80.6,0.5025,0.5538,0.4757,2.0,1.0
2023-06-11,SFG,CHC,-149.9,126.0,0.5998,0.4425,0.5755,13.0,3.0
2023-06-11,STL,CIN,-117.4,-45.0,0.5401,0.3103,0.6351,3.0,4.0
2023-06-11,TBR,TEX,-192.1,159.3,0.6577,0.3857,0.6304,7.0,3.0
2023-06-11,TOR,MIN,-224.3,181.6,0.6916,0.3551,0.6607,7.0,6.0
2023-06-12,ARI,PHI,-49.0,-84.6,0.3289,0.4582,0.4178,,
2023-06-12,BOS,COL,-238.1,190.6,0.7043,0.3441,0.6717,3.0,4.0
2023-06-12,DET,ATL,123.6,-180.0,0.4473,0.6429,0.4103,6.0,5.0
2023-06-12,KCR,CIN,-111.1,-107.1,0.5264,0.5172,0.5044,4.0,5.0
2023-06-12,ATH,TBR,211.4,-266.4,0.3211,0.7271,0.3063,4.0,3.0
2023-06-12,SEA,MIA,-116.3,-16.9,0.5376,0.1443,0.7885,8.0,1.0
2023-06-12,STL,SFG,105.7,-125.4,0.4861,0.5564,0.4663,3.0,4.0
2023-06-12,TEX,LAA,-147.7,96.0,0.5963,0.5102,0.5389,6.0,9.0
2023-06-13,ARI,PHI,119.1,-141.7,0.4563,0.5863,0.4377,3.0,15.0
2023-06-13,BAL,TOR,108.9,-129.4,0.4788,0.5641,0.4591,11.0,6.0
2023-06-13,BOS,COL,-221.0,185.4,0.6885,0.3504,0.6627,6.0,7.0
2023-06-13,CHC,PIT,-133.6,114.1,0.5719,0.467,0.5505,11.0,3.0
2023-06-13,HOU,WSN,-272.1,216.4,0.7313,0.316,0.6982,6.0,1.0
2023-06-13,KCR,CIN,-110.7,-80.3,0.5254,0.4453,0.5413,4.0,5.0
2023-06-13,LAD,CHW,-201.4,166.3,0.6682,0.3755,0.6402,5.0,1.0
2023-06-13,MIN,MIL,-148.6,91.0,0.5977,0.5236,0.5331,7.0,5.0
2023-06-13,NYM,NYY,-159.4,134.4,0.6145,0.4266,0.5903,6.0,7.0
2023-06-13,ATH,TBR,177.3,-213.1,0.3606,0.6807,0.3463,2.0,1.0
2023-06-13,SDP,CLE,-170.9,141.4,0.6308,0.4142,0.6036,6.0,3.0
2023-06-13,SEA,MIA,-158.0,132.9,0.6124,0.4294,0.5878,9.0,3.0
2023-06-13,STL,SFG,-111.6,-107.1,0.5273,0.5172,0.5048,3.0,11.0
2023-06-13,TEX,LAA,-135.9,113.9,0.576,0.4676,0.5519,3.0,7.0
2023-06-14,ARI,PHI,-122.4,74.7,0.5504,0.5724,0.4902,3.0,4.0
2023-06-14,BAL,TOR,-44.9,-116.6,0.3097,0.5383,0.3652,,
2023-06-14,BOS,COL,-224.3,186.9,0.6916,0.3486,0.6649,6.0,3.0
2023-06-14,CHC,PIT,-153.3,129.7,0.6052,0.4353,0.5816,10.0,6.0
2023-06-14,DET,ATL,208.6,-252.4,0.3241,0.7163,0.3115,7.0,10.0
2023-06-14,HOU,WSN,-250.7,206.9,0.7149,0.3259,0.6869,5.0,4.0
2023-06-14,KCR,CIN,-73.6,-116.4,0.4239,0.538,0.4407,4.0,7.0
2023-06-14,LAD,CHW,-256.4,211.4,0.7194,0.3211,0.6914,4.0,8.0
2023-06-14,MIN,MIL,-158.4,133.0,0.613,0.4292,0.5882,4.0,2.0
2023-06-14,NYM,NYY,-114.6,-75.3,0.534,0.4295,0.5542,4.0,3.0
2023-06-14,ATH,TBR,231.4,-288.6,0.3017,0.7426,0.2889,3.0,6.0
2023-06-14,SDP,CLE,-163.7,138.6,0.6208,0.4192,0.5969,5.0,0.0
2023-06-14,SEA,MIA,-120.9,74.0,0.5472,0.5747,0.4877,1.0,4.0
2023-06-14,STL,SFG,-153.6,129.3,0.6056,0.4361,0.5814,5.0,8.0
2023-06-14,TEX,LAA,-140.9,117.6,0.5848,0.4596,0.5599,6.0,3.0
2023-06-15,ARI,PHI,111.3,-132.1,0.4733,0.5692,0.454,4.0,5.0
2023-06-15,ATL,COL,-261.1,212.7,0.7231,0.3198,0.6934,,
2023-06-15,BAL,TOR,-116.1,40.3,0.5373,0.7128,0.4298,4.0,2.0
2023-06-15,CHC,PIT,-152.9,129.6,0.6045,0.4356,0.5812,7.0,2.0
2023-06-15,HOU,WSN,-202.6,166.6,0.6695,0.3751,0.6409,1.0,4.0
2023-06-15,LAD,CHW,-149.3,125.1,0.5989,0.4442,0.5742,5.0,4.0
2023-06-15,MIN,DET,-211.7,174.1,0.6792,0.3648,0.6506,4.0,8.0
2023-06-15,ATH,TBR,175.1,-213.6,0.3634,0.6811,0.3479,3.0,4.0
2023-06-15,SDP,CLE,-129.1,108.1,0.5636,0.4804,0.5398,6.0,8.0
2023-06-15,TEX,LAA,-127.0,79.0,0.5595,0.5587,0.5004,3.0,5.0
2023-06-16,ARI,CLE,-179.0,122.3,0.6416,0.4499,0.5878,5.0,1.0
2023-06-16,ATL,COL,-236.0,193.9,0.7024,0.3403,0.6736,8.0,1.0
2023-06-16,BOS,NYY,-129.7,109.0,0.5647,0.4785,0.5413,15.0,5.0
2023-06-16,CHC,BAL,-99.0,79.0,0.4975,0.5587,0.471,10.0,3.0
2023-06-16,HOU,CIN,-175.7,144.0,0.6373,0.4098,0.6086,1.0,2.0
2023-06-16,KCR,LAA,129.7,-153.7,0.4353,0.6059,0.4181,0.0,3.0
2023-06-16,LAD,SFG,-131.6,111.9,0.5682,0.472,0.5462,5.0,7.0
2023-06-16,MIL,PIT,-114.9,-75.1,0.5346,0.429,0.5548,5.0,4.0
2023-06-16,MIN,DET,-240.0,196.4,0.7059,0.3373,0.6766,1.0,7.0
2023-06-16,NYM,STL,13.1,-117.7,0.8838,0.5407,0.6204,6.0,1.0
2023-06-16,ATH,PHI,119.7,-142.6,0.4551,0.5878,0.4364,1.0,6.0
2023-06-16,SDP,TBR,-114.3,-75.7,0.5333,0.4309,0.5531,,
2023-06-16,SEA,CHW,-136.7,114.1,0.5775,0.467,0.5529,3.0,2.0
2023-06-16,TEX,TOR,129.7,-155.3,0.4353,0.6083,0.4171,1.0,2.0
2023-06-16,WSN,MIA,131.7,-157.9,0.4316,0.6122,0.4135,5.0,6.0
2023-06-17,ARI,CLE,-108.9,-109.7,0.5212,0.5232,0.4991,6.0,3.0
2023-06-17,ATL,COL,-297.9,245.0,0.7487,0.2899,0.7209,10.0,2.0
2023-06-17,CHC,BAL,-140.0,116.9,0.5833,0.4611,0.5585,3.0,2.0
2023-06-17,HOU,CIN,-123.6,46.1,0.5527,0.6843,0.4468,3.0,10.0
2023-06-17,KCR,LAA,139.6,-168.4,0.4174,0.6275,0.3995,10.0,9.0
2023-06-17,LAD,SFG,-161.1,135.0,0.6171,0.4255,0.5919,0.0,15.0
2023-06-17,MIL,PIT,-46.3,-115.3,0.3164,0.5355,0.3714,5.0,0.0
2023-06-17,MIN,DET,-190.1,159.9,0.6553,0.3848,0.63,2.0,0.0
2023-06-17,NYM,STL,-156.6,132.9,0.6102,0.4294,0.5869,3.0,5.0
2023-06-17,ATH,PHI,157.4,-193.6,0.3885,0.6594,0.3707,2.0,3.0
2023-06-17,SDP,TBR,-116.9,-45.3,0.5389,0.3117,0.6335,2.0,0.0
2023-06-17,SEA,CHW,-151.3,127.0,0.602,0.4405,0.5775,3.0,4.0
2023-06-17,TEX,TOR,-423.4,21.6,0.809,0.8226,0.4958,4.0,2.0
2023-06-17,WSN,MIA,143.7,-174.6,0.4103,0.6358,0.3922,2.0,5.0
2023-06-18,ARI,CLE,-81.0,-108.7,0.4475,0.5209,0.4621,3.0,12.0
2023-06-18,ATL,COL,-301.4,238.6,0.7509,0.2954,0.7177,14.0,6.0
2023-06-18,BOS,NYY,-77.4,-112.9,0.4364,0.5302,0.4515,6.0,2.0
2023-06-18,CHC,BAL,-78.1,-115.0,0.4387,0.5349,0.4506,3.0,6.0
2023-06-18,HOU,CIN,-152.4,128.9,0.6038,0.437,0.5802,7.0,9.0
2023-06-18,KCR,LAA,-15.7,-117.6,0.1358,0.5404,0.2008,2.0,5.0
2023-06-18,LAD,SFG,-120.3,14.7,0.546,0.8717,0.3851,3.0,7.0
2023-06-18,MIL,PIT,-175.9,146.7,0.6375,0.4053,0.6113,5.0,2.0
2023-06-18,MIN,DET,-193.6,162.4,0.6594,0.3811,0.6337,4.0,6.0
2023-06-18,NYM,STL,-127.4,78.9,0.5603,0.5591,0.5005,7.0,8.0
2023-06-18,ATH,PHI,183.9,-225.7,0.3523,0.693,0.337,2.0,3.0
2023-06-18,SDP,TBR,-150.1,127.0,0.6002,0.4405,0.5767,5.0,4.0
2023-06-18,SEA,CHW,-158.7,134.4,0.6135,0.4266,0.5899,5.0,1.0
2023-06-18,TEX,TOR,-142.3,91.6,0.5873,0.522,0.5294,11.0,7.0
2023-06-18,WSN,MIA,131.4,-157.3,0.4321,0.6113,0.4141,2.0,4.0
2023-06-19,CHW,TEX,109.9,-129.0,0.4765,0.5633,0.4583,2.0,5.0
2023-06-19,CIN,COL,-165.0,139.1,0.6226,0.4182,0.5982,5.0,4.0
2023-06-19,DET,KCR,-147.0,123.7,0.5951,0.447,0.5711,6.0,4.0
2023-06-19,HOU,NYM,-121.1,16.4,0.5478,0.8589,0.3894,1.0,11.0
2023-06-19,MIA,TOR,133.4,-158.0,0.4284,0.6124,0.4116,11.0,0.0
2023-06-19,MIL,ARI,-119.9,43.9,0.5452,0.6951,0.4395,1.0,9.0
2023-06-19,MIN,BOS,-139.3,116.4,0.5821,0.462,0.5575,,
2023-06-19,PIT,CHC,107.1,-127.6,0.4828,0.5606,0.4627,0.0,8.0
2023-06-19,SFG,SDP,-43.1,-118.4,0.3014,0.5422,0.3573,7.0,4.0
2023-06-19,WSN,STL,127.0,-151.6,0.4405,0.6025,0.4224,6.0,8.0
2023-06-20,CHW,TEX,127.9,-153.7,0.4389,0.6059,0.4201,7.0,6.0
2023-06-20,CIN,COL,-193.1,161.3,0.6589,0.3827,0.6326,8.0,6.0
2023-06-20,CLE,ATH,-455.6,266.4,0.82,0.2729,0.7503,3.0,2.0
2023-06-20,DET,KCR,-139.4,117.0,0.5823,0.4608,0.5582,0.0,1.0
2023-06-20,HOU,NYM,-137.4,117.0,0.5788,0.4608,0.5567,4.0,2.0
2023-06-20,LAA,LAD,113.9,-135.3,0.4676,0.575,0.4485,0.0,2.0
2023-06-20,MIA,TOR,-86.6,11.0,0.464,0.9009,0.34,0.0,2.0
2023-06-20,MIL,ARI,-124.3,105.1,0.5541,0.4875,0.532,7.0,5.0
2023-06-20,MIN,BOS,-132.6,111.3,0.57,0.4733,0.5464,4.0,10.0
2023-06-20,NYY,SEA,-113.6,-76.4,0.5318,0.4332,0.5511,3.0,1.0
2023-06-20,PHI,ATL,127.0,-151.1,0.4405,0.6018,0.4226,2.0,4.0
2023-06-20,PIT,CHC,117.0,-140.1,0.4608,0.5836,0.4412,,
2023-06-20,SFG,SDP,-15.4,-117.6,0.1337,0.5404,0.1983,4.0,3.0
2023-06-20,TBR,BAL,-171.4,142.6,0.6316,0.4122,0.6051,6.0,8.0
2023-06-20,WSN,STL,127.3,-153.6,0.44,0.6056,0.4208,3.0,9.0
2023-06-21,CHW,TEX,-113.4,-47.6,0.5315,0.3224,0.6224,3.0,6.0
2023-06-21,CIN,COL,-207.4,173.1,0.6747,0.3661,0.6483,,
2023-06-21,CLE,ATH,-182.3,151.7,0.6457,0.3973,0.6191,7.0,6.0
2023-06-21,DET,KCR,-130.9,82.6,0.5668,0.5477,0.5086,9.0,4.0
2023-06-21,HOU,NYM,-140.0,117.3,0.5833,0.4602,0.559,10.0,8.0
2023-06-21,LAA,LAD,-147.1,124.0,0.5954,0.4464,0.5715,0.0,2.0
2023-06-21,MIA,TOR,115.6,-138.6,0.4639,0.5808,0.444,3.0,6.0
2023-06-21,MIL,ARI,128.9,-154.9,0.437,0.6076,0.4183,1.0,5.0
2023-06-21,MIN,BOS,-118.9,42.9,0.5431,0.7,0.4369,5.0,4.0
2023-06-21,NYY,SEA,131.4,-158.3,0.4321,0.6128,0.4135,4.0,2.0
2023-06-21,PIT,CHC,-73.9,-116.3,0.4248,0.5376,0.4414,3.0,8.0
2023-06-21,SFG,SDP,74.9,-123.6,0.5719,0.5527,0.5085,4.0,2.0
2023-06-21,TBR,BAL,-140.3,118.1,0.5838,0.4584,0.5602,7.0,2.0
2023-06-21,WSN,STL,134.4,-161.7,0.4266,0.6179,0.4084,3.0,0.0
2023-06-22,CLE,ATH,-174.3,142.7,0.6354,0.412,0.6066,6.0,1.0
2023-06-22,MIA,PIT,-165.9,136.1,0.6239,0.4235,0.5957,6.0,4.0
2023-06-22,MIN,BOS,-148.1,124.0,0.597,0.4464,0.5722,6.0,0.0
2023-06-22,NYY,SEA,-113.4,-77.1,0.5315,0.4355,0.5496,2.0,10.0
2023-06-22,PHI,ATL,-123.6,74.3,0.5527,0.5738,0.4907,,
2023-06-22,SFG,SDP,90.0,-142.7,0.5263,0.588,0.4723,0.0,10.0
2023-06-22,TBR,KCR,-318.6,252.9,0.7611,0.2834,0.7287,5.0,6.0
2023-06-22,WSN,ARI,127.9,-152.9,0.4389,0.6045,0.4206,3.0,5.0
2023-06-23,BAL,SEA,-109.3,-109.6,0.5222,0.5228,0.4997,,
2023-06-23,CHW,BOS,43.9,-122.6,0.6951,0.5507,0.558,1.0,3.0
2023-06-23,CIN,ATL,125.0,-151.1,0.4444,0.6018,0.4248,11.0,10.0
2023-06-23,CLE,MIL,-139.6,116.3,0.5826,0.4624,0.5575,1.0,7.0
2023-06-23,COL,LAA,130.7,-159.6,0.4334,0.6147,0.4135,7.0,4.0
2023-06-23,DET,MIN,108.7,-133.4,0.4791,0.5716,0.456,1.0,4.0
2023-06-23,LAD,HOU,-148.4,123.4,0.5975,0.4476,0.5717,3.0,2.0
2023-06-23,MIA,PIT,-213.9,175.3,0.6814,0.3633,0.6523,1.0,3.0
2023-06-23,NYY,TEX,-112.6,-79.3,0.5296,0.4422,0.5449,2.0,4.0
2023-06-23,PHI,NYM,-113.7,-77.7,0.5321,0.4373,0.5489,5.0,1.0
2023-06-23,SDP,WSN,-289.0,230.0,0.7429,0.303,0.7103,13.0,3.0
2023-06-23,SFG,ARI,-173.9,143.4,0.6348,0.4108,0.6071,8.0,5.0
2023-06-23,TBR,KCR,-250.0,197.9,0.7143,0.3357,0.6803,11.0,3.0
2023-06-23,TOR,ATH,-326.7,250.7,0.7657,0.2851,0.7286,4.0,5.0
2023-06-24,BAL,SEA,-87.0,-17.9,0.4652,0.1515,0.7543,6.0,4.0
2023-06-24,CHW,BOS,-106.0,-113.4,0.5146,0.5315,0.4919,5.0,4.0
2023-06-24,CIN,ATL,113.7,-136.1,0.4679,0.5765,0.448,6.0,7.0
2023-06-24,CLE,MIL,-119.6,43.1,0.5446,0.6986,0.438,4.0,2.0
2023-06-24,COL,LAA,131.4,-159.7,0.4321,0.615,0.4127,1.0,25.0
2023-06-24,DET,MIN,140.3,-167.3,0.4162,0.6259,0.3994,3.0,2.0
2023-06-24,LAD,HOU,-188.1,156.6,0.6529,0.3898,0.6262,8.0,7.0
2023-06-24,MIA,PIT,-173.9,143.3,0.6348,0.411,0.607,4.0,3.0
2023-06-24,NYY,TEX,91.6,-142.0,0.522,0.5868,0.4708,1.0,0.0
2023-06-24,PHI,NYM,73.9,-122.4,0.5752,0.5504,0.511,2.0,4.0
2023-06-24,SDP,WSN,-192.9,157.1,0.6585,0.3889,0.6287,0.0,2.0
2023-06-24,SFG,ARI,-161.7,-52.3,0.6179,0.3433,0.6428,7.0,6.0
2023-06-24,STL,CHC,78.4,-126.9,0.5604,0.5592,0.5006,1.0,9.0
2023-06-24,TBR,KCR,-247.9,201.7,0.7125,0.3314,0.6825,4.0,9.0
2023-06-24,TOR,ATH,-294.7,232.4,0.7467,0.3008,0.7128,7.0,3.0
2023-06-25,BAL,SEA,14.7,-120.4,0.8717,0.5463,0.6147,3.0,2.0
2023-06-25,CHW,BOS,74.4,-121.9,0.5733,0.5493,0.5107,4.0,1.0
2023-06-25,CIN,ATL,175.3,-212.9,0.3633,0.6804,0.3481,6.0,7.0
2023-06-25,CLE,MIL,-112.1,-106.9,0.5286,0.5166,0.5058,4.0,5.0
2023-06-25,COL,LAA,130.3,-157.4,0.4342,0.6115,0.4152,4.0,3.0
2023-06-25,DET,MIN,106.7,-127.4,0.4838,0.5603,0.4633,3.0,6.0
2023-06-25,LAD,HOU,-130.9,108.6,0.5668,0.4795,0.5418,5.0,6.0
2023-06-25,MIA,PIT,-166.7,139.7,0.6251,0.4172,0.5997,2.0,0.0
2023-06-25,NYY,TEX,-112.7,-79.1,0.5299,0.4418,0.5453,5.0,3.0
2023-06-25,PHI,NYM,-192.7,157.3,0.6584,0.3887,0.6288,7.0,6.0
2023-06-25,SDP,WSN,-212.4,174.6,0.6799,0.3642,0.6512,3.0,8.0
2023-06-25,SFG,ARI,-141.6,118.0,0.586,0.4587,0.5609,2.0,5.0
2023-06-25,STL,CHC,92.9,-116.3,0.5185,0.5376,0.4909,7.0,5.0
2023-06-25,TBR,KCR,-277.6,220.3,0.7351,0.3122,0.7019,3.0,1.0
2023-06-25,TOR,ATH,-295.9,233.1,0.7474,0.3002,0.7135,12.0,1.0
2023-06-26,ATL,MIN,-223.9,181.7,0.6912,0.355,0.6607,4.0,1.0
2023-06-26,BAL,CIN,-161.0,131.0,0.6169,0.4329,0.5876,,
2023-06-26,LAA,CHW,-180.7,107.9,0.6438,0.4811,0.5723,,
2023-06-26,NYM,MIL,-182.7,148.4,0.6463,0.4025,0.6162,1.0,2.0
2023-06-26,SEA,WSN,-262.1,212.1,0.7239,0.3204,0.6932,8.0,4.0
2023-06-26,TEX,DET,-203.7,164.9,0.6707,0.3776,0.6398,2.0,7.0
2023-06-27,ARI,TBR,-132.7,110.9,0.5703,0.4743,0.546,8.0,4.0
2023-06-27,ATL,MIN,-151.0,125.7,0.6016,0.443,0.5759,6.0,2.0
2023-06-27,BAL,CIN,-154.9,127.9,0.6076,0.4389,0.5806,,
2023-06-27,BOS,MIA,-134.1,82.6,0.5729,0.5477,0.5112,1.0,10.0
2023-06-27,CHC,PHI,111.9,-133.7,0.472,0.5721,0.4521,1.0,5.0
2023-06-27,COL,LAD,235.0,-297.6,0.2985,0.7485,0.2851,0.0,5.0
2023-06-27,KCR,CLE,122.6,-147.9,0.4493,0.5965,0.4296,1.0,2.0
2023-06-27,LAA,CHW,-180.7,146.4,0.6438,0.4058,0.6134,4.0,2.0
2023-06-27,NYM,MIL,-151.7,126.1,0.6027,0.4422,0.5768,7.0,2.0
2023-06-27,ATH,NYY,118.3,-143.0,0.4581,0.5885,0.4377,2.0,1.0
2023-06-27,PIT,SDP,131.9,-157.6,0.4313,0.6118,0.4135,9.0,4.0
2023-06-27,SEA,WSN,-247.1,198.0,0.7119,0.3356,0.6796,4.0,7.0
2023-06-27,STL,HOU,-105.3,-114.4,0.5129,0.5336,0.4901,4.0,2.0
2023-06-27,TEX,DET,-199.3,164.9,0.6659,0.3776,0.6382,8.0,3.0
2023-06-27,TOR,SFG,-192.7,158.6,0.6584,0.3867,0.63,0.0,3.0
2023-06-28,ARI,TBR,127.3,-152.0,0.44,0.6032,0.4218,2.0,3.0
2023-06-28,ATL,MIN,-163.0,135.6,0.6198,0.4245,0.5935,3.0,0.0
2023-06-28,BAL,CIN,-173.3,141.1,0.6341,0.4147,0.6046,,
2023-06-28,BOS,MIA,113.6,-136.4,0.4682,0.577,0.448,2.0,6.0
2023-06-28,CHC,PHI,83.4,-135.4,0.5452,0.5752,0.4866,5.0,8.0
2023-06-28,COL,LAD,-1286.7,-8.9,0.9279,0.0814,0.9194,9.0,8.0
2023-06-28,KCR,CLE,267.1,-1551.3,0.2724,0.9394,0.2248,1.0,14.0
2023-06-28,LAA,CHW,-131.4,108.9,0.5679,0.4788,0.5426,5.0,11.0
2023-06-28,NYM,MIL,-154.4,129.0,0.607,0.4367,0.5816,2.0,5.0
2023-06-28,ATH,NYY,132.0,-162.0,0.431,0.6183,0.4108,0.0,11.0
2023-06-28,PIT,SDP,133.3,-161.9,0.4287,0.6181,0.4095,7.0,1.0
2023-06-28,SEA,WSN,-280.0,222.9,0.7368,0.3097,0.704,1.0,4.0
2023-06-28,STL,HOU,-124.1,76.9,0.5539,0.5654,0.4948,7.0,10.0
2023-06-28,TEX,DET,-235.7,189.4,0.7021,0.3455,0.6702,10.0,2.0
2023-06-28,TOR,SFG,-111.4,-79.4,0.527,0.4427,0.5435,6.0,1.0
2023-06-29,ARI,TBR,-117.7,12.7,0.5407,0.8872,0.3787,1.0,6.0
2023-06-29,BOS,MIA,-119.6,-43.7,0.5446,0.3042,0.6416,0.0,2.0
2023-06-29,CHC,PHI,-14.4,-120.0,0.1261,0.5455,0.1878,1.0,3.0
2023-06-29,COL,LAD,162.3,-201.1,0.3813,0.6679,0.3634,3.0,14.0
2023-06-29,KCR,CLE,127.6,-154.3,0.4394,0.6067,0.42,4.0,3.0
2023-06-29,LAA,CHW,-134.6,113.7,0.5737,0.4679,0.5508,7.0,9.0
2023-06-29,NYM,MIL,-142.0,102.0,0.5868,0.495,0.5424,2.0,3.0
2023-06-29,ATH,NYY,152.4,-184.4,0.3962,0.6484,0.3792,4.0,10.0
2023-06-29,PIT,SDP,170.6,-205.7,0.3696,0.6729,0.3545,5.0,4.0
2023-06-29,STL,HOU,14.0,-119.9,0.8772,0.5452,0.6167,0.0,14.0
2023-06-29,TEX,DET,26.1,-1308.3,0.7928,0.929,0.4604,,
2023-06-29,TOR,SFG,-489.0,232.3,0.8302,0.3009,0.734,2.0,1.0
2023-06-30,ATL,MIA,-190.4,158.0,0.6557,0.3876,0.6285,16.0,4.0
2023-06-30,BAL,MIN,-112.9,-106.3,0.5302,0.5152,0.5072,1.0,8.0
2023-06-30,CHC,CLE,-194.3,160.3,0.6602,0.3842,0.6321,,
2023-06-30,CIN,SDP,88.0,-141.3,0.5319,0.5856,0.476,7.0,5.0
2023-06-30,COL,DET,14.3,-119.9,0.875,0.5452,0.6161,8.0,5.0
2023-06-30,KCR,LAD,194.3,-242.9,0.3398,0.7083,0.3242,3.0,9.0
2023-06-30,LAA,ARI,-161.4,132.1,0.6175,0.4308,0.5891,2.0,6.0
2023-06-30,NYM,SFG,56.7,-86.0,0.6381,0.4624,0.5798,4.0,5.0
2023-06-30,ATH,CHW,142.7,-170.4,0.412,0.6302,0.3953,7.0,4.0
2023-06-30,PHI,WSN,-192.7,158.9,0.6584,0.3863,0.6302,1.0,2.0
2023-06-30,PIT,MIL,114.4,-135.4,0.4664,0.5752,0.4477,8.0,7.0
2023-06-30,SEA,TBR,79.3,-128.3,0.5578,0.562,0.4981,4.0,15.0
2023-06-30,TEX,HOU,-177.6,146.1,0.6397,0.4063,0.6116,3.0,5.0
2023-06-30,TOR,BOS,-142.1,117.1,0.587,0.4605,0.5604,0.0,5.0
2023-07-01,ATL,MIA,-173.9,142.4,0.6348,0.4125,0.6062,7.0,0.0
2023-07-01,BAL,MIN,-143.4,92.3,0.5892,0.5201,0.5312,0.0,1.0
2023-07-01,CHC,CLE,-131.6,111.1,0.5682,0.4736,0.5454,0.0,6.0
2023-07-01,CIN,SDP,94.9,-121.9,0.5132,0.5493,0.483,5.0,12.0
2023-07-01,COL,DET,-111.6,-108.0,0.5273,0.5192,0.5039,2.0,4.0
2023-07-01,KCR,LAD,201.4,-247.1,0.3318,0.7119,0.3179,6.0,4.0
2023-07-01,LAA,ARI,-119.7,14.7,0.5449,0.8717,0.3846,1.0,3.0
2023-07-01,NYM,SFG,-146.9,123.6,0.5949,0.4473,0.5708,4.0,1.0
2023-07-01,ATH,CHW,184.6,-229.6,0.3514,0.6966,0.3353,7.0,6.0
2023-07-01,PHI,WSN,-218.6,179.4,0.6861,0.3579,0.6572,19.0,4.0
2023-07-01,PIT,MIL,122.1,-144.4,0.4502,0.5909,0.4324,8.0,11.0
2023-07-01,SEA,TBR,-81.3,-81.4,0.4484,0.4488,0.4998,8.0,3.0
2023-07-01,STL,NYY,-135.4,112.3,0.5752,0.4711,0.5498,11.0,4.0
2023-07-01,TEX,HOU,-138.0,116.9,0.5798,0.4611,0.557,5.0,2.0
2023-07-01,TOR,BOS,-162.7,135.7,0.6194,0.4242,0.5935,6.0,7.0
2023-07-02,ATL,MIA,-218.6,178.0,0.6861,0.3597,0.656,6.0,3.0
2023-07-02,BAL,MIN,-72.3,2.6,0.4196,0.9749,0.3009,2.0,1.0
2023-07-02,CHC,CLE,-80.3,-109.9,0.4453,0.5235,0.4597,6.0,8.0
2023-07-02,CIN,SDP,-351.3,195.3,0.7784,0.3387,0.6968,4.0,3.0
2023-07-02,COL,DET,-123.1,75.4,0.5519,0.57,0.4919,9.0,14.0
2023-07-02,KCR,LAD,149.6,-180.3,0.4007,0.6432,0.3838,9.0,1.0
2023-07-02,LAA,ARI,-122.9,75.1,0.5513,0.571,0.4912,5.0,2.0
2023-07-02,NYM,SFG,-135.9,84.6,0.576,0.5418,0.5153,8.0,4.0
2023-07-02,ATH,CHW,106.4,-128.3,0.4844,0.562,0.463,7.0,8.0
2023-07-02,PHI,WSN,-270.0,215.7,0.7297,0.3167,0.6973,4.0,5.0
2023-07-02,PIT,MIL,-114.3,-104.9,0.5333,0.5119,0.5103,3.0,6.0
2023-07-02,SEA,TBR,-13.1,-143.6,0.1162,0.5894,0.1646,7.0,6.0
2023-07-02,STL,NYY,-110.6,-107.9,0.5251,0.5189,0.503,5.0,1.0
2023-07-02,TEX,HOU,-140.7,89.9,0.5846,0.5267,0.526,3.0,5.0
2023-07-02,TOR,BOS,-201.7,165.9,0.6686,0.3761,0.64,4.0,5.0
2023-07-03,CLE,ATL,127.3,-153.9,0.44,0.6061,0.4206,2.0,4.0
2023-07-03,LAD,PIT,-175.1,144.6,0.6366,0.4089,0.6089,5.0,2.0
2023-07-03,MIA,STL,-139.3,88.3,0.5821,0.5311,0.5229,5.0,4.0
2023-07-03,MIL,CHC,-107.6,-113.6,0.5182,0.5318,0.4936,8.0,6.0
2023-07-03,MIN,KCR,-226.4,184.1,0.6937,0.3519,0.6634,8.0,4.0
2023-07-03,NYY,BAL,-76.1,-114.9,0.4323,0.5346,0.4471,6.0,3.0
2023-07-03,SDP,LAA,-195.0,161.9,0.661,0.3819,0.6338,10.0,3.0
2023-07-03,SFG,SEA,-134.0,111.9,0.5726,0.472,0.5482,5.0,6.0
2023-07-03,TEX,HOU,-140.4,87.6,0.5841,0.5331,0.5228,11.0,12.0
2023-07-03,WSN,CIN,46.0,-123.1,0.6849,0.5519,0.5538,2.0,3.0
2023-07-04,ARI,NYM,183.6,-412.6,0.3526,0.8049,0.3046,5.0,8.0
2023-07-04,BOS,TEX,152.3,-390.0,0.3964,0.7959,0.3324,2.0,6.0
2023-07-04,CHW,TOR,44.3,-123.3,0.6931,0.5521,0.5566,3.0,4.0
2023-07-04,CLE,ATL,115.7,-138.1,0.4636,0.5801,0.4442,6.0,5.0
2023-07-04,DET,ATH,-176.7,145.6,0.6386,0.4072,0.6106,0.0,1.0
2023-07-04,HOU,COL,-193.0,158.9,0.6587,0.3863,0.6303,4.0,1.0
2023-07-04,LAD,PIT,-263.6,213.6,0.725,0.3189,0.6945,7.0,9.0
2023-07-04,MIA,STL,-180.1,148.9,0.643,0.4018,0.6154,15.0,2.0
2023-07-04,MIL,CHC,-112.4,-77.6,0.5293,0.4368,0.5478,6.0,7.0
2023-07-04,MIN,KCR,-195.0,161.9,0.661,0.3819,0.6338,9.0,3.0
2023-07-04,NYY,BAL,-87.9,11.4,0.4677,0.8974,0.3426,8.0,4.0
2023-07-04,SDP,LAA,-839.7,211.3,0.8936,0.3212,0.7356,,
2023-07-04,SFG,SEA,-120.3,14.6,0.546,0.8728,0.3848,0.0,6.0
2023-07-04,TBR,PHI,-141.0,90.0,0.5851,0.5263,0.5264,1.0,3.0
2023-07-04,WSN,CIN,-74.1,-118.0,0.4258,0.5413,0.4403,4.0,8.0
2023-07-05,ARI,NYM,-41.3,-122.9,0.2922,0.5513,0.3464,1.0,2.0
2023-07-05,BOS,TEX,-104.6,-114.6,0.5112,0.534,0.4891,4.0,2.0
2023-07-05,CLE,ATL,148.0,-177.1,0.4032,0.6392,0.3868,1.0,8.0
2023-07-05,DET,ATH,-219.6,179.3,0.6871,0.3581,0.6574,3.0,12.0
2023-07-05,HOU,COL,-222.4,179.4,0.6899,0.3579,0.6584,6.0,4.0
2023-07-05,LAD,PIT,-260.0,208.6,0.7222,0.3241,0.6903,6.0,4.0
2023-07-05,MIA,STL,-84.0,-107.4,0.4565,0.5179,0.4685,10.0,9.0
2023-07-05,MIL,CHC,120.0,-145.7,0.4545,0.593,0.4339,3.0,4.0
2023-07-05,MIN,KCR,-278.6,222.1,0.7358,0.3104,0.7033,5.0,0.0
2023-07-05,NYY,BAL,-115.0,-56.9,0.5349,0.3625,0.5961,,
2023-07-05,SDP,LAA,-175.9,146.1,0.6375,0.4063,0.6108,5.0,3.0
2023-07-05,SFG,SEA,-168.4,140.1,0.6275,0.4164,0.6011,2.0,0.0
2023-07-05,TBR,PHI,-122.7,46.4,0.551,0.6829,0.4465,4.0,8.0
2023-07-05,WSN,CIN,-45.6,-117.3,0.3131,0.5398,0.3671,2.0,9.0
2023-07-06,ARI,NYM,-140.0,117.9,0.5833,0.459,0.5596,0.0,9.0
2023-07-06,BOS,TEX,116.1,-139.9,0.4627,0.5831,0.4424,,
2023-07-06,CHW,TOR,111.2,-136.2,0.4734,0.5767,0.4508,2.0,6.0
2023-07-06,CLE,KCR,-222.9,182.7,0.6903,0.3537,0.6612,6.0,1.0
2023-07-06,DET,ATH,-175.7,146.4,0.6373,0.4058,0.611,9.0,0.0
2023-07-06,HOU,SEA,89.7,-140.3,0.5271,0.5838,0.4745,1.0,5.0
2023-07-06,LAD,PIT,-211.9,174.7,0.6793,0.364,0.6511,5.0,2.0
2023-07-06,MIA,STL,-126.9,78.0,0.5592,0.5618,0.4988,0.0,3.0
2023-07-06,MIL,CHC,-83.1,-78.6,0.454,0.44,0.5078,6.0,5.0
2023-07-06,NYY,BAL,107.7,-129.1,0.4814,0.5636,0.4607,1.0,14.0
2023-07-06,TBR,PHI,-139.7,116.3,0.5828,0.4624,0.5576,1.0,3.0
2023-07-06,WSN,CIN,-97.0,75.6,0.4924,0.5696,0.4637,4.0,5.0
2023-07-07,ARI,PIT,-219.3,177.6,0.6868,0.3603,0.6559,7.0,3.0
2023-07-07,BOS,ATH,-230.3,186.9,0.6972,0.3486,0.6667,7.0,3.0
2023-07-07,CHW,STL,-110.7,-108.0,0.5254,0.5192,0.503,8.0,7.0
2023-07-07,CLE,KCR,-187.9,157.1,0.6526,0.3889,0.6266,3.0,0.0
2023-07-07,DET,TOR,114.6,-139.4,0.466,0.5823,0.4445,,
2023-07-07,HOU,SEA,-113.0,-77.0,0.5305,0.435,0.5494,1.0,10.0
2023-07-07,LAD,LAA,-177.6,147.1,0.6397,0.4046,0.6126,11.0,4.0
2023-07-07,MIA,PHI,115.6,-138.9,0.4639,0.5813,0.4438,3.0,4.0
2023-07-07,MIL,CIN,-126.9,105.7,0.5592,0.4861,0.535,7.0,3.0
2023-07-07,MIN,BAL,-160.7,104.3,0.6164,0.4895,0.5574,1.0,3.0
2023-07-07,NYY,CHC,-165.4,137.7,0.6233,0.4207,0.597,0.0,3.0
2023-07-07,SDP,NYM,-123.3,104.4,0.5521,0.4892,0.5302,5.0,7.0
2023-07-07,SFG,COL,-193.0,159.9,0.6587,0.3848,0.6312,2.0,5.0
2023-07-07,TBR,ATL,-11.1,-273.3,0.1003,0.7321,0.1204,1.0,2.0
2023-07-07,WSN,TEX,145.9,-176.1,0.4067,0.6379,0.3894,2.0,7.0
2023-07-08,ARI,PIT,-133.1,112.9,0.5711,0.4698,0.5487,3.0,2.0
2023-07-08,BOS,ATH,-263.1,212.1,0.7246,0.3204,0.6934,10.0,3.0
2023-07-08,CHW,STL,88.3,-140.9,0.5311,0.5848,0.4759,0.0,3.0
2023-07-08,CLE,KCR,-187.9,155.7,0.6526,0.3911,0.6253,10.0,6.0
2023-07-08,DET,TOR,184.9,-227.1,0.3511,0.6943,0.3358,2.0,0.0
2023-07-08,HOU,SEA,-142.3,118.3,0.5873,0.4581,0.5618,3.0,2.0
2023-07-08,LAD,LAA,-146.7,124.0,0.5947,0.4464,0.5712,10.0,5.0
2023-07-08,MIA,PHI,-119.7,-15.0,0.5449,0.1304,0.8068,5.0,3.0
2023-07-08,MIL,CIN,-129.9,109.0,0.5649,0.4785,0.5414,5.0,8.0
2023-07-08,MIN,BAL,-120.9,72.9,0.5472,0.5785,0.4861,2.0,6.0
2023-07-08,NYY,CHC,-207.4,167.4,0.6747,0.3739,0.6434,6.0,3.0
2023-07-08,SDP,NYM,-184.7,150.1,0.6488,0.3998,0.6187,3.0,1.0
2023-07-08,SFG,COL,-238.1,190.4,0.7043,0.3443,0.6716,5.0,3.0
2023-07-08,TBR,ATL,133.1,-158.9,0.4289,0.6137,0.4114,1.0,6.0
2023-07-08,WSN,TEX,-565.4,-10.7,0.8497,0.0968,0.8978,8.0,3.0
2023-07-09,ARI,PIT,-158.6,132.6,0.6133,0.43,0.5878,2.0,4.0
2023-07-09,BOS,ATH,-190.1,157.4,0.6553,0.3885,0.6278,4.0,3.0
2023-07-09,CHW,STL,-37.4,7.3,0.2723,0.9321,0.2261,3.0,4.0
2023-07-09,CLE,KCR,-225.0,181.9,0.6923,0.3548,0.6612,1.0,4.0
2023-07-09,DET,TOR,116.9,-143.3,0.4611,0.589,0.4391,3.0,4.0
2023-07-09,HOU,SEA,113.7,-136.7,0.4679,0.5775,0.4476,,
2023-07-09,MIA,PHI,-125.0,46.3,0.5556,0.6836,0.4483,7.0,3.0
2023-07-09,MIL,CIN,-127.6,107.3,0.5606,0.4824,0.5375,1.0,0.0
2023-07-09,MIN,BAL,-145.3,92.9,0.5923,0.5185,0.5332,2.0,15.0
2023-07-09,NYY,CHC,-74.0,28.4,0.4253,0.7786,0.3532,4.0,7.0
2023-07-09,SDP,NYM,-130.7,108.9,0.5666,0.4788,0.542,6.0,2.0
2023-07-09,SFG,COL,-271.9,215.7,0.7311,0.3167,0.6977,1.0,0.0
2023-07-09,TBR,ATL,-124.7,105.1,0.555,0.4875,0.5324,10.0,4.0
2023-07-09,WSN,TEX,174.3,-215.3,0.3646,0.6828,0.3481,7.0,2.0
2023-07-11,AL,NL,-18.3,-86.9,0.1546,0.4648,0.2496,,
2023-07-14,ATL,CHW,-268.0,217.4,0.7283,0.315,0.698,9.0,0.0
2023-07-14,BAL,MIA,-134.3,84.9,0.5732,0.541,0.5145,5.0,2.0
2023-07-14,CHC,BOS,83.1,-132.3,0.546,0.5695,0.4895,3.0,8.0
2023-07-14,CIN,MIL,-103.1,-116.0,0.5077,0.537,0.486,0.0,1.0
2023-07-14,COL,NYY,168.3,-202.1,0.3727,0.669,0.3578,7.0,2.0
2023-07-14,LAA,HOU,-145.6,93.9,0.5928,0.5158,0.5347,5.0,7.0
2023-07-14,NYM,LAD,-15.9,-118.4,0.1369,0.5422,0.2016,0.0,6.0
2023-07-14,ATH,MIN,169.1,-202.9,0.3715,0.6698,0.3568,4.0,5.0
2023-07-14,PHI,SDP,-75.6,-114.1,0.4304,0.533,0.4468,3.0,8.0
2023-07-14,PIT,SFG,110.1,-131.6,0.4759,0.5682,0.4558,4.0,6.0
2023-07-14,SEA,DET,-182.6,152.0,0.6461,0.3968,0.6195,4.0,5.0
2023-07-14,TEX,CLE,-141.0,117.3,0.5851,0.4602,0.5597,12.0,4.0
2023-07-14,TOR,ARI,-179.9,148.6,0.6427,0.4023,0.615,7.0,2.0
2023-07-15,ATL,CHW,-315.0,252.1,0.759,0.284,0.7277,5.0,6.0
2023-07-15,BAL,MIA,-119.3,14.1,0.544,0.8761,0.3831,6.0,5.0
2023-07-15,CHC,BOS,-77.9,-84.4,0.4378,0.4578,0.4888,10.0,4.0
2023-07-15,CIN,MIL,-122.3,74.7,0.5501,0.5724,0.4901,0.0,3.0
2023-07-15,COL,NYY,136.6,-161.7,0.4227,0.6179,0.4062,3.0,6.0
2023-07-15,KCR,TBR,219.3,-271.7,0.3132,0.731,0.2999,1.0,6.0
2023-07-15,LAA,HOU,126.9,-150.6,0.4408,0.6009,0.4232,13.0,12.0
2023-07-15,NYM,LAD,-89.7,11.7,0.4729,0.8951,0.3457,,
2023-07-15,ATH,MIN,190.0,-234.3,0.3448,0.7009,0.3298,7.0,10.0
2023-07-15,PHI,SDP,138.1,-163.7,0.4199,0.6208,0.4035,6.0,4.0
2023-07-15,PIT,SFG,133.9,-159.3,0.4276,0.6143,0.4104,1.0,3.0
2023-07-15,SEA,DET,-207.9,172.7,0.6752,0.3667,0.648,0.0,6.0
2023-07-15,STL,WSN,160.0,-200.0,0.3846,0.6667,0.3659,5.0,7.0
2023-07-15,TEX,CLE,-171.1,144.0,0.6312,0.4098,0.6063,2.0,0.0
2023-07-15,TOR,ARI,-120.0,43.4,0.5455,0.6972,0.4389,5.0,2.0
2023-07-16,ATL,CHW,-173.3,143.9,0.6341,0.4101,0.6073,1.0,8.0
2023-07-16,BAL,MIA,-178.7,149.6,0.6412,0.4007,0.6154,5.0,4.0
2023-07-16,CHC,BOS,-143.6,120.9,0.5894,0.4528,0.5656,5.0,11.0
2023-07-16,CIN,MIL,-141.3,118.4,0.5856,0.4578,0.5612,3.0,4.0
2023-07-16,COL,NYY,179.1,-220.3,0.3582,0.6878,0.3425,8.0,7.0
2023-07-16,KCR,TBR,181.9,-223.1,0.3548,0.6905,0.3394,8.0,4.0
2023-07-16,LAA,HOU,73.3,-121.3,0.5771,0.5481,0.5129,8.0,9.0
2023-07-16,NYM,LAD,-117.1,-74.3,0.5395,0.4262,0.5586,2.0,1.0
2023-07-16,ATH,MIN,150.9,-182.3,0.3986,0.6457,0.3817,4.0,5.0
2023-07-16,PHI,SDP,-147.0,123.3,0.5951,0.4479,0.5706,7.0,6.0
2023-07-16,PIT,SFG,124.1,-149.1,0.4461,0.5986,0.427,4.0,8.0
2023-07-16,SEA,DET,-175.9,143.9,0.6375,0.4101,0.6085,2.0,0.0
2023-07-16,STL,WSN,-185.9,151.7,0.6502,0.3973,0.6207,8.0,4.0
2023-07-16,TEX,CLE,-142.4,118.4,0.5875,0.4578,0.562,6.0,5.0
2023-07-16,TOR,ARI,-169.4,140.4,0.6288,0.4159,0.6019,7.0,5.0
2023-07-17,BAL,LAD,17.3,-349.6,0.8526,0.7776,0.523,,
2023-07-17,CHC,WSN,-40.0,-31.4,0.2857,0.2391,0.5444,5.0,7.0
2023-07-17,KCR,DET,166.7,-313.4,0.3749,0.7581,0.3309,2.0,3.0
2023-07-17,LAA,NYY,-141.9,116.7,0.5865,0.4614,0.5597,4.0,3.0
2023-07-17,ATH,BOS,256.7,-564.0,0.2803,0.8494,0.2481,0.0,7.0
2023-07-17,PIT,CLE,314.0,-1538.9,0.2415,0.939,0.2046,0.0,11.0
2023-07-17,SEA,MIN,-1555.6,463.4,0.9396,0.1775,0.8411,7.0,6.0
2023-07-17,STL,MIA,-449.3,33.4,0.8179,0.7495,0.5218,6.0,4.0
2023-07-17,TEX,TBR,18.6,-75.1,0.8434,0.429,0.6628,,
2023-07-18,ATL,ARI,-30.3,-285.6,0.2325,0.7406,0.2389,13.0,16.0
2023-07-18,BAL,LAD,113.9,-1337.6,0.4676,0.9304,0.3345,3.0,10.0
2023-07-18,CHC,WSN,-1572.6,314.3,0.9402,0.2414,0.7957,17.0,3.0
2023-07-18,CIN,SFG,151.6,-190.0,0.3975,0.6552,0.3776,,
2023-07-18,COL,HOU,74.9,-133.6,0.5719,0.5719,0.5,4.0,3.0
2023-07-18,KCR,DET,-1305.1,325.1,0.9288,0.2352,0.7979,,
2023-07-18,LAA,NYY,-1522.6,113.6,0.9384,0.4682,0.6671,5.0,1.0
2023-07-18,NYM,CHW,-284.6,185.3,0.74,0.3505,0.6786,11.0,10.0
2023-07-18,ATH,BOS,-1296.1,36.0,0.9284,0.7353,0.558,3.0,0.0
2023-07-18,PHI,MIL,-455.1,257.1,0.8199,0.28,0.7454,4.0,3.0
2023-07-18,PIT,CLE,178.3,-1524.0,0.3593,0.9384,0.2769,1.0,10.0
2023-07-18,SEA,MIN,83.1,-1335.4,0.546,0.9303,0.3698,3.0,10.0
2023-07-18,STL,MIA,-170.1,140.7,0.6298,0.4154,0.6026,5.0,2.0
2023-07-18,TEX,TBR,-545.0,248.6,0.845,0.2869,0.7465,5.0,3.0
2023-07-18,TOR,SDP,266.3,-1542.1,0.273,0.9391,0.2252,1.0,9.0
2023-07-19,ATL,ARI,-122.1,34.1,0.5498,0.7455,0.4245,3.0,5.0
2023-07-19,BAL,LAD,-1326.3,350.4,0.9299,0.222,0.8073,8.0,5.0
2023-07-19,CHC,WSN,-279.4,197.1,0.7364,0.3365,0.6864,8.0,3.0
2023-07-19,CIN,SFG,-779.9,77.9,0.8863,0.5622,0.6119,3.0,2.0
2023-07-19,COL,HOU,337.1,-1566.6,0.2288,0.94,0.1957,1.0,4.0
2023-07-19,KCR,DET,224.7,-341.7,0.308,0.7736,0.2847,2.0,3.0
2023-07-19,LAA,NYY,-1325.4,120.0,0.9298,0.4545,0.6717,7.0,3.0
2023-07-19,NYM,CHW,-1600.4,501.7,0.9412,0.1662,0.8499,5.0,1.0
2023-07-19,ATH,BOS,97.6,-150.3,0.5061,0.6005,0.4574,6.0,5.0
2023-07-19,PHI,MIL,-90.3,54.4,0.4745,0.6475,0.4229,,
2023-07-19,PIT,CLE,-1327.9,351.9,0.93,0.2213,0.8078,7.0,5.0
2023-07-19,SEA,MIN,20.9,-319.3,0.8274,0.7615,0.5207,3.0,6.0
2023-07-19,STL,MIA,-1527.0,131.6,0.9385,0.4318,0.6849,6.0,4.0
2023-07-19,TEX,TBR,-818.6,216.6,0.8911,0.3159,0.7383,5.0,1.0
2023-07-19,TOR,SDP,101.0,-1339.0,0.4975,0.9305,0.3484,0.0,2.0
2023-07-20,ATL,ARI,-892.1,304.4,0.8992,0.2473,0.7843,7.0,5.0
2023-07-20,CHC,STL,101.3,-1398.4,0.4968,0.9333,0.3474,2.0,7.0
2023-07-20,CIN,SFG,-1495.1,128.1,0.9373,0.4383,0.6814,5.0,1.0
2023-07-20,KCR,DET,324.4,-1541.9,0.2356,0.9391,0.2006,0.0,3.0
2023-07-20,NYM,CHW,88.1,-1311.9,0.5315,0.9292,0.3639,2.0,6.0
2023-07-20,ATH,HOU,407.1,-1607.9,0.1972,0.9414,0.1732,1.0,3.0
2023-07-20,PHI,MIL,131.4,-1491.3,0.4321,0.9372,0.3156,,
2023-07-20,SEA,MIN,-1536.4,312.0,0.9389,0.2427,0.7946,5.0,0.0
2023-07-20,TBR,BAL,-122.3,90.6,0.5501,0.5247,0.5118,3.0,4.0
2023-07-20,TOR,SDP,-1430.4,113.9,0.9347,0.4676,0.6665,4.0,0.0
2023-07-21,CHC,STL,-223.3,165.6,0.6907,0.3765,0.6472,4.0,3.0
2023-07-21,CIN,ARI,-525.3,87.6,0.8401,0.5331,0.6118,9.0,6.0
2023-07-21,CLE,PHI,-296.0,17.3,0.7475,0.8526,0.4671,6.0,5.0
2023-07-21,DET,SDP,249.4,-493.3,0.2862,0.8314,0.2561,4.0,5.0
2023-07-21,LAA,PIT,-1590.7,329.3,0.9409,0.2329,0.8015,8.0,5.0
2023-07-21,MIA,COL,82.1,-1261.3,0.549,0.9265,0.3721,1.0,6.0
2023-07-21,MIL,ATL,219.6,-466.0,0.3129,0.8233,0.2754,4.0,6.0
2023-07-21,MIN,CHW,-1564.4,306.0,0.9399,0.2463,0.7924,9.0,4.0
2023-07-21,NYY,KCR,-245.3,190.3,0.7104,0.3445,0.6734,5.0,4.0
2023-07-21,ATH,HOU,317.1,-631.4,0.2397,0.8633,0.2173,4.0,6.0
2023-07-21,SEA,TOR,-128.3,-39.0,0.562,0.2806,0.667,3.0,2.0
2023-07-21,TBR,BAL,-1554.0,326.3,0.9395,0.2346,0.8002,3.0,0.0
2023-07-21,TEX,LAD,6.3,-83.3,0.9409,0.4544,0.6743,,
2023-07-21,WSN,SFG,-57.1,-48.7,0.3636,0.3276,0.5261,5.0,3.0
2023-07-22,BOS,NYM,380.0,-553.3,0.2083,0.8469,0.1974,4.0,5.0
2023-07-22,CHC,STL,-368.0,44.1,0.7863,0.6938,0.5313,8.0,6.0
2023-07-22,CIN,ARI,-1402.4,164.7,0.9334,0.3778,0.7119,4.0,2.0
2023-07-22,CLE,PHI,-224.0,11.3,0.6914,0.8986,0.4348,1.0,0.0
2023-07-22,DET,SDP,273.4,-835.9,0.2678,0.8931,0.2307,3.0,14.0
2023-07-22,LAA,PIT,-121.3,71.0,0.5481,0.5848,0.4838,0.0,3.0
2023-07-22,MIA,COL,-90.0,41.3,0.4737,0.7078,0.4009,3.0,4.0
2023-07-22,MIL,ATL,-11.3,-50.4,0.1014,0.3352,0.2323,4.0,3.0
2023-07-22,MIN,CHW,-225.9,164.7,0.6931,0.3778,0.6472,3.0,2.0
2023-07-22,NYY,KCR,-403.1,277.9,0.8012,0.2647,0.7517,5.0,2.0
2023-07-22,ATH,HOU,-1286.6,109.4,0.9279,0.4775,0.6602,4.0,1.0
2023-07-22,SEA,TOR,-17.9,-44.4,0.1515,0.3076,0.33,9.0,8.0
2023-07-22,TBR,BAL,1.4,-574.7,0.9859,0.8518,0.5365,5.0,6.0
2023-07-22,TEX,LAD,293.9,-1548.9,0.2539,0.9394,0.2128,3.0,16.0
2023-07-22,WSN,SFG,-577.4,5.9,0.8524,0.9447,0.4743,10.0,1.0
2023-07-23,BOS,NYM,-1556.6,576.1,0.9396,0.1479,0.864,6.0,1.0
2023-07-23,CHC,STL,-1366.1,128.1,0.9318,0.4383,0.6801,7.0,2.0
2023-07-23,CIN,ARI,-231.6,-5.4,0.6984,0.0515,0.9313,7.0,3.0
2023-07-23,CLE,PHI,196.9,-314.3,0.3369,0.7586,0.3075,5.0,8.0
2023-07-23,DET,SDP,-43.4,-84.3,0.3028,0.4574,0.3983,3.0,1.0
2023-07-23,LAA,PIT,-531.6,201.1,0.8417,0.3321,0.7171,7.0,5.0
2023-07-23,MIA,COL,-374.6,268.6,0.7893,0.2713,0.7442,3.0,2.0
2023-07-23,MIL,ATL,355.4,-1574.4,0.2196,0.9403,0.1893,2.0,4.0
2023-07-23,MIN,CHW,-157.7,130.1,0.612,0.4345,0.5848,5.0,4.0
2023-07-23,NYY,KCR,-527.7,275.4,0.8407,0.2664,0.7594,8.0,5.0
2023-07-23,ATH,HOU,251.3,-363.6,0.2847,0.7843,0.2663,2.0,3.0
2023-07-23,SEA,TOR,-101.9,78.6,0.5046,0.56,0.474,3.0,4.0
2023-07-23,TBR,BAL,-25.6,-94.3,0.2036,0.4853,0.2956,3.0,5.0
2023-07-23,TEX,LAD,-1430.1,142.4,0.9346,0.4125,0.6938,8.0,4.0
2023-07-23,WSN,SFG,-1428.6,96.7,0.9346,0.5084,0.6477,6.0,1.0
2023-07-24,ARI,STL,-164.7,138.6,0.6222,0.4192,0.5975,6.0,10.0
2023-07-24,CLE,KCR,-213.1,174.6,0.6807,0.3642,0.6514,3.0,5.0
2023-07-24,DET,SFG,-1529.1,341.3,0.9386,0.2266,0.8055,5.0,1.0
2023-07-24,HOU,TEX,-47.3,-114.6,0.321,0.534,0.3755,10.0,9.0
2023-07-24,LAD,TOR,-121.4,102.3,0.5484,0.4944,0.5259,,
2023-07-24,MIL,CIN,-114.0,-48.3,0.5327,0.3256,0.6206,3.0,2.0
2023-07-24,MIN,SEA,-111.4,-107.0,0.527,0.5169,0.5048,4.0,3.0
2023-07-24,PHI,BAL,-124.0,104.9,0.5536,0.4881,0.5314,,
2023-07-24,SDP,PIT,-273.6,218.6,0.7323,0.3139,0.7,4.0,8.0
2023-07-24,WSN,COL,-164.7,138.9,0.6222,0.4187,0.5978,6.0,10.0
2023-07-25,ARI,STL,-111.7,-107.4,0.5277,0.5179,0.5047,3.0,1.0
2023-07-25,BOS,ATL,122.6,-145.3,0.4493,0.5923,0.4313,7.0,1.0
2023-07-25,CHW,CHC,-109.6,-82.7,0.5228,0.4527,0.5359,3.0,7.0
2023-07-25,CLE,KCR,-205.7,168.4,0.6729,0.3725,0.6437,5.0,1.0
2023-07-25,DET,LAA,-125.7,77.4,0.557,0.5636,0.497,6.0,7.0
2023-07-25,HOU,TEX,-138.1,115.1,0.5801,0.4648,0.5552,4.0,3.0
2023-07-25,LAD,TOR,-148.3,124.4,0.5972,0.4456,0.5727,8.0,7.0
2023-07-25,MIL,CIN,-65.3,-11.7,0.395,0.1049,0.7902,3.0,4.0
2023-07-25,MIN,SEA,-124.7,76.1,0.555,0.5677,0.4943,7.0,9.0
2023-07-25,NYY,NYM,-43.9,-120.1,0.3049,0.5457,0.3584,3.0,9.0
2023-07-25,PHI,BAL,-131.9,109.6,0.5687,0.4772,0.5438,4.0,3.0
2023-07-25,SDP,PIT,-280.1,220.0,0.7369,0.3125,0.7022,5.0,1.0
2023-07-25,SFG,ATH,-265.0,215.0,0.726,0.3175,0.6958,2.0,1.0
2023-07-25,TBR,MIA,-203.1,167.9,0.6701,0.3733,0.6422,,
2023-07-25,WSN,COL,-831.3,247.7,0.8926,0.2876,0.7563,6.0,5.0
2023-07-26,ARI,STL,-155.1,129.4,0.6081,0.4359,0.5825,7.0,11.0
2023-07-26,BOS,ATL,140.9,-167.6,0.4152,0.6263,0.3987,5.0,3.0
2023-07-26,CHW,CHC,42.4,-118.9,0.7021,0.5431,0.5639,,
2023-07-26,CLE,KCR,-197.1,161.9,0.6635,0.3819,0.6347,8.0,3.0
2023-07-26,HOU,TEX,-178.3,147.0,0.6407,0.4049,0.6128,,
2023-07-26,LAD,TOR,-135.7,113.9,0.5758,0.4676,0.5518,1.0,8.0
2023-07-26,MIL,CIN,-138.0,114.6,0.5798,0.466,0.5544,3.0,0.0
2023-07-26,MIN,SEA,-61.7,-9.9,0.3816,0.0897,0.8096,7.0,8.0
2023-07-26,NYY,NYM,-146.9,122.4,0.5949,0.4496,0.5696,3.0,1.0
2023-07-26,PHI,BAL,-112.9,-78.3,0.5302,0.4391,0.547,6.0,4.0
2023-07-26,SDP,PIT,-195.4,160.3,0.6615,0.3842,0.6326,2.0,3.0
2023-07-26,SFG,ATH,-235.7,193.0,0.7021,0.3413,0.6729,8.0,3.0
2023-07-26,TBR,MIA,-172.3,143.6,0.6327,0.4106,0.6065,1.0,7.0
2023-07-26,WSN,COL,-145.1,93.6,0.5921,0.5166,0.534,5.0,4.0
2023-07-27,CHW,CLE,-108.0,-82.4,0.5192,0.4518,0.5347,3.0,6.0
2023-07-27,DET,LAA,110.7,-132.1,0.4746,0.5692,0.4547,0.0,6.0
2023-07-27,NYM,WSN,-225.7,181.4,0.693,0.3553,0.661,2.0,1.0
2023-07-27,STL,CHC,-117.7,-15.7,0.5407,0.1358,0.7993,,
2023-07-28,ARI,SEA,113.0,-134.7,0.4695,0.574,0.4499,2.0,5.0
2023-07-28,ATL,MIL,-181.0,148.6,0.6441,0.4023,0.6155,10.0,7.0
2023-07-28,BAL,NYY,79.9,-128.3,0.556,0.562,0.4973,1.0,0.0
2023-07-28,CHW,CLE,83.0,-132.6,0.5464,0.57,0.4894,3.0,0.0
2023-07-28,COL,ATH,-93.0,73.3,0.4819,0.5771,0.455,5.0,8.0
2023-07-28,HOU,TBR,-105.9,-113.1,0.5142,0.5308,0.4921,3.0,4.0
2023-07-28,KCR,MIN,141.6,-170.1,0.414,0.6298,0.3966,8.0,5.0
2023-07-28,LAD,CIN,-225.0,182.6,0.6923,0.3539,0.6617,5.0,6.0
2023-07-28,MIA,DET,-165.0,135.9,0.6226,0.424,0.5949,,
2023-07-28,NYM,WSN,-195.0,160.7,0.661,0.3836,0.6328,5.0,1.0
2023-07-28,PIT,PHI,138.1,-165.9,0.4199,0.6239,0.4023,1.0,2.0
2023-07-28,SDP,TEX,-178.3,145.1,0.6407,0.4079,0.611,7.0,1.0
2023-07-28,SFG,BOS,-142.3,118.6,0.5873,0.4575,0.5621,2.0,3.0
2023-07-28,STL,CHC,-74.7,2.6,0.4276,0.9749,0.3049,2.0,3.0
2023-07-28,TOR,LAA,-205.3,167.7,0.6724,0.3735,0.6429,4.0,1.0
2023-07-29,ARI,SEA,-45.3,-117.6,0.3117,0.5404,0.3658,4.0,3.0
2023-07-29,ATL,MIL,-206.7,169.1,0.674,0.3715,0.6446,11.0,5.0
2023-07-29,BAL,NYY,-121.6,45.3,0.5487,0.6883,0.4436,3.0,8.0
2023-07-29,CHW,CLE,113.3,-134.3,0.4689,0.5732,0.4499,7.0,2.0
2023-07-29,COL,ATH,-119.9,14.6,0.5452,0.8728,0.3845,3.0,11.0
2023-07-29,HOU,TBR,-144.3,122.3,0.5906,0.4499,0.5676,17.0,4.0
2023-07-29,KCR,MIN,161.1,-192.3,0.3829,0.6579,0.3679,10.0,7.0
2023-07-29,LAD,CIN,-887.0,282.7,0.8987,0.2613,0.7747,3.0,2.0
2023-07-29,MIA,DET,-158.1,132.9,0.6126,0.4294,0.5879,0.0,5.0
2023-07-29,NYM,WSN,-180.3,150.6,0.6432,0.3991,0.6171,6.0,11.0
2023-07-29,PIT,PHI,152.4,-181.4,0.3962,0.6447,0.3806,7.0,6.0
2023-07-29,SDP,TEX,-182.6,150.9,0.6461,0.3986,0.6184,4.0,0.0
2023-07-29,SFG,BOS,12.9,-117.6,0.8861,0.5404,0.6212,3.0,2.0
2023-07-29,STL,CHC,-112.0,-78.1,0.5283,0.4387,0.5464,1.0,5.0
2023-07-29,TOR,LAA,-123.0,46.4,0.5516,0.6829,0.4468,6.0,1.0
2023-07-30,ARI,SEA,-108.9,-110.1,0.5212,0.5241,0.4986,0.0,4.0
2023-07-30,ATL,MIL,-199.3,161.9,0.6659,0.3819,0.6355,8.0,6.0
2023-07-30,BAL,NYY,-152.6,129.0,0.6041,0.4367,0.5804,9.0,3.0
2023-07-30,CHW,CLE,122.1,-145.7,0.4502,0.593,0.4315,0.0,5.0
2023-07-30,COL,ATH,-122.3,45.6,0.5501,0.6869,0.4447,2.0,0.0
2023-07-30,HOU,TBR,-97.1,77.1,0.4928,0.5645,0.4661,2.0,8.0
2023-07-30,KCR,MIN,146.4,-174.0,0.4058,0.635,0.3899,2.0,1.0
2023-07-30,LAD,CIN,-169.1,141.7,0.6285,0.4137,0.603,0.0,9.0
2023-07-30,MIA,DET,-161.3,136.3,0.6173,0.4232,0.5933,8.0,6.0
2023-07-30,NYM,WSN,-237.4,193.0,0.7036,0.3413,0.6734,5.0,2.0
2023-07-30,PIT,PHI,122.6,-145.1,0.4493,0.5921,0.4314,6.0,4.0
2023-07-30,SDP,TEX,-193.0,162.0,0.6587,0.3817,0.6331,5.0,3.0
2023-07-30,SFG,BOS,-108.0,-111.0,0.5192,0.5261,0.4967,4.0,3.0
2023-07-30,STL,CHC,-136.6,115.7,0.5773,0.4636,0.5546,3.0,0.0
2023-07-30,TOR,LAA,-188.9,158.0,0.6538,0.3876,0.6278,2.0,3.0
2023-07-31,ATL,LAA,-229.7,184.7,0.6967,0.3512,0.6648,1.0,4.0
2023-07-31,CHC,CIN,-128.7,109.3,0.5628,0.4778,0.5408,5.0,6.0
2023-07-31,COL,SDP,174.4,-211.0,0.3644,0.6785,0.3494,4.0,3.0
2023-07-31,HOU,CLE,-173.7,143.4,0.6347,0.4108,0.6071,7.0,3.0
2023-07-31,MIA,PHI,-114.1,-105.0,0.533,0.5122,0.51,2.0,4.0
2023-07-31,NYY,TBR,131.7,-156.9,0.4316,0.6107,0.4141,1.0,5.0
2023-07-31,SEA,BOS,-127.6,106.6,0.5606,0.4841,0.5366,6.0,2.0
2023-07-31,SFG,ARI,-137.9,115.7,0.5796,0.4636,0.5556,3.0,4.0
2023-07-31,TOR,BAL,-137.6,87.0,0.5791,0.5348,0.5199,2.0,4.0
2023-07-31,WSN,MIL,172.1,-212.4,0.3675,0.6799,0.3508,5.0,3.0
2023-08-01,ATL,LAA,-259.0,205.7,0.7214,0.3271,0.688,5.0,1.0
2023-08-01,CHC,CIN,-161.1,134.6,0.6171,0.4263,0.5914,20.0,9.0
2023-08-01,COL,SDP,147.1,-176.7,0.4046,0.6386,0.3879,5.0,8.0
2023-08-01,HOU,CLE,-196.6,160.4,0.6628,0.384,0.6332,2.0,0.0
2023-08-01,KCR,NYM,126.6,-153.3,0.4414,0.6052,0.4217,7.0,6.0
2023-08-01,LAD,ATH,-321.7,256.4,0.7629,0.2806,0.7311,7.0,3.0
2023-08-01,MIA,PHI,-132.1,111.1,0.5692,0.4736,0.5458,1.0,3.0
2023-08-01,NYY,TBR,-74.0,-118.0,0.4253,0.5413,0.44,2.0,5.0
2023-08-01,PIT,DET,-124.6,75.6,0.5547,0.5696,0.4934,4.0,1.0
2023-08-01,SEA,BOS,-114.4,-78.1,0.5336,0.4387,0.5488,,
2023-08-01,SFG,ARI,-76.9,-115.1,0.4346,0.5352,0.4481,4.0,3.0
2023-08-01,STL,MIN,80.1,-129.4,0.5551,0.5641,0.496,2.0,3.0
2023-08-01,TEX,CHW,-193.1,159.7,0.6589,0.385,0.6312,2.0,0.0
2023-08-01,TOR,BAL,-115.6,-75.4,0.5361,0.43,0.5549,3.0,13.0
2023-08-01,WSN,MIL,136.7,-164.1,0.4225,0.6214,0.4047,4.0,6.0
2023-08-02,ATL,LAA,-176.0,145.7,0.6377,0.407,0.6104,,
2023-08-02,CHC,CIN,-164.1,136.1,0.6214,0.4235,0.5947,16.0,6.0
2023-08-02,COL,SDP,163.0,-195.1,0.3802,0.6612,0.3651,1.0,11.0
2023-08-02,HOU,CLE,-133.4,82.1,0.5716,0.549,0.5101,3.0,2.0
2023-08-02,KCR,NYM,137.4,-168.3,0.4212,0.6273,0.4017,4.0,0.0
2023-08-02,LAD,ATH,-289.4,232.9,0.7432,0.3004,0.7121,,
2023-08-02,MIA,PHI,-234.0,-9.9,0.7006,0.0897,0.8865,9.0,8.0
2023-08-02,NYY,TBR,-119.3,71.6,0.544,0.5828,0.4828,7.0,2.0
2023-08-02,PIT,DET,106.3,-127.1,0.4848,0.5597,0.4641,3.0,6.0
2023-08-02,SEA,BOS,-126.9,106.0,0.5592,0.4854,0.5353,6.0,3.0
2023-08-02,SFG,ARI,-179.6,148.3,0.6423,0.4028,0.6146,4.0,2.0
2023-08-02,STL,MIN,107.0,-127.1,0.4831,0.5597,0.4632,7.0,3.0
2023-08-02,TEX,CHW,-161.9,135.0,0.6181,0.4255,0.5923,11.0,1.0
2023-08-02,TOR,BAL,-135.4,113.4,0.5752,0.4685,0.5511,4.0,1.0
2023-08-02,WSN,MIL,109.6,-131.0,0.4772,0.5671,0.4569,3.0,2.0
2023-08-03,CHC,CIN,-159.7,132.6,0.615,0.43,0.5885,5.0,3.0
2023-08-03,KCR,NYM,-88.6,-75.6,0.4697,0.4304,0.5218,9.0,2.0
2023-08-03,LAA,SEA,-165.3,138.1,0.623,0.4199,0.5974,,
2023-08-03,LAD,ATH,-287.1,228.9,0.7417,0.3041,0.7092,8.0,2.0
2023-08-03,MIA,PHI,104.9,-124.9,0.4881,0.5553,0.4678,2.0,4.0
2023-08-03,MIL,PIT,-130.3,108.0,0.5658,0.4808,0.5406,14.0,1.0
2023-08-03,NYY,HOU,-82.1,-81.6,0.451,0.4493,0.501,4.0,3.0
2023-08-03,SFG,ARI,-136.3,114.9,0.5768,0.4654,0.5534,1.0,0.0
2023-08-03,STL,MIN,84.9,-107.0,0.541,0.5169,0.5114,3.0,5.0
2023-08-03,TEX,CHW,-312.9,245.3,0.7578,0.2896,0.7235,5.0,3.0
2023-08-03,TOR,BAL,-170.3,141.7,0.63,0.4137,0.6036,1.0,6.0
2023-08-04,BAL,NYM,-147.3,124.0,0.5956,0.4464,0.5716,,
2023-08-04,BOS,TOR,-164.9,137.7,0.6224,0.4207,0.5967,3.0,7.0
2023-08-04,CHC,ATL,153.9,-186.7,0.3939,0.6512,0.3769,0.0,8.0
2023-08-04,CIN,WSN,-186.4,153.7,0.6509,0.3941,0.6228,3.0,6.0
2023-08-04,CLE,CHW,-167.7,136.7,0.6265,0.4225,0.5973,4.0,2.0
2023-08-04,DET,TBR,120.6,-145.0,0.4534,0.5918,0.4338,0.0,8.0
2023-08-04,LAA,SEA,-78.9,-84.0,0.4409,0.4565,0.4913,7.0,9.0
2023-08-04,MIL,PIT,-176.6,146.3,0.6384,0.406,0.6113,4.0,8.0
2023-08-04,MIN,ARI,-122.4,16.7,0.5504,0.8568,0.3911,3.0,2.0
2023-08-04,NYY,HOU,144.9,-174.7,0.4084,0.636,0.391,3.0,7.0
2023-08-04,PHI,KCR,-262.1,208.6,0.7239,0.3241,0.6908,5.0,7.0
2023-08-04,SDP,LAD,-130.6,109.3,0.5663,0.4778,0.5424,5.0,10.0
2023-08-04,STL,COL,-192.4,158.4,0.658,0.387,0.6297,4.0,9.0
2023-08-04,TEX,MIA,-137.9,115.7,0.5796,0.4636,0.5556,6.0,2.0
2023-08-05,BAL,NYM,-173.0,144.0,0.6337,0.4098,0.6073,7.0,3.0
2023-08-05,BOS,TOR,-111.1,-79.1,0.5264,0.4418,0.5437,4.0,5.0
2023-08-05,CHC,ATL,127.9,-153.6,0.4389,0.6056,0.4202,8.0,6.0
2023-08-05,CIN,WSN,-234.0,189.7,0.7006,0.3452,0.6699,3.0,7.0
2023-08-05,CLE,CHW,-145.6,121.3,0.5928,0.4519,0.5674,4.0,7.0
2023-08-05,DET,TBR,-180.4,-20.0,0.6434,0.1667,0.7943,4.0,2.0
2023-08-05,LAA,SEA,80.6,-101.4,0.5538,0.5035,0.5238,2.0,3.0
2023-08-05,MIL,PIT,-270.7,212.0,0.7303,0.3205,0.695,3.0,2.0
2023-08-05,MIN,ARI,-164.1,136.6,0.6214,0.4227,0.5952,12.0,1.0
2023-08-05,NYY,HOU,117.9,-141.9,0.459,0.5865,0.439,3.0,1.0
2023-08-05,ATH,SFG,149.1,-180.0,0.4014,0.6429,0.3844,2.0,1.0
2023-08-05,PHI,KCR,-233.1,187.0,0.6998,0.3484,0.6676,9.0,6.0
2023-08-05,SDP,LAD,-161.4,135.0,0.6175,0.4255,0.592,8.0,3.0
2023-08-05,STL,COL,-248.6,196.4,0.7131,0.3373,0.6789,6.0,2.0
2023-08-05,TEX,MIA,-156.7,131.9,0.6105,0.4313,0.586,9.0,8.0
2023-08-06,BAL,NYM,-191.9,158.9,0.6574,0.3863,0.6299,2.0,0.0
2023-08-06,BOS,TOR,-120.6,-70.6,0.5466,0.4137,0.5692,1.0,13.0
2023-08-06,CHC,ATL,106.7,-126.9,0.4838,0.5592,0.4638,6.0,4.0
2023-08-06,CIN,WSN,-173.9,145.0,0.6348,0.4082,0.6087,3.0,6.0
2023-08-06,CLE,CHW,-147.7,123.3,0.5963,0.4479,0.5711,3.0,5.0
2023-08-06,DET,TBR,140.6,-171.9,0.4157,0.6322,0.3967,6.0,10.0
2023-08-06,LAA,SEA,-121.1,73.3,0.5478,0.5771,0.487,2.0,3.0
2023-08-06,MIL,PIT,-213.3,173.1,0.6808,0.3661,0.6503,1.0,4.0
2023-08-06,MIN,ARI,126.4,-152.1,0.4416,0.6034,0.4226,5.0,3.0
2023-08-06,NYY,HOU,-124.9,76.9,0.5553,0.5654,0.4955,7.0,9.0
2023-08-06,ATH,SFG,174.6,-210.1,0.3642,0.6776,0.3496,8.0,6.0
2023-08-06,PHI,KCR,-218.3,176.7,0.6858,0.3614,0.6549,8.0,4.0
2023-08-06,SDP,LAD,-77.3,-112.9,0.4359,0.5302,0.4512,2.0,8.0
2023-08-06,STL,COL,-208.7,173.1,0.6761,0.3661,0.6487,0.0,1.0
2023-08-06,TEX,MIA,-116.3,-74.6,0.5376,0.4272,0.5573,6.0,0.0
2023-08-07,BOS,KCR,-208.1,169.6,0.6755,0.371,0.6455,,
2023-08-07,CHW,NYY,134.7,-162.3,0.426,0.6187,0.4078,5.0,1.0
2023-08-07,CIN,MIA,114.0,-139.0,0.4673,0.5816,0.4455,5.0,2.0
2023-08-07,CLE,TOR,76.7,-124.7,0.5659,0.555,0.5049,1.0,3.0
2023-08-07,DET,MIN,141.1,-170.6,0.4147,0.6304,0.3968,3.0,9.0
2023-08-07,LAA,SFG,42.6,-119.0,0.7014,0.5434,0.5635,3.0,8.0
2023-08-07,MIL,COL,-258.6,206.4,0.7211,0.3263,0.6884,12.0,1.0
2023-08-07,NYM,CHC,-117.6,-45.3,0.5404,0.3117,0.6342,,
2023-08-07,ATH,TEX,187.0,-234.7,0.3484,0.7012,0.3319,3.0,5.0
2023-08-07,PIT,ATL,247.1,-318.1,0.2881,0.7608,0.2746,7.0,6.0
2023-08-07,SDP,LAD,-107.7,85.3,0.5186,0.5397,0.49,7.0,13.0
2023-08-08,ARI,LAD,132.9,-158.6,0.4294,0.6133,0.4119,4.0,5.0
2023-08-08,BAL,HOU,106.9,-127.9,0.4834,0.5611,0.4628,6.0,7.0
2023-08-08,BOS,KCR,-192.3,156.0,0.6579,0.3906,0.6274,3.0,9.0
2023-08-08,CHW,NYY,132.4,-159.1,0.4302,0.6141,0.412,1.0,7.0
2023-08-08,CIN,MIA,214.1,-486.3,0.3183,0.8294,0.2773,2.0,3.0
2023-08-08,CLE,TOR,76.1,-124.1,0.5677,0.5539,0.5062,1.0,0.0
2023-08-08,DET,MIN,-75.0,-115.9,0.4286,0.5367,0.444,6.0,0.0
2023-08-08,LAA,SFG,-81.0,-109.1,0.4475,0.5219,0.4617,7.0,5.0
2023-08-08,MIL,COL,-212.9,173.0,0.6804,0.3663,0.65,3.0,7.0
2023-08-08,NYM,CHC,86.0,-137.4,0.5376,0.5788,0.4816,2.0,3.0
2023-08-08,ATH,TEX,205.7,-256.9,0.3271,0.7198,0.3125,,
2023-08-08,PHI,WSN,-278.4,217.1,0.7357,0.3153,0.7,8.0,4.0
2023-08-08,PIT,ATL,90.6,-119.3,0.5247,0.544,0.491,6.0,8.0
2023-08-08,SEA,SDP,-117.0,-73.4,0.5392,0.4234,0.5601,,
2023-08-08,TBR,STL,-170.0,140.7,0.6296,0.4154,0.6025,4.0,2.0
2023-08-09,ARI,LAD,116.9,-139.4,0.4611,0.5823,0.4419,0.0,2.0
2023-08-09,BAL,HOU,-137.3,86.3,0.5786,0.5368,0.5187,2.0,8.0
2023-08-09,BOS,KCR,-237.9,193.6,0.704,0.3406,0.6739,,
2023-08-09,CHW,NYY,78.4,-126.3,0.5604,0.5581,0.5011,9.0,2.0
2023-08-09,CIN,MIA,-94.4,74.9,0.4857,0.5719,0.4592,4.0,5.0
2023-08-09,CLE,TOR,248.6,-623.7,0.2869,0.8618,0.2497,0.0,1.0
2023-08-09,DET,MIN,131.0,-159.0,0.4329,0.6139,0.4135,9.0,5.0
2023-08-09,LAA,SFG,-137.6,87.1,0.5791,0.5344,0.5201,4.0,1.0
2023-08-09,MIL,COL,-227.1,183.9,0.6943,0.3523,0.6634,7.0,6.0
2023-08-09,NYM,CHC,-47.0,-114.9,0.3197,0.5346,0.3743,4.0,3.0
2023-08-09,ATH,TEX,216.0,-266.4,0.3165,0.7271,0.3032,2.0,0.0
2023-08-09,PHI,WSN,-188.3,155.0,0.6531,0.3922,0.6248,7.0,0.0
2023-08-09,PIT,ATL,273.6,-393.9,0.2677,0.7975,0.2513,5.0,6.0
2023-08-09,SEA,SDP,127.9,-153.3,0.4389,0.6052,0.4204,6.0,1.0
2023-08-09,TBR,STL,-168.1,140.1,0.6271,0.4164,0.6009,4.0,6.0
2023-08-10,BAL,HOU,43.1,-119.7,0.6986,0.5449,0.5618,5.0,4.0
2023-08-10,BOS,KCR,-237.1,192.9,0.7034,0.3415,0.6732,2.0,0.0
2023-08-10,CLE,TOR,119.9,-142.3,0.4548,0.5873,0.4365,4.0,3.0
2023-08-10,DET,MIN,138.1,-165.4,0.4199,0.6233,0.4025,3.0,0.0
2023-08-10,LAD,COL,-389.1,302.1,0.7956,0.2487,0.7619,2.0,1.0
2023-08-10,PHI,WSN,-254.0,206.4,0.7175,0.3263,0.6874,6.0,2.0
2023-08-10,PIT,ATL,164.3,-197.9,0.3784,0.6643,0.3629,,
2023-08-10,TBR,STL,-196.4,162.6,0.6627,0.3808,0.635,2.0,5.0
2023-08-11,ARI,SDP,140.0,-169.4,0.4167,0.6288,0.3985,5.0,10.0
2023-08-11,BOS,DET,-141.3,119.1,0.5856,0.4563,0.562,5.0,2.0
2023-08-11,CHW,MIL,148.1,-179.3,0.403,0.6419,0.3857,6.0,7.0
2023-08-11,HOU,LAA,-177.4,147.1,0.6395,0.4046,0.6125,11.0,3.0
2023-08-11,KCR,STL,75.7,-124.1,0.5691,0.5539,0.5068,12.0,8.0
2023-08-11,LAD,COL,-315.3,246.4,0.7592,0.2887,0.7245,6.0,1.0
2023-08-11,MIA,NYY,-141.7,119.4,0.5863,0.4557,0.5626,4.0,9.0
2023-08-11,NYM,ATL,155.0,-190.3,0.3922,0.6555,0.3743,0.0,7.0
2023-08-11,PHI,MIN,-148.4,124.1,0.5975,0.4461,0.5725,13.0,2.0
2023-08-11,PIT,CIN,-83.3,-107.4,0.4544,0.5179,0.4673,,
2023-08-11,SEA,BAL,-148.4,123.0,0.5975,0.4484,0.5712,9.0,2.0
2023-08-11,SFG,TEX,-108.0,-110.7,0.5192,0.5254,0.497,1.0,2.0
2023-08-11,TBR,CLE,-205.0,168.3,0.6721,0.3727,0.6433,9.0,8.0
2023-08-11,TOR,CHC,-148.7,124.6,0.5979,0.4453,0.5732,2.0,6.0
2023-08-11,WSN,ATH,-87.4,11.1,0.4665,0.8997,0.3414,8.0,2.0
2023-08-12,ARI,SDP,-141.6,119.1,0.586,0.4563,0.5622,3.0,0.0
2023-08-12,BOS,DET,-200.9,166.9,0.6676,0.3747,0.6405,2.0,6.0
2023-08-12,CHW,MIL,146.7,-176.1,0.4053,0.6379,0.3885,2.0,3.0
2023-08-12,HOU,LAA,-170.7,142.4,0.6306,0.4125,0.6046,11.0,3.0
2023-08-12,KCR,STL,162.0,-227.6,0.3817,0.6947,0.3546,4.0,5.0
2023-08-12,LAD,COL,-297.6,239.6,0.7485,0.2945,0.7176,4.0,1.0
2023-08-12,MIA,NYY,-147.9,95.6,0.5965,0.5113,0.5385,3.0,1.0
2023-08-12,NYM,ATL,184.0,-223.3,0.3521,0.6907,0.3377,3.0,21.0
2023-08-12,PHI,MIN,71.1,-118.7,0.5843,0.5428,0.5184,1.0,8.0
2023-08-12,SEA,BAL,-47.9,-95.6,0.3237,0.4887,0.3984,0.0,1.0
2023-08-12,SFG,TEX,-113.3,-77.3,0.5311,0.4359,0.5492,3.0,9.0
2023-08-12,TBR,CLE,-165.1,138.1,0.6228,0.4199,0.5973,6.0,5.0
2023-08-12,TOR,CHC,45.1,-804.7,0.689,0.8895,0.4365,4.0,5.0
2023-08-12,WSN,ATH,-137.6,85.9,0.5791,0.538,0.5184,3.0,2.0
2023-08-13,ARI,SDP,122.6,-147.1,0.4493,0.5954,0.4301,5.0,4.0
2023-08-13,BOS,DET,-138.1,115.0,0.5801,0.4651,0.555,6.0,3.0
2023-08-13,CHW,MIL,94.3,-149.0,0.5147,0.5984,0.4624,3.0,7.0
2023-08-13,HOU,LAA,-146.0,121.4,0.5935,0.4516,0.5679,1.0,2.0
2023-08-13,LAD,COL,-362.1,273.9,0.7836,0.2675,0.7455,8.0,3.0
2023-08-13,MIA,NYY,-9.3,-59.0,0.085,0.3711,0.1863,8.0,7.0
2023-08-13,NYM,ATL,-1363.3,64.4,0.9317,0.6082,0.605,7.0,6.0
2023-08-13,PHI,MIN,-122.6,16.4,0.5507,0.8589,0.3907,0.0,3.0
2023-08-13,PIT,CIN,-125.7,104.9,0.557,0.4881,0.5329,4.0,2.0
2023-08-13,SEA,BAL,-84.9,-77.7,0.459,0.4373,0.5121,3.0,5.0
2023-08-13,SFG,TEX,-130.6,109.4,0.5663,0.4775,0.5425,3.0,2.0
2023-08-13,TBR,CLE,-183.3,149.3,0.647,0.4011,0.6173,2.0,9.0
2023-08-13,TOR,CHC,-118.6,-14.7,0.5425,0.1283,0.8088,11.0,4.0
2023-08-13,WSN,ATH,-146.9,120.0,0.5949,0.4545,0.5669,8.0,7.0
2023-08-14,ATL,NYY,-204.1,165.9,0.6712,0.3761,0.6409,11.0,3.0
2023-08-14,COL,ARI,184.4,-229.7,0.3516,0.6967,0.3354,,
2023-08-14,KCR,SEA,122.6,-146.7,0.4493,0.5947,0.4304,7.0,6.0
2023-08-14,MIA,HOU,118.0,-140.1,0.4587,0.5836,0.4401,5.0,1.0
2023-08-14,NYM,PIT,-133.3,83.4,0.5713,0.5452,0.5117,7.0,2.0
2023-08-14,SDP,BAL,-142.1,119.7,0.587,0.4551,0.5633,1.0,4.0
2023-08-14,SFG,TBR,114.6,-136.0,0.466,0.5763,0.4471,2.0,10.0
2023-08-14,STL,ATH,-232.9,190.6,0.6996,0.3441,0.6703,7.0,5.0
2023-08-14,TEX,LAA,-190.3,157.3,0.6555,0.3887,0.6278,12.0,0.0
2023-08-15,ATL,NYY,-218.3,177.3,0.6858,0.3606,0.6554,5.0,0.0
2023-08-15,CHC,CHW,-181.3,149.1,0.6445,0.4014,0.6162,3.0,5.0
2023-08-15,CIN,CLE,-86.3,-46.7,0.4632,0.3184,0.5926,0.0,3.0
2023-08-15,COL,ARI,129.3,-154.1,0.4361,0.6065,0.4183,5.0,8.0
2023-08-15,KCR,SEA,122.1,-147.1,0.4502,0.5954,0.4306,8.0,10.0
2023-08-15,LAD,MIL,-224.7,180.9,0.692,0.3561,0.6603,6.0,2.0
2023-08-15,MIA,HOU,108.1,-128.6,0.4804,0.5625,0.4607,,
2023-08-15,MIN,DET,-194.6,159.1,0.6605,0.3859,0.6312,5.0,3.0
2023-08-15,NYM,PIT,-145.4,122.1,0.5925,0.4502,0.5683,4.0,7.0
2023-08-15,SDP,BAL,-117.7,-74.1,0.5407,0.4258,0.5595,10.0,3.0
2023-08-15,SFG,TBR,-110.6,-108.0,0.5251,0.5192,0.5028,7.0,0.0
2023-08-15,STL,ATH,-230.7,185.1,0.6976,0.3507,0.6655,6.0,2.0
2023-08-15,TEX,LAA,-198.3,161.0,0.6648,0.3831,0.6344,7.0,3.0
2023-08-15,TOR,PHI,-43.4,-120.3,0.3028,0.546,0.3567,2.0,1.0
2023-08-15,WSN,BOS,146.4,-179.3,0.4058,0.6419,0.3873,4.0,5.0
2023-08-16,ATL,NYY,-209.0,168.7,0.6764,0.3721,0.6451,2.0,0.0
2023-08-16,CHC,CHW,-169.0,140.4,0.6283,0.4159,0.6017,4.0,3.0
2023-08-16,CIN,CLE,-172.4,142.6,0.6329,0.4122,0.6056,7.0,2.0
2023-08-16,COL,ARI,114.3,-138.1,0.4667,0.5801,0.4458,7.0,9.0
2023-08-16,KCR,SEA,166.6,-206.7,0.3751,0.674,0.3576,5.0,6.0
2023-08-16,LAD,MIL,-240.7,192.4,0.7065,0.342,0.6738,,
2023-08-16,MIA,HOU,-107.9,-111.0,0.5189,0.5261,0.4966,5.0,12.0
2023-08-16,MIN,DET,-181.1,147.9,0.6443,0.4035,0.6149,7.0,8.0
2023-08-16,NYM,PIT,-119.9,14.9,0.5452,0.8706,0.3851,8.0,3.0
2023-08-16,SDP,BAL,-194.1,157.4,0.66,0.3885,0.6295,5.0,2.0
2023-08-16,SFG,TBR,-116.1,-45.9,0.5373,0.3144,0.6309,1.0,6.0
2023-08-16,STL,ATH,-178.3,146.0,0.6407,0.4065,0.6118,0.0,8.0
2023-08-16,TEX,LAA,-176.4,146.0,0.6382,0.4065,0.6109,0.0,2.0
2023-08-16,TOR,PHI,-144.6,119.6,0.5911,0.4554,0.5648,4.0,9.0
2023-08-16,WSN,BOS,130.7,-161.1,0.4334,0.6171,0.4126,6.0,2.0
2023-08-17,KCR,SEA,187.1,-230.4,0.3483,0.6974,0.3331,4.0,6.0
2023-08-17,LAD,MIL,-156.0,130.0,0.6094,0.4348,0.5836,1.0,0.0
2023-08-17,SDP,ARI,-120.9,73.0,0.5472,0.578,0.4863,1.0,3.0
2023-08-17,STL,NYM,13.0,-118.0,0.885,0.5413,0.6205,2.0,4.0
2023-08-17,WSN,BOS,159.9,-196.1,0.3848,0.6623,0.3675,,
2023-08-18,ATL,SFG,-245.3,196.7,0.7104,0.337,0.6782,4.0,0.0
2023-08-18,CHC,KCR,-180.6,149.1,0.6436,0.4014,0.6159,3.0,4.0
2023-08-18,CIN,TOR,121.9,-145.0,0.4507,0.5918,0.4323,1.0,0.0
2023-08-18,CLE,DET,-131.6,80.9,0.5682,0.5529,0.5068,2.0,4.0
2023-08-18,COL,CHW,-92.9,73.4,0.4815,0.5766,0.455,14.0,1.0
2023-08-18,HOU,SEA,-144.4,121.3,0.5909,0.4519,0.5666,0.0,2.0
2023-08-18,LAA,TBR,-112.6,-77.4,0.5296,0.4364,0.5482,6.0,9.0
2023-08-18,LAD,MIA,-145.3,121.0,0.5923,0.4525,0.5669,3.0,11.0
2023-08-18,MIN,PIT,-223.1,182.3,0.6905,0.3543,0.6609,5.0,1.0
2023-08-18,NYY,BOS,77.0,-124.7,0.565,0.555,0.5045,3.0,8.0
2023-08-18,ATH,BAL,172.7,-209.7,0.3667,0.6771,0.3513,4.0,9.0
2023-08-18,SDP,ARI,-168.0,138.9,0.6269,0.4187,0.5996,4.0,0.0
2023-08-18,STL,NYM,-151.1,126.4,0.6018,0.4416,0.5768,1.0,7.0
2023-08-18,TEX,MIL,-128.0,107.1,0.5614,0.4828,0.5377,8.0,9.0
2023-08-18,WSN,PHI,144.0,-176.3,0.4098,0.6381,0.3911,8.0,7.0
2023-08-19,ATL,SFG,-119.4,14.3,0.5443,0.875,0.3835,6.0,5.0
2023-08-19,CHC,KCR,-223.6,180.9,0.6909,0.3561,0.6599,6.0,4.0
2023-08-19,CIN,TOR,119.9,-144.0,0.4548,0.5902,0.4353,3.0,4.0
2023-08-19,CLE,DET,-164.7,108.4,0.6222,0.4798,0.5646,3.0,4.0
2023-08-19,COL,CHW,-47.4,-114.9,0.3217,0.5346,0.3757,11.0,5.0
2023-08-19,HOU,SEA,-149.4,125.0,0.5991,0.4444,0.5741,3.0,10.0
2023-08-19,LAA,TBR,124.9,-148.9,0.4447,0.5982,0.4264,7.0,6.0
2023-08-19,LAD,MIA,-162.4,136.1,0.6189,0.4235,0.5938,3.0,1.0
2023-08-19,MIN,PIT,-174.6,145.0,0.6358,0.4082,0.609,4.0,7.0
2023-08-19,NYY,BOS,-159.1,134.0,0.6141,0.4274,0.5897,1.0,8.0
2023-08-19,ATH,BAL,147.3,-179.4,0.4044,0.6421,0.3864,2.0,7.0
2023-08-19,SDP,ARI,-117.9,13.7,0.541,0.8794,0.3809,4.0,6.0
2023-08-19,STL,NYM,-106.9,-112.0,0.5166,0.5283,0.4944,2.0,13.0
2023-08-19,TEX,MIL,-128.4,108.6,0.5622,0.4795,0.5397,1.0,6.0
2023-08-19,WSN,PHI,131.7,-159.3,0.4316,0.6143,0.4126,3.0,12.0
2023-08-20,ATL,SFG,-234.0,191.1,0.7006,0.3435,0.671,3.0,4.0
2023-08-20,CHC,KCR,-219.6,180.9,0.6871,0.3561,0.6587,4.0,3.0
2023-08-20,CIN,TOR,-77.3,-113.6,0.4359,0.5318,0.4505,3.0,10.0
2023-08-20,CLE,DET,-105.0,-114.1,0.5122,0.533,0.49,1.0,4.0
2023-08-20,COL,CHW,120.9,-144.9,0.4528,0.5916,0.4335,5.0,10.0
2023-08-20,HOU,SEA,-189.0,157.0,0.654,0.3891,0.627,6.0,7.0
2023-08-20,MIN,PIT,-134.3,113.4,0.5732,0.4685,0.5502,2.0,0.0
2023-08-20,NYY,BOS,-112.9,-106.4,0.5302,0.5156,0.507,5.0,6.0
2023-08-20,ATH,BAL,159.7,-193.3,0.385,0.659,0.3688,1.0,12.0
2023-08-20,STL,NYM,-129.7,109.6,0.5647,0.4772,0.542,7.0,3.0
2023-08-20,TEX,MIL,-212.4,176.0,0.6799,0.3623,0.6524,2.0,6.0
2023-08-20,WSN,PHI,187.4,-228.6,0.3479,0.6957,0.3334,4.0,3.0
2023-08-21,ARI,TEX,132.9,-159.4,0.4294,0.6145,0.4114,4.0,3.0
2023-08-21,ATL,NYM,-223.4,182.4,0.6908,0.3541,0.6611,4.0,10.0
2023-08-21,CHW,SEA,162.0,-196.3,0.3817,0.6625,0.3655,2.0,14.0
2023-08-21,DET,CHC,145.1,-462.7,0.4079,0.8223,0.3316,,
2023-08-21,HOU,BOS,-122.7,74.4,0.551,0.5733,0.4901,9.0,4.0
2023-08-21,ATH,KCR,-124.7,76.1,0.555,0.5677,0.4943,6.0,4.0
2023-08-21,PHI,SFG,-145.1,121.7,0.5921,0.451,0.5676,10.0,4.0
2023-08-21,PIT,STL,15.4,-122.6,0.8663,0.5507,0.6114,11.0,1.0
2023-08-21,SDP,MIA,-198.9,163.6,0.6654,0.3794,0.6369,6.0,2.0
2023-08-22,ARI,TEX,-121.0,43.9,0.5475,0.6951,0.4406,6.0,3.0
2023-08-22,ATL,NYM,-215.0,173.6,0.6825,0.3655,0.6512,3.0,2.0
2023-08-22,BAL,TOR,-110.9,-107.7,0.5257,0.5186,0.5034,3.0,6.0
2023-08-22,CHW,SEA,120.6,-146.0,0.4534,0.5935,0.4331,3.0,6.0
2023-08-22,CLE,LAD,161.4,-197.4,0.3825,0.6638,0.3656,8.0,3.0
2023-08-22,DET,CHC,45.6,-122.6,0.6869,0.5507,0.555,8.0,6.0
2023-08-22,HOU,BOS,-129.4,80.0,0.5641,0.5556,0.5038,7.0,3.0
2023-08-22,LAA,CIN,-160.1,131.6,0.6156,0.4318,0.5877,3.0,4.0
2023-08-22,MIL,MIN,-107.1,-111.9,0.5172,0.528,0.4949,7.0,3.0
2023-08-22,NYY,WSN,-71.1,-71.9,0.4157,0.4181,0.4985,1.0,2.0
2023-08-22,ATH,KCR,-16.1,-118.0,0.139,0.5413,0.2043,5.0,4.0
2023-08-22,PHI,SFG,-132.0,110.0,0.569,0.4762,0.5444,4.0,3.0
2023-08-22,PIT,STL,-136.1,112.3,0.5765,0.4711,0.5503,6.0,3.0
2023-08-22,SDP,MIA,-168.9,138.9,0.6281,0.4187,0.6,0.0,3.0
2023-08-22,TBR,COL,-277.1,219.3,0.7348,0.3132,0.7012,12.0,4.0
2023-08-23,ATL,NYM,-200.0,165.3,0.6667,0.377,0.6388,7.0,0.0
2023-08-23,BAL,TOR,83.3,-133.9,0.5456,0.5724,0.488,7.0,0.0
2023-08-23,CHW,SEA,186.4,-230.0,0.3491,0.697,0.3337,5.0,4.0
2023-08-23,DET,CHC,-121.3,73.4,0.5481,0.5766,0.4873,4.0,6.0
2023-08-23,HOU,BOS,-109.6,-109.3,0.5228,0.5222,0.5003,5.0,7.0
2023-08-23,LAA,CIN,-159.1,131.9,0.6141,0.4313,0.5874,4.0,9.0
2023-08-23,MIL,MIN,-141.1,118.1,0.5853,0.4584,0.5608,,
2023-08-23,NYY,WSN,-155.6,128.1,0.6087,0.4383,0.5814,9.0,1.0
2023-08-23,ATH,KCR,123.4,-149.9,0.4476,0.5998,0.4273,0.0,4.0
2023-08-23,PHI,SFG,-137.0,114.6,0.5781,0.466,0.5536,6.0,8.0
2023-08-23,PIT,STL,79.7,-100.6,0.5564,0.5014,0.526,4.0,6.0
2023-08-23,SDP,MIA,-130.3,109.9,0.5658,0.4765,0.5428,4.0,0.0
2023-08-23,TBR,COL,-278.0,220.0,0.7354,0.3125,0.7018,6.0,5.0
2023-08-24,ARI,CIN,-177.6,148.1,0.6397,0.403,0.6135,3.0,2.0
2023-08-24,BAL,TOR,-110.0,-108.9,0.5238,0.5212,0.5012,5.0,3.0
2023-08-24,CHW,ATH,-145.7,122.6,0.593,0.4493,0.5689,5.0,8.0
2023-08-24,CLE,LAD,108.3,-127.6,0.4801,0.5606,0.4613,3.0,9.0
2023-08-24,HOU,BOS,-144.0,120.3,0.5902,0.454,0.5652,1.0,17.0
2023-08-24,MIN,TEX,-119.7,14.7,0.5449,0.8717,0.3846,7.0,5.0
2023-08-24,NYY,WSN,-213.0,176.0,0.6805,0.3623,0.6526,5.0,6.0
2023-08-24,PIT,CHC,155.0,-187.0,0.3922,0.6516,0.3757,4.0,5.0
2023-08-24,TBR,COL,-279.1,227.6,0.7362,0.3053,0.7069,,
2023-08-25,ARI,CIN,-139.1,116.0,0.5818,0.463,0.5569,10.0,8.0
2023-08-25,BAL,COL,-227.9,183.6,0.695,0.3526,0.6634,5.0,4.0
2023-08-25,BOS,LAD,77.6,-127.1,0.5632,0.5597,0.5015,4.0,7.0
2023-08-25,CHW,ATH,-197.7,161.1,0.6641,0.3829,0.6343,4.0,12.0
2023-08-25,DET,HOU,146.0,-178.7,0.4065,0.6412,0.388,4.0,1.0
2023-08-25,MIA,WSN,-218.7,177.7,0.6862,0.3601,0.6559,4.0,7.0
2023-08-25,MIL,SDP,-115.4,-75.0,0.5358,0.4286,0.5556,7.0,3.0
2023-08-25,MIN,TEX,-123.3,75.7,0.5521,0.5691,0.4924,12.0,2.0
2023-08-25,NYM,LAA,-139.3,116.0,0.5821,0.463,0.557,1.0,3.0
2023-08-25,PHI,STL,-132.7,111.1,0.5703,0.4736,0.5463,7.0,2.0
2023-08-25,PIT,CHC,15.0,-122.0,0.8696,0.5495,0.6128,2.0,1.0
2023-08-25,SEA,KCR,-191.7,156.9,0.6572,0.3893,0.628,7.0,5.0
2023-08-25,SFG,ATL,129.7,-156.6,0.4353,0.6102,0.4164,1.0,5.0
2023-08-25,TBR,NYY,-146.7,119.4,0.5947,0.4557,0.5661,,
2023-08-25,TOR,CLE,-163.6,136.6,0.6206,0.4227,0.5948,2.0,5.0
2023-08-26,ARI,CIN,-124.4,16.6,0.5544,0.8578,0.3926,7.0,8.0
2023-08-26,BAL,COL,-309.7,247.9,0.7559,0.2875,0.7245,5.0,4.0
2023-08-26,BOS,LAD,109.0,-130.4,0.4785,0.566,0.4581,8.0,5.0
2023-08-26,CHW,ATH,-134.6,112.3,0.5737,0.4711,0.5491,6.0,2.0
2023-08-26,DET,HOU,123.1,-148.6,0.4481,0.5977,0.4285,2.0,9.0
2023-08-26,MIA,WSN,-213.7,173.4,0.6812,0.3657,0.6507,2.0,3.0
2023-08-26,MIL,SDP,-139.4,116.7,0.5823,0.4614,0.5579,5.0,4.0
2023-08-26,MIN,TEX,103.1,-122.7,0.4923,0.551,0.4719,2.0,6.0
2023-08-26,NYM,LAA,-45.4,-118.6,0.3124,0.5425,0.3654,3.0,5.0
2023-08-26,PHI,STL,-226.9,183.6,0.6941,0.3526,0.6631,12.0,1.0
2023-08-26,PIT,CHC,110.3,-131.4,0.4755,0.5679,0.4557,6.0,10.0
2023-08-26,SEA,KCR,-255.4,202.1,0.7186,0.331,0.6847,15.0,2.0
2023-08-26,SFG,ATL,151.0,-181.4,0.3984,0.6447,0.382,3.0,7.0
2023-08-26,TBR,NYY,-181.3,149.9,0.6445,0.4002,0.6169,3.0,0.0
2023-08-26,TOR,CLE,-175.9,146.7,0.6375,0.4053,0.6113,8.0,3.0
2023-08-27,ARI,CIN,-125.9,105.6,0.5572,0.4864,0.5339,5.0,2.0
2023-08-27,BAL,COL,-254.1,206.4,0.7176,0.3263,0.6874,3.0,4.0
2023-08-27,BOS,LAD,-14.1,-119.7,0.1239,0.5449,0.1853,4.0,7.0
2023-08-27,CHW,ATH,-81.0,-81.6,0.4475,0.4493,0.499,6.0,1.0
2023-08-27,DET,HOU,144.6,-174.4,0.4089,0.6356,0.3915,4.0,17.0
2023-08-27,MIA,WSN,-200.0,164.9,0.6667,0.3776,0.6384,2.0,1.0
2023-08-27,MIL,SDP,-75.1,-115.4,0.429,0.5358,0.4447,10.0,6.0
2023-08-27,MIN,TEX,-30.7,-41.1,0.235,0.2915,0.4463,7.0,6.0
2023-08-27,NYM,LAA,-457.0,83.1,0.8205,0.546,0.6004,3.0,2.0
2023-08-27,PHI,STL,-198.6,164.3,0.6651,0.3784,0.6374,3.0,0.0
2023-08-27,PIT,CHC,110.9,-131.7,0.4743,0.5684,0.4548,1.0,10.0
2023-08-27,SEA,KCR,-317.1,248.6,0.7603,0.2869,0.726,3.0,2.0
2023-08-27,SFG,ATL,81.1,-102.7,0.5521,0.5067,0.5214,8.0,5.0
2023-08-27,TBR,NYY,-133.3,113.0,0.5713,0.4695,0.5489,7.0,4.0
2023-08-27,TOR,CLE,-230.0,186.4,0.697,0.3491,0.6663,7.0,10.0
2023-08-28,BAL,CHW,-256.9,206.0,0.7198,0.3268,0.6877,9.0,0.0
2023-08-28,BOS,HOU,-135.0,112.4,0.5745,0.4707,0.5496,5.0,13.0
2023-08-28,CHC,MIL,-128.3,108.3,0.562,0.4801,0.5393,,
2023-08-28,COL,ATL,196.4,-247.9,0.3373,0.7125,0.3213,4.0,14.0
2023-08-28,DET,NYY,-116.3,-46.3,0.5376,0.3164,0.6295,1.0,4.0
2023-08-28,KCR,PIT,-116.1,-17.4,0.5373,0.1484,0.7836,0.0,5.0
2023-08-28,LAD,ARI,-154.4,126.9,0.607,0.4408,0.5793,7.0,4.0
2023-08-28,MIN,CLE,-173.0,144.0,0.6337,0.4098,0.6073,10.0,6.0
2023-08-28,NYM,TEX,114.4,-136.1,0.4664,0.5765,0.4472,3.0,4.0
2023-08-28,PHI,LAA,-142.7,119.3,0.588,0.456,0.5632,6.0,4.0
2023-08-28,SEA,ATH,-284.6,227.4,0.74,0.3054,0.7078,7.0,0.0
2023-08-28,SFG,CIN,-129.6,108.9,0.5644,0.4788,0.541,4.0,1.0
2023-08-28,STL,SDP,162.9,-198.3,0.3804,0.6648,0.364,1.0,4.0
2023-08-28,TOR,WSN,-254.3,203.6,0.7177,0.3294,0.6854,6.0,3.0
2023-08-29,BAL,CHW,-242.1,192.6,0.7077,0.3418,0.6743,9.0,3.0
2023-08-29,BOS,HOU,-118.3,42.1,0.5419,0.7035,0.4351,2.0,6.0
2023-08-29,CHC,MIL,-131.7,110.4,0.5684,0.4752,0.5447,1.0,0.0
2023-08-29,COL,ATL,227.9,-286.9,0.305,0.7415,0.2915,1.0,3.0
2023-08-29,DET,NYY,-112.7,-77.9,0.5299,0.4378,0.5476,2.0,4.0
2023-08-29,KCR,PIT,-151.4,127.1,0.6023,0.4403,0.5777,3.0,6.0
2023-08-29,LAD,ARI,-180.0,149.1,0.6429,0.4014,0.6156,9.0,1.0
2023-08-29,MIA,TBR,-123.7,74.7,0.553,0.5724,0.4914,2.0,11.0
2023-08-29,MIN,CLE,-166.9,138.7,0.6253,0.4189,0.5988,2.0,4.0
2023-08-29,NYM,TEX,115.4,-137.7,0.4642,0.5793,0.4448,1.0,2.0
2023-08-29,PHI,LAA,-174.1,144.4,0.6352,0.4091,0.6083,12.0,7.0
2023-08-29,SEA,ATH,-236.3,190.9,0.7026,0.3438,0.6714,1.0,3.0
2023-08-29,SFG,CIN,-160.4,133.3,0.616,0.4287,0.5897,6.0,1.0
2023-08-29,STL,SDP,119.6,-142.6,0.4554,0.5878,0.4366,6.0,5.0
2023-08-29,TOR,WSN,-191.9,156.4,0.6574,0.39,0.6277,4.0,5.0
2023-08-30,BAL,CHW,-175.7,146.6,0.6373,0.4056,0.6111,5.0,10.0
2023-08-30,BOS,HOU,109.7,-130.9,0.4768,0.5668,0.4569,,
2023-08-30,CHC,MIL,13.9,-119.1,0.8783,0.5437,0.6177,3.0,2.0
2023-08-30,COL,ATL,197.1,-246.4,0.3365,0.7113,0.3212,3.0,7.0
2023-08-30,DET,NYY,162.9,-198.6,0.3804,0.6651,0.3639,2.0,6.0
2023-08-30,KCR,PIT,75.0,-123.1,0.5714,0.5519,0.5087,1.0,4.0
2023-08-30,LAD,ARI,-170.0,141.6,0.6296,0.414,0.6033,7.0,0.0
2023-08-30,MIA,TBR,76.7,-125.0,0.5659,0.5556,0.5046,0.0,3.0
2023-08-30,MIN,CLE,-151.9,126.6,0.6029,0.4414,0.5774,2.0,5.0
2023-08-30,NYM,TEX,99.4,-124.7,0.5014,0.555,0.4747,6.0,5.0
2023-08-30,PHI,LAA,-171.0,142.1,0.631,0.413,0.6044,8.0,10.0
2023-08-30,SEA,ATH,-281.0,226.4,0.7375,0.3063,0.7065,5.0,4.0
2023-08-30,SFG,CIN,-170.3,142.1,0.63,0.413,0.604,1.0,4.0
2023-08-30,STL,SDP,-110.4,-108.4,0.5248,0.5202,0.5022,5.0,4.0
2023-08-30,TOR,WSN,-222.3,181.6,0.6897,0.3551,0.6601,7.0,0.0
2023-08-31,DET,NYY,-17.1,-116.0,0.1463,0.537,0.2141,4.0,3.0
2023-08-31,LAD,ATL,119.6,-142.1,0.4554,0.587,0.4369,7.0,8.0
2023-08-31,SDP,SFG,-132.6,110.9,0.57,0.4743,0.5459,2.0,7.0
2023-08-31,WSN,MIA,130.1,-158.3,0.4345,0.6128,0.4149,1.0,6.0
2023-09-01,ARI,BAL,-74.3,-117.6,0.4262,0.5404,0.441,4.0,2.0
2023-09-01,CHW,DET,79.6,-130.4,0.5569,0.566,0.4959,2.0,4.0
2023-09-01,CIN,CHC,43.4,-119.9,0.6972,0.5452,0.5612,2.0,6.0
2023-09-01,CLE,TBR,149.1,-180.0,0.4014,0.6429,0.3844,3.0,2.0
2023-09-01,COL,TOR,163.0,-197.7,0.3802,0.6641,0.3641,9.0,13.0
2023-09-01,HOU,NYY,-190.4,156.4,0.6557,0.39,0.6271,2.0,6.0
2023-09-01,KCR,BOS,166.1,-202.4,0.3757,0.6693,0.3595,13.0,2.0
2023-09-01,LAD,ATL,17.7,-125.1,0.8495,0.5558,0.6045,3.0,6.0
2023-09-01,MIL,PHI,73.1,-121.9,0.5776,0.5493,0.5126,7.0,5.0
2023-09-01,NYM,SEA,-40.7,-123.3,0.2893,0.5521,0.3438,2.0,1.0
2023-09-01,ATH,LAA,107.9,-128.1,0.4811,0.5617,0.4614,9.0,2.0
2023-09-01,SDP,SFG,-138.9,115.6,0.5813,0.4639,0.5562,7.0,3.0
2023-09-01,STL,PIT,-116.7,-75.4,0.5386,0.43,0.5561,2.0,4.0
2023-09-01,TEX,MIN,-153.9,128.3,0.6061,0.438,0.5805,1.0,5.0
2023-09-01,WSN,MIA,139.6,-168.6,0.4174,0.6277,0.3994,5.0,8.0
2023-09-02,ARI,BAL,111.1,-132.7,0.4736,0.5703,0.4537,3.0,7.0
2023-09-02,CHW,DET,-107.0,-111.6,0.5169,0.5273,0.495,0.0,10.0
2023-09-02,CIN,CHC,72.6,-91.9,0.5795,0.4788,0.5476,2.0,1.0
2023-09-02,CLE,TBR,45.3,-123.3,0.6883,0.5521,0.5549,7.0,6.0
2023-09-02,COL,TOR,168.6,-205.4,0.3723,0.6726,0.3563,8.0,7.0
2023-09-02,HOU,NYY,-192.4,154.7,0.658,0.3926,0.6263,4.0,5.0
2023-09-02,KCR,BOS,155.3,-186.6,0.3917,0.651,0.3757,5.0,9.0
2023-09-02,LAD,ATL,-17.4,-115.7,0.1484,0.5364,0.2167,2.0,4.0
2023-09-02,MIL,PHI,119.0,-141.4,0.4566,0.5858,0.438,7.0,5.0
2023-09-02,NYM,SEA,125.7,-151.0,0.443,0.6016,0.4241,7.0,8.0
2023-09-02,ATH,LAA,-9.1,-51.1,0.0838,0.3384,0.1984,2.0,1.0
2023-09-02,SDP,SFG,-177.0,145.6,0.639,0.4072,0.6108,6.0,1.0
2023-09-02,STL,PIT,-161.1,132.3,0.6171,0.4305,0.589,6.0,7.0
2023-09-02,TEX,MIN,-191.1,156.4,0.6565,0.39,0.6274,7.0,9.0
2023-09-02,WSN,MIA,78.7,-127.3,0.5596,0.56,0.4998,5.0,11.0
2023-09-03,ARI,BAL,-142.9,119.0,0.5882,0.4566,0.563,5.0,8.0
2023-09-03,CHW,DET,126.9,-152.7,0.4408,0.6043,0.4218,2.0,3.0
2023-09-03,CIN,CHC,122.9,-147.1,0.4487,0.5954,0.4298,7.0,15.0
2023-09-03,CLE,TBR,122.7,-146.4,0.449,0.5942,0.4304,2.0,6.0
2023-09-03,COL,TOR,198.6,-246.6,0.3349,0.7115,0.3201,5.0,7.0
2023-09-03,HOU,NYY,-147.9,120.1,0.5965,0.4543,0.5677,1.0,6.0
2023-09-03,KCR,BOS,161.3,-198.0,0.3827,0.6644,0.3655,3.0,7.0
2023-09-03,LAD,ATL,-111.0,-107.6,0.5261,0.5182,0.5037,3.0,1.0
2023-09-03,MIL,PHI,-105.0,-114.4,0.5122,0.5336,0.4897,2.0,4.0
2023-09-03,NYM,SEA,128.1,-154.6,0.4383,0.6072,0.4192,6.0,3.0
2023-09-03,ATH,LAA,111.1,-132.7,0.4736,0.5703,0.4537,10.0,6.0
2023-09-03,SDP,SFG,-134.9,113.4,0.5742,0.4685,0.5507,4.0,0.0
2023-09-03,STL,PIT,-140.4,88.9,0.5841,0.5295,0.5245,6.0,4.0
2023-09-03,TEX,MIN,-147.1,122.9,0.5954,0.4487,0.5702,6.0,5.0
2023-09-03,WSN,MIA,161.6,-197.4,0.3823,0.6638,0.3655,4.0,6.0
2023-09-04,ARI,COL,-254.1,203.6,0.7176,0.3294,0.6854,4.0,2.0
2023-09-04,CHC,SFG,-130.9,110.4,0.5668,0.4752,0.544,5.0,0.0
2023-09-04,CIN,SEA,126.9,-152.4,0.4408,0.6038,0.422,6.0,3.0
2023-09-04,CLE,MIN,-44.6,-119.1,0.3083,0.5437,0.3619,6.0,20.0
2023-09-04,KCR,CHW,-164.1,135.6,0.6214,0.4245,0.5941,12.0,1.0
2023-09-04,LAA,BAL,153.0,-187.7,0.3953,0.6524,0.3773,3.0,6.0
2023-09-04,ATH,TOR,158.0,-193.6,0.3876,0.6594,0.3702,5.0,6.0
2023-09-04,PIT,MIL,158.1,-191.9,0.3874,0.6574,0.3708,4.0,2.0
2023-09-04,SDP,PHI,-117.1,11.9,0.5395,0.894,0.3763,7.0,9.0
2023-09-04,TBR,BOS,-124.6,76.1,0.5547,0.5677,0.4942,3.0,7.0
2023-09-04,TEX,HOU,11.1,-377.7,0.8997,0.7907,0.5323,6.0,13.0
2023-09-05,ARI,COL,-219.9,179.1,0.6874,0.3582,0.6574,2.0,3.0
2023-09-05,ATL,STL,-201.4,165.4,0.6682,0.3767,0.6395,6.0,10.0
2023-09-05,CHC,SFG,-127.6,78.4,0.5606,0.5604,0.5001,11.0,8.0
2023-09-05,CIN,SEA,128.4,-153.1,0.4378,0.605,0.4198,7.0,6.0
2023-09-05,CLE,MIN,-74.3,-117.7,0.4262,0.5407,0.4408,3.0,8.0
2023-09-05,KCR,CHW,-126.6,77.6,0.5586,0.5632,0.498,7.0,6.0
2023-09-05,LAA,BAL,148.7,-179.6,0.4021,0.6423,0.385,4.0,5.0
2023-09-05,MIA,LAD,118.9,-142.6,0.4569,0.5878,0.4374,6.0,3.0
2023-09-05,NYY,DET,-252.9,202.9,0.7166,0.3302,0.6846,5.0,1.0
2023-09-05,ATH,TOR,161.1,-195.3,0.3829,0.6613,0.3667,1.0,7.0
2023-09-05,PIT,MIL,148.0,-178.0,0.4032,0.6403,0.3864,3.0,7.0
2023-09-05,SDP,PHI,-132.9,111.4,0.5706,0.473,0.5468,8.0,0.0
2023-09-05,TBR,BOS,-162.1,136.3,0.6185,0.4232,0.5937,8.0,6.0
2023-09-05,TEX,HOU,-108.9,-110.0,0.5212,0.5238,0.4988,1.0,14.0
2023-09-05,WSN,NYM,116.4,-139.1,0.462,0.5818,0.4426,,
2023-09-06,ARI,COL,-212.6,176.6,0.6801,0.3616,0.6529,12.0,5.0
2023-09-06,ATL,STL,-340.0,268.1,0.7727,0.2716,0.7399,6.0,11.0
2023-09-06,CHC,SFG,-147.6,123.7,0.5961,0.447,0.5715,8.0,2.0
2023-09-06,CIN,SEA,147.1,-176.1,0.4046,0.6379,0.3881,4.0,8.0
2023-09-06,CLE,MIN,108.9,-129.9,0.4788,0.5649,0.4587,2.0,1.0
2023-09-06,KCR,CHW,-117.7,-16.3,0.5407,0.14,0.7943,4.0,6.0
2023-09-06,LAA,BAL,94.7,-150.3,0.5136,0.6005,0.461,3.0,10.0
2023-09-06,MIA,LAD,123.1,-149.1,0.4481,0.5986,0.4281,11.0,4.0
2023-09-06,NYY,DET,-170.7,142.4,0.6306,0.4125,0.6046,4.0,3.0
2023-09-06,ATH,TOR,139.1,-165.3,0.4182,0.623,0.4016,5.0,2.0
2023-09-06,PIT,MIL,158.9,-191.0,0.3863,0.6564,0.3705,,
2023-09-06,SDP,PHI,74.1,-121.7,0.5742,0.549,0.5112,1.0,5.0
2023-09-06,TBR,BOS,-171.6,143.3,0.6318,0.411,0.6058,3.0,1.0
2023-09-06,TEX,HOU,-133.3,83.3,0.5713,0.5456,0.5115,3.0,12.0
2023-09-06,WSN,NYM,6.9,-68.7,0.9358,0.4073,0.6968,3.0,2.0
2023-09-07,ATL,STL,-338.4,265.3,0.7719,0.2738,0.7382,8.0,5.0
2023-09-07,CHC,ARI,-166.6,137.9,0.6249,0.4204,0.5978,2.0,6.0
2023-09-07,LAA,CLE,109.7,-130.6,0.4768,0.5663,0.4571,3.0,2.0
2023-09-07,MIA,LAD,75.4,-124.0,0.57,0.5536,0.5073,0.0,10.0
2023-09-07,NYY,DET,-165.9,138.7,0.6239,0.4189,0.5983,3.0,10.0
2023-09-07,TBR,SEA,75.1,-123.1,0.571,0.5519,0.5085,0.0,1.0
2023-09-08,ATL,PIT,-203.1,168.7,0.6701,0.3721,0.6429,8.0,2.0
2023-09-08,BOS,BAL,-46.9,-86.6,0.3191,0.464,0.4075,2.0,11.0
2023-09-08,CHC,ARI,1.4,-80.0,0.9859,0.4444,0.6893,0.0,1.0
2023-09-08,CIN,STL,-125.0,104.6,0.5556,0.4888,0.5319,4.0,9.0
2023-09-08,DET,CHW,-139.7,88.7,0.5828,0.5299,0.5238,0.0,6.0
2023-09-08,HOU,SDP,-140.3,117.3,0.5838,0.4602,0.5592,2.0,11.0
2023-09-08,LAA,CLE,79.4,-127.9,0.5573,0.5611,0.4983,3.0,6.0
2023-09-08,MIN,NYM,-104.1,-115.0,0.5101,0.5349,0.4882,5.0,2.0
2023-09-08,NYY,MIL,-110.4,-108.4,0.5248,0.5202,0.5022,2.0,8.0
2023-09-08,PHI,MIA,-141.1,118.4,0.5853,0.4578,0.5611,2.0,3.0
2023-09-08,SFG,COL,-226.6,185.0,0.6938,0.3509,0.6641,9.0,8.0
2023-09-08,TBR,SEA,-107.1,-111.6,0.5172,0.5273,0.4952,7.0,4.0
2023-09-08,TEX,ATH,-267.1,212.9,0.7276,0.3196,0.6948,3.0,6.0
2023-09-08,TOR,KCR,-496.7,277.9,0.8324,0.2647,0.7588,5.0,4.0
2023-09-08,WSN,LAD,131.4,-158.0,0.4321,0.6124,0.4137,5.0,8.0
2023-09-09,ATL,PIT,-219.3,176.7,0.6868,0.3614,0.6552,4.0,8.0
2023-09-09,BOS,BAL,-154.6,125.6,0.6072,0.4433,0.578,12.0,13.0
2023-09-09,CHC,ARI,-140.3,116.0,0.5838,0.463,0.5577,2.0,3.0
2023-09-09,CIN,STL,80.1,-130.7,0.5551,0.5666,0.4949,3.0,4.0
2023-09-09,DET,CHW,-189.3,156.7,0.6543,0.3895,0.6268,3.0,1.0
2023-09-09,HOU,SDP,-123.1,74.6,0.5519,0.5728,0.4907,7.0,5.0
2023-09-09,LAA,CLE,87.9,-111.0,0.5323,0.5261,0.503,6.0,2.0
2023-09-09,MIN,NYM,-144.1,119.3,0.5904,0.456,0.5642,8.0,4.0
2023-09-09,NYY,MIL,-149.7,124.9,0.5995,0.4447,0.5741,2.0,9.0
2023-09-09,PHI,MIA,-193.6,158.3,0.6594,0.3872,0.63,8.0,4.0
2023-09-09,SFG,COL,-276.9,220.0,0.7346,0.3125,0.7016,9.0,1.0
2023-09-09,TBR,SEA,-150.0,94.0,0.6,0.5155,0.5379,7.0,5.0
2023-09-09,TEX,ATH,-259.6,202.0,0.7219,0.3311,0.6855,3.0,2.0
2023-09-09,TOR,KCR,-301.0,237.9,0.7506,0.296,0.7172,5.0,1.0
2023-09-09,WSN,LAD,191.0,-238.6,0.3436,0.7046,0.3278,7.0,6.0
2023-09-10,ATL,PIT,-274.4,219.3,0.7329,0.3132,0.7006,5.0,2.0
2023-09-10,BOS,BAL,-16.3,-117.4,0.14,0.5401,0.2059,7.0,3.0
2023-09-10,CHC,ARI,-137.4,114.9,0.5788,0.4654,0.5543,5.0,2.0
2023-09-10,CIN,STL,-139.4,87.4,0.5823,0.5335,0.5219,7.0,1.0
2023-09-10,DET,CHW,-143.9,119.1,0.5899,0.4563,0.5638,3.0,2.0
2023-09-10,HOU,SDP,-178.3,147.6,0.6407,0.4039,0.6133,12.0,2.0
2023-09-10,LAA,CLE,135.4,-162.3,0.4248,0.6187,0.4071,2.0,1.0
2023-09-10,MIN,NYM,-53.9,-110.4,0.35,0.5248,0.4001,0.0,2.0
2023-09-10,NYY,MIL,-136.3,113.9,0.5768,0.4676,0.5523,4.0,3.0
2023-09-10,PHI,MIA,-162.0,107.1,0.6183,0.4828,0.5616,4.0,5.0
2023-09-10,SFG,COL,-219.1,181.4,0.6867,0.3553,0.659,6.0,3.0
2023-09-10,TBR,SEA,-139.0,116.3,0.5816,0.4624,0.5571,6.0,3.0
2023-09-10,TEX,ATH,-255.0,203.6,0.7183,0.3294,0.6856,9.0,4.0
2023-09-10,TOR,KCR,-175.4,145.6,0.6369,0.4072,0.61,5.0,2.0
2023-09-10,WSN,LAD,184.0,-224.7,0.3521,0.692,0.3372,3.0,7.0
2023-09-11,BAL,STL,-171.7,142.0,0.632,0.4132,0.6046,11.0,5.0
2023-09-11,COL,CHC,151.4,-182.9,0.3977,0.6465,0.3809,4.0,5.0
2023-09-11,HOU,ATH,-311.1,245.3,0.7568,0.2896,0.7232,0.0,4.0
2023-09-11,LAD,SDP,-177.3,146.4,0.6394,0.4058,0.6117,8.0,11.0
2023-09-11,MIL,MIA,-145.3,121.4,0.5923,0.4516,0.5674,12.0,0.0
2023-09-11,MIN,TBR,13.7,-118.9,0.8794,0.5431,0.6182,4.0,7.0
2023-09-11,NYM,ARI,-128.9,108.9,0.563,0.4788,0.5404,3.0,4.0
2023-09-11,PHI,ATL,144.6,-175.0,0.4089,0.6364,0.3912,8.0,10.0
2023-09-11,PIT,WSN,-145.0,121.4,0.5918,0.4516,0.5672,2.0,6.0
2023-09-11,SEA,LAA,-233.9,188.6,0.7005,0.3465,0.669,5.0,8.0
2023-09-11,SFG,CLE,-135.0,113.3,0.5745,0.4689,0.5506,5.0,4.0
2023-09-11,TOR,TEX,-136.9,114.6,0.5778,0.466,0.5535,4.0,10.0
2023-09-12,BAL,STL,-186.7,154.4,0.6512,0.393,0.6236,2.0,5.0
2023-09-12,BOS,NYY,-160.1,131.1,0.6156,0.4326,0.5873,2.0,3.0
2023-09-12,CHW,KCR,-137.4,114.9,0.5788,0.4654,0.5543,6.0,2.0
2023-09-12,COL,CHC,153.4,-184.1,0.3946,0.6481,0.3784,6.0,4.0
2023-09-12,DET,CIN,74.7,-123.9,0.5724,0.5533,0.5085,5.0,6.0
2023-09-12,HOU,ATH,-323.6,255.3,0.7639,0.2815,0.7308,2.0,6.0
2023-09-12,LAD,SDP,-160.1,133.7,0.6156,0.4279,0.59,11.0,2.0
2023-09-12,MIL,MIA,-161.6,135.0,0.6177,0.4255,0.5921,3.0,1.0
2023-09-12,MIN,TBR,-131.7,111.3,0.5684,0.4733,0.5457,,
2023-09-12,NYM,ARI,-116.3,-103.1,0.5376,0.5077,0.5143,7.0,4.0
2023-09-12,PHI,ATL,48.0,-125.3,0.6757,0.5561,0.5485,6.0,7.0
2023-09-12,PIT,WSN,-147.6,122.7,0.5961,0.449,0.5704,5.0,1.0
2023-09-12,SEA,LAA,-201.1,166.7,0.6679,0.3749,0.6405,8.0,0.0
2023-09-12,SFG,CLE,-173.9,144.9,0.6348,0.4084,0.6085,1.0,3.0
2023-09-12,TOR,TEX,-108.4,-83.3,0.5202,0.4544,0.5338,3.0,6.0
2023-09-13,BAL,STL,-190.9,159.4,0.6562,0.3855,0.63,0.0,1.0
2023-09-13,CHW,KCR,-156.4,130.7,0.61,0.4334,0.5846,1.0,7.0
2023-09-13,COL,CHC,160.9,-193.4,0.3834,0.6592,0.3677,7.0,3.0
2023-09-13,DET,CIN,-136.0,111.7,0.5763,0.4723,0.5496,3.0,4.0
2023-09-13,HOU,ATH,-279.3,225.7,0.7363,0.307,0.7057,6.0,2.0
2023-09-13,LAD,SDP,-132.3,111.0,0.5695,0.4739,0.5458,1.0,6.0
2023-09-13,MIL,MIA,-91.6,72.4,0.478,0.58,0.4518,0.0,2.0
2023-09-13,MIN,TBR,76.3,-124.1,0.5673,0.5539,0.506,4.0,5.0
2023-09-13,NYM,ARI,130.4,-156.1,0.434,0.6096,0.4159,7.0,1.0
2023-09-13,PHI,ATL,140.9,-168.3,0.4152,0.6273,0.3983,1.0,4.0
2023-09-13,PIT,WSN,-144.4,121.4,0.5909,0.4516,0.5668,7.0,6.0
2023-09-13,SEA,LAA,-316.3,248.1,0.7598,0.2872,0.7257,3.0,2.0
2023-09-13,SFG,CLE,-142.7,89.4,0.588,0.5279,0.5269,,
2023-09-13,TOR,TEX,-131.9,82.1,0.5687,0.549,0.5088,0.0,10.0
2023-09-14,BAL,TBR,-131.6,110.9,0.5682,0.4743,0.545,3.0,4.0
2023-09-14,BOS,NYY,-117.1,-15.9,0.5395,0.1369,0.7976,5.0,0.0
2023-09-14,CHW,MIN,159.9,-193.6,0.3848,0.6594,0.3685,2.0,10.0
2023-09-14,DET,CIN,-122.4,74.6,0.5504,0.5728,0.49,8.0,2.0
2023-09-14,MIL,MIA,-107.1,-111.0,0.5172,0.5261,0.4958,4.0,2.0
2023-09-14,NYM,ARI,-117.0,-45.0,0.5392,0.3103,0.6347,11.0,1.0
2023-09-14,PIT,WSN,-165.7,138.4,0.6237,0.4194,0.5979,2.0,0.0
2023-09-14,TOR,TEX,-151.4,125.6,0.6023,0.4433,0.576,2.0,9.0
2023-09-15,ARI,CHC,113.1,-135.1,0.4692,0.5747,0.4494,6.0,4.0
2023-09-15,BAL,TBR,78.1,-127.3,0.5613,0.56,0.5006,1.0,7.0
2023-09-15,CHW,MIN,146.0,-176.9,0.4065,0.6388,0.3889,2.0,10.0
2023-09-15,CLE,TEX,-15.7,-118.0,0.1358,0.5413,0.2006,12.0,3.0
2023-09-15,COL,SFG,181.4,-220.9,0.3553,0.6883,0.3405,3.0,2.0
2023-09-15,KCR,HOU,163.0,-199.1,0.3802,0.6657,0.3635,4.0,2.0
2023-09-15,LAA,DET,78.4,-129.3,0.5604,0.5639,0.4985,2.0,11.0
2023-09-15,MIA,ATL,142.4,-172.6,0.4125,0.6331,0.3945,9.0,6.0
2023-09-15,MIL,WSN,-195.1,161.1,0.6612,0.3829,0.6332,5.0,3.0
2023-09-15,NYM,CIN,-84.7,-107.0,0.4586,0.5169,0.4701,3.0,5.0
2023-09-15,ATH,SDP,169.1,-209.6,0.3715,0.677,0.3544,3.0,8.0
2023-09-15,PIT,NYY,133.3,-160.9,0.4287,0.6166,0.4101,5.0,7.0
2023-09-15,SEA,LAD,-107.7,-111.9,0.5186,0.528,0.4955,3.0,6.0
2023-09-15,STL,PHI,133.9,-167.0,0.4276,0.6255,0.4061,4.0,5.0
2023-09-15,TOR,BOS,-144.0,120.4,0.5902,0.4537,0.5654,3.0,0.0
2023-09-16,ARI,CHC,-107.4,-111.4,0.5179,0.527,0.4956,7.0,6.0
2023-09-16,BAL,TBR,-58.4,-79.9,0.3688,0.444,0.4537,8.0,0.0
2023-09-16,CHW,MIN,182.6,-229.7,0.3539,0.6967,0.3368,7.0,6.0
2023-09-16,CLE,TEX,-120.9,72.9,0.5472,0.5785,0.4861,2.0,1.0
2023-09-16,COL,SFG,143.9,-175.9,0.4101,0.6375,0.3915,9.0,5.0
2023-09-16,KCR,HOU,-180.0,-27.1,0.6429,0.2135,0.7507,10.0,8.0
2023-09-16,LAA,DET,77.9,-126.1,0.5622,0.5578,0.502,4.0,5.0
2023-09-16,MIA,ATL,-27.7,-80.4,0.217,0.4458,0.3274,11.0,5.0
2023-09-16,MIL,WSN,-285.7,222.4,0.7407,0.3101,0.7049,9.0,5.0
2023-09-16,NYM,CIN,-82.3,-109.6,0.4514,0.5228,0.4633,2.0,3.0
2023-09-16,ATH,SDP,120.6,-147.3,0.4534,0.5956,0.4322,2.0,5.0
2023-09-16,PIT,NYY,-45.0,-117.1,0.3103,0.5395,0.3652,3.0,6.0
2023-09-16,SEA,LAD,119.0,-145.1,0.4566,0.5921,0.4354,2.0,6.0
2023-09-16,STL,PHI,71.6,-91.7,0.5828,0.4784,0.5492,1.0,6.0
2023-09-16,TOR,BOS,-111.9,89.0,0.528,0.5291,0.4995,4.0,3.0
2023-09-17,ARI,CHC,-46.1,-116.0,0.3157,0.537,0.3702,6.0,2.0
2023-09-17,BAL,TBR,-171.0,13.4,0.631,0.8816,0.4172,5.0,4.0
2023-09-17,CHW,MIN,147.3,-178.7,0.4044,0.6412,0.3868,0.0,4.0
2023-09-17,CLE,TEX,76.1,-123.9,0.5677,0.5533,0.5064,9.0,2.0
2023-09-17,COL,SFG,149.9,-179.6,0.4002,0.6423,0.3839,10.0,11.0
2023-09-17,KCR,HOU,200.3,-250.9,0.333,0.715,0.3178,1.0,7.0
2023-09-17,LAA,DET,16.3,-124.1,0.86,0.5539,0.6083,3.0,5.0
2023-09-17,MIA,ATL,104.3,-124.0,0.4895,0.5536,0.4693,16.0,2.0
2023-09-17,MIL,WSN,-308.1,237.4,0.755,0.2964,0.7181,1.0,2.0
2023-09-17,NYM,CIN,-135.1,112.1,0.5747,0.4714,0.5494,8.0,4.0
2023-09-17,ATH,SDP,148.1,-178.3,0.403,0.6407,0.3861,1.0,10.0
2023-09-17,PIT,NYY,102.4,-156.9,0.494,0.6107,0.4472,3.0,2.0
2023-09-17,SEA,LAD,-167.4,109.9,0.6261,0.4765,0.5678,1.0,6.0
2023-09-17,STL,PHI,118.4,-141.7,0.4578,0.5863,0.4385,6.0,5.0
2023-09-17,TOR,BOS,-152.6,127.3,0.6041,0.44,0.5786,3.0,2.0
2023-09-18,ATL,PHI,-109.0,-80.9,0.5215,0.4471,0.5384,1.0,7.0
2023-09-18,CIN,MIN,128.6,-156.4,0.4375,0.61,0.4176,7.0,3.0
2023-09-18,HOU,BAL,-109.9,48.9,0.5235,0.6718,0.438,7.0,8.0
2023-09-18,KCR,CLE,106.7,-127.6,0.4838,0.5606,0.4632,6.0,4.0
2023-09-18,LAD,DET,-187.6,156.7,0.6523,0.3895,0.6261,8.0,3.0
2023-09-18,MIA,NYM,-158.7,131.6,0.6135,0.4318,0.5869,1.0,2.0
2023-09-18,ATH,SEA,146.0,-178.1,0.4065,0.6405,0.3883,0.0,5.0
2023-09-18,SDP,COL,-274.0,220.3,0.7326,0.3122,0.7012,11.0,9.0
2023-09-18,STL,MIL,148.4,-179.4,0.4025,0.6421,0.3853,1.0,0.0
2023-09-18,TEX,BOS,-180.6,147.9,0.6436,0.4035,0.6147,2.0,4.0
2023-09-18,WSN,CHW,76.6,-124.3,0.5663,0.5541,0.5054,1.0,6.0
2023-09-19,ARI,SFG,-147.7,124.0,0.5963,0.4464,0.5719,,
2023-09-19,ATL,PHI,-229.7,187.6,0.6967,0.3477,0.6671,9.0,3.0
2023-09-19,CHC,PIT,-166.7,138.7,0.6251,0.4189,0.5987,14.0,1.0
2023-09-19,CIN,MIN,109.3,-130.7,0.4778,0.5666,0.4575,0.0,7.0
2023-09-19,HOU,BAL,-172.4,144.0,0.6329,0.4098,0.607,5.0,9.0
2023-09-19,KCR,CLE,137.4,-164.6,0.4212,0.622,0.4037,7.0,6.0
2023-09-19,LAD,DET,-263.1,210.0,0.7246,0.3226,0.692,3.0,2.0
2023-09-19,MIA,NYM,-157.4,129.6,0.6115,0.4356,0.584,4.0,3.0
2023-09-19,NYY,TOR,-117.4,-45.9,0.5401,0.3144,0.6321,1.0,7.0
2023-09-19,ATH,SEA,190.7,-234.4,0.344,0.701,0.3292,2.0,7.0
2023-09-19,SDP,COL,-283.9,225.0,0.7395,0.3077,0.7062,2.0,0.0
2023-09-19,STL,MIL,110.4,-131.0,0.4752,0.5671,0.4559,3.0,7.0
2023-09-19,TBR,LAA,-208.1,172.4,0.6755,0.3671,0.6479,6.0,2.0
2023-09-19,TEX,BOS,-154.9,128.6,0.6076,0.4375,0.5814,6.0,4.0
2023-09-19,WSN,CHW,-230.9,70.0,0.6978,0.5882,0.5426,4.0,3.0
2023-09-20,ARI,SFG,-106.7,-112.6,0.5162,0.5296,0.4936,7.0,1.0
2023-09-20,ATL,PHI,-144.7,120.9,0.5914,0.4528,0.5664,,
2023-09-20,CHC,PIT,-199.0,163.4,0.6656,0.3796,0.6368,7.0,13.0
2023-09-20,CIN,MIN,-133.3,111.6,0.5713,0.4727,0.5473,3.0,5.0
2023-09-20,HOU,BAL,-94.7,-57.1,0.4864,0.3636,0.5722,2.0,1.0
2023-09-20,KCR,CLE,124.0,-149.6,0.4464,0.5993,0.4269,6.0,2.0
2023-09-20,LAD,DET,-264.3,207.6,0.7255,0.3251,0.6905,2.0,4.0
2023-09-20,MIA,NYM,-121.1,102.1,0.5478,0.4947,0.5255,3.0,8.0
2023-09-20,NYY,TOR,-14.7,-119.1,0.1283,0.5437,0.1909,1.0,6.0
2023-09-20,ATH,SEA,208.6,-262.3,0.3241,0.724,0.3092,3.0,6.0
2023-09-20,SDP,COL,-260.0,207.9,0.7222,0.3248,0.6898,3.0,2.0
2023-09-20,STL,MIL,70.1,-90.0,0.5877,0.4737,0.5537,2.0,8.0
2023-09-20,TBR,LAA,-246.9,200.7,0.7117,0.3325,0.6815,3.0,8.0
2023-09-20,TEX,BOS,-152.1,126.7,0.6034,0.4411,0.5777,15.0,5.0
2023-09-20,WSN,CHW,-130.6,81.6,0.5663,0.5507,0.507,13.0,3.0
2023-09-21,CHC,PIT,-173.7,145.0,0.6347,0.4082,0.6086,6.0,8.0
2023-09-21,CLE,BAL,135.9,-163.4,0.424,0.6204,0.406,5.0,2.0
2023-09-21,LAD,SFG,-186.7,155.6,0.6512,0.3913,0.6247,7.0,2.0
2023-09-21,NYY,TOR,-138.6,116.3,0.5808,0.4624,0.5568,5.0,3.0
2023-09-21,ATH,DET,156.6,-187.3,0.3898,0.6519,0.3742,3.0,7.0
2023-09-21,PHI,NYM,-380.3,211.7,0.7918,0.3208,0.7117,5.0,4.0
2023-09-21,STL,MIL,-111.6,-78.9,0.5273,0.4409,0.5446,0.0,6.0
2023-09-21,TBR,LAA,-266.1,215.0,0.7269,0.3175,0.696,5.0,4.0
2023-09-21,WSN,ATL,217.1,-271.9,0.3153,0.7311,0.3013,3.0,10.0
2023-09-22,BOS,CHW,-224.4,184.7,0.6918,0.3512,0.6632,3.0,2.0
2023-09-22,CHC,COL,-243.6,197.7,0.7089,0.3359,0.6785,6.0,0.0
2023-09-22,CIN,PIT,-156.6,131.3,0.6102,0.4324,0.5853,5.0,7.0
2023-09-22,CLE,BAL,-117.9,-15.9,0.541,0.1369,0.7981,9.0,8.0
2023-09-22,HOU,KCR,-227.6,185.4,0.6947,0.3504,0.6648,5.0,7.0
2023-09-22,LAD,SFG,-178.4,148.9,0.6408,0.4018,0.6146,1.0,5.0
2023-09-22,MIA,MIL,123.4,-146.7,0.4476,0.5947,0.4294,1.0,16.0
2023-09-22,MIN,LAA,-272.1,221.0,0.7313,0.3115,0.7013,8.0,6.0
2023-09-22,NYY,ARI,-23.6,-82.4,0.1908,0.4518,0.2968,7.0,1.0
2023-09-22,ATH,DET,130.9,-156.1,0.4332,0.6096,0.4154,8.0,2.0
2023-09-22,PHI,NYM,-169.6,142.6,0.629,0.4122,0.6041,5.0,4.0
2023-09-22,SDP,STL,-174.9,145.9,0.6362,0.4067,0.61,4.0,2.0
2023-09-22,TBR,TOR,-155.9,129.7,0.6092,0.4353,0.5832,2.0,6.0
2023-09-22,TEX,SEA,-826.7,230.1,0.8921,0.3029,0.7465,8.0,5.0
2023-09-22,WSN,ATL,212.1,-260.9,0.3204,0.7229,0.3071,6.0,9.0
2023-09-23,BOS,CHW,-88.3,46.0,0.4689,0.6849,0.4064,0.0,1.0
2023-09-23,CHC,COL,-231.1,188.4,0.698,0.3467,0.6681,6.0,3.0
2023-09-23,CIN,PIT,-70.6,31.1,0.4137,0.7625,0.3517,12.0,13.0
2023-09-23,CLE,BAL,112.3,-133.7,0.4711,0.5721,0.4516,1.0,2.0
2023-09-23,HOU,KCR,-141.4,-44.6,0.5858,0.3083,0.6552,2.0,3.0
2023-09-23,LAD,SFG,-216.1,178.9,0.6837,0.3586,0.6559,7.0,0.0
2023-09-23,MIA,MIL,15.6,-120.9,0.8653,0.5472,0.6126,5.0,4.0
2023-09-23,MIN,LAA,-205.4,168.3,0.6726,0.3727,0.6434,0.0,1.0
2023-09-23,ATH,DET,109.3,-128.9,0.4778,0.563,0.4591,4.0,1.0
2023-09-23,PHI,NYM,-187.4,155.3,0.6521,0.3917,0.6247,7.0,5.0
2023-09-23,SDP,STL,-190.1,156.1,0.6553,0.3904,0.6267,2.0,5.0
2023-09-23,TBR,TOR,-147.3,31.0,0.5956,0.7634,0.4383,7.0,6.0
2023-09-23,TEX,SEA,-125.1,47.0,0.5558,0.6803,0.4497,2.0,0.0
2023-09-24,BOS,CHW,-166.6,139.4,0.6249,0.4177,0.5994,2.0,3.0
2023-09-24,CHC,COL,-246.9,198.0,0.7117,0.3356,0.6796,4.0,3.0
2023-09-24,CIN,PIT,-155.1,129.6,0.6081,0.4356,0.5826,4.0,2.0
2023-09-24,CLE,BAL,-116.4,-102.9,0.538,0.507,0.5148,1.0,5.0
2023-09-24,HOU,KCR,-278.7,225.7,0.7359,0.307,0.7056,5.0,6.0
2023-09-24,LAD,SFG,-217.0,171.3,0.6845,0.3686,0.65,3.0,2.0
2023-09-24,MIA,MIL,108.9,-128.7,0.4788,0.5628,0.4597,6.0,1.0
2023-09-24,MIN,LAA,-243.9,197.9,0.7092,0.3357,0.6787,9.0,3.0
2023-09-24,NYY,ARI,-104.1,-115.0,0.5101,0.5349,0.4882,1.0,7.0
2023-09-24,ATH,DET,116.4,-138.9,0.462,0.5813,0.4428,0.0,2.0
2023-09-24,PHI,NYM,-183.3,151.0,0.647,0.3984,0.6189,5.0,2.0
2023-09-24,SDP,STL,-209.3,173.7,0.6767,0.3653,0.6494,12.0,2.0
2023-09-24,TBR,TOR,-112.3,-106.6,0.5289,0.5159,0.5062,5.0,9.0
2023-09-24,TEX,SEA,-131.0,109.9,0.5671,0.4765,0.5434,9.0,8.0
2023-09-24,WSN,ATL,193.9,-241.4,0.3403,0.7071,0.3249,3.0,2.0
2023-09-25,LAA,TEX,151.6,-182.0,0.3975,0.6454,0.3812,1.0,5.0
2023-09-25,NYY,ARI,42.7,-118.7,0.7007,0.5428,0.5635,,
2023-09-25,SEA,HOU,-124.0,76.0,0.5536,0.5682,0.4935,1.0,5.0
2023-09-25,SFG,SDP,-14.7,-120.3,0.1283,0.546,0.1902,2.0,1.0
2023-09-26,ATL,CHC,-148.0,124.4,0.5968,0.4456,0.5725,7.0,6.0
2023-09-26,BAL,WSN,-246.6,200.7,0.7115,0.3325,0.6815,1.0,0.0
2023-09-26,BOS,TBR,12.1,-117.0,0.8917,0.5392,0.6232,7.0,9.0
2023-09-26,CHW,ARI,130.9,-156.0,0.4332,0.6094,0.4155,4.0,15.0
2023-09-26,CLE,CIN,-117.0,-46.6,0.5392,0.3177,0.6292,7.0,11.0
2023-09-26,COL,LAD,195.6,-239.7,0.3383,0.7056,0.3241,4.0,1.0
2023-09-26,DET,KCR,-163.4,136.7,0.6204,0.4225,0.5949,6.0,3.0
2023-09-26,LAA,TEX,142.3,-170.7,0.4127,0.6306,0.3956,9.0,3.0
2023-09-26,MIL,STL,-163.0,134.9,0.6198,0.4258,0.5928,1.0,4.0
2023-09-26,MIN,ATH,-227.1,186.9,0.6943,0.3486,0.6657,11.0,3.0
2023-09-26,PHI,PIT,-177.3,147.9,0.6394,0.4035,0.6131,3.0,2.0
2023-09-26,SEA,HOU,-122.0,45.7,0.5495,0.6863,0.4447,6.0,2.0
2023-09-26,SFG,SDP,113.6,-135.1,0.4682,0.5747,0.4489,0.0,4.0
2023-09-26,TOR,NYY,-179.3,150.6,0.6419,0.3991,0.6166,0.0,2.0
2023-09-27,ATL,CHC,-184.7,147.0,0.6488,0.4049,0.6157,,
2023-09-27,BAL,WSN,-248.3,202.1,0.7129,0.331,0.6829,5.0,1.0
2023-09-27,BOS,TBR,84.0,-134.3,0.5435,0.5732,0.4867,0.0,5.0
2023-09-27,CHW,ARI,156.6,-190.4,0.3898,0.6557,0.3728,0.0,3.0
2023-09-27,CLE,CIN,-130.0,110.3,0.5652,0.4755,0.5431,4.0,3.0
2023-09-27,COL,LAD,193.0,-235.9,0.3413,0.7023,0.3271,2.0,8.0
2023-09-27,LAA,TEX,140.7,-167.9,0.4154,0.6267,0.3986,0.0,5.0
2023-09-27,MIL,STL,-150.4,124.7,0.6007,0.445,0.5744,3.0,2.0
2023-09-27,MIN,ATH,-296.4,235.7,0.7477,0.2979,0.7151,6.0,4.0
2023-09-27,NYM,MIA,67.3,-87.1,0.5978,0.4656,0.5621,11.0,2.0
2023-09-27,PHI,PIT,-145.6,120.7,0.5928,0.4531,0.5668,7.0,6.0
2023-09-27,SEA,HOU,-43.3,-119.0,0.3021,0.5434,0.3573,3.0,8.0
2023-09-27,SFG,SDP,-114.9,-75.6,0.5346,0.4304,0.554,2.0,5.0
2023-09-27,TOR,NYY,-123.0,75.0,0.5516,0.5714,0.4912,0.0,6.0
2023-09-28,ATL,CHC,-144.6,121.7,0.5911,0.451,0.5672,5.0,3.0
2023-09-28,BAL,BOS,-121.3,44.9,0.5481,0.6903,0.4426,2.0,0.0
2023-09-28,CHW,ARI,147.6,-177.9,0.4039,0.6401,0.3869,3.0,1.0
2023-09-28,COL,LAD,185.1,-226.1,0.3507,0.6934,0.3359,14.0,5.0
2023-09-28,DET,KCR,-212.9,174.4,0.6804,0.3644,0.6512,8.0,0.0
2023-09-28,MIL,STL,-252.7,203.6,0.7165,0.3294,0.685,3.0,0.0
2023-09-28,MIN,ATH,-275.7,223.6,0.7338,0.3091,0.7037,1.0,2.0
2023-09-28,PHI,PIT,-136.4,14.3,0.577,0.875,0.3974,2.0,3.0
2023-09-28,SEA,TEX,-118.1,-44.7,0.5416,0.309,0.6367,3.0,2.0
2023-09-28,TOR,NYY,-185.3,155.1,0.6495,0.3919,0.6236,6.0,0.0
2023-09-29,ARI,HOU,-124.0,75.0,0.5536,0.5714,0.4921,1.0,2.0
2023-09-29,ATL,WSN,-280.3,227.1,0.737,0.3057,0.7068,6.0,10.0
2023-09-29,BAL,BOS,7.6,-85.6,0.9296,0.4611,0.6684,0.0,3.0
2023-09-29,CHW,SDP,122.0,-145.1,0.4505,0.5921,0.4321,2.0,3.0
2023-09-29,COL,MIN,160.1,-194.3,0.3844,0.6602,0.368,6.0,7.0
2023-09-29,DET,CLE,-76.3,-113.6,0.4327,0.5318,0.4487,5.0,7.0
2023-09-29,KCR,NYY,129.4,-155.3,0.4359,0.6083,0.4174,12.0,5.0
2023-09-29,LAA,ATH,-147.4,123.9,0.5958,0.4467,0.5715,5.0,1.0
2023-09-29,MIL,CHC,-109.0,-108.9,0.5215,0.5212,0.5002,4.0,3.0
2023-09-29,PIT,MIA,116.0,-138.4,0.463,0.5806,0.4436,3.0,4.0
2023-09-29,SEA,TEX,-116.6,-45.7,0.5383,0.3137,0.6318,8.0,0.0
2023-09-29,SFG,LAD,112.9,-135.6,0.4698,0.5755,0.4494,2.0,6.0
2023-09-29,STL,CIN,-109.7,-82.6,0.5232,0.4523,0.5363,2.0,19.0
2023-09-29,TOR,TBR,-132.7,112.0,0.5703,0.4717,0.5473,11.0,4.0
2023-09-30,ARI,HOU,78.3,-128.7,0.5609,0.5628,0.4992,0.0,1.0
2023-09-30,ATL,WSN,-376.4,293.6,0.7901,0.2541,0.7567,5.0,3.0
2023-09-30,BAL,BOS,-133.7,113.0,0.5721,0.4695,0.5493,5.0,2.0
2023-09-30,CHW,SDP,123.1,-148.3,0.4481,0.5972,0.4287,1.0,6.0
2023-09-30,COL,MIN,85.1,-136.7,0.5401,0.5775,0.4833,6.0,14.0
2023-09-30,DET,CLE,-103.9,-115.6,0.5095,0.5361,0.4873,8.0,0.0
2023-09-30,KCR,NYY,115.6,-137.3,0.4639,0.5786,0.445,2.0,5.0
2023-09-30,LAA,ATH,-121.4,44.9,0.5484,0.6903,0.4427,3.0,7.0
2023-09-30,MIL,CHC,72.3,-92.3,0.5804,0.4799,0.5474,6.0,10.0
2023-09-30,NYM,PHI,-132.9,110.1,0.5706,0.4759,0.5452,11.0,4.0
2023-09-30,PIT,MIA,113.3,-135.4,0.4689,0.5752,0.4491,3.0,7.0
2023-09-30,SEA,TEX,-144.1,121.4,0.5904,0.4516,0.5666,1.0,6.0
2023-09-30,SFG,LAD,149.4,-182.4,0.4009,0.6459,0.383,2.0,1.0
2023-09-30,STL,CIN,80.9,-131.0,0.5529,0.5671,0.4937,15.0,6.0
2023-09-30,TOR,TBR,-136.6,85.7,0.5773,0.5385,0.5174,5.0,7.0
2023-10-01,ARI,HOU,174.1,-210.1,0.3648,0.6776,0.35,1.0,8.0
2023-10-01,ATL,WSN,-231.1,187.1,0.698,0.3483,0.6671,9.0,10.0
2023-10-01,BAL,BOS,-172.1,142.9,0.6325,0.4118,0.6057,1.0,6.0
2023-10-01,CHW,SDP,217.7,-315.4,0.3147,0.7593,0.2931,1.0,2.0
2023-10-01,COL,MIN,134.3,-161.0,0.4268,0.6169,0.409,3.0,2.0
2023-10-01,DET,CLE,-120.4,13.9,0.5463,0.8783,0.3835,5.0,2.0
2023-10-01,KCR,NYY,116.9,-138.4,0.4611,0.5806,0.4427,5.0,2.0
2023-10-01,LAA,ATH,-115.4,-48.0,0.5358,0.3243,0.6229,7.0,3.0
2023-10-01,MIL,CHC,-133.9,83.9,0.5724,0.5439,0.5128,4.0,0.0
2023-10-01,NYM,PHI,-88.4,12.0,0.4693,0.8929,0.3445,1.0,9.0
2023-10-01,PIT,MIA,-135.4,113.4,0.5752,0.4685,0.5511,3.0,0.0
2023-10-01,SEA,TEX,-121.7,45.1,0.549,0.689,0.4435,1.0,0.0
2023-10-01,SFG,LAD,137.7,-165.7,0.4207,0.6237,0.4028,2.0,5.0
2023-10-01,STL,CIN,-64.1,-60.6,0.3908,0.3772,0.5088,4.0,3.0
2023-10-01,TOR,TBR,-108.1,-110.0,0.5196,0.5238,0.498,8.0,12.0
2024-03-20,ARI,COL,-154.6,128.9,0.6072,0.437,0.5815,5.0,1.0
2024-03-20,ATL,TOR,-183.9,151.9,0.6477,0.3971,0.62,10.0,9.0
2024-03-20,BAL,PHI,-161.3,133.7,0.6173,0.4279,0.5906,13.0,4.0
2024-03-20,MIA,NYM,-116.3,-18.1,0.5376,0.1536,0.7778,3.0,6.0
2024-03-20,MIN,DET,-173.3,142.7,0.6341,0.412,0.6061,3.0,12.0
2024-03-20,NYY,PIT,-171.0,141.3,0.631,0.4144,0.6036,12.0,0.0
2024-03-20,ATH,CHC,-124.7,75.4,0.555,0.57,0.4933,3.0,1.0
2024-03-20,SDP,LAD,156.7,-189.0,0.3895,0.654,0.3733,2.0,5.0
2024-03-20,WSN,STL,-98.4,76.9,0.496,0.5654,0.4673,4.0,13.0
2024-03-21,ATL,NYY,-235.1,189.7,0.7016,0.3452,0.6703,5.0,2.0
2024-03-21,BOS,BAL,-144.9,120.7,0.5916,0.4531,0.5663,3.0,2.0
2024-03-21,COL,CHC,-123.1,73.9,0.5519,0.5752,0.4897,2.0,5.0
2024-03-21,DET,NYM,-141.0,117.6,0.5851,0.4596,0.56,5.0,10.0
2024-03-21,LAD,SDP,-184.4,154.1,0.6484,0.3935,0.6223,11.0,15.0
2024-03-21,MIL,SFG,-165.4,136.7,0.6233,0.4225,0.596,6.0,7.0
2024-03-21,PHI,TBR,-117.6,-46.4,0.5404,0.3171,0.6302,5.0,6.0
2024-03-21,PIT,TOR,-119.0,-15.9,0.5434,0.1369,0.7988,2.0,3.0
2024-03-21,SEA,CIN,-142.0,119.1,0.5868,0.4563,0.5625,7.0,6.0
2024-03-21,STL,HOU,8.7,-86.9,0.9198,0.4648,0.6643,1.0,9.0
2024-03-21,WSN,MIN,-149.4,95.3,0.5991,0.5121,0.5392,9.0,8.0
2024-03-22,NYY,NYM,-165.1,136.9,0.6228,0.4222,0.596,5.0,3.0
2024-03-22,PHI,DET,-118.6,-44.7,0.5425,0.309,0.6371,3.0,4.0
2024-03-22,TOR,BOS,-175.1,144.1,0.6366,0.4096,0.6085,5.0,1.0
2024-03-23,CHC,MIL,-188.4,154.9,0.6533,0.3924,0.6248,4.0,7.0
2024-03-23,CHW,SEA,-86.1,-20.3,0.4628,0.1686,0.7329,2.0,8.0
2024-03-23,CIN,COL,-152.9,126.9,0.6045,0.4408,0.5783,6.0,2.0
2024-03-23,KCR,TEX,80.3,-130.4,0.5547,0.566,0.4949,1.0,1.0
2024-03-23,NYM,HOU,112.1,-172.9,0.4714,0.6335,0.4266,5.0,13.0
2024-03-23,NYY,PHI,-155.8,130.8,0.609,0.4334,0.5842,6.0,6.0
2024-03-23,ATH,LAA,-147.9,122.6,0.5965,0.4493,0.5704,11.0,5.0
2024-03-24,BOS,ATL,90.6,-117.7,0.5247,0.5407,0.4925,5.0,5.0
2024-03-24,CIN,CLE,-127.1,77.3,0.5597,0.5641,0.4981,7.0,10.0
2024-03-24,COL,CHW,-140.3,116.0,0.5838,0.463,0.5577,7.0,3.0
2024-03-24,DET,TBR,-133.9,111.4,0.5724,0.473,0.5476,3.0,2.0
2024-03-24,HOU,STL,86.7,-111.9,0.5356,0.528,0.5036,9.0,4.0
2024-03-24,LAD,LAA,-202.9,166.0,0.6698,0.3759,0.6405,5.0,3.0
2024-03-24,MIL,ARI,-153.4,127.4,0.6054,0.4397,0.5793,14.0,4.0
2024-03-24,MIN,BAL,70.7,-91.1,0.5858,0.4768,0.5513,3.0,8.0
2024-03-24,PHI,TOR,-144.1,119.3,0.5904,0.456,0.5642,2.0,0.0
2024-03-24,SEA,CHC,-187.7,155.0,0.6524,0.3922,0.6246,9.0,9.0
2024-03-25,ARI,CLE,-143.7,119.8,0.5896,0.4549,0.5645,6.0,0.0
2024-03-25,ATL,MIN,-150.4,125.0,0.6007,0.4444,0.5747,4.0,0.0
2024-03-25,CHC,STL,-149.3,121.7,0.5989,0.451,0.5704,3.0,6.0
2024-03-25,LAD,LAA,-199.4,164.3,0.666,0.3784,0.6377,0.0,6.0
2024-03-25,MIL,COL,-171.0,140.9,0.631,0.4152,0.6031,10.0,1.0
2024-03-25,ATH,SFG,-110.6,-80.9,0.5251,0.4471,0.5401,1.0,4.0
2024-03-25,PHI,TBR,-154.0,125.1,0.6063,0.4442,0.5772,3.0,6.0
2024-03-25,PIT,TOR,-14.9,-121.7,0.1294,0.549,0.1907,4.0,3.0
2024-03-25,SDP,SEA,-127.9,78.6,0.5611,0.56,0.5005,1.0,4.0
2024-03-25,TEX,BOS,-203.6,167.4,0.6706,0.3739,0.642,2.0,9.0
2024-03-26,ARI,CLE,-140.6,116.7,0.5843,0.4614,0.5588,6.0,1.0
2024-03-26,CHC,STL,-138.7,115.1,0.5811,0.4648,0.5556,2.0,7.0
2024-03-26,COL,MIL,-182.9,150.3,0.6465,0.3995,0.618,6.0,1.0
2024-03-26,LAA,LAD,119.8,-144.5,0.4549,0.591,0.4349,4.0,3.0
2024-03-26,MIN,ATL,71.2,-94.8,0.5842,0.4867,0.5455,9.0,6.0
2024-03-26,SDP,SEA,-139.5,115.0,0.5825,0.4651,0.556,6.0,7.0
2024-03-26,SFG,ATH,-138.5,114.8,0.5807,0.4655,0.5551,1.0,3.0
2024-03-26,TBR,DET,-129.5,107.7,0.5643,0.4815,0.5396,3.0,3.0
2024-03-26,TEX,BOS,-146.9,122.0,0.5949,0.4505,0.5691,1.0,4.0
2024-03-28,ARI,COL,-223.3,184.0,0.6907,0.3521,0.6623,16.0,1.0
2024-03-28,BAL,LAA,-195.4,162.1,0.6615,0.3815,0.6342,11.0,3.0
2024-03-28,CHW,DET,132.3,-157.6,0.4305,0.6118,0.413,0.0,1.0
2024-03-28,CIN,WSN,-159.6,133.0,0.6147,0.4292,0.5889,8.0,2.0
2024-03-28,HOU,NYY,-146.0,92.9,0.5935,0.5185,0.5337,4.0,5.0
2024-03-28,KCR,MIN,106.4,-125.9,0.4844,0.5572,0.465,1.0,4.0
2024-03-28,LAD,STL,-247.9,201.4,0.7125,0.3318,0.6823,7.0,1.0
2024-03-28,MIA,PIT,-129.7,109.4,0.5647,0.4775,0.5418,5.0,6.0
2024-03-28,ATH,CLE,125.3,-149.9,0.4439,0.5998,0.4253,0.0,8.0
2024-03-28,SDP,SFG,-111.3,-107.7,0.5267,0.5186,0.5039,6.0,4.0
2024-03-28,SEA,BOS,-157.0,131.0,0.6109,0.4329,0.5853,4.0,6.0
2024-03-28,TBR,TOR,-141.6,89.9,0.586,0.5267,0.5267,2.0,8.0
2024-03-28,TEX,CHC,-123.4,46.7,0.5524,0.6816,0.4477,4.0,3.0
2024-03-29,ARI,COL,-243.6,198.3,0.7089,0.3352,0.6789,7.0,3.0
2024-03-29,HOU,NYY,-121.9,74.4,0.5493,0.5733,0.4893,1.0,7.0
2024-03-29,LAD,STL,-228.9,188.7,0.6959,0.3464,0.6677,6.0,3.0
2024-03-29,MIA,PIT,-141.6,119.4,0.586,0.4557,0.5625,2.0,7.0
2024-03-29,NYM,MIL,-114.6,-76.0,0.534,0.4318,0.5529,1.0,3.0
2024-03-29,ATH,CLE,113.7,-135.3,0.4679,0.575,0.4487,4.0,6.0
2024-03-29,PHI,ATL,110.9,-131.4,0.4743,0.5679,0.4551,3.0,9.0
2024-03-29,SDP,SFG,-143.4,120.6,0.5892,0.4534,0.5651,3.0,8.0
2024-03-29,SEA,BOS,-153.7,129.1,0.6059,0.4364,0.5813,1.0,0.0
2024-03-29,TBR,TOR,-127.4,107.9,0.5603,0.4811,0.538,8.0,2.0
2024-03-30,ARI,COL,-186.1,155.6,0.6505,0.3913,0.6244,4.0,9.0
2024-03-30,BAL,LAA,-173.1,144.0,0.6339,0.4098,0.6073,13.0,4.0
2024-03-30,CHW,DET,174.0,-274.0,0.365,0.7326,0.3325,6.0,7.0
2024-03-30,CIN,WSN,-85.0,0.1,0.4595,0.9986,0.3151,6.0,7.0
2024-03-30,HOU,NYY,-130.4,111.0,0.566,0.4739,0.5443,3.0,5.0
2024-03-30,KCR,MIN,75.9,-123.9,0.5686,0.5533,0.5068,1.0,5.0
2024-03-30,LAD,STL,-230.6,188.7,0.6975,0.3464,0.6682,5.0,6.0
2024-03-30,MIA,PIT,-35.4,-165.7,0.2616,0.6237,0.2955,3.0,9.0
2024-03-30,NYM,MIL,-130.3,110.4,0.5658,0.4752,0.5435,6.0,7.0
2024-03-30,ATH,CLE,114.0,-134.4,0.4673,0.5734,0.449,3.0,12.0
2024-03-30,PHI,ATL,114.7,-136.3,0.4657,0.5768,0.4467,4.0,12.0
2024-03-30,SDP,SFG,-129.0,109.6,0.5633,0.4772,0.5414,6.0,9.0
2024-03-30,SEA,BOS,-235.0,172.1,0.7015,0.3675,0.6562,4.0,3.0
2024-03-30,TBR,TOR,-135.4,114.7,0.5752,0.4657,0.5526,5.0,1.0
2024-03-30,TEX,CHC,-124.3,105.1,0.5541,0.4875,0.532,11.0,2.0
2024-03-31,ARI,COL,-203.6,168.4,0.6706,0.3725,0.6429,5.0,1.0
2024-03-31,BAL,LAA,-147.1,123.4,0.5954,0.4476,0.5709,1.0,4.0
2024-03-31,CHW,DET,124.4,-147.9,0.4456,0.5965,0.4276,2.0,3.0
2024-03-31,CIN,WSN,-173.3,144.1,0.6341,0.4096,0.6075,6.0,5.0
2024-03-31,HOU,NYY,-120.1,-13.3,0.5457,0.1173,0.8231,3.0,4.0
2024-03-31,KCR,MIN,73.9,-121.4,0.5752,0.5484,0.5119,11.0,0.0
2024-03-31,LAD,STL,-178.3,148.0,0.6407,0.4032,0.6137,5.0,4.0
2024-03-31,MIA,PIT,-146.6,122.7,0.5944,0.449,0.5697,7.0,9.0
2024-03-31,NYM,MIL,-138.7,117.3,0.5811,0.4602,0.558,1.0,4.0
2024-03-31,ATH,CLE,15.3,-121.4,0.8674,0.5484,0.6127,4.0,3.0
2024-03-31,PHI,ATL,119.1,-142.3,0.4563,0.5873,0.4373,5.0,4.0
2024-03-31,SDP,SFG,-156.9,130.4,0.6107,0.434,0.5846,13.0,4.0
2024-03-31,SEA,BOS,-119.1,-72.3,0.5437,0.4196,0.5644,1.0,5.0
2024-03-31,TBR,TOR,74.1,-121.7,0.5742,0.549,0.5112,2.0,9.0
2024-03-31,TEX,CHC,-131.4,111.7,0.5679,0.4723,0.5459,5.0,9.0
2024-04-01,ARI,NYY,73.6,-121.7,0.5761,0.549,0.5121,2.0,5.0
2024-04-01,BAL,KCR,-163.7,137.0,0.6208,0.4219,0.5954,6.0,4.0
2024-04-01,CHC,COL,-240.4,195.3,0.7063,0.3387,0.6759,5.0,0.0
2024-04-01,CHW,ATL,247.1,-309.3,0.2881,0.7557,0.276,0.0,9.0
2024-04-01,HOU,TOR,-149.4,125.6,0.5991,0.4433,0.5747,10.0,0.0
2024-04-01,LAD,SFG,-211.9,175.4,0.6793,0.3631,0.6517,,
2024-04-01,MIA,LAA,-110.3,-108.6,0.5245,0.5205,0.5019,4.0,7.0
2024-04-01,NYM,DET,-138.6,116.4,0.5808,0.462,0.557,0.0,5.0
2024-04-01,ATH,BOS,131.6,-158.3,0.4318,0.6128,0.4134,0.0,9.0
2024-04-01,PHI,CIN,-146.6,123.3,0.5944,0.4479,0.5703,3.0,6.0
2024-04-01,SDP,STL,-119.6,43.4,0.5446,0.6972,0.4385,2.0,6.0
2024-04-01,SEA,CLE,-105.1,-114.3,0.5125,0.5333,0.4901,5.0,4.0
2024-04-01,TBR,TEX,-126.3,78.3,0.5581,0.5609,0.4987,3.0,9.0
2024-04-01,WSN,PIT,-109.9,-109.1,0.5235,0.5219,0.5008,4.0,8.0
2024-04-02,ARI,NYY,-206.4,-0.1,0.6737,0.0014,0.9979,7.0,0.0
2024-04-02,BAL,KCR,-166.0,139.1,0.6241,0.4182,0.5988,1.0,4.0
2024-04-02,CHC,COL,-187.6,156.0,0.6523,0.3906,0.6254,12.0,2.0
2024-04-02,CHW,ATL,161.1,-194.0,0.3829,0.6599,0.3672,3.0,2.0
2024-04-02,HOU,TOR,-153.3,128.7,0.6052,0.4372,0.5806,1.0,2.0
2024-04-02,LAD,SFG,-153.4,128.6,0.6054,0.4375,0.5805,5.0,4.0
2024-04-02,MIA,LAA,-144.0,120.1,0.5902,0.4543,0.5651,1.0,3.0
2024-04-02,MIL,MIN,-117.0,-16.7,0.5392,0.1432,0.7901,3.0,2.0
2024-04-02,ATH,BOS,126.4,-150.4,0.4416,0.6007,0.4237,4.0,5.0
2024-04-02,PHI,CIN,-142.6,120.0,0.5878,0.4545,0.5639,9.0,4.0
2024-04-02,SDP,STL,-149.1,125.4,0.5986,0.4436,0.5744,2.0,5.0
2024-04-02,SEA,CLE,-120.4,44.7,0.5463,0.691,0.4415,2.0,5.0
2024-04-02,TBR,TEX,-154.7,129.9,0.6074,0.4351,0.5827,5.0,2.0
2024-04-03,ARI,NYY,45.6,-121.9,0.6869,0.5493,0.5557,5.0,6.0
2024-04-03,BAL,KCR,-175.6,144.0,0.6371,0.4098,0.6085,4.0,3.0
2024-04-03,CHC,COL,-1610.0,321.3,0.9415,0.2374,0.7987,9.0,8.0
2024-04-03,HOU,TOR,-158.4,131.7,0.613,0.4316,0.5869,8.0,0.0
2024-04-03,LAD,SFG,-246.4,199.3,0.7113,0.3341,0.6804,5.0,4.0
2024-04-03,MIA,LAA,-113.3,-105.1,0.5311,0.5125,0.5089,,
2024-04-03,MIL,MIN,-108.0,-111.4,0.5192,0.527,0.4963,3.0,7.0
2024-04-03,ATH,BOS,138.4,-165.3,0.4194,0.623,0.4023,0.0,1.0
2024-04-03,PHI,CIN,-184.1,153.7,0.6481,0.3941,0.6218,1.0,4.0
2024-04-03,SDP,STL,-279.3,189.7,0.7363,0.3452,0.6808,3.0,2.0
2024-04-03,SEA,CLE,-156.1,130.6,0.6096,0.4337,0.5843,0.0,8.0
2024-04-03,TBR,TEX,-124.3,105.1,0.5541,0.4875,0.532,1.0,4.0
2024-04-03,WSN,PIT,129.0,-154.4,0.4367,0.607,0.4184,5.0,3.0
2024-04-04,KCR,CHW,-186.6,155.4,0.651,0.3915,0.6245,10.0,1.0
2024-04-04,MIN,CLE,-169.0,139.6,0.6283,0.4174,0.6008,2.0,4.0
2024-04-04,NYM,DET,-140.0,116.7,0.5833,0.4614,0.5583,3.0,6.0
2024-04-04,STL,MIA,-144.9,121.9,0.5916,0.4507,0.5676,8.0,5.0
2024-04-04,WSN,PIT,42.9,-119.4,0.7,0.5443,0.5626,4.0,7.0
2024-04-05,ATL,ARI,-310.0,247.9,0.7561,0.2875,0.7245,6.0,5.0
2024-04-05,CHC,LAD,157.3,-188.3,0.3887,0.6531,0.3731,9.0,7.0
2024-04-05,CIN,NYM,-130.1,81.7,0.5655,0.5503,0.5068,2.0,3.0
2024-04-05,COL,TBR,76.4,-113.0,0.5668,0.5305,0.5165,10.0,7.0
2024-04-05,DET,ATH,-243.6,198.4,0.7089,0.3351,0.679,5.0,4.0
2024-04-05,KCR,CHW,-186.3,155.6,0.6507,0.3913,0.6245,2.0,1.0
2024-04-05,LAA,BOS,-108.0,-111.0,0.5192,0.5261,0.4967,6.0,8.0
2024-04-05,MIL,SEA,-314.1,149.7,0.7585,0.4005,0.6545,6.0,5.0
2024-04-05,NYY,TOR,-157.1,131.7,0.6111,0.4316,0.5861,0.0,3.0
2024-04-05,PIT,BAL,105.6,-125.1,0.4864,0.5558,0.4667,2.0,5.0
2024-04-05,SFG,SDP,-118.3,-14.4,0.5419,0.1261,0.8112,,
2024-04-05,TEX,HOU,116.7,-138.1,0.4614,0.5801,0.443,10.0,2.0
2024-04-05,WSN,PHI,164.9,-197.9,0.3776,0.6643,0.3624,0.0,4.0
2024-04-06,ATL,ARI,-200.4,166.9,0.6671,0.3747,0.6403,9.0,8.0
2024-04-06,CHC,LAD,132.9,-157.7,0.4294,0.612,0.4124,1.0,4.0
2024-04-06,CIN,NYM,-123.9,76.1,0.5533,0.5677,0.4936,9.0,6.0
2024-04-06,COL,TBR,117.1,-138.9,0.4605,0.5813,0.442,6.0,8.0
2024-04-06,DET,ATH,-148.6,125.1,0.5977,0.4442,0.5737,0.0,4.0
2024-04-06,KCR,CHW,-226.3,185.0,0.6935,0.3509,0.664,3.0,0.0
2024-04-06,LAA,BOS,-117.7,-14.7,0.5407,0.1283,0.8083,2.0,1.0
2024-04-06,MIL,SEA,-118.0,-15.1,0.5413,0.1315,0.8045,3.0,5.0
2024-04-06,MIN,CLE,-168.4,140.7,0.6275,0.4154,0.6017,1.0,3.0
2024-04-06,NYY,TOR,-120.3,44.1,0.546,0.6938,0.4404,9.0,8.0
2024-04-06,PIT,BAL,66.1,-94.6,0.6019,0.486,0.5532,5.0,4.0
2024-04-06,SFG,SDP,-116.7,-16.4,0.5386,0.1411,0.7924,0.0,4.0
2024-04-06,STL,MIA,-146.1,123.3,0.5937,0.4479,0.57,3.0,1.0
2024-04-06,TEX,HOU,-108.3,-110.4,0.5199,0.5248,0.4977,7.0,2.0
2024-04-06,WSN,PHI,156.7,-187.6,0.3895,0.6523,0.3739,2.0,5.0
2024-04-07,ATL,ARI,-245.0,200.7,0.7101,0.3325,0.6811,5.0,2.0
2024-04-07,CHC,LAD,-44.7,-117.6,0.309,0.5404,0.3638,8.0,1.0
2024-04-07,CIN,NYM,-15.9,-120.0,0.1369,0.5455,0.2006,1.0,3.0
2024-04-07,COL,TBR,122.3,-145.0,0.4499,0.5918,0.4319,2.0,3.0
2024-04-07,DET,ATH,-207.9,171.4,0.6752,0.3684,0.647,1.0,7.0
2024-04-07,KCR,CHW,-127.7,108.4,0.5609,0.4798,0.539,5.0,3.0
2024-04-07,LAA,BOS,-17.3,-87.3,0.1474,0.4661,0.2403,2.0,12.0
2024-04-07,MIL,SEA,-132.7,83.6,0.5703,0.5447,0.5115,12.0,4.0
2024-04-07,NYY,TOR,-162.0,136.4,0.6183,0.423,0.5938,8.0,3.0
2024-04-07,PIT,BAL,-72.6,-117.9,0.4205,0.541,0.4374,3.0,2.0
2024-04-07,SFG,SDP,-170.3,141.3,0.63,0.4144,0.6032,3.0,2.0
2024-04-07,STL,MIA,-139.7,117.7,0.5828,0.4593,0.5593,3.0,10.0
2024-04-07,TEX,HOU,-110.3,-109.3,0.5245,0.5222,0.5011,1.0,3.0
2024-04-07,WSN,PHI,129.9,-154.4,0.4351,0.607,0.4175,3.0,2.0
2024-04-08,ATL,NYM,-231.7,189.9,0.6985,0.345,0.6694,7.0,8.0
2024-04-08,CIN,MIL,-109.9,-109.0,0.5235,0.5215,0.5009,10.0,8.0
2024-04-08,CLE,CHW,-286.3,142.9,0.7411,0.4118,0.6428,4.0,0.0
2024-04-08,COL,ARI,147.7,-178.0,0.4037,0.6403,0.3867,7.0,5.0
2024-04-08,LAA,TBR,124.0,-148.0,0.4464,0.5968,0.4279,7.0,1.0
2024-04-08,MIN,LAD,114.7,-135.0,0.4657,0.5745,0.4477,2.0,4.0
2024-04-08,NYY,MIA,-154.0,128.9,0.6063,0.437,0.5812,7.0,0.0
2024-04-08,PIT,DET,-128.7,108.9,0.5628,0.4788,0.5403,7.0,4.0
2024-04-08,SDP,CHC,-138.4,117.3,0.5806,0.4602,0.5578,9.0,8.0
2024-04-08,SFG,WSN,-220.9,182.0,0.6883,0.3546,0.66,1.0,8.0
2024-04-08,STL,PHI,-114.0,-76.1,0.5327,0.4323,0.552,3.0,5.0
2024-04-08,TEX,HOU,-96.6,76.7,0.4913,0.5659,0.4647,5.0,10.0
2024-04-08,TOR,SEA,-120.6,-13.0,0.5466,0.115,0.8261,5.0,2.0
2024-04-09,ATL,NYM,-1588.9,290.9,0.9408,0.2558,0.7862,6.0,5.0
2024-04-09,BOS,BAL,111.1,-130.9,0.4736,0.5668,0.4552,1.0,7.0
2024-04-09,CIN,MIL,-135.9,115.3,0.576,0.4645,0.5536,5.0,9.0
2024-04-09,CLE,CHW,-239.3,195.7,0.7053,0.3382,0.6759,5.0,7.0
2024-04-09,COL,ARI,301.1,-1584.0,0.2493,0.9406,0.2095,2.0,3.0
2024-04-09,KCR,HOU,45.6,-121.9,0.6869,0.5493,0.5557,4.0,3.0
2024-04-09,LAA,TBR,45.4,-121.9,0.6876,0.5493,0.5559,4.0,6.0
2024-04-09,MIN,LAD,155.3,-186.4,0.3917,0.6509,0.3757,3.0,6.0
2024-04-09,NYY,MIA,-213.9,176.9,0.6814,0.3612,0.6536,3.0,2.0
2024-04-09,PIT,DET,-120.9,44.7,0.5472,0.691,0.4419,3.0,5.0
2024-04-09,SDP,CHC,-180.7,68.1,0.6438,0.5947,0.5198,1.0,5.0
2024-04-09,SFG,WSN,-187.1,156.3,0.6517,0.3902,0.6255,3.0,5.0
2024-04-09,STL,PHI,116.0,-138.9,0.463,0.5813,0.4433,3.0,0.0
2024-04-09,TEX,ATH,-210.7,173.6,0.6782,0.3655,0.6498,3.0,4.0
2024-04-09,TOR,SEA,-110.3,-108.6,0.5245,0.5205,0.5019,5.0,3.0
2024-04-10,BOS,BAL,-155.9,-50.3,0.6092,0.3346,0.6455,5.0,7.0
2024-04-10,CIN,MIL,-140.4,118.6,0.5841,0.4575,0.5608,2.0,7.0
2024-04-10,CLE,CHW,-266.6,217.1,0.7272,0.3153,0.6975,7.0,6.0
2024-04-10,COL,ARI,-44.0,-118.6,0.3056,0.5425,0.3603,3.0,5.0
2024-04-10,KCR,HOU,105.7,-125.1,0.4861,0.5558,0.4665,11.0,2.0
2024-04-10,LAA,TBR,74.1,-121.3,0.5742,0.5481,0.5116,2.0,4.0
2024-04-10,MIN,LAD,-35.3,-70.9,0.2608,0.4147,0.3861,3.0,2.0
2024-04-10,NYY,MIA,-64.6,-322.7,0.3924,0.7634,0.3395,2.0,5.0
2024-04-10,SDP,CHC,-155.7,130.9,0.6089,0.4332,0.5843,10.0,2.0
2024-04-10,SFG,WSN,-204.3,170.0,0.6714,0.3704,0.6445,7.0,1.0
2024-04-10,STL,PHI,116.1,-136.9,0.4627,0.5778,0.4447,3.0,4.0
2024-04-10,TEX,ATH,-193.0,160.7,0.6587,0.3836,0.632,6.0,2.0
2024-04-10,TOR,SEA,-117.7,-15.4,0.5407,0.1337,0.8018,1.0,6.0
2024-04-11,ATL,NYM,-171.1,144.1,0.6312,0.4096,0.6065,4.0,16.0
2024-04-11,BOS,BAL,109.7,-129.1,0.4768,0.5636,0.4583,4.0,9.0
2024-04-11,KCR,HOU,111.4,-131.6,0.473,0.5682,0.4543,13.0,3.0
2024-04-11,PHI,PIT,-137.9,116.7,0.5796,0.4614,0.5567,5.0,1.0
2024-04-11,TEX,ATH,-200.0,166.4,0.6667,0.3753,0.6398,0.0,1.0
2024-04-12,ARI,STL,-122.1,74.7,0.5498,0.5724,0.49,6.0,9.0
2024-04-12,BAL,MIL,75.4,-123.0,0.57,0.5516,0.5082,1.0,11.0
2024-04-12,BOS,LAA,-116.4,-46.4,0.538,0.3171,0.6292,0.0,7.0
2024-04-12,CHW,CIN,146.3,-175.9,0.406,0.6375,0.3891,1.0,11.0
2024-04-12,DET,MIN,-118.1,13.6,0.5416,0.8805,0.3808,8.0,2.0
2024-04-12,HOU,TEX,-127.1,107.0,0.5597,0.4831,0.5368,8.0,12.0
2024-04-12,LAD,SDP,-206.1,171.3,0.6734,0.3686,0.6462,7.0,8.0
2024-04-12,MIA,ATL,165.9,-200.4,0.3761,0.6671,0.3605,1.0,8.0
2024-04-12,NYM,KCR,-139.1,117.6,0.5818,0.4596,0.5587,6.0,1.0
2024-04-12,ATH,WSN,-133.4,113.1,0.5716,0.4692,0.5492,2.0,1.0
2024-04-12,PHI,PIT,-166.1,139.9,0.6243,0.4169,0.5996,2.0,5.0
2024-04-12,SEA,CHC,-128.6,109.3,0.5625,0.4778,0.5407,4.0,2.0
2024-04-12,TBR,SFG,-140.3,-137.3,0.5838,0.5786,0.5023,2.0,1.0
2024-04-12,TOR,COL,-232.1,191.3,0.6989,0.3433,0.6706,4.0,12.0
2024-04-13,ARI,STL,-115.7,-103.6,0.5364,0.5088,0.5132,4.0,2.0
2024-04-13,BAL,MIL,-147.7,123.1,0.5963,0.4481,0.5709,5.0,11.0
2024-04-13,BOS,LAA,-134.4,-142.4,0.5734,0.5875,0.4939,7.0,2.0
2024-04-13,CHW,CIN,110.3,-130.3,0.4755,0.5658,0.4567,0.0,5.0
2024-04-13,CLE,NYY,114.4,-134.6,0.4664,0.5737,0.4484,2.0,3.0
2024-04-13,DET,MIN,74.1,-121.7,0.5742,0.549,0.5112,5.0,11.0
2024-04-13,HOU,TEX,-137.4,116.3,0.5788,0.4624,0.5559,9.0,2.0
2024-04-13,LAD,SDP,-214.0,175.7,0.6815,0.3627,0.6527,5.0,2.0
2024-04-13,MIA,ATL,182.0,-221.1,0.3546,0.6886,0.3399,5.0,1.0
2024-04-13,NYM,KCR,-163.9,137.6,0.621,0.4209,0.596,7.0,11.0
2024-04-13,ATH,WSN,113.4,-134.0,0.4685,0.5726,0.45,1.0,3.0
2024-04-13,PHI,PIT,-158.0,132.7,0.6124,0.4297,0.5877,4.0,3.0
2024-04-13,SEA,CHC,85.1,-135.1,0.5401,0.5747,0.4845,1.0,4.0
2024-04-13,TBR,SFG,-114.3,-105.1,0.5333,0.5125,0.5099,2.0,11.0
2024-04-13,TOR,COL,-191.6,160.4,0.657,0.384,0.6311,5.0,3.0
2024-04-14,ARI,STL,-144.1,121.1,0.5904,0.4522,0.5663,5.0,0.0
2024-04-14,BAL,MIL,-1615.7,311.3,0.9417,0.2431,0.7948,6.0,4.0
2024-04-14,BOS,LAA,-133.4,112.6,0.5716,0.4704,0.5485,5.0,4.0
2024-04-14,CHW,CIN,133.0,-158.4,0.4292,0.613,0.4118,4.0,11.0
2024-04-14,CLE,NYY,56.7,-82.7,0.6381,0.4527,0.585,8.0,7.0
2024-04-14,DET,MIN,-126.7,78.3,0.5589,0.5609,0.4991,4.0,3.0
2024-04-14,HOU,TEX,-116.6,-74.0,0.5383,0.4253,0.5586,8.0,5.0
2024-04-14,LAD,SDP,15.9,-595.7,0.8631,0.8563,0.502,3.0,6.0
2024-04-14,MIA,ATL,121.6,-144.6,0.4513,0.5911,0.4329,7.0,9.0
2024-04-14,NYM,KCR,-78.7,-111.6,0.4404,0.5273,0.4551,2.0,1.0
2024-04-14,ATH,WSN,-139.3,118.0,0.5821,0.4587,0.5593,7.0,6.0
2024-04-14,PHI,PIT,-193.4,160.9,0.6592,0.3834,0.6323,2.0,9.0
2024-04-14,SEA,CHC,-143.3,120.9,0.589,0.4528,0.5654,2.0,3.0
2024-04-14,TBR,SFG,-44.9,-117.1,0.3097,0.5395,0.3647,9.0,4.0
2024-04-14,TOR,COL,-257.0,206.9,0.7199,0.3259,0.6884,5.0,0.0
2024-04-15,ARI,CHC,-153.9,128.9,0.6061,0.437,0.5811,2.0,3.0
2024-04-15,BAL,MIN,-134.6,113.9,0.5737,0.4676,0.5509,7.0,4.0
2024-04-15,BOS,CLE,-153.7,128.9,0.6059,0.437,0.581,0.0,6.0
2024-04-15,CHW,KCR,147.7,-178.1,0.4037,0.6405,0.3866,0.0,2.0
2024-04-15,DET,TEX,-122.0,73.4,0.5495,0.5766,0.488,0.0,1.0
2024-04-15,HOU,ATL,18.1,-177.4,0.8464,0.6395,0.5696,1.0,6.0
2024-04-15,LAD,WSN,-409.6,320.3,0.8038,0.2379,0.7716,4.0,6.0
2024-04-15,MIA,SFG,-73.9,-116.6,0.4248,0.5383,0.4411,3.0,4.0
2024-04-15,MIL,SDP,-50.7,-114.4,0.3365,0.5336,0.3867,3.0,7.0
2024-04-15,NYM,PIT,-123.4,75.9,0.5524,0.5686,0.4928,6.0,3.0
2024-04-15,ATH,STL,145.1,-174.7,0.4079,0.636,0.3908,1.0,3.0
2024-04-15,PHI,COL,-271.4,220.7,0.7308,0.3118,0.7009,2.0,1.0
2024-04-15,SEA,CIN,-147.3,124.0,0.5956,0.4464,0.5716,9.0,3.0
2024-04-15,TBR,LAA,-163.1,137.1,0.62,0.4217,0.5952,3.0,7.0
2024-04-15,TOR,NYY,-114.0,-104.7,0.5327,0.5115,0.5101,3.0,1.0
2024-04-16,ARI,CHC,-120.7,15.6,0.5469,0.8653,0.3873,12.0,11.0
2024-04-16,BAL,MIN,-168.7,142.3,0.6279,0.4127,0.6034,11.0,3.0
2024-04-16,BOS,CLE,-118.4,-14.9,0.5422,0.1294,0.8074,7.0,10.0
2024-04-16,DET,TEX,106.6,-126.1,0.4841,0.5578,0.4646,4.0,2.0
2024-04-16,HOU,ATL,-106.3,-112.3,0.5152,0.5289,0.4934,2.0,6.0
2024-04-16,LAD,WSN,-320.0,168.6,0.7619,0.3723,0.6717,6.0,2.0
2024-04-16,MIA,SFG,112.6,-133.3,0.4704,0.5713,0.4516,6.0,3.0
2024-04-16,MIL,SDP,-72.1,-119.7,0.4191,0.5449,0.4348,3.0,6.0
2024-04-16,NYM,PIT,-114.1,-76.1,0.533,0.4323,0.5522,3.0,1.0
2024-04-16,ATH,STL,120.9,-144.1,0.4528,0.5904,0.434,2.0,3.0
2024-04-16,PHI,COL,-255.9,208.6,0.719,0.3241,0.6893,5.0,0.0
2024-04-16,SEA,CIN,-137.1,115.6,0.5783,0.4639,0.5549,3.0,1.0
2024-04-16,TBR,LAA,-152.6,127.0,0.6041,0.4405,0.5783,7.0,6.0
2024-04-16,TOR,NYY,-85.7,-76.1,0.4615,0.4323,0.5164,5.0,4.0
2024-04-17,ARI,CHC,-129.0,109.4,0.5633,0.4775,0.5412,3.0,5.0
2024-04-17,BAL,MIN,-117.4,41.4,0.5401,0.7071,0.4331,4.0,2.0
2024-04-17,BOS,CLE,-135.0,113.0,0.5745,0.4695,0.5503,2.0,0.0
2024-04-17,CHW,KCR,157.0,-188.3,0.3891,0.6531,0.3733,2.0,4.0
2024-04-17,DET,TEX,-147.0,123.6,0.5951,0.4473,0.5709,4.0,5.0
2024-04-17,HOU,ATL,114.3,-135.1,0.4667,0.5747,0.4481,4.0,5.0
2024-04-17,LAD,WSN,-233.6,189.4,0.7002,0.3455,0.6696,0.0,2.0
2024-04-17,MIA,SFG,-74.0,-116.6,0.4253,0.5383,0.4414,1.0,3.0
2024-04-17,MIL,SDP,-114.6,-104.6,0.534,0.5112,0.5109,1.0,0.0
2024-04-17,NYM,PIT,-156.7,129.9,0.6105,0.4351,0.5839,9.0,1.0
2024-04-17,ATH,STL,111.7,-131.9,0.4723,0.5687,0.4537,6.0,3.0
2024-04-17,PHI,COL,-230.0,190.4,0.697,0.3443,0.6693,7.0,6.0
2024-04-17,SEA,CIN,-131.1,111.3,0.5674,0.4733,0.5452,5.0,1.0
2024-04-17,TBR,LAA,-121.9,16.7,0.5493,0.8568,0.3906,4.0,5.0
2024-04-17,TOR,NYY,-86.6,-75.4,0.464,0.43,0.519,4.0,6.0
2024-04-18,BOS,CLE,-108.1,-110.1,0.5196,0.5241,0.4978,4.0,5.0
2024-04-18,DET,TEX,-77.7,-113.4,0.4373,0.5315,0.4514,7.0,9.0
2024-04-18,SFG,ARI,-159.6,133.7,0.6147,0.4279,0.5896,,
2024-04-18,TBR,LAA,-145.4,122.3,0.5925,0.4499,0.5684,2.0,1.0
2024-04-19,ATL,TEX,-203.1,169.3,0.6701,0.3714,0.6434,8.0,3.0
2024-04-19,CHC,MIA,-167.9,140.4,0.6267,0.4159,0.6011,8.0,3.0
2024-04-19,CIN,LAA,-164.7,57.4,0.6222,0.6352,0.4948,7.0,1.0
2024-04-19,CLE,ATH,-164.6,138.3,0.622,0.4197,0.5971,10.0,2.0
2024-04-19,KCR,BAL,113.3,-133.6,0.4689,0.5719,0.4505,9.0,4.0
2024-04-19,LAD,NYM,-201.4,167.4,0.6682,0.3739,0.6412,4.0,9.0
2024-04-19,MIN,DET,-154.1,128.9,0.6065,0.437,0.5813,4.0,5.0
2024-04-19,NYY,TBR,-179.4,150.4,0.6421,0.3993,0.6166,5.0,3.0
2024-04-19,PHI,CHW,-182.3,152.6,0.6457,0.3959,0.6199,,
2024-04-19,PIT,BOS,-117.0,-46.0,0.5392,0.3151,0.6312,1.0,8.0
2024-04-19,SDP,TOR,-110.1,-109.6,0.5241,0.5228,0.5006,1.0,5.0
2024-04-19,SFG,ARI,-125.1,77.4,0.5558,0.5636,0.4965,1.0,17.0
2024-04-19,STL,MIL,45.3,-121.6,0.6883,0.5487,0.5564,1.0,2.0
2024-04-19,WSN,HOU,129.9,-155.3,0.4351,0.6083,0.417,3.0,5.0
2024-04-20,ATL,TEX,-144.7,121.4,0.5914,0.4516,0.567,5.0,2.0
2024-04-20,CHC,MIA,-78.3,40.3,0.4391,0.7128,0.3812,2.0,3.0
2024-04-20,CIN,LAA,-120.0,15.1,0.5455,0.8685,0.3858,7.0,5.0
2024-04-20,CLE,ATH,-186.4,154.4,0.6509,0.393,0.6235,6.0,3.0
2024-04-20,COL,SEA,156.9,-188.3,0.3893,0.6531,0.3735,0.0,7.0
2024-04-20,KCR,BAL,75.0,-122.6,0.5714,0.5507,0.5092,7.0,9.0
2024-04-20,LAD,NYM,-176.4,146.4,0.6382,0.4058,0.6113,4.0,6.0
2024-04-20,MIN,DET,-140.6,118.3,0.5843,0.4581,0.5605,4.0,3.0
2024-04-20,NYY,TBR,-126.3,106.7,0.5581,0.4838,0.5357,0.0,2.0
2024-04-20,PHI,CHW,-373.1,295.7,0.7886,0.2527,0.7573,9.0,5.0
2024-04-20,PIT,BOS,-120.3,15.4,0.546,0.8663,0.3866,2.0,4.0
2024-04-20,SDP,TOR,43.7,-149.4,0.6958,0.5991,0.5374,2.0,5.0
2024-04-20,SFG,ARI,-14.3,-118.9,0.125,0.5431,0.1871,7.0,3.0
2024-04-20,STL,MIL,-137.6,116.4,0.5791,0.462,0.5562,5.0,12.0
2024-04-20,WSN,HOU,150.4,-179.7,0.3993,0.6425,0.3833,5.0,4.0
2024-04-21,ATL,TEX,-160.6,134.1,0.6162,0.4271,0.5906,4.0,6.0
2024-04-21,CHC,MIA,-124.3,105.4,0.5541,0.4868,0.5324,3.0,6.0
2024-04-21,CIN,LAA,-121.7,45.3,0.549,0.6883,0.4437,3.0,0.0
2024-04-21,CLE,ATH,-172.0,144.1,0.6324,0.4096,0.6069,6.0,2.0
2024-04-21,COL,SEA,159.4,-191.1,0.3855,0.6565,0.3699,2.0,1.0
2024-04-21,KCR,BAL,-111.0,-107.6,0.5261,0.5182,0.5037,0.0,5.0
2024-04-21,LAD,NYM,-250.7,204.1,0.7149,0.3288,0.685,10.0,0.0
2024-04-21,MIN,DET,-122.0,74.7,0.5495,0.5724,0.4898,1.0,6.0
2024-04-21,NYY,TBR,-128.7,109.1,0.5628,0.4781,0.5407,5.0,4.0
2024-04-21,PHI,CHW,-290.0,234.3,0.7436,0.2991,0.7131,8.0,2.0
2024-04-21,PIT,BOS,-152.7,128.3,0.6043,0.438,0.5797,1.0,6.0
2024-04-21,SDP,TOR,-114.4,-75.9,0.5336,0.4314,0.553,6.0,3.0
2024-04-21,SFG,ARI,-131.9,83.1,0.5687,0.546,0.5102,3.0,5.0
2024-04-21,STL,MIL,-162.9,135.0,0.6196,0.4255,0.5928,0.0,2.0
2024-04-21,WSN,HOU,149.1,-178.9,0.4014,0.6414,0.3849,6.0,0.0
2024-04-22,ATL,MIA,-215.6,177.9,0.6831,0.3599,0.6549,3.0,0.0
2024-04-22,CIN,PHI,-107.1,-112.0,0.5172,0.5283,0.4947,0.0,7.0
2024-04-22,COL,SDP,151.0,-181.1,0.3984,0.6443,0.3821,1.0,3.0
2024-04-22,KCR,TOR,43.0,-119.1,0.6993,0.5437,0.5626,3.0,5.0
2024-04-22,LAA,BAL,-108.9,-110.0,0.5212,0.5238,0.4988,2.0,4.0
2024-04-22,MIN,CHW,-207.4,172.0,0.6747,0.3676,0.6473,7.0,0.0
2024-04-22,NYY,ATH,-251.4,204.6,0.7154,0.3283,0.6854,0.0,2.0
2024-04-22,PIT,MIL,-145.9,122.7,0.5933,0.449,0.5692,4.0,2.0
2024-04-22,SFG,NYM,-112.7,-77.4,0.5299,0.4364,0.5484,5.0,2.0
2024-04-22,STL,ARI,-114.6,-76.9,0.534,0.4346,0.5513,,
2024-04-22,TBR,DET,-80.3,-110.0,0.4453,0.5238,0.4595,1.0,7.0
2024-04-23,ATL,MIA,-255.3,209.0,0.7185,0.3236,0.6895,5.0,0.0
2024-04-23,CHC,HOU,-75.9,-114.6,0.4314,0.534,0.4469,7.0,2.0
2024-04-23,CIN,PHI,80.9,-129.6,0.5529,0.5644,0.4949,8.0,1.0
2024-04-23,CLE,BOS,-120.6,72.6,0.5466,0.5795,0.4854,4.0,1.0
2024-04-23,COL,SDP,128.7,-153.4,0.4372,0.6054,0.4193,7.0,4.0
2024-04-23,KCR,TOR,104.9,-124.0,0.4881,0.5536,0.4686,3.0,2.0
2024-04-23,LAA,BAL,127.4,-152.6,0.4397,0.6041,0.4213,7.0,4.0
2024-04-23,MIN,CHW,-282.7,229.3,0.7387,0.3037,0.7087,6.0,5.0
2024-04-23,NYY,ATH,-219.6,181.4,0.6871,0.3553,0.6591,4.0,3.0
2024-04-23,PIT,MIL,-107.0,-83.6,0.5169,0.4553,0.5317,2.0,1.0
2024-04-23,SFG,NYM,-139.7,116.8,0.5828,0.4612,0.5582,5.0,1.0
2024-04-23,STL,ARI,-136.6,86.1,0.5773,0.5372,0.518,1.0,14.0
2024-04-23,TBR,DET,-166.7,140.0,0.6251,0.4167,0.6,2.0,4.0
2024-04-23,TEX,SEA,-74.4,-116.1,0.4267,0.5373,0.4426,0.0,4.0
2024-04-23,WSN,LAD,186.0,-225.7,0.3497,0.693,0.3354,1.0,4.0
2024-04-24,ATL,MIA,-266.1,216.9,0.7269,0.3156,0.6973,4.0,3.0
2024-04-24,CHC,HOU,-105.6,-112.4,0.5136,0.5293,0.4925,,
2024-04-24,CIN,PHI,-146.3,93.9,0.594,0.5158,0.5352,7.0,4.0
2024-04-24,CLE,BOS,-133.9,113.7,0.5724,0.4679,0.5502,0.0,8.0
2024-04-24,COL,SDP,129.9,-155.6,0.4351,0.6087,0.4168,2.0,5.0
2024-04-24,KCR,TOR,82.0,-131.9,0.5495,0.5687,0.4914,3.0,2.0
2024-04-24,LAA,BAL,81.0,-129.3,0.5525,0.5639,0.4949,5.0,6.0
2024-04-24,MIN,CHW,-203.6,169.3,0.6706,0.3714,0.6436,6.0,3.0
2024-04-24,NYY,ATH,-245.7,199.4,0.7107,0.334,0.6803,7.0,3.0
2024-04-24,PIT,MIL,73.9,-121.0,0.5752,0.5475,0.5123,2.0,3.0
2024-04-24,SFG,NYM,-113.4,-78.4,0.5315,0.4396,0.5473,2.0,8.0
2024-04-24,STL,ARI,-115.9,-45.9,0.5367,0.3144,0.6306,5.0,1.0
2024-04-24,TBR,DET,-105.4,-112.4,0.5132,0.5293,0.4923,7.0,5.0
2024-04-24,TEX,SEA,-143.6,120.4,0.5894,0.4537,0.5651,5.0,1.0
2024-04-24,WSN,LAD,153.7,-183.9,0.3941,0.6477,0.3783,2.0,11.0
2024-04-25,CHC,HOU,122.4,-145.6,0.4496,0.5928,0.4313,3.0,1.0
2024-04-25,CIN,PHI,144.9,-172.3,0.4084,0.6327,0.3923,,
2024-04-25,CLE,BOS,-128.3,80.3,0.562,0.5547,0.5033,6.0,4.0
2024-04-25,COL,SDP,122.4,-146.0,0.4496,0.5935,0.431,10.0,9.0
2024-04-25,KCR,TOR,-104.6,-113.7,0.5112,0.5321,0.49,2.0,1.0
2024-04-25,MIN,CHW,-206.4,171.7,0.6737,0.368,0.6467,6.0,3.0
2024-04-25,NYY,ATH,-278.3,225.3,0.7356,0.3074,0.7053,1.0,3.0
2024-04-25,PIT,MIL,115.9,-136.6,0.4633,0.5773,0.4452,5.0,7.0
2024-04-25,TEX,SEA,15.0,-119.4,0.8696,0.5443,0.615,3.0,4.0
2024-04-25,WSN,LAD,154.6,-185.3,0.3928,0.6495,0.3769,1.0,2.0
2024-04-26,ATL,CLE,-262.1,213.7,0.7239,0.3188,0.6943,6.0,2.0
2024-04-26,BAL,ATH,-290.7,234.3,0.7441,0.2991,0.7132,2.0,3.0
2024-04-26,BOS,CHC,-107.4,-111.1,0.5179,0.5264,0.4959,1.0,7.0
2024-04-26,CHW,TBR,195.0,-240.0,0.339,0.7059,0.3244,9.0,4.0
2024-04-26,DET,KCR,-124.7,77.6,0.555,0.5632,0.4963,0.0,8.0
2024-04-26,LAA,MIN,-117.0,-73.3,0.5392,0.4229,0.5604,3.0,5.0
2024-04-26,MIA,WSN,-131.6,111.0,0.5682,0.4739,0.5452,1.0,3.0
2024-04-26,MIL,NYY,85.1,-134.9,0.5401,0.5742,0.4847,7.0,6.0
2024-04-26,NYM,STL,-126.1,77.9,0.5578,0.5622,0.498,2.0,4.0
2024-04-26,SDP,PHI,-77.3,-113.0,0.4359,0.5305,0.4511,3.0,9.0
2024-04-26,SEA,ARI,108.6,-128.3,0.4795,0.562,0.4604,6.0,1.0
2024-04-26,SFG,PIT,-144.4,121.4,0.5909,0.4516,0.5668,3.0,0.0
2024-04-26,TEX,CIN,-174.7,145.4,0.636,0.4075,0.6095,2.0,1.0
2024-04-26,TOR,LAD,107.0,-126.3,0.4831,0.5581,0.464,2.0,12.0
2024-04-27,ATL,CLE,-176.4,147.9,0.6382,0.4035,0.6127,2.0,4.0
2024-04-27,BAL,ATH,-191.7,159.4,0.6572,0.3855,0.6303,7.0,0.0
2024-04-27,BOS,CHC,-102.7,-115.9,0.5067,0.5367,0.4856,17.0,0.0
2024-04-27,CHW,TBR,128.6,-191.6,0.4375,0.657,0.3997,8.0,7.0
2024-04-27,COL,HOU,177.9,-215.1,0.3599,0.6827,0.3452,4.0,12.0
2024-04-27,DET,KCR,-112.6,-106.6,0.5296,0.5159,0.5065,6.0,5.0
2024-04-27,LAA,MIN,-112.4,-77.9,0.5293,0.4378,0.5473,5.0,16.0
2024-04-27,MIA,WSN,-141.3,119.0,0.5856,0.4566,0.5619,4.0,11.0
2024-04-27,MIL,NYY,-44.4,-117.7,0.3076,0.5407,0.3626,3.0,15.0
2024-04-27,NYM,STL,114.9,-135.7,0.4654,0.5758,0.447,4.0,7.0
2024-04-27,SDP,PHI,-116.4,-74.1,0.538,0.4258,0.5582,1.0,5.0
2024-04-27,SEA,ARI,-156.1,130.9,0.6096,0.4332,0.5846,3.0,1.0
2024-04-27,SFG,PIT,-149.3,125.0,0.5989,0.4444,0.574,3.0,4.0
2024-04-27,TEX,CIN,-119.6,14.4,0.5446,0.8739,0.3839,4.0,8.0
2024-04-27,TOR,LAD,124.3,-148.6,0.4459,0.5977,0.4272,2.0,4.0
2024-04-28,ATL,CLE,-160.7,135.0,0.6164,0.4255,0.5916,4.0,3.0
2024-04-28,BAL,ATH,-202.7,166.3,0.6697,0.3755,0.6407,6.0,7.0
2024-04-28,BOS,CHC,-147.9,123.9,0.5965,0.4467,0.5718,5.0,4.0
2024-04-28,CHW,TBR,126.3,-150.1,0.4419,0.6002,0.424,4.0,2.0
2024-04-28,COL,HOU,197.9,-242.7,0.3357,0.7082,0.3216,2.0,8.0
2024-04-28,DET,KCR,-170.6,143.0,0.6304,0.4115,0.605,4.0,1.0
2024-04-28,LAA,MIN,-108.4,-110.0,0.5202,0.5238,0.4983,5.0,11.0
2024-04-28,MIA,WSN,-138.0,116.9,0.5798,0.4611,0.557,9.0,12.0
2024-04-28,MIL,NYY,115.7,-136.4,0.4636,0.577,0.4455,5.0,15.0
2024-04-28,NYM,STL,-136.9,87.3,0.5778,0.5339,0.5197,4.0,2.0
2024-04-28,SDP,PHI,-142.9,120.6,0.5882,0.4534,0.5647,6.0,8.0
2024-04-28,SEA,ARI,-139.3,117.7,0.5821,0.4593,0.5589,2.0,3.0
2024-04-28,SFG,PIT,-110.7,-79.4,0.5254,0.4427,0.5427,3.0,2.0
2024-04-28,TEX,CIN,-132.3,111.9,0.5695,0.472,0.5468,4.0,3.0
2024-04-28,TOR,LAD,-115.1,-46.3,0.5352,0.3164,0.6285,3.0,1.0
2024-04-29,ARI,LAD,118.6,-141.1,0.4575,0.5853,0.4387,4.0,8.0
2024-04-29,BAL,NYY,-133.7,111.9,0.5721,0.472,0.5479,2.0,0.0
2024-04-29,CHW,MIN,138.9,-165.4,0.4187,0.6233,0.4018,2.0,3.0
2024-04-29,LAA,PHI,125.7,-150.4,0.443,0.6007,0.4245,6.0,5.0
2024-04-29,MIA,WSN,-146.4,123.4,0.5942,0.4476,0.5704,2.0,7.0
2024-04-29,MIL,TBR,-111.9,-106.7,0.528,0.5162,0.5056,0.0,1.0
2024-04-29,NYM,CHC,-143.4,120.1,0.5892,0.4543,0.5647,1.0,3.0
2024-04-29,ATH,PIT,109.6,-129.4,0.4772,0.5641,0.4582,5.0,1.0
2024-04-29,SDP,CIN,-112.7,-105.6,0.5299,0.5136,0.5078,2.0,5.0
2024-04-29,SEA,ATL,133.6,-159.1,0.4281,0.6141,0.4108,2.0,1.0
2024-04-29,TOR,KCR,-162.4,135.9,0.6189,0.424,0.5935,6.0,5.0
2024-04-30,ARI,LAD,-8.3,-126.4,0.0765,0.5584,0.1205,4.0,3.0
2024-04-30,BAL,NYY,77.9,-126.3,0.5622,0.5581,0.5019,4.0,2.0
2024-04-30,BOS,SFG,114.4,-136.6,0.4664,0.5773,0.4469,4.0,0.0
2024-04-30,CHW,MIN,147.9,-179.1,0.4035,0.6418,0.386,5.0,6.0
2024-04-30,DET,STL,-121.7,15.7,0.549,0.8642,0.3885,1.0,2.0
2024-04-30,HOU,CLE,-169.3,140.9,0.6286,0.4152,0.6022,10.0,9.0
2024-04-30,LAA,PHI,143.9,-171.7,0.4101,0.632,0.3935,5.0,7.0
2024-04-30,MIA,COL,-137.6,115.7,0.5791,0.4636,0.5554,7.0,6.0
2024-04-30,MIL,TBR,-177.3,148.9,0.6394,0.4018,0.6141,8.0,2.0
2024-04-30,NYM,CHC,-124.4,105.1,0.5544,0.4875,0.5321,4.0,2.0
2024-04-30,ATH,PIT,115.1,-136.7,0.4648,0.5775,0.4459,5.0,2.0
2024-04-30,SDP,CIN,-201.3,85.6,0.6681,0.5389,0.5535,6.0,4.0
2024-04-30,SEA,ATL,106.9,-126.1,0.4834,0.5578,0.4643,3.0,2.0
2024-04-30,TEX,WSN,-162.0,136.4,0.6183,0.423,0.5938,7.0,1.0
2024-04-30,TOR,KCR,-129.1,108.1,0.5636,0.4804,0.5398,1.0,4.0
2024-05-01,ARI,LAD,119.4,-140.9,0.4557,0.5848,0.438,0.0,8.0
2024-05-01,BAL,NYY,-151.6,126.1,0.6025,0.4422,0.5767,0.0,2.0
2024-05-01,BOS,SFG,-153.0,99.7,0.6047,0.5007,0.5471,,
2024-05-01,CHW,MIN,183.9,-222.9,0.3523,0.6903,0.3379,5.0,10.0
2024-05-01,DET,STL,-74.3,-116.0,0.4262,0.537,0.4425,4.0,1.0
2024-05-01,HOU,CLE,-181.6,151.6,0.6449,0.3975,0.6186,2.0,3.0
2024-05-01,LAA,PHI,170.3,-205.9,0.37,0.673,0.3547,1.0,2.0
2024-05-01,MIA,COL,-143.1,120.1,0.5887,0.4543,0.5645,4.0,1.0
2024-05-01,MIL,TBR,-77.9,-112.3,0.4378,0.5289,0.4528,7.0,1.0
2024-05-01,NYM,CHC,73.7,-121.3,0.5757,0.5481,0.5123,0.0,1.0
2024-05-01,ATH,PIT,-109.0,-109.4,0.5215,0.5225,0.4995,4.0,0.0
2024-05-01,SDP,CIN,-147.7,124.1,0.5963,0.4461,0.572,6.0,2.0
2024-05-01,SEA,ATL,153.4,-186.1,0.3946,0.6505,0.3776,2.0,5.0
2024-05-01,TEX,WSN,-200.9,167.1,0.6676,0.3743,0.6407,0.0,1.0
2024-05-01,TOR,KCR,-141.9,119.4,0.5865,0.4557,0.5627,1.0,6.0
2024-05-02,BAL,NYY,-78.6,-111.9,0.44,0.528,0.4546,7.0,2.0
2024-05-02,BOS,SFG,-118.7,42.9,0.5428,0.7,0.4367,1.0,3.0
2024-05-02,HOU,CLE,-137.4,116.3,0.5788,0.4624,0.5559,8.0,2.0
2024-05-02,MIA,COL,-178.1,148.4,0.6405,0.4025,0.6141,,
2024-05-02,NYM,CHC,-116.3,-74.1,0.5376,0.4258,0.5581,7.0,6.0
2024-05-02,TEX,WSN,-198.1,165.3,0.6646,0.377,0.6381,6.0,0.0
2024-05-03,ARI,SDP,-102.9,-117.3,0.507,0.5398,0.4844,1.0,7.0
2024-05-03,CHC,MIL,-119.0,-14.3,0.5434,0.125,0.813,1.0,3.0
2024-05-03,CIN,BAL,-115.3,-74.4,0.5355,0.4267,0.5565,0.0,3.0
2024-05-03,CLE,LAA,-201.1,165.0,0.6679,0.3774,0.639,0.0,6.0
2024-05-03,HOU,SEA,-117.4,-74.0,0.5401,0.4253,0.5595,5.0,3.0
2024-05-03,KCR,TEX,-116.3,-73.7,0.5376,0.4243,0.5589,7.0,1.0
2024-05-03,LAD,ATL,-113.7,-105.1,0.5321,0.5125,0.5094,4.0,3.0
2024-05-03,MIN,BOS,-119.3,14.9,0.544,0.8706,0.3845,5.0,2.0
2024-05-03,NYY,DET,-170.9,142.9,0.6308,0.4118,0.605,2.0,1.0
2024-05-03,ATH,MIA,-149.6,125.4,0.5993,0.4436,0.5747,3.0,1.0
2024-05-03,PHI,SFG,-172.7,145.1,0.6333,0.4079,0.6082,4.0,3.0
2024-05-03,PIT,COL,-22.3,-582.4,0.1822,0.8535,0.176,2.0,3.0
2024-05-03,STL,CHW,-300.9,241.4,0.7505,0.2929,0.7193,3.0,0.0
2024-05-03,TBR,NYM,-146.6,122.9,0.5944,0.4487,0.5698,10.0,8.0
2024-05-03,WSN,TOR,168.1,-201.4,0.3729,0.6682,0.3582,9.0,3.0
2024-05-04,ARI,SDP,-119.3,-14.1,0.544,0.1239,0.8145,1.0,13.0
2024-05-04,CHC,MIL,-319.1,189.6,0.7614,0.3453,0.688,6.0,5.0
2024-05-04,CIN,BAL,-117.7,13.3,0.5407,0.8827,0.3799,1.0,2.0
2024-05-04,CLE,LAA,-128.1,80.0,0.5617,0.5556,0.5027,7.0,1.0
2024-05-04,HOU,SEA,-146.4,123.9,0.5942,0.4467,0.5708,0.0,5.0
2024-05-04,KCR,TEX,-108.4,-111.0,0.5202,0.5261,0.4972,4.0,15.0
2024-05-04,LAD,ATL,-190.7,158.4,0.656,0.387,0.629,11.0,2.0
2024-05-04,MIN,BOS,-175.7,147.1,0.6373,0.4046,0.6117,3.0,1.0
2024-05-04,NYY,DET,-168.0,141.1,0.6269,0.4147,0.6019,5.0,3.0
2024-05-04,ATH,MIA,-129.1,80.6,0.5636,0.5538,0.5044,20.0,4.0
2024-05-04,PHI,SFG,-173.1,143.6,0.6339,0.4106,0.6069,14.0,3.0
2024-05-04,PIT,COL,-225.7,186.1,0.693,0.3495,0.6648,1.0,0.0
2024-05-04,STL,CHW,-140.3,107.3,0.5838,0.4824,0.5476,5.0,6.0
2024-05-04,TBR,NYM,-110.6,-79.4,0.5251,0.4427,0.5426,3.0,1.0
2024-05-04,WSN,TOR,145.1,-173.7,0.4079,0.6347,0.3913,3.0,6.0
2024-05-05,ARI,SDP,-107.0,-111.1,0.5169,0.5264,0.4955,11.0,4.0
2024-05-05,CHC,MIL,79.9,-101.0,0.556,0.5025,0.5253,5.0,0.0
2024-05-05,CIN,BAL,-128.7,80.1,0.5628,0.5551,0.5034,1.0,11.0
2024-05-05,CLE,LAA,-149.7,125.1,0.5995,0.4442,0.5744,4.0,1.0
2024-05-05,HOU,SEA,-128.9,109.3,0.563,0.4778,0.5409,4.0,5.0
2024-05-05,KCR,TEX,14.0,-62.9,0.8772,0.386,0.6944,2.0,3.0
2024-05-05,LAD,ATL,124.4,-147.9,0.4456,0.5965,0.4276,5.0,1.0
2024-05-05,MIN,BOS,-183.3,153.6,0.647,0.3944,0.6213,2.0,9.0
2024-05-05,NYY,DET,-132.7,110.9,0.5703,0.4743,0.546,5.0,2.0
2024-05-05,ATH,MIA,-137.3,87.0,0.5786,0.5348,0.5197,3.0,12.0
2024-05-05,PHI,SFG,-79.9,-110.3,0.444,0.5245,0.4585,5.0,4.0
2024-05-05,PIT,COL,-160.1,133.9,0.6156,0.4276,0.5901,5.0,3.0
2024-05-05,STL,CHW,-165.1,138.7,0.6228,0.4189,0.5979,1.0,5.0
2024-05-05,TBR,NYM,-114.0,-47.3,0.5327,0.321,0.624,7.0,6.0
2024-05-05,WSN,TOR,-111.3,-78.0,0.5267,0.4382,0.5459,11.0,8.0
2024-05-06,CHC,SDP,-115.6,-75.0,0.5361,0.4286,0.5557,,
2024-05-06,CLE,DET,-129.6,-7.4,0.5644,0.0691,0.8909,2.0,1.0
2024-05-06,KCR,MIL,-140.6,119.1,0.5843,0.4563,0.5615,3.0,2.0
2024-05-06,LAD,MIA,-331.4,260.0,0.7682,0.2778,0.7344,6.0,3.0
2024-05-06,MIN,SEA,66.9,-89.0,0.5993,0.4709,0.56,3.0,1.0
2024-05-06,ATH,TEX,118.7,-140.3,0.4572,0.5838,0.4392,2.0,4.0
2024-05-06,PHI,SFG,-231.4,189.0,0.6983,0.346,0.6687,6.0,1.0
2024-05-06,PIT,LAA,-162.7,136.3,0.6194,0.4232,0.5941,4.0,1.0
2024-05-06,STL,NYM,-135.7,113.6,0.5758,0.4682,0.5515,3.0,4.0
2024-05-06,TBR,CHW,-204.7,85.7,0.6718,0.5385,0.5551,8.0,2.0
2024-05-07,ATL,BOS,-185.1,155.1,0.6493,0.3919,0.6236,4.0,2.0
2024-05-07,CHC,SDP,-166.4,139.4,0.6247,0.4177,0.5993,3.0,2.0
2024-05-07,CIN,ARI,110.4,-130.9,0.4752,0.5668,0.456,2.0,6.0
2024-05-07,CLE,DET,-138.3,117.3,0.5803,0.4602,0.5577,7.0,11.0
2024-05-07,COL,SFG,137.1,-163.7,0.4217,0.6208,0.4045,0.0,5.0
2024-05-07,KCR,MIL,-131.3,111.6,0.5676,0.4727,0.5457,5.0,6.0
2024-05-07,LAD,MIA,-327.9,259.3,0.7663,0.2783,0.7336,8.0,2.0
2024-05-07,MIN,SEA,-160.6,135.3,0.6162,0.425,0.5918,6.0,10.0
2024-05-07,NYY,HOU,-123.1,75.4,0.5519,0.57,0.4919,10.0,3.0
2024-05-07,ATH,TEX,53.3,-161.3,0.6524,0.6173,0.5138,8.0,15.0
2024-05-07,PHI,TOR,-119.3,-42.7,0.544,0.2993,0.6451,10.0,1.0
2024-05-07,PIT,LAA,-132.3,83.3,0.5695,0.5456,0.5107,,
2024-05-07,STL,NYM,-124.7,105.7,0.555,0.4861,0.5331,5.0,7.0
2024-05-07,TBR,CHW,-271.1,220.7,0.7306,0.3118,0.7009,5.0,1.0
2024-05-07,WSN,BAL,184.9,-225.1,0.3511,0.6924,0.3364,3.0,0.0
2024-05-08,ATL,BOS,-208.4,172.6,0.6758,0.3669,0.6481,5.0,0.0
2024-05-08,CHC,SDP,113.1,-133.6,0.4692,0.5719,0.4507,0.0,3.0
2024-05-08,CIN,ARI,-25.1,-150.3,0.2009,0.6005,0.2507,3.0,4.0
2024-05-08,CLE,DET,-129.9,109.3,0.5649,0.4778,0.5418,5.0,4.0
2024-05-08,COL,SFG,145.6,-175.6,0.4072,0.6371,0.3899,6.0,8.0
2024-05-08,KCR,MIL,-121.0,73.3,0.5475,0.5771,0.4869,6.0,4.0
2024-05-08,LAD,MIA,-273.6,219.6,0.7323,0.3129,0.7006,3.0,1.0
2024-05-08,MIN,SEA,-108.1,-110.3,0.5196,0.5245,0.4977,6.0,3.0
2024-05-08,NYY,HOU,-157.0,132.4,0.6109,0.4302,0.5868,9.0,4.0
2024-05-08,ATH,TEX,-1340.4,-818.7,0.9306,0.8912,0.5108,9.0,4.0
2024-05-08,PHI,TOR,-78.4,9.0,0.4396,0.9174,0.3239,3.0,5.0
2024-05-08,PIT,LAA,-137.0,115.9,0.5781,0.4633,0.5551,4.0,5.0
2024-05-08,TBR,CHW,-255.0,206.4,0.7183,0.3263,0.6876,1.0,4.0
2024-05-08,WSN,BAL,199.4,-288.1,0.334,0.7424,0.3103,6.0,7.0
2024-05-09,CHW,CLE,130.8,-156.3,0.4332,0.6099,0.4153,3.0,2.0
2024-05-09,CIN,ARI,-139.2,84.7,0.5819,0.5415,0.518,,
2024-05-09,COL,SFG,118.0,-139.2,0.4587,0.5819,0.4408,9.0,1.0
2024-05-09,LAA,KCR,-69.5,-115.5,0.41,0.536,0.4334,4.0,10.0
2024-05-09,MIL,STL,79.7,-100.0,0.5566,0.5,0.5268,7.0,1.0
2024-05-09,MIN,SEA,-116.3,-69.2,0.5378,0.4089,0.5681,11.0,1.0
2024-05-09,NYY,HOU,-52.8,-10.8,0.3457,0.0977,0.7796,3.0,4.0
2024-05-10,BAL,ARI,-132.3,112.3,0.5696,0.471,0.5474,4.0,2.0
2024-05-10,BOS,WSN,-219.7,181.2,0.6872,0.3557,0.6589,1.0,5.0
2024-05-10,CHW,CLE,-79.2,-6.8,0.4419,0.064,0.8735,6.0,3.0
2024-05-10,COL,TEX,158.8,-190.0,0.3863,0.6552,0.3709,4.0,2.0
2024-05-10,DET,HOU,121.2,-143.8,0.4521,0.5899,0.4339,2.0,5.0
2024-05-10,LAA,KCR,68.0,-120.2,0.5952,0.5458,0.5217,1.0,2.0
2024-05-10,MIA,PHI,159.3,-194.0,0.3856,0.6599,0.3688,2.0,8.0
2024-05-10,MIL,STL,-123.2,71.0,0.5519,0.5848,0.4855,11.0,2.0
2024-05-10,NYM,ATL,127.0,-151.0,0.4405,0.6016,0.4227,2.0,4.0
2024-05-10,PIT,CHC,-130.2,110.8,0.5655,0.4743,0.5439,2.0,7.0
2024-05-10,SDP,LAD,78.7,-115.5,0.5597,0.536,0.5108,2.0,1.0
2024-05-10,SEA,ATH,-151.8,128.0,0.6029,0.4386,0.5789,,
2024-05-10,SFG,CIN,-145.8,122.7,0.5932,0.4491,0.5691,2.0,4.0
2024-05-10,TBR,NYY,111.8,-133.5,0.4721,0.5717,0.4523,0.0,2.0
2024-05-10,TOR,MIN,-115.0,-103.3,0.5349,0.5082,0.5128,2.0,3.0
2024-05-11,BAL,ARI,-234.7,171.7,0.7012,0.3681,0.6558,5.0,4.0
2024-05-11,BOS,WSN,-157.5,132.8,0.6117,0.4295,0.5875,4.0,2.0
2024-05-11,CHW,CLE,145.7,-173.0,0.4071,0.6337,0.3911,3.0,1.0
2024-05-11,COL,TEX,125.7,-151.2,0.4431,0.6019,0.4241,8.0,3.0
2024-05-11,DET,HOU,-153.2,129.3,0.605,0.436,0.5811,8.0,2.0
2024-05-11,LAA,KCR,138.8,-167.3,0.4187,0.6259,0.4008,9.0,3.0
2024-05-11,MIA,PHI,106.5,-125.7,0.4843,0.5569,0.4651,3.0,8.0
2024-05-11,MIL,STL,-183.5,151.0,0.6473,0.3984,0.619,5.0,3.0
2024-05-11,NYM,ATL,133.8,-159.5,0.4277,0.6146,0.4103,1.0,4.0
2024-05-11,PIT,CHC,-298.7,41.2,0.7492,0.7084,0.514,10.0,9.0
2024-05-11,SDP,LAD,121.5,-144.5,0.4515,0.591,0.4331,0.0,5.0
2024-05-11,SEA,ATH,-228.3,189.3,0.6954,0.3456,0.668,1.0,8.0
2024-05-11,SFG,CIN,86.8,-142.7,0.5352,0.5879,0.4765,5.0,1.0
2024-05-11,TBR,NYY,-73.5,-111.5,0.4236,0.5272,0.4455,7.0,2.0
2024-05-11,TOR,MIN,-150.7,127.0,0.6011,0.4405,0.5771,10.0,8.0
2024-05-12,BAL,ARI,-126.3,107.2,0.5582,0.4827,0.5363,2.0,9.0
2024-05-12,BOS,WSN,-142.3,120.8,0.5873,0.4528,0.5647,3.0,2.0
2024-05-12,CHW,CLE,144.7,-172.0,0.4087,0.6324,0.3926,0.0,7.0
2024-05-12,COL,TEX,123.8,-146.7,0.4468,0.5946,0.429,3.0,1.0
2024-05-12,DET,HOU,-77.5,-107.3,0.4366,0.5177,0.4575,3.0,9.0
2024-05-12,LAA,KCR,-73.7,-111.3,0.4242,0.5268,0.446,2.0,4.0
2024-05-12,MIA,PHI,179.5,-220.8,0.3578,0.6883,0.342,7.0,6.0
2024-05-12,MIL,STL,-147.0,123.8,0.5951,0.4468,0.5712,3.0,4.0
2024-05-12,NYM,ATL,-75.7,-109.5,0.4307,0.5227,0.4518,4.0,3.0
2024-05-12,PIT,CHC,-122.8,-36.0,0.5512,0.2647,0.6756,4.0,5.0
2024-05-12,SDP,LAD,-73.8,-111.3,0.4247,0.5268,0.4464,4.0,0.0
2024-05-12,SEA,ATH,-224.5,185.2,0.6918,0.3507,0.6636,8.0,4.0
2024-05-12,SFG,CIN,-123.8,104.7,0.5532,0.4886,0.531,6.0,5.0
2024-05-12,TBR,NYY,119.7,-142.3,0.4552,0.5873,0.4366,6.0,10.0
2024-05-12,TOR,MIN,73.5,-127.2,0.5764,0.5598,0.5073,1.0,5.0
2024-05-13,ARI,CIN,-158.2,132.5,0.6127,0.4301,0.5875,6.0,5.0
2024-05-13,ATL,CHC,-141.7,120.2,0.5862,0.4542,0.5634,2.0,0.0
2024-05-13,BAL,TOR,-177.0,147.7,0.639,0.4038,0.6128,2.0,3.0
2024-05-13,BOS,TBR,-119.5,-33.2,0.5444,0.2491,0.6861,3.0,5.0
2024-05-13,DET,MIA,-193.2,157.2,0.6589,0.3889,0.6289,6.0,5.0
2024-05-13,HOU,ATH,-175.5,146.2,0.637,0.4062,0.6106,9.0,2.0
2024-05-13,LAA,STL,-72.3,-79.3,0.4197,0.4424,0.4869,5.0,10.0
2024-05-13,MIL,PIT,-139.5,117.5,0.5825,0.4598,0.5589,6.0,8.0
2024-05-13,NYM,PHI,-78.2,-74.2,0.4387,0.4258,0.5075,4.0,5.0
2024-05-13,SDP,COL,-222.8,184.0,0.6902,0.3521,0.6622,4.0,5.0
2024-05-13,SEA,KCR,-151.3,127.3,0.6021,0.4399,0.5778,6.0,2.0
2024-05-13,SFG,LAD,174.3,-211.7,0.3645,0.6791,0.3493,4.0,6.0
2024-05-13,TEX,CLE,-108.3,-76.7,0.52,0.434,0.5451,0.0,7.0
2024-05-14,ARI,CIN,-116.2,-102.3,0.5374,0.5058,0.5152,2.0,6.0
2024-05-14,ATL,CHC,-197.0,162.5,0.6633,0.381,0.6352,7.0,0.0
2024-05-14,BOS,TBR,-184.2,141.2,0.6481,0.4147,0.6098,5.0,4.0
2024-05-14,CHW,WSN,-107.4,-111.0,0.5178,0.5261,0.4961,3.0,6.0
2024-05-14,DET,MIA,-182.2,151.8,0.6456,0.3971,0.6192,0.0,1.0
2024-05-14,HOU,ATH,-184.3,152.7,0.6483,0.3958,0.6209,2.0,1.0
2024-05-14,LAA,STL,122.7,-144.5,0.4491,0.591,0.4318,6.0,7.0
2024-05-14,MIL,PIT,-161.2,136.2,0.6171,0.4234,0.5931,4.0,3.0
2024-05-14,MIN,NYY,-34.5,-118.0,0.2565,0.5413,0.3215,1.0,5.0
2024-05-14,NYM,PHI,106.2,-125.5,0.485,0.5565,0.4657,0.0,4.0
2024-05-14,SDP,COL,-291.7,238.3,0.7447,0.2956,0.7159,3.0,6.0
2024-05-14,SEA,KCR,-161.5,136.7,0.6176,0.4225,0.5938,2.0,4.0
2024-05-14,SFG,LAD,151.0,-181.3,0.3984,0.6445,0.382,2.0,10.0
2024-05-14,TEX,CLE,-121.3,68.0,0.5482,0.5952,0.4794,4.0,7.0
2024-05-15,ARI,CIN,-154.0,129.8,0.6063,0.4351,0.5822,2.0,1.0
2024-05-15,ATL,CHC,-189.0,157.8,0.654,0.3878,0.6277,,
2024-05-15,BAL,TOR,-133.2,79.3,0.5711,0.5576,0.506,3.0,2.0
2024-05-15,BOS,TBR,80.2,-1572.3,0.555,0.9402,0.3712,3.0,4.0
2024-05-15,CHW,WSN,-169.2,140.7,0.6285,0.4155,0.602,2.0,0.0
2024-05-15,DET,MIA,-164.5,139.2,0.6219,0.4181,0.598,0.0,2.0
2024-05-15,HOU,ATH,-245.8,201.7,0.7108,0.3315,0.682,3.0,0.0
2024-05-15,LAA,STL,103.3,-122.2,0.4918,0.5499,0.4721,7.0,2.0
2024-05-15,MIL,PIT,-147.2,124.0,0.5954,0.4464,0.5715,10.0,2.0
2024-05-15,MIN,NYY,-135.5,81.7,0.5754,0.5505,0.5111,0.0,4.0
2024-05-15,PHI,NYM,-198.5,165.8,0.665,0.3762,0.6387,10.0,5.0
2024-05-15,SDP,COL,-246.2,200.8,0.7111,0.3324,0.6815,0.0,8.0
2024-05-15,SEA,KCR,-536.2,242.3,0.8428,0.2921,0.7426,4.0,2.0
2024-05-15,SFG,LAD,119.5,-141.2,0.4556,0.5853,0.4377,4.0,1.0
2024-05-15,TEX,CLE,-184.3,153.8,0.6483,0.394,0.622,4.0,0.0
2024-05-16,BOS,TBR,-107.5,-111.0,0.5181,0.5261,0.4962,,
2024-05-16,CHC,PIT,-123.2,104.5,0.5519,0.489,0.5302,4.0,5.0
2024-05-16,HOU,ATH,-213.3,176.3,0.6809,0.3619,0.6529,8.0,1.0
2024-05-16,LAD,CIN,-304.2,245.8,0.7526,0.2892,0.7224,2.0,7.0
2024-05-16,MIN,NYY,-116.7,31.3,0.5385,0.7614,0.4142,0.0,5.0
2024-05-16,PHI,NYM,-138.8,118.2,0.5813,0.4584,0.5591,5.0,6.0
2024-05-17,ARI,DET,114.7,-135.7,0.4658,0.5757,0.4473,0.0,13.0
2024-05-17,ATL,SDP,-219.3,180.7,0.6868,0.3563,0.6584,1.0,3.0
2024-05-17,BAL,SEA,-133.2,113.0,0.5711,0.4695,0.5488,9.0,2.0
2024-05-17,CHC,PIT,-38.0,-113.8,0.2754,0.5323,0.3409,3.0,9.0
2024-05-17,CLE,MIN,-126.3,107.2,0.5582,0.4827,0.5363,,
2024-05-17,HOU,MIL,-72.7,-112.0,0.4208,0.5283,0.4434,5.0,4.0
2024-05-17,KCR,ATH,-202.7,168.5,0.6696,0.3724,0.6426,6.0,2.0
2024-05-17,LAD,CIN,-191.8,160.5,0.6573,0.3839,0.6313,7.0,3.0
2024-05-17,MIA,NYM,70.3,-122.7,0.5871,0.5509,0.5159,8.0,0.0
2024-05-17,NYY,CHW,-292.0,231.7,0.7449,0.3015,0.7119,4.0,2.0
2024-05-17,PHI,WSN,-260.8,208.3,0.7229,0.3243,0.6903,4.0,2.0
2024-05-17,SFG,COL,-140.7,118.5,0.5845,0.4577,0.5608,10.0,5.0
2024-05-17,STL,BOS,-109.7,-108.8,0.5231,0.5211,0.5009,10.0,6.0
2024-05-17,TEX,LAA,-184.5,153.8,0.6485,0.394,0.6221,3.0,9.0
2024-05-17,TOR,TBR,-166.0,140.2,0.6241,0.4164,0.5998,3.0,4.0
2024-05-18,ARI,DET,-144.2,121.5,0.5904,0.4515,0.5667,3.0,8.0
2024-05-18,BAL,SEA,-130.3,77.8,0.5658,0.5623,0.5016,3.0,4.0
2024-05-18,CHC,PIT,-198.8,166.2,0.6654,0.3757,0.6391,1.0,0.0
2024-05-18,CLE,MIN,68.2,-120.2,0.5946,0.5458,0.5214,11.0,4.0
2024-05-18,HOU,MIL,-177.5,146.8,0.6396,0.4051,0.6122,2.0,4.0
2024-05-18,KCR,ATH,-192.2,159.5,0.6577,0.3854,0.6306,5.0,3.0
2024-05-18,LAD,CIN,-203.2,168.5,0.6701,0.3724,0.6428,4.0,0.0
2024-05-18,MIA,NYM,106.2,-125.5,0.485,0.5565,0.4657,10.0,9.0
2024-05-18,NYY,CHW,-291.2,237.0,0.7444,0.2967,0.715,6.0,1.0
2024-05-18,PHI,WSN,-175.2,146.0,0.6366,0.4065,0.6103,4.0,3.0
2024-05-18,SFG,COL,-181.8,151.0,0.6452,0.3984,0.6182,14.0,4.0
2024-05-18,STL,BOS,35.0,-120.3,0.7407,0.5461,0.5756,7.0,2.0
2024-05-18,TEX,LAA,-133.7,113.3,0.572,0.4688,0.5496,3.0,2.0
2024-05-18,TOR,TBR,-140.0,118.5,0.5833,0.4577,0.5604,4.0,5.0
2024-05-19,ARI,DET,-142.8,120.5,0.5882,0.4535,0.5646,6.0,4.0
2024-05-19,ATL,SDP,-124.3,104.0,0.5542,0.4902,0.5307,1.0,9.0
2024-05-19,BAL,SEA,-145.2,122.2,0.5921,0.4501,0.5681,6.0,3.0
2024-05-19,CHC,PIT,-129.3,109.7,0.564,0.4769,0.5418,2.0,3.0
2024-05-19,CLE,MIN,-123.3,-65.0,0.5522,0.3939,0.5837,5.0,2.0
2024-05-19,HOU,MIL,-135.8,115.5,0.576,0.464,0.5538,9.0,4.0
2024-05-19,KCR,ATH,-176.0,147.0,0.6377,0.4049,0.6117,8.0,4.0
2024-05-19,LAD,CIN,-172.5,144.3,0.633,0.4093,0.6073,3.0,2.0
2024-05-19,MIA,NYM,121.8,-143.5,0.4508,0.5893,0.4334,3.0,7.0
2024-05-19,NYY,CHW,-314.5,254.2,0.7587,0.2824,0.7288,7.0,2.0
2024-05-19,PHI,WSN,-294.2,227.3,0.7463,0.3055,0.7095,11.0,5.0
2024-05-19,SFG,COL,-218.7,180.2,0.6862,0.3569,0.6578,4.0,1.0
2024-05-19,STL,BOS,108.7,-128.2,0.4792,0.5617,0.4604,3.0,11.0
2024-05-19,TEX,LAA,-161.7,136.2,0.6178,0.4234,0.5934,1.0,4.0
2024-05-19,TOR,TBR,-114.7,-104.0,0.5342,0.5098,0.5117,5.0,2.0
2024-05-20,ATL,SDP,-122.2,103.2,0.5499,0.4922,0.5277,5.0,6.0
2024-05-20,CLE,NYM,-126.0,106.8,0.5575,0.4835,0.5356,3.0,1.0
2024-05-20,HOU,LAA,-74.5,-127.0,0.4269,0.5595,0.4328,7.0,9.0
2024-05-20,KCR,DET,-112.7,-105.7,0.5298,0.5138,0.5077,8.0,3.0
2024-05-20,LAD,ARI,-245.3,200.3,0.7104,0.333,0.6809,6.0,4.0
2024-05-20,MIA,MIL,119.8,-141.0,0.4549,0.5851,0.4374,3.0,2.0
2024-05-20,NYY,SEA,1.3,-179.8,0.9868,0.6426,0.6056,4.0,5.0
2024-05-20,STL,BAL,-121.7,69.5,0.5489,0.59,0.482,6.0,3.0
2024-05-20,TBR,BOS,-121.2,69.0,0.5479,0.5917,0.4808,0.0,5.0
2024-05-20,TOR,CHW,-200.7,166.7,0.6674,0.375,0.6403,9.0,3.0
2024-05-20,WSN,MIN,138.2,-164.2,0.4199,0.6215,0.4032,12.0,3.0
2024-05-21,CHC,ATL,27.7,-63.8,0.7833,0.3896,0.6678,4.0,3.0
2024-05-21,CIN,SDP,69.3,-121.7,0.5906,0.5489,0.5183,2.0,0.0
2024-05-21,CLE,NYM,-120.5,68.5,0.5465,0.5935,0.4794,7.0,6.0
2024-05-21,HOU,LAA,-199.8,166.7,0.6665,0.375,0.6399,6.0,5.0
2024-05-21,KCR,DET,-112.5,-106.7,0.5294,0.5161,0.5064,10.0,3.0
2024-05-21,LAD,ARI,-167.2,138.3,0.6257,0.4196,0.5986,3.0,7.0
2024-05-21,MIA,MIL,114.0,-135.2,0.4673,0.5748,0.4484,5.0,7.0
2024-05-21,NYY,SEA,39.5,-719.0,0.7168,0.8779,0.4495,3.0,6.0
2024-05-21,ATH,COL,-127.8,108.5,0.5611,0.4796,0.5391,5.0,4.0
2024-05-21,PHI,TEX,-168.3,141.2,0.6273,0.4147,0.6021,5.0,2.0
2024-05-21,PIT,SFG,114.8,-135.3,0.4655,0.5751,0.4473,7.0,6.0
2024-05-21,TBR,BOS,-136.7,116.3,0.5775,0.4622,0.5554,2.0,5.0
2024-05-21,TOR,CHW,-193.3,160.8,0.6591,0.3834,0.6322,0.0,5.0
2024-05-21,WSN,MIN,152.3,-183.2,0.3963,0.6469,0.3799,0.0,10.0
2024-05-22,CHC,ATL,114.0,-135.8,0.4673,0.576,0.4479,2.0,9.0
2024-05-22,CIN,SDP,108.0,-127.5,0.4808,0.5604,0.4617,3.0,7.0
2024-05-22,CLE,NYM,-109.5,-75.5,0.5227,0.4302,0.5485,6.0,3.0
2024-05-22,HOU,LAA,-199.0,165.2,0.6656,0.3771,0.6383,1.0,2.0
2024-05-22,KCR,DET,-102.3,-116.5,0.5058,0.5381,0.4845,8.0,3.0
2024-05-22,LAD,ARI,-305.8,247.5,0.7536,0.2878,0.7237,0.0,6.0
2024-05-22,MIA,MIL,112.7,-134.5,0.4702,0.5736,0.4505,1.0,0.0
2024-05-22,NYY,SEA,-156.7,132.2,0.6104,0.4307,0.5863,7.0,3.0
2024-05-22,ATH,COL,-143.2,120.8,0.5888,0.4528,0.5653,3.0,4.0
2024-05-22,PHI,TEX,-124.0,104.5,0.5536,0.489,0.531,,
2024-05-22,PIT,SFG,-122.5,103.5,0.5506,0.4914,0.5284,5.0,9.0
2024-05-22,STL,BAL,135.2,-160.2,0.4252,0.6156,0.4085,3.0,1.0
2024-05-22,TBR,BOS,-140.3,118.2,0.5839,0.4584,0.5602,5.0,8.0
2024-05-22,TOR,CHW,-278.7,216.7,0.7359,0.3158,0.6997,9.0,2.0
2024-05-22,WSN,MIN,111.0,-130.8,0.4739,0.5668,0.4554,2.0,3.0
2024-05-23,CHC,ATL,-81.7,-4.2,0.4495,0.04,0.9183,0.0,3.0
2024-05-23,CHW,BAL,242.3,-349.2,0.2921,0.7774,0.2731,6.0,8.0
2024-05-23,CIN,SDP,-104.5,-113.7,0.511,0.532,0.4899,4.0,6.0
2024-05-23,DET,TOR,-110.2,-108.5,0.5242,0.5204,0.5018,1.0,9.0
2024-05-23,NYY,SEA,-151.5,127.5,0.6024,0.4396,0.5781,5.0,0.0
2024-05-23,ATH,COL,-118.0,-34.2,0.5413,0.2547,0.6801,10.0,9.0
2024-05-23,PHI,TEX,-201.7,168.0,0.6685,0.3731,0.6418,5.0,2.0
2024-05-23,PIT,SFG,-180.3,150.5,0.6433,0.3992,0.6171,6.0,7.0
2024-05-24,ARI,MIA,-188.0,157.2,0.6528,0.3889,0.6267,0.0,3.0
2024-05-24,BOS,MIL,-134.8,114.8,0.5742,0.4655,0.5523,2.0,7.0
2024-05-24,CHW,BAL,208.3,-255.8,0.3243,0.719,0.3109,4.0,6.0
2024-05-24,CIN,LAD,129.8,-155.3,0.4351,0.6084,0.417,9.0,6.0
2024-05-24,COL,PHI,173.8,-210.0,0.3652,0.6774,0.3503,3.0,2.0
2024-05-24,DET,TOR,32.7,-118.0,0.7538,0.5413,0.582,6.0,2.0
2024-05-24,LAA,CLE,-105.5,-113.0,0.5134,0.5305,0.4918,4.0,10.0
2024-05-24,MIN,TEX,-157.8,133.0,0.6122,0.4292,0.5879,3.0,2.0
2024-05-24,NYM,SFG,-139.3,117.8,0.5822,0.4591,0.5591,7.0,8.0
2024-05-24,ATH,HOU,147.7,-175.8,0.4038,0.6375,0.3878,3.0,6.0
2024-05-24,PIT,ATL,147.2,-175.7,0.4046,0.6372,0.3883,11.0,5.0
2024-05-24,SDP,NYY,35.2,-120.3,0.7398,0.5461,0.5753,0.0,8.0
2024-05-24,TBR,KCR,67.3,-119.7,0.5976,0.5448,0.5231,1.0,8.0
2024-05-24,WSN,SEA,111.5,-131.3,0.4728,0.5677,0.4544,6.0,1.0
2024-05-25,ARI,MIA,-191.0,157.8,0.6564,0.3878,0.6286,3.0,2.0
2024-05-25,BOS,MIL,-148.3,125.2,0.5973,0.4441,0.5736,3.0,6.0
2024-05-25,CHW,BAL,144.2,-172.7,0.4096,0.6333,0.3927,3.0,5.0
2024-05-25,CIN,LAD,-729.0,34.0,0.8794,0.7463,0.5409,3.0,1.0
2024-05-25,COL,PHI,195.3,-241.7,0.3386,0.7073,0.3237,4.0,8.0
2024-05-25,DET,TOR,-110.8,-108.0,0.5257,0.5192,0.5031,2.0,1.0
2024-05-25,LAA,CLE,122.8,-146.0,0.4488,0.5935,0.4306,3.0,4.0
2024-05-25,MIN,TEX,-142.8,120.3,0.5882,0.4539,0.5645,5.0,3.0
2024-05-25,NYM,SFG,-143.7,121.0,0.5896,0.4525,0.5658,2.0,7.0
2024-05-25,ATH,HOU,126.7,-150.3,0.4412,0.6005,0.4235,3.0,1.0
2024-05-25,PIT,ATL,131.8,-156.5,0.4313,0.6101,0.4142,4.0,1.0
2024-05-25,SDP,NYY,-122.2,70.0,0.5499,0.5882,0.4832,1.0,4.0
2024-05-25,STL,CHC,-111.7,-106.7,0.5276,0.5161,0.5055,7.0,6.0
2024-05-25,TBR,KCR,-109.7,-109.0,0.5231,0.5215,0.5007,4.0,7.0
2024-05-25,WSN,SEA,138.2,-164.0,0.4199,0.6212,0.4033,3.0,1.0
2024-05-26,ARI,MIA,-141.0,120.0,0.5851,0.4545,0.5628,1.0,3.0
2024-05-26,BOS,MIL,-143.8,121.2,0.5899,0.4521,0.5661,2.0,1.0
2024-05-26,CHW,BAL,140.7,-167.0,0.4155,0.6255,0.3992,1.0,4.0
2024-05-26,CIN,LAD,175.5,-213.3,0.363,0.6809,0.3477,4.0,1.0
2024-05-26,COL,PHI,177.8,-214.5,0.3599,0.682,0.3454,5.0,2.0
2024-05-26,DET,TOR,110.8,-130.5,0.4743,0.5662,0.4559,14.0,11.0
2024-05-26,LAA,CLE,-106.5,-112.2,0.5157,0.5287,0.4938,4.0,5.0
2024-05-26,MIN,TEX,-170.2,142.8,0.6299,0.4118,0.6047,2.0,6.0
2024-05-26,NYM,SFG,-29.5,-126.2,0.2278,0.5578,0.29,4.0,3.0
2024-05-26,ATH,HOU,140.3,-166.8,0.4161,0.6252,0.3996,2.0,5.0
2024-05-26,PIT,ATL,192.0,-234.3,0.3425,0.7009,0.3282,1.0,8.0
2024-05-26,SDP,NYY,109.2,-129.3,0.4781,0.564,0.4588,5.0,2.0
2024-05-26,STL,CHC,-145.2,122.2,0.5921,0.4501,0.5681,4.0,3.0
2024-05-26,TBR,KCR,-936.5,212.2,0.9035,0.3203,0.7383,4.0,1.0
2024-05-26,WSN,SEA,200.2,-295.5,0.3331,0.7472,0.3084,5.0,9.0
2024-05-27,ATL,WSN,-217.2,177.5,0.6847,0.3604,0.6552,4.0,8.0
2024-05-27,BAL,BOS,-159.3,134.7,0.6144,0.4261,0.5905,11.0,3.0
2024-05-27,CHW,TOR,170.0,-203.7,0.3704,0.6707,0.3558,1.0,5.0
2024-05-27,CIN,STL,-153.3,129.5,0.6053,0.4357,0.5814,3.0,1.0
2024-05-27,COL,CLE,113.0,-133.2,0.4695,0.5711,0.4512,8.0,6.0
2024-05-27,MIL,CHC,-106.7,-112.3,0.5161,0.529,0.4938,5.0,1.0
2024-05-27,MIN,KCR,-168.3,140.8,0.6273,0.4152,0.6017,6.0,5.0
2024-05-27,SDP,MIA,-198.2,163.8,0.6646,0.379,0.6368,2.0,1.0
2024-05-27,SEA,HOU,74.0,-126.2,0.5747,0.5578,0.5074,,
2024-05-27,SFG,PHI,-129.2,76.0,0.5636,0.5682,0.498,8.0,4.0
2024-05-28,ATL,WSN,-251.2,205.2,0.7152,0.3277,0.6858,2.0,0.0
2024-05-28,BAL,BOS,-172.5,145.0,0.633,0.4082,0.608,3.0,8.0
2024-05-28,CHW,TOR,182.8,-224.2,0.3536,0.6915,0.3383,2.0,7.0
2024-05-28,CIN,STL,-128.5,109.0,0.5624,0.4785,0.5403,1.0,7.0
2024-05-28,COL,CLE,128.0,-159.0,0.4386,0.6139,0.4167,7.0,13.0
2024-05-28,LAA,NYY,153.3,-186.8,0.3947,0.6514,0.3773,4.0,3.0
2024-05-28,MIL,CHC,-160.8,136.2,0.6166,0.4234,0.5929,3.0,6.0
2024-05-28,MIN,KCR,112.2,-133.3,0.4713,0.5714,0.452,4.0,2.0
2024-05-28,NYM,LAD,167.8,-202.0,0.3734,0.6689,0.3582,2.0,5.0
2024-05-28,SDP,MIA,-133.8,79.5,0.5723,0.5571,0.5067,4.0,0.0
2024-05-28,SEA,HOU,-128.2,107.0,0.5617,0.4831,0.5376,4.0,2.0
2024-05-28,SFG,PHI,166.3,-203.3,0.3755,0.6703,0.359,1.0,0.0
2024-05-28,TBR,ATH,-175.0,146.2,0.6364,0.4062,0.6104,0.0,3.0
2024-05-28,TEX,ARI,-124.0,71.2,0.5536,0.5842,0.4865,4.0,2.0
2024-05-29,ATL,WSN,-152.8,128.5,0.6045,0.4376,0.5801,2.0,7.0
2024-05-29,BAL,BOS,-179.3,149.5,0.642,0.4008,0.6157,6.0,1.0
2024-05-29,CHW,TOR,167.3,-201.0,0.3741,0.6678,0.359,1.0,3.0
2024-05-29,CIN,STL,-122.8,70.7,0.5512,0.5859,0.4847,3.0,5.0
2024-05-29,COL,CLE,128.2,-152.7,0.4383,0.6042,0.4204,7.0,4.0
2024-05-29,DET,PIT,70.2,-90.4,0.5875,0.4748,0.5531,8.0,0.0
2024-05-29,LAA,NYY,170.5,-208.0,0.3697,0.6753,0.3538,1.0,2.0
2024-05-29,MIL,CHC,121.8,-146.3,0.4508,0.594,0.4314,10.0,6.0
2024-05-29,MIN,KCR,-129.2,76.3,0.5636,0.5671,0.4985,1.0,6.0
2024-05-29,NYM,LAD,71.8,-124.5,0.582,0.5546,0.5121,3.0,10.0
2024-05-29,SDP,MIA,-181.7,151.2,0.645,0.3981,0.6183,1.0,9.0
2024-05-29,SEA,HOU,-110.5,-108.8,0.5249,0.5211,0.5018,2.0,1.0
2024-05-29,SFG,PHI,112.7,-132.7,0.4702,0.5702,0.452,1.0,6.0
2024-05-29,TBR,ATH,-183.8,153.2,0.6477,0.395,0.6212,4.0,3.0
2024-05-29,TEX,ARI,-132.5,112.5,0.5699,0.4706,0.5477,6.0,1.0
2024-05-30,ATL,WSN,-197.0,163.8,0.6633,0.379,0.6364,1.0,3.0
2024-05-30,BOS,DET,-120.5,68.5,0.5465,0.5935,0.4794,0.0,5.0
2024-05-30,LAA,NYY,148.5,-177.8,0.4024,0.6401,0.386,3.0,8.0
2024-05-30,MIL,CHC,-121.7,69.5,0.5489,0.59,0.482,6.0,4.0
2024-05-30,MIN,KCR,-155.8,131.3,0.6091,0.4323,0.5849,7.0,6.0
2024-05-30,NYM,ARI,105.5,-124.3,0.4866,0.5542,0.4675,3.0,2.0
2024-05-30,SEA,HOU,-133.8,113.3,0.5723,0.4688,0.5498,0.0,4.0
2024-05-30,TBR,ATH,-158.7,133.3,0.6134,0.4286,0.5887,6.0,5.0
2024-05-31,ATL,ATH,-230.8,191.5,0.6977,0.3431,0.6704,4.0,2.0
2024-05-31,BAL,TBR,-143.3,120.7,0.589,0.4532,0.5652,3.0,1.0
2024-05-31,BOS,DET,-168.3,141.3,0.6273,0.4144,0.6022,7.0,3.0
2024-05-31,CHC,CIN,-35.8,-54.3,0.2638,0.3521,0.4284,4.0,5.0
2024-05-31,CLE,WSN,-235.2,192.0,0.7016,0.3425,0.672,7.0,1.0
2024-05-31,HOU,MIN,-111.7,-106.8,0.5276,0.5165,0.5053,1.0,6.0
2024-05-31,KCR,SDP,113.8,-134.8,0.4677,0.5742,0.4489,8.0,11.0
2024-05-31,LAD,COL,-349.2,275.3,0.7774,0.2664,0.7447,1.0,4.0
2024-05-31,MIA,TEX,115.7,-135.8,0.4637,0.576,0.446,8.0,2.0
2024-05-31,MIL,CHW,-180.3,151.0,0.6433,0.3984,0.6175,12.0,5.0
2024-05-31,NYM,ARI,-120.5,68.2,0.5465,0.5946,0.4789,10.0,9.0
2024-05-31,PHI,STL,-203.7,169.2,0.6707,0.3715,0.6435,4.0,2.0
2024-05-31,SEA,LAA,-160.3,135.3,0.6159,0.4249,0.5917,5.0,4.0
2024-05-31,SFG,NYY,114.0,-135.2,0.4673,0.5748,0.4484,2.0,6.0
2024-05-31,TOR,PIT,-178.5,149.7,0.6409,0.4005,0.6154,5.0,3.0
2024-06-01,ATL,ATH,-320.8,256.7,0.7624,0.2804,0.7311,9.0,11.0
2024-06-01,BAL,TBR,-160.2,135.3,0.6156,0.4249,0.5916,9.0,5.0
2024-06-01,BOS,DET,-75.0,-111.3,0.4286,0.5268,0.4486,6.0,3.0
2024-06-01,CHC,CIN,-142.2,120.0,0.5871,0.4545,0.5636,7.0,5.0
2024-06-01,CLE,WSN,-147.5,123.8,0.596,0.4468,0.5715,3.0,2.0
2024-06-01,HOU,MIN,-123.2,70.7,0.5519,0.5859,0.485,5.0,2.0
2024-06-01,KCR,SDP,-117.7,32.3,0.5406,0.7557,0.417,3.0,7.0
2024-06-01,LAD,COL,-319.2,256.7,0.7614,0.2804,0.7309,4.0,1.0
2024-06-01,MIA,TEX,-78.7,-73.8,0.4403,0.4247,0.509,0.0,7.0
2024-06-01,MIL,CHW,-168.2,139.7,0.6271,0.4172,0.6005,4.0,3.0
2024-06-01,NYM,ARI,-125.5,106.2,0.5565,0.485,0.5343,5.0,10.0
2024-06-01,PHI,STL,-160.3,135.5,0.6159,0.4246,0.5919,6.0,1.0
2024-06-01,SEA,LAA,-165.3,139.3,0.6231,0.4178,0.5986,9.0,0.0
2024-06-01,SFG,NYY,-111.3,-106.5,0.5268,0.5157,0.5053,3.0,7.0
2024-06-01,TOR,PIT,-148.8,125.8,0.5981,0.4428,0.5746,1.0,8.0
2024-06-02,ATL,ATH,-255.0,207.5,0.7183,0.3252,0.6884,3.0,1.0
2024-06-02,BAL,TBR,-130.2,110.3,0.5655,0.4754,0.5433,3.0,4.0
2024-06-02,BOS,DET,-154.0,130.3,0.6063,0.4342,0.5827,4.0,8.0
2024-06-02,CHC,CIN,-122.0,70.0,0.5495,0.5882,0.483,2.0,5.0
2024-06-02,CLE,WSN,-136.8,116.2,0.5778,0.4626,0.5553,2.0,5.0
2024-06-02,HOU,MIN,-146.3,123.7,0.594,0.4471,0.5706,3.0,4.0
2024-06-02,KCR,SDP,-125.8,106.8,0.5572,0.4835,0.5354,4.0,3.0
2024-06-02,LAD,COL,-269.5,217.8,0.7294,0.3146,0.6986,4.0,0.0
2024-06-02,MIA,TEX,107.0,-126.7,0.4831,0.5588,0.4637,0.0,6.0
2024-06-02,MIL,CHW,-338.3,267.5,0.7719,0.2721,0.7394,6.0,3.0
2024-06-02,NYM,ARI,-70.8,-114.0,0.4146,0.5327,0.4377,4.0,5.0
2024-06-02,PHI,STL,-140.0,118.5,0.5833,0.4577,0.5604,4.0,5.0
2024-06-02,SEA,LAA,-209.7,173.8,0.6771,0.3652,0.6496,5.0,1.0
2024-06-02,SFG,NYY,117.5,-139.5,0.4598,0.5825,0.4411,5.0,7.0
2024-06-02,TOR,PIT,-174.0,145.5,0.635,0.4073,0.6092,5.0,4.0
2024-06-03,ARI,SFG,-130.8,110.5,0.5668,0.4751,0.544,,
2024-06-03,COL,CIN,-67.8,-118.0,0.4042,0.5413,0.4275,3.0,13.0
2024-06-03,HOU,STL,-182.7,152.7,0.6462,0.3958,0.6202,7.0,4.0
2024-06-03,LAA,SDP,124.2,-147.3,0.4461,0.5957,0.4282,2.0,1.0
2024-06-03,PHI,MIL,-202.8,168.7,0.6698,0.3722,0.6428,3.0,1.0
2024-06-03,TEX,DET,-109.0,-109.8,0.5215,0.5234,0.4991,,
2024-06-03,TOR,BAL,-33.7,-118.7,0.2519,0.5427,0.317,2.0,7.0
2024-06-03,WSN,NYM,-58.3,-76.8,0.3684,0.4345,0.4589,7.0,8.0
2024-06-04,ARI,SFG,-117.2,-1.3,0.5395,0.0132,0.9762,8.0,5.0
2024-06-04,BOS,ATL,136.8,-162.0,0.4222,0.6183,0.4058,3.0,8.0
2024-06-04,CHC,CHW,-228.2,176.0,0.6953,0.3623,0.6574,7.0,6.0
2024-06-04,CLE,KCR,-130.8,111.2,0.5668,0.4736,0.5448,8.0,5.0
2024-06-04,COL,CIN,110.0,-130.2,0.4762,0.5655,0.4571,1.0,4.0
2024-06-04,HOU,STL,-155.5,131.3,0.6086,0.4323,0.5847,8.0,5.0
2024-06-04,LAA,SDP,-111.5,-106.8,0.5272,0.5165,0.5051,,
2024-06-04,MIA,TBR,108.5,-128.2,0.4796,0.5617,0.4606,5.0,9.0
2024-06-04,NYY,MIN,-181.5,151.3,0.6448,0.3979,0.6184,5.0,1.0
2024-06-04,ATH,SEA,212.8,-342.3,0.3197,0.7739,0.2923,3.0,4.0
2024-06-04,PHI,MIL,-159.8,134.2,0.6151,0.427,0.5902,2.0,1.0
2024-06-04,PIT,LAD,157.2,-189.0,0.3889,0.654,0.3729,1.0,0.0
2024-06-04,TEX,DET,-111.5,-107.2,0.5272,0.5173,0.5047,1.0,3.0
2024-06-04,TOR,BAL,126.5,-149.7,0.4415,0.5995,0.4241,1.0,10.0
2024-06-04,WSN,NYM,118.0,-139.7,0.4587,0.5828,0.4405,3.0,6.0
2024-06-05,ARI,SFG,-112.7,-72.8,0.5298,0.4214,0.557,3.0,9.0
2024-06-05,BOS,ATL,-111.2,-107.0,0.5264,0.5169,0.5046,9.0,0.0
2024-06-05,CHC,CHW,-200.2,167.2,0.6669,0.3743,0.6405,7.0,6.0
2024-06-05,COL,CIN,118.5,-141.0,0.4577,0.5851,0.4389,7.0,12.0
2024-06-05,HOU,STL,-156.5,131.8,0.6101,0.4313,0.5858,2.0,4.0
2024-06-05,LAA,SDP,146.7,-176.8,0.4054,0.6388,0.3883,3.0,2.0
2024-06-05,MIA,TBR,113.2,-133.2,0.4691,0.5711,0.451,3.0,5.0
2024-06-05,NYY,MIN,-179.5,150.3,0.6422,0.3995,0.6165,9.0,5.0
2024-06-05,ATH,SEA,136.8,-162.5,0.4222,0.619,0.4055,2.0,1.0
2024-06-05,PHI,MIL,-174.5,145.7,0.6357,0.4071,0.6096,2.0,0.0
2024-06-05,PIT,LAD,-115.0,-3.2,0.5349,0.0307,0.9457,10.0,6.0
2024-06-05,TEX,DET,-146.5,123.5,0.5943,0.4474,0.5705,9.0,1.0
2024-06-05,TOR,BAL,-118.0,-67.7,0.5413,0.4036,0.5729,3.0,2.0
2024-06-05,WSN,NYM,122.8,-145.3,0.4488,0.5924,0.431,1.0,9.0
2024-06-06,CHW,BOS,198.0,-241.7,0.3356,0.7073,0.3218,2.0,14.0
2024-06-06,CIN,CHC,-127.0,108.0,0.5595,0.4808,0.5378,8.0,4.0
2024-06-06,CLE,KCR,-167.8,141.5,0.6266,0.4141,0.6021,,
2024-06-06,NYY,MIN,-148.7,124.8,0.5979,0.4448,0.5734,8.0,5.0
2024-06-06,ATH,SEA,124.3,-147.5,0.4458,0.596,0.4279,0.0,3.0
2024-06-06,PIT,LAD,150.7,-179.7,0.3989,0.6424,0.3831,7.0,11.0
2024-06-06,SDP,ARI,-116.7,-35.5,0.5385,0.262,0.6727,,
2024-06-06,STL,COL,-224.2,185.0,0.6915,0.3509,0.6634,2.0,3.0
2024-06-06,TOR,BAL,-125.5,73.3,0.5565,0.5769,0.491,6.0,5.0
2024-06-06,WSN,ATL,140.7,-167.2,0.4155,0.6257,0.3991,2.0,5.0
2024-06-07,CHW,BOS,-110.8,-74.0,0.5257,0.4253,0.5528,7.0,2.0
2024-06-07,CIN,CHC,-294.8,151.0,0.7467,0.3984,0.6521,3.0,2.0
2024-06-07,DET,MIL,-119.0,-34.2,0.5434,0.2547,0.6809,0.0,10.0
2024-06-07,KCR,SEA,107.7,-126.8,0.4815,0.5591,0.4627,10.0,9.0
2024-06-07,LAA,HOU,141.7,-167.5,0.4138,0.6262,0.3979,1.0,7.0
2024-06-07,MIA,CLE,-72.3,-112.7,0.4197,0.5298,0.442,3.0,2.0
2024-06-07,NYY,LAD,90.2,-147.3,0.5259,0.5957,0.4689,1.0,2.0
2024-06-07,ATH,TOR,140.5,-166.3,0.4158,0.6245,0.3997,2.0,1.0
2024-06-07,PIT,MIN,107.5,-127.3,0.4819,0.5601,0.4625,3.0,0.0
2024-06-07,SDP,ARI,-127.8,74.8,0.5611,0.572,0.4952,10.0,3.0
2024-06-07,STL,COL,-184.8,154.2,0.6489,0.3934,0.6225,8.0,5.0
2024-06-07,TBR,BAL,-109.5,-109.2,0.5227,0.5219,0.5004,3.0,6.0
2024-06-07,TEX,SFG,104.8,-123.8,0.4882,0.5532,0.4688,2.0,5.0
2024-06-07,WSN,ATL,125.5,-193.2,0.4435,0.6589,0.4023,2.0,1.0
2024-06-08,CHW,BOS,190.0,-231.3,0.3448,0.6982,0.3306,6.0,1.0
2024-06-08,CIN,CHC,-121.2,35.7,0.5479,0.7371,0.4264,4.0,3.0
2024-06-08,DET,MIL,145.7,-174.5,0.4071,0.6357,0.3904,4.0,5.0
2024-06-08,KCR,SEA,112.7,-132.3,0.4702,0.5696,0.4522,8.0,4.0
2024-06-08,LAA,HOU,143.7,-172.0,0.4104,0.6324,0.3936,1.0,6.0
2024-06-08,MIA,CLE,137.8,-163.2,0.4205,0.62,0.4041,0.0,8.0
2024-06-08,NYM,PHI,138.0,-163.8,0.4202,0.621,0.4036,2.0,7.0
2024-06-08,NYY,LAD,-116.7,-68.7,0.5385,0.4071,0.5695,3.0,11.0
2024-06-08,ATH,TOR,137.2,-162.0,0.4216,0.6183,0.4054,0.0,7.0
2024-06-08,PIT,MIN,39.3,-125.3,0.7177,0.5562,0.5634,4.0,0.0
2024-06-08,SDP,ARI,-154.7,130.8,0.6073,0.4332,0.5837,13.0,1.0
2024-06-08,STL,COL,-96.3,13.2,0.4907,0.8837,0.357,5.0,6.0
2024-06-08,TBR,BAL,116.5,-137.5,0.4619,0.5789,0.4438,0.0,5.0
2024-06-08,TEX,SFG,-123.0,36.7,0.5516,0.7317,0.4298,1.0,3.0
2024-06-08,WSN,ATL,114.3,-134.7,0.4666,0.5739,0.4484,7.0,3.0
2024-06-09,CHW,BOS,125.0,-148.3,0.4444,0.5973,0.4266,4.0,6.0
2024-06-09,CIN,CHC,113.5,-133.8,0.4684,0.5723,0.4501,2.0,4.0
2024-06-09,DET,MIL,-171.0,143.2,0.631,0.4112,0.6054,10.0,2.0
2024-06-09,KCR,SEA,-132.0,79.0,0.569,0.5587,0.5046,5.0,6.0
2024-06-09,LAA,HOU,78.7,-104.8,0.5597,0.5118,0.5224,9.0,7.0
2024-06-09,MIA,CLE,66.7,-118.3,0.6,0.542,0.5254,3.0,6.0
2024-06-09,NYY,LAD,-90.7,-16.3,0.4755,0.1404,0.772,6.0,4.0
2024-06-09,ATH,TOR,77.5,-130.7,0.5634,0.5665,0.4986,4.0,6.0
2024-06-09,PHI,NYM,-145.5,122.8,0.5927,0.4488,0.5691,5.0,6.0
2024-06-09,PIT,MIN,-118.2,-34.2,0.5416,0.2547,0.6802,5.0,11.0
2024-06-09,SDP,ARI,-131.7,111.8,0.5683,0.4721,0.5463,3.0,9.0
2024-06-09,STL,COL,-176.7,147.3,0.6386,0.4043,0.6123,5.0,1.0
2024-06-09,TBR,BAL,120.8,-142.8,0.4528,0.5882,0.435,2.0,9.0
2024-06-09,TEX,SFG,-158.3,133.5,0.6129,0.4283,0.5887,7.0,2.0
2024-06-09,WSN,ATL,151.8,-182.0,0.3971,0.6454,0.3809,8.0,5.0
2024-06-10,KCR,NYY,-34.2,-118.3,0.2547,0.542,0.3197,2.0,4.0
2024-06-10,MIL,TOR,-120.7,68.2,0.5468,0.5946,0.4791,3.0,1.0
2024-06-10,MIN,COL,-240.8,196.7,0.7066,0.3371,0.677,5.0,0.0
2024-06-10,SDP,ATH,-237.5,194.7,0.7037,0.3394,0.6746,6.0,1.0
2024-06-10,SEA,CHW,-387.5,247.8,0.7949,0.2875,0.7344,8.0,4.0
2024-06-10,SFG,HOU,-34.3,-118.2,0.2556,0.5416,0.3206,4.0,3.0
2024-06-10,TBR,BAL,122.8,-145.7,0.4488,0.5929,0.4308,2.0,5.0
2024-06-11,ARI,LAA,-159.3,134.7,0.6144,0.4261,0.5905,9.0,4.0
2024-06-11,BAL,ATL,118.5,-140.7,0.4577,0.5845,0.4392,4.0,0.0
2024-06-11,BOS,PHI,132.8,-157.5,0.4295,0.6117,0.4125,1.0,4.0
2024-06-11,CIN,CLE,-75.5,-109.3,0.4302,0.5223,0.4517,3.0,5.0
2024-06-11,DET,WSN,-130.0,-60.5,0.5652,0.3769,0.5999,4.0,5.0
2024-06-11,KCR,NYY,112.8,-132.8,0.4699,0.5705,0.4516,1.0,10.0
2024-06-11,LAD,TEX,-165.3,139.0,0.6231,0.4184,0.5983,15.0,2.0
2024-06-11,MIL,TOR,-1.0,-117.3,0.0099,0.5399,0.018,0.0,3.0
2024-06-11,MIN,COL,-205.0,170.8,0.6721,0.3692,0.6454,4.0,5.0
2024-06-11,NYM,MIA,-150.2,126.7,0.6003,0.4412,0.5764,2.0,4.0
2024-06-11,SDP,ATH,-155.0,131.0,0.6078,0.4329,0.584,4.0,3.0
2024-06-11,SEA,CHW,-189.7,158.3,0.6548,0.3871,0.6285,4.0,3.0
2024-06-11,SFG,HOU,-115.7,-36.0,0.5363,0.2647,0.6695,1.0,3.0
2024-06-11,STL,PIT,120.8,-143.8,0.4528,0.5899,0.4343,1.0,2.0
2024-06-11,TBR,CHC,-141.0,116.0,0.5851,0.463,0.5583,5.0,2.0
2024-06-12,ARI,LAA,-148.0,124.7,0.5968,0.4451,0.5728,3.0,8.0
2024-06-12,BAL,ATL,-119.8,34.2,0.5451,0.7453,0.4224,4.0,2.0
2024-06-12,BOS,PHI,103.8,-122.7,0.4906,0.5509,0.4711,8.0,6.0
2024-06-12,CIN,CLE,-112.0,-106.3,0.5283,0.5153,0.5062,4.0,2.0
2024-06-12,DET,WSN,-127.2,106.0,0.5598,0.4854,0.5356,5.0,7.0
2024-06-12,KCR,NYY,138.3,-164.5,0.4196,0.6219,0.4029,5.0,11.0
2024-06-12,LAD,TEX,-171.0,143.0,0.631,0.4115,0.6053,2.0,3.0
2024-06-12,MIL,TOR,-267.7,135.3,0.728,0.4249,0.6314,5.0,4.0
2024-06-12,MIN,COL,-247.5,201.7,0.7122,0.3315,0.6824,17.0,9.0
2024-06-12,NYM,MIA,-154.5,130.3,0.6071,0.4342,0.583,10.0,4.0
2024-06-12,SDP,ATH,-214.3,174.8,0.6819,0.3639,0.6521,5.0,4.0
2024-06-12,SEA,CHW,-254.2,208.0,0.7176,0.3247,0.6885,2.0,1.0
2024-06-12,SFG,HOU,-118.8,33.5,0.543,0.7491,0.4203,5.0,3.0
2024-06-12,STL,PIT,-173.0,145.0,0.6337,0.4082,0.6082,4.0,2.0
2024-06-12,TBR,CHC,-158.3,-42.8,0.6129,0.2999,0.6715,3.0,4.0
2024-06-13,ARI,LAA,-199.3,166.3,0.6659,0.3755,0.6395,11.0,1.0
2024-06-13,BAL,ATL,89.0,-921.0,0.5291,0.9021,0.3697,3.0,6.0
2024-06-13,BOS,PHI,-107.8,-110.5,0.5188,0.5249,0.4971,9.0,3.0
2024-06-13,DET,WSN,-147.3,91.0,0.5957,0.5236,0.5322,7.0,2.0
2024-06-13,KCR,NYY,135.2,-159.8,0.4252,0.6151,0.4087,4.0,3.0
2024-06-13,LAD,TEX,-198.2,164.3,0.6646,0.3783,0.6373,1.0,3.0
2024-06-13,MIN,ATH,-263.0,214.3,0.7245,0.3181,0.6949,6.0,2.0
2024-06-13,NYM,MIA,-202.8,169.5,0.6698,0.3711,0.6435,3.0,2.0
2024-06-13,SEA,CHW,-127.5,-26.3,0.5604,0.2084,0.7289,2.0,3.0
2024-06-13,STL,PIT,-69.3,-116.2,0.4094,0.5374,0.4324,4.0,3.0
2024-06-13,TBR,CHC,-106.2,-111.8,0.515,0.5279,0.4938,3.0,2.0
2024-06-14,ARI,CHW,-194.3,162.5,0.6602,0.381,0.6341,7.0,1.0
2024-06-14,ATL,TBR,-219.2,180.7,0.6867,0.3563,0.6584,7.0,3.0
2024-06-14,BAL,PHI,-133.3,113.8,0.5714,0.4677,0.5499,3.0,5.0
2024-06-14,BOS,NYY,128.8,-153.0,0.437,0.6047,0.4195,1.0,8.0
2024-06-14,CHC,STL,-118.5,33.0,0.5423,0.7519,0.419,0.0,3.0
2024-06-14,COL,PIT,-105.8,-111.8,0.5142,0.5279,0.4934,2.0,5.0
2024-06-14,HOU,DET,-116.5,-2.0,0.5381,0.0196,0.9648,4.0,0.0
2024-06-14,LAD,KCR,-153.7,129.0,0.6058,0.4367,0.5811,4.0,3.0
2024-06-14,MIL,CIN,-160.5,134.8,0.6161,0.4258,0.5913,,
2024-06-14,MIN,ATH,-180.2,150.2,0.6431,0.3997,0.6167,6.0,5.0
2024-06-14,NYM,SDP,-111.0,-107.5,0.5261,0.5181,0.5038,2.0,1.0
2024-06-14,SEA,TEX,-144.0,122.0,0.5902,0.4505,0.5671,3.0,2.0
2024-06-14,SFG,LAA,-149.0,125.3,0.5984,0.4438,0.5742,6.0,8.0
2024-06-14,TOR,CLE,-145.2,122.7,0.5921,0.4491,0.5687,1.0,3.0
2024-06-14,WSN,MIA,-178.2,148.2,0.6405,0.403,0.6138,8.0,1.0
2024-06-15,ARI,CHW,-162.7,137.0,0.6193,0.4219,0.5948,2.0,9.0
2024-06-15,ATL,TBR,-140.7,119.2,0.5845,0.4563,0.5616,9.0,2.0
2024-06-15,BAL,PHI,-184.7,153.7,0.6487,0.3942,0.622,6.0,2.0
2024-06-15,BOS,NYY,149.5,-179.5,0.4008,0.6422,0.3843,8.0,4.0
2024-06-15,CHC,STL,-174.3,145.5,0.6355,0.4073,0.6094,5.0,1.0
2024-06-15,COL,PIT,149.0,-177.2,0.4016,0.6392,0.3859,16.0,4.0
2024-06-15,HOU,DET,-124.5,3.7,0.5546,0.9646,0.365,5.0,13.0
2024-06-15,LAD,KCR,-234.3,192.0,0.7009,0.3425,0.6718,2.0,7.0
2024-06-15,MIL,CIN,-135.3,114.7,0.5751,0.4658,0.5525,3.0,1.0
2024-06-15,NYM,SDP,-128.0,108.3,0.5614,0.48,0.5391,5.0,1.0
2024-06-15,SEA,TEX,-121.8,69.7,0.5492,0.5894,0.4824,7.0,5.0
2024-06-15,SFG,LAA,55.3,-732.5,0.6438,0.8799,0.4225,3.0,4.0
2024-06-15,TOR,CLE,-184.5,75.2,0.6485,0.5709,0.5318,5.0,0.0
2024-06-15,WSN,MIA,-123.2,104.0,0.5519,0.4902,0.5296,4.0,0.0
2024-06-16,ARI,CHW,-178.3,149.5,0.6407,0.4008,0.6152,12.0,5.0
2024-06-16,ATL,TBR,-129.8,109.7,0.5649,0.4769,0.5422,6.0,8.0
2024-06-16,BAL,PHI,-265.8,181.8,0.7267,0.3548,0.6719,8.0,3.0
2024-06-16,BOS,NYY,119.3,-140.5,0.4559,0.5842,0.4383,9.0,3.0
2024-06-16,CHC,STL,-131.3,111.3,0.5677,0.4732,0.5454,1.0,2.0
2024-06-16,COL,PIT,-34.3,-118.2,0.2556,0.5416,0.3206,2.0,8.0
2024-06-16,HOU,DET,-168.8,140.3,0.628,0.4161,0.6015,4.0,1.0
2024-06-16,LAD,KCR,-248.7,202.5,0.7132,0.3306,0.6833,3.0,0.0
2024-06-16,MIL,CIN,-135.5,9.5,0.5754,0.9132,0.3865,5.0,4.0
2024-06-16,MIN,ATH,-205.3,168.2,0.6725,0.3729,0.6433,6.0,2.0
2024-06-16,NYM,SDP,119.3,-141.3,0.4559,0.5856,0.4377,11.0,6.0
2024-06-16,SEA,TEX,-144.2,122.0,0.5904,0.4505,0.5672,5.0,0.0
2024-06-16,SFG,LAA,-164.0,136.8,0.6212,0.4222,0.5953,13.0,6.0
2024-06-16,TOR,CLE,-120.5,35.2,0.5465,0.7398,0.4248,7.0,6.0
2024-06-16,WSN,MIA,-123.0,104.2,0.5516,0.4898,0.5297,3.0,1.0
2024-06-17,ATL,DET,-215.3,177.8,0.6829,0.3599,0.6548,2.0,1.0
2024-06-17,CHC,SFG,-119.0,-33.2,0.5434,0.2491,0.6857,6.0,7.0
2024-06-17,COL,LAD,146.5,-174.3,0.4057,0.6355,0.3896,5.0,9.0
2024-06-17,LAA,MIL,38.7,-124.5,0.7212,0.5546,0.5653,5.0,3.0
2024-06-17,MIA,STL,128.8,-152.7,0.437,0.6042,0.4197,6.0,7.0
2024-06-17,PHI,SDP,-191.3,158.3,0.6568,0.3871,0.6292,9.0,2.0
2024-06-17,PIT,CIN,-190.0,155.2,0.6552,0.3919,0.6257,4.0,1.0
2024-06-17,TEX,NYM,-133.3,79.5,0.5714,0.5571,0.5063,2.0,14.0
2024-06-17,TOR,BOS,-122.3,103.2,0.5502,0.4922,0.5278,3.0,7.0
2024-06-18,ATL,DET,-162.0,136.5,0.6183,0.4228,0.5939,2.0,1.0
2024-06-18,CHC,SFG,-112.5,-108.0,0.5294,0.5192,0.5049,5.0,2.0
2024-06-18,CHW,HOU,153.8,-184.7,0.394,0.6487,0.3778,2.0,0.0
2024-06-18,CLE,SEA,-132.5,112.2,0.5699,0.4713,0.5473,5.0,8.0
2024-06-18,COL,LAD,162.0,-195.2,0.3817,0.6612,0.366,,
2024-06-18,LAA,MIL,126.8,-151.3,0.4409,0.6021,0.4227,3.0,6.0
2024-06-18,MIA,STL,114.3,-135.5,0.4666,0.5754,0.4478,9.0,8.0
2024-06-18,MIN,TBR,-183.8,153.5,0.6477,0.3945,0.6215,7.0,6.0
2024-06-18,NYY,BAL,-143.7,121.8,0.5896,0.4508,0.5667,,
2024-06-18,ATH,KCR,111.7,-131.7,0.4724,0.5683,0.4539,7.0,5.0
2024-06-18,PHI,SDP,-160.8,136.0,0.6166,0.4237,0.5927,4.0,3.0
2024-06-18,PIT,CIN,71.5,-124.3,0.5831,0.5542,0.5127,1.0,2.0
2024-06-18,TEX,NYM,71.2,-123.5,0.5842,0.5526,0.5139,6.0,7.0
2024-06-18,TOR,BOS,77.0,-130.0,0.565,0.5652,0.4999,3.0,4.0
2024-06-18,WSN,ARI,-125.7,106.5,0.5569,0.4843,0.5349,0.0,5.0
2024-06-19,ATL,DET,-133.7,111.8,0.572,0.4721,0.5479,7.0,0.0
2024-06-19,CHC,SFG,-113.2,-73.0,0.5309,0.422,0.5572,6.0,5.0
2024-06-19,CHW,HOU,-102.8,-115.7,0.507,0.5363,0.4859,1.0,4.0
2024-06-19,CLE,SEA,-149.8,125.5,0.5997,0.4435,0.5749,8.0,0.0
2024-06-19,COL,LAD,171.2,-205.7,0.3688,0.6728,0.354,7.0,6.0
2024-06-19,LAA,MIL,151.2,-182.3,0.3981,0.6458,0.3814,0.0,2.0
2024-06-19,MIA,STL,133.5,-158.3,0.4283,0.6129,0.4113,4.0,3.0
2024-06-19,MIN,TBR,-58.7,-47.3,0.3697,0.3213,0.5351,2.0,3.0
2024-06-19,NYY,BAL,-153.0,129.0,0.6047,0.4367,0.5807,6.0,7.0
2024-06-19,ATH,KCR,152.7,-184.0,0.3958,0.6479,0.3792,5.0,1.0
2024-06-19,PHI,SDP,-180.0,150.2,0.6429,0.3997,0.6166,2.0,5.0
2024-06-19,PIT,CIN,-89.5,33.8,0.4723,0.7472,0.3873,1.0,0.0
2024-06-19,TEX,NYM,-105.7,-112.8,0.5138,0.5301,0.4922,5.0,3.0
2024-06-19,TOR,BOS,-141.0,119.0,0.5851,0.4566,0.5617,3.0,7.0
2024-06-19,WSN,ARI,141.8,-169.7,0.4135,0.6292,0.3966,3.0,1.0
2024-06-20,CHW,HOU,149.5,-178.8,0.4008,0.6414,0.3846,3.0,5.0
2024-06-20,CLE,SEA,-113.5,-38.3,0.5316,0.2771,0.6574,,
2024-06-20,COL,LAD,184.2,-223.7,0.3519,0.691,0.3374,3.0,5.0
2024-06-20,MIN,TBR,16.3,-241.2,0.8596,0.7069,0.5487,6.0,7.0
2024-06-20,NYY,BAL,-161.3,135.3,0.6173,0.4249,0.5923,5.0,17.0
2024-06-20,ATH,KCR,126.0,-149.5,0.4425,0.5992,0.4248,2.0,3.0
2024-06-20,SDP,MIL,-113.0,-73.7,0.5305,0.4242,0.5557,7.0,6.0
2024-06-20,STL,SFG,-71.8,-114.2,0.418,0.5331,0.4395,6.0,5.0
2024-06-20,WSN,ARI,-139.7,118.0,0.5828,0.4587,0.5595,2.0,5.0
2024-06-21,CHC,NYM,-152.7,128.0,0.6042,0.4386,0.5794,1.0,11.0
2024-06-21,CIN,BOS,-104.8,-113.3,0.5118,0.5312,0.4907,5.0,2.0
2024-06-21,CLE,TOR,-125.5,73.2,0.5565,0.5775,0.4908,7.0,1.0
2024-06-21,COL,WSN,106.8,-126.3,0.4835,0.5582,0.4641,5.0,11.0
2024-06-21,DET,CHW,-184.3,152.0,0.6483,0.3968,0.6203,2.0,1.0
2024-06-21,HOU,BAL,132.5,-157.0,0.4301,0.6109,0.4132,14.0,11.0
2024-06-21,LAD,LAA,-184.3,154.2,0.6483,0.3934,0.6223,2.0,3.0
2024-06-21,MIA,SEA,142.5,-170.7,0.4124,0.6305,0.3954,3.0,2.0
2024-06-21,NYY,ATL,-73.3,-113.7,0.4231,0.532,0.443,,
2024-06-21,ATH,MIN,132.8,-157.7,0.4295,0.6119,0.4124,6.0,5.0
2024-06-21,PHI,ARI,-144.5,122.0,0.591,0.4505,0.5675,4.0,5.0
2024-06-21,PIT,TBR,72.8,-125.5,0.5786,0.5565,0.5097,3.0,10.0
2024-06-21,SDP,MIL,-158.3,133.5,0.6129,0.4283,0.5887,9.0,5.0
2024-06-21,TEX,KCR,-149.0,125.3,0.5984,0.4438,0.5742,6.0,2.0
2024-06-22,CHC,NYM,67.5,-86.8,0.597,0.4648,0.5623,8.0,1.0
2024-06-22,CIN,BOS,-68.3,-117.0,0.4059,0.5392,0.4295,3.0,4.0
2024-06-22,CLE,TOR,-139.8,117.8,0.583,0.4591,0.5595,6.0,3.0
2024-06-22,COL,WSN,-71.7,-113.7,0.4175,0.532,0.4397,8.0,7.0
2024-06-22,DET,CHW,-167.0,140.3,0.6255,0.4161,0.6005,1.0,5.0
2024-06-22,HOU,BAL,126.3,-149.5,0.4418,0.5992,0.4244,5.0,1.0
2024-06-22,LAD,LAA,-395.8,308.3,0.7983,0.2449,0.7652,7.0,2.0
2024-06-22,MIA,SEA,140.2,-167.3,0.4164,0.6259,0.3995,0.0,9.0
2024-06-22,NYY,ATL,-135.5,114.2,0.5754,0.4669,0.552,8.0,3.0
2024-06-22,ATH,MIN,145.3,-174.0,0.4076,0.635,0.3909,2.0,10.0
2024-06-22,PHI,ARI,-268.8,215.3,0.7289,0.3171,0.6968,12.0,1.0
2024-06-22,PIT,TBR,-111.0,-107.7,0.5261,0.5185,0.5036,4.0,3.0
2024-06-22,SDP,MIL,29.3,-81.5,0.7732,0.449,0.6326,6.0,4.0
2024-06-22,STL,SFG,-116.8,-1.5,0.5388,0.0148,0.9733,9.0,4.0
2024-06-22,TEX,KCR,-141.7,119.5,0.5862,0.4556,0.5627,6.0,0.0
2024-06-23,CHC,NYM,-111.2,-106.7,0.5264,0.5161,0.5049,2.0,5.0
2024-06-23,CIN,BOS,-160.7,135.3,0.6164,0.4249,0.5919,4.0,7.0
2024-06-23,CLE,TOR,-67.7,-123.3,0.4036,0.5522,0.4222,6.0,5.0
2024-06-23,COL,WSN,114.0,-134.2,0.4673,0.573,0.4492,1.0,2.0
2024-06-23,DET,CHW,-192.0,159.7,0.6575,0.3851,0.6306,11.0,2.0
2024-06-23,HOU,BAL,-111.5,-106.7,0.5272,0.5161,0.5053,8.0,1.0
2024-06-23,MIA,SEA,129.3,-153.3,0.436,0.6053,0.4187,6.0,4.0
2024-06-23,NYY,ATL,-114.7,-71.0,0.5342,0.4152,0.5627,1.0,3.0
2024-06-23,ATH,MIN,149.5,-178.5,0.4008,0.6409,0.3847,0.0,3.0
2024-06-23,PHI,ARI,-234.3,191.8,0.7009,0.3427,0.6716,4.0,1.0
2024-06-23,PIT,TBR,-164.2,138.7,0.6215,0.419,0.5973,1.0,3.0
2024-06-23,SDP,MIL,-135.3,81.7,0.5751,0.5505,0.5109,2.0,6.0
2024-06-23,STL,SFG,-125.2,106.2,0.5559,0.485,0.534,5.0,3.0
2024-06-23,TEX,KCR,-154.3,130.5,0.6068,0.4338,0.5831,4.0,0.0
2024-06-24,BAL,CLE,-113.7,-71.3,0.532,0.4163,0.561,2.0,3.0
2024-06-24,BOS,TOR,-156.5,131.8,0.6101,0.4313,0.5858,7.0,6.0
2024-06-24,CHW,LAD,38.0,-124.3,0.7246,0.5542,0.5666,0.0,3.0
2024-06-24,CIN,PIT,-125.7,39.5,0.5569,0.7168,0.4372,11.0,5.0
2024-06-24,DET,PHI,146.8,-176.3,0.4051,0.6381,0.3883,1.0,8.0
2024-06-24,KCR,MIA,-256.5,206.3,0.7195,0.3264,0.6879,4.0,1.0
2024-06-24,LAA,ATH,-134.8,81.5,0.5742,0.551,0.5103,5.0,1.0
2024-06-24,MIL,TEX,-172.0,143.7,0.6324,0.4104,0.6064,6.0,3.0
2024-06-24,SDP,WSN,-199.0,165.8,0.6656,0.3762,0.6389,7.0,6.0
2024-06-24,SFG,CHC,44.0,-268.8,0.6944,0.7289,0.4879,5.0,4.0
2024-06-24,STL,ATL,106.0,-125.2,0.4854,0.5559,0.4662,4.0,3.0
2024-06-24,TBR,SEA,-78.2,-108.3,0.4387,0.52,0.4576,4.0,3.0
2024-06-25,ARI,MIN,110.0,-130.5,0.4762,0.5662,0.4568,5.0,4.0
2024-06-25,BAL,CLE,-151.0,128.3,0.6016,0.438,0.5787,8.0,10.0
2024-06-25,BOS,TOR,-127.7,74.8,0.5608,0.572,0.4951,4.0,9.0
2024-06-25,CHW,LAD,183.7,-222.8,0.3525,0.6902,0.3381,3.0,4.0
2024-06-25,CIN,PIT,-127.8,108.2,0.5611,0.4804,0.5387,5.0,9.0
2024-06-25,DET,PHI,69.3,-122.0,0.5906,0.5495,0.518,4.0,1.0
2024-06-25,HOU,COL,-271.8,216.7,0.7311,0.3158,0.6983,5.0,2.0
2024-06-25,KCR,MIA,-190.3,158.8,0.6556,0.3863,0.6292,1.0,2.0
2024-06-25,LAA,ATH,-115.5,-69.8,0.536,0.4112,0.5659,7.0,5.0
2024-06-25,MIL,TEX,-111.7,-73.7,0.5276,0.4242,0.5543,3.0,1.0
2024-06-25,NYM,NYY,122.8,-145.3,0.4488,0.5924,0.431,9.0,7.0
2024-06-25,SDP,WSN,65.5,-84.8,0.6042,0.459,0.5683,9.0,7.0
2024-06-25,SFG,CHC,-123.2,70.5,0.5519,0.5865,0.4848,5.0,1.0
2024-06-25,TBR,SEA,110.2,-130.0,0.4758,0.5652,0.4571,11.0,3.0
2024-06-26,ARI,MIN,104.7,-123.5,0.4886,0.5526,0.4693,3.0,8.0
2024-06-26,BAL,CLE,-222.7,183.3,0.6901,0.3529,0.6616,4.0,2.0
2024-06-26,CHW,LAD,151.0,-180.5,0.3984,0.6435,0.3824,0.0,4.0
2024-06-26,CIN,PIT,-133.7,113.5,0.572,0.4684,0.5498,1.0,6.0
2024-06-26,DET,PHI,142.2,-168.0,0.4129,0.6269,0.3971,2.0,6.0
2024-06-26,HOU,COL,-193.2,160.2,0.6589,0.3844,0.6316,7.0,1.0
2024-06-26,KCR,MIA,-211.7,175.5,0.6791,0.363,0.6517,5.0,1.0
2024-06-26,LAA,ATH,-138.8,116.2,0.5813,0.4626,0.5569,5.0,2.0
2024-06-26,MIL,TEX,-51.3,-72.7,0.3392,0.4208,0.4463,6.0,5.0
2024-06-26,NYM,NYY,109.5,-128.8,0.4773,0.563,0.4588,12.0,2.0
2024-06-26,SDP,WSN,-188.8,157.3,0.6538,0.3886,0.6272,8.0,5.0
2024-06-26,SFG,CHC,-115.0,-70.7,0.5349,0.4141,0.5637,4.0,3.0
2024-06-26,STL,ATL,107.3,-126.7,0.4823,0.5588,0.4633,2.0,6.0
2024-06-26,TBR,SEA,-110.3,-107.5,0.5246,0.5181,0.5031,2.0,5.0
2024-06-27,ARI,MIN,-105.7,-113.0,0.5138,0.5305,0.492,6.0,13.0
2024-06-27,BAL,TEX,-211.0,171.7,0.6785,0.3681,0.6483,11.0,2.0
2024-06-27,CHW,ATL,240.0,-301.3,0.2941,0.7508,0.2815,1.0,0.0
2024-06-27,KCR,CLE,-37.0,-114.8,0.2701,0.5345,0.3357,2.0,1.0
2024-06-27,LAA,DET,132.2,-157.8,0.4307,0.6122,0.413,5.0,0.0
2024-06-27,PHI,MIA,-298.3,242.0,0.749,0.2924,0.7192,4.0,7.0
2024-06-27,SFG,CHC,-106.7,-111.8,0.5161,0.5279,0.4943,,
2024-06-27,STL,CIN,-142.2,120.2,0.5871,0.4542,0.5638,4.0,11.0
2024-06-27,TOR,NYY,112.8,-133.0,0.4699,0.5708,0.4515,9.0,2.0
2024-06-28,ARI,ATH,-174.3,145.3,0.6355,0.4076,0.6092,4.0,9.0
2024-06-28,ATL,PIT,-205.3,170.7,0.6725,0.3695,0.6454,6.0,1.0
2024-06-28,BAL,TEX,-123.8,-29.3,0.5532,0.2268,0.7092,2.0,1.0
2024-06-28,BOS,SDP,-156.7,132.0,0.6104,0.431,0.5861,2.0,9.0
2024-06-28,CHW,COL,-130.8,77.8,0.5668,0.5623,0.502,5.0,3.0
2024-06-28,KCR,CLE,-109.2,-109.0,0.5219,0.5215,0.5002,10.0,3.0
2024-06-28,LAA,DET,69.5,-121.8,0.59,0.5492,0.5179,5.0,2.0
2024-06-28,MIL,CHC,-140.8,117.7,0.5848,0.4594,0.56,4.0,2.0
2024-06-28,NYM,HOU,-110.5,-107.7,0.5249,0.5185,0.5031,7.0,2.0
2024-06-28,PHI,MIA,-239.2,195.7,0.7052,0.3382,0.6758,2.0,0.0
2024-06-28,SEA,MIN,-127.5,74.5,0.5604,0.5731,0.4944,3.0,2.0
2024-06-28,SFG,LAD,-124.8,71.8,0.5552,0.582,0.4882,,
2024-06-28,STL,CIN,-126.8,74.3,0.5591,0.5736,0.4936,1.0,0.0
2024-06-28,TBR,WSN,-272.5,197.2,0.7315,0.3365,0.6849,3.0,1.0
2024-06-28,TOR,NYY,-73.0,-112.2,0.422,0.5287,0.4439,5.0,16.0
2024-06-29,ARI,ATH,-194.5,162.7,0.6604,0.3807,0.6343,3.0,0.0
2024-06-29,ATL,PIT,-147.8,124.5,0.5965,0.4454,0.5725,2.0,1.0
2024-06-29,BAL,TEX,-161.0,135.7,0.6169,0.4243,0.5925,6.0,5.0
2024-06-29,BOS,SDP,-140.2,119.2,0.5836,0.4563,0.5612,1.0,11.0
2024-06-29,CHW,COL,-80.7,-71.5,0.4465,0.4169,0.5171,11.0,3.0
2024-06-29,KCR,CLE,-37.7,-114.3,0.2736,0.5334,0.339,2.0,7.0
2024-06-29,LAA,DET,38.2,-124.3,0.7238,0.5542,0.5663,6.0,5.0
2024-06-29,MIL,CHC,-116.2,-35.8,0.5374,0.2638,0.6707,3.0,5.0
2024-06-29,NYM,HOU,-80.5,-38.2,0.446,0.2762,0.6175,6.0,9.0
2024-06-29,PHI,MIA,-267.0,216.7,0.7275,0.3158,0.6973,2.0,3.0
2024-06-29,SEA,MIN,-33.8,-118.5,0.2528,0.5423,0.3179,1.0,5.0
2024-06-29,SFG,LAD,169.2,-203.8,0.3715,0.6709,0.3564,7.0,14.0
2024-06-29,STL,CIN,-195.0,162.3,0.661,0.3812,0.6342,4.0,9.0
2024-06-29,TBR,WSN,-136.3,112.8,0.5769,0.4699,0.5511,1.0,8.0
2024-06-29,TOR,NYY,108.3,-127.3,0.48,0.5601,0.4615,9.0,3.0
2024-06-30,ARI,ATH,-200.3,166.0,0.667,0.3759,0.6396,5.0,1.0
2024-06-30,ATL,PIT,-194.8,160.5,0.6608,0.3839,0.6325,2.0,4.0
2024-06-30,BAL,TEX,-167.2,140.5,0.6257,0.4158,0.6008,2.0,11.0
2024-06-30,BOS,SDP,-112.8,-105.2,0.5301,0.5126,0.5084,4.0,1.0
2024-06-30,CHW,COL,-215.0,177.0,0.6825,0.361,0.6541,4.0,5.0
2024-06-30,KCR,CLE,-131.7,112.0,0.5683,0.4717,0.5465,6.0,2.0
2024-06-30,LAA,DET,-109.5,-108.5,0.5227,0.5204,0.5011,6.0,7.0
2024-06-30,MIL,CHC,-193.2,160.3,0.6589,0.3841,0.6317,7.0,1.0
2024-06-30,NYM,HOU,-132.0,111.7,0.569,0.4724,0.5463,5.0,10.0
2024-06-30,PHI,MIA,-262.8,214.2,0.7244,0.3183,0.6947,7.0,6.0
2024-06-30,SEA,MIN,-65.3,-121.7,0.3952,0.5489,0.4186,3.0,5.0
2024-06-30,SFG,LAD,2.7,-120.7,0.974,0.5468,0.6404,10.0,4.0
2024-06-30,STL,CIN,-111.5,-75.8,0.5272,0.4313,0.55,2.0,0.0
2024-06-30,TBR,WSN,-187.3,156.2,0.652,0.3904,0.6255,5.0,0.0
2024-06-30,TOR,NYY,-32.8,-119.8,0.2472,0.5451,0.312,1.0,8.0
2024-07-01,COL,MIL,132.0,-158.3,0.431,0.6129,0.4129,8.0,7.0
2024-07-01,TOR,HOU,115.5,-137.2,0.464,0.5784,0.4452,1.0,3.0
2024-07-01,WSN,NYM,-2.2,-116.5,0.0212,0.5381,0.0379,7.0,9.0
2024-07-02,ATL,SFG,-201.7,167.3,0.6685,0.3741,0.6412,3.0,5.0
2024-07-02,CHC,PHI,-121.8,69.5,0.5492,0.59,0.4821,4.0,6.0
2024-07-02,CLE,CHW,-211.5,175.3,0.679,0.3632,0.6515,7.0,6.0
2024-07-02,COL,MIL,-68.5,-118.0,0.4065,0.5413,0.4289,,
2024-07-02,KCR,TBR,-117.5,-34.5,0.5402,0.2565,0.6781,,
2024-07-02,LAD,ARI,-193.3,161.7,0.6591,0.3822,0.633,6.0,5.0
2024-07-02,MIA,BOS,139.7,-167.3,0.4172,0.6259,0.4,3.0,8.0
2024-07-02,MIN,DET,-88.7,69.3,0.47,0.5906,0.4431,5.0,3.0
2024-07-02,NYY,CIN,-213.5,177.2,0.681,0.3608,0.6537,4.0,5.0
2024-07-02,ATH,LAA,-108.5,-109.8,0.5204,0.5234,0.4985,7.0,5.0
2024-07-02,PIT,STL,-122.7,103.8,0.5509,0.4906,0.5289,4.0,7.0
2024-07-02,SEA,BAL,-108.3,-109.3,0.52,0.5223,0.4989,0.0,2.0
2024-07-02,TEX,SDP,-102.8,-116.2,0.507,0.5374,0.4854,7.0,0.0
2024-07-02,TOR,HOU,-116.2,-69.5,0.5374,0.41,0.5672,7.0,6.0
2024-07-02,WSN,NYM,121.3,-144.3,0.4518,0.5907,0.4334,2.0,7.0
2024-07-03,ATL,SFG,-408.5,257.7,0.8033,0.2796,0.7418,3.0,1.0
2024-07-03,CHC,PHI,-34.3,-118.0,0.2556,0.5413,0.3207,3.0,5.0
2024-07-03,CLE,CHW,-218.3,179.2,0.6859,0.3582,0.6569,2.0,8.0
2024-07-03,COL,MIL,145.7,-173.7,0.4071,0.6346,0.3908,0.0,3.0
2024-07-03,KCR,TBR,-107.8,-110.0,0.5188,0.5238,0.4976,4.0,2.0
2024-07-03,LAD,ARI,-205.5,170.7,0.6727,0.3695,0.6455,4.0,12.0
2024-07-03,MIA,BOS,219.5,-444.8,0.313,0.8165,0.2771,2.0,7.0
2024-07-03,MIN,DET,-160.2,101.3,0.6156,0.4967,0.5535,2.0,9.0
2024-07-03,NYY,CIN,-182.2,151.7,0.6456,0.3974,0.619,2.0,3.0
2024-07-03,ATH,LAA,-109.0,-109.3,0.5215,0.5223,0.4996,5.0,0.0
2024-07-03,PIT,STL,-126.7,107.2,0.5588,0.4827,0.5365,5.0,4.0
2024-07-03,SEA,BAL,-137.8,82.7,0.5795,0.5474,0.5142,1.0,4.0
2024-07-03,TEX,SDP,-154.3,129.7,0.6068,0.4354,0.5822,4.0,6.0
2024-07-03,TOR,HOU,-102.3,-116.7,0.5058,0.5385,0.4843,2.0,9.0
2024-07-03,WSN,NYM,73.7,-126.0,0.5758,0.5575,0.5081,7.0,5.0
2024-07-04,ATL,SFG,-126.2,73.8,0.5578,0.5753,0.4923,2.0,4.0
2024-07-04,CHC,PHI,108.2,-127.0,0.4804,0.5595,0.462,10.0,2.0
2024-07-04,CLE,CHW,-228.3,189.5,0.6954,0.3454,0.6681,8.0,4.0
2024-07-04,COL,MIL,118.0,-139.5,0.4587,0.5825,0.4406,4.0,3.0
2024-07-04,KCR,TBR,0.0,-118.2,0.0,0.5416,0.0,8.0,10.0
2024-07-04,LAD,ARI,-120.8,-32.2,0.5472,0.2434,0.6921,3.0,9.0
2024-07-04,MIA,BOS,134.8,-160.5,0.4258,0.6161,0.4087,5.0,6.0
2024-07-04,MIN,DET,-185.5,154.2,0.6497,0.3934,0.6228,12.0,3.0
2024-07-04,NYY,CIN,-181.7,152.5,0.645,0.396,0.6196,4.0,8.0
2024-07-04,ATH,LAA,-115.2,-70.3,0.5352,0.4129,0.5645,5.0,0.0
2024-07-04,PIT,STL,-71.7,-113.3,0.4175,0.5312,0.44,2.0,3.0
2024-07-04,SEA,BAL,128.7,-152.5,0.4373,0.604,0.42,7.0,3.0
2024-07-04,TEX,SDP,-117.0,-35.2,0.5392,0.2602,0.6745,1.0,3.0
2024-07-04,TOR,HOU,-71.0,-114.0,0.4152,0.5327,0.438,3.0,5.0
2024-07-04,WSN,NYM,-107.7,-110.2,0.5185,0.5242,0.4973,1.0,0.0
2024-07-05,ATL,PHI,-139.8,118.3,0.583,0.458,0.56,6.0,8.0
2024-07-05,CHC,LAA,-189.5,156.8,0.6546,0.3894,0.627,5.0,1.0
2024-07-05,CIN,DET,-126.7,73.7,0.5588,0.5758,0.4925,4.0,5.0
2024-07-05,CLE,SFG,-184.3,153.5,0.6483,0.3945,0.6217,2.0,4.0
2024-07-05,COL,KCR,155.7,-187.0,0.3911,0.6516,0.3751,4.0,2.0
2024-07-05,LAD,MIL,-209.8,175.0,0.6772,0.3636,0.6506,8.0,5.0
2024-07-05,MIA,CHW,-135.0,81.0,0.5745,0.5525,0.5098,2.0,3.0
2024-07-05,MIN,HOU,-151.2,127.2,0.6019,0.4402,0.5776,12.0,13.0
2024-07-05,NYY,BOS,-62.5,12.0,0.3846,0.8929,0.3011,3.0,5.0
2024-07-05,ATH,BAL,140.3,-168.3,0.4161,0.6273,0.3988,2.0,3.0
2024-07-05,PIT,NYM,-135.8,82.0,0.576,0.5495,0.5118,14.0,2.0
2024-07-05,SDP,ARI,-71.3,-115.7,0.4163,0.5363,0.437,10.0,8.0
2024-07-05,SEA,TOR,-138.0,117.3,0.5798,0.4601,0.5576,,
2024-07-05,TEX,TBR,-107.5,-111.2,0.5181,0.5264,0.496,3.0,0.0
2024-07-05,WSN,STL,138.3,-165.0,0.4196,0.6226,0.4026,6.0,7.0
2024-07-06,ATL,PHI,-117.7,-0.8,0.5406,0.0083,0.9849,5.0,1.0
2024-07-06,CHC,LAA,-149.7,126.2,0.5995,0.4422,0.5755,0.0,7.0
2024-07-06,CIN,DET,-159.0,134.2,0.6139,0.427,0.5898,3.0,5.0
2024-07-06,CLE,SFG,-129.7,109.8,0.5646,0.4766,0.5423,5.0,4.0
2024-07-06,COL,KCR,137.7,-165.3,0.4208,0.6231,0.4031,3.0,1.0
2024-07-06,LAD,MIL,-114.5,-70.7,0.5338,0.4141,0.5632,5.0,3.0
2024-07-06,MIA,CHW,133.0,-158.5,0.4292,0.6132,0.4118,4.0,3.0
2024-07-06,MIN,HOU,-133.5,79.3,0.5717,0.5576,0.5062,9.0,3.0
2024-07-06,NYY,BOS,-179.3,149.8,0.642,0.4003,0.616,14.0,4.0
2024-07-06,ATH,BAL,136.5,-161.8,0.4228,0.6181,0.4062,19.0,8.0
2024-07-06,PIT,NYM,114.5,-134.8,0.4662,0.5742,0.4481,2.0,5.0
2024-07-06,SDP,ARI,-127.5,108.2,0.5604,0.4804,0.5385,5.0,7.0
2024-07-06,SEA,TOR,-113.7,-71.7,0.532,0.4175,0.5603,4.0,5.0
2024-07-06,TEX,TBR,-111.0,-106.8,0.5261,0.5165,0.5046,4.0,3.0
2024-07-06,WSN,STL,-130.2,110.7,0.5655,0.4747,0.5437,14.0,6.0
2024-07-07,ATL,PHI,-168.5,141.5,0.6276,0.4141,0.6025,6.0,0.0
2024-07-07,CHC,LAA,-147.7,124.3,0.5962,0.4458,0.5722,5.0,0.0
2024-07-07,CIN,DET,120.3,-142.5,0.4539,0.5876,0.4358,1.0,5.0
2024-07-07,CLE,SFG,-132.3,111.2,0.5696,0.4736,0.546,5.0,4.0
2024-07-07,COL,KCR,140.0,-166.7,0.4167,0.625,0.4,1.0,10.0
2024-07-07,LAD,MIL,-76.7,-3.3,0.434,0.0323,0.9308,2.0,9.0
2024-07-07,MIA,CHW,-148.3,125.2,0.5973,0.4441,0.5736,7.0,4.0
2024-07-07,MIN,HOU,-144.2,121.5,0.5904,0.4515,0.5667,3.0,2.0
2024-07-07,NYY,BOS,-136.3,114.5,0.5769,0.4662,0.553,0.0,3.0
2024-07-07,ATH,BAL,153.2,-183.8,0.395,0.6477,0.3788,3.0,6.0
2024-07-07,PIT,NYM,111.3,-131.0,0.4732,0.5671,0.4549,2.0,3.0
2024-07-07,SDP,ARI,-175.2,145.8,0.6366,0.4068,0.6101,1.0,9.0
2024-07-07,SEA,TOR,-89.2,54.3,0.4714,0.6479,0.4211,4.0,5.0
2024-07-07,TEX,TBR,-133.2,113.5,0.5711,0.4684,0.5494,13.0,2.0
2024-07-07,WSN,STL,-71.7,-113.7,0.4175,0.532,0.4397,3.0,8.0
2024-07-08,ARI,ATL,78.2,-261.5,0.5613,0.7234,0.4369,4.0,5.0
2024-07-08,CHW,MIN,79.5,-126.7,0.5571,0.5588,0.4992,6.0,8.0
2024-07-08,CIN,COL,-174.0,145.5,0.635,0.4073,0.6092,6.0,0.0
2024-07-08,DET,CLE,-730.2,44.3,0.8795,0.6928,0.5594,1.0,0.0
2024-07-08,LAA,TEX,156.2,-202.2,0.3904,0.6691,0.3685,4.0,9.0
2024-07-08,PIT,NYM,-118.2,33.0,0.5416,0.7519,0.4187,8.0,2.0
2024-07-08,WSN,STL,-117.5,-1.2,0.5402,0.0115,0.9791,0.0,6.0
2024-07-09,ARI,ATL,31.5,-116.8,0.7605,0.5388,0.5853,2.0,6.0
2024-07-09,BAL,CHC,-183.2,153.2,0.6469,0.395,0.6209,2.0,9.0
2024-07-09,BOS,ATH,-199.8,166.2,0.6665,0.3757,0.6395,12.0,9.0
2024-07-09,CIN,COL,-192.2,159.8,0.6577,0.3849,0.6309,12.0,6.0
2024-07-09,DET,CLE,122.3,-145.3,0.4498,0.5924,0.4316,8.0,9.0
2024-07-09,HOU,MIA,-243.7,198.8,0.709,0.3346,0.6794,4.0,3.0
2024-07-09,LAA,TEX,150.3,-180.5,0.3995,0.6435,0.383,4.0,5.0
2024-07-09,MIL,PIT,-162.0,136.3,0.6183,0.4231,0.5937,2.0,12.0
2024-07-09,NYM,WSN,-159.3,130.7,0.6144,0.4335,0.5863,7.0,5.0
2024-07-09,PHI,LAD,-156.0,131.5,0.6094,0.432,0.5852,,
2024-07-09,SDP,SEA,118.0,-139.8,0.4587,0.583,0.4403,3.0,8.0
2024-07-09,SFG,TOR,-129.5,110.2,0.5643,0.4758,0.5425,4.0,3.0
2024-07-09,TBR,NYY,1.7,-120.5,0.9836,0.5465,0.6428,5.0,3.0
2024-07-10,ARI,ATL,-76.2,-76.3,0.4324,0.4329,0.4997,7.0,5.0
2024-07-10,BAL,CHC,-177.7,147.8,0.6399,0.4035,0.6133,0.0,4.0
2024-07-10,BOS,ATH,-196.5,164.0,0.6627,0.3788,0.6363,2.0,5.0
2024-07-10,CHW,MIN,138.2,-164.0,0.4199,0.6212,0.4033,3.0,1.0
2024-07-10,CIN,COL,-193.2,158.7,0.6589,0.3866,0.6302,5.0,6.0
2024-07-10,DET,CLE,121.3,-144.3,0.4518,0.5907,0.4334,5.0,4.0
2024-07-10,HOU,MIA,-239.2,195.5,0.7052,0.3384,0.6757,9.0,1.0
2024-07-10,LAA,TEX,110.7,-130.5,0.4747,0.5662,0.4561,7.0,2.0
2024-07-10,MIL,PIT,-160.0,134.8,0.6154,0.4258,0.591,9.0,0.0
2024-07-10,NYM,WSN,-206.7,172.0,0.6739,0.3676,0.647,6.0,2.0
2024-07-10,PHI,LAD,-131.2,78.3,0.5674,0.5607,0.503,4.0,3.0
2024-07-10,SDP,SEA,-141.5,119.3,0.5859,0.4559,0.5624,0.0,2.0
2024-07-10,SFG,TOR,-156.5,131.8,0.6101,0.4313,0.5858,6.0,10.0
2024-07-10,STL,KCR,-142.7,120.5,0.5879,0.4535,0.5645,4.0,6.0
2024-07-10,TBR,NYY,-118.0,65.8,0.5413,0.603,0.473,1.0,2.0
2024-07-11,ARI,ATL,2.2,-121.0,0.9788,0.5475,0.6413,1.0,0.0
2024-07-11,BAL,CHC,-134.5,114.0,0.5736,0.4673,0.5511,0.0,8.0
2024-07-11,BOS,ATH,-241.2,196.7,0.7069,0.3371,0.6771,7.0,0.0
2024-07-11,CIN,COL,-258.3,203.2,0.7209,0.3299,0.6861,8.0,1.0
2024-07-11,DET,CLE,-125.0,105.7,0.5556,0.4862,0.5333,10.0,1.0
2024-07-11,HOU,MIA,-183.3,153.2,0.6471,0.395,0.6209,6.0,3.0
2024-07-11,LAA,SEA,138.0,-163.2,0.4202,0.62,0.4039,0.0,11.0
2024-07-11,MIL,PIT,102.8,-121.5,0.493,0.5485,0.4733,,
2024-07-11,NYM,WSN,-145.0,121.7,0.5918,0.4511,0.5675,7.0,0.0
2024-07-11,PHI,LAD,-158.7,132.5,0.6134,0.4301,0.5878,,
2024-07-11,SFG,TOR,-124.2,72.3,0.5539,0.5803,0.4884,3.0,5.0
2024-07-11,TBR,NYY,-66.2,-119.7,0.3982,0.5448,0.4223,5.0,4.0
2024-07-12,ARI,TOR,-123.8,104.7,0.5532,0.4886,0.531,5.0,4.0
2024-07-12,BAL,NYY,109.7,-129.3,0.4769,0.564,0.4582,1.0,4.0
2024-07-12,BOS,KCR,-104.8,-113.5,0.5118,0.5316,0.4905,1.0,6.0
2024-07-12,CHW,PIT,-166.7,139.8,0.625,0.417,0.5998,1.0,4.0
2024-07-12,CIN,MIA,-172.2,144.8,0.6326,0.4084,0.6077,7.0,4.0
2024-07-12,DET,LAD,-149.8,125.7,0.5997,0.4431,0.5751,3.0,4.0
2024-07-12,HOU,TEX,-151.7,127.3,0.6026,0.4399,0.5781,6.0,3.0
2024-07-12,LAA,SEA,64.7,-91.2,0.6073,0.4769,0.5601,6.0,5.0
2024-07-12,MIL,WSN,-171.0,110.7,0.631,0.4747,0.5707,2.0,5.0
2024-07-12,NYM,COL,-648.7,309.0,0.8664,0.2445,0.7799,7.0,6.0
2024-07-12,PHI,ATH,-254.0,207.8,0.7175,0.3249,0.6884,2.0,6.0
2024-07-12,SDP,ATL,-79.5,-39.3,0.4429,0.2823,0.6107,1.0,6.0
2024-07-12,SFG,MIN,124.2,-147.5,0.4461,0.596,0.4281,7.0,1.0
2024-07-12,STL,CHC,-10.7,-693.3,0.0964,0.8739,0.0993,1.0,5.0
2024-07-12,TBR,CLE,-138.0,117.5,0.5798,0.4598,0.5577,2.0,0.0
2024-07-13,ARI,TOR,-133.5,112.7,0.5717,0.4702,0.5487,12.0,1.0
2024-07-13,BAL,NYY,-138.3,117.3,0.5804,0.4601,0.5578,1.0,6.0
2024-07-13,BOS,KCR,-135.2,114.7,0.5748,0.4658,0.5523,5.0,0.0
2024-07-13,CHW,PIT,119.7,-140.7,0.4552,0.5845,0.4378,2.0,6.0
2024-07-13,CIN,MIA,-155.2,130.5,0.6081,0.4338,0.5836,10.0,6.0
2024-07-13,DET,LAD,108.5,-128.0,0.4796,0.5614,0.4607,11.0,9.0
2024-07-13,HOU,TEX,85.2,-211.2,0.5401,0.6786,0.4431,1.0,2.0
2024-07-13,LAA,SEA,125.2,-148.8,0.4441,0.5981,0.4261,2.0,1.0
2024-07-13,MIL,WSN,-137.2,81.5,0.5784,0.551,0.5121,5.0,6.0
2024-07-13,NYM,COL,-205.8,171.5,0.673,0.3683,0.6463,7.0,3.0
2024-07-13,PHI,ATH,-188.0,157.0,0.6528,0.3891,0.6265,11.0,5.0
2024-07-13,SDP,ATL,-100.5,76.0,0.5012,0.5682,0.4687,4.0,0.0
2024-07-13,SFG,MIN,-124.2,71.3,0.5539,0.5837,0.4869,2.0,4.0
2024-07-13,STL,CHC,-133.7,113.7,0.572,0.468,0.55,11.0,3.0
2024-07-13,TBR,CLE,-108.2,-110.0,0.5196,0.5238,0.498,2.0,4.0
2024-07-14,ARI,TOR,-157.2,132.5,0.6111,0.4301,0.5869,7.0,8.0
2024-07-14,BAL,NYY,-2.0,-116.5,0.0196,0.5381,0.0352,6.0,5.0
2024-07-14,BOS,KCR,-139.3,117.8,0.5822,0.4591,0.5591,5.0,4.0
2024-07-14,CHW,PIT,92.5,-123.7,0.5195,0.5529,0.4844,4.0,9.0
2024-07-14,CIN,MIA,-188.2,156.5,0.653,0.3899,0.6262,2.0,3.0
2024-07-14,DET,LAD,125.3,-148.2,0.4438,0.597,0.4264,4.0,3.0
2024-07-14,HOU,TEX,-129.8,109.7,0.5649,0.4769,0.5422,2.0,4.0
2024-07-14,LAA,SEA,144.7,-172.7,0.4087,0.6333,0.3923,3.0,2.0
2024-07-14,MIL,WSN,-161.2,132.3,0.6171,0.4304,0.5891,9.0,3.0
2024-07-14,NYM,COL,-206.2,170.7,0.6734,0.3695,0.6457,5.0,8.0
2024-07-14,PHI,ATH,-245.0,197.7,0.7101,0.3359,0.6789,3.0,18.0
2024-07-14,SDP,ATL,144.8,-172.3,0.4084,0.6328,0.3923,3.0,6.0
2024-07-14,SFG,MIN,-153.8,96.7,0.606,0.5085,0.5438,3.0,2.0
2024-07-14,STL,CHC,-146.8,120.7,0.5949,0.4532,0.5676,3.0,8.0
2024-07-14,TBR,CLE,-126.0,73.5,0.5575,0.5764,0.4917,2.0,0.0
2024-07-16,AL,NL,-121.0,35.7,0.5475,0.7371,0.4262,5.0,3.0
2024-07-19,CHC,ARI,-105.8,83.5,0.5142,0.545,0.4855,2.0,5.0
2024-07-19,CLE,SDP,-153.8,96.8,0.606,0.508,0.544,7.0,0.0
2024-07-19,COL,SFG,119.8,-142.3,0.4549,0.5873,0.4365,7.0,3.0
2024-07-19,KCR,CHW,-227.2,187.5,0.6943,0.3478,0.6662,7.0,1.0
2024-07-19,LAD,BOS,-135.2,112.8,0.5748,0.4699,0.5502,4.0,1.0
2024-07-19,MIA,NYM,111.5,-131.5,0.4728,0.568,0.4543,6.0,4.0
2024-07-19,NYY,TBR,-173.0,145.5,0.6337,0.4073,0.6087,6.0,1.0
2024-07-19,ATH,LAA,-116.3,-2.7,0.5378,0.026,0.9539,13.0,3.0
2024-07-19,PIT,PHI,139.2,-165.8,0.4181,0.6238,0.4013,8.0,7.0
2024-07-19,SEA,HOU,-114.5,-107.2,0.5338,0.5173,0.5079,0.0,3.0
2024-07-19,TEX,BAL,5.0,-125.0,0.9524,0.5556,0.6316,1.0,9.0
2024-07-19,TOR,DET,-127.0,74.2,0.5595,0.5742,0.4935,4.0,5.0
2024-07-19,WSN,CIN,76.8,-130.3,0.5655,0.5658,0.4998,8.0,5.0
2024-07-20,ATL,STL,-141.7,119.7,0.5862,0.4552,0.5629,3.0,2.0
2024-07-20,CHC,ARI,113.0,-135.8,0.4695,0.576,0.4491,0.0,3.0
2024-07-20,CLE,SDP,-116.0,-69.5,0.537,0.41,0.5671,0.0,7.0
2024-07-20,COL,SFG,48.0,-94.2,0.6757,0.485,0.5822,4.0,3.0
2024-07-20,KCR,CHW,-237.0,193.0,0.7033,0.3413,0.6733,6.0,1.0
2024-07-20,LAD,BOS,-137.0,114.5,0.5781,0.4662,0.5536,7.0,6.0
2024-07-20,MIA,NYM,139.7,-165.7,0.4172,0.6236,0.4009,0.0,1.0
2024-07-20,MIN,MIL,-123.2,70.7,0.5519,0.5859,0.485,4.0,8.0
2024-07-20,NYY,TBR,-163.5,137.7,0.6205,0.4208,0.5959,1.0,9.0
2024-07-20,ATH,LAA,-143.7,121.5,0.5896,0.4515,0.5663,8.0,2.0
2024-07-20,PIT,PHI,142.0,-168.5,0.4132,0.6276,0.397,4.0,1.0
2024-07-20,SEA,HOU,-128.3,75.0,0.562,0.5714,0.4959,2.0,4.0
2024-07-20,TEX,BAL,-69.7,-116.2,0.4106,0.5374,0.4331,4.0,8.0
2024-07-20,TOR,DET,-124.7,105.5,0.5549,0.4866,0.5328,3.0,7.0
2024-07-20,WSN,CIN,-27.7,-129.5,0.2167,0.5643,0.2775,5.0,4.0
2024-07-21,ATL,STL,-144.3,121.7,0.5907,0.4511,0.567,2.0,6.0
2024-07-21,CHC,ARI,-127.8,108.3,0.5611,0.48,0.5389,2.0,1.0
2024-07-21,CLE,SDP,-112.8,-72.7,0.5301,0.4208,0.5575,1.0,2.0
2024-07-21,COL,SFG,119.5,-142.0,0.4556,0.5868,0.4371,2.0,3.0
2024-07-21,KCR,CHW,-238.0,194.2,0.7041,0.3399,0.6744,4.0,1.0
2024-07-21,LAD,BOS,-115.8,-70.2,0.5367,0.4123,0.5655,9.0,6.0
2024-07-21,MIA,NYM,122.7,-146.3,0.4491,0.594,0.4305,4.0,2.0
2024-07-21,MIN,MIL,-162.5,136.8,0.619,0.4222,0.5945,7.0,8.0
2024-07-21,NYY,TBR,-148.3,125.0,0.5973,0.4444,0.5734,4.0,6.0
2024-07-21,ATH,LAA,-127.0,107.5,0.5595,0.4819,0.5372,5.0,8.0
2024-07-21,PIT,PHI,104.2,-125.0,0.4898,0.5556,0.4685,0.0,6.0
2024-07-21,SEA,HOU,-116.0,-69.7,0.537,0.4106,0.5667,6.0,4.0
2024-07-21,TEX,BAL,-126.3,107.0,0.5582,0.4831,0.5361,3.0,2.0
2024-07-21,TOR,DET,-166.0,139.3,0.6241,0.4178,0.599,5.0,4.0
2024-07-21,WSN,CIN,-112.3,-105.8,0.529,0.5142,0.5071,5.0,2.0
2024-07-22,ATL,CIN,-145.5,122.5,0.5927,0.4494,0.5687,1.0,4.0
2024-07-22,CHC,MIL,34.5,-119.8,0.7435,0.5451,0.577,3.0,1.0
2024-07-22,CLE,DET,79.8,-133.0,0.5561,0.5708,0.4935,2.0,8.0
2024-07-22,COL,BOS,148.0,-177.0,0.4032,0.639,0.3869,9.0,8.0
2024-07-22,KCR,ARI,-157.3,132.8,0.6114,0.4295,0.5874,10.0,4.0
2024-07-22,LAD,SFG,-130.5,76.7,0.5662,0.566,0.5001,3.0,2.0
2024-07-22,MIA,NYM,127.8,-152.3,0.4389,0.6037,0.421,4.0,6.0
2024-07-22,MIN,PHI,0.5,-119.3,0.995,0.5441,0.6465,7.0,2.0
2024-07-22,NYY,TBR,-169.3,142.2,0.6287,0.4129,0.6036,9.0,1.0
2024-07-22,ATH,HOU,126.3,-152.2,0.4418,0.6034,0.4227,4.0,0.0
2024-07-22,PIT,STL,-128.5,109.0,0.5624,0.4785,0.5403,2.0,1.0
2024-07-22,SEA,LAA,-160.8,135.7,0.6166,0.4243,0.5924,1.0,3.0
2024-07-22,TEX,CHW,-176.5,146.7,0.6383,0.4054,0.6116,4.0,3.0
2024-07-23,CHC,MIL,-110.3,-107.8,0.5246,0.5188,0.5027,0.0,1.0
2024-07-23,CLE,DET,-131.7,112.0,0.5683,0.4717,0.5465,5.0,4.0
2024-07-23,COL,BOS,134.0,-158.5,0.4274,0.6132,0.4107,0.0,6.0
2024-07-23,KCR,ARI,-77.2,-109.0,0.4356,0.5215,0.4551,2.0,6.0
2024-07-23,LAD,SFG,-1791.5,280.0,0.9471,0.2632,0.7826,5.0,2.0
2024-07-23,MIA,BAL,145.7,-174.7,0.4071,0.6359,0.3903,6.0,3.0
2024-07-23,MIN,PHI,127.5,-151.8,0.4396,0.6029,0.4217,0.0,3.0
2024-07-23,NYY,NYM,-157.2,132.2,0.6111,0.4307,0.5866,2.0,3.0
2024-07-23,ATH,HOU,117.8,-138.8,0.4591,0.5813,0.4413,8.0,2.0
2024-07-23,PIT,STL,-180.3,150.5,0.6433,0.3992,0.6171,1.0,2.0
2024-07-23,SEA,LAA,-166.2,140.8,0.6243,0.4152,0.6006,1.0,5.0
2024-07-23,TEX,CHW,-130.0,76.0,0.5652,0.5682,0.4987,3.0,2.0
2024-07-23,TOR,TBR,-138.8,116.7,0.5813,0.4615,0.5574,2.0,4.0
2024-07-23,WSN,SDP,-115.5,-103.5,0.536,0.5086,0.5131,0.0,4.0
2024-07-24,ATL,CIN,-129.8,110.2,0.5649,0.4758,0.5428,4.0,9.0
2024-07-24,CHC,MIL,-147.3,124.2,0.5957,0.4461,0.5718,2.0,3.0
2024-07-24,CLE,DET,-141.3,119.7,0.5856,0.4552,0.5626,2.0,1.0
2024-07-24,COL,BOS,125.2,-148.7,0.4441,0.5979,0.4262,20.0,7.0
2024-07-24,KCR,ARI,-124.2,37.7,0.5539,0.7264,0.4326,6.0,8.0
2024-07-24,LAD,SFG,-198.2,165.3,0.6646,0.3769,0.6381,3.0,8.0
2024-07-24,MIA,BAL,119.7,-144.5,0.4552,0.591,0.4351,6.0,3.0
2024-07-24,MIN,PHI,117.7,-139.2,0.4594,0.5819,0.4412,5.0,4.0
2024-07-24,NYY,NYM,-171.8,143.7,0.6321,0.4104,0.6063,3.0,12.0
2024-07-24,ATH,HOU,140.5,-173.0,0.4158,0.6337,0.3962,1.0,8.0
2024-07-24,PIT,STL,-106.2,-112.2,0.515,0.5287,0.4934,5.0,0.0
2024-07-24,SEA,LAA,-175.5,147.0,0.637,0.4049,0.6114,1.0,2.0
2024-07-24,TEX,CHW,-316.2,242.0,0.7597,0.2924,0.7221,10.0,2.0
2024-07-24,TOR,TBR,67.7,-119.7,0.5964,0.5448,0.5226,6.0,3.0
2024-07-24,WSN,SDP,-107.3,-111.2,0.5177,0.5264,0.4958,3.0,12.0
2024-07-25,CLE,DET,-156.5,130.3,0.6101,0.4342,0.5843,0.0,3.0
2024-07-25,LAA,ATH,-110.5,-107.7,0.5249,0.5185,0.5031,5.0,6.0
2024-07-25,LAD,SFG,-129.8,110.0,0.5649,0.4762,0.5426,6.0,4.0
2024-07-25,MIA,BAL,232.3,-336.2,0.3009,0.7707,0.2808,6.0,7.0
2024-07-25,NYM,ATL,-33.5,-118.8,0.2509,0.543,0.3161,3.0,2.0
2024-07-25,TEX,CHW,-252.2,205.8,0.716,0.327,0.6865,2.0,1.0
2024-07-25,TOR,TBR,-112.3,-106.2,0.529,0.515,0.5067,0.0,13.0
2024-07-25,WSN,SDP,137.2,-162.2,0.4216,0.6186,0.4053,0.0,3.0
2024-07-26,ARI,PIT,-171.0,143.5,0.631,0.4107,0.6058,4.0,3.0
2024-07-26,BAL,SDP,-202.5,169.3,0.6694,0.3713,0.6432,4.0,6.0
2024-07-26,BOS,NYY,35.7,-121.3,0.7371,0.5482,0.5735,9.0,7.0
2024-07-26,CHW,SEA,145.8,-174.5,0.4068,0.6357,0.3902,0.0,10.0
2024-07-26,DET,MIN,154.3,-184.2,0.3932,0.6481,0.3776,3.0,9.0
2024-07-26,HOU,LAD,-133.3,79.2,0.5714,0.5581,0.5059,5.0,0.0
2024-07-26,KCR,CHC,-154.3,129.8,0.6068,0.4351,0.5824,6.0,0.0
2024-07-26,LAA,ATH,-83.2,-5.3,0.454,0.0506,0.8997,4.0,5.0
2024-07-26,MIL,MIA,-231.8,191.7,0.6986,0.3429,0.6708,2.0,6.0
2024-07-26,NYM,ATL,-129.0,76.2,0.5633,0.5676,0.4981,8.0,4.0
2024-07-26,PHI,CLE,-186.5,154.7,0.651,0.3927,0.6237,1.0,3.0
2024-07-26,SFG,COL,-173.3,144.8,0.6341,0.4084,0.6082,11.0,4.0
2024-07-26,STL,WSN,-166.0,139.5,0.6241,0.4175,0.5991,8.0,10.0
2024-07-26,TBR,CIN,-110.0,-108.2,0.5238,0.5196,0.502,2.0,3.0
2024-07-26,TOR,TEX,-121.5,68.2,0.5485,0.5946,0.4798,6.0,5.0
2024-07-27,ARI,PIT,-184.3,151.3,0.6483,0.3979,0.6197,9.0,5.0
2024-07-27,BAL,SDP,-108.0,-77.2,0.5192,0.4356,0.5438,4.0,9.0
2024-07-27,BOS,NYY,-116.5,-35.7,0.5381,0.2629,0.6718,8.0,11.0
2024-07-27,CHW,SEA,125.2,-147.8,0.4441,0.5965,0.4268,3.0,6.0
2024-07-27,DET,MIN,-106.8,-112.0,0.5165,0.5283,0.4944,7.0,2.0
2024-07-27,HOU,LAD,72.3,-725.8,0.5803,0.8789,0.3977,7.0,6.0
2024-07-27,KCR,CHC,-131.0,78.2,0.5671,0.5613,0.5026,4.0,9.0
2024-07-27,LAA,ATH,-128.2,108.5,0.5617,0.4796,0.5394,1.0,3.0
2024-07-27,MIL,MIA,-168.5,141.2,0.6276,0.4147,0.6021,3.0,7.0
2024-07-27,NYM,ATL,-118.0,66.2,0.5413,0.6018,0.4735,0.0,4.0
2024-07-27,PHI,CLE,-163.7,135.5,0.6207,0.4246,0.5938,8.0,0.0
2024-07-27,SFG,COL,-300.7,221.7,0.7504,0.3109,0.7071,4.0,1.0
2024-07-27,STL,WSN,-146.7,123.7,0.5946,0.4471,0.5708,3.0,14.0
2024-07-27,TBR,CIN,-126.5,73.2,0.5585,0.5775,0.4916,4.0,0.0
2024-07-27,TOR,TEX,-132.3,112.3,0.5696,0.471,0.5474,7.0,3.0
2024-07-28,ARI,PIT,11.8,-217.7,0.8942,0.6852,0.5662,5.0,6.0
2024-07-28,BAL,SDP,-145.0,121.2,0.5918,0.4521,0.5669,8.0,6.0
2024-07-28,BOS,NYY,-106.8,-111.8,0.5165,0.5279,0.4945,2.0,8.0
2024-07-28,CHW,SEA,73.3,-126.0,0.5769,0.5575,0.5086,3.0,6.0
2024-07-28,DET,MIN,160.7,-207.2,0.3836,0.6744,0.3626,0.0,5.0
2024-07-28,HOU,LAD,-134.3,113.2,0.5733,0.4691,0.55,2.0,6.0
2024-07-28,KCR,CHC,-180.8,149.0,0.6439,0.4016,0.6159,3.0,7.0
2024-07-28,LAA,ATH,-137.3,116.7,0.5787,0.4615,0.5563,8.0,6.0
2024-07-28,MIL,MIA,-211.7,175.8,0.6791,0.3625,0.652,6.0,2.0
2024-07-28,NYM,ATL,-111.0,-107.7,0.5261,0.5185,0.5036,2.0,9.0
2024-07-28,PHI,CLE,53.0,-1563.8,0.6536,0.9399,0.4102,3.0,4.0
2024-07-28,SFG,COL,-194.7,160.5,0.6606,0.3839,0.6325,5.0,4.0
2024-07-28,STL,WSN,-148.3,125.0,0.5973,0.4444,0.5734,4.0,3.0
2024-07-28,TBR,CIN,1.5,-120.2,0.9852,0.5458,0.6435,2.0,1.0
2024-07-28,TOR,TEX,77.2,-130.7,0.5644,0.5665,0.4991,7.0,3.0
2024-07-29,ARI,WSN,-166.3,140.3,0.6245,0.4161,0.6002,9.0,8.0
2024-07-29,BAL,TOR,-171.5,144.2,0.6317,0.4096,0.6067,11.0,5.0
2024-07-29,BOS,SEA,-123.2,68.7,0.5519,0.5929,0.4821,14.0,7.0
2024-07-29,CHW,KCR,143.8,-171.8,0.4101,0.6321,0.3935,5.0,8.0
2024-07-29,CIN,CHC,-70.5,-114.2,0.4135,0.5331,0.4368,7.0,1.0
2024-07-29,DET,CLE,97.8,-155.8,0.5055,0.6091,0.4535,4.0,8.0
2024-07-29,HOU,PIT,115.8,-137.3,0.4633,0.5787,0.4447,3.0,5.0
2024-07-29,MIL,ATL,-121.3,69.2,0.5482,0.5911,0.4812,8.0,3.0
2024-07-29,NYM,MIN,-112.2,-105.8,0.5287,0.5142,0.507,15.0,2.0
2024-07-29,PHI,NYY,-139.5,118.7,0.5825,0.4573,0.5602,4.0,14.0
2024-07-29,STL,TEX,-68.7,-116.5,0.4071,0.5381,0.4307,3.0,6.0
2024-07-30,ARI,WSN,-168.3,141.7,0.6273,0.4138,0.6026,17.0,0.0
2024-07-30,BAL,TOR,-212.0,175.8,0.6795,0.3625,0.6521,6.0,2.0
2024-07-30,BOS,SEA,0.8,-119.7,0.9917,0.5448,0.6455,6.0,10.0
2024-07-30,CHW,KCR,157.3,-188.2,0.3886,0.653,0.3731,3.0,4.0
2024-07-30,CIN,CHC,111.7,-131.7,0.4724,0.5683,0.4539,6.0,3.0
2024-07-30,DET,CLE,122.5,-145.0,0.4494,0.5918,0.4316,0.0,5.0
2024-07-30,HOU,PIT,-191.5,157.0,0.6569,0.3891,0.628,2.0,6.0
2024-07-30,LAA,COL,-129.8,76.8,0.5649,0.5655,0.4997,10.0,7.0
2024-07-30,MIL,ATL,-114.0,-71.2,0.5327,0.4158,0.5616,1.0,5.0
2024-07-30,NYM,MIN,-117.3,-34.8,0.5399,0.2583,0.6764,2.0,0.0
2024-07-30,PHI,NYY,-142.7,120.7,0.5879,0.4532,0.5647,6.0,7.0
2024-07-30,SDP,LAD,115.2,-135.2,0.4648,0.5748,0.4471,6.0,5.0
2024-07-30,SFG,ATH,-188.0,157.2,0.6528,0.3889,0.6267,2.0,5.0
2024-07-30,STL,TEX,69.8,-122.2,0.5888,0.5499,0.5171,8.0,1.0
2024-07-30,TBR,MIA,-176.7,147.8,0.6386,0.4035,0.6128,9.0,3.0
2024-07-31,ARI,WSN,-240.2,180.2,0.706,0.3569,0.6642,5.0,4.0
2024-07-31,BAL,TOR,-247.5,198.3,0.7122,0.3352,0.68,10.0,4.0
2024-07-31,BOS,SEA,-35.7,-116.3,0.2629,0.5378,0.3284,3.0,2.0
2024-07-31,CHW,KCR,191.0,-234.5,0.3436,0.701,0.3289,3.0,10.0
2024-07-31,CIN,CHC,-156.2,130.3,0.6096,0.4342,0.5841,4.0,13.0
2024-07-31,HOU,PIT,-229.3,188.5,0.6964,0.3466,0.6677,5.0,4.0
2024-07-31,LAA,COL,-139.0,118.3,0.5816,0.458,0.5594,1.0,2.0
2024-07-31,MIL,ATL,126.7,-379.2,0.4412,0.7913,0.358,2.0,6.0
2024-07-31,NYM,MIN,68.3,-121.7,0.5941,0.5489,0.5198,3.0,8.0
2024-07-31,PHI,NYY,93.2,-1717.8,0.5177,0.945,0.3539,5.0,6.0
2024-07-31,SDP,LAD,-134.2,81.0,0.573,0.5525,0.5091,8.0,1.0
2024-07-31,SFG,ATH,-204.3,169.5,0.6714,0.3711,0.6441,1.0,0.0
2024-07-31,STL,TEX,-77.2,-76.0,0.4356,0.4318,0.5022,10.0,1.0
2024-07-31,TBR,MIA,-258.8,210.0,0.7213,0.3226,0.691,2.0,6.0
2024-08-01,ATL,MIA,-207.7,173.3,0.675,0.3659,0.6485,4.0,2.0
2024-08-01,CHC,STL,-114.2,-71.3,0.5331,0.4163,0.5615,5.0,4.0
2024-08-01,CLE,BAL,-128.5,-62.3,0.5624,0.384,0.5942,10.0,3.0
2024-08-01,DET,KCR,137.5,-164.2,0.4211,0.6215,0.4039,1.0,7.0
2024-08-01,LAA,COL,-121.5,35.8,0.5485,0.7362,0.427,4.0,5.0
2024-08-02,ATL,MIA,-256.0,209.2,0.7191,0.3235,0.6898,6.0,3.0
2024-08-02,CHC,STL,-69.5,-115.3,0.41,0.5356,0.4336,6.0,3.0
2024-08-02,CIN,SFG,78.0,-131.0,0.5618,0.5671,0.4977,0.0,3.0
2024-08-02,CLE,BAL,-1.2,-117.3,0.0115,0.5399,0.0209,8.0,4.0
2024-08-02,DET,KCR,-67.0,-62.3,0.4012,0.384,0.511,2.0,9.0
2024-08-02,HOU,TBR,-544.0,240.5,0.8447,0.2937,0.742,3.0,2.0
2024-08-02,LAA,NYM,117.3,-138.2,0.4601,0.5801,0.4423,1.0,5.0
2024-08-02,MIN,CHW,-329.2,260.8,0.767,0.2771,0.7346,10.0,2.0
2024-08-02,NYY,TOR,-179.5,148.8,0.6422,0.4019,0.6151,5.0,8.0
2024-08-02,ATH,LAD,131.0,-156.0,0.4329,0.6094,0.4153,6.0,5.0
2024-08-02,PIT,ARI,112.8,-133.7,0.4699,0.572,0.451,8.0,9.0
2024-08-02,SDP,COL,-187.8,156.2,0.6526,0.3904,0.6257,2.0,5.0
2024-08-02,SEA,PHI,-114.0,-104.8,0.5327,0.5118,0.51,10.0,2.0
2024-08-02,TEX,BOS,-78.3,-107.3,0.4393,0.5177,0.459,6.0,11.0
2024-08-02,WSN,MIL,-106.0,-112.3,0.5146,0.529,0.4931,3.0,8.0
2024-08-03,ATL,MIA,-247.5,200.0,0.7122,0.3333,0.6812,3.0,4.0
2024-08-03,CHC,STL,-111.3,-106.5,0.5268,0.5157,0.5053,4.0,5.0
2024-08-03,CIN,SFG,-136.2,115.5,0.5766,0.464,0.5541,6.0,4.0
2024-08-03,CLE,BAL,-32.2,-120.5,0.2434,0.5465,0.3081,4.0,7.0
2024-08-03,DET,KCR,0.0,-119.2,0.0,0.5437,0.0,6.0,5.0
2024-08-03,HOU,TBR,-153.2,129.0,0.605,0.4367,0.5808,1.0,6.0
2024-08-03,LAA,NYM,107.5,-127.2,0.4819,0.5598,0.4626,5.0,4.0
2024-08-03,MIN,CHW,-262.7,215.5,0.7243,0.317,0.6956,6.0,2.0
2024-08-03,NYY,TOR,-226.7,185.0,0.6939,0.3509,0.6642,8.0,3.0
2024-08-03,ATH,LAD,148.2,-178.2,0.403,0.6405,0.3862,0.0,10.0
2024-08-03,PIT,ARI,-117.7,-34.3,0.5406,0.2556,0.679,4.0,2.0
2024-08-03,SDP,COL,-211.2,174.3,0.6786,0.3645,0.6506,3.0,2.0
2024-08-03,SEA,PHI,-119.0,-33.5,0.5434,0.2509,0.6841,6.0,5.0
2024-08-03,TEX,BOS,-112.7,-106.0,0.5298,0.5146,0.5073,7.0,4.0
2024-08-03,WSN,MIL,3.3,-122.7,0.9677,0.5509,0.6372,6.0,4.0
2024-08-04,ATL,MIA,-267.5,214.5,0.7279,0.318,0.696,0.0,7.0
2024-08-04,CHC,STL,-147.5,124.7,0.596,0.4451,0.5725,6.0,2.0
2024-08-04,CIN,SFG,-111.7,-106.7,0.5276,0.5161,0.5055,2.0,8.0
2024-08-04,CLE,BAL,183.7,-276.8,0.3525,0.7346,0.3243,5.0,9.0
2024-08-04,DET,KCR,81.3,-137.3,0.5515,0.5787,0.488,2.0,3.0
2024-08-04,HOU,TBR,-161.2,136.0,0.6171,0.4237,0.5929,0.0,1.0
2024-08-04,LAA,NYM,130.3,-154.5,0.4342,0.6071,0.417,3.0,2.0
2024-08-04,MIN,CHW,-317.8,253.3,0.7607,0.283,0.7288,13.0,7.0
2024-08-04,NYY,TOR,-277.7,226.3,0.7352,0.3064,0.7058,4.0,3.0
2024-08-04,ATH,LAD,124.8,-148.2,0.4448,0.597,0.4269,2.0,3.0
2024-08-04,PIT,ARI,-100.3,63.8,0.5008,0.6104,0.4507,5.0,6.0
2024-08-04,SDP,COL,-216.8,178.2,0.6844,0.3595,0.6556,10.0,2.0
2024-08-04,SEA,PHI,108.3,-127.8,0.48,0.5611,0.4611,0.0,6.0
2024-08-04,TEX,BOS,-123.7,71.3,0.5529,0.5837,0.4865,2.0,7.0
2024-08-04,WSN,MIL,52.5,-79.5,0.6557,0.4429,0.5969,4.0,3.0
2024-08-05,CHC,MIN,-0.3,-118.2,0.0033,0.5416,0.0061,0.0,3.0
2024-08-05,CLE,ARI,43.8,-200.0,0.6952,0.6667,0.5105,6.0,7.0
2024-08-05,KCR,BOS,-130.5,110.8,0.5662,0.4743,0.5441,5.0,9.0
2024-08-05,LAD,PHI,-137.2,116.7,0.5784,0.4615,0.5562,5.0,3.0
2024-08-05,MIA,CIN,119.0,-143.3,0.4566,0.589,0.4367,3.0,10.0
2024-08-05,ATH,CHW,-196.2,163.7,0.6624,0.3793,0.6359,5.0,1.0
2024-08-05,STL,NYM,-73.8,-111.7,0.4247,0.5276,0.446,0.0,6.0
2024-08-05,TEX,HOU,-75.5,-109.8,0.4302,0.5234,0.4511,4.0,3.0
2024-08-05,WSN,SFG,145.0,-174.2,0.4082,0.6353,0.3912,1.0,4.0
2024-08-06,ATL,MIL,-143.8,121.5,0.5899,0.4515,0.5665,0.0,10.0
2024-08-06,CHC,MIN,-108.2,-110.2,0.5196,0.5242,0.4978,7.0,3.0
2024-08-06,COL,NYM,132.8,-157.5,0.4295,0.6117,0.4125,6.0,3.0
2024-08-06,KCR,BOS,-131.7,110.0,0.5683,0.4762,0.5441,5.0,6.0
2024-08-06,LAD,PHI,-110.0,-108.0,0.5238,0.5192,0.5022,2.0,6.0
2024-08-06,MIA,CIN,117.5,-138.2,0.4598,0.5801,0.4421,2.0,8.0
2024-08-06,ATH,CHW,-189.3,155.8,0.6544,0.3909,0.626,1.0,5.0
2024-08-06,PIT,SDP,141.3,-167.3,0.4144,0.6259,0.3983,0.0,6.0
2024-08-06,SEA,DET,-126.7,81.5,0.5588,0.551,0.5035,2.0,4.0
2024-08-06,STL,TBR,-154.2,129.0,0.6066,0.4367,0.5814,4.0,3.0
2024-08-06,TEX,HOU,110.0,-129.7,0.4762,0.5646,0.4575,2.0,4.0
2024-08-06,TOR,BAL,84.5,-109.8,0.542,0.5234,0.5087,5.0,2.0
2024-08-06,WSN,SFG,-32.7,-119.7,0.2462,0.5448,0.3113,11.0,5.0
2024-08-07,ATL,MIL,-159.5,134.7,0.6146,0.4261,0.5906,5.0,8.0
2024-08-07,CHC,MIN,120.0,-142.0,0.4545,0.5868,0.4365,8.0,2.0
2024-08-07,CLE,ARI,-77.2,-108.5,0.4356,0.5204,0.4556,3.0,7.0
2024-08-07,COL,NYM,129.3,-153.3,0.436,0.6053,0.4187,3.0,5.0
2024-08-07,KCR,BOS,-141.5,119.8,0.5859,0.4549,0.5629,8.0,4.0
2024-08-07,LAD,PHI,-139.0,118.0,0.5816,0.4587,0.5591,4.0,9.0
2024-08-07,MIA,CIN,111.7,-132.0,0.4724,0.569,0.4537,6.0,4.0
2024-08-07,NYY,LAA,-309.7,248.3,0.7559,0.2871,0.7247,5.0,2.0
2024-08-07,ATH,CHW,-185.3,152.8,0.6495,0.3955,0.6215,3.0,2.0
2024-08-07,PIT,SDP,132.2,-156.3,0.4307,0.6099,0.4139,8.0,9.0
2024-08-07,SEA,DET,-140.0,117.8,0.5833,0.4591,0.5596,2.0,6.0
2024-08-07,STL,TBR,-157.3,90.7,0.6114,0.5245,0.5383,5.0,2.0
2024-08-07,TEX,HOU,108.5,-128.2,0.4796,0.5617,0.4606,4.0,6.0
2024-08-07,TOR,BAL,114.0,-137.2,0.4673,0.5784,0.4469,3.0,7.0
2024-08-07,WSN,SFG,135.7,-160.0,0.4243,0.6154,0.4081,4.0,7.0
2024-08-08,ARI,PHI,-124.2,71.3,0.5539,0.5837,0.4869,4.0,6.0
2024-08-08,ATL,MIL,-134.0,114.8,0.5726,0.4655,0.5516,7.0,16.0
2024-08-08,COL,NYM,126.8,-150.5,0.4409,0.6008,0.4232,1.0,9.0
2024-08-08,MIA,CIN,152.7,-183.5,0.3958,0.6473,0.3794,4.0,10.0
2024-08-08,NYY,LAA,-238.5,196.3,0.7046,0.3375,0.6762,4.0,9.0
2024-08-08,PIT,SDP,-107.5,-110.8,0.5181,0.5257,0.4964,6.0,7.0
2024-08-08,SEA,DET,-208.3,172.5,0.6757,0.367,0.648,4.0,3.0
2024-08-08,STL,TBR,-125.3,105.8,0.5562,0.4858,0.5338,4.0,6.0
2024-08-08,TOR,BAL,-367.2,15.5,0.7859,0.8658,0.4758,7.0,6.0
2024-08-08,WSN,SFG,0.2,-119.3,0.9983,0.5441,0.6473,5.0,9.0
2024-08-09,ARI,PHI,120.2,-143.8,0.4542,0.5899,0.435,3.0,2.0
2024-08-09,BOS,HOU,-130.3,77.0,0.5658,0.565,0.5004,4.0,8.0
2024-08-09,CHW,CHC,128.7,-152.7,0.4373,0.6042,0.4199,6.0,7.0
2024-08-09,COL,ATL,139.3,-167.3,0.4178,0.6259,0.4003,6.0,5.0
2024-08-09,KCR,STL,-116.0,-35.7,0.537,0.2629,0.6713,5.0,8.0
2024-08-09,LAD,PIT,-217.3,179.7,0.6849,0.3576,0.657,9.0,5.0
2024-08-09,MIA,SDP,114.2,-136.0,0.4669,0.5763,0.4476,2.0,6.0
2024-08-09,MIL,CIN,-149.5,126.5,0.5992,0.4415,0.5758,8.0,3.0
2024-08-09,MIN,CLE,-163.7,137.5,0.6207,0.4211,0.5958,4.0,2.0
2024-08-09,SEA,NYM,-127.2,73.7,0.5598,0.5758,0.4929,6.0,0.0
2024-08-09,SFG,DET,-196.0,162.7,0.6622,0.3807,0.6349,3.0,2.0
2024-08-09,TBR,BAL,113.7,-134.3,0.468,0.5733,0.4495,1.0,4.0
2024-08-09,TOR,ATH,-149.7,126.2,0.5995,0.4422,0.5755,3.0,1.0
2024-08-09,WSN,LAA,-2.3,-116.2,0.0228,0.5374,0.0407,3.0,2.0
2024-08-10,ARI,PHI,-116.3,-2.2,0.5378,0.0212,0.9621,11.0,1.0
2024-08-10,BOS,HOU,-116.0,-36.5,0.537,0.2674,0.6676,4.0,5.0
2024-08-10,CHW,CHC,191.8,-232.8,0.3427,0.6995,0.3288,1.0,3.0
2024-08-10,COL,ATL,169.7,-203.8,0.3708,0.6709,0.356,8.0,11.0
2024-08-10,KCR,STL,-83.2,59.8,0.454,0.6257,0.4205,8.0,3.0
2024-08-10,LAD,PIT,-113.3,-104.8,0.5312,0.5118,0.5093,4.0,1.0
2024-08-10,MIA,SDP,157.7,-188.8,0.3881,0.6538,0.3725,8.0,9.0
2024-08-10,MIL,CIN,-143.5,121.0,0.5893,0.4525,0.5657,1.0,0.0
2024-08-10,MIN,CLE,-117.5,-0.5,0.5402,0.005,0.9909,1.0,2.0
2024-08-10,NYY,TEX,-161.2,135.2,0.6171,0.4252,0.592,8.0,0.0
2024-08-10,SEA,NYM,-181.7,140.8,0.645,0.4152,0.6084,4.0,0.0
2024-08-10,SFG,DET,-245.8,202.2,0.7108,0.3309,0.6823,3.0,1.0
2024-08-10,TBR,BAL,120.3,-142.2,0.4539,0.5871,0.436,5.0,7.0
2024-08-10,TOR,ATH,-134.5,114.5,0.5736,0.4662,0.5516,0.0,1.0
2024-08-10,WSN,LAA,-108.3,-109.7,0.52,0.5231,0.4985,5.0,4.0
2024-08-11,ARI,PHI,74.7,-127.2,0.5725,0.5598,0.5056,12.0,5.0
2024-08-11,BOS,HOU,120.2,-142.3,0.4542,0.5873,0.4361,2.0,10.0
2024-08-11,COL,ATL,147.5,-177.3,0.404,0.6394,0.3872,9.0,8.0
2024-08-11,LAD,PIT,-282.5,225.3,0.7386,0.3074,0.7061,6.0,5.0
2024-08-11,MIA,SDP,173.7,-209.2,0.3654,0.6765,0.3507,7.0,6.0
2024-08-11,MIL,CIN,-129.7,108.8,0.5646,0.4789,0.5411,3.0,4.0
2024-08-11,MIN,CLE,-115.2,-37.2,0.5352,0.271,0.6639,3.0,5.0
2024-08-11,NYY,TEX,-144.5,121.8,0.591,0.4508,0.5673,8.0,7.0
2024-08-11,SEA,NYM,-125.0,71.2,0.5556,0.5842,0.4874,12.0,1.0
2024-08-11,SFG,DET,-59.5,-82.7,0.373,0.4526,0.4518,4.0,5.0
2024-08-11,TBR,BAL,-84.2,-71.5,0.457,0.4169,0.5229,2.0,1.0
2024-08-11,TOR,ATH,-157.0,132.0,0.6109,0.431,0.5863,4.0,8.0
2024-08-11,WSN,LAA,-153.8,129.8,0.606,0.4351,0.5821,4.0,6.0
2024-08-12,ARI,COL,-286.2,232.5,0.741,0.3008,0.7113,5.0,4.0
2024-08-12,BOS,TEX,-125.8,107.0,0.5572,0.4831,0.5356,5.0,4.0
2024-08-12,CHW,NYY,270.8,-340.0,0.2697,0.7727,0.2587,12.0,2.0
2024-08-12,CIN,STL,122.2,-147.5,0.4501,0.596,0.4303,6.0,1.0
2024-08-12,CLE,CHC,69.2,-121.3,0.5911,0.5482,0.5188,9.0,8.0
2024-08-12,LAA,TOR,-110.0,-108.8,0.5238,0.5211,0.5013,2.0,4.0
2024-08-12,MIL,LAD,-105.7,-113.7,0.5138,0.532,0.4913,2.0,5.0
2024-08-12,MIN,KCR,-159.5,134.8,0.6146,0.4258,0.5907,8.0,3.0
2024-08-12,SDP,PIT,-196.2,163.7,0.6624,0.3793,0.6359,2.0,1.0
2024-08-12,SFG,ATL,-108.7,-110.0,0.5208,0.5238,0.4985,0.0,1.0
2024-08-12,TBR,HOU,111.8,-131.5,0.4721,0.568,0.4539,1.0,6.0
2024-08-13,ARI,COL,-210.3,174.0,0.6778,0.365,0.65,4.0,3.0
2024-08-13,BAL,WSN,-184.7,154.2,0.6487,0.3934,0.6225,3.0,9.0
2024-08-13,BOS,TEX,-141.7,119.7,0.5862,0.4552,0.5629,9.0,4.0
2024-08-13,CHW,NYY,236.2,-295.0,0.2975,0.7468,0.2849,1.0,4.0
2024-08-13,CIN,STL,-130.8,76.8,0.5668,0.5655,0.5006,4.0,1.0
2024-08-13,CLE,CHC,-149.7,126.2,0.5995,0.4422,0.5755,2.0,1.0
2024-08-13,DET,SEA,-121.0,69.0,0.5475,0.5917,0.4806,15.0,1.0
2024-08-13,LAA,TOR,78.2,-341.2,0.5613,0.7733,0.4206,1.0,6.0
2024-08-13,MIL,LAD,-0.3,-118.5,0.0033,0.5423,0.0061,2.0,7.0
2024-08-13,MIN,KCR,-119.7,67.3,0.5448,0.5976,0.4769,13.0,3.0
2024-08-13,NYM,ATH,-187.0,155.3,0.6516,0.3916,0.6246,4.0,9.0
2024-08-13,PHI,MIA,-203.0,169.2,0.67,0.3715,0.6433,0.0,5.0
2024-08-13,SDP,PIT,-249.0,201.3,0.7135,0.3319,0.6825,3.0,0.0
2024-08-13,SFG,ATL,33.2,-277.7,0.7509,0.7352,0.5053,3.0,4.0
2024-08-13,TBR,HOU,107.5,-126.8,0.4819,0.5591,0.4629,2.0,3.0
2024-08-14,ARI,COL,-212.8,176.7,0.6803,0.3614,0.6531,11.0,4.0
2024-08-14,BAL,WSN,-170.7,142.8,0.6305,0.4118,0.6049,4.0,1.0
2024-08-14,BOS,TEX,-143.0,120.8,0.5885,0.4528,0.5651,7.0,9.0
2024-08-14,CHW,NYY,205.8,-252.5,0.327,0.7163,0.3134,2.0,10.0
2024-08-14,CIN,STL,-34.5,-117.7,0.2565,0.5406,0.3218,9.0,2.0
2024-08-14,CLE,CHC,-130.3,110.8,0.5658,0.4743,0.544,6.0,1.0
2024-08-14,DET,SEA,164.2,-223.5,0.3785,0.6909,0.354,3.0,2.0
2024-08-14,LAA,TOR,-111.5,-106.5,0.5272,0.5157,0.5055,2.0,9.0
2024-08-14,MIL,LAD,-33.5,-118.7,0.2509,0.5427,0.3162,5.0,4.0
2024-08-14,MIN,KCR,-108.3,-78.2,0.52,0.4387,0.5424,1.0,4.0
2024-08-14,NYM,ATH,-213.5,176.3,0.681,0.3619,0.653,9.0,1.0
2024-08-14,PHI,MIA,-175.8,147.8,0.6375,0.4035,0.6124,9.0,5.0
2024-08-14,SDP,PIT,-137.0,115.2,0.5781,0.4648,0.5543,8.0,2.0
2024-08-14,SFG,ATL,-131.7,112.7,0.5683,0.4702,0.5472,2.0,13.0
2024-08-14,TBR,HOU,106.7,-126.0,0.4839,0.5575,0.4646,1.0,2.0
2024-08-15,BAL,BOS,-542.8,238.5,0.8444,0.2954,0.7408,5.0,1.0
2024-08-15,DET,SEA,117.8,-140.8,0.4591,0.5848,0.4398,2.0,1.0
2024-08-15,MIL,LAD,119.2,-143.0,0.4563,0.5885,0.4367,6.0,4.0
2024-08-15,NYM,ATH,-185.5,154.2,0.6497,0.3934,0.6228,6.0,7.0
2024-08-15,PHI,WSN,-268.5,217.2,0.7286,0.3153,0.698,13.0,3.0
2024-08-15,SFG,ATL,-115.0,-103.2,0.5349,0.5078,0.513,6.0,0.0
2024-08-15,TEX,MIN,27.5,-83.5,0.7843,0.455,0.6328,2.0,3.0
2024-08-16,BAL,BOS,-181.3,148.8,0.6445,0.4019,0.616,10.0,12.0
2024-08-16,CHC,TOR,-256.0,138.3,0.7191,0.4196,0.6315,6.0,5.0
2024-08-16,CIN,KCR,-140.3,84.8,0.5839,0.541,0.5191,1.0,7.0
2024-08-16,COL,SDP,141.3,-167.0,0.4144,0.6255,0.3985,7.0,3.0
2024-08-16,DET,NYY,172.0,-206.7,0.3676,0.6739,0.353,0.0,3.0
2024-08-16,HOU,CHW,-262.5,216.0,0.7241,0.3165,0.6959,4.0,5.0
2024-08-16,LAA,ATL,138.5,-163.8,0.4193,0.621,0.4031,3.0,2.0
2024-08-16,MIL,CLE,-107.0,-110.8,0.5169,0.5257,0.4958,5.0,3.0
2024-08-16,NYM,MIA,-260.0,212.2,0.7222,0.3203,0.6927,7.0,3.0
2024-08-16,PHI,WSN,-781.8,325.0,0.8866,0.2353,0.7903,3.0,2.0
2024-08-16,PIT,SEA,-119.8,34.5,0.5451,0.7435,0.423,5.0,3.0
2024-08-16,STL,LAD,115.2,-135.3,0.4648,0.5751,0.447,6.0,7.0
2024-08-16,TBR,ARI,-1756.8,108.2,0.9461,0.4804,0.6632,5.0,4.0
2024-08-16,TEX,MIN,100.2,-1615.8,0.4996,0.9417,0.3466,3.0,4.0
2024-08-17,BAL,BOS,-115.3,-69.7,0.5356,0.4106,0.566,1.0,5.0
2024-08-17,CHC,TOR,-168.3,142.0,0.6273,0.4132,0.6029,3.0,2.0
2024-08-17,CIN,KCR,-126.0,107.3,0.5575,0.4823,0.5362,1.0,13.0
2024-08-17,COL,SDP,172.0,-210.2,0.3676,0.6776,0.3517,3.0,8.0
2024-08-17,DET,NYY,191.5,-234.0,0.3431,0.7006,0.3287,4.0,0.0
2024-08-17,HOU,CHW,-388.7,305.8,0.7954,0.2464,0.7635,6.0,1.0
2024-08-17,LAA,ATL,195.5,-240.2,0.3384,0.706,0.324,3.0,11.0
2024-08-17,MIL,CLE,-121.3,69.2,0.5482,0.5911,0.4812,2.0,1.0
2024-08-17,NYM,MIA,-194.2,162.3,0.6601,0.3812,0.6339,4.0,0.0
2024-08-17,ATH,SFG,108.0,-127.7,0.4808,0.5608,0.4616,2.0,0.0
2024-08-17,PHI,WSN,-232.8,192.0,0.6995,0.3425,0.6713,5.0,1.0
2024-08-17,PIT,SEA,133.3,-158.3,0.4286,0.6129,0.4115,7.0,2.0
2024-08-17,STL,LAD,46.5,-134.8,0.6826,0.5742,0.5431,5.0,2.0
2024-08-17,TBR,ARI,-70.2,-115.2,0.4123,0.5352,0.4351,6.0,1.0
2024-08-17,TEX,MIN,-141.5,85.5,0.5859,0.5391,0.5208,2.0,5.0
2024-08-18,BAL,BOS,-665.0,242.5,0.8693,0.292,0.7486,4.0,2.0
2024-08-18,CHC,TOR,-187.2,153.5,0.6518,0.3945,0.623,0.0,1.0
2024-08-18,CIN,KCR,-109.0,-109.3,0.5215,0.5223,0.4996,1.0,8.0
2024-08-18,COL,SDP,163.2,-198.3,0.38,0.6648,0.3637,3.0,2.0
2024-08-18,DET,NYY,-161.5,93.3,0.6176,0.5172,0.5442,3.0,2.0
2024-08-18,HOU,CHW,-359.2,282.0,0.7822,0.2618,0.7493,2.0,0.0
2024-08-18,LAA,ATL,153.8,-184.2,0.394,0.6481,0.3781,1.0,3.0
2024-08-18,MIL,CLE,-122.8,70.5,0.5512,0.5865,0.4845,2.0,0.0
2024-08-18,NYM,MIA,-198.3,165.3,0.6648,0.3769,0.6382,2.0,3.0
2024-08-18,ATH,SFG,135.3,-160.5,0.4249,0.6161,0.4082,2.0,4.0
2024-08-18,PHI,WSN,-163.0,137.3,0.6198,0.4213,0.5953,4.0,6.0
2024-08-18,PIT,SEA,143.3,-171.0,0.411,0.631,0.3944,3.0,10.0
2024-08-18,STL,LAD,-16.8,-150.7,0.1441,0.6011,0.1934,1.0,2.0
2024-08-18,TBR,ARI,-36.8,-115.7,0.2692,0.5363,0.3342,8.0,7.0
2024-08-18,TEX,MIN,-117.8,-16.8,0.5409,0.1441,0.7897,6.0,5.0
2024-08-19,HOU,BOS,-148.3,121.7,0.5973,0.4511,0.5697,5.0,4.0
2024-08-19,KCR,LAA,-243.3,199.2,0.7087,0.3343,0.6795,5.0,3.0
2024-08-19,LAD,SEA,-150.7,126.8,0.6011,0.4409,0.5769,3.0,0.0
2024-08-19,MIA,ARI,176.2,-211.8,0.3621,0.6793,0.3477,6.0,9.0
2024-08-19,NYM,BAL,-216.7,160.8,0.6842,0.3834,0.6409,4.0,3.0
2024-08-19,ATH,TBR,108.0,-127.8,0.4808,0.5611,0.4615,3.0,0.0
2024-08-19,SDP,MIN,-174.8,144.5,0.6361,0.409,0.6087,5.0,3.0
2024-08-19,SFG,CHW,-238.3,195.0,0.7044,0.339,0.6751,5.0,3.0
2024-08-19,TEX,PIT,-152.8,129.0,0.6045,0.4367,0.5806,4.0,3.0
2024-08-19,TOR,CIN,-161.3,135.7,0.6173,0.4243,0.5926,3.0,6.0
2024-08-20,ATL,PHI,126.7,-150.5,0.4412,0.6008,0.4234,3.0,1.0
2024-08-20,CHC,DET,-149.3,125.5,0.5989,0.4435,0.5746,3.0,1.0
2024-08-20,HOU,BOS,-112.7,-72.0,0.5298,0.4186,0.5586,5.0,6.0
2024-08-20,KCR,LAA,-201.2,167.0,0.668,0.3745,0.6407,5.0,9.0
2024-08-20,LAD,SEA,-157.5,133.0,0.6117,0.4292,0.5877,6.0,3.0
2024-08-20,MIA,ARI,111.7,-133.8,0.4724,0.5723,0.4522,1.0,3.0
2024-08-20,NYM,BAL,-127.3,74.0,0.5601,0.5747,0.4936,5.0,9.0
2024-08-20,NYY,CLE,-155.0,130.3,0.6078,0.4342,0.5833,5.0,9.0
2024-08-20,ATH,TBR,103.5,-122.2,0.4914,0.5499,0.4719,0.0,1.0
2024-08-20,SDP,MIN,67.0,-118.8,0.5988,0.543,0.5244,7.0,5.0
2024-08-20,SFG,CHW,-259.0,210.8,0.7214,0.3217,0.6916,4.0,1.0
2024-08-20,STL,MIL,-124.0,105.2,0.5536,0.4874,0.5318,2.0,3.0
2024-08-20,TEX,PIT,-97.7,72.8,0.4941,0.5786,0.4606,0.0,4.0
2024-08-20,TOR,CIN,-128.3,108.5,0.562,0.4796,0.5396,10.0,3.0
2024-08-20,WSN,COL,-157.8,133.5,0.6122,0.4283,0.5884,1.0,3.0
2024-08-21,ATL,PHI,-110.3,-74.8,0.5246,0.428,0.5507,2.0,3.0
2024-08-21,CHC,DET,-135.7,114.0,0.5757,0.4673,0.552,2.0,8.0
2024-08-21,HOU,BOS,-138.7,117.3,0.581,0.4601,0.5581,1.0,4.0
2024-08-21,KCR,LAA,-188.3,157.0,0.6532,0.3891,0.6267,3.0,0.0
2024-08-21,LAD,SEA,-188.5,155.0,0.6534,0.3922,0.6249,8.0,4.0
2024-08-21,MIA,ARI,196.7,-290.5,0.3371,0.7439,0.3118,8.0,10.0
2024-08-21,NYM,BAL,-137.0,81.3,0.5781,0.5515,0.5118,4.0,3.0
2024-08-21,NYY,CLE,-194.2,162.0,0.6601,0.3817,0.6336,8.0,1.0
2024-08-21,ATH,TBR,112.0,-132.7,0.4717,0.5702,0.4527,2.0,4.0
2024-08-21,SDP,MIN,-123.8,104.8,0.5532,0.4882,0.5312,4.0,11.0
2024-08-21,SFG,CHW,-245.8,200.5,0.7108,0.3328,0.6811,2.0,6.0
2024-08-21,STL,MIL,-117.8,-34.3,0.5409,0.2556,0.6791,10.0,6.0
2024-08-21,TEX,PIT,-169.2,138.7,0.6285,0.419,0.6,1.0,0.0
2024-08-21,TOR,CIN,-2.7,-83.0,0.026,0.4536,0.0542,7.0,11.0
2024-08-21,WSN,COL,-163.0,137.5,0.6198,0.4211,0.5955,6.0,1.0
2024-08-22,ATL,PHI,-117.0,-68.7,0.5392,0.4071,0.5698,3.0,2.0
2024-08-22,BAL,HOU,-165.0,139.7,0.6226,0.4172,0.5988,0.0,6.0
2024-08-22,CHC,DET,-194.7,162.3,0.6606,0.3812,0.6341,10.0,2.0
2024-08-22,NYY,CLE,-191.5,159.8,0.6569,0.3849,0.6306,6.0,0.0
2024-08-22,ATH,TBR,-0.3,-118.5,0.0033,0.5423,0.0061,3.0,1.0
2024-08-22,PIT,CIN,-151.7,127.8,0.6026,0.4389,0.5786,7.0,0.0
2024-08-22,SDP,NYM,-157.3,132.8,0.6114,0.4295,0.5874,3.0,8.0
2024-08-22,STL,MIL,73.5,-128.5,0.5764,0.5624,0.5061,3.0,0.0
2024-08-22,TOR,LAA,-155.3,130.8,0.6084,0.4332,0.5841,5.0,3.0
2024-08-22,WSN,COL,-149.5,92.7,0.5992,0.519,0.5358,8.0,3.0
2024-08-23,ATL,WSN,-269.2,218.3,0.7291,0.3141,0.6989,3.0,2.0
2024-08-23,BAL,HOU,158.0,-1765.5,0.3876,0.9464,0.2906,7.0,5.0
2024-08-23,BOS,ARI,-126.2,107.3,0.5578,0.4823,0.5363,2.0,12.0
2024-08-23,CHW,DET,133.3,-158.0,0.4286,0.6124,0.4117,2.0,5.0
2024-08-23,CLE,TEX,-142.5,120.3,0.5876,0.4539,0.5642,3.0,5.0
2024-08-23,KCR,PHI,-1779.8,287.0,0.9468,0.2584,0.7856,7.0,4.0
2024-08-23,LAD,TBR,-201.3,165.8,0.6681,0.3762,0.6398,7.0,3.0
2024-08-23,MIA,CHC,102.8,-124.5,0.493,0.5546,0.4706,3.0,6.0
2024-08-23,MIN,STL,-152.5,128.3,0.604,0.438,0.5797,1.0,6.0
2024-08-23,NYY,COL,-341.3,270.0,0.7734,0.2703,0.741,3.0,0.0
2024-08-23,ATH,MIL,-0.3,-118.3,0.0033,0.542,0.0061,3.0,11.0
2024-08-23,PIT,CIN,-111.7,-107.0,0.5276,0.5169,0.5051,6.0,5.0
2024-08-23,SDP,NYM,-133.2,79.3,0.5711,0.5576,0.506,7.0,0.0
2024-08-23,SEA,SFG,-154.2,129.8,0.6066,0.4351,0.5823,6.0,5.0
2024-08-23,TOR,LAA,-207.5,168.0,0.6748,0.3731,0.6439,5.0,4.0
2024-08-24,ATL,WSN,-197.0,157.7,0.6633,0.3881,0.6309,4.0,2.0
2024-08-24,BAL,HOU,-76.2,-109.0,0.4324,0.5215,0.4533,3.0,2.0
2024-08-24,BOS,ARI,-123.2,37.8,0.5519,0.7255,0.432,1.0,4.0
2024-08-24,CHW,DET,366.3,-1047.8,0.2144,0.9129,0.1902,4.0,13.0
2024-08-24,CLE,TEX,-133.3,113.0,0.5714,0.4695,0.549,13.0,5.0
2024-08-24,KCR,PHI,-71.2,-114.2,0.4158,0.5331,0.4382,2.0,11.0
2024-08-24,LAD,TBR,-213.2,176.2,0.6807,0.3621,0.6528,8.0,9.0
2024-08-24,MIA,CHC,160.8,-194.3,0.3834,0.6602,0.3674,2.0,14.0
2024-08-24,MIN,STL,-141.2,119.2,0.5853,0.4563,0.562,6.0,0.0
2024-08-24,NYY,COL,-316.5,253.7,0.7599,0.2828,0.7288,2.0,9.0
2024-08-24,ATH,MIL,107.0,-126.3,0.4831,0.5582,0.4639,5.0,9.0
2024-08-24,PIT,CIN,-110.3,-108.2,0.5246,0.5196,0.5024,2.0,10.0
2024-08-24,SDP,NYM,-141.7,120.3,0.5862,0.4539,0.5636,1.0,7.0
2024-08-24,SEA,SFG,-112.3,-72.5,0.529,0.4203,0.5573,3.0,4.0
2024-08-24,TOR,LAA,-183.0,152.8,0.6466,0.3955,0.6205,3.0,1.0
2024-08-25,ATL,WSN,-194.2,162.3,0.6601,0.3812,0.6339,1.0,5.0
2024-08-25,BAL,HOU,-109.8,-108.3,0.5234,0.52,0.5016,3.0,6.0
2024-08-25,BOS,ARI,-132.0,112.2,0.569,0.4713,0.5469,5.0,7.0
2024-08-25,CHW,DET,130.7,-154.5,0.4335,0.6071,0.4166,4.0,9.0
2024-08-25,CLE,TEX,-126.2,107.0,0.5578,0.4831,0.5359,4.0,2.0
2024-08-25,KCR,PHI,-136.0,81.8,0.5763,0.55,0.5117,3.0,11.0
2024-08-25,LAD,TBR,-231.0,189.7,0.6979,0.3452,0.669,3.0,1.0
2024-08-25,MIA,CHC,148.7,-178.8,0.4021,0.6414,0.3854,7.0,2.0
2024-08-25,MIN,STL,-140.3,118.7,0.5839,0.4573,0.5608,2.0,3.0
2024-08-25,NYY,COL,-263.3,212.5,0.7248,0.32,0.6937,10.0,3.0
2024-08-25,ATH,MIL,84.8,-140.3,0.541,0.5839,0.4809,4.0,3.0
2024-08-25,PIT,CIN,-109.0,-109.2,0.5215,0.5219,0.4998,4.0,3.0
2024-08-25,SDP,NYM,-120.2,68.5,0.5458,0.5935,0.4791,3.0,2.0
2024-08-25,SEA,SFG,-146.2,121.8,0.5938,0.4508,0.5684,4.0,3.0
2024-08-25,TOR,LAA,-170.8,140.3,0.6308,0.4161,0.6025,8.0,2.0
2024-08-26,BOS,TOR,-159.3,133.3,0.6144,0.4286,0.5891,1.0,4.0
2024-08-26,CHW,DET,117.2,-138.3,0.4605,0.5804,0.4424,3.0,6.0
2024-08-26,CLE,KCR,197.5,-383.0,0.3361,0.793,0.2977,3.0,4.0
2024-08-26,COL,MIA,-112.8,-105.8,0.5301,0.5142,0.5077,3.0,2.0
2024-08-26,MIN,ATL,-116.8,-35.2,0.5388,0.2602,0.6744,6.0,10.0
2024-08-26,PHI,HOU,-190.7,158.8,0.656,0.3863,0.6293,3.0,2.0
2024-08-26,PIT,CHC,-115.3,-36.7,0.5356,0.2683,0.6663,8.0,18.0
2024-08-26,SEA,TBR,-129.2,109.0,0.5636,0.4785,0.5409,5.0,1.0
2024-08-26,STL,SDP,-118.0,66.2,0.5413,0.6018,0.4735,4.0,7.0
2024-08-26,WSN,NYY,158.5,-190.2,0.3868,0.6554,0.3712,2.0,5.0
2024-08-27,ARI,NYM,-112.3,-107.5,0.529,0.5181,0.5052,3.0,8.0
2024-08-27,BOS,TOR,-137.3,116.5,0.5787,0.4619,0.5561,6.0,3.0
2024-08-27,CIN,ATH,-49.3,-19.5,0.3304,0.1632,0.6694,4.0,5.0
2024-08-27,CLE,KCR,0.7,-304.7,0.9934,0.7529,0.5689,1.0,6.0
2024-08-27,COL,MIA,-151.0,127.2,0.6016,0.4402,0.5775,8.0,9.0
2024-08-27,DET,LAA,-156.3,130.3,0.6099,0.4342,0.5842,6.0,2.0
2024-08-27,LAD,BAL,-124.0,81.0,0.5536,0.5525,0.5005,2.0,3.0
2024-08-27,MIL,SFG,-28.3,-193.2,0.2208,0.6589,0.251,4.0,5.0
2024-08-27,MIN,ATL,21.5,-373.3,0.823,0.7887,0.5106,6.0,8.0
2024-08-27,PHI,HOU,-144.2,121.7,0.5904,0.4511,0.5669,5.0,0.0
2024-08-27,PIT,CHC,106.5,-125.8,0.4843,0.5572,0.465,5.0,9.0
2024-08-27,SEA,TBR,-166.2,136.7,0.6243,0.4225,0.5964,2.0,3.0
2024-08-27,STL,SDP,124.0,-147.3,0.4464,0.5957,0.4284,5.0,7.0
2024-08-27,WSN,NYY,4.3,-123.7,0.9585,0.5529,0.6342,4.0,2.0
2024-08-28,ARI,NYM,-133.0,109.7,0.5708,0.4769,0.5448,8.0,5.0
2024-08-28,BOS,TOR,-135.5,115.5,0.5754,0.464,0.5536,3.0,0.0
2024-08-28,CHW,TEX,170.8,-212.2,0.3692,0.6797,0.352,3.0,4.0
2024-08-28,CIN,ATH,-126.0,106.0,0.5575,0.4854,0.5346,6.0,9.0
2024-08-28,CLE,KCR,-154.5,130.3,0.6071,0.4342,0.583,7.0,5.0
2024-08-28,COL,MIA,-134.8,115.0,0.5742,0.4651,0.5525,8.0,2.0
2024-08-28,DET,LAA,-157.2,132.7,0.6111,0.4298,0.5871,3.0,2.0
2024-08-28,LAD,BAL,-113.3,-71.8,0.5312,0.418,0.5596,6.0,4.0
2024-08-28,MIL,SFG,-167.2,140.3,0.6257,0.4161,0.6006,5.0,3.0
2024-08-28,MIN,ATL,120.0,-141.5,0.4545,0.5859,0.4369,1.0,5.0
2024-08-28,PHI,HOU,216.7,-654.8,0.3158,0.8675,0.2669,0.0,10.0
2024-08-28,PIT,CHC,-171.2,142.0,0.6312,0.4132,0.6044,10.0,14.0
2024-08-28,SEA,TBR,-161.8,136.8,0.6181,0.4222,0.5941,6.0,2.0
2024-08-28,STL,SDP,36.0,-123.2,0.7353,0.5519,0.5712,4.0,3.0
2024-08-28,WSN,NYY,128.3,-198.5,0.438,0.665,0.3971,5.0,2.0
2024-08-29,ARI,NYM,-123.0,68.3,0.5516,0.5941,0.4815,2.0,3.0
2024-08-29,BOS,TOR,-89.0,62.8,0.4709,0.6141,0.434,0.0,2.0
2024-08-29,CHW,TEX,270.0,-382.5,0.2703,0.7927,0.2542,1.0,2.0
2024-08-29,CIN,ATH,-131.7,78.8,0.5683,0.5592,0.5041,10.0,9.0
2024-08-29,COL,MIA,-133.2,79.8,0.5711,0.5561,0.5067,8.0,12.0
2024-08-29,DET,LAA,-176.7,148.2,0.6386,0.403,0.6131,0.0,3.0
2024-08-29,HOU,KCR,-160.7,136.0,0.6164,0.4237,0.5926,6.0,3.0
2024-08-29,LAD,BAL,-146.7,123.8,0.5946,0.4468,0.571,6.0,3.0
2024-08-29,MIL,SFG,-129.5,109.8,0.5643,0.4766,0.5421,6.0,0.0
2024-08-29,PHI,ATL,-160.3,135.3,0.6159,0.4249,0.5917,5.0,4.0
2024-08-29,STL,SDP,-114.0,-104.8,0.5327,0.5118,0.51,4.0,1.0
2024-08-30,ARI,LAD,116.2,-136.7,0.4626,0.5775,0.4448,9.0,10.0
2024-08-30,CHW,NYM,168.7,-206.5,0.3722,0.6737,0.3559,1.0,5.0
2024-08-30,CIN,MIL,44.7,-199.3,0.6912,0.6659,0.5093,4.0,5.0
2024-08-30,CLE,PIT,-153.0,128.7,0.6047,0.4373,0.5803,10.0,8.0
2024-08-30,COL,BAL,125.7,-149.0,0.4431,0.5984,0.4255,3.0,5.0
2024-08-30,DET,BOS,36.5,-122.7,0.7326,0.5509,0.5708,5.0,7.0
2024-08-30,HOU,KCR,-184.2,153.3,0.6481,0.3947,0.6215,3.0,2.0
2024-08-30,LAA,SEA,154.8,-185.5,0.3924,0.6497,0.3765,5.0,9.0
2024-08-30,MIN,TOR,-184.7,154.3,0.6487,0.3932,0.6226,2.0,0.0
2024-08-30,NYY,STL,-714.7,298.8,0.8773,0.2507,0.7777,6.0,3.0
2024-08-30,PHI,ATL,-138.2,117.5,0.5801,0.4598,0.5579,2.0,7.0
2024-08-30,SFG,MIA,-283.5,230.8,0.7392,0.3023,0.7098,3.0,1.0
2024-08-30,TBR,SDP,-126.5,107.2,0.5585,0.4827,0.5364,5.0,13.0
2024-08-30,TEX,ATH,-139.7,118.5,0.5828,0.4577,0.5601,2.0,9.0
2024-08-30,WSN,CHC,134.0,-158.8,0.4274,0.6137,0.4105,6.0,7.0
2024-08-31,ARI,LAD,115.2,-134.5,0.4648,0.5736,0.4476,6.0,8.0
2024-08-31,CHW,NYM,163.5,-199.5,0.3795,0.6661,0.363,3.0,5.0
2024-08-31,CIN,MIL,111.0,-131.2,0.4739,0.5674,0.4551,4.0,5.0
2024-08-31,CLE,PIT,-190.8,157.7,0.6562,0.3881,0.6284,0.0,3.0
2024-08-31,COL,BAL,131.3,-157.8,0.4323,0.6122,0.4139,7.0,5.0
2024-08-31,DET,BOS,-145.0,122.7,0.5918,0.4491,0.5686,2.0,1.0
2024-08-31,HOU,KCR,-131.0,110.0,0.5671,0.4762,0.5436,5.0,2.0
2024-08-31,LAA,SEA,141.0,-166.8,0.4149,0.6252,0.3989,5.0,4.0
2024-08-31,MIN,TOR,-144.3,121.8,0.5907,0.4508,0.5672,0.0,15.0
2024-08-31,NYY,STL,-168.7,141.5,0.6278,0.4141,0.6026,5.0,6.0
2024-08-31,PHI,ATL,-165.5,139.0,0.6234,0.4184,0.5984,3.0,0.0
2024-08-31,SFG,MIA,-141.7,119.8,0.5862,0.4549,0.5631,3.0,4.0
2024-08-31,TBR,SDP,-121.8,69.7,0.5492,0.5894,0.4824,11.0,4.0
2024-08-31,TEX,ATH,-222.8,169.3,0.6902,0.3713,0.6502,3.0,2.0
2024-08-31,WSN,CHC,-5.3,-167.7,0.0506,0.6264,0.0748,3.0,5.0
2024-09-01,ARI,LAD,-111.5,-107.8,0.5272,0.5188,0.504,14.0,3.0
2024-09-01,CHW,NYM,150.3,-180.7,0.3995,0.6437,0.3829,0.0,2.0
2024-09-01,CIN,MIL,18.2,-61.0,0.8463,0.3789,0.6907,4.0,3.0
2024-09-01,CLE,PIT,-154.0,129.2,0.6063,0.4364,0.5815,6.0,1.0
2024-09-01,COL,BAL,157.7,-189.0,0.3881,0.654,0.3724,1.0,6.0
2024-09-01,DET,BOS,-107.3,-111.0,0.5177,0.5261,0.496,4.0,1.0
2024-09-01,HOU,KCR,-161.3,136.0,0.6173,0.4237,0.593,7.0,2.0
2024-09-01,LAA,SEA,150.3,-182.8,0.3995,0.6464,0.3819,3.0,2.0
2024-09-01,MIN,TOR,-633.3,301.5,0.8636,0.2491,0.7762,4.0,3.0
2024-09-01,NYY,STL,-242.0,198.8,0.7076,0.3346,0.6789,7.0,14.0
2024-09-01,PHI,ATL,-131.2,110.0,0.5674,0.4762,0.5437,3.0,2.0
2024-09-01,SFG,MIA,-275.8,225.0,0.7339,0.3077,0.7046,5.0,7.0
2024-09-01,TBR,SDP,154.8,-221.5,0.3924,0.689,0.3629,3.0,4.0
2024-09-01,TEX,ATH,-130.3,110.7,0.5658,0.4747,0.5438,6.0,4.0
2024-09-01,WSN,CHC,111.0,-130.5,0.4739,0.5662,0.4557,1.0,14.0
2024-09-02,ARI,LAD,116.0,-137.0,0.463,0.5781,0.4447,6.0,11.0
2024-09-02,BAL,CHW,-464.2,355.5,0.8227,0.2195,0.7894,13.0,3.0
2024-09-02,CHC,PIT,-151.8,128.0,0.6029,0.4386,0.5789,3.0,5.0
2024-09-02,CIN,HOU,138.2,-164.2,0.4199,0.6215,0.4032,5.0,3.0
2024-09-02,KCR,CLE,-115.2,-105.2,0.5352,0.5126,0.5108,2.0,4.0
2024-09-02,MIL,STL,-167.7,139.3,0.6264,0.4178,0.5999,9.0,3.0
2024-09-02,NYM,BOS,-123.3,-64.8,0.5522,0.3933,0.584,4.0,1.0
2024-09-02,ATH,SEA,120.0,-142.3,0.4545,0.5873,0.4363,5.0,4.0
2024-09-02,SDP,DET,-196.8,163.5,0.6631,0.3795,0.636,3.0,0.0
2024-09-02,TBR,MIN,-102.5,-116.2,0.5062,0.5374,0.485,4.0,5.0
2024-09-02,TEX,NYY,160.8,-192.7,0.3834,0.6583,0.368,4.0,8.0
2024-09-03,ATL,COL,-375.3,298.7,0.7896,0.2508,0.7589,3.0,0.0
2024-09-03,BAL,CHW,-325.8,258.3,0.7652,0.2791,0.7328,9.0,0.0
2024-09-03,CHC,PIT,66.8,-119.2,0.5994,0.5437,0.5244,0.0,5.0
2024-09-03,KCR,CLE,76.0,-129.0,0.5682,0.5633,0.5021,1.0,7.0
2024-09-03,LAA,LAD,153.2,-184.0,0.395,0.6479,0.3788,2.0,6.0
2024-09-03,MIA,WSN,-116.0,-69.7,0.537,0.4106,0.5667,2.0,6.0
2024-09-03,MIL,STL,-154.0,129.7,0.6063,0.4354,0.582,4.0,7.0
2024-09-03,NYM,BOS,-134.0,111.7,0.5726,0.4724,0.5479,7.0,2.0
2024-09-03,ATH,SEA,132.0,-156.5,0.431,0.6101,0.414,3.0,2.0
2024-09-03,SFG,ARI,73.5,-431.0,0.5764,0.8117,0.4152,7.0,8.0
2024-09-03,TBR,MIN,-111.2,-106.7,0.5264,0.5161,0.5049,2.0,1.0
2024-09-03,TEX,NYY,40.8,-83.3,0.7101,0.4545,0.6097,7.0,4.0
2024-09-03,TOR,PHI,-116.8,-34.8,0.5388,0.2583,0.6759,9.0,10.0
2024-09-04,ATL,COL,-276.8,225.8,0.7346,0.3069,0.7053,5.0,2.0
2024-09-04,BAL,CHW,-365.8,290.0,0.7853,0.2564,0.7539,1.0,8.0
2024-09-04,CHC,PIT,-210.3,172.3,0.6778,0.3672,0.6486,12.0,0.0
2024-09-04,CIN,HOU,121.3,-143.8,0.4518,0.5899,0.4337,12.0,5.0
2024-09-04,KCR,CLE,-132.0,111.0,0.569,0.4739,0.5456,4.0,1.0
2024-09-04,LAA,LAD,167.5,-202.2,0.3738,0.6691,0.3585,10.0,1.0
2024-09-04,MIA,WSN,85.8,-144.5,0.5381,0.591,0.4766,4.0,3.0
2024-09-04,MIL,STL,-47.3,-33.3,0.3213,0.25,0.5624,2.0,3.0
2024-09-04,NYM,BOS,-114.8,-37.5,0.5345,0.2727,0.6622,8.0,3.0
2024-09-04,ATH,SEA,121.7,-144.3,0.4511,0.5907,0.433,3.0,16.0
2024-09-04,SDP,DET,-195.7,162.8,0.6618,0.3805,0.635,6.0,5.0
2024-09-04,SFG,ARI,166.5,-225.5,0.3752,0.6928,0.3513,4.0,6.0
2024-09-04,TBR,MIN,69.2,-121.8,0.5911,0.5492,0.5184,9.0,4.0
2024-09-04,TEX,NYY,-104.5,-113.8,0.511,0.5323,0.4898,10.0,6.0
2024-09-04,TOR,PHI,125.0,-154.2,0.4444,0.6066,0.4229,2.0,4.0
2024-09-05,ATL,COL,-281.3,224.2,0.7378,0.3085,0.7052,1.0,3.0
2024-09-05,CIN,HOU,130.8,-157.8,0.4332,0.6122,0.4144,1.0,0.0
2024-09-05,MIA,PHI,194.7,-235.8,0.3394,0.7022,0.3258,2.0,5.0
2024-09-05,ATH,SEA,123.3,-145.8,0.4478,0.5932,0.4301,4.0,6.0
2024-09-05,PIT,WSN,-122.8,35.7,0.5512,0.7371,0.4279,9.0,4.0
2024-09-05,SDP,DET,-158.2,133.7,0.6127,0.428,0.5887,3.0,4.0
2024-09-05,SFG,ARI,-148.3,89.5,0.5973,0.5277,0.5309,3.0,2.0
2024-09-05,TBR,MIN,127.2,-150.7,0.4402,0.6011,0.4228,3.0,4.0
2024-09-05,TEX,LAA,-188.8,157.0,0.6538,0.3891,0.6269,3.0,1.0
2024-09-06,ATL,TOR,-173.7,145.2,0.6346,0.4079,0.6087,3.0,1.0
2024-09-06,BAL,TBR,-157.2,131.5,0.6111,0.432,0.5859,2.0,0.0
2024-09-06,BOS,CHW,-284.2,230.8,0.7397,0.3023,0.7099,3.0,1.0
2024-09-06,CHC,NYY,38.2,-124.7,0.7238,0.5549,0.566,0.0,3.0
2024-09-06,HOU,ARI,-163.8,138.3,0.621,0.4196,0.5968,8.0,0.0
2024-09-06,KCR,MIN,-139.7,118.5,0.5828,0.4577,0.5601,5.0,0.0
2024-09-06,LAD,CLE,-153.0,128.7,0.6047,0.4373,0.5803,1.0,3.0
2024-09-06,MIA,PHI,220.8,-277.7,0.3117,0.7352,0.2977,2.0,16.0
2024-09-06,MIL,COL,-235.0,192.3,0.7015,0.3421,0.6722,2.0,3.0
2024-09-06,NYM,CIN,-172.7,143.8,0.6333,0.4101,0.6069,6.0,4.0
2024-09-06,ATH,DET,135.5,-161.0,0.4246,0.6169,0.4077,7.0,6.0
2024-09-06,SDP,SFG,-216.2,178.0,0.6837,0.3597,0.6553,5.0,1.0
2024-09-06,STL,SEA,-3.5,-171.8,0.0338,0.6321,0.0508,1.0,6.0
2024-09-06,TEX,LAA,-160.3,135.2,0.6159,0.4252,0.5916,1.0,5.0
2024-09-07,ATL,TOR,-166.0,139.7,0.6241,0.4172,0.5993,5.0,9.0
2024-09-07,BAL,TBR,-180.3,149.5,0.6433,0.4008,0.6161,1.0,7.0
2024-09-07,BOS,CHW,-209.5,174.3,0.6769,0.3645,0.65,7.0,5.0
2024-09-07,CHC,NYY,182.5,-272.8,0.354,0.7318,0.326,0.0,2.0
2024-09-07,HOU,ARI,-107.5,79.3,0.5181,0.5576,0.4816,11.0,5.0
2024-09-07,KCR,MIN,117.3,-138.3,0.4601,0.5804,0.4422,4.0,2.0
2024-09-07,LAD,CLE,-158.8,133.3,0.6137,0.4286,0.5888,7.0,2.0
2024-09-07,MIA,PHI,102.3,-164.5,0.4942,0.6219,0.4428,9.0,5.0
2024-09-07,MIL,COL,-292.5,237.5,0.7452,0.2963,0.7155,5.0,2.0
2024-09-07,NYM,CIN,-152.2,128.3,0.6034,0.438,0.5795,4.0,0.0
2024-09-07,ATH,DET,-108.0,-110.0,0.5192,0.5238,0.4978,1.0,2.0
2024-09-07,PIT,WSN,-31.2,-73.2,0.2376,0.4225,0.3599,3.0,5.0
2024-09-07,SDP,SFG,-131.8,110.7,0.5687,0.4747,0.545,3.0,6.0
2024-09-07,STL,SEA,111.5,-130.5,0.4728,0.5662,0.4551,2.0,0.0
2024-09-07,TEX,LAA,-142.3,119.2,0.5873,0.4563,0.5628,6.0,4.0
2024-09-08,ATL,TOR,-277.5,226.7,0.7351,0.3061,0.706,4.0,3.0
2024-09-08,BAL,TBR,-71.7,-129.5,0.4175,0.5643,0.4252,0.0,2.0
2024-09-08,BOS,CHW,-281.7,226.7,0.738,0.3061,0.7068,2.0,7.0
2024-09-08,CHC,NYY,133.8,-158.7,0.4277,0.6134,0.4108,2.0,1.0
2024-09-08,HOU,ARI,-137.2,116.7,0.5784,0.4615,0.5562,6.0,12.0
2024-09-08,KCR,MIN,-119.8,67.0,0.5451,0.5988,0.4765,2.0,0.0
2024-09-08,LAD,CLE,-167.5,141.7,0.6262,0.4138,0.6021,4.0,0.0
2024-09-08,MIA,PHI,113.2,-133.2,0.4691,0.5711,0.451,10.0,1.0
2024-09-08,MIL,COL,-293.5,237.5,0.7459,0.2963,0.7157,1.0,4.0
2024-09-08,NYM,CIN,-207.5,173.3,0.6748,0.3659,0.6484,1.0,3.0
2024-09-08,ATH,DET,-115.7,-70.0,0.5363,0.4118,0.5657,1.0,9.0
2024-09-08,PIT,WSN,-159.8,135.0,0.6151,0.4255,0.5911,7.0,3.0
2024-09-08,SDP,SFG,-199.0,165.7,0.6656,0.3764,0.6387,6.0,7.0
2024-09-08,STL,SEA,114.2,-134.7,0.4669,0.5739,0.4486,4.0,10.0
2024-09-08,TEX,LAA,-174.2,145.8,0.6353,0.4068,0.6096,7.0,4.0
2024-09-09,ATL,CIN,-154.5,130.5,0.6071,0.4338,0.5832,0.0,1.0
2024-09-09,BOS,BAL,-120.7,68.7,0.5468,0.5929,0.4798,12.0,3.0
2024-09-09,CHW,CLE,206.5,-276.7,0.3263,0.7345,0.3076,3.0,5.0
2024-09-09,LAD,CHC,-190.2,156.2,0.6554,0.3904,0.6267,4.0,10.0
2024-09-09,MIN,LAA,-180.3,150.3,0.6433,0.3995,0.6169,2.0,6.0
2024-09-09,NYY,KCR,-185.3,154.8,0.6495,0.3924,0.6234,10.0,4.0
2024-09-09,PHI,TBR,-200.5,166.0,0.6672,0.3759,0.6396,2.0,1.0
2024-09-09,PIT,MIA,-314.8,241.7,0.7589,0.2927,0.7217,3.0,2.0
2024-09-09,TOR,NYM,217.2,-664.5,0.3153,0.8692,0.2662,2.0,3.0
2024-09-10,ARI,TEX,-178.7,147.2,0.6411,0.4046,0.6131,6.0,0.0
2024-09-10,BOS,BAL,-130.5,78.0,0.5662,0.5618,0.5019,3.0,5.0
2024-09-10,CHW,CLE,193.0,-234.2,0.3413,0.7007,0.3275,0.0,5.0
2024-09-10,DET,COL,-196.0,161.7,0.6622,0.3822,0.6341,11.0,0.0
2024-09-10,HOU,ATH,-202.3,165.7,0.6692,0.3764,0.64,3.0,4.0
2024-09-10,LAD,CHC,-151.0,125.0,0.6016,0.4444,0.5751,3.0,6.0
2024-09-10,MIN,LAA,-273.8,222.5,0.7325,0.3101,0.7026,10.0,5.0
2024-09-10,NYY,KCR,-146.0,122.8,0.5935,0.4488,0.5694,0.0,5.0
2024-09-10,PHI,TBR,-176.5,147.0,0.6383,0.4049,0.6119,9.0,4.0
2024-09-10,PIT,MIA,-690.7,272.0,0.8735,0.2688,0.7647,6.0,4.0
2024-09-10,SEA,SDP,-121.7,69.3,0.5489,0.5906,0.4817,3.0,7.0
2024-09-10,SFG,MIL,32.2,-250.2,0.7566,0.7144,0.5143,2.0,3.0
2024-09-10,STL,CIN,-138.8,115.3,0.5813,0.4644,0.5559,0.0,3.0
2024-09-10,TOR,NYM,107.5,-126.3,0.4819,0.5582,0.4633,6.0,2.0
2024-09-10,WSN,ATL,123.5,-146.8,0.4474,0.5949,0.4293,0.0,12.0
2024-09-11,ARI,TEX,-347.3,213.2,0.7765,0.3193,0.7086,14.0,4.0
2024-09-11,BOS,BAL,-134.0,80.8,0.5726,0.553,0.5087,5.0,3.0
2024-09-11,CHW,CLE,189.5,-235.2,0.3454,0.7016,0.3299,4.0,6.0
2024-09-11,DET,COL,-196.3,163.8,0.6625,0.379,0.6361,7.0,4.0
2024-09-11,HOU,ATH,-236.7,194.5,0.703,0.3396,0.6743,4.0,5.0
2024-09-11,LAD,CHC,-166.0,137.5,0.6241,0.4211,0.5971,10.0,8.0
2024-09-11,MIN,LAA,-216.8,179.2,0.6844,0.3582,0.6564,6.0,4.0
2024-09-11,NYY,KCR,-149.7,126.3,0.5995,0.4418,0.5757,4.0,3.0
2024-09-11,PHI,TBR,-229.2,186.3,0.6962,0.3492,0.6659,3.0,2.0
2024-09-11,PIT,MIA,-162.5,136.3,0.619,0.4231,0.594,3.0,1.0
2024-09-11,SEA,SDP,-241.2,-7.2,0.7069,0.0669,0.9136,5.0,2.0
2024-09-11,SFG,MIL,-135.8,116.2,0.576,0.4626,0.5546,13.0,2.0
2024-09-11,STL,CIN,-147.7,124.3,0.5962,0.4458,0.5722,2.0,1.0
2024-09-11,TOR,NYM,76.7,-129.7,0.566,0.5646,0.5006,2.0,6.0
2024-09-11,WSN,ATL,144.3,-171.8,0.4093,0.6321,0.393,5.0,1.0
2024-09-12,CLE,TBR,-90.5,63.7,0.4751,0.611,0.4374,2.0,5.0
2024-09-12,DET,COL,-157.5,29.2,0.6117,0.7742,0.4414,2.0,4.0
2024-09-12,HOU,ATH,-267.7,218.2,0.728,0.3143,0.6985,6.0,3.0
2024-09-12,NYY,BOS,-196.5,162.3,0.6627,0.3812,0.6348,2.0,1.0
2024-09-12,SEA,TEX,-148.7,125.2,0.5979,0.4441,0.5738,4.0,5.0
2024-09-12,SFG,MIL,113.7,-133.7,0.468,0.572,0.45,0.0,3.0
2024-09-12,STL,CIN,-150.8,127.2,0.6013,0.4402,0.5773,6.0,1.0
2024-09-12,WSN,MIA,-188.7,157.0,0.6536,0.3891,0.6268,3.0,6.0
2024-09-13,ARI,MIL,-124.3,71.8,0.5542,0.582,0.4878,1.0,2.0
2024-09-13,ATL,LAD,-110.7,-74.7,0.5253,0.4275,0.5513,6.0,2.0
2024-09-13,CHW,ATH,118.0,-139.2,0.4587,0.5819,0.4408,0.0,2.0
2024-09-13,CLE,TBR,-186.3,153.2,0.6508,0.395,0.6223,1.0,3.0
2024-09-13,COL,CHC,124.0,-147.8,0.4464,0.5965,0.4281,9.0,5.0
2024-09-13,DET,BAL,114.0,-134.3,0.4673,0.5733,0.4491,1.0,0.0
2024-09-13,LAA,HOU,186.0,-226.2,0.3497,0.6934,0.3352,3.0,5.0
2024-09-13,MIN,CIN,-245.0,196.7,0.7101,0.3371,0.6781,4.0,8.0
2024-09-13,NYY,BOS,-172.8,145.3,0.6335,0.4076,0.6085,5.0,4.0
2024-09-13,PHI,NYM,-157.3,133.0,0.6114,0.4292,0.5876,3.0,11.0
2024-09-13,PIT,KCR,-115.7,-35.8,0.5363,0.2638,0.6703,3.0,8.0
2024-09-13,SEA,TEX,113.5,-134.0,0.4684,0.5726,0.4499,5.0,4.0
2024-09-13,SFG,SDP,-33.3,-120.5,0.25,0.5465,0.3139,0.0,5.0
2024-09-13,TOR,STL,-134.2,113.8,0.573,0.4677,0.5506,4.0,3.0
2024-09-13,WSN,MIA,-142.8,121.5,0.5882,0.4515,0.5658,4.0,1.0
2024-09-14,ARI,MIL,-157.2,131.7,0.6111,0.4317,0.5861,8.0,15.0
2024-09-14,ATL,LAD,-119.5,32.7,0.5444,0.7538,0.4194,10.0,1.0
2024-09-14,CHW,ATH,97.8,-126.8,0.5055,0.5591,0.4748,7.0,6.0
2024-09-14,CLE,TBR,-138.0,116.7,0.5798,0.4615,0.5568,6.0,1.0
2024-09-14,COL,CHC,124.0,-147.2,0.4464,0.5954,0.4285,6.0,5.0
2024-09-14,DET,BAL,125.2,-148.8,0.4441,0.5981,0.4261,2.0,4.0
2024-09-14,LAA,HOU,136.5,-163.5,0.4228,0.6205,0.4053,3.0,5.0
2024-09-14,MIN,CIN,-154.7,130.0,0.6073,0.4348,0.5828,1.0,11.0
2024-09-14,NYY,BOS,-197.0,162.0,0.6633,0.3817,0.6347,1.0,7.0
2024-09-14,PHI,NYM,-116.2,30.7,0.5374,0.7653,0.4125,6.0,4.0
2024-09-14,PIT,KCR,-37.8,-80.5,0.2745,0.446,0.381,1.0,5.0
2024-09-14,SEA,TEX,-196.2,155.5,0.6624,0.3914,0.6286,5.0,4.0
2024-09-14,SFG,SDP,134.7,-159.5,0.4261,0.6146,0.4094,0.0,8.0
2024-09-14,TOR,STL,-128.7,109.2,0.5627,0.4781,0.5406,7.0,2.0
2024-09-14,WSN,MIA,-100.0,76.5,0.5,0.5666,0.4688,4.0,1.0
2024-09-15,ARI,MIL,-163.7,138.2,0.6207,0.4199,0.5965,11.0,10.0
2024-09-15,ATL,LAD,-112.7,-75.7,0.5298,0.4307,0.5516,2.0,9.0
2024-09-15,CHW,ATH,146.0,-174.5,0.4065,0.6357,0.39,4.0,3.0
2024-09-15,CLE,TBR,-127.2,107.7,0.5598,0.4815,0.5376,2.0,0.0
2024-09-15,COL,CHC,114.8,-138.2,0.4655,0.5801,0.4452,2.0,6.0
2024-09-15,DET,BAL,-107.0,-111.2,0.5169,0.5264,0.4954,4.0,2.0
2024-09-15,LAA,HOU,169.3,-204.2,0.3713,0.6712,0.3561,4.0,6.0
2024-09-15,MIN,CIN,-129.2,99.0,0.5636,0.5025,0.5287,9.0,2.0
2024-09-15,NYY,BOS,-176.0,147.7,0.6377,0.4038,0.6123,5.0,2.0
2024-09-15,PHI,NYM,-141.3,117.5,0.5856,0.4598,0.5602,2.0,1.0
2024-09-15,PIT,KCR,-115.2,-71.5,0.5352,0.4169,0.5621,4.0,3.0
2024-09-15,SEA,TEX,-163.5,137.7,0.6205,0.4208,0.5959,7.0,0.0
2024-09-15,SFG,SDP,-69.3,-117.0,0.4094,0.5392,0.4316,3.0,4.0
2024-09-15,TOR,STL,-256.3,172.2,0.7194,0.3674,0.6619,3.0,2.0
2024-09-15,WSN,MIA,-238.7,181.5,0.7047,0.3552,0.6649,4.0,3.0
2024-09-16,ATL,LAD,78.2,-131.3,0.5613,0.5677,0.4971,0.0,9.0
2024-09-16,CHC,ATH,-200.2,164.8,0.6669,0.3776,0.6385,9.0,2.0
2024-09-16,CLE,MIN,-23.5,-136.2,0.1903,0.5766,0.2481,4.0,3.0
2024-09-16,COL,ARI,145.7,-173.8,0.4071,0.6348,0.3907,3.0,2.0
2024-09-16,KCR,DET,51.3,-735.2,0.6608,0.8803,0.4288,6.0,7.0
2024-09-16,LAA,CHW,-195.7,160.5,0.6618,0.3839,0.6329,4.0,8.0
2024-09-16,MIL,PHI,-107.8,-110.2,0.5188,0.5242,0.4974,6.0,2.0
2024-09-16,NYM,WSN,-194.5,161.3,0.6604,0.3827,0.6332,2.0,1.0
2024-09-16,SDP,HOU,-123.0,3.0,0.5516,0.9709,0.3623,3.0,1.0
2024-09-16,STL,PIT,62.7,-88.0,0.6148,0.4681,0.5677,4.0,0.0
2024-09-17,BAL,SFG,-2.0,-116.8,0.0196,0.5388,0.0351,0.0,10.0
2024-09-17,CHC,ATH,-68.5,13.5,0.4065,0.8811,0.3157,3.0,4.0
2024-09-17,CIN,ATL,83.7,-138.3,0.5445,0.5804,0.484,6.0,5.0
2024-09-17,CLE,MIN,-131.2,78.3,0.5674,0.5607,0.503,1.0,4.0
2024-09-17,COL,ARI,122.5,-145.3,0.4494,0.5924,0.4314,8.0,2.0
2024-09-17,KCR,DET,-161.8,136.7,0.6181,0.4225,0.594,1.0,3.0
2024-09-17,LAA,CHW,-148.0,124.8,0.5968,0.4448,0.573,5.0,0.0
2024-09-17,MIA,LAD,179.8,-217.8,0.3574,0.6854,0.3427,11.0,9.0
2024-09-17,MIL,PHI,119.5,-140.0,0.4556,0.5833,0.4385,1.0,5.0
2024-09-17,NYM,WSN,-172.0,144.2,0.6324,0.4096,0.6069,10.0,1.0
2024-09-17,SDP,HOU,-57.3,-41.7,0.3644,0.2941,0.5534,3.0,4.0
2024-09-17,SEA,NYY,-70.5,-114.5,0.4135,0.5338,0.4365,2.0,11.0
2024-09-17,STL,PIT,-148.8,91.8,0.5981,0.5213,0.5343,3.0,1.0
2024-09-17,TBR,BOS,74.0,-126.8,0.5747,0.5591,0.5069,8.0,3.0
2024-09-17,TEX,TOR,-133.8,113.3,0.5723,0.4688,0.5498,13.0,8.0
2024-09-18,BAL,SFG,-79.8,23.3,0.4439,0.8108,0.3538,3.0,5.0
2024-09-18,CHC,ATH,-175.3,146.5,0.6368,0.4057,0.6109,3.0,5.0
2024-09-18,CIN,ATL,119.3,-143.5,0.4559,0.5893,0.4362,1.0,7.0
2024-09-18,CLE,MIN,-126.3,38.3,0.5582,0.7229,0.4357,5.0,4.0
2024-09-18,COL,ARI,142.5,-171.0,0.4124,0.631,0.3952,4.0,9.0
2024-09-18,KCR,DET,116.2,-138.5,0.4626,0.5807,0.4434,2.0,4.0
2024-09-18,LAA,CHW,-147.5,124.3,0.596,0.4458,0.5721,4.0,3.0
2024-09-18,MIA,LAD,161.8,-196.5,0.3819,0.6627,0.3656,4.0,8.0
2024-09-18,MIL,PHI,-113.3,-71.8,0.5312,0.418,0.5596,2.0,1.0
2024-09-18,NYM,WSN,-171.7,143.2,0.6319,0.4112,0.6058,10.0,0.0
2024-09-18,SDP,HOU,-75.2,-109.8,0.4291,0.5234,0.4505,4.0,0.0
2024-09-18,SEA,NYY,102.3,-121.2,0.4942,0.5479,0.4743,1.0,2.0
2024-09-18,STL,PIT,-204.3,169.8,0.6714,0.3706,0.6443,10.0,5.0
2024-09-18,TBR,BOS,-115.8,-35.8,0.5367,0.2638,0.6704,1.0,2.0
2024-09-18,TEX,TOR,-112.8,-105.7,0.5301,0.5138,0.5078,2.0,0.0
2024-09-19,BAL,SFG,-152.8,127.3,0.6045,0.4399,0.5788,5.0,3.0
2024-09-19,CHC,WSN,-305.3,208.5,0.7533,0.3241,0.6991,7.0,6.0
2024-09-19,CIN,ATL,180.0,-220.8,0.3571,0.6883,0.3416,3.0,15.0
2024-09-19,CLE,MIN,-138.2,-58.0,0.5801,0.3671,0.6125,3.0,2.0
2024-09-19,HOU,LAA,-289.2,235.0,0.743,0.2985,0.7134,3.0,1.0
2024-09-19,MIA,LAD,178.2,-216.2,0.3595,0.6837,0.3446,4.0,20.0
2024-09-19,MIL,ARI,69.5,-122.2,0.59,0.5499,0.5176,1.0,5.0
2024-09-19,NYM,PHI,-138.3,117.2,0.5804,0.4605,0.5576,10.0,6.0
2024-09-19,SEA,NYY,-85.2,64.7,0.4599,0.6073,0.431,3.0,2.0
2024-09-19,STL,PIT,-147.2,123.8,0.5954,0.4468,0.5713,2.0,3.0
2024-09-19,TBR,BOS,-107.8,-112.7,0.5188,0.5298,0.4948,2.0,0.0
2024-09-19,TEX,TOR,-51.3,-25.7,0.3392,0.2042,0.6242,0.0,4.0
2024-09-20,BAL,DET,-169.8,142.3,0.6294,0.4127,0.604,7.0,1.0
2024-09-20,BOS,MIN,35.3,-121.0,0.7389,0.5475,0.5744,2.0,4.0
2024-09-20,CHC,WSN,-167.5,141.7,0.6262,0.4138,0.6021,3.0,1.0
2024-09-20,CIN,PIT,-124.7,73.5,0.5549,0.5764,0.4905,8.0,3.0
2024-09-20,HOU,LAA,-247.0,202.8,0.7118,0.3302,0.6831,9.0,7.0
2024-09-20,KCR,SFG,-194.2,161.7,0.6601,0.3822,0.6333,1.0,2.0
2024-09-20,LAD,COL,-271.2,220.3,0.7306,0.3122,0.7006,6.0,4.0
2024-09-20,MIA,ATL,173.8,-212.3,0.3652,0.6798,0.3495,4.0,3.0
2024-09-20,MIL,ARI,113.8,-134.0,0.4677,0.5726,0.4495,4.0,7.0
2024-09-20,NYM,PHI,36.2,-122.0,0.7344,0.5495,0.572,2.0,12.0
2024-09-20,ATH,NYY,159.8,-191.7,0.3849,0.6571,0.3693,2.0,4.0
2024-09-20,SDP,CHW,-290.2,235.7,0.7437,0.2979,0.714,3.0,2.0
2024-09-20,STL,CLE,-116.7,-68.8,0.5385,0.4077,0.5691,1.0,5.0
2024-09-20,TBR,TOR,-1.2,-117.3,0.0115,0.5399,0.0209,1.0,0.0
2024-09-20,TEX,SEA,-120.3,-0.3,0.5461,0.0033,0.994,2.0,8.0
2024-09-21,BAL,DET,-129.0,73.7,0.5633,0.5758,0.4945,4.0,6.0
2024-09-21,CHC,WSN,29.2,-321.2,0.7742,0.7626,0.5038,1.0,5.0
2024-09-21,CIN,PIT,-119.8,68.0,0.5451,0.5952,0.478,7.0,1.0
2024-09-21,HOU,LAA,-241.7,197.0,0.7073,0.3367,0.6775,10.0,4.0
2024-09-21,KCR,SFG,-152.5,127.8,0.604,0.4389,0.5791,0.0,9.0
2024-09-21,LAD,COL,-291.8,235.8,0.7448,0.2978,0.7144,3.0,6.0
2024-09-21,MIA,ATL,214.3,-261.0,0.3181,0.723,0.3056,2.0,6.0
2024-09-21,MIL,ARI,-112.2,-106.5,0.5287,0.5157,0.5062,0.0,5.0
2024-09-21,NYM,PHI,-80.0,-38.7,0.4444,0.2788,0.6145,6.0,3.0
2024-09-21,ATH,NYY,219.3,-356.2,0.3132,0.7808,0.2863,0.0,10.0
2024-09-21,SDP,CHW,-302.5,245.0,0.7516,0.2899,0.7217,6.0,2.0
2024-09-21,STL,CLE,112.3,-132.7,0.471,0.5702,0.4523,6.0,5.0
2024-09-21,TBR,TOR,-140.0,118.2,0.5833,0.4584,0.56,3.0,2.0
2024-09-21,TEX,SEA,-109.3,-76.0,0.5223,0.4318,0.5474,4.0,8.0
2024-09-22,BAL,DET,-128.8,107.8,0.563,0.4812,0.5392,3.0,4.0
2024-09-22,BOS,MIN,83.0,-137.7,0.5464,0.5792,0.4854,8.0,1.0
2024-09-22,CHC,WSN,-207.5,173.3,0.6748,0.3659,0.6484,5.0,0.0
2024-09-22,CIN,PIT,-73.5,-111.7,0.4236,0.5276,0.4454,0.0,2.0
2024-09-22,HOU,LAA,-278.5,225.8,0.7358,0.3069,0.7057,8.0,9.0
2024-09-22,KCR,SFG,-110.0,-108.2,0.5238,0.5196,0.502,0.0,2.0
2024-09-22,LAD,COL,-407.8,320.0,0.8031,0.2381,0.7713,6.0,5.0
2024-09-22,MIA,ATL,160.5,-193.2,0.3839,0.6589,0.3681,4.0,5.0
2024-09-22,MIL,ARI,-135.7,115.2,0.5757,0.4648,0.5533,10.0,9.0
2024-09-22,NYM,PHI,26.8,-73.8,0.7884,0.4247,0.6499,2.0,1.0
2024-09-22,ATH,NYY,150.7,-180.7,0.3989,0.6437,0.3826,4.0,7.0
2024-09-22,SDP,CHW,-347.5,275.0,0.7765,0.2667,0.7444,4.0,2.0
2024-09-22,STL,CLE,-125.8,73.3,0.5572,0.5769,0.4913,2.0,1.0
2024-09-22,TBR,TOR,-131.3,111.7,0.5677,0.4724,0.5458,4.0,3.0
2024-09-22,TEX,SEA,119.7,-141.8,0.4552,0.5865,0.437,6.0,5.0
2024-09-23,ARI,SFG,-189.7,158.2,0.6548,0.3873,0.6283,3.0,6.0
2024-09-23,HOU,SEA,-135.8,115.0,0.576,0.4651,0.5532,1.0,6.0
2024-09-23,PHI,CHC,-191.0,159.7,0.6564,0.3851,0.6302,6.0,2.0
2024-09-23,TOR,BOS,-78.2,-107.5,0.4387,0.5181,0.4585,1.0,4.0
2024-09-24,ARI,SFG,-157.2,132.7,0.6111,0.4298,0.5871,0.0,11.0
2024-09-24,ATL,NYM,-142.8,121.3,0.5882,0.4518,0.5656,5.0,1.0
2024-09-24,CHW,LAA,-76.2,-77.7,0.4324,0.4371,0.4972,3.0,2.0
2024-09-24,CLE,CIN,-199.3,163.0,0.6659,0.3802,0.6365,6.0,1.0
2024-09-24,COL,STL,-103.2,-116.5,0.5078,0.5381,0.4855,3.0,7.0
2024-09-24,DET,TBR,-185.3,154.0,0.6495,0.3937,0.6226,2.0,1.0
2024-09-24,HOU,SEA,-136.8,115.7,0.5778,0.4637,0.5548,4.0,3.0
2024-09-24,LAD,SDP,-120.3,68.2,0.5461,0.5946,0.4787,2.0,4.0
2024-09-24,MIN,MIA,-249.5,203.8,0.7139,0.3291,0.6844,1.0,4.0
2024-09-24,NYY,BAL,-170.0,142.3,0.6296,0.4127,0.6041,3.0,5.0
2024-09-24,ATH,TEX,-126.3,-65.7,0.5582,0.3964,0.5847,5.0,4.0
2024-09-24,PHI,CHC,74.7,-923.7,0.5725,0.9023,0.3882,4.0,10.0
2024-09-24,PIT,MIL,124.7,-147.8,0.4451,0.5965,0.4273,2.0,7.0
2024-09-24,TOR,BOS,-198.2,149.0,0.6646,0.4016,0.6233,5.0,6.0
2024-09-24,WSN,KCR,160.5,-193.0,0.3839,0.6587,0.3682,0.0,1.0
2024-09-25,ARI,SFG,-257.5,210.7,0.7203,0.3219,0.6911,8.0,2.0
2024-09-25,CHW,LAA,28.2,-60.7,0.7802,0.3776,0.6739,4.0,3.0
2024-09-25,CLE,CIN,-148.2,124.5,0.597,0.4454,0.5727,5.0,2.0
2024-09-25,COL,STL,108.7,-127.8,0.4792,0.5611,0.4607,2.0,5.0
2024-09-25,DET,TBR,-127.2,74.7,0.5598,0.5725,0.4944,7.0,1.0
2024-09-25,HOU,SEA,84.3,-108.3,0.5425,0.52,0.5106,1.0,8.0
2024-09-25,LAD,SDP,-140.8,119.8,0.5848,0.4549,0.5625,4.0,3.0
2024-09-25,MIN,MIA,-199.3,163.7,0.6659,0.3793,0.6371,8.0,3.0
2024-09-25,NYY,BAL,28.0,-322.0,0.7812,0.763,0.5059,7.0,9.0
2024-09-25,ATH,TEX,-82.5,30.2,0.4521,0.7682,0.3704,1.0,5.0
2024-09-25,PHI,CHC,-208.7,173.2,0.676,0.3661,0.6487,9.0,6.0
2024-09-25,PIT,MIL,133.7,-158.0,0.428,0.6124,0.4114,2.0,1.0
2024-09-25,TOR,BOS,-527.0,226.7,0.8405,0.3061,0.733,6.0,1.0
2024-09-25,WSN,KCR,81.2,-134.5,0.552,0.5736,0.4904,0.0,3.0
2024-09-26,CHW,LAA,114.8,-135.5,0.4655,0.5754,0.4472,7.0,0.0
2024-09-26,COL,STL,-36.7,-115.2,0.2683,0.5352,0.3339,10.0,8.0
2024-09-26,DET,TBR,-157.2,130.3,0.6111,0.4342,0.5847,4.0,3.0
2024-09-26,LAD,SDP,-110.7,-107.8,0.5253,0.5188,0.5031,7.0,2.0
2024-09-26,MIN,MIA,-250.3,205.2,0.7146,0.3277,0.6856,6.0,8.0
2024-09-26,NYY,BAL,-160.5,135.2,0.6161,0.4252,0.5917,10.0,1.0
2024-09-26,ATH,TEX,-199.7,-21.8,0.6663,0.1792,0.788,3.0,2.0
2024-09-26,PIT,MIL,-0.5,-118.5,0.005,0.5423,0.0091,2.0,5.0
2024-09-26,WSN,KCR,144.7,-173.7,0.4087,0.6346,0.3918,4.0,7.0
2024-09-27,ARI,SDP,-129.7,75.5,0.5646,0.5698,0.4977,3.0,5.0
2024-09-27,ATL,KCR,-194.0,161.8,0.6599,0.3819,0.6334,3.0,0.0
2024-09-27,BOS,TBR,-13.2,-99.0,0.1163,0.4975,0.1895,1.0,2.0
2024-09-27,CHC,CIN,-129.7,110.0,0.5646,0.4762,0.5425,1.0,0.0
2024-09-27,CLE,HOU,-83.2,30.8,0.454,0.7643,0.3727,2.0,5.0
2024-09-27,COL,LAD,145.3,-173.3,0.4076,0.6341,0.3913,4.0,11.0
2024-09-27,DET,CHW,-205.2,168.7,0.6723,0.3722,0.6437,4.0,1.0
2024-09-27,LAA,TEX,168.5,-216.5,0.3724,0.684,0.3525,2.0,5.0
2024-09-27,MIL,NYM,-70.2,-114.7,0.4123,0.5342,0.4356,8.0,4.0
2024-09-27,MIN,BAL,-151.5,127.7,0.6024,0.4392,0.5783,2.0,7.0
2024-09-27,NYY,PIT,-183.2,150.7,0.6469,0.3989,0.6185,2.0,4.0
2024-09-27,SEA,ATH,-177.8,148.3,0.6401,0.4027,0.6138,2.0,0.0
2024-09-27,SFG,STL,-148.0,88.3,0.5968,0.531,0.5292,3.0,6.0
2024-09-27,TOR,MIA,-220.7,182.7,0.6881,0.3538,0.6605,5.0,15.0
2024-09-27,WSN,PHI,152.8,-185.7,0.3955,0.6499,0.3783,9.0,1.0
2024-09-28,ARI,SDP,-212.5,176.5,0.68,0.3617,0.6528,0.0,5.0
2024-09-28,ATL,KCR,-218.8,146.7,0.6864,0.4054,0.6287,2.0,1.0
2024-09-28,BOS,TBR,-13.8,-170.5,0.1215,0.6303,0.1616,2.0,7.0
2024-09-28,CHC,CIN,-129.5,109.8,0.5643,0.4766,0.5421,3.0,0.0
2024-09-28,CLE,HOU,-146.2,88.3,0.5938,0.531,0.5279,3.0,4.0
2024-09-28,COL,LAD,215.0,-263.5,0.3175,0.7249,0.3046,2.0,13.0
2024-09-28,DET,CHW,-228.7,186.8,0.6957,0.3486,0.6662,0.0,4.0
2024-09-28,LAA,TEX,121.0,-145.5,0.4525,0.5927,0.4329,8.0,9.0
2024-09-28,MIL,NYM,-111.5,-73.8,0.5272,0.4247,0.5538,6.0,0.0
2024-09-28,MIN,BAL,-120.3,34.7,0.5461,0.7426,0.4238,2.0,9.0
2024-09-28,NYY,PIT,-136.5,116.5,0.5772,0.4619,0.5555,4.0,9.0
2024-09-28,SEA,ATH,-151.8,127.8,0.6029,0.4389,0.5787,7.0,6.0
2024-09-28,SFG,STL,-140.2,118.2,0.5836,0.4584,0.5601,6.0,5.0
2024-09-28,TOR,MIA,-174.2,146.0,0.6353,0.4065,0.6098,1.0,8.0
2024-09-28,WSN,PHI,174.7,-211.2,0.3641,0.6786,0.3492,6.0,3.0
2024-09-29,ARI,SDP,-211.0,174.3,0.6785,0.3645,0.6505,11.0,2.0
2024-09-29,ATL,KCR,-218.2,181.3,0.6857,0.3555,0.6586,2.0,4.0
2024-09-29,BOS,TBR,-108.0,-111.8,0.5192,0.5279,0.4958,3.0,1.0
2024-09-29,CHC,CIN,-34.5,-117.3,0.2565,0.5399,0.3221,0.0,3.0
2024-09-29,COL,LAD,130.7,-159.3,0.4335,0.6144,0.4137,1.0,2.0
2024-09-29,DET,CHW,-70.8,-117.3,0.4146,0.5399,0.4344,5.0,9.0
2024-09-29,LAA,TEX,127.2,-151.0,0.4402,0.6016,0.4225,0.0,8.0
2024-09-29,MIL,NYM,117.7,-138.5,0.4594,0.5807,0.4417,0.0,5.0
2024-09-29,MIN,BAL,-139.5,116.5,0.5825,0.4619,0.5577,2.0,6.0
2024-09-29,NYY,PIT,-186.5,153.5,0.651,0.3945,0.6227,6.0,4.0
2024-09-29,SEA,ATH,-194.5,158.8,0.6604,0.3863,0.6309,6.0,4.0
2024-09-29,SFG,STL,-125.5,71.7,0.5565,0.5825,0.4886,1.0,6.0
2024-09-29,TOR,MIA,-127.2,74.0,0.5598,0.5747,0.4934,1.0,3.0
2024-09-29,WSN,PHI,127.0,-150.0,0.4405,0.6,0.4234,3.0,6.0
2025-03-27,ARI,CHC,-133.0,112.2,0.5708,0.4713,0.5477,6.0,10.0
2025-03-27,CHW,LAA,132.7,-157.2,0.4298,0.6111,0.4129,8.0,1.0
2025-03-27,CIN,SFG,-111.0,-108.0,0.5261,0.5192,0.5033,4.0,6.0
2025-03-27,HOU,NYM,-117.8,-67.8,0.5409,0.4042,0.5724,3.0,1.0
2025-03-27,KCR,CLE,-165.0,136.3,0.6226,0.4231,0.5954,4.0,7.0
2025-03-27,LAD,DET,-165.8,135.5,0.6238,0.4246,0.595,5.0,4.0
2025-03-27,MIA,PIT,128.5,-152.7,0.4376,0.6042,0.4201,5.0,4.0
2025-03-27,NYY,MIL,-152.0,127.2,0.6032,0.4402,0.5781,4.0,2.0
2025-03-27,SDP,ATL,66.5,-121.5,0.6006,0.5485,0.5227,7.0,4.0
2025-03-27,SEA,ATH,-173.3,145.3,0.6341,0.4076,0.6087,4.0,2.0
2025-03-27,STL,MIN,-104.7,-115.3,0.5114,0.5356,0.4884,5.0,3.0
2025-03-27,TEX,BOS,67.3,-86.2,0.5976,0.4628,0.5635,2.0,5.0
2025-03-27,TOR,BAL,-113.3,-74.2,0.5312,0.4258,0.5551,2.0,12.0
2025-03-27,WSN,PHI,134.5,-159.3,0.4264,0.6144,0.4097,3.0,7.0
2025-03-28,ARI,CHC,-142.8,120.3,0.5882,0.4539,0.5645,8.0,1.0
2025-03-28,HOU,NYM,-120.3,-33.7,0.5461,0.2519,0.6844,1.0,3.0
2025-03-28,LAD,DET,-219.2,181.8,0.6867,0.3548,0.6593,8.0,5.0
2025-03-28,MIA,PIT,121.3,-143.5,0.4518,0.5893,0.434,3.0,4.0
2025-03-28,SDP,ATL,-132.7,113.2,0.5702,0.4691,0.5486,4.0,3.0
2025-03-28,SEA,ATH,-142.2,119.3,0.5871,0.4559,0.5629,0.0,7.0
2025-03-28,TBR,COL,-216.0,175.5,0.6835,0.363,0.6532,3.0,2.0
2025-03-28,TEX,BOS,-69.5,-116.2,0.41,0.5374,0.4328,4.0,1.0
2025-03-28,TOR,BAL,-266.8,176.3,0.7274,0.3619,0.6678,8.0,2.0
2025-03-29,ARI,CHC,-121.7,68.2,0.5489,0.5946,0.48,3.0,4.0
2025-03-29,CHW,LAA,135.7,-163.8,0.4243,0.621,0.4059,0.0,1.0
2025-03-29,CIN,SFG,-69.0,-60.3,0.4083,0.3763,0.5204,3.0,2.0
2025-03-29,HOU,NYM,-122.2,68.8,0.5499,0.5923,0.4814,2.0,1.0
2025-03-29,KCR,CLE,-119.7,34.0,0.5448,0.7463,0.422,4.0,3.0
2025-03-29,LAD,DET,-198.7,163.5,0.6652,0.3795,0.6367,7.0,3.0
2025-03-29,MIA,PIT,106.2,-125.0,0.485,0.5556,0.4661,5.0,4.0
2025-03-29,NYY,MIL,-168.0,140.7,0.6269,0.4155,0.6014,20.0,9.0
2025-03-29,SDP,ATL,125.7,-149.0,0.4431,0.5984,0.4255,1.0,0.0
2025-03-29,SEA,ATH,-171.2,141.7,0.6312,0.4138,0.604,2.0,4.0
2025-03-29,STL,MIN,-70.0,-115.3,0.4118,0.5356,0.4346,5.0,1.0
2025-03-29,TBR,COL,-190.0,157.5,0.6552,0.3883,0.6278,1.0,2.0
2025-03-29,TEX,BOS,-119.3,-33.5,0.5441,0.2509,0.6844,4.0,3.0
2025-03-29,TOR,BAL,-126.7,74.2,0.5588,0.5742,0.4932,5.0,9.0
2025-03-29,WSN,PHI,131.2,-155.5,0.4326,0.6086,0.4155,6.0,11.0
2025-03-30,ARI,CHC,-117.5,-34.8,0.5402,0.2583,0.6765,10.0,6.0
2025-03-30,CHW,LAA,71.3,-125.3,0.5837,0.5562,0.512,2.0,3.0
2025-03-30,CIN,SFG,68.5,-121.5,0.5935,0.5485,0.5197,3.0,6.0
2025-03-30,KCR,CLE,-113.5,-104.8,0.5316,0.5118,0.5095,2.0,6.0
2025-03-30,MIA,PIT,-86.0,65.8,0.4624,0.603,0.434,3.0,2.0
2025-03-30,NYY,MIL,-144.5,122.0,0.591,0.4505,0.5675,12.0,3.0
2025-03-30,SDP,ATL,-130.0,109.3,0.5652,0.4777,0.542,5.0,0.0
2025-03-30,SEA,ATH,-181.0,151.7,0.6441,0.3974,0.6185,2.0,1.0
2025-03-30,STL,MIN,-71.5,-115.3,0.4169,0.5356,0.4377,9.0,2.0
2025-03-30,TBR,COL,-190.5,159.0,0.6558,0.3861,0.6294,6.0,4.0
2025-03-30,TEX,BOS,-230.2,172.5,0.6971,0.367,0.6551,3.0,2.0
2025-03-30,TOR,BAL,-132.2,111.5,0.5693,0.4728,0.5463,3.0,1.0
2025-03-30,WSN,PHI,122.8,-146.5,0.4488,0.5943,0.4302,5.0,1.0
2025-03-31,BAL,BOS,-146.8,122.2,0.5949,0.4501,0.5693,8.0,5.0
2025-03-31,CHW,MIN,157.5,-191.2,0.3883,0.6566,0.3717,9.0,0.0
2025-03-31,CIN,TEX,71.2,-123.8,0.5842,0.5532,0.5136,14.0,3.0
2025-03-31,HOU,SFG,-128.7,108.0,0.5627,0.4808,0.5393,2.0,7.0
2025-03-31,LAD,ATL,-222.2,182.8,0.6896,0.3536,0.6611,6.0,1.0
2025-03-31,MIA,NYM,154.7,-186.0,0.3927,0.6503,0.3765,4.0,10.0
2025-03-31,MIL,KCR,-117.0,-68.5,0.5392,0.4065,0.5701,1.0,11.0
2025-03-31,ATH,CHC,118.3,-142.5,0.458,0.5876,0.438,3.0,18.0
2025-03-31,PHI,COL,-310.0,249.2,0.7561,0.2864,0.7253,6.0,1.0
2025-03-31,SDP,CLE,-132.2,112.5,0.5693,0.4706,0.5475,7.0,2.0
2025-03-31,SEA,DET,-121.8,69.3,0.5492,0.5906,0.4819,6.0,9.0
2025-03-31,STL,LAA,-153.8,128.5,0.606,0.4376,0.5807,4.0,5.0
2025-03-31,TBR,PIT,-181.7,150.5,0.645,0.3992,0.6177,6.0,1.0
2025-03-31,TOR,WSN,-330.0,207.7,0.7674,0.325,0.7025,5.0,2.0
2025-04-01,CHW,MIN,139.8,-169.7,0.417,0.6292,0.3986,3.0,8.0
2025-04-01,CIN,TEX,125.5,-148.5,0.4435,0.5976,0.426,0.0,1.0
2025-04-01,HOU,SFG,77.3,-132.5,0.5639,0.5699,0.4974,1.0,3.0
2025-04-01,LAD,ATL,-130.2,110.3,0.5655,0.4754,0.5433,3.0,1.0
2025-04-01,MIA,NYM,126.2,-150.2,0.4422,0.6003,0.4242,4.0,2.0
2025-04-01,MIL,KCR,-123.2,70.5,0.5519,0.5865,0.4848,5.0,0.0
2025-04-01,NYY,ARI,68.3,-120.2,0.5941,0.5458,0.5212,5.0,7.0
2025-04-01,ATH,CHC,76.5,-131.8,0.5666,0.5687,0.4991,4.0,7.0
2025-04-01,SDP,CLE,-174.2,146.0,0.6353,0.4065,0.6098,7.0,0.0
2025-04-01,SEA,DET,-177.2,148.3,0.6392,0.4027,0.6135,1.0,4.0
2025-04-01,STL,LAA,-138.3,117.2,0.5804,0.4605,0.5576,7.0,9.0
2025-04-01,TBR,PIT,-165.2,139.2,0.6229,0.4181,0.5983,7.0,0.0
2025-04-01,TOR,WSN,-158.2,133.8,0.6127,0.4277,0.5889,5.0,3.0
2025-04-02,BAL,BOS,69.7,-122.8,0.5894,0.5512,0.5167,0.0,3.0
2025-04-02,CHW,MIN,161.0,-195.8,0.3831,0.662,0.3666,1.0,6.0
2025-04-02,CIN,TEX,-141.5,117.5,0.5859,0.4598,0.5603,0.0,1.0
2025-04-02,HOU,SFG,-170.7,143.2,0.6305,0.4112,0.6053,3.0,6.0
2025-04-02,LAD,ATL,-231.7,191.3,0.6985,0.3432,0.6705,6.0,5.0
2025-04-02,MIA,NYM,178.0,-217.7,0.3597,0.6852,0.3442,5.0,6.0
2025-04-02,MIL,KCR,-120.5,0.3,0.5465,0.9967,0.3541,3.0,2.0
2025-04-02,NYY,ARI,-141.2,119.8,0.5853,0.4549,0.5627,3.0,4.0
2025-04-02,ATH,CHC,-119.2,0.3,0.5437,0.9967,0.353,2.0,10.0
2025-04-02,PHI,COL,-331.7,262.5,0.7683,0.2759,0.7358,5.0,1.0
2025-04-02,SDP,CLE,-189.3,158.2,0.6544,0.3873,0.6282,5.0,2.0
2025-04-02,SEA,DET,67.8,-121.8,0.5958,0.5492,0.5204,3.0,2.0
2025-04-02,STL,LAA,-75.2,30.3,0.4291,0.7673,0.3587,12.0,5.0
2025-04-02,TBR,PIT,-70.2,-117.0,0.4123,0.5392,0.4334,2.0,4.0
2025-04-02,TOR,WSN,-108.8,-109.3,0.5211,0.5223,0.4995,4.0,2.0
2025-04-03,BAL,BOS,-122.0,71.7,0.5495,0.5825,0.4854,4.0,8.0
2025-04-03,MIL,CIN,-118.3,-34.0,0.542,0.2537,0.6811,1.0,0.0
2025-04-03,MIN,HOU,-137.8,116.7,0.5795,0.4615,0.5567,2.0,5.0
2025-04-03,NYY,ARI,-132.0,78.8,0.569,0.5592,0.5043,9.0,7.0
2025-04-03,PHI,COL,-257.5,195.7,0.7203,0.3382,0.6805,3.0,1.0
2025-04-04,ATL,MIA,-244.2,199.8,0.7094,0.3335,0.6802,10.0,0.0
2025-04-04,BOS,STL,-122.0,69.5,0.5495,0.59,0.4823,13.0,9.0
2025-04-04,CHC,SDP,-166.3,138.3,0.6245,0.4196,0.5981,3.0,1.0
2025-04-04,COL,ATH,-70.2,-115.0,0.4123,0.5349,0.4353,3.0,6.0
2025-04-04,DET,CHW,-252.5,205.8,0.7163,0.327,0.6866,7.0,4.0
2025-04-04,KCR,BAL,-113.2,-73.8,0.5309,0.4247,0.5555,8.0,2.0
2025-04-04,LAA,CLE,-34.5,-119.0,0.2565,0.5434,0.3207,6.0,8.0
2025-04-04,MIL,CIN,-127.7,73.7,0.5608,0.5758,0.4934,3.0,2.0
2025-04-04,NYM,TOR,-135.5,115.3,0.5754,0.4644,0.5534,5.0,0.0
2025-04-04,PHI,LAD,111.8,-131.7,0.4721,0.5683,0.4537,3.0,2.0
2025-04-04,PIT,NYY,144.8,-172.7,0.4084,0.6333,0.3921,4.0,9.0
2025-04-04,SFG,SEA,-158.7,95.5,0.6134,0.5115,0.5453,10.0,9.0
2025-04-04,TEX,TBR,-131.0,111.0,0.5671,0.4739,0.5447,5.0,2.0
2025-04-04,WSN,ARI,129.8,-153.7,0.4351,0.6058,0.418,4.0,6.0
2025-04-05,ATL,MIA,-257.3,207.8,0.7201,0.3249,0.6891,0.0,4.0
2025-04-05,CHC,SDP,-116.7,-35.0,0.5385,0.2593,0.675,7.0,1.0
2025-04-05,COL,ATH,-107.8,-110.7,0.5188,0.5253,0.4969,4.0,7.0
2025-04-05,DET,CHW,-242.5,196.7,0.708,0.3371,0.6775,7.0,2.0
2025-04-05,KCR,BAL,-118.2,-68.7,0.5416,0.4071,0.5709,1.0,8.0
2025-04-05,LAA,CLE,126.0,-149.5,0.4425,0.5992,0.4248,10.0,4.0
2025-04-05,MIL,CIN,-87.2,67.0,0.4657,0.5988,0.4375,7.0,11.0
2025-04-05,MIN,HOU,-127.8,74.5,0.5611,0.5731,0.4947,6.0,1.0
2025-04-05,NYM,TOR,-132.2,111.5,0.5693,0.4728,0.5463,3.0,2.0
2025-04-05,PHI,LAD,-114.7,-71.7,0.5342,0.4175,0.5613,1.0,3.0
2025-04-05,PIT,NYY,134.0,-159.0,0.4274,0.6139,0.4104,4.0,10.0
2025-04-05,SFG,SEA,-82.2,28.3,0.4511,0.7792,0.3666,4.0,1.0
2025-04-05,TEX,TBR,-187.7,157.2,0.6524,0.3889,0.6265,6.0,4.0
2025-04-05,WSN,ARI,112.2,-131.0,0.4713,0.5671,0.4539,4.0,3.0
2025-04-06,BOS,STL,-118.4,-61.8,0.5421,0.382,0.5867,5.0,4.0
2025-04-06,CHC,SDP,-454.2,218.0,0.8195,0.3145,0.7227,7.0,8.0
2025-04-06,COL,ATH,-82.7,-2.8,0.4526,0.0276,0.9426,12.0,5.0
2025-04-06,DET,CHW,-178.2,148.3,0.6405,0.4027,0.614,4.0,3.0
2025-04-06,KCR,BAL,-112.0,-105.8,0.5283,0.5142,0.5068,4.0,1.0
2025-04-06,LAA,CLE,-39.2,-113.0,0.2814,0.5305,0.3466,6.0,2.0
2025-04-06,MIL,CIN,-141.0,119.3,0.5851,0.4559,0.562,8.0,2.0
2025-04-06,MIN,HOU,-115.2,-70.0,0.5352,0.4118,0.5652,7.0,9.0
2025-04-06,NYM,TOR,-148.3,125.2,0.5973,0.4441,0.5736,2.0,1.0
2025-04-06,PHI,LAD,109.0,-127.5,0.4785,0.5604,0.4605,8.0,7.0
2025-04-06,PIT,NYY,136.5,-164.7,0.4228,0.6222,0.4046,5.0,4.0
2025-04-06,SFG,SEA,-119.0,-0.2,0.5434,0.0017,0.9969,5.0,4.0
2025-04-06,TEX,TBR,-115.3,-73.3,0.5356,0.4231,0.5587,4.0,3.0
2025-04-06,WSN,ARI,151.3,-180.8,0.3979,0.6439,0.3819,5.0,4.0
2025-04-07,ARI,BAL,-126.8,106.0,0.5591,0.4854,0.5353,1.0,5.0
2025-04-07,BOS,TOR,-127.7,108.0,0.5608,0.4808,0.5384,2.0,6.0
2025-04-07,CHC,TEX,-129.3,76.0,0.564,0.5682,0.4981,7.0,0.0
2025-04-07,DET,NYY,126.5,-149.2,0.4415,0.5987,0.4245,6.0,2.0
2025-04-07,KCR,MIN,-117.8,-69.3,0.5409,0.4094,0.5692,4.0,2.0
2025-04-07,NYM,MIA,-278.3,226.7,0.7357,0.3061,0.7062,2.0,0.0
2025-04-07,ATH,SDP,128.7,-154.7,0.4373,0.6073,0.4186,4.0,5.0
2025-04-07,PIT,STL,-35.7,-116.7,0.2629,0.5385,0.3281,8.0,4.0
2025-04-07,SEA,HOU,-165.8,137.3,0.6238,0.4213,0.5969,4.0,3.0
2025-04-07,SFG,CIN,-159.0,134.3,0.6139,0.4267,0.5899,0.0,2.0
2025-04-07,WSN,LAD,-156.5,-50.5,0.6101,0.3355,0.6452,6.0,4.0
2025-04-08,ARI,BAL,-106.2,-111.8,0.515,0.5279,0.4938,4.0,3.0
2025-04-08,ATL,PHI,-118.0,-67.7,0.5413,0.4036,0.5729,7.0,5.0
2025-04-08,BOS,TOR,-216.2,179.0,0.6837,0.3584,0.6561,1.0,6.0
2025-04-08,CHC,TEX,-156.5,132.0,0.6101,0.431,0.586,10.0,6.0
2025-04-08,CLE,CHW,-1832.5,295.8,0.9483,0.2526,0.7896,1.0,0.0
2025-04-08,COL,MIL,136.8,-161.5,0.4222,0.6176,0.4061,1.0,7.0
2025-04-08,DET,NYY,-120.0,93.5,0.5455,0.5168,0.5135,5.0,0.0
2025-04-08,KCR,MIN,-123.5,69.8,0.5526,0.5888,0.4841,2.0,1.0
2025-04-08,NYM,MIA,-294.2,236.7,0.7463,0.297,0.7153,10.0,5.0
2025-04-08,ATH,SDP,112.2,-131.8,0.4713,0.5687,0.4532,10.0,4.0
2025-04-08,PIT,STL,-136.8,116.3,0.5778,0.4622,0.5555,3.0,5.0
2025-04-08,SEA,HOU,-122.7,70.5,0.5509,0.5865,0.4843,1.0,2.0
2025-04-08,SFG,CIN,-130.0,110.3,0.5652,0.4754,0.5431,0.0,1.0
2025-04-08,TBR,LAA,-175.0,146.0,0.6364,0.4065,0.6102,3.0,4.0
2025-04-08,WSN,LAD,153.0,-183.0,0.3953,0.6466,0.3794,8.0,2.0
2025-04-09,ARI,BAL,-119.2,-34.7,0.5437,0.2574,0.6787,9.0,0.0
2025-04-09,ATL,PHI,-51.8,-20.8,0.3414,0.1724,0.6644,3.0,4.0
2025-04-09,BOS,TOR,-129.5,109.5,0.5643,0.4773,0.5417,1.0,2.0
2025-04-09,CHC,TEX,-169.8,141.5,0.6294,0.4141,0.6032,2.0,6.0
2025-04-09,CLE,CHW,-180.3,149.3,0.6433,0.4011,0.616,3.0,2.0
2025-04-09,COL,MIL,121.2,-143.3,0.4521,0.589,0.4343,2.0,17.0
2025-04-09,DET,NYY,124.0,-147.8,0.4464,0.5965,0.4281,3.0,4.0
2025-04-09,KCR,MIN,-109.5,-111.0,0.5227,0.5261,0.4984,0.0,4.0
2025-04-09,NYM,MIA,-219.3,178.3,0.6868,0.3593,0.6566,0.0,5.0
2025-04-09,ATH,SDP,-99.5,76.3,0.4987,0.5671,0.4679,1.0,2.0
2025-04-09,PIT,STL,-207.8,-29.0,0.6751,0.2248,0.7502,2.0,1.0
2025-04-09,SEA,HOU,117.2,-139.0,0.4605,0.5816,0.4419,7.0,6.0
2025-04-09,SFG,CIN,-145.8,123.3,0.5932,0.4478,0.5699,8.0,6.0
2025-04-09,TBR,LAA,-146.5,123.7,0.5943,0.4471,0.5707,5.0,4.0
2025-04-09,WSN,LAD,156.8,-191.2,0.3894,0.6566,0.3723,5.0,6.0
2025-04-10,ATL,PHI,-134.8,113.2,0.5742,0.4691,0.5503,4.0,2.0
2025-04-10,BOS,TOR,-131.3,108.3,0.5677,0.48,0.5419,4.0,3.0
2025-04-10,CLE,CHW,-246.7,202.3,0.7115,0.3308,0.6827,6.0,1.0
2025-04-10,COL,MIL,75.3,-128.3,0.5703,0.562,0.5037,7.0,2.0
2025-04-10,KCR,MIN,-116.7,-103.2,0.5385,0.5078,0.5147,3.0,2.0
2025-04-10,TBR,LAA,-121.0,35.8,0.5475,0.7362,0.4265,1.0,11.0
2025-04-11,ARI,MIL,-154.5,128.7,0.6071,0.4373,0.5813,0.0,7.0
2025-04-11,CHW,BOS,137.2,-164.3,0.4216,0.6217,0.4041,11.0,1.0
2025-04-11,CIN,PIT,-167.7,140.8,0.6264,0.4152,0.6014,5.0,3.0
2025-04-11,CLE,KCR,-127.0,108.0,0.5595,0.4808,0.5378,7.0,0.0
2025-04-11,HOU,LAA,-149.2,126.0,0.5987,0.4425,0.575,14.0,3.0
2025-04-11,LAD,CHC,-184.8,153.7,0.6489,0.3942,0.6221,3.0,0.0
2025-04-11,MIA,WSN,-70.7,-114.2,0.4141,0.5331,0.4372,4.0,7.0
2025-04-11,MIN,DET,-118.0,-34.2,0.5413,0.2547,0.6801,6.0,7.0
2025-04-11,NYY,SFG,-133.0,80.0,0.5708,0.5556,0.5068,1.0,9.0
2025-04-11,ATH,NYM,110.2,-129.7,0.4758,0.5646,0.4573,6.0,7.0
2025-04-11,SDP,COL,-224.0,183.0,0.6914,0.3534,0.6618,8.0,0.0
2025-04-11,SEA,TEX,104.3,-124.5,0.4894,0.5546,0.4688,5.0,3.0
2025-04-11,STL,PHI,-67.0,-121.7,0.4012,0.5489,0.4223,2.0,0.0
2025-04-11,TBR,ATL,-136.5,80.5,0.5772,0.554,0.5102,6.0,3.0
2025-04-12,ARI,MIL,-184.7,152.5,0.6487,0.396,0.6209,5.0,4.0
2025-04-12,BAL,TOR,-126.0,106.7,0.5575,0.4839,0.5354,5.0,4.0
2025-04-12,CHW,BOS,133.3,-160.2,0.4286,0.6156,0.4104,3.0,2.0
2025-04-12,CIN,PIT,-123.5,102.5,0.5526,0.4938,0.5281,5.0,2.0
2025-04-12,CLE,KCR,-132.5,112.7,0.5699,0.4702,0.5479,6.0,3.0
2025-04-12,HOU,LAA,-161.7,136.7,0.6178,0.4225,0.5939,1.0,4.0
2025-04-12,LAD,CHC,-184.0,152.2,0.6479,0.3966,0.6203,0.0,16.0
2025-04-12,MIA,WSN,-140.8,117.0,0.5848,0.4608,0.5593,7.0,6.0
2025-04-12,MIN,DET,-160.0,135.7,0.6154,0.4243,0.5919,0.0,4.0
2025-04-12,NYY,SFG,-137.5,116.0,0.5789,0.463,0.5557,8.0,4.0
2025-04-12,ATH,NYM,113.5,-134.2,0.4684,0.573,0.4498,3.0,1.0
2025-04-12,SDP,COL,-173.3,143.7,0.6341,0.4104,0.6071,2.0,0.0
2025-04-12,SEA,TEX,-144.0,121.8,0.5902,0.4508,0.5669,9.0,2.0
2025-04-12,STL,PHI,151.2,-180.5,0.3981,0.6435,0.3822,1.0,4.0
2025-04-12,TBR,ATL,-141.2,115.8,0.5853,0.4633,0.5582,4.0,5.0
2025-04-13,ARI,MIL,-60.2,-10.5,0.3757,0.095,0.7981,5.0,2.0
2025-04-13,BAL,TOR,-138.2,116.0,0.5801,0.463,0.5562,6.0,7.0
2025-04-13,CHW,BOS,199.7,-245.8,0.3337,0.7108,0.3195,1.0,3.0
2025-04-13,CIN,PIT,-185.3,154.8,0.6495,0.3924,0.6234,4.0,0.0
2025-04-13,CLE,KCR,116.8,-139.2,0.4612,0.5819,0.4421,2.0,4.0
2025-04-13,HOU,LAA,-164.5,136.7,0.6219,0.4225,0.5955,7.0,3.0
2025-04-13,LAD,CHC,-240.2,197.5,0.706,0.3361,0.6775,2.0,4.0
2025-04-13,MIA,WSN,125.8,-149.2,0.4428,0.5987,0.4252,11.0,4.0
2025-04-13,MIN,DET,-115.7,-36.2,0.5363,0.2656,0.6688,5.0,1.0
2025-04-13,NYY,SFG,-124.7,69.2,0.5549,0.5911,0.4842,4.0,5.0
2025-04-13,ATH,NYM,121.5,-143.8,0.4515,0.5899,0.4335,0.0,8.0
2025-04-13,SDP,COL,-253.3,204.5,0.717,0.3284,0.6859,6.0,0.0
2025-04-13,SEA,TEX,-143.7,121.2,0.5896,0.4521,0.566,3.0,1.0
2025-04-13,STL,PHI,144.5,-172.3,0.409,0.6328,0.3926,7.0,0.0
2025-04-13,TBR,ATL,135.7,-163.0,0.4243,0.6198,0.4064,8.0,3.0
2025-04-14,LAD,COL,-364.2,285.0,0.7846,0.2597,0.7513,5.0,3.0
2025-04-14,MIL,DET,136.7,-163.2,0.4225,0.62,0.4053,1.0,9.0
2025-04-14,MIN,NYM,-117.0,-68.7,0.5392,0.4071,0.5698,1.0,5.0
2025-04-14,NYY,KCR,-138.2,82.3,0.5801,0.5484,0.514,4.0,1.0
2025-04-14,PHI,SFG,-116.5,-68.8,0.5381,0.4077,0.5689,4.0,10.0
2025-04-14,PIT,WSN,-210.0,172.5,0.6774,0.367,0.6486,10.0,3.0
2025-04-14,SDP,CHC,-193.7,146.2,0.6595,0.4062,0.6188,10.0,4.0
2025-04-14,STL,HOU,-108.2,-111.7,0.5196,0.5276,0.4962,8.0,3.0
2025-04-14,TBR,BOS,-118.0,-0.7,0.5413,0.0066,0.9879,16.0,1.0
2025-04-14,TOR,ATL,-104.0,-114.5,0.5098,0.5338,0.4885,4.0,8.0
2025-04-15,BAL,CLE,-153.7,127.7,0.6058,0.4392,0.5797,3.0,6.0
2025-04-15,CHW,ATH,134.5,-159.8,0.4264,0.6151,0.4094,3.0,12.0
2025-04-15,CIN,SEA,-70.7,-116.2,0.4141,0.5374,0.4352,8.0,4.0
2025-04-15,LAD,COL,-310.8,247.0,0.7566,0.2882,0.7242,6.0,2.0
2025-04-15,MIA,ARI,136.5,-161.5,0.4228,0.6176,0.4064,4.0,10.0
2025-04-15,MIL,DET,-71.7,-113.7,0.4175,0.532,0.4397,5.0,0.0
2025-04-15,MIN,NYM,-107.2,-110.7,0.5173,0.5253,0.4962,6.0,3.0
2025-04-15,NYY,KCR,-238.3,195.5,0.7044,0.3384,0.6755,4.0,2.0
2025-04-15,PHI,SFG,-160.7,135.7,0.6164,0.4243,0.5923,6.0,4.0
2025-04-15,PIT,WSN,-127.5,108.2,0.5604,0.4804,0.5385,0.0,3.0
2025-04-15,SDP,CHC,127.2,-152.5,0.4402,0.604,0.4216,1.0,2.0
2025-04-15,STL,HOU,111.7,-131.5,0.4724,0.568,0.4541,0.0,2.0
2025-04-15,TBR,BOS,-129.2,109.2,0.5636,0.4781,0.5411,4.0,7.0
2025-04-15,TEX,LAA,-130.8,76.3,0.5668,0.5671,0.4999,4.0,0.0
2025-04-15,TOR,ATL,-69.2,-116.5,0.4089,0.5381,0.4318,6.0,3.0
2025-04-16,BAL,CLE,-124.3,72.7,0.5542,0.5792,0.489,9.0,1.0
2025-04-16,CHW,ATH,132.5,-158.8,0.4301,0.6137,0.4121,1.0,3.0
2025-04-16,CIN,SEA,-70.8,-115.3,0.4146,0.5356,0.4363,3.0,5.0
2025-04-16,LAD,COL,-322.5,259.2,0.7633,0.2784,0.7327,8.0,7.0
2025-04-16,MIA,ARI,127.8,-152.7,0.4389,0.6042,0.4208,2.0,6.0
2025-04-16,MIL,DET,-110.7,87.5,0.5253,0.5333,0.4962,5.0,1.0
2025-04-16,MIN,NYM,-117.8,66.3,0.5409,0.6012,0.4736,4.0,3.0
2025-04-16,NYY,KCR,-156.5,130.5,0.6101,0.4338,0.5844,4.0,3.0
2025-04-16,PHI,SFG,-147.3,124.5,0.5957,0.4454,0.5722,4.0,11.0
2025-04-16,PIT,WSN,-115.8,-69.3,0.5367,0.4094,0.5672,6.0,1.0
2025-04-16,SDP,CHC,-117.2,-36.3,0.5395,0.2665,0.6694,4.0,2.0
2025-04-16,STL,HOU,-109.2,-112.5,0.5219,0.5294,0.4964,4.0,1.0
2025-04-16,TBR,BOS,-134.0,113.0,0.5726,0.4695,0.5495,0.0,1.0
2025-04-16,TEX,LAA,75.5,-130.2,0.5698,0.5655,0.5019,3.0,1.0
2025-04-16,TOR,ATL,110.7,-129.2,0.4747,0.5636,0.4572,3.0,1.0
2025-04-17,BAL,CLE,-128.0,73.5,0.5614,0.5764,0.4934,6.0,2.0
2025-04-17,CHW,ATH,115.0,-135.5,0.4651,0.5754,0.447,0.0,8.0
2025-04-17,CIN,SEA,-88.3,69.2,0.469,0.5911,0.4424,7.0,11.0
2025-04-17,DET,KCR,-154.5,127.8,0.6071,0.4389,0.5804,6.0,1.0
2025-04-17,MIA,ARI,125.3,-150.3,0.4438,0.6005,0.425,4.0,6.0
2025-04-17,NYM,STL,-140.3,118.7,0.5839,0.4573,0.5608,4.0,1.0
2025-04-17,PHI,SFG,-195.5,161.7,0.6616,0.3822,0.6339,6.0,4.0
2025-04-17,PIT,WSN,-145.2,122.0,0.5921,0.4505,0.5679,1.0,0.0
2025-04-17,TBR,NYY,-113.0,-105.7,0.5305,0.5138,0.508,3.0,6.0
2025-04-17,TEX,LAA,-154.7,130.8,0.6073,0.4332,0.5837,5.0,3.0
2025-04-18,ATL,MIN,-144.5,122.3,0.591,0.4498,0.5678,6.0,4.0
2025-04-18,BAL,CIN,-164.2,138.0,0.6215,0.4202,0.5966,3.0,8.0
2025-04-18,BOS,CHW,-226.5,186.3,0.6937,0.3492,0.6651,10.0,3.0
2025-04-18,CHC,ARI,-71.0,-115.8,0.4152,0.5367,0.4362,13.0,11.0
2025-04-18,DET,KCR,-733.3,39.5,0.88,0.7168,0.5511,7.0,3.0
2025-04-18,HOU,SDP,-165.2,134.2,0.6229,0.427,0.5933,6.0,4.0
2025-04-18,LAA,SFG,131.8,-158.8,0.4313,0.6137,0.4128,2.0,0.0
2025-04-18,MIL,ATH,-176.8,147.5,0.6388,0.404,0.6125,5.0,3.0
2025-04-18,NYM,STL,-203.2,169.8,0.6701,0.3706,0.6439,5.0,4.0
2025-04-18,PHI,MIA,-234.7,190.2,0.7012,0.3446,0.6705,7.0,2.0
2025-04-18,PIT,CLE,109.8,-129.8,0.4766,0.5649,0.4576,7.0,10.0
2025-04-18,TBR,NYY,-36.7,-115.7,0.2683,0.5363,0.3334,0.0,1.0
2025-04-18,TEX,LAD,107.7,-129.7,0.4815,0.5646,0.4603,0.0,3.0
2025-04-18,TOR,SEA,-121.5,69.2,0.5485,0.5911,0.4813,3.0,1.0
2025-04-19,ATL,MIN,-224.2,185.0,0.6915,0.3509,0.6634,4.0,3.0
2025-04-19,BAL,CIN,-122.2,69.0,0.5499,0.5917,0.4817,9.0,5.0
2025-04-19,BOS,CHW,-348.7,279.5,0.7771,0.2635,0.7468,4.0,3.0
2025-04-19,CHC,ARI,-124.7,73.0,0.5549,0.578,0.4898,6.0,2.0
2025-04-19,COL,WSN,115.0,-135.7,0.4651,0.5757,0.4469,11.0,12.0
2025-04-19,DET,KCR,-132.0,109.2,0.569,0.4781,0.5434,3.0,1.0
2025-04-19,HOU,SDP,36.5,-122.2,0.7326,0.5499,0.5712,3.0,2.0
2025-04-19,LAA,SFG,122.7,-147.2,0.4491,0.5954,0.43,2.0,3.0
2025-04-19,MIL,ATH,-129.8,76.8,0.5649,0.5655,0.4997,1.0,3.0
2025-04-19,NYM,STL,-196.5,163.5,0.6627,0.3795,0.6359,3.0,0.0
2025-04-19,PHI,MIA,-215.3,178.7,0.6829,0.3589,0.6555,11.0,10.0
2025-04-19,PIT,CLE,-177.0,146.8,0.639,0.4051,0.612,0.0,3.0
2025-04-19,TBR,NYY,-129.8,110.0,0.5649,0.4762,0.5426,10.0,8.0
2025-04-19,TEX,LAD,-79.3,-73.0,0.4424,0.422,0.5118,4.0,3.0
2025-04-19,TOR,SEA,68.5,-120.5,0.5935,0.5465,0.5206,4.0,8.0
2025-04-20,ATL,MIN,-116.7,-103.8,0.5385,0.5094,0.5139,6.0,2.0
2025-04-20,BAL,CIN,-199.2,163.8,0.6657,0.379,0.6372,2.0,24.0
2025-04-20,BOS,CHW,-282.5,229.2,0.7386,0.3038,0.7085,4.0,8.0
2025-04-20,CHC,ARI,-139.8,116.7,0.583,0.4615,0.5582,2.0,3.0
2025-04-20,COL,WSN,-111.8,-108.8,0.5279,0.5211,0.5032,2.0,3.0
2025-04-20,DET,KCR,-221.3,183.3,0.6888,0.3529,0.6612,3.0,4.0
2025-04-20,HOU,SDP,-119.7,1.0,0.5448,0.9901,0.3549,2.0,3.0
2025-04-20,LAA,SFG,-115.0,-105.0,0.5349,0.5122,0.5108,5.0,4.0
2025-04-20,MIL,ATH,-131.3,78.3,0.5677,0.5607,0.5031,14.0,1.0
2025-04-20,NYM,STL,-140.0,118.8,0.5833,0.457,0.5607,7.0,4.0
2025-04-20,PHI,MIA,-310.8,253.3,0.7566,0.283,0.7278,5.0,7.0
2025-04-20,PIT,CLE,-121.2,102.3,0.5479,0.4942,0.5257,4.0,5.0
2025-04-20,TBR,NYY,139.8,-169.7,0.417,0.6292,0.3986,0.0,4.0
2025-04-20,TEX,LAD,154.8,-200.8,0.3924,0.6676,0.3702,0.0,1.0
2025-04-20,TOR,SEA,-71.8,-113.3,0.418,0.5312,0.4404,3.0,8.0
2025-04-21,ATL,STL,-210.5,175.2,0.6779,0.3634,0.651,7.0,6.0
2025-04-21,BOS,CHW,-288.3,229.2,0.7425,0.3038,0.7096,4.0,2.0
2025-04-21,CLE,NYY,106.8,-129.2,0.4835,0.5636,0.4617,6.0,4.0
2025-04-21,DET,SDP,-140.7,116.0,0.5845,0.463,0.558,6.0,4.0
2025-04-21,HOU,TOR,-140.2,119.7,0.5836,0.4552,0.5618,7.0,0.0
2025-04-21,MIA,CIN,0.7,-119.7,0.9934,0.5448,0.6458,6.0,3.0
2025-04-21,NYM,PHI,-132.3,79.0,0.5696,0.5587,0.5048,5.0,4.0
2025-04-21,SFG,MIL,-140.7,116.8,0.5845,0.4612,0.559,5.0,2.0
2025-04-22,ARI,TBR,-182.3,150.7,0.6458,0.3989,0.6181,5.0,1.0
2025-04-22,ATL,STL,-148.0,125.7,0.5968,0.4431,0.5739,4.0,10.0
2025-04-22,BOS,SEA,-121.3,69.2,0.5482,0.5911,0.4812,8.0,3.0
2025-04-22,CHC,LAD,40.2,-285.8,0.7134,0.7408,0.4906,11.0,10.0
2025-04-22,CLE,NYY,-117.5,-34.7,0.5402,0.2574,0.6773,3.0,2.0
2025-04-22,DET,SDP,-137.2,116.3,0.5784,0.4622,0.5558,0.0,2.0
2025-04-22,HOU,TOR,-3.7,-82.5,0.0354,0.4521,0.0726,5.0,1.0
2025-04-22,KCR,COL,-238.0,192.0,0.7041,0.3425,0.6728,4.0,3.0
2025-04-22,LAA,PIT,-189.8,154.8,0.655,0.3924,0.6253,3.0,9.0
2025-04-22,MIA,CIN,-70.2,-116.8,0.4123,0.5388,0.4335,4.0,3.0
2025-04-22,MIN,CHW,-249.2,204.2,0.7136,0.3288,0.6846,4.0,2.0
2025-04-22,NYM,PHI,111.7,-132.5,0.4724,0.5699,0.4533,5.0,1.0
2025-04-22,ATH,TEX,-127.3,105.8,0.5601,0.4858,0.5355,5.0,8.0
2025-04-22,SFG,MIL,-147.0,122.0,0.5951,0.4505,0.5692,3.0,11.0
2025-04-22,WSN,BAL,79.5,-133.0,0.5571,0.5708,0.4939,7.0,0.0
2025-04-23,ARI,TBR,-155.5,129.5,0.6086,0.4357,0.5828,6.0,7.0
2025-04-23,ATL,STL,-161.2,135.5,0.6171,0.4246,0.5924,4.0,1.0
2025-04-23,BOS,SEA,-139.8,117.3,0.583,0.4601,0.5589,5.0,8.0
2025-04-23,CHC,LAD,-127.2,73.0,0.5598,0.578,0.492,7.0,6.0
2025-04-23,CLE,NYY,138.7,-165.3,0.419,0.6231,0.4021,1.0,5.0
2025-04-23,DET,SDP,-161.0,133.7,0.6169,0.428,0.5904,6.0,0.0
2025-04-23,HOU,TOR,-114.7,-105.5,0.5342,0.5134,0.5099,3.0,1.0
2025-04-23,LAA,PIT,-135.2,114.8,0.5748,0.4655,0.5525,0.0,3.0
2025-04-23,MIA,CIN,-111.7,-108.2,0.5276,0.5196,0.5038,2.0,5.0
2025-04-23,MIN,CHW,-263.2,213.8,0.7246,0.3186,0.6946,6.0,3.0
2025-04-23,NYM,PHI,-80.5,-77.5,0.446,0.4366,0.5053,4.0,3.0
2025-04-23,ATH,TEX,-115.3,-70.2,0.5356,0.4123,0.565,5.0,2.0
2025-04-23,SFG,MIL,-146.2,121.3,0.5938,0.4518,0.5679,4.0,2.0
2025-04-23,WSN,BAL,121.5,-143.8,0.4515,0.5899,0.4335,4.0,3.0
2025-04-24,ARI,TBR,-138.0,116.0,0.5798,0.463,0.556,4.0,7.0
2025-04-24,BOS,SEA,-176.2,146.8,0.6379,0.4051,0.6116,3.0,4.0
2025-04-24,KCR,COL,-302.2,245.3,0.7513,0.2896,0.7218,7.0,4.0
2025-04-24,LAA,PIT,-162.5,136.0,0.619,0.4237,0.5937,4.0,3.0
2025-04-24,MIN,CHW,-220.8,181.2,0.6883,0.3557,0.6593,0.0,3.0
2025-04-24,ATH,TEX,121.5,-143.5,0.4515,0.5893,0.4338,4.0,3.0
2025-04-24,SFG,MIL,-153.5,129.5,0.6055,0.4357,0.5815,6.0,5.0
2025-04-24,WSN,BAL,2.3,-113.3,0.9772,0.5312,0.6478,1.0,2.0
2025-04-25,ARI,ATL,108.7,-129.3,0.4792,0.564,0.4594,2.0,8.0
2025-04-25,CHC,PHI,-156.5,129.3,0.6101,0.436,0.5832,4.0,0.0
2025-04-25,COL,CIN,115.7,-136.2,0.4637,0.5766,0.4457,7.0,8.0
2025-04-25,KCR,HOU,-105.5,-114.2,0.5134,0.5331,0.4906,2.0,0.0
2025-04-25,LAD,PIT,-222.8,185.3,0.6902,0.3505,0.6632,0.0,3.0
2025-04-25,MIN,LAA,-204.2,170.2,0.6712,0.3701,0.6446,11.0,4.0
2025-04-25,NYY,TOR,-145.5,122.2,0.5927,0.4501,0.5684,2.0,4.0
2025-04-25,ATH,CHW,-246.7,199.0,0.7115,0.3344,0.6803,6.0,5.0
2025-04-25,SDP,TBR,-146.7,122.0,0.5946,0.4505,0.569,0.0,1.0
2025-04-25,SEA,MIA,-287.2,234.2,0.7417,0.2993,0.7125,4.0,8.0
2025-04-25,SFG,TEX,-125.8,73.7,0.5572,0.5758,0.4918,0.0,2.0
2025-04-25,STL,MIL,-131.8,110.5,0.5687,0.4751,0.5448,3.0,2.0
2025-04-25,WSN,NYM,156.2,-187.0,0.3904,0.6516,0.3747,5.0,4.0
2025-04-26,ARI,ATL,-124.3,105.5,0.5542,0.4866,0.5325,7.0,8.0
2025-04-26,CHC,PHI,-103.2,-115.3,0.5078,0.5356,0.4867,4.0,10.0
2025-04-26,CLE,BOS,-70.8,-116.0,0.4146,0.537,0.4357,5.0,4.0
2025-04-26,COL,CIN,253.0,-412.0,0.2833,0.8047,0.2604,4.0,6.0
2025-04-26,DET,BAL,-133.3,78.2,0.5714,0.5613,0.5045,4.0,3.0
2025-04-26,KCR,HOU,118.0,-140.2,0.4587,0.5836,0.4401,2.0,0.0
2025-04-26,LAD,PIT,-272.0,220.5,0.7312,0.312,0.7009,8.0,4.0
2025-04-26,MIN,LAA,-130.0,76.0,0.5652,0.5682,0.4987,5.0,1.0
2025-04-26,ATH,CHW,-229.8,189.7,0.6968,0.3452,0.6687,3.0,10.0
2025-04-26,SDP,TBR,-147.5,122.8,0.596,0.4488,0.5704,1.0,4.0
2025-04-26,SEA,MIA,-234.3,193.0,0.7009,0.3413,0.6725,14.0,0.0
2025-04-26,SFG,TEX,-139.7,117.0,0.5828,0.4608,0.5584,3.0,2.0
2025-04-26,STL,MIL,-150.7,123.8,0.6011,0.4468,0.5736,6.0,5.0
2025-04-26,WSN,NYM,163.7,-196.5,0.3793,0.6627,0.364,0.0,2.0
2025-04-27,ARI,ATL,-0.5,-120.8,0.005,0.5472,0.009,6.0,4.0
2025-04-27,CHC,PHI,-129.0,34.2,0.5633,0.7453,0.4305,1.0,3.0
2025-04-27,CLE,BOS,-70.8,-115.3,0.4146,0.5356,0.4363,3.0,13.0
2025-04-27,COL,CIN,133.2,-157.8,0.4289,0.6122,0.412,1.0,8.0
2025-04-27,DET,BAL,-235.8,193.7,0.7022,0.3405,0.6734,7.0,0.0
2025-04-27,KCR,HOU,117.0,-138.3,0.4608,0.5804,0.4426,3.0,7.0
2025-04-27,LAD,PIT,-350.8,275.3,0.7782,0.2664,0.745,9.0,2.0
2025-04-27,MIN,LAA,-178.8,147.8,0.6414,0.4035,0.6138,5.0,0.0
2025-04-27,NYY,TOR,-200.5,166.8,0.6672,0.3748,0.6403,11.0,2.0
2025-04-27,ATH,CHW,-199.0,165.5,0.6656,0.3766,0.6386,3.0,2.0
2025-04-27,SDP,TBR,-71.8,-113.7,0.418,0.532,0.44,2.0,4.0
2025-04-27,SEA,MIA,-147.8,124.2,0.5965,0.4461,0.5721,7.0,6.0
2025-04-27,SFG,TEX,-138.3,116.7,0.5804,0.4615,0.557,3.0,2.0
2025-04-27,STL,MIL,-109.8,-108.0,0.5234,0.5192,0.502,1.0,7.0
2025-04-27,WSN,NYM,124.8,-151.3,0.4448,0.6021,0.4249,8.0,7.0
2025-04-28,BAL,NYY,78.2,-131.5,0.5613,0.568,0.497,4.0,3.0
2025-04-28,CIN,STL,-121.0,67.8,0.5475,0.5958,0.4789,3.0,1.0
2025-04-28,CLE,MIN,-124.7,105.8,0.5549,0.4858,0.5332,1.0,11.0
2025-04-28,COL,ATL,148.8,-178.8,0.4019,0.6414,0.3852,3.0,6.0
2025-04-28,HOU,DET,-120.7,34.2,0.5468,0.7453,0.4232,8.0,5.0
2025-04-28,LAD,MIA,-450.0,292.5,0.8182,0.2548,0.7625,7.0,6.0
2025-04-28,TEX,ATH,-111.3,-108.8,0.5268,0.5211,0.5027,1.0,2.0
2025-04-28,WSN,NYM,143.0,-170.5,0.4115,0.6303,0.395,5.0,19.0
2025-04-29,BAL,NYY,138.7,-164.5,0.419,0.6219,0.4025,3.0,15.0
2025-04-29,CHW,MIL,205.7,-255.8,0.3272,0.719,0.3127,2.0,7.0
2025-04-29,CLE,MIN,-137.2,115.2,0.5784,0.4648,0.5545,2.0,1.0
2025-04-29,COL,ATL,173.2,-211.2,0.3661,0.6786,0.3504,2.0,8.0
2025-04-29,HOU,DET,-115.7,-69.5,0.5363,0.41,0.5667,6.0,4.0
2025-04-29,LAD,MIA,-206.7,171.5,0.6739,0.3683,0.6466,15.0,2.0
2025-04-29,NYM,ARI,-142.5,119.2,0.5876,0.4563,0.5629,8.0,3.0
2025-04-29,PHI,WSN,-200.3,165.0,0.667,0.3774,0.6387,7.0,6.0
2025-04-29,PIT,CHC,125.8,-150.7,0.4428,0.6011,0.4242,0.0,9.0
2025-04-29,SDP,SFG,69.2,-122.7,0.5911,0.5509,0.5176,7.0,4.0
2025-04-29,SEA,LAA,-207.3,171.8,0.6746,0.3679,0.6471,5.0,3.0
2025-04-29,TBR,KCR,-155.5,131.2,0.6086,0.4326,0.5845,1.0,3.0
2025-04-29,TEX,ATH,-203.0,168.8,0.67,0.372,0.643,15.0,2.0
2025-04-29,TOR,BOS,120.0,-141.2,0.4545,0.5853,0.4371,2.0,10.0
2025-04-30,BAL,NYY,-119.2,67.7,0.5437,0.5964,0.4769,5.0,4.0
2025-04-30,CHW,MIL,135.5,-163.3,0.4246,0.6203,0.4064,4.0,6.0
2025-04-30,CIN,STL,-148.5,123.5,0.5976,0.4474,0.5718,0.0,6.0
2025-04-30,CLE,MIN,-70.5,-115.3,0.4135,0.5356,0.4357,4.0,2.0
2025-04-30,COL,ATL,224.5,-281.7,0.3082,0.738,0.2946,2.0,1.0
2025-04-30,HOU,DET,-124.7,70.8,0.5549,0.5854,0.4866,4.0,7.0
2025-04-30,LAD,MIA,-325.8,262.5,0.7652,0.2759,0.735,12.0,7.0
2025-04-30,NYM,ARI,-107.2,-110.8,0.5173,0.5257,0.496,3.0,4.0
2025-04-30,PHI,WSN,-250.0,202.2,0.7143,0.3309,0.6834,7.0,2.0
2025-04-30,PIT,CHC,146.5,-175.0,0.4057,0.6364,0.3893,4.0,3.0
2025-04-30,SDP,SFG,-140.5,119.3,0.5842,0.4559,0.5617,5.0,3.0
2025-04-30,SEA,LAA,-141.8,120.5,0.5865,0.4535,0.5639,9.0,3.0
2025-04-30,TBR,KCR,-171.0,142.0,0.631,0.4132,0.6043,0.0,3.0
2025-04-30,TEX,ATH,-153.8,129.8,0.606,0.4351,0.5821,1.0,7.0
2025-04-30,TOR,BOS,-108.7,-109.7,0.5208,0.5231,0.4989,7.0,6.0
2025-05-01,CHW,MIL,139.5,-169.5,0.4175,0.6289,0.399,8.0,0.0
2025-05-01,CIN,STL,-78.2,-75.3,0.4387,0.4297,0.5052,9.0,1.0
2025-05-01,CLE,MIN,11.2,-73.0,0.8996,0.422,0.6807,4.0,3.0
2025-05-01,LAA,DET,124.2,-148.8,0.4461,0.5981,0.4272,4.0,10.0
2025-05-01,NYM,ARI,23.2,-719.7,0.8119,0.878,0.4804,2.0,4.0
2025-05-01,PHI,WSN,-185.2,152.3,0.6493,0.3963,0.621,2.0,4.0
2025-05-01,PIT,CHC,-130.3,110.2,0.5658,0.4758,0.5432,3.0,8.0
2025-05-01,SFG,COL,-269.7,219.7,0.7295,0.3128,0.6999,3.0,4.0
2025-05-01,TBR,KCR,-160.3,135.3,0.6159,0.4249,0.5917,2.0,8.0
2025-05-01,TEX,ATH,-134.0,113.7,0.5726,0.468,0.5503,0.0,3.0
2025-05-01,TOR,BOS,-72.3,-112.2,0.4197,0.5287,0.4426,4.0,2.0
2025-05-02,ATL,LAD,152.0,-182.3,0.3968,0.6458,0.3806,1.0,2.0
2025-05-02,BAL,KCR,-138.5,117.8,0.5807,0.4591,0.5585,3.0,0.0
2025-05-02,BOS,MIN,-83.0,-37.5,0.4536,0.2727,0.6245,6.0,1.0
2025-05-02,CHW,HOU,178.3,-219.5,0.3593,0.687,0.3434,7.0,3.0
2025-05-02,CIN,WSN,-195.7,162.7,0.6618,0.3807,0.6348,6.0,1.0
2025-05-02,LAA,DET,156.0,-187.0,0.3906,0.6516,0.3748,1.0,9.0
2025-05-02,MIA,ATH,113.2,-135.0,0.4691,0.5745,0.4495,1.0,6.0
2025-05-02,MIL,CHC,35.3,-122.2,0.7389,0.5499,0.5733,0.0,10.0
2025-05-02,NYY,TBR,-234.5,193.0,0.701,0.3413,0.6726,3.0,0.0
2025-05-02,PHI,ARI,-156.8,131.8,0.6106,0.4313,0.586,3.0,2.0
2025-05-02,PIT,SDP,117.8,-138.8,0.4591,0.5813,0.4413,4.0,9.0
2025-05-02,SFG,COL,-288.3,233.7,0.7425,0.2997,0.7124,4.0,0.0
2025-05-02,STL,NYM,34.3,-119.8,0.7444,0.5451,0.5773,3.0,9.0
2025-05-02,TEX,SEA,108.8,-128.7,0.4789,0.5627,0.4598,1.0,13.0
2025-05-02,TOR,CLE,-469.7,240.0,0.8245,0.2941,0.7371,5.0,3.0
2025-05-03,ATL,LAD,65.7,-1607.2,0.6036,0.9414,0.3907,3.0,10.0
2025-05-03,BAL,KCR,-112.3,-107.7,0.529,0.5185,0.5051,0.0,4.0
2025-05-03,BOS,MIN,-118.0,-0.7,0.5413,0.0066,0.9879,3.0,4.0
2025-05-03,CHW,HOU,194.7,-236.7,0.3394,0.703,0.3256,3.0,8.0
2025-05-03,CIN,WSN,-189.0,157.7,0.654,0.3881,0.6276,6.0,11.0
2025-05-03,LAA,DET,164.0,-198.0,0.3788,0.6644,0.3631,5.0,2.0
2025-05-03,MIA,ATH,-125.8,71.7,0.5572,0.5825,0.4889,9.0,6.0
2025-05-03,MIL,CHC,-72.8,-113.7,0.4214,0.532,0.442,2.0,6.0
2025-05-03,NYY,TBR,-204.2,170.0,0.6712,0.3704,0.6444,2.0,3.0
2025-05-03,PHI,ARI,-123.7,71.3,0.5529,0.5837,0.4865,7.0,2.0
2025-05-03,PIT,SDP,-81.7,29.7,0.4495,0.7712,0.3683,1.0,2.0
2025-05-03,SFG,COL,-284.7,230.0,0.74,0.303,0.7095,6.0,3.0
2025-05-03,TEX,SEA,112.0,-132.2,0.4717,0.5693,0.4531,1.0,2.0
2025-05-03,TOR,CLE,-155.3,129.0,0.6084,0.4367,0.5821,3.0,5.0
2025-05-04,ATL,LAD,119.2,-140.2,0.4563,0.5836,0.4388,4.0,3.0
2025-05-04,BAL,KCR,-138.0,116.8,0.5798,0.4612,0.557,6.0,11.0
2025-05-04,BOS,MIN,-202.2,166.0,0.6691,0.3759,0.6402,4.0,5.0
2025-05-04,CHW,HOU,154.7,-185.3,0.3927,0.6495,0.3768,5.0,4.0
2025-05-04,CIN,WSN,-74.3,-111.0,0.4264,0.5261,0.4477,1.0,4.0
2025-05-04,LAA,DET,145.3,-175.5,0.4076,0.637,0.3902,1.0,13.0
2025-05-04,MIA,ATH,-69.5,-116.3,0.41,0.5378,0.4326,2.0,3.0
2025-05-04,MIL,CHC,-72.8,-112.5,0.4214,0.5294,0.4432,4.0,0.0
2025-05-04,NYY,TBR,20.5,-717.5,0.8299,0.8777,0.486,5.0,7.0
2025-05-04,PHI,ARI,-151.5,128.2,0.6024,0.4383,0.5788,9.0,11.0
2025-05-04,PIT,SDP,-109.8,-108.3,0.5234,0.52,0.5016,0.0,4.0
2025-05-04,SFG,COL,-408.3,320.0,0.8033,0.2381,0.7714,9.0,3.0
2025-05-04,STL,NYM,104.7,-123.7,0.4886,0.5529,0.4691,6.0,5.0
2025-05-04,TEX,SEA,-180.2,150.3,0.6431,0.3995,0.6168,8.0,1.0
2025-05-04,TOR,CLE,-81.2,-41.3,0.448,0.2925,0.605,4.0,5.0
2025-05-05,ARI,NYM,-115.5,-36.8,0.536,0.2692,0.6657,4.0,5.0
2025-05-05,ATL,CIN,-135.3,114.2,0.5751,0.4669,0.5519,4.0,0.0
2025-05-05,CHC,SFG,-173.2,141.8,0.6339,0.4135,0.6052,9.0,2.0
2025-05-05,KCR,CHW,-230.8,191.0,0.6977,0.3436,0.67,3.0,0.0
2025-05-05,MIA,LAD,177.0,-213.3,0.361,0.6809,0.3465,4.0,7.0
2025-05-05,MIL,HOU,-112.8,-105.7,0.5301,0.5138,0.5078,5.0,1.0
2025-05-05,NYY,SDP,-159.5,132.7,0.6146,0.4298,0.5885,3.0,4.0
2025-05-05,ATH,SEA,-71.0,-116.5,0.4152,0.5381,0.4355,7.0,6.0
2025-05-05,STL,PIT,-136.5,115.7,0.5772,0.4637,0.5545,6.0,3.0
2025-05-06,ARI,NYM,-115.8,-69.5,0.5367,0.41,0.5669,5.0,1.0
2025-05-06,ATL,CIN,-228.3,188.7,0.6954,0.3464,0.6675,2.0,1.0
2025-05-06,BOS,TEX,-34.5,-117.7,0.2565,0.5406,0.3218,1.0,6.0
2025-05-06,CHC,SFG,-150.2,126.7,0.6003,0.4412,0.5764,5.0,14.0
2025-05-06,KCR,CHW,-250.2,201.7,0.7144,0.3315,0.6831,4.0,3.0
2025-05-06,LAA,TOR,-104.3,-114.0,0.5106,0.5327,0.4894,8.0,3.0
2025-05-06,MIA,LAD,13.0,-122.8,0.885,0.5512,0.6162,5.0,4.0
2025-05-06,MIL,HOU,-119.2,33.8,0.5437,0.7472,0.4212,4.0,3.0
2025-05-06,MIN,BAL,-168.2,140.8,0.6271,0.4152,0.6016,9.0,1.0
2025-05-06,NYY,SDP,-123.8,71.3,0.5532,0.5837,0.4866,12.0,3.0
2025-05-06,ATH,SEA,-121.7,102.7,0.5489,0.4934,0.5266,3.0,5.0
2025-05-06,STL,PIT,-33.3,-118.3,0.25,0.542,0.3157,2.0,1.0
2025-05-06,TBR,PHI,110.3,-132.0,0.4754,0.569,0.4552,4.0,8.0
2025-05-06,WSN,CLE,36.0,-123.2,0.7353,0.5519,0.5712,10.0,9.0
2025-05-07,ARI,NYM,-34.3,-118.0,0.2556,0.5413,0.3207,1.0,7.0
2025-05-07,ATL,CIN,-120.3,68.0,0.5461,0.5952,0.4785,3.0,4.0
2025-05-07,BOS,TEX,-93.0,66.5,0.4819,0.6006,0.4452,6.0,4.0
2025-05-07,CHC,SFG,-159.5,134.5,0.6146,0.4264,0.5904,1.0,3.0
2025-05-07,COL,DET,145.0,-174.2,0.4082,0.6353,0.3912,6.0,8.0
2025-05-07,KCR,CHW,-228.0,185.3,0.6951,0.3505,0.6648,2.0,1.0
2025-05-07,LAA,TOR,-67.8,-118.8,0.4042,0.543,0.4267,5.0,4.0
2025-05-07,MIA,LAD,188.5,-228.7,0.3466,0.6957,0.3325,1.0,10.0
2025-05-07,MIL,HOU,113.7,-134.8,0.468,0.5742,0.4491,1.0,9.0
2025-05-07,MIN,BAL,-141.7,119.3,0.5862,0.4559,0.5625,5.0,2.0
2025-05-07,NYY,SDP,-179.7,149.3,0.6424,0.4011,0.6157,4.0,3.0
2025-05-07,ATH,SEA,242.2,-675.0,0.2923,0.871,0.2512,5.0,6.0
2025-05-07,STL,PIT,-181.0,151.2,0.6441,0.3981,0.618,5.0,0.0
2025-05-07,TBR,PHI,135.5,-160.5,0.4246,0.6161,0.408,0.0,7.0
2025-05-07,WSN,CLE,-71.5,-113.8,0.4169,0.5323,0.4392,6.0,8.0
2025-05-08,ARI,LAD,134.8,-161.3,0.4258,0.6173,0.4082,5.0,3.0
2025-05-08,ATL,CIN,-198.8,160.8,0.6654,0.3834,0.6344,5.0,4.0
2025-05-08,BOS,TEX,-156.8,130.7,0.6106,0.4335,0.5848,5.0,0.0
2025-05-08,COL,DET,143.0,-170.8,0.4115,0.6308,0.3948,2.0,10.0
2025-05-08,KCR,CHW,-246.7,201.7,0.7115,0.3315,0.6822,10.0,0.0
2025-05-08,LAA,TOR,114.7,-134.7,0.4658,0.5739,0.448,5.0,8.0
2025-05-08,MIN,BAL,-167.8,139.3,0.6266,0.4178,0.6,5.0,2.0
2025-05-08,TBR,PHI,136.3,-167.0,0.4231,0.6255,0.4035,6.0,7.0
2025-05-09,ARI,LAD,-80.7,-106.3,0.4465,0.5153,0.4642,11.0,14.0
2025-05-09,CHW,MIA,124.3,-149.7,0.4458,0.5995,0.4265,6.0,2.0
2025-05-09,CLE,PHI,0.2,-118.8,0.9983,0.543,0.6477,6.0,0.0
2025-05-09,COL,SDP,151.5,-184.5,0.3976,0.6485,0.3801,9.0,13.0
2025-05-09,DET,TEX,-293.8,240.0,0.7461,0.2941,0.7172,2.0,1.0
2025-05-09,HOU,CIN,-194.8,162.2,0.6608,0.3814,0.634,3.0,0.0
2025-05-09,KCR,BOS,-110.0,-109.8,0.5238,0.5234,0.5002,2.0,1.0
2025-05-09,LAA,BAL,119.0,-142.3,0.4566,0.5873,0.4374,1.0,4.0
2025-05-09,MIN,SFG,-107.5,-78.0,0.5181,0.4382,0.5418,3.0,1.0
2025-05-09,NYM,CHC,-147.8,124.5,0.5965,0.4454,0.5725,7.0,2.0
2025-05-09,ATH,NYY,130.7,-156.3,0.4335,0.6099,0.4155,2.0,10.0
2025-05-09,PIT,ATL,126.2,-151.2,0.4422,0.6019,0.4235,3.0,2.0
2025-05-09,SEA,TOR,19.7,-453.5,0.8357,0.8193,0.5049,3.0,6.0
2025-05-09,TBR,MIL,-34.5,-118.7,0.2565,0.5427,0.321,4.0,3.0
2025-05-09,WSN,STL,-108.3,-110.2,0.52,0.5242,0.498,0.0,10.0
2025-05-10,ARI,LAD,-114.7,-103.8,0.5342,0.5094,0.5119,3.0,0.0
2025-05-10,CHW,MIA,-107.2,-111.0,0.5173,0.5261,0.4958,1.0,3.0
2025-05-10,CLE,PHI,110.2,-131.0,0.4758,0.5671,0.4562,1.0,7.0
2025-05-10,COL,SDP,197.5,-240.0,0.3361,0.7059,0.3226,0.0,21.0
2025-05-10,DET,TEX,70.2,-122.2,0.5877,0.5499,0.5166,3.0,10.0
2025-05-10,HOU,CIN,-127.3,107.7,0.5601,0.4815,0.5377,9.0,13.0
2025-05-10,KCR,BOS,-78.5,-73.5,0.4398,0.4236,0.5093,1.0,10.0
2025-05-10,LAA,BAL,120.8,-142.0,0.4528,0.5868,0.4356,5.0,2.0
2025-05-10,MIN,SFG,-71.8,-113.5,0.418,0.5316,0.4402,2.0,1.0
2025-05-10,NYM,CHC,-162.7,136.2,0.6193,0.4234,0.5939,5.0,6.0
2025-05-10,ATH,NYY,137.3,-162.7,0.4213,0.6193,0.4049,11.0,7.0
2025-05-10,PIT,ATL,38.2,-81.0,0.7238,0.4475,0.6179,2.0,3.0
2025-05-10,SEA,TOR,-134.7,113.3,0.5739,0.4688,0.5504,3.0,6.0
2025-05-10,TBR,MIL,-122.8,37.0,0.5512,0.7299,0.4303,3.0,2.0
2025-05-10,WSN,STL,-69.2,-115.8,0.4089,0.5367,0.4324,2.0,4.0
2025-05-11,ARI,LAD,-70.7,-116.2,0.4141,0.5374,0.4352,1.0,8.0
2025-05-11,CHW,MIA,113.2,-135.2,0.4691,0.5748,0.4494,4.0,2.0
2025-05-11,CLE,PHI,143.8,-174.0,0.4101,0.635,0.3924,0.0,3.0
2025-05-11,COL,SDP,248.7,-310.8,0.2868,0.7566,0.2749,9.0,3.0
2025-05-11,DET,TEX,-118.2,-34.3,0.5416,0.2556,0.6794,1.0,6.0
2025-05-11,HOU,CIN,-149.2,125.3,0.5987,0.4438,0.5743,6.0,0.0
2025-05-11,KCR,BOS,-132.2,113.3,0.5693,0.4688,0.5484,1.0,3.0
2025-05-11,LAA,BAL,121.5,-144.2,0.4515,0.5904,0.4333,3.0,7.0
2025-05-11,MIN,SFG,-162.2,135.3,0.6186,0.4249,0.5928,7.0,6.0
2025-05-11,NYM,CHC,-128.8,109.3,0.563,0.4777,0.541,6.0,2.0
2025-05-11,ATH,NYY,120.2,-144.0,0.4542,0.5902,0.4349,2.0,12.0
2025-05-11,PIT,ATL,127.2,-169.7,0.4402,0.6292,0.4116,4.0,3.0
2025-05-11,SEA,TOR,-184.0,151.2,0.6479,0.3981,0.6194,1.0,9.0
2025-05-11,TBR,MIL,-146.5,123.3,0.5943,0.4478,0.5703,2.0,4.0
2025-05-11,WSN,STL,-144.0,121.8,0.5902,0.4508,0.5669,1.0,6.0
2025-05-12,ATL,WSN,-210.7,166.7,0.6781,0.375,0.6439,4.0,3.0
2025-05-12,CHC,MIA,-263.3,210.7,0.7248,0.3219,0.6925,5.0,2.0
2025-05-12,CLE,MIL,67.3,-120.7,0.5976,0.5468,0.5222,5.0,0.0
2025-05-12,DET,BOS,-104.8,-113.5,0.5118,0.5316,0.4905,14.0,2.0
2025-05-12,HOU,KCR,-124.3,105.0,0.5542,0.4878,0.5319,5.0,7.0
2025-05-12,NYM,PIT,-160.0,133.7,0.6154,0.428,0.5898,4.0,3.0
2025-05-12,PHI,STL,-181.5,151.7,0.6448,0.3974,0.6187,2.0,3.0
2025-05-12,SDP,LAA,-227.5,189.2,0.6947,0.3458,0.6676,5.0,9.0
2025-05-12,SEA,NYY,124.0,-147.2,0.4464,0.5954,0.4285,5.0,11.0
2025-05-12,SFG,ARI,33.0,-118.5,0.7519,0.5423,0.581,1.0,2.0
2025-05-12,TEX,COL,-258.3,210.8,0.7209,0.3217,0.6914,2.0,1.0
2025-05-13,ATL,WSN,-218.2,180.5,0.6857,0.3565,0.6579,5.0,2.0
2025-05-13,CHC,MIA,-255.3,207.5,0.7186,0.3252,0.6884,5.0,4.0
2025-05-13,CIN,CHW,-213.7,172.8,0.6812,0.3665,0.6502,1.0,5.0
2025-05-13,CLE,MIL,-134.2,113.3,0.573,0.4688,0.55,2.0,0.0
2025-05-13,DET,BOS,-116.2,-1.2,0.5374,0.0115,0.979,10.0,9.0
2025-05-13,HOU,KCR,-138.8,117.3,0.5813,0.4601,0.5582,2.0,1.0
2025-05-13,LAD,ATH,-203.8,168.2,0.6709,0.3729,0.6427,1.0,11.0
2025-05-13,NYM,PIT,-247.5,203.8,0.7122,0.3291,0.6839,2.0,1.0
2025-05-13,SDP,LAA,-218.7,180.2,0.6862,0.3569,0.6578,6.0,4.0
2025-05-13,SEA,NYY,120.2,-146.0,0.4542,0.5935,0.4335,2.0,1.0
2025-05-13,SFG,ARI,-107.2,-114.7,0.5173,0.5342,0.492,10.0,6.0
2025-05-13,TEX,COL,-230.7,190.0,0.6976,0.3448,0.6692,4.0,1.0
2025-05-13,TOR,TBR,-132.8,113.8,0.5705,0.4677,0.5495,9.0,11.0
2025-05-14,ATL,WSN,-186.7,156.0,0.6512,0.3906,0.625,4.0,5.0
2025-05-14,BAL,MIN,-123.5,70.5,0.5526,0.5865,0.4851,3.0,6.0
2025-05-14,CHC,MIA,-215.8,176.5,0.6834,0.3617,0.6539,1.0,3.0
2025-05-14,CIN,CHW,-204.3,170.0,0.6714,0.3704,0.6445,2.0,4.0
2025-05-14,CLE,MIL,-130.0,108.5,0.5652,0.4796,0.541,5.0,9.0
2025-05-14,DET,BOS,-245.3,195.2,0.7104,0.3388,0.6771,6.0,5.0
2025-05-14,HOU,KCR,-125.3,105.0,0.5562,0.4878,0.5328,4.0,3.0
2025-05-14,LAD,ATH,-291.0,235.0,0.7442,0.2985,0.7137,9.0,3.0
2025-05-14,NYM,PIT,-278.8,226.7,0.736,0.3061,0.7063,0.0,4.0
2025-05-14,PHI,STL,-187.0,155.8,0.6516,0.3909,0.625,2.0,1.0
2025-05-14,SDP,LAA,-187.2,155.5,0.6518,0.3914,0.6248,5.0,1.0
2025-05-14,SEA,NYY,-70.7,-115.0,0.4141,0.5349,0.4363,2.0,3.0
2025-05-14,SFG,ARI,-53.0,-147.7,0.3464,0.5962,0.3675,7.0,8.0
2025-05-14,TEX,COL,-238.7,196.0,0.7047,0.3378,0.676,8.0,3.0
2025-05-14,TOR,TBR,-156.3,131.8,0.6099,0.4313,0.5857,3.0,1.0
2025-05-15,ATL,WSN,-207.0,172.5,0.6743,0.367,0.6476,5.0,2.0
2025-05-15,BAL,MIN,-130.8,111.0,0.5668,0.4739,0.5446,0.0,4.0
2025-05-15,CIN,CHW,-240.0,197.2,0.7059,0.3365,0.6772,7.0,1.0
2025-05-15,LAD,ATH,-243.8,199.3,0.7092,0.3341,0.6798,19.0,2.0
2025-05-15,TEX,HOU,-129.2,76.5,0.5636,0.5666,0.4987,1.0,0.0
2025-05-15,TOR,TBR,-174.8,144.3,0.6361,0.4093,0.6085,3.0,8.0
2025-05-16,ARI,COL,-396.7,311.7,0.7987,0.2429,0.7668,8.0,0.0
2025-05-16,BAL,WSN,-120.7,68.7,0.5468,0.5929,0.4798,3.0,4.0
2025-05-16,BOS,ATL,-56.3,-143.5,0.3603,0.5893,0.3794,2.0,4.0
2025-05-16,CHC,CHW,-226.8,187.5,0.694,0.3478,0.6661,13.0,3.0
2025-05-16,CIN,CLE,66.0,-117.3,0.6024,0.5399,0.5274,5.0,4.0
2025-05-16,KCR,STL,-158.5,132.0,0.6132,0.431,0.5872,3.0,10.0
2025-05-16,LAD,LAA,-315.0,255.0,0.759,0.2817,0.7293,2.0,6.0
2025-05-16,MIA,TBR,70.8,-125.7,0.5854,0.5569,0.5125,9.0,4.0
2025-05-16,MIL,MIN,34.7,-121.7,0.7426,0.5489,0.575,0.0,3.0
2025-05-16,NYY,NYM,-144.8,122.7,0.5916,0.4491,0.5684,6.0,2.0
2025-05-16,PHI,PIT,-242.5,196.5,0.708,0.3373,0.6773,8.0,4.0
2025-05-16,SDP,SEA,-170.7,141.2,0.6305,0.4147,0.6033,1.0,5.0
2025-05-16,SFG,ATH,-194.7,162.2,0.6606,0.3814,0.634,9.0,1.0
2025-05-16,TEX,HOU,-192.8,161.2,0.6585,0.3829,0.6323,3.0,6.0
2025-05-16,TOR,DET,1.3,-122.2,0.9868,0.5499,0.6422,4.0,5.0
2025-05-17,ARI,COL,-380.0,300.0,0.7917,0.25,0.76,12.0,14.0
2025-05-17,BAL,WSN,-151.0,127.3,0.6016,0.4399,0.5776,6.0,10.0
2025-05-17,BOS,ATL,-120.0,34.0,0.5455,0.7463,0.4223,7.0,6.0
2025-05-17,CHC,CHW,-308.7,249.2,0.7553,0.2864,0.7251,7.0,3.0
2025-05-17,CIN,CLE,-34.8,-117.5,0.2583,0.5402,0.3235,4.0,1.0
2025-05-17,KCR,STL,-118.2,-34.0,0.5416,0.2537,0.681,0.0,1.0
2025-05-17,LAD,LAA,-233.7,192.5,0.7003,0.3419,0.672,9.0,11.0
2025-05-17,MIA,TBR,138.0,-175.3,0.4202,0.6368,0.3975,0.0,4.0
2025-05-17,MIL,MIN,105.8,-125.2,0.4858,0.5559,0.4664,0.0,7.0
2025-05-17,NYY,NYM,-134.2,112.8,0.573,0.4699,0.5494,2.0,3.0
2025-05-17,PHI,PIT,-325.8,262.0,0.7652,0.2762,0.7347,5.0,2.0
2025-05-17,SDP,SEA,-187.5,155.8,0.6522,0.3909,0.6253,1.0,4.0
2025-05-17,SFG,ATH,-159.3,134.2,0.6144,0.427,0.5899,1.0,0.0
2025-05-17,TEX,HOU,-122.5,36.2,0.5506,0.7344,0.4285,5.0,1.0
2025-05-17,TOR,DET,114.5,-134.8,0.4662,0.5742,0.4481,2.0,1.0
2025-05-18,ARI,COL,-304.7,246.7,0.7529,0.2885,0.723,1.0,0.0
2025-05-18,BAL,WSN,-65.0,-79.3,0.3939,0.4424,0.471,4.0,10.0
2025-05-18,BOS,ATL,106.7,-126.2,0.4839,0.5578,0.4645,4.0,10.0
2025-05-18,CHC,CHW,-274.5,219.5,0.733,0.313,0.7008,6.0,2.0
2025-05-18,CIN,CLE,-133.7,113.8,0.572,0.4677,0.5502,3.0,1.0
2025-05-18,KCR,STL,-108.3,-111.8,0.52,0.5279,0.4962,2.0,1.0
2025-05-18,LAD,LAA,-235.5,193.2,0.7019,0.3411,0.673,4.0,6.0
2025-05-18,MIA,TBR,133.0,-157.8,0.4292,0.6122,0.4121,5.0,1.0
2025-05-18,MIL,MIN,-148.3,124.5,0.5973,0.4454,0.5728,5.0,2.0
2025-05-18,NYY,NYM,-165.7,139.5,0.6236,0.4175,0.599,8.0,2.0
2025-05-18,PHI,PIT,-109.5,-109.8,0.5227,0.5234,0.4996,1.0,0.0
2025-05-18,SDP,SEA,-146.7,121.8,0.5946,0.4508,0.5688,1.0,6.0
2025-05-18,SFG,ATH,-147.0,124.2,0.5951,0.4461,0.5716,3.0,2.0
2025-05-18,TEX,HOU,-33.5,-119.0,0.2509,0.5434,0.3159,3.0,4.0
2025-05-18,TOR,DET,-123.5,71.2,0.5526,0.5842,0.4861,2.0,3.0
2025-05-19,BOS,NYM,109.8,-129.3,0.4766,0.564,0.458,3.0,1.0
2025-05-19,CHW,SEA,164.0,-199.7,0.3788,0.6663,0.3624,1.0,5.0
2025-05-19,COL,PHI,204.5,-261.2,0.3284,0.7231,0.3123,3.0,9.0
2025-05-19,LAD,ARI,-153.0,128.7,0.6047,0.4373,0.5803,5.0,9.0
2025-05-19,MIA,CHC,140.8,-169.5,0.4152,0.6289,0.3977,8.0,7.0
2025-05-19,MIL,BAL,-118.7,-34.7,0.5427,0.2574,0.6783,5.0,4.0
2025-05-19,ATH,LAA,-137.2,114.8,0.5784,0.4655,0.5541,3.0,4.0
2025-05-19,PIT,CIN,-67.2,-118.3,0.4018,0.542,0.4257,1.0,7.0
2025-05-19,SFG,KCR,-131.8,77.3,0.5687,0.5639,0.5021,1.0,3.0
2025-05-19,STL,DET,-162.7,137.3,0.6193,0.4213,0.5951,11.0,4.0
2025-05-19,TBR,HOU,-141.2,119.2,0.5853,0.4563,0.562,3.0,4.0
2025-05-20,BOS,NYM,116.3,-138.7,0.4622,0.581,0.4431,2.0,0.0
2025-05-20,CHW,SEA,150.5,-180.2,0.3992,0.6431,0.383,1.0,0.0
2025-05-20,COL,PHI,229.2,-280.8,0.3038,0.7374,0.2918,4.0,7.0
2025-05-20,LAD,ARI,-231.3,190.2,0.6982,0.3446,0.6695,4.0,3.0
2025-05-20,MIA,CHC,124.0,-148.5,0.4464,0.5976,0.4276,1.0,14.0
2025-05-20,MIL,BAL,-123.7,103.2,0.5529,0.4922,0.529,5.0,2.0
2025-05-20,NYY,TEX,-207.3,172.0,0.6746,0.3676,0.6473,5.0,2.0
2025-05-20,ATH,LAA,-168.0,140.3,0.6269,0.4161,0.601,5.0,7.0
2025-05-20,PIT,CIN,118.8,-142.5,0.457,0.5876,0.4375,1.0,0.0
2025-05-20,SFG,KCR,-138.5,113.7,0.5807,0.468,0.5537,3.0,2.0
2025-05-20,STL,DET,150.5,-183.5,0.3992,0.6473,0.3815,4.0,5.0
2025-05-20,TBR,HOU,-174.3,100.7,0.6355,0.4983,0.5605,3.0,2.0
2025-05-20,TOR,SDP,-37.3,-114.8,0.2718,0.5345,0.3371,3.0,0.0
2025-05-20,WSN,ATL,143.2,-172.8,0.4112,0.6335,0.3936,5.0,3.0
2025-05-21,BOS,NYM,-149.0,125.3,0.5984,0.4438,0.5742,1.0,5.0
2025-05-21,CHW,SEA,126.8,-149.8,0.4409,0.5997,0.4237,5.0,6.0
2025-05-21,COL,PHI,165.7,-200.7,0.3764,0.6674,0.3606,5.0,9.0
2025-05-21,LAD,ARI,-150.8,125.7,0.6013,0.4431,0.5757,3.0,1.0
2025-05-21,MIA,CHC,124.0,-147.2,0.4464,0.5954,0.4285,1.0,2.0
2025-05-21,MIL,BAL,-114.2,-71.2,0.5331,0.4158,0.5618,4.0,8.0
2025-05-21,MIN,CLE,-791.3,396.0,0.8878,0.2016,0.8149,6.0,5.0
2025-05-21,NYY,TEX,-128.5,-30.0,0.5624,0.2308,0.709,4.0,3.0
2025-05-21,ATH,LAA,-155.5,131.0,0.6086,0.4329,0.5844,5.0,10.0
2025-05-21,PIT,CIN,31.8,-66.0,0.7585,0.3976,0.6561,3.0,1.0
2025-05-21,SFG,KCR,-220.8,177.8,0.6883,0.3599,0.6566,4.0,8.0
2025-05-21,STL,DET,-71.5,-119.3,0.4169,0.5441,0.4338,1.0,5.0
2025-05-21,TBR,HOU,134.3,-159.8,0.4267,0.6151,0.4096,8.0,4.0
2025-05-21,TOR,SDP,-163.8,137.0,0.621,0.4219,0.5954,14.0,0.0
2025-05-22,COL,PHI,225.8,-280.2,0.3069,0.737,0.294,0.0,2.0
2025-05-22,DET,CLE,-136.2,114.0,0.5766,0.4673,0.5523,0.0,7.0
2025-05-22,HOU,SEA,109.7,-130.5,0.4769,0.5662,0.4572,9.0,2.0
2025-05-22,NYY,TEX,-158.0,131.8,0.6124,0.4313,0.5867,1.0,0.0
2025-05-22,ATH,LAA,-139.7,118.2,0.5828,0.4584,0.5597,5.0,10.0
2025-05-22,PIT,MIL,-68.2,-117.3,0.4054,0.5399,0.4288,5.0,8.0
2025-05-22,TOR,SDP,-34.8,-117.0,0.2583,0.5392,0.3239,7.0,6.0
2025-05-22,WSN,ATL,131.2,-155.3,0.4326,0.6084,0.4156,8.0,7.0
2025-05-23,ATL,SDP,-175.0,146.0,0.6364,0.4065,0.6102,1.0,2.0
2025-05-23,BOS,BAL,-125.2,71.2,0.5559,0.5842,0.4876,19.0,5.0
2025-05-23,CHW,TEX,157.8,-189.8,0.3878,0.655,0.3719,4.0,1.0
2025-05-23,CIN,CHC,-37.0,-116.2,0.2701,0.5374,0.3345,6.0,13.0
2025-05-23,COL,NYY,248.3,-305.8,0.2871,0.7536,0.2759,3.0,2.0
2025-05-23,DET,CLE,-121.2,2.0,0.5479,0.9804,0.3585,1.0,3.0
2025-05-23,HOU,SEA,-122.2,2.7,0.5499,0.974,0.3608,3.0,5.0
2025-05-23,LAA,MIA,-156.3,130.5,0.6099,0.4338,0.5843,7.0,4.0
2025-05-23,MIN,KCR,-187.5,156.7,0.6522,0.3896,0.626,3.0,1.0
2025-05-23,NYM,LAD,-81.0,-4.0,0.4475,0.0385,0.9209,5.0,7.0
2025-05-23,ATH,PHI,176.5,-215.3,0.3617,0.6829,0.3462,3.0,4.0
2025-05-23,PIT,MIL,-127.3,108.0,0.5601,0.4808,0.5381,6.0,5.0
2025-05-23,STL,ARI,-33.7,-119.0,0.2519,0.5434,0.3167,4.0,3.0
2025-05-23,TBR,TOR,-144.0,121.8,0.5902,0.4508,0.5669,3.0,1.0
2025-05-23,WSN,SFG,-113.8,-104.2,0.5323,0.5102,0.5106,0.0,4.0
2025-05-24,ATL,SDP,-112.5,86.7,0.5294,0.5357,0.497,7.0,1.0
2025-05-24,BOS,BAL,-116.2,-72.3,0.5374,0.4197,0.5615,6.0,5.0
2025-05-24,CHW,TEX,138.5,-164.0,0.4193,0.6212,0.403,10.0,5.0
2025-05-24,CIN,CHC,-70.5,-114.8,0.4135,0.5345,0.4362,6.0,4.0
2025-05-24,COL,NYY,262.5,-326.7,0.2759,0.7656,0.2649,1.0,13.0
2025-05-24,DET,CLE,-146.5,122.0,0.5943,0.4505,0.5689,5.0,7.0
2025-05-24,HOU,SEA,-109.3,-75.7,0.5223,0.4307,0.548,2.0,1.0
2025-05-24,LAA,MIA,-202.2,168.7,0.6691,0.3722,0.6425,2.0,6.0
2025-05-24,MIN,KCR,-125.2,106.2,0.5559,0.485,0.534,5.0,4.0
2025-05-24,NYM,LAD,-119.7,-0.7,0.5448,0.0066,0.988,5.0,2.0
2025-05-24,ATH,PHI,142.5,-171.8,0.4124,0.6321,0.3948,6.0,9.0
2025-05-24,PIT,MIL,-109.2,-108.5,0.5219,0.5204,0.5007,2.0,1.0
2025-05-24,STL,ARI,-119.3,67.5,0.5441,0.597,0.4768,6.0,5.0
2025-05-24,TBR,TOR,-115.8,-69.5,0.5367,0.41,0.5669,3.0,1.0
2025-05-24,WSN,SFG,130.7,-154.3,0.4335,0.6068,0.4167,3.0,0.0
2025-05-25,ATL,SDP,-145.8,123.0,0.5932,0.4484,0.5695,3.0,5.0
2025-05-25,BOS,BAL,-128.3,75.3,0.562,0.5703,0.4963,1.0,5.0
2025-05-25,CHW,TEX,35.8,-122.0,0.7362,0.5495,0.5726,4.0,5.0
2025-05-25,CIN,CHC,76.0,-128.8,0.5682,0.563,0.5023,8.0,11.0
2025-05-25,COL,NYY,232.5,-284.3,0.3008,0.7398,0.289,4.0,5.0
2025-05-25,DET,CLE,-307.0,244.2,0.7543,0.2906,0.7219,5.0,0.0
2025-05-25,HOU,SEA,117.3,-141.0,0.4601,0.5851,0.4402,5.0,3.0
2025-05-25,LAA,MIA,-111.5,-106.7,0.5272,0.5161,0.5053,0.0,3.0
2025-05-25,MIN,KCR,-117.0,-34.7,0.5392,0.2574,0.6768,1.0,2.0
2025-05-25,NYM,LAD,-118.8,-67.2,0.543,0.4018,0.5747,3.0,1.0
2025-05-25,ATH,PHI,165.2,-197.3,0.3771,0.6637,0.3623,5.0,4.0
2025-05-25,PIT,MIL,128.2,-152.0,0.4383,0.6032,0.4208,5.0,6.0
2025-05-25,STL,ARI,-127.0,108.2,0.5595,0.4804,0.538,4.0,3.0
2025-05-25,TBR,TOR,-111.0,-107.5,0.5261,0.5181,0.5038,13.0,0.0
2025-05-25,WSN,SFG,126.0,-148.8,0.4425,0.5981,0.4252,2.0,3.0
2025-05-26,ARI,PIT,-193.0,159.3,0.6587,0.3856,0.6308,5.0,0.0
2025-05-26,BAL,STL,-33.2,-119.3,0.2491,0.5441,0.314,5.0,2.0
2025-05-26,CHC,COL,-360.3,275.8,0.7828,0.2661,0.7463,3.0,1.0
2025-05-26,CLE,LAD,153.2,-182.8,0.395,0.6464,0.3793,2.0,7.0
2025-05-26,DET,SFG,-112.3,-106.0,0.529,0.5146,0.5069,3.0,1.0
2025-05-26,KCR,CIN,-117.5,-68.2,0.5402,0.4054,0.5713,4.0,7.0
2025-05-26,LAA,NYY,153.2,-187.5,0.395,0.6522,0.3772,1.0,5.0
2025-05-26,MIL,BOS,44.2,-90.0,0.6936,0.4737,0.5942,3.0,2.0
2025-05-26,NYM,CHW,-293.7,234.2,0.746,0.2993,0.7137,2.0,1.0
2025-05-26,SDP,MIA,-151.7,126.7,0.6026,0.4412,0.5773,4.0,3.0
2025-05-26,TBR,MIN,-118.2,-34.2,0.5416,0.2547,0.6802,7.0,2.0
2025-05-26,TEX,TOR,-140.3,117.2,0.5839,0.4605,0.5591,1.0,2.0
2025-05-27,ARI,PIT,-262.7,211.7,0.7243,0.3209,0.693,6.0,9.0
2025-05-27,BAL,STL,69.2,-121.2,0.5911,0.5479,0.519,4.0,7.0
2025-05-27,CHC,COL,-337.5,261.7,0.7714,0.2765,0.7361,4.0,3.0
2025-05-27,CLE,LAD,112.5,-132.7,0.4706,0.5702,0.4521,5.0,9.0
2025-05-27,DET,SFG,-102.0,-116.7,0.505,0.5385,0.4839,3.0,1.0
2025-05-27,HOU,ATH,-235.8,193.2,0.7022,0.3411,0.6731,11.0,1.0
2025-05-27,KCR,CIN,-120.3,67.5,0.5461,0.597,0.4777,2.0,7.0
2025-05-27,LAA,NYY,174.0,-210.2,0.365,0.6776,0.3501,2.0,3.0
2025-05-27,MIL,BOS,-114.3,-71.5,0.5334,0.4169,0.5613,5.0,1.0
2025-05-27,NYM,CHW,-280.5,227.8,0.7372,0.305,0.7073,6.0,4.0
2025-05-27,PHI,ATL,-178.5,-2.0,0.6409,0.0196,0.9703,2.0,0.0
2025-05-27,SDP,MIA,-167.3,140.3,0.6259,0.4161,0.6007,8.0,6.0
2025-05-27,SEA,WSN,-164.7,137.2,0.6222,0.4216,0.5961,9.0,1.0
2025-05-27,TBR,MIN,70.3,-124.0,0.5871,0.5536,0.5147,2.0,4.0
2025-05-27,TEX,TOR,-146.0,86.5,0.5935,0.5362,0.5254,2.0,0.0
2025-05-28,ARI,PIT,-133.2,112.3,0.5711,0.471,0.5481,1.0,10.0
2025-05-28,BAL,STL,-118.5,-0.7,0.5423,0.0066,0.9879,4.0,6.0
2025-05-28,CHC,COL,-361.2,282.8,0.7832,0.2612,0.7499,2.0,1.0
2025-05-28,CLE,LAD,139.5,-170.5,0.4175,0.6303,0.3985,7.0,4.0
2025-05-28,DET,SFG,-114.0,-70.8,0.5327,0.4146,0.5623,4.0,3.0
2025-05-28,HOU,ATH,-138.2,115.7,0.5801,0.4637,0.5558,5.0,3.0
2025-05-28,KCR,CIN,33.7,-118.7,0.7481,0.5427,0.5796,3.0,2.0
2025-05-28,LAA,NYY,138.2,-165.5,0.4199,0.6234,0.4025,0.0,1.0
2025-05-28,MIL,BOS,-152.3,126.8,0.6037,0.4409,0.578,6.0,5.0
2025-05-28,NYM,CHW,-251.3,202.5,0.7154,0.3306,0.6839,4.0,9.0
2025-05-28,SDP,MIA,-163.5,135.5,0.6205,0.4246,0.5937,8.0,10.0
2025-05-28,SEA,WSN,-223.0,181.8,0.6904,0.3548,0.6605,0.0,9.0
2025-05-28,TBR,MIN,-126.7,72.7,0.5588,0.5792,0.4911,5.0,0.0
2025-05-28,TEX,TOR,-143.3,121.2,0.589,0.4521,0.5657,0.0,2.0
2025-05-29,HOU,TBR,-116.2,-69.5,0.5374,0.41,0.5672,3.0,13.0
2025-05-29,PHI,ATL,-160.8,135.5,0.6166,0.4246,0.5922,5.0,4.0
2025-05-29,SEA,WSN,-116.7,-35.5,0.5385,0.262,0.6727,3.0,9.0
2025-05-29,TOR,ATH,-159.0,134.5,0.6139,0.4264,0.5901,12.0,0.0
2025-05-30,ARI,WSN,-228.3,189.5,0.6954,0.3454,0.6681,7.0,9.0
2025-05-30,ATL,BOS,-167.8,139.0,0.6266,0.4184,0.5996,1.0,5.0
2025-05-30,BAL,CHW,-222.5,181.7,0.6899,0.355,0.6602,2.0,1.0
2025-05-30,CHC,CIN,-167.2,138.3,0.6257,0.4196,0.5986,2.0,6.0
2025-05-30,CLE,LAA,-141.5,120.0,0.5859,0.4545,0.5631,1.0,4.0
2025-05-30,HOU,TBR,-152.0,128.5,0.6032,0.4376,0.5795,2.0,1.0
2025-05-30,KCR,DET,-0.8,-119.0,0.0083,0.5434,0.015,5.0,7.0
2025-05-30,LAD,NYY,79.2,-132.7,0.5581,0.5702,0.4947,8.0,5.0
2025-05-30,MIA,SFG,143.7,-170.2,0.4104,0.6299,0.3945,0.0,2.0
2025-05-30,NYM,COL,-320.0,259.5,0.7619,0.2782,0.7326,4.0,2.0
2025-05-30,PHI,MIL,-125.0,38.7,0.5556,0.7212,0.4351,2.0,6.0
2025-05-30,SDP,PIT,-194.7,162.2,0.6606,0.3814,0.634,3.0,2.0
2025-05-30,SEA,MIN,-154.7,128.7,0.6073,0.4373,0.5814,6.0,12.0
2025-05-30,TEX,STL,107.5,-126.5,0.4819,0.5585,0.4632,11.0,1.0
2025-05-30,TOR,ATH,-181.5,151.5,0.6448,0.3976,0.6185,11.0,7.0
2025-05-31,ARI,WSN,-193.5,158.2,0.6593,0.3873,0.6299,7.0,11.0
2025-05-31,ATL,BOS,-188.2,157.8,0.653,0.3878,0.6274,5.0,0.0
2025-05-31,BAL,CHW,-172.2,144.7,0.6326,0.4087,0.6075,4.0,2.0
2025-05-31,CHC,CIN,-176.0,144.5,0.6377,0.409,0.6092,2.0,0.0
2025-05-31,CLE,LAA,-173.3,143.8,0.6341,0.4101,0.6073,7.0,5.0
2025-05-31,HOU,TBR,-131.3,110.5,0.5677,0.4751,0.5444,3.0,16.0
2025-05-31,KCR,DET,157.0,-189.3,0.3891,0.6544,0.3729,1.0,0.0
2025-05-31,LAD,NYY,64.7,-83.5,0.6073,0.455,0.5717,18.0,2.0
2025-05-31,MIA,SFG,126.7,-150.2,0.4412,0.6003,0.4236,1.0,0.0
2025-05-31,NYM,COL,-383.3,300.0,0.7931,0.25,0.7603,8.0,2.0
2025-05-31,PHI,MIL,-185.5,154.3,0.6497,0.3932,0.623,7.0,17.0
2025-05-31,SDP,PIT,-230.3,190.0,0.6973,0.3448,0.6691,0.0,5.0
2025-05-31,SEA,MIN,-109.5,-110.2,0.5227,0.5242,0.4993,5.0,4.0
2025-05-31,TEX,STL,126.7,-150.0,0.4412,0.6,0.4237,0.0,2.0
2025-05-31,TOR,ATH,-150.2,126.2,0.6003,0.4422,0.5758,8.0,7.0
2025-06-01,ARI,WSN,-237.5,195.8,0.7037,0.338,0.6755,3.0,1.0
2025-06-01,ATL,BOS,70.0,-122.3,0.5882,0.5502,0.5167,1.0,3.0
2025-06-01,BAL,CHW,-248.7,175.3,0.7132,0.3632,0.6626,3.0,2.0
2025-06-01,CHC,CIN,-164.0,136.2,0.6212,0.4234,0.5947,7.0,3.0
2025-06-01,CLE,LAA,-204.0,169.5,0.6711,0.3711,0.6439,4.0,2.0
2025-06-01,HOU,TBR,-172.2,144.7,0.6326,0.4087,0.6075,1.0,0.0
2025-06-01,KCR,DET,-165.3,137.5,0.6231,0.4211,0.5968,0.0,1.0
2025-06-01,LAD,NYY,-177.0,147.7,0.639,0.4038,0.6128,3.0,7.0
2025-06-01,MIA,SFG,-70.3,-115.8,0.4129,0.5367,0.4348,2.0,4.0
2025-06-01,NYM,COL,-427.0,331.7,0.8102,0.2317,0.7777,5.0,3.0
2025-06-01,PHI,MIL,-168.5,141.0,0.6276,0.4149,0.602,2.0,5.0
2025-06-01,SDP,PIT,-149.0,125.5,0.5984,0.4435,0.5744,6.0,4.0
2025-06-01,SEA,MIN,-134.3,113.3,0.5733,0.4688,0.5501,2.0,1.0
2025-06-01,TEX,STL,-166.8,138.2,0.6252,0.4199,0.5982,8.0,1.0
2025-06-01,TOR,ATH,-243.5,202.0,0.7089,0.3311,0.6816,8.0,4.0
2025-06-02,BOS,LAA,51.8,-1563.0,0.6586,0.9399,0.412,6.0,7.0
2025-06-02,CHW,DET,195.5,-238.0,0.3384,0.7041,0.3246,1.0,13.0
2025-06-02,CIN,MIL,-114.7,-71.2,0.5342,0.4158,0.5623,2.0,3.0
2025-06-02,LAD,NYM,-151.2,134.3,0.6019,0.4267,0.5851,3.0,4.0
2025-06-02,MIA,COL,-205.3,170.8,0.6725,0.3692,0.6456,4.0,6.0
2025-06-02,ATH,MIN,138.0,-164.0,0.4202,0.6212,0.4035,4.0,10.0
2025-06-02,SFG,SDP,-175.0,146.0,0.6364,0.4065,0.6102,0.0,1.0
2025-06-03,ATL,ARI,-162.7,135.5,0.6193,0.4246,0.5932,3.0,8.0
2025-06-03,BOS,LAA,-143.2,121.2,0.5888,0.4521,0.5656,3.0,4.0
2025-06-03,CHW,DET,131.8,-159.5,0.4313,0.6146,0.4124,8.0,1.0
2025-06-03,CIN,MIL,-128.2,75.2,0.5617,0.5709,0.496,4.0,2.0
2025-06-03,LAD,NYM,-148.5,123.3,0.5976,0.4478,0.5717,6.0,5.0
2025-06-03,MIA,COL,-179.5,148.2,0.6422,0.403,0.6145,2.0,3.0
2025-06-03,NYY,CLE,-200.5,167.5,0.6672,0.3738,0.6409,3.0,2.0
2025-06-03,ATH,MIN,173.2,-208.5,0.3661,0.6759,0.3513,3.0,10.0
2025-06-03,PIT,HOU,-158.7,133.8,0.6134,0.4277,0.5892,0.0,3.0
2025-06-03,SEA,BAL,-152.8,127.3,0.6045,0.4399,0.5788,1.0,5.0
2025-06-03,SFG,SDP,-157.3,132.5,0.6114,0.4301,0.587,2.0,3.0
2025-06-03,STL,KCR,-152.0,127.7,0.6032,0.4392,0.5786,7.0,10.0
2025-06-03,TBR,TEX,-147.0,122.0,0.5951,0.4505,0.5692,5.0,1.0
2025-06-03,TOR,PHI,118.5,-139.5,0.4577,0.5825,0.44,3.0,8.0
2025-06-03,WSN,CHC,119.0,-142.5,0.4566,0.5876,0.4373,3.0,8.0
2025-06-04,ATL,ARI,-175.7,146.8,0.6372,0.4051,0.6113,0.0,2.0
2025-06-04,BOS,LAA,-133.0,111.8,0.5708,0.4721,0.5473,11.0,9.0
2025-06-04,CHW,DET,166.7,-204.2,0.375,0.6712,0.3584,4.0,5.0
2025-06-04,CIN,MIL,1.8,-187.5,0.982,0.6522,0.6009,1.0,9.0
2025-06-04,LAD,NYM,-146.3,123.5,0.594,0.4474,0.5704,1.0,6.0
2025-06-04,MIA,COL,-152.0,127.8,0.6032,0.4389,0.5788,2.0,3.0
2025-06-04,NYY,CLE,-192.2,157.0,0.6577,0.3891,0.6283,0.0,4.0
2025-06-04,ATH,MIN,135.8,-163.3,0.424,0.6203,0.406,1.0,6.0
2025-06-04,PIT,HOU,110.7,-130.3,0.4747,0.5658,0.4562,3.0,0.0
2025-06-04,SEA,BAL,-116.5,-35.5,0.5381,0.262,0.6725,2.0,3.0
2025-06-04,SFG,SDP,-106.3,-111.7,0.5153,0.5276,0.4941,6.0,5.0
2025-06-04,TBR,TEX,-130.3,110.8,0.5658,0.4743,0.544,5.0,4.0
2025-06-04,TOR,PHI,-123.5,-34.3,0.5526,0.2556,0.6837,2.0,1.0
2025-06-04,WSN,CHC,118.3,-139.0,0.458,0.5816,0.4406,2.0,0.0
2025-06-05,ATL,ARI,-151.7,127.8,0.6026,0.4389,0.5786,10.0,11.0
2025-06-05,CHW,DET,162.2,-198.3,0.3814,0.6648,0.3646,3.0,2.0
2025-06-05,LAD,NYM,-130.8,111.0,0.5668,0.4739,0.5446,6.0,5.0
2025-06-05,NYY,CLE,-269.7,220.8,0.7295,0.3117,0.7006,4.0,0.0
2025-06-05,ATH,MIN,158.0,-188.7,0.3876,0.6536,0.3723,14.0,3.0
2025-06-05,PIT,HOU,124.0,-146.5,0.4464,0.5943,0.4289,2.0,8.0
2025-06-05,SEA,BAL,-158.0,132.7,0.6124,0.4298,0.5876,3.0,4.0
2025-06-05,SFG,SDP,-116.2,-69.3,0.5374,0.4094,0.5676,3.0,2.0
2025-06-05,STL,KCR,-129.0,109.2,0.5633,0.4781,0.5409,6.0,5.0
2025-06-05,TBR,TEX,-143.3,121.7,0.589,0.4511,0.5663,4.0,3.0
2025-06-05,TOR,PHI,-0.3,-119.2,0.0033,0.5437,0.0061,9.0,1.0
2025-06-05,WSN,CHC,124.7,-148.2,0.4451,0.597,0.4271,1.0,7.0
2025-06-06,CHW,KCR,123.2,-147.8,0.4481,0.5965,0.429,7.0,2.0
2025-06-06,CLE,HOU,31.3,-121.7,0.7614,0.5489,0.5811,2.0,4.0
2025-06-06,COL,NYM,232.7,-291.8,0.3006,0.7448,0.2875,2.0,4.0
2025-06-06,DET,CHC,-207.0,166.7,0.6743,0.375,0.6426,3.0,1.0
2025-06-06,LAA,SEA,111.2,-132.2,0.4736,0.5693,0.4541,5.0,4.0
2025-06-06,MIL,SDP,-146.8,123.5,0.5949,0.4474,0.5707,0.0,2.0
2025-06-06,MIN,TOR,-135.0,113.0,0.5745,0.4695,0.5503,4.0,6.0
2025-06-06,NYY,BOS,-192.3,156.5,0.6579,0.3899,0.6279,9.0,6.0
2025-06-06,ATH,BAL,68.0,-120.8,0.5952,0.5472,0.521,5.0,4.0
2025-06-06,PIT,PHI,110.8,-133.0,0.4743,0.5708,0.4538,5.0,4.0
2025-06-06,SFG,ATL,80.7,-137.3,0.5535,0.5787,0.4889,5.0,4.0
2025-06-06,STL,LAD,-115.3,-37.7,0.5356,0.2736,0.6619,5.0,0.0
2025-06-06,TBR,MIA,-152.2,128.8,0.6034,0.437,0.58,4.0,3.0
2025-06-06,WSN,TEX,-67.3,-121.0,0.4024,0.5475,0.4236,2.0,0.0
2025-06-07,CHW,KCR,120.0,-146.0,0.4545,0.5935,0.4337,4.0,1.0
2025-06-07,CIN,ARI,-260.0,94.5,0.7222,0.5141,0.5842,4.0,3.0
2025-06-07,CLE,HOU,-68.2,-118.5,0.4054,0.5423,0.4277,3.0,5.0
2025-06-07,COL,NYM,235.0,-297.5,0.2985,0.7484,0.2851,1.0,8.0
2025-06-07,DET,CHC,-2.8,-117.5,0.0276,0.5402,0.0485,1.0,6.0
2025-06-07,LAA,SEA,136.3,-164.8,0.4231,0.6224,0.4047,8.0,6.0
2025-06-07,MIL,SDP,-140.0,116.5,0.5833,0.4619,0.5581,4.0,3.0
2025-06-07,MIN,TOR,-81.2,-72.7,0.448,0.4208,0.5156,4.0,5.0
2025-06-07,NYY,BOS,-112.5,-107.2,0.5294,0.5173,0.5058,7.0,10.0
2025-06-07,ATH,BAL,70.0,-124.2,0.5882,0.5539,0.515,4.0,7.0
2025-06-07,PIT,PHI,125.3,-149.3,0.4438,0.5989,0.4256,2.0,1.0
2025-06-07,SFG,ATL,-152.8,127.2,0.6045,0.4402,0.5786,3.0,2.0
2025-06-07,STL,LAD,162.0,-197.0,0.3817,0.6633,0.3653,2.0,1.0
2025-06-07,TBR,MIA,-161.8,133.3,0.6181,0.4286,0.5905,10.0,11.0
2025-06-07,WSN,TEX,142.8,-170.8,0.4118,0.6308,0.395,0.0,5.0
2025-06-08,CHW,KCR,109.8,-132.0,0.4766,0.569,0.4558,5.0,7.0
2025-06-08,CIN,ARI,36.2,-123.5,0.7344,0.5526,0.5706,4.0,2.0
2025-06-08,CLE,HOU,-144.2,120.5,0.5904,0.4535,0.5656,4.0,2.0
2025-06-08,COL,NYM,224.2,-279.3,0.3085,0.7364,0.2952,5.0,13.0
2025-06-08,DET,CHC,-123.7,36.3,0.5529,0.7335,0.4298,4.0,0.0
2025-06-08,LAA,SEA,111.5,-133.0,0.4728,0.5708,0.453,2.0,3.0
2025-06-08,MIL,SDP,-165.8,103.7,0.6238,0.491,0.5596,0.0,1.0
2025-06-08,MIN,TOR,-187.3,153.8,0.652,0.394,0.6233,6.0,3.0
2025-06-08,NYY,BOS,-240.8,195.7,0.7066,0.3382,0.6763,7.0,11.0
2025-06-08,ATH,BAL,105.8,-126.3,0.4858,0.5582,0.4654,5.0,1.0
2025-06-08,PIT,PHI,-118.8,-68.5,0.543,0.4065,0.5719,2.0,1.0
2025-06-08,SFG,ATL,107.7,-128.3,0.4815,0.562,0.4614,4.0,3.0
2025-06-08,STL,LAD,117.3,-139.7,0.4601,0.5828,0.4412,3.0,7.0
2025-06-08,TBR,MIA,-238.3,192.5,0.7044,0.3419,0.6733,3.0,2.0
2025-06-08,WSN,TEX,73.8,-126.8,0.5753,0.5591,0.5071,2.0,4.0
2025-06-09,ARI,SEA,-168.7,139.8,0.6278,0.417,0.6009,8.0,4.0
2025-06-09,BOS,TBR,6.8,-327.2,0.936,0.7659,0.55,8.0,10.0
2025-06-09,CLE,CIN,-162.7,135.7,0.6193,0.4243,0.5934,4.0,7.0
2025-06-09,LAA,ATH,-144.5,119.5,0.591,0.4556,0.5647,7.0,4.0
2025-06-09,MIL,ATL,148.3,-182.7,0.4027,0.6462,0.3839,1.0,7.0
2025-06-09,PHI,CHC,-135.0,112.3,0.5745,0.471,0.5495,4.0,3.0
2025-06-09,PIT,MIA,-118.0,0.7,0.5413,0.9934,0.3527,10.0,3.0
2025-06-09,SDP,LAD,105.5,-126.2,0.4866,0.5578,0.4659,6.0,8.0
2025-06-09,STL,TOR,-119.8,1.0,0.5451,0.9901,0.3551,4.0,5.0
2025-06-10,ARI,SEA,-135.3,79.2,0.5751,0.5581,0.5075,10.0,3.0
2025-06-10,BAL,DET,-130.2,108.2,0.5655,0.4804,0.5407,3.0,5.0
2025-06-10,BOS,TBR,-77.0,-108.7,0.435,0.5208,0.4551,3.0,1.0
2025-06-10,CLE,CIN,-114.2,-72.3,0.5331,0.4197,0.5595,0.0,1.0
2025-06-10,COL,SFG,174.5,-216.5,0.3643,0.684,0.3475,5.0,6.0
2025-06-10,HOU,CHW,-181.2,148.2,0.6443,0.403,0.6152,2.0,4.0
2025-06-10,KCR,NYY,166.5,-201.5,0.3752,0.6683,0.3596,2.0,10.0
2025-06-10,LAA,ATH,-165.8,138.2,0.6238,0.4199,0.5977,2.0,1.0
2025-06-10,MIL,ATL,112.5,-133.8,0.4706,0.5723,0.4512,4.0,1.0
2025-06-10,MIN,TEX,-126.0,104.7,0.5575,0.4886,0.5329,4.0,16.0
2025-06-10,NYM,WSN,-153.8,127.7,0.606,0.4392,0.5798,5.0,4.0
2025-06-10,PHI,CHC,-109.5,-110.2,0.5227,0.5242,0.4993,4.0,8.0
2025-06-10,PIT,MIA,-145.5,121.3,0.5927,0.4518,0.5674,2.0,3.0
2025-06-10,SDP,LAD,-112.8,-106.3,0.5301,0.5153,0.5071,11.0,1.0
2025-06-10,STL,TOR,-85.2,64.5,0.4599,0.6079,0.4307,9.0,10.0
2025-06-11,ARI,SEA,-115.0,-105.2,0.5349,0.5126,0.5106,5.0,2.0
2025-06-11,BAL,DET,-131.5,77.7,0.568,0.5629,0.5023,10.0,1.0
2025-06-11,BOS,TBR,-122.3,69.8,0.5502,0.5888,0.4831,4.0,3.0
2025-06-11,CLE,CIN,32.7,-118.5,0.7538,0.5423,0.5816,11.0,2.0
2025-06-11,COL,SFG,168.0,-205.2,0.3731,0.6723,0.3569,7.0,10.0
2025-06-11,HOU,CHW,-181.7,149.0,0.645,0.4016,0.6163,10.0,2.0
2025-06-11,KCR,NYY,72.7,-128.2,0.5792,0.5617,0.5076,3.0,6.0
2025-06-11,LAA,ATH,-149.2,125.0,0.5987,0.4444,0.5739,6.0,5.0
2025-06-11,MIL,ATL,147.2,-180.2,0.4046,0.6431,0.3862,2.0,6.0
2025-06-11,MIN,TEX,-150.5,125.8,0.6008,0.4428,0.5757,6.0,2.0
2025-06-11,NYM,WSN,-277.3,223.0,0.735,0.3096,0.7036,5.0,0.0
2025-06-11,PHI,CHC,-114.0,-105.3,0.5327,0.513,0.5094,7.0,2.0
2025-06-11,PIT,MIA,-157.5,132.7,0.6117,0.4298,0.5873,5.0,2.0
2025-06-11,SDP,LAD,128.2,-153.0,0.4383,0.6047,0.4202,2.0,5.0
2025-06-11,STL,TOR,-145.7,120.3,0.5929,0.4539,0.5664,2.0,5.0
2025-06-12,BAL,DET,163.7,-197.3,0.3793,0.6637,0.3637,1.0,4.0
2025-06-12,CHC,PIT,-204.0,166.5,0.6711,0.3752,0.6414,3.0,2.0
2025-06-12,COL,SFG,169.3,-208.7,0.3713,0.676,0.3545,8.0,7.0
2025-06-12,HOU,CHW,-786.7,327.8,0.8872,0.2337,0.7915,4.0,3.0
2025-06-12,KCR,NYY,110.8,-132.0,0.4743,0.569,0.4546,0.0,1.0
2025-06-12,MIL,STL,110.7,-133.3,0.4747,0.5714,0.4538,6.0,0.0
2025-06-12,MIN,TEX,-160.5,132.5,0.6161,0.4301,0.5889,3.0,16.0
2025-06-12,NYM,WSN,-224.0,181.7,0.6914,0.355,0.6607,4.0,3.0
2025-06-13,ARI,SDP,-137.5,114.8,0.5789,0.4655,0.5543,5.0,1.0
2025-06-13,ATL,COL,-367.2,288.7,0.7859,0.2573,0.7534,12.0,4.0
2025-06-13,BAL,LAA,-187.5,153.5,0.6522,0.3945,0.6231,2.0,0.0
2025-06-13,BOS,NYY,-141.7,118.7,0.5862,0.4573,0.5618,2.0,1.0
2025-06-13,CHC,PIT,-117.2,-70.7,0.5395,0.4141,0.5658,1.0,2.0
2025-06-13,DET,CIN,-132.5,77.3,0.5699,0.5639,0.5026,11.0,5.0
2025-06-13,HOU,MIN,-106.0,-114.8,0.5146,0.5345,0.4905,10.0,3.0
2025-06-13,KCR,ATH,-165.0,137.7,0.6226,0.4208,0.5967,4.0,6.0
2025-06-13,LAD,SFG,-192.2,160.2,0.6577,0.3844,0.6312,2.0,6.0
2025-06-13,MIL,STL,-159.8,132.3,0.6151,0.4304,0.5883,3.0,2.0
2025-06-13,NYM,TBR,-174.3,140.8,0.6355,0.4152,0.6048,5.0,7.0
2025-06-13,PHI,TOR,-115.8,-71.3,0.5367,0.4163,0.5631,8.0,0.0
2025-06-13,SEA,CLE,-117.5,-69.8,0.5402,0.4112,0.5678,7.0,2.0
2025-06-13,TEX,CHW,-194.7,160.2,0.6606,0.3844,0.6322,3.0,1.0
2025-06-13,WSN,MIA,-112.3,-74.8,0.529,0.428,0.5528,9.0,11.0
2025-06-14,ARI,SDP,-163.2,136.8,0.62,0.4222,0.5949,8.0,7.0
2025-06-14,ATL,COL,-342.5,273.0,0.774,0.2681,0.7427,4.0,1.0
2025-06-14,BAL,LAA,-154.0,128.7,0.6063,0.4373,0.581,6.0,5.0
2025-06-14,BOS,NYY,-67.0,-50.8,0.4012,0.337,0.5435,4.0,3.0
2025-06-14,CHC,PIT,-236.2,192.3,0.7025,0.3421,0.6725,2.0,1.0
2025-06-14,DET,CIN,-188.8,156.8,0.6538,0.3894,0.6267,1.0,11.0
2025-06-14,HOU,MIN,-76.7,-110.7,0.434,0.5253,0.4524,3.0,2.0
2025-06-14,KCR,ATH,-158.7,132.0,0.6134,0.431,0.5873,0.0,4.0
2025-06-14,LAD,SFG,-179.8,148.5,0.6426,0.4024,0.6149,11.0,5.0
2025-06-14,MIL,STL,-88.0,66.8,0.4681,0.5994,0.4385,5.0,8.0
2025-06-14,NYM,TBR,-143.8,120.7,0.5899,0.4532,0.5655,4.0,8.0
2025-06-14,PHI,TOR,-194.0,152.5,0.6599,0.396,0.6249,3.0,2.0
2025-06-14,SEA,CLE,-139.3,116.7,0.5822,0.4615,0.5578,4.0,3.0
2025-06-14,TEX,CHW,-324.2,256.3,0.7642,0.2806,0.7314,5.0,4.0
2025-06-14,WSN,MIA,-127.3,71.3,0.5601,0.5837,0.4897,3.0,4.0
2025-06-15,ARI,SDP,-132.8,111.3,0.5705,0.4732,0.5466,2.0,8.0
2025-06-15,ATL,COL,-378.5,296.5,0.791,0.2522,0.7582,1.0,10.0
2025-06-15,BAL,LAA,-117.5,-36.5,0.5402,0.2674,0.6689,11.0,2.0
2025-06-15,BOS,NYY,156.8,-191.3,0.3894,0.6568,0.3722,2.0,0.0
2025-06-15,CHC,PIT,-151.5,126.0,0.6024,0.4425,0.5765,3.0,2.0
2025-06-15,DET,CIN,-135.3,101.0,0.5751,0.4975,0.5362,4.0,8.0
2025-06-15,HOU,MIN,-120.5,0.7,0.5465,0.9934,0.3549,2.0,1.0
2025-06-15,KCR,ATH,-151.0,125.2,0.6016,0.4441,0.5753,2.0,3.0
2025-06-15,LAD,SFG,-189.3,157.2,0.6544,0.3889,0.6273,5.0,4.0
2025-06-15,MIL,STL,-134.7,114.0,0.5739,0.4673,0.5512,3.0,2.0
2025-06-15,NYM,TBR,-157.5,131.7,0.6117,0.4317,0.5863,0.0,9.0
2025-06-15,PHI,TOR,-174.0,144.2,0.635,0.4096,0.6079,11.0,4.0
2025-06-15,SEA,CLE,-120.5,32.5,0.5465,0.7547,0.42,6.0,0.0
2025-06-15,TEX,CHW,-169.7,139.8,0.6292,0.417,0.6014,2.0,1.0
2025-06-15,WSN,MIA,-171.3,140.8,0.6314,0.4152,0.6033,1.0,3.0
2025-06-16,LAD,SDP,-171.3,140.5,0.6314,0.4158,0.603,6.0,3.0
2025-06-16,MIA,PHI,-69.3,-116.5,0.4094,0.5381,0.4321,2.0,5.0
2025-06-16,NYY,LAA,-130.0,81.5,0.5652,0.551,0.5064,0.0,1.0
2025-06-16,ATH,HOU,-66.0,-122.5,0.3976,0.5506,0.4193,3.0,1.0
2025-06-16,SEA,BOS,-175.8,146.5,0.6375,0.4057,0.6111,0.0,2.0
2025-06-16,TBR,BAL,-115.7,-71.3,0.5363,0.4163,0.563,7.0,1.0
2025-06-16,WSN,COL,-178.3,147.5,0.6407,0.404,0.6133,4.0,6.0
2025-06-17,ATL,NYM,-139.8,116.0,0.583,0.463,0.5574,5.0,4.0
2025-06-17,CHC,MIL,-157.0,130.0,0.6109,0.4348,0.5842,5.0,3.0
2025-06-17,CHW,STL,117.5,-139.7,0.4598,0.5828,0.441,2.0,12.0
2025-06-17,CIN,MIN,-127.2,73.5,0.5598,0.5764,0.4927,6.0,5.0
2025-06-17,DET,PIT,-203.2,165.3,0.6701,0.3769,0.64,7.0,3.0
2025-06-17,LAD,SDP,-232.0,183.5,0.6988,0.3527,0.6646,8.0,6.0
2025-06-17,MIA,PHI,153.8,-185.2,0.394,0.6493,0.3776,8.0,3.0
2025-06-17,NYY,LAA,-250.0,200.7,0.7143,0.3326,0.6823,0.0,4.0
2025-06-17,ATH,HOU,107.5,-129.2,0.4819,0.5636,0.4609,3.0,13.0
2025-06-17,SEA,BOS,-167.5,139.0,0.6262,0.4184,0.5994,8.0,0.0
2025-06-17,SFG,CLE,-153.0,127.2,0.6047,0.4402,0.5787,2.0,3.0
2025-06-17,TBR,BAL,-112.5,-73.3,0.5294,0.4231,0.5558,1.0,5.0
2025-06-17,TEX,KCR,-127.0,72.8,0.5595,0.5786,0.4916,1.0,6.0
2025-06-17,TOR,ARI,-128.5,107.5,0.5624,0.4819,0.5385,5.0,4.0
2025-06-17,WSN,COL,-205.2,168.3,0.6723,0.3727,0.6434,6.0,10.0
2025-06-18,ATL,NYM,-201.0,163.3,0.6678,0.3797,0.6375,5.0,0.0
2025-06-18,CIN,MIN,-125.8,37.0,0.5572,0.7299,0.4329,4.0,2.0
2025-06-18,LAD,SDP,-191.7,155.2,0.6571,0.3919,0.6264,4.0,3.0
2025-06-18,MIA,PHI,153.2,-186.2,0.395,0.6506,0.3778,2.0,4.0
2025-06-18,NYY,LAA,-254.3,206.5,0.7178,0.3263,0.6875,2.0,3.0
2025-06-18,ATH,HOU,149.3,-181.5,0.4011,0.6448,0.3835,4.0,11.0
2025-06-18,SEA,BOS,32.7,-119.2,0.7538,0.5437,0.5809,1.0,3.0
2025-06-18,SFG,CLE,-153.0,126.2,0.6047,0.4422,0.5777,2.0,4.0
2025-06-18,TBR,BAL,-122.0,34.0,0.5495,0.7463,0.4241,12.0,8.0
2025-06-18,TEX,KCR,122.8,-151.7,0.4488,0.6026,0.4268,3.0,6.0
2025-06-18,TOR,ARI,-109.8,-108.5,0.5234,0.5204,0.5015,8.0,1.0
2025-06-18,WSN,COL,-164.7,135.2,0.6222,0.4252,0.594,1.0,3.0
2025-06-19,ATL,NYM,-134.3,80.0,0.5733,0.5556,0.5078,7.0,1.0
2025-06-19,CHC,MIL,-127.2,105.8,0.5598,0.4858,0.5354,7.0,8.0
2025-06-19,CHW,STL,116.5,-138.8,0.4619,0.5813,0.4428,4.0,5.0
2025-06-19,CIN,MIN,-77.2,-108.5,0.4356,0.5204,0.4556,5.0,12.0
2025-06-19,DET,PIT,-351.8,273.5,0.7787,0.2677,0.7441,9.0,2.0
2025-06-19,LAD,SDP,-264.3,213.0,0.7255,0.3195,0.6943,3.0,5.0
2025-06-19,MIA,PHI,122.7,-146.7,0.4491,0.5946,0.4303,1.0,2.0
2025-06-19,NYY,LAA,-287.8,228.3,0.7422,0.3046,0.709,7.0,3.0
2025-06-19,ATH,HOU,122.8,-147.2,0.4488,0.5954,0.4298,6.0,4.0
2025-06-19,SFG,CLE,-182.3,151.0,0.6458,0.3984,0.6185,2.0,1.0
2025-06-19,TBR,BAL,-146.5,121.8,0.5943,0.4508,0.5687,1.0,4.0
2025-06-19,TEX,KCR,-124.2,69.0,0.5539,0.5917,0.4835,1.0,4.0
2025-06-19,TOR,ARI,-164.0,135.8,0.6212,0.424,0.5943,5.0,9.0
2025-06-19,WSN,COL,-172.2,140.2,0.6326,0.4164,0.6031,4.0,3.0
2025-06-20,CHC,SEA,-142.5,118.7,0.5876,0.4573,0.5624,4.0,9.0
2025-06-20,COL,ARI,140.2,-168.5,0.4164,0.6276,0.3989,8.0,14.0
2025-06-20,LAA,HOU,142.8,-174.0,0.4118,0.635,0.3934,2.0,3.0
2025-06-20,LAD,WSN,-192.0,157.8,0.6575,0.3878,0.629,6.0,5.0
2025-06-20,MIA,ATL,128.2,-155.2,0.4383,0.6081,0.4189,6.0,2.0
2025-06-20,MIN,MIL,-163.5,136.3,0.6205,0.4231,0.5946,6.0,17.0
2025-06-20,NYY,BAL,-313.7,245.5,0.7583,0.2894,0.7237,3.0,5.0
2025-06-20,ATH,CLE,106.5,-128.2,0.4843,0.5617,0.463,5.0,1.0
2025-06-20,PHI,NYM,-202.8,166.0,0.6698,0.3759,0.6405,10.0,2.0
2025-06-20,PIT,TEX,154.3,-187.8,0.3932,0.6526,0.376,2.0,6.0
2025-06-20,SDP,KCR,-170.3,142.3,0.6301,0.4127,0.6043,5.0,6.0
2025-06-20,SFG,BOS,-136.2,113.3,0.5766,0.4688,0.5516,5.0,7.0
2025-06-20,STL,CIN,-138.2,116.0,0.5801,0.463,0.5562,6.0,1.0
2025-06-20,TBR,DET,-109.7,-109.0,0.5231,0.5215,0.5007,14.0,8.0
2025-06-20,TOR,CHW,-199.0,165.2,0.6656,0.3771,0.6383,1.0,7.0
2025-06-21,CHC,SEA,-172.0,139.7,0.6324,0.4172,0.6025,10.0,7.0
2025-06-21,COL,ARI,171.7,-207.7,0.3681,0.675,0.3529,3.0,5.0
2025-06-21,LAA,HOU,-124.2,70.5,0.5539,0.5865,0.4857,9.0,1.0
2025-06-21,LAD,WSN,-278.8,225.2,0.736,0.3075,0.7053,3.0,7.0
2025-06-21,MIA,ATL,133.7,-159.2,0.428,0.6141,0.4107,0.0,7.0
2025-06-21,MIN,MIL,-134.0,112.2,0.5726,0.4713,0.5485,0.0,9.0
2025-06-21,NYY,BAL,-174.7,144.8,0.6359,0.4084,0.6089,9.0,0.0
2025-06-21,ATH,CLE,111.2,-132.8,0.4736,0.5705,0.4536,2.0,4.0
2025-06-21,PHI,NYM,33.0,-119.0,0.7519,0.5434,0.5805,4.0,11.0
2025-06-21,PIT,TEX,-110.5,-74.7,0.5249,0.4275,0.5512,2.0,3.0
2025-06-21,SDP,KCR,-160.0,133.2,0.6154,0.4289,0.5893,5.0,1.0
2025-06-21,SFG,BOS,-128.2,107.2,0.5617,0.4827,0.5378,3.0,2.0
2025-06-21,STL,CIN,-202.7,164.2,0.6696,0.3785,0.6388,6.0,5.0
2025-06-21,TBR,DET,-140.8,117.8,0.5848,0.4591,0.5602,8.0,3.0
2025-06-21,TOR,CHW,-213.3,172.3,0.6809,0.3672,0.6496,7.0,1.0
2025-06-22,CHC,SEA,68.5,-121.7,0.5935,0.5489,0.5195,6.0,14.0
2025-06-22,COL,ARI,150.5,-181.8,0.3992,0.6452,0.3822,4.0,2.0
2025-06-22,LAA,HOU,-71.0,-117.5,0.4152,0.5402,0.4346,7.0,8.0
2025-06-22,LAD,WSN,-259.5,207.3,0.7218,0.3254,0.6893,13.0,7.0
2025-06-22,MIA,ATL,129.7,-157.2,0.4354,0.6111,0.416,5.0,3.0
2025-06-22,MIN,MIL,-141.8,119.2,0.5865,0.4563,0.5624,8.0,9.0
2025-06-22,NYY,BAL,-207.8,171.0,0.6751,0.369,0.6466,4.0,2.0
2025-06-22,ATH,CLE,-70.3,-116.2,0.4129,0.5374,0.4345,0.0,3.0
2025-06-22,PHI,NYM,-117.0,31.5,0.5392,0.7605,0.4149,7.0,1.0
2025-06-22,PIT,TEX,-79.7,-106.7,0.4434,0.5161,0.4621,8.0,3.0
2025-06-22,SDP,KCR,-118.2,31.8,0.5416,0.7585,0.4166,3.0,2.0
2025-06-22,SFG,BOS,-164.7,135.8,0.6222,0.424,0.5947,9.0,5.0
2025-06-22,STL,CIN,-108.0,-110.8,0.5192,0.5257,0.4969,1.0,4.0
2025-06-22,TBR,DET,-110.3,-108.7,0.5246,0.5208,0.5018,3.0,9.0
2025-06-22,TOR,CHW,-209.8,170.3,0.6772,0.3699,0.6467,2.0,4.0
2025-06-23,BAL,TEX,-132.8,110.7,0.5705,0.4747,0.5458,6.0,0.0
2025-06-23,CHW,ARI,118.5,-142.0,0.4577,0.5868,0.4382,0.0,10.0
2025-06-23,CIN,NYY,105.5,-126.7,0.4866,0.5588,0.4655,6.0,1.0
2025-06-23,LAA,BOS,-34.3,-120.2,0.2556,0.5458,0.3189,9.0,5.0
2025-06-23,MIL,PIT,-174.5,143.7,0.6357,0.4104,0.6077,4.0,5.0
2025-06-23,MIN,SEA,38.3,-127.3,0.7229,0.5601,0.5634,2.0,11.0
2025-06-23,NYM,ATL,123.7,-148.3,0.4471,0.5973,0.4281,2.0,3.0
2025-06-23,SDP,WSN,-183.2,150.5,0.6469,0.3992,0.6184,6.0,10.0
2025-06-23,STL,CHC,31.7,-117.5,0.7595,0.5402,0.5844,8.0,2.0
2025-06-24,BAL,TEX,-124.8,71.2,0.5552,0.5842,0.4873,5.0,6.0
2025-06-24,CHW,ARI,74.2,-130.7,0.5742,0.5665,0.5034,1.0,4.0
2025-06-24,CIN,NYY,141.5,-168.5,0.4141,0.6276,0.3975,5.0,4.0
2025-06-24,CLE,TOR,74.5,-129.3,0.5731,0.564,0.504,6.0,10.0
2025-06-24,COL,LAD,206.2,-257.8,0.3266,0.7205,0.3119,7.0,9.0
2025-06-24,DET,ATH,-332.2,261.8,0.7686,0.2764,0.7355,11.0,4.0
2025-06-24,HOU,PHI,-153.3,128.0,0.6053,0.4386,0.5798,1.0,0.0
2025-06-24,KCR,TBR,-145.3,120.5,0.5924,0.4535,0.5664,1.0,5.0
2025-06-24,LAA,BOS,142.5,-171.0,0.4124,0.631,0.3952,3.0,2.0
2025-06-24,MIL,PIT,-210.5,172.2,0.6779,0.3674,0.6485,9.0,3.0
2025-06-24,MIN,SEA,-111.5,-107.5,0.5272,0.5181,0.5044,5.0,6.0
2025-06-24,NYM,ATL,114.8,-137.0,0.4655,0.5781,0.4461,4.0,7.0
2025-06-24,SDP,WSN,-170.3,138.5,0.6301,0.4193,0.6004,4.0,3.0
2025-06-24,SFG,MIA,-186.2,152.3,0.6506,0.3963,0.6214,2.0,4.0
2025-06-24,STL,CHC,-71.3,-116.0,0.4163,0.537,0.4367,8.0,7.0
2025-06-25,BAL,TEX,125.5,-150.2,0.4435,0.6003,0.4249,0.0,7.0
2025-06-25,CHW,ARI,127.8,-153.5,0.4389,0.6055,0.4202,7.0,3.0
2025-06-25,CIN,NYY,176.2,-217.3,0.3621,0.6849,0.3459,1.0,7.0
2025-06-25,CLE,TOR,-121.3,68.0,0.5482,0.5952,0.4794,5.0,4.0
2025-06-25,COL,LAD,263.7,-333.7,0.275,0.7694,0.2633,1.0,8.0
2025-06-25,DET,ATH,-185.7,152.5,0.6499,0.396,0.6214,0.0,3.0
2025-06-25,HOU,PHI,129.7,-155.5,0.4354,0.6086,0.4171,2.0,0.0
2025-06-25,KCR,TBR,112.0,-133.7,0.4717,0.572,0.4519,0.0,3.0
2025-06-25,LAA,BOS,-129.8,108.2,0.5649,0.4804,0.5404,5.0,2.0
2025-06-25,MIL,PIT,-73.2,-112.7,0.4225,0.5298,0.4437,4.0,2.0
2025-06-25,MIN,SEA,-125.3,70.2,0.5562,0.5877,0.4863,2.0,0.0
2025-06-25,NYM,ATL,-142.0,119.7,0.5868,0.4552,0.5631,7.0,3.0
2025-06-25,SDP,WSN,-143.2,119.3,0.5888,0.4559,0.5636,1.0,0.0
2025-06-25,SFG,MIA,-227.0,182.2,0.6942,0.3544,0.662,5.0,8.0
2025-06-25,STL,CHC,125.7,-150.7,0.4431,0.6011,0.4244,0.0,8.0
2025-06-26,CLE,TOR,-130.3,75.7,0.5658,0.5693,0.4985,0.0,6.0
2025-06-26,COL,LAD,231.0,-290.7,0.3021,0.744,0.2888,1.0,3.0
2025-06-26,DET,ATH,-368.2,204.3,0.7864,0.3286,0.7053,8.0,0.0
2025-06-26,HOU,PHI,-150.8,124.8,0.6013,0.4448,0.5748,2.0,1.0
2025-06-26,KCR,TBR,71.2,-125.3,0.5842,0.5562,0.5123,0.0,4.0
2025-06-26,MIN,SEA,-135.0,113.8,0.5745,0.4677,0.5512,10.0,1.0
2025-06-26,NYM,ATL,-119.2,33.0,0.5437,0.7519,0.4197,4.0,0.0
2025-06-26,SFG,MIA,-183.3,151.3,0.6471,0.3979,0.6192,5.0,12.0
2025-06-26,STL,CHC,113.2,-135.8,0.4691,0.576,0.4489,0.0,3.0
2025-06-27,ARI,MIA,-176.7,146.8,0.6386,0.4051,0.6118,8.0,9.0
2025-06-27,ATL,PHI,-173.2,143.2,0.6339,0.4112,0.6065,0.0,13.0
2025-06-27,BAL,TBR,71.8,-128.0,0.582,0.5614,0.509,22.0,8.0
2025-06-27,BOS,TOR,-123.2,70.0,0.5519,0.5882,0.4841,0.0,9.0
2025-06-27,CHW,SFG,135.5,-161.5,0.4246,0.6176,0.4074,1.0,3.0
2025-06-27,CIN,SDP,111.3,-133.0,0.4732,0.5708,0.4532,8.0,1.0
2025-06-27,CLE,STL,105.3,-127.7,0.487,0.5608,0.4648,0.0,5.0
2025-06-27,DET,MIN,-136.5,80.2,0.5772,0.555,0.5098,1.0,4.0
2025-06-27,HOU,CHC,-116.2,-105.2,0.5374,0.5126,0.5118,7.0,4.0
2025-06-27,KCR,LAD,132.8,-161.3,0.4295,0.6173,0.4103,4.0,5.0
2025-06-27,LAA,WSN,-168.2,138.7,0.6271,0.419,0.5995,9.0,15.0
2025-06-27,MIL,COL,-213.2,175.0,0.6807,0.3636,0.6518,10.0,6.0
2025-06-27,NYY,ATH,-258.7,209.2,0.7212,0.3235,0.6904,3.0,0.0
2025-06-27,PIT,NYM,123.3,-146.0,0.4478,0.5935,0.43,9.0,1.0
2025-06-27,TEX,SEA,-105.3,-114.2,0.513,0.5331,0.4904,6.0,7.0
2025-06-28,ARI,MIA,-75.0,6.5,0.4286,0.939,0.3134,7.0,8.0
2025-06-28,ATL,PHI,-167.3,139.3,0.6259,0.4178,0.5997,6.0,1.0
2025-06-28,BAL,TBR,-113.2,-106.5,0.5309,0.5157,0.5072,3.0,11.0
2025-06-28,BOS,TOR,71.7,-126.5,0.5825,0.5585,0.5105,15.0,1.0
2025-06-28,CHW,SFG,136.8,-168.2,0.4222,0.6271,0.4024,1.0,0.0
2025-06-28,CIN,SDP,-151.7,127.5,0.6026,0.4396,0.5782,4.0,6.0
2025-06-28,CLE,STL,-121.2,0.5,0.5479,0.995,0.3551,6.0,9.0
2025-06-28,DET,MIN,-158.3,132.2,0.6129,0.4307,0.5873,10.0,5.0
2025-06-28,HOU,CHC,-115.3,-70.0,0.5356,0.4118,0.5654,3.0,12.0
2025-06-28,KCR,LAD,133.0,-162.8,0.4292,0.6195,0.4092,9.0,5.0
2025-06-28,LAA,WSN,-119.3,-33.5,0.5441,0.2509,0.6844,8.0,2.0
2025-06-28,MIL,COL,-301.5,236.3,0.7509,0.2973,0.7164,5.0,0.0
2025-06-28,NYY,ATH,-293.0,230.5,0.7455,0.3026,0.7113,0.0,7.0
2025-06-28,PIT,NYM,122.0,-146.2,0.4505,0.5938,0.4314,9.0,2.0
2025-06-28,TEX,SEA,107.3,-127.5,0.4823,0.5604,0.4625,3.0,2.0
2025-06-29,ARI,MIA,-192.2,158.8,0.6577,0.3863,0.63,4.0,6.0
2025-06-29,ATL,PHI,-70.0,-1.2,0.4118,0.0115,0.9728,1.0,2.0
2025-06-29,BAL,TBR,-115.3,-103.8,0.5356,0.5094,0.5125,5.0,1.0
2025-06-29,BOS,TOR,-108.2,-111.8,0.5196,0.5279,0.496,3.0,5.0
2025-06-29,CHW,SFG,130.7,-158.0,0.4335,0.6124,0.4145,5.0,2.0
2025-06-29,CIN,SDP,-133.0,111.3,0.5708,0.4732,0.5468,3.0,2.0
2025-06-29,CLE,STL,-69.3,-116.3,0.4094,0.5378,0.4323,0.0,7.0
2025-06-29,DET,MIN,-291.8,233.5,0.7448,0.2999,0.713,3.0,0.0
2025-06-29,HOU,CHC,-138.3,115.3,0.5804,0.4644,0.5555,2.0,0.0
2025-06-29,KCR,LAD,-69.0,-118.5,0.4083,0.5423,0.4295,1.0,5.0
2025-06-29,LAA,WSN,-131.7,110.7,0.5683,0.4747,0.5449,4.0,7.0
2025-06-29,MIL,COL,-259.0,204.5,0.7214,0.3284,0.6872,3.0,4.0
2025-06-29,NYY,ATH,-214.0,175.3,0.6815,0.3632,0.6524,12.0,5.0
2025-06-29,PIT,NYM,121.8,-146.0,0.4508,0.5935,0.4317,12.0,1.0
2025-06-29,TEX,SEA,34.7,-122.0,0.7426,0.5495,0.5747,4.0,6.0
2025-06-30,ARI,SFG,125.7,-150.8,0.4431,0.6013,0.4243,4.0,2.0
2025-06-30,BOS,CIN,-176.5,146.2,0.6383,0.4062,0.6111,13.0,6.0
2025-06-30,PHI,SDP,-256.7,205.8,0.7196,0.327,0.6876,4.0,0.0
2025-06-30,PIT,STL,-110.0,-75.0,0.5238,0.4286,0.55,7.0,0.0
2025-06-30,SEA,KCR,-159.5,133.3,0.6146,0.4286,0.5892,6.0,2.0
2025-06-30,TBR,ATH,-190.5,156.3,0.6558,0.3901,0.627,4.0,6.0
2025-06-30,TEX,BAL,-106.3,-112.7,0.5153,0.5298,0.4931,6.0,10.0
2025-06-30,TOR,NYY,120.5,-144.0,0.4535,0.5902,0.4345,5.0,4.0
2025-07-01,ARI,SFG,-132.2,110.2,0.5693,0.4758,0.5447,8.0,2.0
2025-07-01,ATL,LAA,-197.3,161.2,0.6637,0.3829,0.6341,0.0,4.0
2025-07-01,BOS,CIN,-118.3,-68.2,0.542,0.4054,0.5721,2.0,1.0
2025-07-01,CHC,CLE,-199.3,162.0,0.6659,0.3817,0.6357,5.0,2.0
2025-07-01,COL,HOU,129.7,-156.2,0.4354,0.6096,0.4166,5.0,6.0
2025-07-01,LAD,CHW,-365.5,281.5,0.7852,0.2621,0.7497,6.0,1.0
2025-07-01,MIA,MIN,117.8,-139.7,0.4591,0.5828,0.4406,2.0,0.0
2025-07-01,PIT,STL,-159.8,132.2,0.6151,0.4307,0.5882,1.0,0.0
2025-07-01,SEA,KCR,-137.8,115.3,0.5795,0.4644,0.5551,3.0,6.0
2025-07-01,TBR,ATH,-175.2,143.0,0.6366,0.4115,0.6074,3.0,4.0
2025-07-01,TEX,BAL,-190.7,157.3,0.656,0.3886,0.628,10.0,2.0
2025-07-01,TOR,NYY,138.5,-165.2,0.4193,0.6229,0.4023,12.0,5.0
2025-07-02,ARI,SFG,-141.0,118.2,0.5851,0.4584,0.5607,5.0,6.0
2025-07-02,ATL,LAA,-140.8,118.3,0.5848,0.458,0.5608,8.0,3.0
2025-07-02,BOS,CIN,-127.2,105.5,0.5598,0.4866,0.535,4.0,8.0
2025-07-02,CHC,CLE,-317.2,196.2,0.7603,0.3376,0.6925,5.0,4.0
2025-07-02,COL,HOU,219.7,-277.5,0.3128,0.7351,0.2985,3.0,5.0
2025-07-02,LAD,CHW,-345.0,271.8,0.7753,0.2689,0.7425,5.0,4.0
2025-07-02,MIA,MIN,70.2,-124.7,0.5877,0.5549,0.5143,1.0,2.0
2025-07-02,NYM,MIL,-131.3,110.3,0.5677,0.4754,0.5442,2.0,7.0
2025-07-02,PHI,SDP,-16.8,-653.3,0.1441,0.8673,0.1425,4.0,6.0
2025-07-02,PIT,STL,108.7,-131.2,0.4792,0.5674,0.4579,5.0,0.0
2025-07-02,SEA,KCR,-172.3,143.5,0.6328,0.4107,0.6064,3.0,2.0
2025-07-02,TBR,ATH,-274.3,200.0,0.7329,0.3333,0.6874,6.0,5.0
2025-07-02,TEX,BAL,-156.8,129.3,0.6106,0.436,0.5834,6.0,0.0
2025-07-02,TOR,NYY,112.0,-132.2,0.4717,0.5693,0.4531,11.0,9.0
2025-07-02,WSN,DET,132.2,-158.2,0.4307,0.6127,0.4128,2.0,11.0
2025-07-03,ARI,SFG,70.5,-124.2,0.5865,0.5539,0.5143,2.0,7.0
2025-07-03,ATL,LAA,-151.8,127.0,0.6029,0.4405,0.5778,1.0,5.0
2025-07-03,CHC,CLE,-137.5,116.0,0.5789,0.463,0.5557,1.0,0.0
2025-07-03,COL,HOU,158.0,-191.0,0.3876,0.6564,0.3713,7.0,6.0
2025-07-03,LAD,CHW,-283.2,225.2,0.739,0.3075,0.7061,6.0,2.0
2025-07-03,MIA,MIN,-68.7,-118.5,0.4071,0.5423,0.4288,4.0,1.0
2025-07-03,NYM,MIL,-164.3,134.0,0.6217,0.4274,0.5926,3.0,2.0
2025-07-03,SEA,KCR,-132.3,76.0,0.5696,0.5682,0.5006,2.0,3.0
2025-07-03,TOR,NYY,112.8,-133.5,0.4699,0.5717,0.4511,8.0,5.0
2025-07-03,WSN,DET,117.8,-142.8,0.4591,0.5882,0.4383,11.0,7.0
2025-07-04,ARI,KCR,-114.5,-106.5,0.5338,0.5157,0.5086,3.0,9.0
2025-07-04,ATL,BAL,-181.5,151.3,0.6448,0.3979,0.6184,2.0,3.0
2025-07-04,CHC,STL,-152.8,127.0,0.6045,0.4405,0.5784,11.0,3.0
2025-07-04,CLE,DET,118.2,-148.2,0.4584,0.597,0.4343,1.0,2.0
2025-07-04,COL,CHW,70.3,-123.8,0.5871,0.5532,0.5148,2.0,3.0
2025-07-04,LAD,HOU,-180.0,149.3,0.6429,0.4011,0.6158,1.0,18.0
2025-07-04,MIA,MIL,111.3,-132.5,0.4732,0.5699,0.4536,5.0,6.0
2025-07-04,MIN,TBR,-120.3,-34.0,0.5461,0.2537,0.6828,4.0,3.0
2025-07-04,NYM,NYY,-113.3,-105.2,0.5312,0.5126,0.5089,6.0,5.0
2025-07-04,ATH,SFG,-74.3,-113.3,0.4264,0.5312,0.4452,11.0,2.0
2025-07-04,PHI,CIN,-60.5,-18.7,0.3769,0.1573,0.7056,6.0,9.0
2025-07-04,SDP,TEX,-108.7,-110.2,0.5208,0.5242,0.4984,3.0,2.0
2025-07-04,SEA,PIT,-187.0,153.3,0.6516,0.3947,0.6227,6.0,0.0
2025-07-04,TOR,LAA,-150.0,125.3,0.6,0.4438,0.5748,4.0,3.0
2025-07-04,WSN,BOS,-104.5,-115.0,0.511,0.5349,0.4886,2.0,11.0
2025-07-05,ARI,KCR,-133.0,110.8,0.5708,0.4743,0.5462,7.0,1.0
2025-07-05,ATL,BAL,-149.5,125.0,0.5992,0.4444,0.5741,6.0,9.0
2025-07-05,CHC,STL,-158.7,97.0,0.6134,0.5076,0.5472,6.0,8.0
2025-07-05,CLE,DET,115.7,-138.3,0.4637,0.5804,0.4441,0.0,1.0
2025-07-05,COL,CHW,-142.0,83.0,0.5868,0.5464,0.5178,3.0,10.0
2025-07-05,LAD,HOU,-148.5,123.8,0.5976,0.4468,0.5722,4.0,6.0
2025-07-05,MIA,MIL,78.0,-136.3,0.5618,0.5769,0.4934,4.0,2.0
2025-07-05,MIN,TBR,-116.0,-73.3,0.537,0.4231,0.5593,6.0,5.0
2025-07-05,NYM,NYY,122.3,-148.3,0.4498,0.5973,0.4295,12.0,6.0
2025-07-05,ATH,SFG,154.2,-190.3,0.3934,0.6556,0.3751,2.0,7.0
2025-07-05,PHI,CIN,-190.2,158.0,0.6554,0.3876,0.6284,5.0,1.0
2025-07-05,SDP,TEX,-132.2,110.5,0.5693,0.4751,0.5451,4.0,7.0
2025-07-05,SEA,PIT,-170.3,139.8,0.6301,0.417,0.6018,1.0,0.0
2025-07-05,TOR,LAA,-200.3,163.7,0.667,0.3793,0.6375,4.0,3.0
2025-07-05,WSN,BOS,-67.7,-118.7,0.4036,0.5427,0.4265,3.0,10.0
2025-07-06,ARI,KCR,-150.0,125.5,0.6,0.4435,0.575,0.0,4.0
2025-07-06,ATL,BAL,-152.0,127.0,0.6032,0.4405,0.5779,1.0,2.0
2025-07-06,CHC,STL,-222.5,181.0,0.6899,0.3559,0.6597,11.0,0.0
2025-07-06,CLE,DET,179.2,-220.2,0.3582,0.6877,0.3425,2.0,7.0
2025-07-06,COL,CHW,-1.7,-120.3,0.0164,0.5461,0.0291,6.0,4.0
2025-07-06,LAD,HOU,-198.3,160.2,0.6648,0.3844,0.6336,1.0,5.0
2025-07-06,MIA,MIL,-114.0,-106.3,0.5327,0.5153,0.5083,1.0,3.0
2025-07-06,MIN,TBR,-130.5,109.3,0.5662,0.4777,0.5424,5.0,7.0
2025-07-06,NYM,NYY,159.7,-196.0,0.3851,0.6622,0.3677,4.0,6.0
2025-07-06,ATH,SFG,-86.5,65.7,0.4638,0.6036,0.4345,2.0,6.0
2025-07-06,PHI,CIN,-238.3,193.7,0.7044,0.3405,0.6741,3.0,1.0
2025-07-06,SDP,TEX,-132.8,112.0,0.5705,0.4717,0.5474,4.0,1.0
2025-07-06,SEA,PIT,-116.3,-104.0,0.5378,0.5098,0.5133,1.0,0.0
2025-07-06,TOR,LAA,-183.8,152.7,0.6477,0.3958,0.6207,3.0,2.0
2025-07-06,WSN,BOS,200.7,-251.5,0.3326,0.7155,0.3173,4.0,6.0
2025-07-07,BOS,COL,-249.0,201.0,0.7135,0.3322,0.6823,9.0,3.0
2025-07-07,CHW,TOR,141.3,-170.3,0.4144,0.6301,0.3967,4.0,8.0
2025-07-07,CIN,MIA,-141.8,119.0,0.5865,0.4566,0.5623,1.0,5.0
2025-07-07,DET,TBR,-72.2,-114.8,0.4192,0.5345,0.4395,5.0,1.0
2025-07-07,HOU,CLE,-140.8,116.8,0.5848,0.4612,0.5591,5.0,7.0
2025-07-07,KCR,PIT,-153.3,127.8,0.6053,0.4389,0.5797,9.0,3.0
2025-07-07,LAA,TEX,115.2,-139.2,0.4648,0.5819,0.444,6.0,5.0
2025-07-07,MIL,LAD,116.8,-142.3,0.4612,0.5873,0.4398,9.0,1.0
2025-07-07,SDP,ARI,-128.3,105.8,0.562,0.4858,0.5364,3.0,6.0
2025-07-07,SFG,PHI,116.3,-139.7,0.4622,0.5828,0.4423,3.0,1.0
2025-07-08,BAL,NYM,107.0,-128.0,0.4831,0.5614,0.4625,6.0,7.0
2025-07-08,BOS,COL,-284.0,225.8,0.7396,0.3069,0.7067,10.0,2.0
2025-07-08,CHW,TOR,161.7,-196.7,0.3822,0.6629,0.3657,1.0,6.0
2025-07-08,CIN,MIA,-125.3,34.0,0.5562,0.7463,0.427,2.0,12.0
2025-07-08,DET,TBR,-126.5,72.5,0.5585,0.5797,0.4907,4.0,2.0
2025-07-08,HOU,CLE,-211.7,173.2,0.6791,0.3661,0.6498,6.0,10.0
2025-07-08,KCR,PIT,-138.7,114.7,0.581,0.4658,0.555,4.0,3.0
2025-07-08,LAA,TEX,-77.8,-108.7,0.4377,0.5208,0.4567,1.0,13.0
2025-07-08,MIL,LAD,-107.0,-113.2,0.5169,0.5309,0.4933,3.0,1.0
2025-07-08,MIN,CHC,114.0,-137.5,0.4673,0.5789,0.4466,8.0,1.0
2025-07-08,NYY,SEA,-131.5,109.2,0.568,0.4781,0.543,10.0,3.0
2025-07-08,ATH,ATL,-110.0,-109.0,0.5238,0.5215,0.5011,10.0,1.0
2025-07-08,SDP,ARI,-139.2,81.7,0.5819,0.5505,0.5139,1.0,0.0
2025-07-08,SFG,PHI,-162.2,131.3,0.6186,0.4323,0.5886,4.0,3.0
2025-07-08,STL,WSN,-232.5,188.3,0.6992,0.3468,0.6685,4.0,2.0
2025-07-09,BOS,COL,-333.2,263.5,0.7691,0.2751,0.7366,10.0,2.0
2025-07-09,CHW,TOR,-315.2,3.5,0.7591,0.9662,0.44,2.0,1.0
2025-07-09,CIN,MIA,-148.2,122.3,0.597,0.4498,0.5703,7.0,2.0
2025-07-09,DET,TBR,-152.2,125.3,0.6034,0.4438,0.5762,3.0,7.0
2025-07-09,HOU,CLE,-160.5,133.5,0.6161,0.4283,0.5899,2.0,4.0
2025-07-09,KCR,PIT,-195.3,158.5,0.6614,0.3868,0.631,4.0,3.0
2025-07-09,LAA,TEX,-71.0,-116.0,0.4152,0.537,0.436,11.0,8.0
2025-07-09,MIL,LAD,129.2,-155.0,0.4364,0.6078,0.4179,3.0,2.0
2025-07-09,MIN,CHC,-112.5,-107.7,0.5294,0.5185,0.5052,4.0,2.0
2025-07-09,NYY,SEA,-157.3,130.2,0.6114,0.4345,0.5846,9.0,6.0
2025-07-09,ATH,ATL,108.2,-130.5,0.4804,0.5662,0.459,2.0,9.0
2025-07-09,SDP,ARI,-163.3,133.7,0.6203,0.428,0.5917,2.0,8.0
2025-07-09,SFG,PHI,115.5,-137.3,0.464,0.5787,0.445,0.0,13.0
2025-07-09,STL,WSN,-136.7,81.7,0.5775,0.5505,0.512,2.0,8.0
2025-07-10,BAL,NYM,118.0,-141.8,0.4587,0.5865,0.4389,3.0,1.0
2025-07-10,BOS,TBR,-115.2,-105.5,0.5352,0.5134,0.5104,4.0,3.0
2025-07-10,CIN,MIA,-168.2,139.7,0.6271,0.4172,0.6005,6.0,0.0
2025-07-10,LAA,TEX,-75.8,-110.5,0.4313,0.5249,0.451,4.0,11.0
2025-07-10,MIN,CHC,-35.5,-117.0,0.262,0.5392,0.327,1.0,8.0
2025-07-10,NYY,SEA,-29.5,-128.3,0.2278,0.562,0.2884,6.0,5.0
2025-07-10,ATH,ATL,164.7,-200.8,0.3778,0.6676,0.3614,5.0,4.0
2025-07-10,SDP,ARI,104.5,-124.3,0.489,0.5542,0.4687,4.0,3.0
2025-07-10,STL,WSN,-144.8,120.3,0.5916,0.4539,0.5659,8.0,1.0
2025-07-11,BAL,MIA,-142.0,117.3,0.5868,0.4601,0.5605,5.0,2.0
2025-07-11,BOS,TBR,-111.0,-107.8,0.5261,0.5188,0.5035,5.0,4.0
2025-07-11,CHW,CLE,-35.0,-119.0,0.2593,0.5434,0.323,2.0,4.0
2025-07-11,CIN,COL,-246.5,199.8,0.7114,0.3335,0.6808,2.0,3.0
2025-07-11,DET,SEA,-273.3,218.8,0.7321,0.3136,0.7001,3.0,12.0
2025-07-11,HOU,TEX,-126.5,72.0,0.5585,0.5814,0.49,3.0,7.0
2025-07-11,KCR,NYM,113.2,-135.3,0.4691,0.5751,0.4493,3.0,8.0
2025-07-11,LAA,ARI,-73.8,-112.8,0.4247,0.5301,0.4448,6.0,5.0
2025-07-11,MIL,WSN,-205.5,168.5,0.6727,0.3724,0.6436,8.0,3.0
2025-07-11,MIN,PIT,-139.7,116.5,0.5828,0.4619,0.5578,2.0,1.0
2025-07-11,NYY,CHC,-177.7,145.7,0.6399,0.4071,0.6112,11.0,0.0
2025-07-11,ATH,TOR,140.0,-167.7,0.4167,0.6264,0.3995,6.0,7.0
2025-07-11,SDP,PHI,135.0,-162.8,0.4255,0.6195,0.4072,4.0,2.0
2025-07-11,SFG,LAD,-949.8,253.7,0.9047,0.2828,0.7619,8.0,7.0
2025-07-11,STL,ATL,-116.3,-104.7,0.5378,0.5114,0.5126,5.0,6.0
2025-07-12,BAL,MIA,-169.8,140.7,0.6294,0.4155,0.6023,0.0,6.0
2025-07-12,BOS,TBR,-185.3,150.5,0.6495,0.3992,0.6193,1.0,0.0
2025-07-12,CHW,CLE,122.5,-147.3,0.4494,0.5957,0.43,2.0,6.0
2025-07-12,CIN,COL,-291.3,229.7,0.7445,0.3033,0.7105,4.0,3.0
2025-07-12,DET,SEA,-116.0,-71.5,0.537,0.4169,0.563,7.0,15.0
2025-07-12,HOU,TEX,-118.5,-68.5,0.5423,0.4065,0.5716,5.0,4.0
2025-07-12,KCR,NYM,75.2,-130.5,0.5709,0.5662,0.5021,1.0,3.0
2025-07-12,LAA,ARI,-125.5,70.3,0.5565,0.5871,0.4866,10.0,5.0
2025-07-12,MIL,WSN,-282.2,221.7,0.7383,0.3109,0.7037,6.0,5.0
2025-07-12,MIN,PIT,-137.8,113.5,0.5795,0.4684,0.553,12.0,4.0
2025-07-12,NYY,CHC,-163.5,136.0,0.6205,0.4237,0.5942,2.0,5.0
2025-07-12,ATH,TOR,119.5,-143.2,0.4556,0.5888,0.4362,4.0,3.0
2025-07-12,SDP,PHI,145.5,-176.2,0.4073,0.6379,0.3897,5.0,4.0
2025-07-12,SFG,LAD,130.0,-156.0,0.4348,0.6094,0.4164,1.0,2.0
2025-07-12,STL,ATL,-107.3,-78.7,0.5177,0.4403,0.5404,6.0,7.0
2025-07-13,BAL,MIA,-141.7,118.5,0.5862,0.4577,0.5616,1.0,11.0
2025-07-13,BOS,TBR,-117.5,30.8,0.5402,0.7643,0.4141,4.0,1.0
2025-07-13,CHW,CLE,116.3,-140.7,0.4622,0.5845,0.4416,5.0,6.0
2025-07-13,CIN,COL,-254.7,204.2,0.718,0.3288,0.6859,4.0,2.0
2025-07-13,DET,SEA,-112.2,-107.8,0.5287,0.5188,0.5047,4.0,8.0
2025-07-13,HOU,TEX,-137.5,114.0,0.5789,0.4673,0.5534,1.0,5.0
2025-07-13,KCR,NYM,-73.2,-112.7,0.4225,0.5298,0.4437,3.0,2.0
2025-07-13,LAA,ARI,-124.5,71.2,0.5546,0.5842,0.487,1.0,5.0
2025-07-13,MIL,WSN,-279.0,222.8,0.7361,0.3098,0.7038,8.0,1.0
2025-07-13,MIN,PIT,-158.0,131.7,0.6124,0.4317,0.5866,1.0,2.0
2025-07-13,NYY,CHC,27.3,-327.5,0.7853,0.7661,0.5062,1.0,4.0
2025-07-13,ATH,TOR,108.8,-130.0,0.4789,0.5652,0.4586,6.0,3.0
2025-07-13,SDP,PHI,108.3,-131.3,0.48,0.5677,0.4581,1.0,2.0
2025-07-13,SFG,LAD,119.3,-143.3,0.4559,0.589,0.4363,2.0,5.0
2025-07-13,STL,ATL,-161.0,134.2,0.6169,0.427,0.5909,5.0,4.0
2025-07-15,NL,AL,-128.2,72.8,0.5617,0.5786,0.4926,,
2025-07-18,ARI,STL,-112.3,-108.8,0.529,0.5211,0.5038,7.0,3.0
2025-07-18,ATL,NYY,-129.2,75.0,0.5636,0.5714,0.4966,7.0,3.0
2025-07-18,CHC,BOS,-135.3,113.8,0.5751,0.4677,0.5515,4.0,1.0
2025-07-18,CLE,ATH,-134.2,111.7,0.573,0.4724,0.5481,8.0,6.0
2025-07-18,COL,MIN,143.5,-175.2,0.4107,0.6366,0.3921,6.0,4.0
2025-07-18,LAD,MIL,-197.3,159.0,0.6637,0.3861,0.6322,0.0,2.0
2025-07-18,MIA,KCR,-69.0,-117.3,0.4083,0.5399,0.4306,8.0,7.0
2025-07-18,NYM,CIN,-161.5,134.8,0.6176,0.4258,0.5919,4.0,8.0
2025-07-18,PHI,LAA,-218.0,176.7,0.6855,0.3614,0.6548,5.0,6.0
2025-07-18,PIT,CHW,-164.3,136.3,0.6217,0.4231,0.595,1.0,10.0
2025-07-18,SEA,HOU,-139.3,82.2,0.5822,0.5489,0.5147,6.0,1.0
2025-07-18,TBR,BAL,-129.0,106.8,0.5633,0.4835,0.5381,11.0,1.0
2025-07-18,TEX,DET,-77.3,-109.7,0.4361,0.5231,0.4547,2.0,0.0
2025-07-18,TOR,SFG,-139.5,116.7,0.5825,0.4615,0.5579,4.0,0.0
2025-07-18,WSN,SDP,127.8,-154.2,0.4389,0.6066,0.4198,2.0,7.0
2025-07-19,ARI,STL,109.0,-130.8,0.4785,0.5668,0.4578,10.0,1.0
2025-07-19,ATL,NYY,111.5,-132.8,0.4728,0.5705,0.4532,9.0,12.0
2025-07-19,CHC,BOS,-156.2,129.5,0.6096,0.4357,0.5832,6.0,0.0
2025-07-19,CLE,ATH,-134.3,113.5,0.5733,0.4684,0.5503,2.0,8.0
2025-07-19,COL,MIN,163.3,-197.7,0.3797,0.6641,0.3638,10.0,6.0
2025-07-19,LAD,MIL,-130.3,109.5,0.5658,0.4773,0.5424,7.0,8.0
2025-07-19,MIA,KCR,-67.8,-118.5,0.4042,0.5423,0.427,3.0,1.0
2025-07-19,NYM,CIN,-177.7,147.2,0.6399,0.4046,0.6126,2.0,5.0
2025-07-19,PHI,LAA,-132.3,111.8,0.5696,0.4721,0.5468,9.0,5.0
2025-07-19,PIT,CHW,-139.7,117.8,0.5828,0.4591,0.5594,4.0,10.0
2025-07-19,SEA,HOU,-131.5,110.8,0.568,0.4743,0.545,7.0,6.0
2025-07-19,TBR,BAL,-126.0,106.0,0.5575,0.4854,0.5346,4.0,3.0
2025-07-19,TEX,DET,-121.2,34.0,0.5479,0.7463,0.4233,4.0,1.0
2025-07-19,TOR,SFG,73.8,-130.2,0.5753,0.5655,0.5043,6.0,3.0
2025-07-19,WSN,SDP,116.8,-139.5,0.4612,0.5825,0.4419,4.0,2.0
2025-07-20,ARI,STL,-142.2,117.3,0.5871,0.4601,0.5606,5.0,3.0
2025-07-20,ATL,NYY,-131.7,110.3,0.5683,0.4754,0.5445,2.0,4.0
2025-07-20,CHC,BOS,114.5,-137.0,0.4662,0.5781,0.4464,1.0,6.0
2025-07-20,CLE,ATH,-111.7,-74.5,0.5276,0.4269,0.5527,8.0,2.0
2025-07-20,COL,MIN,201.0,-249.5,0.3322,0.7139,0.3176,1.0,7.0
2025-07-20,LAD,MIL,-112.5,75.2,0.5294,0.5709,0.4812,5.0,6.0
2025-07-20,MIA,KCR,71.7,-125.0,0.5825,0.5556,0.5118,4.0,7.0
2025-07-20,NYM,CIN,-144.7,121.2,0.5913,0.4521,0.5667,3.0,2.0
2025-07-20,PHI,LAA,-170.5,141.0,0.6303,0.4149,0.603,2.0,8.0
2025-07-20,PIT,CHW,-145.3,119.7,0.5924,0.4552,0.5655,2.0,7.0
2025-07-20,SEA,HOU,-140.2,83.3,0.5836,0.5455,0.5169,3.0,11.0
2025-07-20,TBR,BAL,-127.5,105.7,0.5604,0.4862,0.5355,3.0,5.0
2025-07-20,TEX,DET,145.7,-177.8,0.4071,0.6401,0.3887,1.0,2.0
2025-07-20,TOR,SFG,-77.3,-109.2,0.4361,0.5219,0.4552,8.0,6.0
2025-07-20,WSN,SDP,102.7,-122.3,0.4934,0.5502,0.4728,1.0,8.0
2025-07-21,ARI,HOU,-146.2,120.3,0.5938,0.4539,0.5668,3.0,6.0
2025-07-21,ATL,SFG,-130.0,76.7,0.5652,0.566,0.4996,9.0,5.0
2025-07-21,CHC,KCR,-150.5,124.2,0.6008,0.4461,0.5739,4.0,12.0
2025-07-21,CLE,BAL,-142.0,118.3,0.5868,0.458,0.5616,10.0,5.0
2025-07-21,COL,STL,140.0,-171.2,0.4167,0.6312,0.3976,2.0,6.0
2025-07-21,LAD,MIN,-188.2,154.7,0.653,0.3927,0.6245,5.0,2.0
2025-07-21,MIA,SDP,-141.7,116.3,0.5862,0.4622,0.5591,1.0,2.0
2025-07-21,NYM,LAA,-191.7,152.7,0.6571,0.3958,0.6241,7.0,5.0
2025-07-21,PHI,BOS,-242.7,192.8,0.7082,0.3415,0.6747,3.0,2.0
2025-07-21,PIT,DET,-130.8,108.8,0.5668,0.4789,0.542,3.0,0.0
2025-07-21,SEA,MIL,-126.3,106.0,0.5582,0.4854,0.5348,0.0,6.0
2025-07-21,TBR,CHW,-224.0,181.3,0.6914,0.3555,0.6604,3.0,8.0
2025-07-21,TEX,ATH,-128.5,107.3,0.5624,0.4823,0.5383,7.0,2.0
2025-07-21,TOR,NYY,0.8,-120.3,0.9917,0.5461,0.6449,4.0,1.0
2025-07-21,WSN,CIN,68.8,-124.0,0.5923,0.5536,0.5169,10.0,8.0
2025-07-22,ARI,HOU,-0.2,-119.3,0.0017,0.5441,0.003,1.0,3.0
2025-07-22,ATL,SFG,-116.3,-70.3,0.5378,0.4129,0.5657,0.0,9.0
2025-07-22,CHC,KCR,-258.3,206.2,0.7209,0.3266,0.6882,6.0,0.0
2025-07-22,CLE,BAL,-156.7,130.3,0.6104,0.4342,0.5844,6.0,3.0
2025-07-22,COL,STL,140.7,-169.3,0.4155,0.6287,0.3979,8.0,4.0
2025-07-22,LAD,MIN,-206.0,168.8,0.6732,0.372,0.6441,7.0,10.0
2025-07-22,MIA,SDP,-125.2,72.0,0.5559,0.5814,0.4888,4.0,3.0
2025-07-22,NYM,LAA,-167.7,139.0,0.6264,0.4184,0.5995,3.0,2.0
2025-07-22,PHI,BOS,-191.0,156.0,0.6564,0.3906,0.6269,4.0,1.0
2025-07-22,PIT,DET,112.3,-133.7,0.471,0.572,0.4515,8.0,5.0
2025-07-22,SEA,MIL,-131.5,110.8,0.568,0.4743,0.545,1.0,0.0
2025-07-22,TBR,CHW,-284.7,213.3,0.74,0.3191,0.6987,4.0,3.0
2025-07-22,TEX,ATH,-230.3,190.0,0.6973,0.3448,0.6691,6.0,2.0
2025-07-22,TOR,NYY,-116.3,-69.3,0.5378,0.4094,0.5677,4.0,5.0
2025-07-22,WSN,CIN,115.8,-138.2,0.4633,0.5801,0.444,6.0,1.0
2025-07-23,ARI,HOU,-134.3,78.3,0.5733,0.5607,0.5055,3.0,4.0
2025-07-23,ATL,SFG,-162.3,135.7,0.6188,0.4243,0.5932,3.0,9.0
2025-07-23,CHC,KCR,-172.7,142.2,0.6333,0.4129,0.6053,4.0,8.0
2025-07-23,CLE,BAL,-131.5,109.2,0.568,0.4781,0.543,3.0,2.0
2025-07-23,COL,STL,156.7,-193.7,0.3896,0.6595,0.3714,6.0,0.0
2025-07-23,LAD,MIN,-220.7,178.8,0.6881,0.3586,0.6574,4.0,3.0
2025-07-23,MIA,SDP,123.2,-149.5,0.4481,0.5992,0.4279,3.0,2.0
2025-07-23,NYM,LAA,-182.2,150.7,0.6456,0.3989,0.6181,6.0,3.0
2025-07-23,PHI,BOS,-158.7,132.8,0.6134,0.4295,0.5882,8.0,9.0
2025-07-23,PIT,DET,115.8,-138.2,0.4633,0.5801,0.444,6.0,1.0
2025-07-23,SEA,MIL,-120.0,-32.7,0.5455,0.2462,0.689,2.0,10.0
2025-07-23,TBR,CHW,-223.5,180.3,0.6909,0.3567,0.6595,9.0,11.0
2025-07-23,TEX,ATH,-149.7,124.5,0.5995,0.4454,0.5737,2.0,1.0
2025-07-23,TOR,NYY,71.3,-96.8,0.5837,0.492,0.5426,8.0,4.0
2025-07-23,WSN,CIN,110.0,-130.7,0.4762,0.5665,0.4567,0.0,5.0
2025-07-24,CLE,BAL,-118.8,-68.8,0.543,0.4077,0.5712,3.0,4.0
2025-07-24,DET,TOR,-138.2,116.0,0.5801,0.463,0.5562,4.0,11.0
2025-07-24,HOU,ATH,-146.0,122.0,0.5935,0.4505,0.5685,2.0,5.0
2025-07-24,LAA,SEA,-140.5,118.3,0.5842,0.458,0.5605,2.0,4.0
2025-07-24,STL,SDP,-152.8,126.3,0.6045,0.4418,0.5777,9.0,7.0
2025-07-25,BAL,COL,-200.3,163.2,0.667,0.38,0.6371,5.0,6.0
2025-07-25,BOS,LAD,-76.3,-109.0,0.4329,0.5215,0.4536,2.0,5.0
2025-07-25,CHW,CHC,153.8,-186.7,0.394,0.6512,0.377,12.0,5.0
2025-07-25,CIN,TBR,-78.0,-107.5,0.4382,0.5181,0.4582,7.0,2.0
2025-07-25,DET,TOR,-76.5,-108.8,0.4334,0.5211,0.4541,2.0,6.0
2025-07-25,HOU,ATH,-139.3,117.0,0.5822,0.4608,0.5582,3.0,15.0
2025-07-25,LAA,SEA,109.3,-129.8,0.4777,0.5649,0.4582,3.0,2.0
2025-07-25,MIL,MIA,-224.0,184.5,0.6914,0.3515,0.6629,1.0,5.0
2025-07-25,MIN,WSN,-161.0,134.8,0.6169,0.4258,0.5916,1.0,0.0
2025-07-25,NYY,PHI,-165.3,137.7,0.6231,0.4208,0.5969,5.0,12.0
2025-07-25,PIT,ARI,-69.0,-118.5,0.4083,0.5423,0.4295,0.0,1.0
2025-07-25,SFG,NYM,-145.2,120.8,0.5921,0.4528,0.5666,1.0,8.0
2025-07-25,STL,SDP,35.8,-71.8,0.7362,0.418,0.6378,3.0,0.0
2025-07-25,TEX,ATL,-156.3,130.7,0.6099,0.4335,0.5845,8.0,3.0
2025-07-26,BAL,COL,-259.8,210.0,0.7221,0.3226,0.6912,18.0,0.0
2025-07-26,BOS,LAD,-163.5,134.2,0.6205,0.427,0.5923,4.0,2.0
2025-07-26,CHW,CHC,153.3,-188.7,0.3947,0.6536,0.3765,1.0,6.0
2025-07-26,CIN,TBR,-122.0,-32.3,0.5495,0.2443,0.6922,6.0,2.0
2025-07-26,DET,TOR,-183.5,149.5,0.6473,0.4008,0.6176,1.0,6.0
2025-07-26,HOU,ATH,-188.5,156.3,0.6534,0.3901,0.6261,1.0,5.0
2025-07-26,KCR,CLE,-141.0,-55.0,0.5851,0.3548,0.6225,5.0,3.0
2025-07-26,LAA,SEA,113.8,-136.8,0.4677,0.5778,0.4473,2.0,7.0
2025-07-26,MIL,MIA,-164.7,134.2,0.6222,0.427,0.593,4.0,7.0
2025-07-26,MIN,WSN,-249.5,203.0,0.7139,0.33,0.6838,3.0,9.0
2025-07-26,NYY,PHI,110.3,-132.5,0.4754,0.5699,0.4548,4.0,9.0
2025-07-26,PIT,ARI,119.8,-145.5,0.4549,0.5927,0.4342,2.0,0.0
2025-07-26,SFG,NYM,-113.2,-107.5,0.5309,0.5181,0.5061,1.0,2.0
2025-07-26,STL,SDP,-78.3,35.7,0.4393,0.7371,0.3734,1.0,3.0
2025-07-26,TEX,ATL,-110.3,-109.3,0.5246,0.5223,0.5011,6.0,5.0
2025-07-27,BAL,COL,-214.2,171.8,0.6817,0.3679,0.6495,5.0,1.0
2025-07-27,BOS,LAD,-35.2,-117.7,0.2602,0.5406,0.3249,4.0,3.0
2025-07-27,CHW,CHC,148.7,-178.8,0.4021,0.6414,0.3854,4.0,5.0
2025-07-27,CIN,TBR,-108.5,-111.8,0.5204,0.5279,0.4964,2.0,1.0
2025-07-27,DET,TOR,-117.7,-102.7,0.5406,0.5066,0.5162,10.0,4.0
2025-07-27,HOU,ATH,-144.8,119.2,0.5916,0.4563,0.5646,1.0,7.0
2025-07-27,KCR,CLE,-131.5,111.3,0.568,0.4732,0.5455,4.0,1.0
2025-07-27,LAA,SEA,146.7,-177.2,0.4054,0.6392,0.3881,4.0,1.0
2025-07-27,MIL,MIA,-157.0,129.8,0.6109,0.4351,0.584,3.0,2.0
2025-07-27,MIN,WSN,-169.3,137.3,0.6287,0.4213,0.5987,2.0,7.0
2025-07-27,NYY,PHI,114.2,-134.5,0.4669,0.5736,0.4488,4.0,3.0
2025-07-27,PIT,ARI,-151.2,125.7,0.6019,0.4431,0.5759,6.0,0.0
2025-07-27,SFG,NYM,109.7,-130.2,0.4769,0.5655,0.4575,3.0,5.0
2025-07-27,STL,SDP,-128.8,106.5,0.563,0.4843,0.5376,2.0,9.0
2025-07-27,TEX,ATL,-123.3,70.3,0.5522,0.5871,0.4847,8.0,1.0
2025-07-28,BAL,TOR,-69.3,-116.8,0.4094,0.5388,0.4318,11.0,4.0
2025-07-28,CHW,PHI,189.0,-232.0,0.346,0.6988,0.3312,6.0,2.0
2025-07-28,CIN,LAD,130.5,-157.0,0.4338,0.6109,0.4153,2.0,5.0
2025-07-28,CLE,COL,-286.7,229.0,0.7414,0.304,0.7092,6.0,8.0
2025-07-28,DET,ARI,-131.7,110.0,0.5683,0.4762,0.5441,5.0,1.0
2025-07-28,HOU,WSN,-262.0,211.8,0.7238,0.3207,0.693,1.0,2.0
2025-07-28,KCR,ATL,142.8,-173.0,0.4118,0.6337,0.3939,7.0,10.0
2025-07-28,LAA,TEX,175.2,-214.0,0.3634,0.6815,0.3478,6.0,4.0
2025-07-28,MIL,CHC,-103.8,-116.5,0.5094,0.5381,0.4863,8.0,4.0
2025-07-28,MIN,BOS,-113.7,-73.0,0.532,0.422,0.5577,5.0,4.0
2025-07-28,NYY,TBR,-125.0,71.0,0.5556,0.5848,0.4872,2.0,4.0
2025-07-28,ATH,SEA,107.8,-128.7,0.4812,0.5627,0.4609,1.0,3.0
2025-07-28,SDP,NYM,-132.5,111.5,0.5699,0.4728,0.5466,7.0,6.0
2025-07-28,SFG,PIT,-133.2,111.3,0.5711,0.4732,0.5469,5.0,6.0
2025-07-28,STL,MIA,-123.8,104.2,0.5532,0.4898,0.5304,7.0,1.0
2025-07-29,BAL,TOR,-124.5,105.0,0.5546,0.4878,0.532,16.0,4.0
2025-07-29,CHW,PHI,153.5,-188.5,0.3945,0.6534,0.3765,3.0,6.0
2025-07-29,CIN,LAD,127.8,-157.0,0.4389,0.6109,0.4181,4.0,5.0
2025-07-29,CLE,COL,-204.8,166.7,0.672,0.375,0.6418,10.0,4.0
2025-07-29,DET,ARI,-157.8,130.2,0.6122,0.4345,0.5849,12.0,2.0
2025-07-29,HOU,WSN,-127.2,106.7,0.5598,0.4839,0.5364,7.0,4.0
2025-07-29,KCR,ATL,-148.2,119.5,0.597,0.4556,0.5672,9.0,6.0
2025-07-29,LAA,TEX,-132.3,111.0,0.5696,0.4739,0.5458,8.0,5.0
2025-07-29,MIL,CHC,-128.7,108.0,0.5627,0.4808,0.5393,9.0,3.0
2025-07-29,MIN,BOS,68.8,-124.7,0.5923,0.5549,0.5163,5.0,8.0
2025-07-29,NYY,TBR,-574.2,256.7,0.8517,0.2804,0.7523,7.0,5.0
2025-07-29,ATH,SEA,-73.8,-111.7,0.4247,0.5276,0.446,6.0,1.0
2025-07-29,SDP,NYM,108.7,-129.2,0.4792,0.5636,0.4595,7.0,1.0
2025-07-29,SFG,PIT,-172.8,142.2,0.6335,0.4129,0.6054,1.0,3.0
2025-07-29,STL,MIA,-160.0,130.5,0.6154,0.4338,0.5865,0.0,5.0
2025-07-30,BAL,TOR,-121.5,68.5,0.5485,0.5935,0.4803,8.0,9.0
2025-07-30,CHW,PHI,115.7,-137.5,0.4637,0.5789,0.4447,9.0,3.0
2025-07-30,CIN,LAD,139.2,-167.7,0.4181,0.6264,0.4003,5.0,2.0
2025-07-30,CLE,COL,-186.0,150.7,0.6503,0.3989,0.6198,5.0,0.0
2025-07-30,DET,ARI,-131.2,75.3,0.5674,0.5703,0.4987,7.0,2.0
2025-07-30,HOU,WSN,-114.2,-71.8,0.5331,0.418,0.5605,9.0,1.0
2025-07-30,KCR,ATL,-122.3,34.7,0.5502,0.7426,0.4256,1.0,0.0
2025-07-30,LAA,TEX,106.3,-125.7,0.4847,0.5569,0.4653,3.0,6.0
2025-07-30,MIL,CHC,-122.7,68.8,0.5509,0.5923,0.4819,3.0,10.0
2025-07-30,MIN,BOS,-123.8,69.3,0.5532,0.5906,0.4837,1.0,13.0
2025-07-30,NYY,TBR,-142.0,119.5,0.5868,0.4556,0.5629,5.0,4.0
2025-07-30,ATH,SEA,127.5,-152.5,0.4396,0.604,0.4212,5.0,4.0
2025-07-30,SDP,NYM,-116.8,-2.8,0.5388,0.0276,0.9514,5.0,0.0
2025-07-30,SFG,PIT,-212.7,173.7,0.6802,0.3654,0.6505,1.0,2.0
2025-07-30,STL,MIA,-139.3,116.8,0.5822,0.4612,0.558,0.0,2.0
2025-07-31,CIN,ATL,-162.2,134.8,0.6186,0.4258,0.5923,11.0,12.0
2025-07-31,NYY,TBR,32.8,-120.5,0.7528,0.5465,0.5794,7.0,4.0
2025-07-31,SEA,TEX,-173.0,142.8,0.6337,0.4118,0.6061,6.0,0.0
2025-08-01,BOS,HOU,106.5,-127.8,0.4843,0.5611,0.4633,2.0,1.0
2025-08-01,CHC,BAL,-148.8,90.0,0.5981,0.5263,0.5319,1.0,0.0
2025-08-01,CIN,ATL,-137.8,115.3,0.5795,0.4644,0.5551,3.0,2.0
2025-08-01,CLE,MIN,-122.8,69.3,0.5512,0.5906,0.4828,3.0,2.0
2025-08-01,COL,PIT,119.2,-142.8,0.4563,0.5882,0.4368,17.0,16.0
2025-08-01,LAA,CHW,-133.7,111.3,0.572,0.4732,0.5473,3.0,6.0
2025-08-01,MIA,NYY,132.5,-161.2,0.4301,0.6171,0.4107,13.0,12.0
2025-08-01,NYM,SFG,-143.7,119.7,0.5896,0.4552,0.5643,3.0,4.0
2025-08-01,ATH,ARI,-128.7,75.3,0.5627,0.5703,0.4966,5.0,1.0
2025-08-01,PHI,DET,-151.0,124.0,0.6016,0.4464,0.574,5.0,4.0
2025-08-01,SDP,STL,-200.0,163.0,0.6667,0.3802,0.6368,4.0,1.0
2025-08-01,SEA,TEX,-194.2,158.8,0.6601,0.3863,0.6308,4.0,3.0
2025-08-01,TBR,LAD,2.3,-122.8,0.9772,0.5512,0.6393,0.0,5.0
2025-08-01,TOR,KCR,-157.7,131.0,0.6119,0.4329,0.5857,3.0,9.0
2025-08-01,WSN,MIL,128.7,-154.2,0.4373,0.6066,0.4189,9.0,16.0
2025-08-02,BOS,HOU,-526.2,184.2,0.8403,0.3519,0.7048,7.0,3.0
2025-08-02,CHC,BAL,-231.5,188.5,0.6983,0.3466,0.6683,3.0,4.0
2025-08-02,CLE,MIN,-161.2,133.2,0.6171,0.4289,0.59,5.0,4.0
2025-08-02,COL,PIT,191.3,-238.5,0.3432,0.7046,0.3276,8.0,5.0
2025-08-02,LAA,CHW,-139.8,118.2,0.583,0.4584,0.5599,0.0,1.0
2025-08-02,MIA,NYY,-114.3,-106.3,0.5334,0.5153,0.5086,2.0,0.0
2025-08-02,NYM,SFG,-197.2,161.0,0.6635,0.3831,0.6339,12.0,6.0
2025-08-02,ATH,ARI,-120.5,67.3,0.5465,0.5976,0.4777,2.0,7.0
2025-08-02,PHI,DET,-116.0,-103.3,0.537,0.5082,0.5138,5.0,7.0
2025-08-02,SDP,STL,-151.8,126.7,0.6029,0.4412,0.5775,5.0,8.0
2025-08-02,SEA,TEX,-125.2,71.2,0.5559,0.5842,0.4876,4.0,6.0
2025-08-02,TBR,LAD,2.3,-123.7,0.9772,0.5529,0.6386,4.0,0.0
2025-08-02,TOR,KCR,-143.7,118.7,0.5896,0.4573,0.5632,4.0,2.0
2025-08-02,WSN,MIL,153.7,-187.3,0.3942,0.652,0.3768,2.0,8.0
2025-08-03,BOS,HOU,73.3,-128.0,0.5769,0.5614,0.5068,6.0,1.0
2025-08-03,CHC,BAL,-185.8,152.2,0.6501,0.3966,0.6211,5.0,3.0
2025-08-03,CLE,MIN,-167.3,139.0,0.6259,0.4184,0.5994,4.0,5.0
2025-08-03,COL,PIT,133.2,-159.5,0.4289,0.6146,0.411,5.0,9.0
2025-08-03,LAA,CHW,-136.3,115.2,0.5769,0.4648,0.5538,8.0,5.0
2025-08-03,MIA,NYY,-102.2,-118.8,0.5054,0.543,0.482,7.0,3.0
2025-08-03,NYM,SFG,-163.5,136.0,0.6205,0.4237,0.5942,4.0,12.0
2025-08-03,ATH,ARI,-87.0,32.0,0.4652,0.7576,0.3805,4.0,6.0
2025-08-03,PHI,DET,-186.7,153.8,0.6512,0.394,0.623,2.0,0.0
2025-08-03,SDP,STL,-200.8,162.3,0.6676,0.3812,0.6365,7.0,3.0
2025-08-03,SEA,TEX,119.8,-143.5,0.4549,0.5893,0.4356,5.0,4.0
2025-08-03,TBR,LAD,145.8,-177.8,0.4068,0.6401,0.3886,0.0,3.0
2025-08-03,TOR,KCR,-144.0,119.8,0.5902,0.4549,0.5647,4.0,7.0
2025-08-03,WSN,MIL,131.3,-158.3,0.4323,0.6129,0.4136,3.0,14.0
2025-08-04,ARI,SDP,111.7,-133.0,0.4724,0.5708,0.4529,6.0,2.0
2025-08-04,ATL,MIL,114.3,-137.2,0.4666,0.5784,0.4465,1.0,3.0
2025-08-04,BOS,KCR,-162.5,133.8,0.619,0.4277,0.5914,8.0,5.0
2025-08-04,CHC,CIN,-140.3,116.5,0.5839,0.4619,0.5583,2.0,3.0
2025-08-04,COL,TOR,174.5,-215.3,0.3643,0.6829,0.3479,1.0,15.0
2025-08-04,DET,MIN,-181.3,147.3,0.6445,0.4043,0.6145,6.0,3.0
2025-08-04,LAA,TBR,-121.7,1.0,0.5489,0.9901,0.3566,5.0,1.0
2025-08-04,LAD,STL,-179.8,147.7,0.6426,0.4038,0.6141,2.0,3.0
2025-08-04,MIA,HOU,-126.8,73.5,0.5591,0.5764,0.4924,2.0,8.0
2025-08-04,NYM,CLE,-206.5,169.8,0.6737,0.3706,0.6451,6.0,7.0
2025-08-04,PHI,BAL,-204.0,167.8,0.6711,0.3734,0.6425,13.0,3.0
2025-08-04,PIT,SFG,109.3,-130.5,0.4777,0.5662,0.4576,5.0,4.0
2025-08-04,TEX,NYY,117.0,-140.2,0.4608,0.5836,0.4412,8.0,5.0
2025-08-05,ARI,SDP,107.2,-128.8,0.4827,0.563,0.4616,5.0,10.0
2025-08-05,ATL,MIL,122.0,-146.2,0.4505,0.5938,0.4314,2.0,7.0
2025-08-05,BOS,KCR,-244.8,199.0,0.71,0.3344,0.6798,6.0,2.0
2025-08-05,CHC,CIN,-186.7,153.3,0.6512,0.3947,0.6226,1.0,5.0
2025-08-05,COL,TOR,183.2,-223.7,0.3531,0.691,0.3382,4.0,10.0
2025-08-05,DET,MIN,-143.2,119.8,0.5888,0.4549,0.5641,3.0,6.0
2025-08-05,LAA,TBR,-126.2,105.3,0.5578,0.487,0.5339,3.0,7.0
2025-08-05,LAD,STL,-187.8,153.5,0.6526,0.3945,0.6233,12.0,6.0
2025-08-05,MIA,HOU,-105.5,-115.3,0.5134,0.5356,0.4894,3.0,7.0
2025-08-05,NYM,CLE,-112.8,79.3,0.5301,0.5576,0.4874,2.0,3.0
2025-08-05,PHI,BAL,-143.5,119.5,0.5893,0.4556,0.564,5.0,0.0
2025-08-05,PIT,SFG,123.7,-148.3,0.4471,0.5973,0.4281,1.0,8.0
2025-08-05,SEA,CHW,-255.2,205.3,0.7184,0.3275,0.6869,8.0,3.0
2025-08-05,TEX,NYY,-131.0,110.0,0.5671,0.4762,0.5436,2.0,0.0
2025-08-05,WSN,ATH,-137.3,115.3,0.5787,0.4644,0.5548,7.0,16.0
2025-08-06,ARI,SDP,116.3,-139.3,0.4622,0.5822,0.4426,2.0,3.0
2025-08-06,ATL,MIL,-130.0,108.3,0.5652,0.48,0.5408,4.0,5.0
2025-08-06,BOS,KCR,-141.0,118.8,0.5851,0.457,0.5615,3.0,7.0
2025-08-06,CHC,CIN,-138.5,112.8,0.5807,0.4699,0.5528,6.0,1.0
2025-08-06,COL,TOR,206.8,-258.0,0.3259,0.7207,0.3114,1.0,20.0
2025-08-06,DET,MIN,-189.5,156.3,0.6546,0.3901,0.6266,4.0,9.0
2025-08-06,LAA,TBR,-34.7,-119.3,0.2574,0.5441,0.3212,4.0,5.0
2025-08-06,LAD,STL,-209.8,169.5,0.6772,0.3711,0.646,3.0,5.0
2025-08-06,MIA,HOU,-113.8,-105.8,0.5323,0.5142,0.5087,6.0,4.0
2025-08-06,NYM,CLE,-180.7,146.8,0.6437,0.4051,0.6137,1.0,4.0
2025-08-06,PHI,BAL,-181.2,146.5,0.6443,0.4057,0.6136,1.0,5.0
2025-08-06,PIT,SFG,129.0,-155.8,0.4367,0.6091,0.4176,2.0,4.0
2025-08-06,SEA,CHW,-273.2,220.3,0.732,0.3122,0.701,8.0,6.0
2025-08-06,TEX,NYY,170.3,-252.5,0.3699,0.7163,0.3405,2.0,3.0
2025-08-06,WSN,ATH,118.3,-142.7,0.458,0.5879,0.4379,2.0,1.0
2025-08-07,ATL,MIA,114.5,-135.5,0.4662,0.5754,0.4476,8.0,6.0
2025-08-07,PIT,CIN,-171.5,142.2,0.6317,0.4129,0.6047,7.0,0.0
2025-08-07,SEA,CHW,-299.2,231.7,0.7495,0.3015,0.7131,4.0,3.0
2025-08-07,WSN,ATH,121.5,-146.8,0.4515,0.5949,0.4315,0.0,6.0
2025-08-08,ARI,COL,-227.5,182.7,0.6947,0.3538,0.6626,6.0,1.0
2025-08-08,ATL,MIA,70.3,-124.0,0.5871,0.5536,0.5147,1.0,5.0
2025-08-08,BAL,ATH,-121.7,-32.0,0.5489,0.2424,0.6936,3.0,2.0
2025-08-08,CHW,CLE,117.5,-141.0,0.4598,0.5851,0.44,5.0,9.0
2025-08-08,DET,LAA,-302.0,234.3,0.7512,0.2991,0.7152,6.0,5.0
2025-08-08,LAD,TOR,-146.5,119.5,0.5943,0.4556,0.5661,5.0,1.0
2025-08-08,MIL,NYM,-142.7,83.7,0.5879,0.5445,0.5192,3.0,2.0
2025-08-08,MIN,KCR,-137.3,115.3,0.5787,0.4644,0.5548,9.0,4.0
2025-08-08,NYY,HOU,-114.8,-73.0,0.5345,0.422,0.5588,3.0,5.0
2025-08-08,PIT,CIN,68.0,-121.5,0.5952,0.5485,0.5204,3.0,2.0
2025-08-08,SDP,BOS,-177.5,145.3,0.6396,0.4076,0.6108,2.0,10.0
2025-08-08,SEA,TBR,-132.5,110.0,0.5699,0.4762,0.5448,3.0,2.0
2025-08-08,SFG,WSN,-171.0,138.3,0.631,0.4196,0.6006,5.0,0.0
2025-08-08,STL,CHC,142.0,-170.5,0.4132,0.6303,0.396,5.0,0.0
2025-08-08,TEX,PHI,108.0,-128.7,0.4808,0.5627,0.4607,1.0,9.0
2025-08-09,ARI,COL,-232.0,184.7,0.6988,0.3513,0.6655,6.0,5.0
2025-08-09,ATL,MIA,-116.3,-36.5,0.5378,0.2674,0.6679,7.0,1.0
2025-08-09,BAL,ATH,-119.2,-35.2,0.5437,0.2602,0.6764,3.0,11.0
2025-08-09,CHW,CLE,117.0,-141.7,0.4608,0.5862,0.4401,1.0,3.0
2025-08-09,DET,LAA,-134.0,111.3,0.5726,0.4732,0.5476,4.0,7.0
2025-08-09,LAD,TOR,-160.7,133.8,0.6164,0.4277,0.5904,9.0,1.0
2025-08-09,MIL,NYM,-70.0,-54.0,0.4118,0.3506,0.5401,7.0,4.0
2025-08-09,MIN,KCR,-43.0,-80.8,0.3007,0.447,0.4022,0.0,2.0
2025-08-09,NYY,HOU,-107.7,-111.3,0.5185,0.5268,0.496,5.0,4.0
2025-08-09,PIT,CIN,-108.5,-111.3,0.5204,0.5268,0.4969,1.0,2.0
2025-08-09,SDP,BOS,-145.3,120.0,0.5924,0.4545,0.5658,5.0,4.0
2025-08-09,SEA,TBR,-143.7,118.7,0.5896,0.4573,0.5632,7.0,4.0
2025-08-09,SFG,WSN,-166.3,139.2,0.6245,0.4181,0.599,2.0,4.0
2025-08-09,STL,CHC,33.7,-121.0,0.7481,0.5475,0.5774,1.0,9.0
2025-08-09,TEX,PHI,-132.7,111.5,0.5702,0.4728,0.5467,2.0,3.0
2025-08-10,ARI,COL,-292.8,224.8,0.7454,0.3079,0.7077,13.0,6.0
2025-08-10,ATL,MIA,-133.5,111.0,0.5717,0.4739,0.5468,7.0,1.0
2025-08-10,BAL,ATH,-123.7,70.2,0.5529,0.5877,0.4848,2.0,3.0
2025-08-10,CHW,CLE,108.5,-130.2,0.4796,0.5655,0.4589,6.0,4.0
2025-08-10,DET,LAA,-190.8,153.8,0.6562,0.394,0.6248,9.0,5.0
2025-08-10,LAD,TOR,-192.3,156.0,0.6579,0.3906,0.6275,4.0,5.0
2025-08-10,MIL,NYM,-116.8,-35.7,0.5388,0.2629,0.6721,7.0,6.0
2025-08-10,MIN,KCR,-109.8,-109.0,0.5234,0.5215,0.5009,5.0,3.0
2025-08-10,NYY,HOU,-218.0,178.2,0.6855,0.3595,0.656,1.0,7.0
2025-08-10,PIT,CIN,-110.5,-108.0,0.5249,0.5192,0.5027,8.0,14.0
2025-08-10,SDP,BOS,-151.2,124.7,0.6019,0.4451,0.5749,6.0,2.0
2025-08-10,SEA,TBR,-186.0,151.5,0.6503,0.3976,0.6206,6.0,3.0
2025-08-10,SFG,WSN,-159.0,131.3,0.6139,0.4323,0.5868,0.0,8.0
2025-08-10,STL,CHC,76.2,-130.3,0.5676,0.5658,0.5008,3.0,2.0
2025-08-10,TEX,PHI,135.3,-161.7,0.4249,0.6178,0.4075,2.0,4.0
2025-08-11,CHW,DET,123.5,-148.3,0.4474,0.5973,0.4283,1.0,2.0
2025-08-11,CIN,PHI,-128.8,74.7,0.563,0.5725,0.4958,1.0,4.0
2025-08-11,HOU,BOS,136.3,-166.3,0.4231,0.6245,0.4039,7.0,6.0
2025-08-11,KCR,WSN,-146.8,121.3,0.5949,0.4518,0.5683,7.0,4.0
2025-08-11,LAA,LAD,146.2,-177.0,0.4062,0.639,0.3887,7.0,4.0
2025-08-11,MIL,PIT,-202.7,166.2,0.6696,0.3757,0.6406,7.0,1.0
2025-08-11,NYY,MIN,-178.3,143.7,0.6407,0.4104,0.6096,6.0,2.0
2025-08-11,ATH,TBR,-112.3,-106.5,0.529,0.5157,0.5064,4.0,7.0
2025-08-11,SFG,SDP,-132.7,110.5,0.5702,0.4751,0.5455,1.0,4.0
2025-08-11,STL,COL,-213.2,174.3,0.6807,0.3645,0.6512,3.0,2.0
2025-08-11,TEX,ARI,-169.3,140.5,0.6287,0.4158,0.6019,7.0,6.0
2025-08-12,BAL,SEA,132.0,-158.0,0.431,0.6124,0.4131,0.0,1.0
2025-08-12,CHW,DET,105.7,-169.5,0.4862,0.6289,0.436,9.0,6.0
2025-08-12,CIN,PHI,123.7,-147.8,0.4471,0.5965,0.4284,6.0,1.0
2025-08-12,CLE,MIA,-141.0,117.8,0.5851,0.4591,0.5603,4.0,3.0
2025-08-12,HOU,BOS,-110.8,-109.7,0.5257,0.5231,0.5013,1.0,14.0
2025-08-12,KCR,WSN,-197.5,160.3,0.6639,0.3841,0.6335,8.0,5.0
2025-08-12,LAA,LAD,143.3,-174.2,0.411,0.6353,0.3928,7.0,6.0
2025-08-12,MIL,PIT,-137.0,114.3,0.5781,0.4666,0.5534,14.0,0.0
2025-08-12,NYM,ATL,-141.8,118.5,0.5865,0.4577,0.5617,13.0,5.0
2025-08-12,NYY,MIN,-222.7,182.7,0.6901,0.3538,0.6611,9.0,1.0
2025-08-12,ATH,TBR,-110.0,-108.8,0.5238,0.5211,0.5013,6.0,0.0
2025-08-12,SFG,SDP,-123.7,-32.2,0.5529,0.2434,0.6944,1.0,5.0
2025-08-12,STL,COL,-199.7,162.5,0.6663,0.381,0.6362,0.0,3.0
2025-08-12,TEX,ARI,-154.0,126.7,0.6063,0.4412,0.5788,2.0,3.0
2025-08-12,TOR,CHC,-126.3,106.3,0.5582,0.4847,0.5353,5.0,1.0
2025-08-13,BAL,SEA,115.2,-140.5,0.4648,0.5842,0.4431,4.0,3.0
2025-08-13,CHW,DET,118.2,-141.5,0.4584,0.5859,0.4389,0.0,1.0
2025-08-13,CIN,PHI,107.3,-130.0,0.4823,0.5652,0.4604,8.0,0.0
2025-08-13,CLE,MIA,-133.0,111.7,0.5708,0.4724,0.5471,4.0,13.0
2025-08-13,HOU,BOS,-159.7,133.0,0.6149,0.4292,0.5889,4.0,1.0
2025-08-13,KCR,WSN,-175.5,142.7,0.637,0.4121,0.6072,7.0,8.0
2025-08-13,LAA,LAD,162.8,-198.5,0.3805,0.665,0.3639,6.0,5.0
2025-08-13,MIL,PIT,-244.8,193.8,0.71,0.3403,0.676,12.0,5.0
2025-08-13,NYM,ATL,-208.8,169.5,0.6762,0.3711,0.6457,6.0,11.0
2025-08-13,NYY,MIN,-149.7,123.3,0.5995,0.4478,0.5724,1.0,4.0
2025-08-13,ATH,TBR,120.7,-144.2,0.4532,0.5904,0.4342,2.0,8.0
2025-08-13,SFG,SDP,122.3,-146.2,0.4498,0.5938,0.431,1.0,11.0
2025-08-13,STL,COL,-234.7,187.8,0.7012,0.3474,0.6687,5.0,6.0
2025-08-13,TEX,ARI,-150.0,124.2,0.6,0.4461,0.5736,4.0,6.0
2025-08-13,TOR,CHC,-132.0,110.8,0.569,0.4743,0.5454,1.0,4.0
2025-08-14,BAL,SEA,109.0,-129.3,0.4785,0.564,0.459,5.0,3.0
2025-08-14,CLE,MIA,-90.5,106.8,0.4751,0.4835,0.4956,9.0,4.0
2025-08-14,COL,ARI,144.2,-174.2,0.4096,0.6353,0.392,2.0,8.0
2025-08-14,MIN,DET,167.8,-207.5,0.3734,0.6748,0.3562,3.0,4.0
2025-08-14,NYM,ATL,-192.7,159.0,0.6583,0.3861,0.6303,3.0,4.0
2025-08-14,TOR,CHC,-33.8,-118.8,0.2528,0.543,0.3177,2.0,1.0
2025-08-14,WSN,PHI,50.8,-114.0,0.663,0.5327,0.5545,3.0,2.0
2025-08-15,BOS,MIA,-167.0,139.8,0.6255,0.417,0.6,2.0,1.0
2025-08-15,CHC,PIT,-195.3,156.8,0.6614,0.3894,0.6295,2.0,3.0
2025-08-15,CIN,MIL,117.3,-139.5,0.4601,0.5825,0.4413,8.0,10.0
2025-08-15,CLE,ATL,-119.8,-66.7,0.5451,0.4,0.5768,0.0,2.0
2025-08-15,COL,ARI,161.0,-197.0,0.3831,0.6633,0.3661,4.0,3.0
2025-08-15,HOU,BAL,-222.8,182.7,0.6902,0.3538,0.6611,0.0,7.0
2025-08-15,KCR,CHW,-183.7,149.5,0.6475,0.4008,0.6177,3.0,1.0
2025-08-15,LAD,SDP,-143.0,120.5,0.5885,0.4535,0.5648,3.0,2.0
2025-08-15,MIN,DET,109.8,-133.2,0.4766,0.5711,0.4549,0.0,7.0
2025-08-15,NYM,SEA,-130.3,109.5,0.5658,0.4773,0.5424,9.0,11.0
2025-08-15,ATH,LAA,-107.2,-111.7,0.5173,0.5276,0.4951,10.0,3.0
2025-08-15,SFG,TBR,-119.8,-66.7,0.5451,0.4,0.5768,6.0,7.0
2025-08-15,STL,NYY,116.3,-139.0,0.4622,0.5816,0.4428,3.0,4.0
2025-08-15,TOR,TEX,-105.7,-113.8,0.5138,0.5323,0.4911,6.0,5.0
2025-08-15,WSN,PHI,161.7,-197.2,0.3822,0.6635,0.3655,2.0,6.0
2025-08-16,BOS,MIA,-194.3,160.5,0.6602,0.3839,0.6323,7.0,5.0
2025-08-16,CHC,PIT,-223.8,181.3,0.6912,0.3555,0.6604,3.0,1.0
2025-08-16,CIN,MIL,104.0,-124.2,0.4902,0.5539,0.4695,5.0,6.0
2025-08-16,CLE,ATL,-110.0,-109.5,0.5238,0.5227,0.5005,1.0,10.0
2025-08-16,COL,ARI,141.8,-170.8,0.4135,0.6308,0.396,10.0,7.0
2025-08-16,HOU,BAL,-139.0,116.5,0.5816,0.4619,0.5574,5.0,4.0
2025-08-16,KCR,CHW,-150.7,123.8,0.6011,0.4468,0.5736,6.0,2.0
2025-08-16,LAD,SDP,-126.5,71.7,0.5585,0.5825,0.4895,6.0,0.0
2025-08-16,MIN,DET,12.7,-331.7,0.8876,0.7683,0.536,5.0,8.0
2025-08-16,NYM,SEA,-104.8,-115.2,0.5118,0.5352,0.4888,3.0,1.0
2025-08-16,ATH,LAA,-123.7,69.5,0.5529,0.59,0.4838,7.0,2.0
2025-08-16,SFG,TBR,-108.7,-77.0,0.5208,0.435,0.5449,1.0,2.0
2025-08-16,STL,NYY,125.8,-153.0,0.4428,0.6047,0.4227,8.0,12.0
2025-08-16,TOR,TEX,-172.2,143.0,0.6326,0.4115,0.6059,14.0,2.0
2025-08-16,WSN,PHI,122.0,-145.8,0.4505,0.5932,0.4316,2.0,0.0
2025-08-17,BOS,MIA,-118.7,-59.8,0.5427,0.3743,0.5918,3.0,5.0
2025-08-17,CHC,PIT,-190.8,156.3,0.6562,0.3901,0.6271,4.0,3.0
2025-08-17,CIN,MIL,-122.2,69.5,0.5499,0.59,0.4824,3.0,2.0
2025-08-17,CLE,ATL,-118.2,-35.2,0.5416,0.2602,0.6755,4.0,5.0
2025-08-17,COL,ARI,123.0,-148.8,0.4484,0.5981,0.4285,6.0,5.0
2025-08-17,HOU,BAL,-124.7,36.5,0.5549,0.7326,0.431,0.0,12.0
2025-08-17,KCR,CHW,-169.7,139.2,0.6292,0.4181,0.6008,6.0,2.0
2025-08-17,LAD,SDP,-142.5,119.5,0.5876,0.4556,0.5633,5.0,4.0
2025-08-17,MIN,DET,39.0,-127.5,0.7194,0.5604,0.5621,8.0,1.0
2025-08-17,NYM,SEA,0.2,-120.3,0.9983,0.5461,0.6464,7.0,3.0
2025-08-17,ATH,LAA,-110.2,-108.5,0.5242,0.5204,0.5018,5.0,11.0
2025-08-17,SFG,TBR,-142.3,118.7,0.5873,0.4573,0.5622,7.0,1.0
2025-08-17,STL,NYY,131.3,-156.7,0.4323,0.6104,0.4146,4.0,8.0
2025-08-17,TOR,TEX,-116.5,-3.2,0.5381,0.0307,0.946,4.0,10.0
2025-08-17,WSN,PHI,171.8,-208.2,0.3679,0.6755,0.3526,9.0,11.0
2025-08-18,ARI,CLE,-122.3,68.3,0.5502,0.5941,0.4808,1.0,3.0
2025-08-18,ATL,CHW,-216.5,175.7,0.684,0.3628,0.6535,9.0,13.0
2025-08-18,BOS,BAL,-123.8,103.7,0.5532,0.491,0.5298,3.0,6.0
2025-08-18,CHC,MIL,-115.8,-104.5,0.5367,0.511,0.5123,0.0,7.0
2025-08-18,COL,LAD,254.8,-344.5,0.2818,0.775,0.2667,4.0,3.0
2025-08-18,DET,HOU,-152.7,127.3,0.6042,0.4399,0.5787,10.0,0.0
2025-08-18,KCR,TEX,-127.5,107.8,0.5604,0.4812,0.5381,4.0,3.0
2025-08-18,LAA,CIN,-105.5,-114.5,0.5134,0.5338,0.4903,1.0,4.0
2025-08-18,MIA,STL,-142.0,117.5,0.5868,0.4598,0.5607,3.0,8.0
2025-08-18,PHI,SEA,-114.2,-70.8,0.5331,0.4146,0.5625,12.0,7.0
2025-08-18,PIT,TOR,-113.8,-105.7,0.5323,0.5138,0.5089,5.0,2.0
2025-08-18,SDP,SFG,-145.0,120.5,0.5918,0.4535,0.5662,3.0,4.0
2025-08-19,ARI,CLE,-119.2,-0.7,0.5437,0.0066,0.988,6.0,5.0
2025-08-19,ATL,CHW,-163.3,134.5,0.6203,0.4264,0.5926,11.0,10.0
2025-08-19,BOS,BAL,-145.5,122.0,0.5927,0.4505,0.5682,3.0,4.0
2025-08-19,CHC,MIL,-149.7,90.2,0.5995,0.5259,0.5327,6.0,4.0
2025-08-19,COL,LAD,210.8,-262.8,0.3217,0.7244,0.3075,4.0,11.0
2025-08-19,DET,HOU,-159.3,133.0,0.6144,0.4292,0.5887,1.0,0.0
2025-08-19,KCR,TEX,-108.5,-78.2,0.5204,0.4387,0.5426,5.0,2.0
2025-08-19,LAA,CIN,114.5,-138.8,0.4662,0.5813,0.4451,4.0,6.0
2025-08-19,MIA,STL,-142.2,119.0,0.5871,0.4566,0.5625,4.0,7.0
2025-08-19,MIN,ATH,-146.0,121.0,0.5935,0.4525,0.5674,3.0,6.0
2025-08-19,PHI,SEA,-220.3,174.2,0.6878,0.3647,0.6535,6.0,4.0
2025-08-19,PIT,TOR,123.2,-147.3,0.4481,0.5957,0.4293,3.0,7.0
2025-08-19,SDP,SFG,-201.3,164.2,0.6681,0.3785,0.6383,5.0,1.0
2025-08-19,TBR,NYY,115.0,-137.5,0.4651,0.5789,0.4455,3.0,13.0
2025-08-19,WSN,NYM,166.7,-205.3,0.375,0.6725,0.358,1.0,8.0
2025-08-20,ARI,CLE,-117.8,-68.7,0.5409,0.4071,0.5706,3.0,2.0
2025-08-20,ATL,CHW,-185.2,152.3,0.6493,0.3963,0.621,1.0,0.0
2025-08-20,CHC,MIL,-69.5,-119.8,0.41,0.5451,0.4293,4.0,3.0
2025-08-20,COL,LAD,238.0,-299.8,0.2959,0.7499,0.2829,8.0,3.0
2025-08-20,DET,HOU,-68.2,-120.3,0.4054,0.5461,0.426,7.0,2.0
2025-08-20,KCR,TEX,-102.2,77.0,0.5054,0.565,0.4722,3.0,6.0
2025-08-20,LAA,CIN,-126.8,106.7,0.5591,0.4839,0.5361,2.0,1.0
2025-08-20,MIA,STL,-116.8,-69.2,0.5388,0.4089,0.5686,6.0,2.0
2025-08-20,MIN,ATH,-84.2,53.0,0.457,0.6536,0.4115,2.0,4.0
2025-08-20,PHI,SEA,-144.7,122.0,0.5913,0.4505,0.5676,11.0,2.0
2025-08-20,PIT,TOR,126.8,-153.3,0.4409,0.6053,0.4214,2.0,1.0
2025-08-20,SDP,SFG,-140.3,118.7,0.5839,0.4573,0.5608,8.0,1.0
2025-08-20,TBR,NYY,-115.0,-72.2,0.5349,0.4192,0.5606,4.0,6.0
2025-08-20,WSN,NYM,144.8,-175.5,0.4084,0.637,0.3907,5.0,4.0
2025-08-21,BAL,HOU,-117.7,-68.7,0.5406,0.4071,0.5704,2.0,7.0
2025-08-21,CHC,MIL,-141.3,116.7,0.5856,0.4615,0.5593,1.0,4.0
2025-08-21,COL,LAD,184.0,-227.8,0.3521,0.695,0.3363,5.0,9.0
2025-08-21,KCR,TEX,-116.7,-36.5,0.5385,0.2674,0.6682,6.0,4.0
2025-08-21,MIN,ATH,-71.5,-114.8,0.4169,0.5345,0.4382,3.0,8.0
2025-08-21,NYY,BOS,-145.3,120.5,0.5924,0.4535,0.5664,3.0,6.0
2025-08-21,SDP,SFG,-189.5,157.8,0.6546,0.3878,0.6279,8.0,4.0
2025-08-21,TBR,STL,-35.2,-120.3,0.2602,0.5461,0.3227,4.0,7.0
2025-08-21,WSN,NYM,141.7,-187.7,0.4138,0.6524,0.3881,9.0,3.0
2025-08-22,ARI,CIN,-136.2,112.0,0.5766,0.4717,0.55,6.0,5.0
2025-08-22,ATL,NYM,-115.7,-105.7,0.5363,0.5138,0.5107,7.0,12.0
2025-08-22,BAL,HOU,-108.3,-111.8,0.52,0.5279,0.4962,7.0,10.0
2025-08-22,CHW,MIN,54.3,-83.7,0.6479,0.4555,0.5872,7.0,9.0
2025-08-22,DET,KCR,-161.7,134.8,0.6178,0.4258,0.592,7.0,5.0
2025-08-22,LAA,CHC,111.8,-134.2,0.4721,0.573,0.4517,2.0,3.0
2025-08-22,MIA,TOR,136.5,-166.2,0.4228,0.6243,0.4038,2.0,5.0
2025-08-22,MIL,SFG,-181.5,150.0,0.6448,0.4,0.6171,5.0,4.0
2025-08-22,NYY,BOS,-196.8,161.0,0.6631,0.3831,0.6338,0.0,1.0
2025-08-22,PHI,WSN,-58.3,-145.5,0.3684,0.5927,0.3833,4.0,5.0
2025-08-22,PIT,COL,-226.2,186.2,0.6934,0.3494,0.6649,9.0,0.0
2025-08-22,SDP,LAD,69.0,-123.7,0.5917,0.5529,0.517,2.0,1.0
2025-08-22,SEA,ATH,-227.3,184.3,0.6945,0.3517,0.6638,3.0,2.0
2025-08-22,TBR,STL,-138.0,116.3,0.5798,0.4622,0.5564,10.0,6.0
2025-08-22,TEX,CLE,-168.8,140.7,0.628,0.4155,0.6018,4.0,3.0
2025-08-23,ARI,CIN,68.3,-120.8,0.5941,0.5472,0.5205,10.0,1.0
2025-08-23,ATL,NYM,34.3,-120.5,0.7444,0.5465,0.5767,2.0,9.0
2025-08-23,BAL,HOU,-119.3,-1.2,0.5441,0.0115,0.9792,8.0,9.0
2025-08-23,CHW,MIN,-1757.8,83.2,0.9462,0.546,0.6341,7.0,3.0
2025-08-23,DET,KCR,-122.5,68.5,0.5506,0.5935,0.4812,4.0,2.0
2025-08-23,LAA,CHC,125.3,-152.0,0.4438,0.6032,0.4239,1.0,12.0
2025-08-23,MIA,TOR,120.5,-145.5,0.4535,0.5927,0.4335,6.0,7.0
2025-08-23,MIL,SFG,-136.5,115.3,0.5772,0.4644,0.5541,1.0,7.0
2025-08-23,NYY,BOS,-33.3,-119.7,0.25,0.5448,0.3146,1.0,12.0
2025-08-23,PHI,WSN,-256.8,208.3,0.7198,0.3243,0.6894,6.0,4.0
2025-08-23,PIT,COL,-181.7,150.0,0.645,0.4,0.6172,5.0,1.0
2025-08-23,SDP,LAD,117.5,-142.3,0.4598,0.5873,0.4391,5.0,1.0
2025-08-23,SEA,ATH,-175.7,144.7,0.6372,0.4087,0.6092,1.0,2.0
2025-08-23,TEX,CLE,-128.3,74.3,0.562,0.5736,0.4949,10.0,0.0
2025-08-24,ARI,CIN,-128.7,107.0,0.5627,0.4831,0.5381,1.0,6.0
2025-08-24,ATL,NYM,-55.2,-36.7,0.3555,0.2683,0.5699,4.0,3.0
2025-08-24,BAL,HOU,-136.8,114.7,0.5778,0.4658,0.5536,3.0,2.0
2025-08-24,CHW,MIN,-32.5,-122.2,0.2453,0.5499,0.3085,8.0,0.0
2025-08-24,DET,KCR,-153.0,128.2,0.6047,0.4383,0.5798,8.0,10.0
2025-08-24,LAA,CHC,117.7,-140.7,0.4594,0.5845,0.4401,3.0,4.0
2025-08-24,MIA,TOR,-242.0,7.8,0.7076,0.9274,0.4328,5.0,3.0
2025-08-24,MIL,SFG,-96.8,72.8,0.492,0.5786,0.4595,3.0,4.0
2025-08-24,NYY,BOS,-168.5,140.7,0.6276,0.4155,0.6016,7.0,2.0
2025-08-24,PHI,WSN,-282.8,225.2,0.7388,0.3075,0.7061,3.0,2.0
2025-08-24,PIT,COL,-316.2,244.7,0.7597,0.2901,0.7236,4.0,0.0
2025-08-24,SDP,LAD,-107.7,-113.8,0.5185,0.5323,0.4934,2.0,8.0
2025-08-24,SEA,ATH,-182.5,149.3,0.646,0.4011,0.617,11.0,4.0
2025-08-24,TBR,STL,-140.8,117.5,0.5848,0.4598,0.5598,7.0,2.0
2025-08-24,TEX,CLE,-130.7,106.8,0.5665,0.4835,0.5395,5.0,0.0
2025-08-25,BAL,BOS,-67.3,-119.3,0.4024,0.5441,0.4252,3.0,4.0
2025-08-25,CHW,KCR,114.5,-135.7,0.4662,0.5757,0.4475,7.0,0.0
2025-08-25,CLE,TBR,-128.8,73.7,0.563,0.5758,0.4944,0.0,9.0
2025-08-25,LAD,CIN,-140.5,116.3,0.5842,0.4622,0.5583,7.0,0.0
2025-08-25,MIA,ATL,69.2,-124.0,0.5911,0.5536,0.5164,2.0,1.0
2025-08-25,MIL,ARI,-188.2,154.5,0.653,0.3929,0.6243,7.0,5.0
2025-08-25,NYM,PHI,71.7,-125.5,0.5825,0.5565,0.5114,13.0,3.0
2025-08-25,NYY,WSN,-242.2,192.3,0.7077,0.3421,0.6742,10.0,5.0
2025-08-25,ATH,DET,181.3,-218.7,0.3555,0.6862,0.3412,8.0,3.0
2025-08-25,SEA,SDP,-126.3,106.5,0.5582,0.4843,0.5355,9.0,6.0
2025-08-25,STL,PIT,-134.5,113.3,0.5736,0.4688,0.5503,7.0,6.0
2025-08-25,TEX,LAA,-197.2,160.8,0.6635,0.3834,0.6338,0.0,4.0
2025-08-25,TOR,MIN,-146.0,123.0,0.5935,0.4484,0.5696,10.0,4.0
2025-08-26,BAL,BOS,32.0,-119.7,0.7576,0.5448,0.5817,0.0,5.0
2025-08-26,CHW,KCR,68.5,-120.8,0.5935,0.5472,0.5203,4.0,5.0
2025-08-26,CLE,TBR,-119.7,-0.8,0.5448,0.0083,0.9851,3.0,0.0
2025-08-26,HOU,COL,-375.5,297.7,0.7897,0.2515,0.7585,1.0,6.0
2025-08-26,LAD,CIN,-189.7,156.2,0.6548,0.3904,0.6265,6.0,3.0
2025-08-26,MIA,ATL,72.7,-127.3,0.5792,0.5601,0.5084,2.0,11.0
2025-08-26,MIL,ARI,-176.8,145.0,0.6388,0.4082,0.6101,9.0,8.0
2025-08-26,NYM,PHI,-106.3,-111.5,0.5153,0.5272,0.4943,6.0,5.0
2025-08-26,NYY,WSN,-200.2,161.2,0.6669,0.3829,0.6352,5.0,1.0
2025-08-26,ATH,DET,71.5,-128.7,0.5831,0.5627,0.5089,7.0,6.0
2025-08-26,SEA,SDP,-112.2,-106.2,0.5287,0.515,0.5066,6.0,7.0
2025-08-26,SFG,CHC,124.0,-147.7,0.4464,0.5962,0.4282,5.0,2.0
2025-08-26,STL,PIT,-128.5,74.3,0.5624,0.5736,0.495,3.0,8.0
2025-08-26,TEX,LAA,-112.2,-105.8,0.5287,0.5142,0.507,7.0,3.0
2025-08-26,TOR,MIN,-199.3,162.3,0.6659,0.3812,0.636,5.0,7.0
2025-08-27,BAL,BOS,119.3,-140.8,0.4559,0.5848,0.4381,2.0,3.0
2025-08-27,CHW,KCR,110.3,-130.0,0.4754,0.5652,0.4569,1.0,12.0
2025-08-27,CLE,TBR,123.8,-149.3,0.4468,0.5989,0.4272,4.0,3.0
2025-08-27,HOU,COL,-301.3,241.5,0.7508,0.2928,0.7194,4.0,0.0
2025-08-27,LAD,CIN,-189.5,151.2,0.6546,0.3981,0.6218,5.0,1.0
2025-08-27,MIA,ATL,35.3,-122.2,0.7389,0.5499,0.5733,1.0,12.0
2025-08-27,MIL,ARI,-141.0,118.3,0.5851,0.458,0.5609,2.0,3.0
2025-08-27,NYM,PHI,-157.2,130.3,0.6111,0.4342,0.5847,6.0,0.0
2025-08-27,NYY,WSN,-286.3,231.8,0.7412,0.3014,0.7109,11.0,2.0
2025-08-27,ATH,DET,109.5,-131.7,0.4773,0.5683,0.4565,7.0,0.0
2025-08-27,SEA,SDP,-152.2,127.0,0.6034,0.4405,0.578,4.0,3.0
2025-08-27,SFG,CHC,75.0,-129.0,0.5714,0.5633,0.5036,12.0,3.0
2025-08-27,STL,PIT,-178.0,148.0,0.6403,0.4032,0.6136,1.0,2.0
2025-08-27,TEX,LAA,-162.5,137.2,0.619,0.4216,0.5948,20.0,3.0
2025-08-27,TOR,MIN,-186.0,154.8,0.6503,0.3924,0.6237,9.0,8.0
2025-08-28,BAL,BOS,262.3,-583.3,0.276,0.8537,0.2443,2.0,3.0
2025-08-28,CHW,NYY,157.2,-189.8,0.3889,0.655,0.3725,4.0,10.0
2025-08-28,HOU,COL,-253.7,206.2,0.7172,0.3266,0.6871,4.0,3.0
2025-08-28,MIL,ARI,-163.8,135.5,0.621,0.4246,0.5939,4.0,6.0
2025-08-28,NYM,MIA,-261.0,210.5,0.723,0.3221,0.6918,4.0,7.0
2025-08-28,PHI,ATL,-176.0,144.8,0.6377,0.4084,0.6096,19.0,4.0
2025-08-28,SFG,CHC,-118.0,0.2,0.5413,0.9983,0.3516,4.0,3.0
2025-08-28,STL,PIT,-121.2,68.3,0.5479,0.5941,0.4798,4.0,1.0
2025-08-29,BOS,PIT,-21.2,-238.7,0.1747,0.7047,0.1986,2.0,4.0
2025-08-29,CHW,NYY,185.0,-227.5,0.3509,0.6947,0.3356,2.0,10.0
2025-08-29,CIN,STL,-133.2,78.3,0.5711,0.5607,0.5046,5.0,7.0
2025-08-29,CLE,SEA,130.7,-159.0,0.4335,0.6139,0.4139,5.0,4.0
2025-08-29,COL,CHC,186.3,-230.0,0.3492,0.697,0.3338,7.0,11.0
2025-08-29,HOU,LAA,-165.2,137.7,0.6229,0.4208,0.5968,2.0,0.0
2025-08-29,KCR,DET,-121.5,1.5,0.5485,0.9852,0.3576,3.0,5.0
2025-08-29,LAD,ARI,-224.8,184.7,0.6921,0.3513,0.6633,0.0,3.0
2025-08-29,MIN,SDP,106.2,-124.7,0.485,0.5549,0.4664,7.0,4.0
2025-08-29,NYM,MIA,-175.0,140.5,0.6364,0.4158,0.6048,19.0,9.0
2025-08-29,ATH,TEX,-143.7,119.8,0.5896,0.4549,0.5645,2.0,5.0
2025-08-29,PHI,ATL,-198.8,164.3,0.6654,0.3783,0.6375,2.0,1.0
2025-08-29,SFG,BAL,-146.2,122.5,0.5938,0.4494,0.5692,15.0,8.0
2025-08-29,TOR,MIL,-132.5,78.2,0.5699,0.5613,0.5038,2.0,7.0
2025-08-29,WSN,TBR,118.8,-142.2,0.457,0.5871,0.4377,1.0,4.0
2025-08-30,BOS,PIT,-182.5,150.8,0.646,0.3987,0.6184,3.0,10.0
2025-08-30,CHW,NYY,165.0,-204.2,0.3774,0.6712,0.3599,3.0,5.0
2025-08-30,CIN,STL,-96.7,68.5,0.4915,0.5935,0.453,2.0,4.0
2025-08-30,CLE,SEA,124.5,-150.7,0.4454,0.6011,0.4256,4.0,3.0
2025-08-30,COL,CHC,167.7,-203.2,0.3736,0.6701,0.3579,3.0,4.0
2025-08-30,HOU,LAA,-166.5,136.8,0.6248,0.4222,0.5967,1.0,4.0
2025-08-30,KCR,DET,66.7,-119.8,0.6,0.5451,0.524,3.0,1.0
2025-08-30,LAD,ARI,-231.8,184.5,0.6986,0.3515,0.6653,1.0,6.0
2025-08-30,MIN,SDP,134.8,-163.5,0.4258,0.6205,0.407,3.0,12.0
2025-08-30,NYM,MIA,-178.0,146.7,0.6403,0.4054,0.6123,8.0,11.0
2025-08-30,ATH,TEX,112.2,-132.8,0.4713,0.5705,0.4524,3.0,9.0
2025-08-30,PHI,ATL,-145.0,121.5,0.5918,0.4515,0.5673,3.0,2.0
2025-08-30,SFG,BAL,-69.3,-119.3,0.4094,0.5441,0.4294,1.0,11.0
2025-08-30,TOR,MIL,-170.8,135.7,0.6308,0.4243,0.5978,1.0,4.0
2025-08-30,WSN,TBR,168.3,-232.2,0.3727,0.6989,0.3478,1.0,4.0
2025-08-31,BOS,PIT,-175.8,146.3,0.6375,0.406,0.6109,5.0,2.0
2025-08-31,CHW,NYY,149.7,-183.3,0.4005,0.6471,0.3823,3.0,2.0
2025-08-31,CIN,STL,-136.3,79.8,0.5769,0.5561,0.5092,7.0,4.0
2025-08-31,CLE,SEA,-72.3,-113.5,0.4197,0.5316,0.4412,2.0,4.0
2025-08-31,COL,CHC,202.5,-258.5,0.3306,0.7211,0.3143,6.0,5.0
2025-08-31,HOU,LAA,-174.3,144.8,0.6355,0.4084,0.6087,0.0,3.0
2025-08-31,KCR,DET,144.0,-174.5,0.4098,0.6357,0.392,0.0,5.0
2025-08-31,LAD,ARI,-237.5,193.0,0.7037,0.3413,0.6734,5.0,4.0
2025-08-31,MIN,SDP,-126.0,106.0,0.5575,0.4854,0.5346,7.0,2.0
2025-08-31,NYM,MIA,-179.2,151.0,0.6418,0.3984,0.617,1.0,5.0
2025-08-31,ATH,TEX,128.2,-153.3,0.4383,0.6053,0.42,6.0,9.0
2025-08-31,PHI,ATL,-165.3,137.8,0.6231,0.4205,0.5971,1.0,3.0
2025-08-31,SFG,BAL,-151.8,125.8,0.6029,0.4428,0.5766,13.0,2.0
2025-08-31,TOR,MIL,-106.8,-113.8,0.5165,0.5323,0.4925,8.0,4.0
2025-08-31,WSN,TBR,120.5,-146.3,0.4535,0.594,0.4329,4.0,7.0
2025-09-01,ARI,TEX,-144.2,120.2,0.5904,0.4542,0.5652,5.0,7.0
2025-09-01,BOS,CLE,-148.8,124.2,0.5981,0.4461,0.5728,6.0,4.0
2025-09-01,CHC,ATL,-123.7,68.7,0.5529,0.5929,0.4826,7.0,6.0
2025-09-01,CIN,TOR,-121.5,68.2,0.5485,0.5946,0.4798,5.0,4.0
2025-09-01,COL,SFG,121.8,-145.2,0.4508,0.5921,0.4322,2.0,8.0
2025-09-01,DET,NYM,-105.5,-113.7,0.5134,0.532,0.4911,8.0,10.0
2025-09-01,HOU,LAA,-161.0,134.2,0.6169,0.427,0.5909,8.0,3.0
2025-09-01,MIL,PHI,-155.3,128.0,0.6084,0.4386,0.5811,8.0,10.0
2025-09-01,MIN,CHW,-177.8,144.7,0.6401,0.4087,0.6103,5.0,6.0
2025-09-01,SDP,BAL,-160.7,133.3,0.6164,0.4286,0.5899,3.0,4.0
2025-09-01,STL,ATH,-157.0,130.8,0.6109,0.4332,0.5851,3.0,11.0
2025-09-01,TBR,SEA,-74.8,-111.0,0.428,0.5261,0.4486,10.0,2.0
2025-09-01,WSN,MIA,-121.0,-66.3,0.5475,0.3988,0.5786,2.0,0.0
2025-09-02,ARI,TEX,-109.7,-108.5,0.5231,0.5204,0.5013,5.0,3.0
2025-09-02,BOS,CLE,-258.3,209.7,0.7209,0.3229,0.6906,11.0,7.0
2025-09-02,CHC,ATL,-175.0,145.3,0.6364,0.4076,0.6096,4.0,3.0
2025-09-02,CIN,TOR,73.2,-127.7,0.5775,0.5608,0.5073,9.0,12.0
2025-09-02,COL,SFG,193.2,-236.2,0.3411,0.7025,0.3268,4.0,7.0
2025-09-02,DET,NYM,108.7,-131.2,0.4792,0.5674,0.4579,5.0,12.0
2025-09-02,HOU,NYY,145.0,-197.8,0.4082,0.6642,0.3806,1.0,7.0
2025-09-02,KCR,LAA,-173.2,142.3,0.6339,0.4127,0.6057,1.0,5.0
2025-09-02,MIN,CHW,-142.8,120.0,0.5882,0.4545,0.5641,3.0,12.0
2025-09-02,PIT,LAD,147.3,-174.0,0.4043,0.635,0.389,9.0,7.0
2025-09-02,SDP,BAL,-186.7,153.8,0.6512,0.394,0.623,2.0,6.0
2025-09-02,STL,ATH,-108.7,-109.7,0.5208,0.5231,0.4989,2.0,1.0
2025-09-02,TBR,SEA,-2.2,-118.3,0.0212,0.542,0.0377,6.0,5.0
2025-09-02,WSN,MIA,-125.3,104.5,0.5562,0.489,0.5322,5.0,2.0
2025-09-03,ARI,TEX,-128.0,108.5,0.5614,0.4796,0.5393,2.0,0.0
2025-09-03,BOS,CLE,-14.7,-175.3,0.1279,0.6368,0.1673,1.0,8.0
2025-09-03,CHC,ATL,-154.3,126.8,0.6068,0.4409,0.5792,1.0,5.0
2025-09-03,CIN,TOR,131.7,-157.7,0.4317,0.6119,0.4136,9.0,13.0
2025-09-03,COL,SFG,159.2,-192.8,0.3859,0.6585,0.3695,8.0,10.0
2025-09-03,DET,NYM,-69.5,-117.8,0.41,0.5409,0.4312,6.0,2.0
2025-09-03,HOU,NYY,117.8,-142.7,0.4591,0.5879,0.4385,8.0,7.0
2025-09-03,KCR,LAA,-251.0,179.7,0.7151,0.3576,0.6667,3.0,4.0
2025-09-03,MIL,PHI,-39.2,-114.7,0.2814,0.5342,0.3451,6.0,3.0
2025-09-03,MIN,CHW,-174.0,143.0,0.635,0.4115,0.6068,3.0,4.0
2025-09-03,PIT,LAD,139.8,-166.5,0.417,0.6248,0.4003,3.0,0.0
2025-09-03,SDP,BAL,-185.2,152.3,0.6493,0.3963,0.621,5.0,7.0
2025-09-03,STL,ATH,-111.8,-106.2,0.5279,0.515,0.5062,5.0,1.0
2025-09-03,TBR,SEA,111.8,-133.7,0.4721,0.572,0.4521,9.0,4.0
2025-09-03,WSN,MIA,124.2,-148.8,0.4461,0.5981,0.4272,10.0,5.0
2025-09-04,HOU,NYY,117.5,-140.0,0.4598,0.5833,0.4408,4.0,8.0
2025-09-04,KCR,LAA,-154.8,129.5,0.6076,0.4357,0.5824,4.0,3.0
2025-09-04,MIL,PHI,-117.7,-69.8,0.5406,0.4112,0.568,0.0,2.0
2025-09-04,MIN,CHW,-152.5,124.3,0.604,0.4458,0.5754,8.0,11.0
2025-09-04,PIT,LAD,-69.7,-115.8,0.4106,0.5367,0.4335,5.0,3.0
2025-09-04,TBR,CLE,-165.2,135.2,0.6229,0.4252,0.5943,4.0,2.0
2025-09-05,ARI,BOS,76.5,-130.8,0.5666,0.5668,0.4999,10.0,5.0
2025-09-05,ATL,SEA,-131.0,109.0,0.5671,0.4785,0.5424,4.0,1.0
2025-09-05,BAL,LAD,139.5,-167.3,0.4175,0.6259,0.4001,2.0,1.0
2025-09-05,CHC,WSN,-225.3,181.2,0.6926,0.3557,0.6607,11.0,5.0
2025-09-05,CIN,NYM,-35.0,-117.3,0.2593,0.5399,0.3244,4.0,5.0
2025-09-05,COL,SDP,183.5,-223.3,0.3527,0.6907,0.338,3.0,0.0
2025-09-05,DET,CHW,-198.7,163.2,0.6652,0.38,0.6364,5.0,7.0
2025-09-05,KCR,MIN,-130.3,109.8,0.5658,0.4766,0.5428,2.0,1.0
2025-09-05,LAA,ATH,-154.2,127.0,0.6066,0.4405,0.5793,4.0,10.0
2025-09-05,MIA,PHI,198.7,-247.2,0.3348,0.712,0.3199,3.0,9.0
2025-09-05,NYY,TOR,-126.7,106.5,0.5588,0.4843,0.5357,1.0,7.0
2025-09-05,PIT,MIL,116.8,-138.3,0.4612,0.5804,0.4428,2.0,5.0
2025-09-05,STL,SFG,-120.2,-35.7,0.5458,0.2629,0.6749,2.0,8.0
2025-09-05,TBR,CLE,-147.0,89.7,0.5951,0.5272,0.5302,1.0,7.0
2025-09-05,TEX,HOU,-81.5,28.2,0.449,0.7802,0.3653,4.0,3.0
2025-09-06,ARI,BOS,102.2,-121.5,0.4946,0.5485,0.4742,5.0,1.0
2025-09-06,ATL,SEA,-136.7,111.8,0.5775,0.4721,0.5502,2.0,10.0
2025-09-06,BAL,LAD,118.3,-141.2,0.458,0.5853,0.439,4.0,3.0
2025-09-06,CHC,WSN,-270.8,220.2,0.7303,0.3123,0.7004,1.0,2.0
2025-09-06,CIN,NYM,115.5,-138.0,0.464,0.5798,0.4445,6.0,3.0
2025-09-06,COL,SDP,155.7,-188.7,0.3911,0.6536,0.3744,8.0,10.0
2025-09-06,DET,CHW,-329.7,251.0,0.7673,0.2849,0.7292,6.0,0.0
2025-09-06,KCR,MIN,70.7,-125.0,0.5859,0.5556,0.5133,11.0,2.0
2025-09-06,LAA,ATH,-126.0,106.8,0.5575,0.4835,0.5356,4.0,17.0
2025-09-06,MIA,PHI,131.0,-159.0,0.4329,0.6139,0.4135,2.0,4.0
2025-09-06,NYY,TOR,-145.0,119.7,0.5918,0.4552,0.5652,3.0,1.0
2025-09-06,PIT,MIL,125.7,-150.7,0.4431,0.6011,0.4244,1.0,4.0
2025-09-06,STL,SFG,105.7,-127.0,0.4862,0.5595,0.465,3.0,2.0
2025-09-06,TBR,CLE,-141.0,118.7,0.5851,0.4573,0.5613,2.0,3.0
2025-09-06,TEX,HOU,-116.3,-3.7,0.5378,0.0354,0.9383,0.0,11.0
2025-09-07,ARI,BOS,-109.2,-109.0,0.5219,0.5215,0.5002,4.0,7.0
2025-09-07,ATL,SEA,-106.8,-78.8,0.5165,0.4408,0.5395,2.0,18.0
2025-09-07,BAL,LAD,185.7,-283.0,0.3501,0.7389,0.3215,2.0,5.0
2025-09-07,CHC,WSN,-195.7,159.0,0.6618,0.3861,0.6315,3.0,6.0
2025-09-07,CIN,NYM,-120.3,-68.0,0.5461,0.4048,0.5743,3.0,2.0
2025-09-07,COL,SDP,207.5,-255.8,0.3252,0.719,0.3114,1.0,8.0
2025-09-07,DET,CHW,-181.5,148.8,0.6448,0.4019,0.616,4.0,6.0
2025-09-07,KCR,MIN,-125.7,105.8,0.5569,0.4858,0.5341,1.0,5.0
2025-09-07,LAA,ATH,-70.2,-117.2,0.4123,0.5395,0.4332,4.0,3.0
2025-09-07,MIA,PHI,-14.5,-55.5,0.1266,0.3569,0.2619,5.0,4.0
2025-09-07,NYY,TOR,-181.2,150.0,0.6443,0.4,0.617,4.0,3.0
2025-09-07,PIT,MIL,114.5,-137.8,0.4662,0.5795,0.4458,2.0,10.0
2025-09-07,STL,SFG,-141.7,118.0,0.5862,0.4587,0.561,4.0,3.0
2025-09-07,TBR,CLE,-162.8,136.2,0.6195,0.4234,0.594,1.0,2.0
2025-09-07,TEX,HOU,116.3,-138.7,0.4622,0.581,0.4431,4.0,2.0
2025-09-08,ATL,CHC,3.0,-124.8,0.9709,0.5552,0.6362,4.0,1.0
2025-09-08,CLE,KCR,-118.5,-67.8,0.5423,0.4042,0.573,10.0,2.0
2025-09-08,LAA,MIN,-122.7,68.7,0.5509,0.5929,0.4816,3.0,12.0
2025-09-08,LAD,COL,-374.0,294.7,0.789,0.2534,0.7569,3.0,1.0
2025-09-08,MIA,WSN,-130.2,74.8,0.5655,0.572,0.4972,7.0,15.0
2025-09-08,ATH,BOS,139.7,-167.0,0.4172,0.6255,0.4002,0.0,7.0
2025-09-08,PHI,NYM,70.0,-88.8,0.5882,0.4704,0.5556,1.0,0.0
2025-09-08,SDP,CIN,-62.5,7.3,0.3846,0.9317,0.2922,4.0,3.0
2025-09-08,SEA,STL,-245.3,199.8,0.7104,0.3335,0.6805,4.0,2.0
2025-09-08,SFG,ARI,-184.7,151.0,0.6487,0.3984,0.6195,11.0,5.0
2025-09-08,TEX,MIL,33.2,-120.3,0.7509,0.5461,0.5789,5.0,0.0
2025-09-09,ATL,CHC,-110.7,-109.3,0.5253,0.5223,0.5014,1.0,6.0
2025-09-09,BAL,PIT,-153.3,127.0,0.6053,0.4405,0.5788,3.0,2.0
2025-09-09,CHW,TBR,118.5,-142.3,0.4577,0.5873,0.438,4.0,5.0
2025-09-09,CLE,KCR,-117.3,-70.0,0.5399,0.4118,0.5673,2.0,0.0
2025-09-09,LAA,MIN,-36.8,-116.7,0.2692,0.5385,0.3333,12.0,2.0
2025-09-09,LAD,COL,-354.2,275.5,0.7798,0.2663,0.7454,7.0,2.0
2025-09-09,MIA,WSN,-126.5,106.5,0.5585,0.4843,0.5356,5.0,7.0
2025-09-09,NYY,DET,-162.0,133.3,0.6183,0.4286,0.5906,2.0,12.0
2025-09-09,ATH,BOS,-77.2,-108.8,0.4356,0.5211,0.4553,0.0,6.0
2025-09-09,PHI,NYM,-136.8,115.7,0.5778,0.4637,0.5548,9.0,3.0
2025-09-09,SDP,CIN,-195.3,160.3,0.6614,0.3841,0.6326,2.0,4.0
2025-09-09,SEA,STL,-193.8,161.0,0.6597,0.3831,0.6326,5.0,3.0
2025-09-09,SFG,ARI,-142.7,119.0,0.5879,0.4566,0.5628,5.0,3.0
2025-09-09,TEX,MIL,-109.5,-110.8,0.5227,0.5257,0.4986,5.0,4.0
2025-09-09,TOR,HOU,-153.3,128.8,0.6053,0.437,0.5807,4.0,3.0
2025-09-10,ATL,CHC,-172.5,141.8,0.633,0.4135,0.6049,2.0,3.0
2025-09-10,BAL,PIT,131.3,-156.3,0.4323,0.6099,0.4148,2.0,1.0
2025-09-10,CHW,TBR,112.3,-133.5,0.471,0.5717,0.4517,6.0,5.0
2025-09-10,CLE,KCR,-109.5,-110.2,0.5227,0.5242,0.4993,3.0,4.0
2025-09-10,LAA,MIN,-125.3,3.3,0.5562,0.9677,0.365,4.0,3.0
2025-09-10,LAD,COL,-369.8,287.2,0.7872,0.2583,0.7529,9.0,0.0
2025-09-10,MIA,WSN,-114.0,131.3,0.5327,0.4323,0.552,8.0,3.0
2025-09-10,NYY,DET,-171.2,143.2,0.6312,0.4112,0.6055,1.0,11.0
2025-09-10,ATH,BOS,-68.2,-118.5,0.4054,0.5423,0.4277,5.0,4.0
2025-09-10,PHI,NYM,-163.3,136.2,0.6203,0.4234,0.5943,11.0,3.0
2025-09-10,SDP,CIN,-157.8,131.8,0.6122,0.4313,0.5866,1.0,2.0
2025-09-10,SEA,STL,-226.7,185.0,0.6939,0.3509,0.6642,4.0,2.0
2025-09-10,SFG,ARI,-125.3,72.2,0.5562,0.5808,0.4892,3.0,5.0
2025-09-10,TEX,MIL,107.3,-127.5,0.4823,0.5604,0.4625,6.0,3.0
2025-09-10,TOR,HOU,-151.5,127.0,0.6024,0.4405,0.5776,2.0,3.0
2025-09-11,BAL,PIT,-125.7,106.0,0.5569,0.4854,0.5343,3.0,2.0
2025-09-11,CHW,TBR,112.7,-134.2,0.4702,0.573,0.4508,5.0,1.0
2025-09-11,CLE,KCR,-141.2,117.5,0.5853,0.4598,0.5601,3.0,2.0
2025-09-11,MIA,WSN,-131.7,111.3,0.5683,0.4732,0.5457,5.0,0.0
2025-09-11,NYY,DET,-168.0,138.3,0.6269,0.4196,0.599,9.0,3.0
2025-09-11,PHI,NYM,-124.7,3.7,0.5549,0.9646,0.3652,6.0,4.0
2025-09-11,SDP,COL,-1884.3,361.7,0.9496,0.2166,0.8143,2.0,0.0
2025-09-11,SEA,LAA,-168.7,138.5,0.6278,0.4193,0.5996,7.0,6.0
2025-09-11,TOR,HOU,-167.3,140.2,0.6259,0.4164,0.6005,6.0,0.0
2025-09-12,ATL,HOU,-95.2,72.5,0.4876,0.5797,0.4569,3.0,11.0
2025-09-12,BOS,NYY,5.0,-128.8,0.9524,0.563,0.6285,1.0,4.0
2025-09-12,CHC,TBR,-170.3,139.7,0.6301,0.4172,0.6016,6.0,4.0
2025-09-12,CLE,CHW,-147.7,123.2,0.5962,0.4481,0.5709,4.0,0.0
2025-09-12,MIA,DET,168.8,-208.5,0.372,0.6759,0.355,8.0,2.0
2025-09-12,MIL,STL,-196.5,158.8,0.6627,0.3863,0.6317,8.0,2.0
2025-09-12,MIN,ARI,-141.7,116.7,0.5862,0.4615,0.5595,9.0,8.0
2025-09-12,NYM,TEX,-120.2,-67.2,0.5458,0.4018,0.576,3.0,8.0
2025-09-12,ATH,CIN,-120.7,35.0,0.5468,0.7407,0.4247,3.0,0.0
2025-09-12,PHI,KCR,-139.3,117.2,0.5822,0.4605,0.5584,8.0,2.0
2025-09-12,SDP,COL,-289.3,232.0,0.7432,0.3012,0.7116,2.0,4.0
2025-09-12,SEA,LAA,-183.8,150.5,0.6477,0.3992,0.6187,2.0,1.0
2025-09-12,SFG,LAD,125.7,-150.8,0.4431,0.6013,0.4243,5.0,1.0
2025-09-12,TOR,BAL,-136.5,115.2,0.5772,0.4648,0.5539,6.0,1.0
2025-09-12,WSN,PIT,-109.3,-108.8,0.5223,0.5211,0.5005,6.0,5.0
2025-09-13,ATL,HOU,112.5,-134.5,0.4706,0.5736,0.4507,2.0,6.0
2025-09-13,BOS,NYY,127.7,-152.7,0.4392,0.6042,0.4209,3.0,5.0
2025-09-13,CHC,TBR,-111.7,-78.5,0.5276,0.4398,0.5454,4.0,5.0
2025-09-13,CLE,CHW,-170.5,143.2,0.6303,0.4112,0.6052,3.0,1.0
2025-09-13,MIA,DET,112.0,-133.5,0.4717,0.5717,0.4521,6.0,4.0
2025-09-13,MIL,STL,-180.5,149.5,0.6435,0.4008,0.6162,9.0,8.0
2025-09-13,MIN,ARI,-136.5,115.8,0.5772,0.4633,0.5547,2.0,5.0
2025-09-13,NYM,TEX,-161.0,134.2,0.6169,0.427,0.5909,2.0,3.0
2025-09-13,ATH,CIN,-69.3,-118.8,0.4094,0.543,0.4299,11.0,5.0
2025-09-13,PHI,KCR,-147.2,123.3,0.5954,0.4478,0.5708,8.0,6.0
2025-09-13,SDP,COL,-351.3,283.5,0.7784,0.2608,0.7491,11.0,3.0
2025-09-13,SEA,LAA,-243.3,198.7,0.7087,0.3348,0.6792,5.0,3.0
2025-09-13,SFG,LAD,6.8,-174.2,0.936,0.6353,0.5957,7.0,13.0
2025-09-13,TOR,BAL,-178.7,147.8,0.6411,0.4035,0.6137,5.0,4.0
2025-09-13,WSN,PIT,-107.0,-111.5,0.5169,0.5272,0.4951,1.0,5.0
2025-09-14,ATL,HOU,114.5,-136.0,0.4662,0.5763,0.4472,8.0,3.0
2025-09-14,BOS,NYY,-154.7,129.3,0.6073,0.436,0.5821,6.0,4.0
2025-09-14,CHC,TBR,-169.3,138.7,0.6287,0.419,0.6001,4.0,3.0
2025-09-14,CLE,CHW,-344.8,207.3,0.7752,0.3254,0.7044,3.0,2.0
2025-09-14,MIA,DET,114.8,-135.8,0.4655,0.576,0.447,0.0,2.0
2025-09-14,MIL,STL,-195.2,159.2,0.6612,0.3859,0.6315,2.0,3.0
2025-09-14,MIN,ARI,-124.5,103.5,0.5546,0.4914,0.5302,4.0,6.0
2025-09-14,NYM,TEX,-173.7,145.5,0.6346,0.4073,0.6091,5.0,2.0
2025-09-14,ATH,CIN,-107.5,-110.5,0.5181,0.5249,0.4967,7.0,4.0
2025-09-14,PHI,KCR,-155.0,129.2,0.6078,0.4364,0.5821,3.0,10.0
2025-09-14,SDP,COL,-319.7,255.7,0.7617,0.2812,0.7304,9.0,6.0
2025-09-14,SEA,LAA,-229.3,188.0,0.6964,0.3472,0.6673,11.0,2.0
2025-09-14,SFG,LAD,113.8,-135.0,0.4677,0.5745,0.4488,2.0,10.0
2025-09-14,TOR,BAL,-204.2,167.7,0.6712,0.3736,0.6424,11.0,2.0
2025-09-14,WSN,PIT,-1.7,-119.0,0.0164,0.5434,0.0293,4.0,3.0
2025-09-15,ARI,SFG,-134.7,112.5,0.5739,0.4706,0.5494,8.0,1.0
2025-09-15,CHW,BAL,119.0,-141.5,0.4566,0.5859,0.438,1.0,4.0
2025-09-15,HOU,TEX,-132.3,111.2,0.5696,0.4736,0.546,6.0,3.0
2025-09-15,LAD,PHI,-120.2,0.7,0.5458,0.9934,0.3546,5.0,6.0
2025-09-15,MIN,NYY,160.3,-195.3,0.3841,0.6614,0.3674,7.0,0.0
2025-09-15,PIT,CHC,78.0,-132.5,0.5618,0.5699,0.4964,0.0,4.0
2025-09-15,STL,CIN,-74.5,-111.0,0.4269,0.5261,0.448,6.0,11.0
2025-09-15,TBR,TOR,105.8,-127.0,0.4858,0.5595,0.4648,1.0,2.0
2025-09-15,WSN,ATL,142.2,-173.5,0.4129,0.6344,0.3943,3.0,11.0
2025-09-16,ARI,SFG,-129.2,74.8,0.5636,0.572,0.4963,6.0,5.0
2025-09-16,BOS,ATH,-156.8,130.5,0.6106,0.4338,0.5846,1.0,2.0
2025-09-16,CHW,BAL,-115.0,-72.0,0.5349,0.4186,0.561,7.0,8.0
2025-09-16,COL,MIA,124.0,-147.7,0.4464,0.5962,0.4282,5.0,6.0
2025-09-16,DET,CLE,-156.2,129.0,0.6096,0.4367,0.5826,5.0,7.0
2025-09-16,HOU,TEX,-66.2,-120.5,0.3982,0.5465,0.4215,6.0,5.0
2025-09-16,KCR,SEA,118.5,-142.8,0.4577,0.5882,0.4376,5.0,12.0
2025-09-16,LAD,PHI,-131.5,77.0,0.568,0.565,0.5014,6.0,9.0
2025-09-16,MIL,LAA,-276.3,223.2,0.7343,0.3094,0.7035,9.0,2.0
2025-09-16,MIN,NYY,137.3,-166.2,0.4213,0.6243,0.403,9.0,10.0
2025-09-16,NYM,SDP,-120.5,67.8,0.5465,0.5958,0.4784,8.0,3.0
2025-09-16,PIT,CHC,-131.0,110.5,0.5671,0.4751,0.5442,1.0,4.0
2025-09-16,STL,CIN,68.5,-120.7,0.5935,0.5468,0.5205,3.0,0.0
2025-09-16,TBR,TOR,-111.8,-74.2,0.5279,0.4258,0.5535,5.0,6.0
2025-09-16,WSN,ATL,126.2,-152.8,0.4422,0.6045,0.4225,3.0,6.0
2025-09-17,ARI,SFG,-112.8,-107.2,0.5301,0.5173,0.5061,1.0,5.0
2025-09-17,BOS,ATH,-171.3,143.0,0.6314,0.4115,0.6054,5.0,4.0
2025-09-17,CHW,BAL,141.0,-196.7,0.4149,0.6629,0.385,1.0,3.0
2025-09-17,COL,MIA,130.3,-156.7,0.4342,0.6104,0.4156,4.0,8.0
2025-09-17,DET,CLE,-149.8,125.3,0.5997,0.4438,0.5747,0.0,4.0
2025-09-17,HOU,TEX,118.7,-144.2,0.4573,0.5904,0.4365,5.0,2.0
2025-09-17,KCR,SEA,-123.3,69.7,0.5522,0.5894,0.4837,7.0,5.0
2025-09-17,LAD,PHI,-151.3,125.7,0.6021,0.4431,0.5761,5.0,0.0
2025-09-17,MIL,LAA,-248.0,196.2,0.7126,0.3376,0.6785,9.0,2.0
2025-09-17,MIN,NYY,135.8,-162.7,0.424,0.6193,0.4064,5.0,10.0
2025-09-17,NYM,SDP,43.8,-777.7,0.6952,0.8861,0.4397,4.0,7.0
2025-09-17,PIT,CHC,121.8,-146.5,0.4508,0.5943,0.4313,4.0,8.0
2025-09-17,STL,CIN,68.3,-121.2,0.5941,0.5479,0.5202,2.0,6.0
2025-09-17,TBR,TOR,108.3,-130.5,0.48,0.5662,0.4588,2.0,1.0
2025-09-17,WSN,ATL,125.8,-152.3,0.4428,0.6037,0.4231,4.0,9.0
2025-09-18,BAL,NYY,172.5,-211.3,0.367,0.6788,0.3509,0.0,7.0
2025-09-18,BOS,ATH,-150.5,125.0,0.6008,0.4444,0.5748,3.0,5.0
2025-09-18,CIN,CHC,-140.2,118.2,0.5836,0.4584,0.5601,1.0,0.0
2025-09-18,COL,MIA,146.3,-176.7,0.406,0.6386,0.3887,7.0,9.0
2025-09-18,DET,CLE,-240.3,192.7,0.7062,0.3417,0.6739,1.0,3.0
2025-09-18,KCR,SEA,68.7,-122.2,0.5929,0.5499,0.5188,0.0,2.0
2025-09-18,LAD,SFG,-172.8,143.5,0.6335,0.4107,0.6067,2.0,1.0
2025-09-18,MIL,LAA,-243.8,201.2,0.7092,0.332,0.6811,5.0,2.0
2025-09-18,NYM,SDP,-144.7,120.7,0.5913,0.4532,0.5661,6.0,1.0
2025-09-18,TBR,TOR,106.0,-126.3,0.4854,0.5582,0.4652,4.0,0.0
2025-09-19,ARI,PHI,-125.5,72.2,0.5565,0.5808,0.4893,2.0,8.0
2025-09-19,BAL,NYY,-70.7,-115.5,0.4141,0.536,0.4358,4.0,2.0
2025-09-19,CHW,SDP,155.8,-186.8,0.3909,0.6514,0.375,4.0,3.0
2025-09-19,CIN,CHC,-73.2,-113.7,0.4225,0.532,0.4427,7.0,4.0
2025-09-19,COL,LAA,107.0,-126.8,0.4831,0.5591,0.4635,7.0,6.0
2025-09-19,DET,ATL,-119.0,-0.7,0.5434,0.0066,0.988,1.0,10.0
2025-09-19,HOU,SEA,-112.5,-73.0,0.5294,0.422,0.5565,0.0,4.0
2025-09-19,KCR,TOR,114.5,-139.3,0.4662,0.5822,0.4447,20.0,1.0
2025-09-19,LAD,SFG,-181.5,148.7,0.6448,0.4021,0.6159,6.0,3.0
2025-09-19,MIN,CLE,-112.3,-74.7,0.529,0.4275,0.5531,2.0,6.0
2025-09-19,NYM,WSN,-226.8,184.5,0.694,0.3515,0.6638,12.0,6.0
2025-09-19,PIT,ATH,-110.2,-109.0,0.5242,0.5215,0.5013,3.0,4.0
2025-09-19,STL,MIL,35.5,-123.5,0.738,0.5526,0.5718,7.0,1.0
2025-09-19,TBR,BOS,116.8,-136.8,0.4612,0.5778,0.4439,7.0,11.0
2025-09-19,TEX,MIA,-170.7,135.0,0.6305,0.4255,0.5971,4.0,6.0
2025-09-20,ARI,PHI,-112.2,-106.7,0.5287,0.5161,0.506,4.0,3.0
2025-09-20,BAL,NYY,164.5,-200.8,0.3781,0.6676,0.3616,1.0,6.0
2025-09-20,CHW,SDP,150.2,-183.8,0.3997,0.6477,0.3816,3.0,7.0
2025-09-20,CIN,CHC,-77.7,-108.3,0.4371,0.52,0.4567,6.0,3.0
2025-09-20,COL,LAA,107.2,-126.8,0.4827,0.5591,0.4633,0.0,3.0
2025-09-20,DET,ATL,-122.2,33.7,0.5499,0.7481,0.4236,5.0,6.0
2025-09-20,HOU,SEA,-110.0,-107.8,0.5238,0.5188,0.5024,4.0,6.0
2025-09-20,KCR,TOR,111.7,-133.5,0.4724,0.5717,0.4525,2.0,1.0
2025-09-20,LAD,SFG,-238.7,199.0,0.7047,0.3344,0.6782,7.0,5.0
2025-09-20,MIN,CLE,-125.8,105.8,0.5572,0.4858,0.5342,0.0,6.0
2025-09-20,NYM,WSN,-286.0,227.3,0.7409,0.3055,0.7081,3.0,5.0
2025-09-20,PIT,ATH,-107.7,-111.2,0.5185,0.5264,0.4962,2.0,0.0
2025-09-20,STL,MIL,120.2,-142.8,0.4542,0.5882,0.4357,2.0,3.0
2025-09-20,TBR,BOS,-111.5,-106.7,0.5272,0.5161,0.5053,3.0,6.0
2025-09-20,TEX,MIA,-149.5,123.2,0.5992,0.4481,0.5721,3.0,4.0
2025-09-21,ARI,PHI,109.8,-133.8,0.4766,0.5723,0.4543,9.0,2.0
2025-09-21,BAL,NYY,114.0,-135.3,0.4673,0.5751,0.4483,1.0,7.0
2025-09-21,CHW,SDP,153.2,-183.7,0.395,0.6475,0.3789,2.0,3.0
2025-09-21,CIN,CHC,-118.2,-0.5,0.5416,0.005,0.9909,1.0,0.0
2025-09-21,COL,LAA,-112.5,-108.3,0.5294,0.52,0.5045,3.0,1.0
2025-09-21,DET,ATL,-119.7,-0.2,0.5448,0.0017,0.997,2.0,6.0
2025-09-21,HOU,SEA,121.8,-148.0,0.4508,0.5968,0.4303,3.0,7.0
2025-09-21,KCR,TOR,67.7,-121.5,0.5964,0.5485,0.5209,5.0,8.0
2025-09-21,LAD,SFG,-216.2,172.8,0.6837,0.3665,0.651,1.0,3.0
2025-09-21,MIN,CLE,117.2,-140.0,0.4605,0.5833,0.4411,6.0,2.0
2025-09-21,NYM,WSN,-286.0,230.3,0.7409,0.3027,0.7099,2.0,3.0
2025-09-21,PIT,ATH,-119.7,-34.7,0.5448,0.2574,0.6791,11.0,0.0
2025-09-21,STL,MIL,112.0,-133.3,0.4717,0.5714,0.4522,5.0,1.0
2025-09-21,TBR,BOS,107.8,-128.3,0.4812,0.562,0.4612,7.0,3.0
2025-09-21,TEX,MIA,-127.5,107.3,0.5604,0.4823,0.5375,2.0,4.0
2025-09-22,ATL,WSN,-278.2,223.8,0.7356,0.3088,0.7043,11.0,5.0
2025-09-22,SDP,MIL,-113.8,-40.0,0.5323,0.2857,0.6507,5.0,4.0
2025-09-22,SFG,STL,-147.3,123.7,0.5957,0.4471,0.5712,5.0,6.0
2025-09-23,ARI,LAD,139.7,-169.7,0.4172,0.6292,0.3987,5.0,4.0
2025-09-23,ATL,WSN,-199.8,164.2,0.6665,0.3785,0.6378,3.0,2.0
2025-09-23,BAL,TBR,-110.8,-108.0,0.5257,0.5192,0.5031,6.0,0.0
2025-09-23,CHC,NYM,-112.7,-108.5,0.5298,0.5204,0.5045,7.0,9.0
2025-09-23,CIN,PIT,-165.2,139.3,0.6229,0.4178,0.5985,2.0,4.0
2025-09-23,CLE,DET,135.7,-162.2,0.4243,0.6186,0.4069,5.0,2.0
2025-09-23,LAA,KCR,137.8,-164.2,0.4205,0.6215,0.4035,4.0,8.0
2025-09-23,NYY,CHW,-240.5,198.0,0.7063,0.3356,0.6779,3.0,2.0
2025-09-23,ATH,HOU,-113.7,-104.7,0.532,0.5114,0.5099,5.0,1.0
2025-09-23,PHI,MIA,-209.8,173.7,0.6772,0.3654,0.6495,5.0,6.0
2025-09-23,SDP,MIL,-1.0,-122.2,0.0099,0.5499,0.0177,7.0,0.0
2025-09-23,SEA,COL,-295.5,237.3,0.7472,0.2964,0.7159,4.0,3.0
2025-09-23,SFG,STL,-208.3,170.7,0.6757,0.3695,0.6465,8.0,9.0
2025-09-23,TEX,MIN,-144.5,120.3,0.591,0.4539,0.5656,1.0,4.0
2025-09-23,TOR,BOS,-161.7,134.2,0.6178,0.427,0.5913,1.0,4.0
2025-09-24,ARI,LAD,121.3,-145.7,0.4518,0.5929,0.4325,4.0,5.0
2025-09-24,ATL,WSN,-189.2,157.8,0.6542,0.3878,0.6278,3.0,4.0
2025-09-24,BAL,TBR,-119.8,67.5,0.5451,0.597,0.4773,2.0,6.0
2025-09-24,CHC,NYM,-120.5,-66.2,0.5465,0.3982,0.5785,10.0,3.0
2025-09-24,CIN,PIT,-124.5,71.0,0.5546,0.5848,0.4867,3.0,4.0
2025-09-24,CLE,DET,-140.3,83.2,0.5839,0.546,0.5168,5.0,1.0
2025-09-24,LAA,KCR,-108.7,-76.7,0.5208,0.434,0.5455,3.0,2.0
2025-09-24,NYY,CHW,-385.2,302.5,0.7939,0.2484,0.7616,8.0,1.0
2025-09-24,ATH,HOU,114.0,-135.8,0.4673,0.576,0.4479,6.0,0.0
2025-09-24,PHI,MIA,-172.0,143.7,0.6324,0.4104,0.6064,11.0,1.0
2025-09-24,SDP,MIL,-141.0,118.5,0.5851,0.4577,0.5611,1.0,3.0
2025-09-24,SEA,COL,-304.8,246.8,0.753,0.2883,0.7231,9.0,2.0
2025-09-24,SFG,STL,-106.8,-78.7,0.5165,0.4403,0.5398,4.0,3.0
2025-09-24,TEX,MIN,-191.0,158.2,0.6564,0.3873,0.6289,4.0,2.0
2025-09-24,TOR,BOS,111.3,-132.2,0.4732,0.5693,0.4539,1.0,7.0
2025-09-25,ARI,LAD,137.0,-166.2,0.4219,0.6243,0.4033,0.0,8.0
2025-09-25,BAL,TBR,-69.5,-116.5,0.41,0.5381,0.4325,6.0,5.0
2025-09-25,CHC,NYM,-69.8,-115.3,0.4112,0.5356,0.4343,5.0,8.0
2025-09-25,CIN,PIT,-169.3,140.8,0.6287,0.4152,0.6023,2.0,1.0
2025-09-25,CLE,DET,-162.7,136.0,0.6193,0.4237,0.5937,2.0,4.0
2025-09-25,LAA,KCR,75.0,-128.8,0.5714,0.563,0.5037,4.0,9.0
2025-09-25,NYY,CHW,-308.8,250.3,0.7554,0.2854,0.7258,5.0,3.0
2025-09-25,ATH,HOU,-34.2,-119.0,0.2547,0.5434,0.3191,5.0,11.0
2025-09-25,PHI,MIA,-162.5,134.2,0.619,0.427,0.5918,1.0,0.0
2025-09-25,SEA,COL,-302.5,242.5,0.7516,0.292,0.7202,6.0,2.0
2025-09-25,TEX,MIN,-148.7,124.2,0.5979,0.4461,0.5727,0.0,4.0
2025-09-25,TOR,BOS,-142.5,119.5,0.5876,0.4556,0.5633,6.0,1.0
2025-09-26,ATL,PIT,-157.5,128.5,0.6117,0.4376,0.5829,3.0,9.0
2025-09-26,BOS,DET,-121.2,68.0,0.5479,0.5952,0.4793,4.0,3.0
2025-09-26,CHC,STL,-183.8,152.0,0.6477,0.3968,0.6201,12.0,1.0
2025-09-26,CLE,TEX,-154.7,129.2,0.6073,0.4364,0.5819,3.0,7.0
2025-09-26,LAA,HOU,115.5,-137.5,0.464,0.5789,0.4449,4.0,3.0
2025-09-26,MIA,NYM,116.7,-138.0,0.4615,0.5798,0.4432,6.0,2.0
2025-09-26,MIL,CIN,-170.8,141.2,0.6308,0.4147,0.6034,1.0,3.0
2025-09-26,NYY,BAL,-143.3,120.2,0.589,0.4542,0.5646,8.0,4.0
2025-09-26,ATH,KCR,69.5,-122.8,0.59,0.5512,0.517,4.0,3.0
2025-09-26,PHI,MIN,-150.0,125.3,0.6,0.4438,0.5748,3.0,1.0
2025-09-26,SDP,ARI,-132.7,112.2,0.5702,0.4713,0.5475,7.0,4.0
2025-09-26,SEA,LAD,-147.3,122.7,0.5957,0.4491,0.5702,2.0,3.0
2025-09-26,SFG,COL,-244.2,198.0,0.7094,0.3356,0.6789,6.0,3.0
2025-09-26,TOR,TBR,-182.2,151.7,0.6456,0.3974,0.619,4.0,2.0
2025-09-26,WSN,CHW,-130.3,109.3,0.5658,0.4777,0.5422,9.0,10.0
2025-09-27,ATL,PIT,-161.3,95.7,0.6173,0.5111,0.5471,1.0,3.0
2025-09-27,BOS,DET,-122.8,3.0,0.5512,0.9709,0.3622,1.0,2.0
2025-09-27,CHC,STL,-178.7,148.7,0.6411,0.4021,0.6145,7.0,3.0
2025-09-27,CLE,TEX,-151.3,126.3,0.6021,0.4418,0.5768,3.0,2.0
2025-09-27,LAA,HOU,123.8,-148.5,0.4468,0.5976,0.4278,1.0,6.0
2025-09-27,MIA,NYM,118.5,-140.7,0.4577,0.5845,0.4392,0.0,5.0
2025-09-27,MIL,CIN,-130.3,109.3,0.5658,0.4777,0.5422,4.0,7.0
2025-09-27,NYY,BAL,-233.0,192.8,0.6997,0.3415,0.672,6.0,1.0
2025-09-27,ATH,KCR,-121.3,101.3,0.5482,0.4967,0.5246,2.0,4.0
2025-09-27,PHI,MIN,-232.2,189.5,0.6989,0.3454,0.6693,0.0,5.0
2025-09-27,SDP,ARI,-153.0,128.5,0.6047,0.4376,0.5802,5.0,1.0
2025-09-27,SEA,LAD,-130.8,77.2,0.5668,0.5644,0.501,3.0,5.0
2025-09-27,SFG,COL,-243.5,198.8,0.7089,0.3346,0.6793,4.0,3.0
2025-09-27,TOR,TBR,-165.3,136.7,0.6231,0.4225,0.5959,5.0,1.0
2025-09-27,WSN,CHW,-113.7,-72.0,0.532,0.4186,0.5596,6.0,5.0
2025-09-28,ATL,PIT,-201.0,165.0,0.6678,0.3774,0.6389,4.0,1.0
2025-09-28,BOS,DET,-72.0,-113.7,0.4186,0.532,0.4404,4.0,3.0
2025-09-28,CHC,STL,-152.8,126.7,0.6045,0.4412,0.5781,2.0,0.0
2025-09-28,CLE,TEX,-148.3,121.3,0.5973,0.4518,0.5693,9.0,8.0
2025-09-28,LAA,HOU,0.2,-119.2,0.9983,0.5437,0.6474,2.0,6.0
2025-09-28,MIA,NYM,78.3,-134.8,0.5607,0.5742,0.4941,4.0,0.0
2025-09-28,MIL,CIN,-141.2,117.0,0.5853,0.4608,0.5595,4.0,2.0
2025-09-28,NYY,BAL,-179.5,147.8,0.6422,0.4035,0.6141,3.0,2.0
2025-09-28,ATH,KCR,85.5,-142.3,0.5391,0.5873,0.4786,2.0,9.0
2025-09-28,PHI,MIN,-243.0,198.2,0.7085,0.3354,0.6787,2.0,1.0
2025-09-28,SDP,ARI,-132.2,74.8,0.5693,0.572,0.4988,12.0,4.0
2025-09-28,SEA,LAD,76.8,-132.8,0.5655,0.5705,0.4978,1.0,6.0
2025-09-28,SFG,COL,-305.2,248.3,0.7532,0.2871,0.724,2.0,0.0
2025-09-28,TOR,TBR,-211.8,173.3,0.6793,0.3659,0.65,13.0,4.0
2025-09-28,WSN,CHW,-115.7,-69.5,0.5363,0.41,0.5667,0.0,8.0
