date,year,home_team,away_team,home_score,away_score,home_win,home_ml,away_ml
2015-04-05,2015,CHC,STL,0,3,0,-108.0,-102.0
2015-04-06,2015,MIL,COL,0,10,0,-153.0,138.0
2015-04-06,2015,WSN,NYM,1,3,0,-170.0,150.0
2015-04-06,2015,MIA,ATL,1,2,0,-152.0,137.0
2015-04-06,2015,CIN,PIT,5,2,1,-123.0,113.0
2015-04-06,2015,LAD,SDP,6,3,1,-194.0,174.0
2015-04-06,2015,ARI,SFG,4,5,0,128.0,-143.0
2015-04-06,2015,NYY,TOR,1,6,0,-140.0,125.0
2015-04-06,2015,DET,MIN,4,0,1,-161.0,146.0
2015-04-06,2015,TBR,BAL,2,6,0,-123.0,113.0
2015-04-06,2015,KCR,CHW,10,1,1,-120.0,110.0
2015-04-06,2015,SEA,LAA,4,1,1,-155.0,140.0
2015-04-06,2015,HOU,CLE,2,0,1,100.0,-110.0
2015-04-06,2015,ATH,TEX,8,0,1,-166.0,151.0
2015-04-06,2015,PHI,BOS,0,8,0,-106.0,-104.0
2015-04-07,2015,MIA,ATL,2,12,0,-146.0,131.0
2015-04-07,2015,MIL,COL,2,5,0,-123.0,113.0
2015-04-07,2015,ARI,SFG,7,6,1,-105.0,-105.0
2015-04-07,2015,LAD,SDP,3,7,0,-145.0,130.0
2015-04-07,2015,TBR,BAL,5,6,0,-102.0,-108.0
2015-04-07,2015,ATH,TEX,1,3,0,-155.0,140.0
2015-04-07,2015,SEA,LAA,0,2,0,-120.0,110.0
2015-04-08,2015,CHC,STL,2,0,1,-110.0,100.0
2015-04-08,2015,WSN,NYM,2,1,1,-135.0,120.0
2015-04-08,2015,MIA,ATL,0,2,0,-130.0,115.0
2015-04-08,2015,CIN,PIT,5,4,1,110.0,-120.0
2015-04-08,2015,MIL,COL,4,5,0,-131.0,116.0
2015-04-08,2015,ARI,SFG,2,5,0,-116.0,106.0
2015-04-08,2015,LAD,SDP,7,4,1,-120.0,110.0
2015-04-08,2015,DET,MIN,11,0,1,-170.0,150.0
2015-04-08,2015,NYY,TOR,4,3,1,-132.0,117.0
2015-04-08,2015,TBR,BAL,2,0,1,-112.0,102.0
2015-04-08,2015,KCR,CHW,7,5,1,-119.0,109.0
2015-04-08,2015,HOU,CLE,0,2,0,110.0,-120.0
2015-04-08,2015,ATH,TEX,10,0,1,-160.0,145.0
2015-04-08,2015,SEA,LAA,3,5,0,-130.0,115.0
2015-04-08,2015,PHI,BOS,4,2,1,125.0,-140.0
2015-04-09,2015,CIN,PIT,3,2,1,-103.0,-107.0
2015-04-09,2015,WSN,NYM,3,6,0,-114.0,104.0
2015-04-09,2015,SDP,SFG,0,1,0,-127.0,117.0
2015-04-09,2015,DET,MIN,7,1,1,-141.0,126.0
2015-04-09,2015,KCR,CHW,4,1,1,-134.0,119.0
2015-04-09,2015,HOU,CLE,1,5,0,-104.0,-106.0
2015-04-09,2015,ATH,TEX,1,10,0,-160.0,145.0
2015-04-09,2015,NYY,TOR,3,6,0,125.0,-140.0
2015-04-09,2015,PHI,BOS,2,6,0,115.0,-125.0
2015-04-10,2015,COL,CHC,5,1,1,-140.0,125.0
2015-04-10,2015,PHI,WSN,4,1,1,150.0,-165.0
2015-04-10,2015,CIN,STL,5,4,1,115.0,-125.0
2015-04-10,2015,ATL,NYM,5,3,1,105.0,-115.0
2015-04-10,2015,MIL,PIT,2,6,0,-140.0,125.0
2015-04-10,2015,ARI,LAD,4,3,1,109.0,-119.0
2015-04-10,2015,SDP,SFG,1,0,1,-117.0,107.0
2015-04-10,2015,BAL,TOR,5,12,0,-114.0,104.0
2015-04-10,2015,CLE,DET,4,8,0,-124.0,114.0
2015-04-10,2015,TEX,HOU,1,5,0,-118.0,108.0
2015-04-10,2015,CHW,MIN,0,6,0,-112.0,102.0
2015-04-10,2015,NYY,BOS,5,6,0,-108.0,-102.0
2015-04-10,2015,LAA,KCR,2,4,0,-132.0,117.0
2015-04-10,2015,ATH,SEA,12,0,1,-111.0,101.0
2015-04-10,2015,MIA,TBR,10,9,1,-121.0,111.0
2015-04-11,2015,CIN,STL,1,4,0,-117.0,107.0
2015-04-11,2015,PHI,WSN,3,2,1,-105.0,-105.0
2015-04-11,2015,ATL,NYM,5,3,1,-117.0,107.0
2015-04-11,2015,MIL,PIT,6,0,1,-129.0,119.0
2015-04-11,2015,COL,CHC,5,9,0,-110.0,100.0
2015-04-11,2015,ARI,LAD,6,0,1,170.0,-200.0
2015-04-11,2015,SDP,SFG,10,2,1,-109.0,-101.0
2015-04-11,2015,NYY,BOS,4,8,0,-115.0,105.0
2015-04-11,2015,CHW,MIN,5,4,1,-159.0,144.0
2015-04-11,2015,ATH,SEA,4,5,0,-140.0,125.0
2015-04-11,2015,CLE,DET,6,9,0,-103.0,-107.0
2015-04-11,2015,BAL,TOR,7,1,1,-108.0,-102.0
2015-04-11,2015,TEX,HOU,6,2,1,-123.0,113.0
2015-04-11,2015,LAA,KCR,4,6,0,-130.0,115.0
2015-04-11,2015,MIA,TBR,0,2,0,-105.0,-105.0
2015-04-12,2015,CIN,STL,5,7,0,103.0,-113.0
2015-04-12,2015,PHI,WSN,3,4,0,175.0,-195.0
2015-04-12,2015,ATL,NYM,3,4,0,-123.0,113.0
2015-04-12,2015,MIL,PIT,2,10,0,-110.0,100.0
2015-04-12,2015,COL,CHC,5,6,0,-110.0,100.0
2015-04-12,2015,ARI,LAD,4,7,0,129.0,-144.0
2015-04-12,2015,SDP,SFG,6,4,1,-140.0,125.0
2015-04-12,2015,CLE,DET,5,8,0,107.0,-117.0
2015-04-12,2015,BAL,TOR,7,10,0,-118.0,108.0
2015-04-12,2015,CHW,MIN,6,2,1,-172.0,152.0
2015-04-12,2015,TEX,HOU,4,6,0,114.0,-124.0
2015-04-12,2015,LAA,KCR,2,9,0,-116.0,106.0
2015-04-12,2015,ATH,SEA,7,8,0,125.0,-140.0
2015-04-12,2015,NYY,BOS,14,4,1,-117.0,107.0
2015-04-12,2015,MIA,TBR,5,8,0,-122.0,112.0
2015-04-13,2015,NYM,PHI,2,0,1,-170.0,150.0
2015-04-13,2015,STL,MIL,4,5,0,-170.0,150.0
2015-04-13,2015,SFG,COL,0,2,0,-133.0,118.0
2015-04-13,2015,ATL,MIA,3,2,1,-109.0,-101.0
2015-04-13,2015,CHC,CIN,7,6,1,-147.0,132.0
2015-04-13,2015,SDP,ARI,4,8,0,-165.0,150.0
2015-04-13,2015,MIN,KCR,3,12,0,118.0,-128.0
2015-04-13,2015,TOR,TBR,1,2,0,-140.0,125.0
2015-04-13,2015,BAL,NYY,5,6,0,-111.0,101.0
2015-04-13,2015,TEX,LAA,3,6,0,116.0,-131.0
2015-04-13,2015,HOU,ATH,1,8,0,-101.0,-109.0
2015-04-13,2015,PIT,DET,5,4,1,-140.0,125.0
2015-04-13,2015,BOS,WSN,9,4,1,-140.0,125.0
2015-04-13,2015,LAD,SEA,6,5,1,-121.0,111.0
2015-04-14,2015,ATL,MIA,2,8,0,104.0,-114.0
2015-04-14,2015,NYM,PHI,6,5,1,-230.0,200.0
2015-04-14,2015,CHC,CIN,2,3,0,-146.0,131.0
2015-04-14,2015,SDP,ARI,5,1,1,-129.0,119.0
2015-04-14,2015,SFG,COL,1,4,0,-124.0,114.0
2015-04-14,2015,BAL,NYY,4,3,1,-109.0,-101.0
2015-04-14,2015,TOR,TBR,2,3,0,-145.0,130.0
2015-04-14,2015,CLE,CHW,1,4,0,-122.0,112.0
2015-04-14,2015,TEX,LAA,8,2,1,104.0,-114.0
2015-04-14,2015,HOU,ATH,0,4,0,-111.0,101.0
2015-04-14,2015,BOS,WSN,8,7,1,-128.0,118.0
2015-04-14,2015,PIT,DET,0,2,0,-113.0,103.0
2015-04-14,2015,LAD,SEA,6,5,1,105.0,-115.0
2015-04-15,2015,ATL,MIA,2,6,0,115.0,-130.0
2015-04-15,2015,NYM,PHI,6,1,1,-160.0,145.0
2015-04-15,2015,CHC,CIN,5,0,1,-146.0,131.0
2015-04-15,2015,STL,MIL,4,2,1,-155.0,140.0
2015-04-15,2015,SDP,ARI,3,2,1,-133.0,118.0
2015-04-15,2015,SFG,COL,2,4,0,-103.0,-107.0
2015-04-15,2015,CLE,CHW,4,2,1,-133.0,118.0
2015-04-15,2015,TEX,LAA,2,10,0,114.0,-124.0
2015-04-15,2015,TOR,TBR,12,7,1,-133.0,118.0
2015-04-15,2015,BAL,NYY,7,5,1,-105.0,-105.0
2015-04-15,2015,HOU,ATH,6,1,1,-109.0,-101.0
2015-04-15,2015,MIN,KCR,3,1,1,114.0,-124.0
2015-04-15,2015,BOS,WSN,5,10,0,-122.0,112.0
2015-04-15,2015,PIT,DET,0,1,0,-144.0,129.0
2015-04-15,2015,LAD,SEA,5,2,1,-132.0,117.0
2015-04-16,2015,STL,MIL,4,0,1,-140.0,125.0
2015-04-16,2015,WSN,PHI,5,2,1,-140.0,125.0
2015-04-16,2015,NYM,MIA,7,5,1,-105.0,-105.0
2015-04-16,2015,SFG,ARI,6,7,0,-171.0,151.0
2015-04-16,2015,MIN,KCR,8,5,1,105.0,-115.0
2015-04-16,2015,TOR,TBR,2,4,0,102.0,-112.0
2015-04-17,2015,CHC,SDP,4,5,0,-115.0,105.0
2015-04-17,2015,PIT,MIL,6,3,1,-120.0,110.0
2015-04-17,2015,WSN,PHI,7,2,1,-275.0,235.0
2015-04-17,2015,NYM,MIA,4,1,1,-133.0,118.0
2015-04-17,2015,STL,CIN,6,1,1,-116.0,106.0
2015-04-17,2015,LAD,COL,7,3,1,-275.0,235.0
2015-04-17,2015,SFG,ARI,0,9,0,-145.0,130.0
2015-04-17,2015,DET,CHW,2,1,1,-165.0,150.0
2015-04-17,2015,BOS,BAL,3,2,1,-145.0,130.0
2015-04-17,2015,TBR,NYY,4,5,0,-110.0,100.0
2015-04-17,2015,MIN,CLE,3,2,1,170.0,-190.0
2015-04-17,2015,KCR,ATH,6,4,1,107.0,-117.0
2015-04-17,2015,HOU,LAA,3,6,0,109.0,-119.0
2015-04-17,2015,SEA,TEX,1,3,0,-154.0,139.0
2015-04-17,2015,TOR,ATL,7,8,0,-161.0,146.0
2015-04-18,2015,WSN,PHI,3,5,0,-180.0,160.0
2015-04-18,2015,STL,CIN,5,2,1,-147.0,132.0
2015-04-18,2015,CHC,SDP,7,6,1,-115.0,105.0
2015-04-18,2015,PIT,MIL,6,2,1,-144.0,129.0
2015-04-18,2015,NYM,MIA,5,4,1,-131.0,116.0
2015-04-18,2015,SFG,ARI,4,1,1,-150.0,135.0
2015-04-18,2015,LAD,COL,6,3,1,-180.0,160.0
2015-04-18,2015,DET,CHW,3,12,0,-116.0,106.0
2015-04-18,2015,MIN,CLE,2,4,0,-109.0,-101.0
2015-04-18,2015,BOS,BAL,1,4,0,-136.0,121.0
2015-04-18,2015,TBR,NYY,0,9,0,-102.0,-108.0
2015-04-18,2015,KCR,ATH,0,5,0,-130.0,115.0
2015-04-18,2015,HOU,LAA,4,0,1,-117.0,107.0
2015-04-18,2015,SEA,TEX,3,1,1,-205.0,175.0
2015-04-18,2015,TOR,ATL,6,5,1,-182.0,162.0
2015-04-19,2015,NYM,MIA,7,6,1,-177.0,157.0
2015-04-19,2015,WSN,PHI,4,1,1,-235.0,205.0
2015-04-19,2015,PIT,MIL,5,2,1,-175.0,155.0
2015-04-19,2015,CHC,SDP,2,5,0,-120.0,110.0
2015-04-19,2015,SFG,ARI,1,5,0,-147.0,132.0
2015-04-19,2015,LAD,COL,7,0,1,-170.0,150.0
2015-04-19,2015,STL,CIN,2,1,1,-195.0,175.0
2015-04-19,2015,DET,CHW,9,1,1,-140.0,125.0
2015-04-19,2015,TBR,NYY,3,5,0,116.0,-126.0
2015-04-19,2015,BOS,BAL,3,8,0,-140.0,125.0
2015-04-19,2015,HOU,LAA,4,3,1,105.0,-115.0
2015-04-19,2015,KCR,ATH,4,2,1,106.0,-116.0
2015-04-19,2015,MIN,CLE,7,2,1,101.0,-111.0
2015-04-19,2015,SEA,TEX,11,10,1,-170.0,150.0
2015-04-19,2015,TOR,ATL,2,5,0,-175.0,155.0
2015-04-20,2015,PIT,CHC,2,5,0,-103.0,-107.0
2015-04-20,2015,MIL,CIN,1,6,0,-104.0,-106.0
2015-04-20,2015,COL,SDP,3,14,0,-148.0,133.0
2015-04-20,2015,BOS,BAL,7,1,1,-128.0,118.0
2015-04-20,2015,DET,NYY,2,1,1,-124.0,114.0
2015-04-20,2015,KCR,MIN,7,1,1,-140.0,125.0
2015-04-20,2015,CHW,CLE,4,3,1,-110.0,100.0
2015-04-20,2015,LAA,ATH,3,6,0,-153.0,138.0
2015-04-20,2015,SEA,HOU,5,7,0,-210.0,180.0
2015-04-21,2015,PHI,MIA,7,3,1,107.0,-117.0
2015-04-21,2015,WSN,STL,2,1,1,-117.0,107.0
2015-04-21,2015,PIT,CHC,8,9,0,-142.0,127.0
2015-04-21,2015,NYM,ATL,7,1,1,-148.0,133.0
2015-04-21,2015,MIL,CIN,10,16,0,-126.0,116.0
2015-04-21,2015,COL,SDP,6,7,0,-108.0,-102.0
2015-04-21,2015,SFG,LAD,6,2,1,118.0,-133.0
2015-04-21,2015,TOR,BAL,13,6,1,-125.0,115.0
2015-04-21,2015,DET,NYY,2,5,0,-118.0,108.0
2015-04-21,2015,TBR,BOS,0,1,0,-119.0,109.0
2015-04-21,2015,KCR,MIN,6,5,1,-145.0,130.0
2015-04-21,2015,CHW,CLE,2,6,0,118.0,-128.0
2015-04-21,2015,LAA,ATH,14,1,1,-118.0,108.0
2015-04-21,2015,SEA,HOU,3,6,0,-125.0,115.0
2015-04-21,2015,ARI,TEX,1,7,0,-145.0,130.0
2015-04-22,2015,PHI,MIA,1,6,0,-128.0,118.0
2015-04-22,2015,WSN,STL,5,7,0,100.0,-110.0
2015-04-22,2015,PIT,CHC,4,3,1,-109.0,-101.0
2015-04-22,2015,NYM,ATL,3,2,1,-140.0,125.0
2015-04-22,2015,MIL,CIN,1,2,0,119.0,-134.0
2015-04-22,2015,COL,SDP,5,4,1,-107.0,-103.0
2015-04-22,2015,SFG,LAD,3,2,1,126.0,-141.0
2015-04-22,2015,CHW,CLE,6,0,1,109.0,-119.0
2015-04-22,2015,TOR,BAL,4,2,1,105.0,-115.0
2015-04-22,2015,DET,NYY,4,13,0,-195.0,175.0
2015-04-22,2015,TBR,BOS,7,5,1,110.0,-120.0
2015-04-22,2015,KCR,MIN,0,3,0,-146.0,131.0
2015-04-22,2015,LAA,ATH,2,9,0,-105.0,-105.0
2015-04-22,2015,SEA,HOU,3,2,1,-164.0,149.0
2015-04-22,2015,ARI,TEX,8,5,1,-111.0,101.0
2015-04-23,2015,PIT,CHC,5,4,1,105.0,-115.0
2015-04-23,2015,PHI,MIA,1,9,0,115.0,-125.0
2015-04-23,2015,NYM,ATL,6,3,1,-125.0,115.0
2015-04-23,2015,MIL,CIN,4,2,1,100.0,-110.0
2015-04-23,2015,COL,SDP,2,1,1,-111.0,101.0
2015-04-23,2015,SFG,LAD,3,2,1,102.0,-112.0
2015-04-23,2015,WSN,STL,1,4,0,-134.0,119.0
2015-04-23,2015,DET,NYY,1,2,0,-102.0,-108.0
2015-04-23,2015,TOR,BAL,7,6,1,-130.0,115.0
2015-04-23,2015,LAA,ATH,2,0,1,-135.0,120.0
2015-04-23,2015,TBR,BOS,2,1,1,-145.0,130.0
2015-04-23,2015,CHW,KCR,2,3,0,-150.0,135.0
2015-04-24,2015,PHI,ATL,1,0,1,107.0,-117.0
2015-04-24,2015,MIA,WSN,3,2,1,115.0,-125.0
2015-04-24,2015,CIN,CHC,3,7,0,-110.0,100.0
2015-04-24,2015,MIL,STL,0,3,0,127.0,-142.0
2015-04-24,2015,COL,SFG,6,4,1,113.0,-123.0
2015-04-24,2015,ARI,PIT,1,4,0,115.0,-130.0
2015-04-24,2015,SDP,LAD,0,3,0,110.0,-120.0
2015-04-24,2015,BAL,BOS,5,7,0,100.0,-110.0
2015-04-24,2015,DET,CLE,1,13,0,-116.0,106.0
2015-04-24,2015,TBR,TOR,12,3,1,-122.0,112.0
2015-04-24,2015,CHW,KCR,2,2,0,-121.0,111.0
2015-04-24,2015,LAA,TEX,3,2,1,-173.0,153.0
2015-04-24,2015,ATH,HOU,4,5,0,-134.0,119.0
2015-04-24,2015,SEA,MIN,2,0,1,-210.0,180.0
2015-04-24,2015,NYY,NYM,6,1,1,-145.0,130.0
2015-04-25,2015,MIA,WSN,8,0,1,125.0,-140.0
2015-04-25,2015,PHI,ATL,2,5,0,110.0,-120.0
2015-04-25,2015,MIL,STL,3,5,0,148.0,-163.0
2015-04-25,2015,ARI,PIT,1,2,0,118.0,-128.0
2015-04-25,2015,COL,SFG,4,5,0,-140.0,125.0
2015-04-25,2015,SDP,LAD,8,11,0,112.0,-122.0
2015-04-25,2015,DET,CLE,4,1,1,-161.0,146.0
2015-04-25,2015,ATH,HOU,3,9,0,-110.0,100.0
2015-04-25,2015,TBR,TOR,4,2,1,-105.0,-105.0
2015-04-25,2015,BAL,BOS,5,4,1,-116.0,106.0
2015-04-25,2015,LAA,TEX,4,1,1,-150.0,135.0
2015-04-25,2015,SEA,MIN,5,8,0,-153.0,138.0
2015-04-25,2015,NYY,NYM,2,8,0,-122.0,112.0
2015-04-26,2015,MIA,WSN,6,2,1,106.0,-116.0
2015-04-26,2015,CIN,CHC,2,5,0,106.0,-116.0
2015-04-26,2015,PHI,ATL,5,4,1,-107.0,-103.0
2015-04-26,2015,MIL,STL,6,3,1,108.0,-118.0
2015-04-26,2015,ARI,PIT,0,8,0,116.0,-131.0
2015-04-26,2015,SDP,LAD,3,1,1,-131.0,116.0
2015-04-26,2015,DET,CLE,8,6,1,-105.0,-105.0
2015-04-26,2015,TBR,TOR,5,1,1,-150.0,135.0
2015-04-26,2015,BAL,BOS,18,7,1,-108.0,-102.0
2015-04-26,2015,CHW,KCR,5,3,1,105.0,-115.0
2015-04-26,2015,LAA,TEX,4,5,0,-150.0,135.0
2015-04-26,2015,ATH,HOU,6,7,0,-171.0,151.0
2015-04-26,2015,SEA,MIN,2,4,0,-150.0,135.0
2015-04-26,2015,NYY,NYM,6,4,1,-160.0,145.0
2015-04-27,2015,MIA,NYM,1,3,0,-143.0,128.0
2015-04-27,2015,ATL,WSN,8,4,1,119.0,-134.0
2015-04-27,2015,CIN,MIL,9,6,1,-121.0,111.0
2015-04-27,2015,CHC,PIT,4,0,1,-119.0,109.0
2015-04-27,2015,STL,PHI,1,4,0,-146.0,131.0
2015-04-27,2015,ARI,COL,4,5,0,-133.0,118.0
2015-04-27,2015,LAD,SFG,8,3,1,-158.0,143.0
2015-04-27,2015,CLE,KCR,2,6,0,-145.0,130.0
2015-04-27,2015,BOS,TOR,6,5,1,-142.0,127.0
2015-04-27,2015,NYY,TBR,4,1,1,-121.0,111.0
2015-04-27,2015,TEX,SEA,1,3,0,-114.0,104.0
2015-04-27,2015,MIN,DET,4,5,0,150.0,-170.0
2015-04-27,2015,SDP,HOU,4,9,0,-118.0,108.0
2015-04-28,2015,ATL,WSN,12,13,0,-112.0,102.0
2015-04-28,2015,MIA,NYM,4,3,1,-121.0,111.0
2015-04-28,2015,CIN,MIL,4,2,1,-195.0,175.0
2015-04-28,2015,CHC,PIT,6,2,1,100.0,-110.0
2015-04-28,2015,STL,PHI,11,5,1,-215.0,185.0
2015-04-28,2015,ARI,COL,12,5,1,-114.0,104.0
2015-04-28,2015,LAD,SFG,1,2,0,-185.0,165.0
2015-04-28,2015,CLE,KCR,5,11,0,-132.0,117.0
2015-04-28,2015,BOS,TOR,8,11,0,-124.0,114.0
2015-04-28,2015,NYY,TBR,4,2,1,-107.0,-103.0
2015-04-28,2015,TEX,SEA,1,2,0,104.0,-114.0
2015-04-28,2015,MIN,DET,3,2,1,125.0,-140.0
2015-04-28,2015,ATH,LAA,6,2,1,-148.0,133.0
2015-04-28,2015,SDP,HOU,3,14,0,-160.0,145.0
2015-04-29,2015,CIN,MIL,3,8,0,-120.0,110.0
2015-04-29,2015,ATL,WSN,4,13,0,110.0,-120.0
2015-04-29,2015,MIA,NYM,7,3,1,-107.0,-103.0
2015-04-29,2015,CHC,PIT,1,8,0,102.0,-112.0
2015-04-29,2015,STL,PHI,5,2,1,-203.0,173.0
2015-04-29,2015,ARI,COL,9,1,1,-113.0,103.0
2015-04-29,2015,LAD,SFG,7,3,1,-216.0,186.0
2015-04-29,2015,NYY,TBR,2,3,0,-142.0,127.0
2015-04-29,2015,MIN,DET,7,10,0,-101.0,-109.0
2015-04-29,2015,CLE,KCR,7,5,1,-112.0,102.0
2015-04-29,2015,BOS,TOR,4,1,1,-159.0,144.0
2015-04-29,2015,BAL,CHW,8,2,1,-105.0,-105.0
2015-04-29,2015,TEX,SEA,2,5,0,144.0,-159.0
2015-04-29,2015,ATH,LAA,3,6,0,-112.0,102.0
2015-04-29,2015,SDP,HOU,2,7,0,-119.0,109.0
2015-04-30,2015,STL,PHI,9,3,1,-240.0,200.0
2015-04-30,2015,NYM,WSN,2,8,0,109.0,-119.0
2015-04-30,2015,ATL,CIN,1,5,0,109.0,-119.0
2015-04-30,2015,ATH,LAA,5,6,0,-119.0,109.0
2015-04-30,2015,CLE,TOR,1,5,0,119.0,-134.0
2015-04-30,2015,MIN,CHW,12,2,1,137.0,-152.0
2015-04-30,2015,HOU,SEA,3,2,1,-104.0,-106.0
2015-04-30,2015,KCR,DET,8,1,1,-121.0,111.0
2015-05-01,2015,CHC,MIL,1,0,1,-192.0,172.0
2015-05-01,2015,NYM,WSN,4,0,1,-114.0,104.0
2015-05-01,2015,MIA,PHI,4,3,1,-152.0,137.0
2015-05-01,2015,ATL,CIN,4,3,1,111.0,-121.0
2015-05-01,2015,STL,PIT,2,1,1,-147.0,132.0
2015-05-01,2015,LAD,ARI,8,0,1,-153.0,138.0
2015-05-01,2015,SDP,COL,14,3,1,-144.0,129.0
2015-05-01,2015,BAL,TBR,0,2,0,-105.0,-105.0
2015-05-01,2015,CLE,TOR,9,4,1,-140.0,125.0
2015-05-01,2015,BOS,NYY,2,3,0,-119.0,109.0
2015-05-01,2015,TEX,ATH,5,7,0,130.0,-145.0
2015-05-01,2015,HOU,SEA,4,3,1,-101.0,-109.0
2015-05-01,2015,KCR,DET,4,1,1,-115.0,105.0
2015-05-01,2015,MIN,CHW,1,0,1,102.0,-112.0
2015-05-01,2015,SFG,LAA,3,2,1,-113.0,103.0
2015-05-02,2015,STL,PIT,2,1,1,-108.0,-102.0
2015-05-02,2015,CHC,MIL,1,6,0,-176.0,156.0
2015-05-02,2015,MIA,PHI,7,0,1,-110.0,100.0
2015-05-02,2015,NYM,WSN,0,1,0,118.0,-133.0
2015-05-02,2015,ATL,CIN,4,8,0,102.0,-112.0
2015-05-02,2015,SDP,COL,4,2,1,-140.0,125.0
2015-05-02,2015,LAD,ARI,6,4,1,-150.0,135.0
2015-05-02,2015,BOS,NYY,2,4,0,-132.0,117.0
2015-05-02,2015,MIN,CHW,5,3,1,-119.0,109.0
2015-05-02,2015,CLE,TOR,4,11,0,-183.0,163.0
2015-05-02,2015,BAL,TBR,4,0,1,109.0,-119.0
2015-05-02,2015,HOU,SEA,11,4,1,-142.0,127.0
2015-05-02,2015,KCR,DET,1,2,0,116.0,-126.0
2015-05-02,2015,TEX,ATH,8,7,1,113.0,-123.0
2015-05-02,2015,SFG,LAA,5,4,1,-113.0,103.0
2015-05-03,2015,NYM,WSN,0,1,0,-101.0,-109.0
2015-05-03,2015,MIA,PHI,2,6,0,-175.0,155.0
2015-05-03,2015,ATL,CIN,5,0,1,133.0,-148.0
2015-05-03,2015,STL,PIT,3,2,1,-152.0,137.0
2015-05-03,2015,CHC,MIL,3,5,0,-147.0,132.0
2015-05-03,2015,LAD,ARI,1,0,1,-141.0,126.0
2015-05-03,2015,SDP,COL,8,6,1,-200.0,170.0
2015-05-03,2015,CLE,TOR,10,7,1,-122.0,112.0
2015-05-03,2015,BAL,TBR,4,2,1,-107.0,-103.0
2015-05-03,2015,MIN,CHW,13,3,1,-122.0,112.0
2015-05-03,2015,HOU,SEA,7,6,1,112.0,-122.0
2015-05-03,2015,KCR,DET,4,6,0,108.0,-118.0
2015-05-03,2015,TEX,ATH,1,7,0,104.0,-114.0
2015-05-03,2015,BOS,NYY,5,8,0,-145.0,130.0
2015-05-03,2015,SFG,LAA,5,0,1,-105.0,-105.0
2015-05-04,2015,WSN,MIA,6,4,1,-160.0,145.0
2015-05-04,2015,ATL,PHI,2,5,0,-148.0,133.0
2015-05-04,2015,MIL,LAD,4,3,1,155.0,-175.0
2015-05-04,2015,STL,CHC,10,9,1,-141.0,126.0
2015-05-04,2015,SFG,SDP,2,0,1,-150.0,135.0
2015-05-04,2015,TOR,NYY,3,1,1,-119.0,109.0
2015-05-04,2015,BOS,TBR,1,5,0,-140.0,125.0
2015-05-04,2015,MIN,ATH,8,7,1,-113.0,103.0
2015-05-04,2015,HOU,TEX,1,2,0,-210.0,180.0
2015-05-04,2015,LAA,SEA,2,3,0,125.0,-140.0
2015-05-05,2015,WSN,MIA,1,2,0,-176.0,156.0
2015-05-05,2015,PIT,CIN,1,7,0,-142.0,127.0
2015-05-05,2015,ATL,PHI,9,0,1,-145.0,130.0
2015-05-05,2015,MIL,LAD,2,8,0,125.0,-140.0
2015-05-05,2015,STL,CHC,7,4,1,-142.0,127.0
2015-05-05,2015,SFG,SDP,6,0,1,105.0,-115.0
2015-05-05,2015,TOR,NYY,3,6,0,105.0,-115.0
2015-05-05,2015,BOS,TBR,2,0,1,-115.0,105.0
2015-05-05,2015,HOU,TEX,1,7,0,-155.0,140.0
2015-05-05,2015,MIN,ATH,1,2,0,-101.0,-109.0
2015-05-05,2015,CHW,DET,5,2,1,-107.0,-103.0
2015-05-05,2015,KCR,CLE,5,3,1,-122.0,112.0
2015-05-05,2015,LAA,SEA,5,4,1,-140.0,125.0
2015-05-05,2015,NYM,BAL,3,2,1,-119.0,109.0
2015-05-06,2015,WSN,MIA,7,5,1,-213.0,183.0
2015-05-06,2015,COL,ARI,7,13,0,-120.0,110.0
2015-05-06,2015,SFG,SDP,1,9,0,-129.0,119.0
2015-05-06,2015,PIT,CIN,0,3,0,-170.0,150.0
2015-05-06,2015,ATL,PHI,7,5,1,-145.0,130.0
2015-05-06,2015,MIL,LAD,6,3,1,108.0,-118.0
2015-05-06,2015,STL,CHC,5,6,0,-128.0,118.0
2015-05-06,2015,TOR,NYY,5,1,1,-134.0,119.0
2015-05-06,2015,BOS,TBR,3,5,0,-124.0,114.0
2015-05-06,2015,HOU,TEX,3,11,0,-132.0,117.0
2015-05-06,2015,MIN,ATH,13,0,1,138.0,-153.0
2015-05-06,2015,KCR,CLE,3,10,0,-140.0,125.0
2015-05-06,2015,CHW,DET,7,6,1,-150.0,135.0
2015-05-06,2015,LAA,SEA,4,3,1,-150.0,135.0
2015-05-06,2015,NYM,BAL,5,1,1,-110.0,100.0
2015-05-06,2015,COL,ARI,1,5,0,-130.0,115.0
2015-05-07,2015,MIL,LAD,4,14,0,-102.0,-108.0
2015-05-07,2015,STL,CHC,5,1,1,-114.0,104.0
2015-05-07,2015,PIT,CIN,7,2,1,-129.0,119.0
2015-05-07,2015,ARI,SDP,11,0,1,-119.0,109.0
2015-05-07,2015,SFG,MIA,2,7,0,-144.0,129.0
2015-05-07,2015,MIN,ATH,6,5,1,-114.0,104.0
2015-05-07,2015,CHW,DET,1,4,0,-115.0,105.0
2015-05-07,2015,KCR,CLE,7,4,1,103.0,-113.0
2015-05-07,2015,NYY,BAL,4,3,1,-130.0,115.0
2015-05-07,2015,TBR,TEX,4,5,0,-170.0,150.0
2015-05-07,2015,LAA,HOU,2,3,0,100.0,-110.0
2015-05-08,2015,WSN,ATL,9,2,1,-215.0,185.0
2015-05-08,2015,PHI,NYM,3,1,1,116.0,-131.0
2015-05-08,2015,PIT,STL,5,8,0,-110.0,100.0
2015-05-08,2015,MIL,CHC,6,7,0,-110.0,100.0
2015-05-08,2015,COL,LAD,1,2,0,119.0,-134.0
2015-05-08,2015,ARI,SDP,5,6,0,108.0,-118.0
2015-05-08,2015,SFG,MIA,6,0,1,-105.0,-105.0
2015-05-08,2015,DET,KCR,6,5,1,-155.0,140.0
2015-05-08,2015,NYY,BAL,5,4,1,-117.0,107.0
2015-05-08,2015,CLE,MIN,3,9,0,-172.0,152.0
2015-05-08,2015,TOR,BOS,7,0,1,-134.0,119.0
2015-05-08,2015,TBR,TEX,8,2,1,-120.0,110.0
2015-05-08,2015,LAA,HOU,2,0,1,-125.0,115.0
2015-05-08,2015,SEA,ATH,4,3,1,109.0,-119.0
2015-05-09,2015,WSN,ATL,8,6,1,-150.0,135.0
2015-05-09,2015,PIT,STL,7,5,1,-117.0,107.0
2015-05-09,2015,PHI,NYM,2,3,0,103.0,-113.0
2015-05-09,2015,MIL,CHC,12,4,1,-105.0,-105.0
2015-05-09,2015,ARI,SDP,4,6,0,-109.0,-101.0
2015-05-09,2015,SFG,MIA,2,6,0,-156.0,141.0
2015-05-09,2015,DET,KCR,2,6,0,-151.0,136.0
2015-05-09,2015,TOR,BOS,7,1,1,-117.0,107.0
2015-05-09,2015,NYY,BAL,2,6,0,-117.0,107.0
2015-05-09,2015,CLE,MIN,4,7,0,-130.0,115.0
2015-05-09,2015,TBR,TEX,7,2,1,-141.0,126.0
2015-05-09,2015,LAA,HOU,5,6,0,-105.0,-105.0
2015-05-09,2015,SEA,ATH,7,2,1,-134.0,119.0
2015-05-09,2015,CHW,CIN,8,2,1,-141.0,126.0
2015-05-09,2015,CHW,CIN,4,10,0,104.0,-114.0
2015-05-10,2015,WSN,ATL,5,4,1,-163.0,148.0
2015-05-10,2015,PHI,NYM,4,7,0,112.0,-122.0
2015-05-10,2015,PIT,STL,4,3,1,-107.0,-103.0
2015-05-10,2015,MIL,CHC,3,2,1,100.0,-110.0
2015-05-10,2015,SFG,MIA,3,2,1,-107.0,-103.0
2015-05-10,2015,COL,LAD,5,9,0,148.0,-163.0
2015-05-10,2015,ARI,SDP,2,1,1,-101.0,-109.0
2015-05-10,2015,CLE,MIN,8,2,1,-172.0,152.0
2015-05-10,2015,TOR,BOS,3,6,0,105.0,-115.0
2015-05-10,2015,NYY,BAL,6,2,1,-181.0,161.0
2015-05-10,2015,TBR,TEX,1,2,0,-160.0,145.0
2015-05-10,2015,LAA,HOU,3,1,1,-160.0,145.0
2015-05-10,2015,SEA,ATH,4,3,1,-170.0,150.0
2015-05-10,2015,DET,KCR,1,2,0,-101.0,-109.0
2015-05-10,2015,CHW,CIN,4,3,1,-115.0,105.0
2015-05-11,2015,PHI,PIT,3,4,0,152.0,-172.0
2015-05-11,2015,CIN,ATL,1,2,0,-140.0,125.0
2015-05-11,2015,CHC,NYM,4,3,1,-150.0,135.0
2015-05-11,2015,ARI,WSN,1,11,0,140.0,-155.0
2015-05-11,2015,LAD,MIA,5,3,1,-231.0,201.0
2015-05-11,2015,BAL,TOR,5,2,1,-120.0,110.0
2015-05-11,2015,TBR,NYY,5,11,0,-111.0,101.0
2015-05-11,2015,TEX,KCR,8,2,1,133.0,-148.0
2015-05-11,2015,ATH,BOS,4,5,0,-121.0,111.0
2015-05-11,2015,MIL,CHW,10,7,1,-110.0,100.0
2015-05-12,2015,PHI,PIT,2,7,0,135.0,-150.0
2015-05-12,2015,CIN,ATL,4,3,1,-140.0,125.0
2015-05-12,2015,CHC,NYM,6,1,1,-145.0,130.0
2015-05-12,2015,ARI,WSN,14,6,1,125.0,-140.0
2015-05-12,2015,LAD,MIA,11,1,1,-157.0,142.0
2015-05-12,2015,DET,MIN,2,1,1,-150.0,135.0
2015-05-12,2015,BAL,TOR,2,10,0,-127.0,117.0
2015-05-12,2015,TBR,NYY,4,2,1,-123.0,113.0
2015-05-12,2015,TEX,KCR,6,7,0,118.0,-133.0
2015-05-12,2015,ATH,BOS,9,2,1,-118.0,108.0
2015-05-12,2015,CLE,STL,3,8,0,-134.0,119.0
2015-05-12,2015,HOU,SFG,1,8,0,-160.0,145.0
2015-05-12,2015,MIL,CHW,2,4,0,-101.0,-109.0
2015-05-12,2015,LAA,COL,5,2,1,-183.0,163.0
2015-05-12,2015,SEA,SDP,11,4,1,-135.0,120.0
2015-05-13,2015,ARI,WSN,6,9,0,113.0,-123.0
2015-05-13,2015,PHI,PIT,3,2,1,117.0,-127.0
2015-05-13,2015,CIN,ATL,5,1,1,-134.0,119.0
2015-05-13,2015,LAD,MIA,4,5,0,-162.0,147.0
2015-05-13,2015,CHC,NYM,2,1,1,-104.0,-106.0
2015-05-13,2015,ATH,BOS,0,2,0,-141.0,126.0
2015-05-13,2015,BAL,TOR,6,1,1,-125.0,115.0
2015-05-13,2015,DET,MIN,2,6,0,-121.0,111.0
2015-05-13,2015,TBR,NYY,3,2,1,-105.0,-105.0
2015-05-13,2015,TEX,KCR,5,2,1,117.0,-127.0
2015-05-13,2015,CLE,STL,2,0,1,-140.0,125.0
2015-05-13,2015,HOU,SFG,4,3,1,-130.0,115.0
2015-05-13,2015,MIL,CHW,2,4,0,-120.0,110.0
2015-05-13,2015,LAA,COL,2,1,1,-162.0,147.0
2015-05-13,2015,SEA,SDP,2,4,0,-142.0,127.0
2015-05-14,2015,PHI,PIT,4,2,1,112.0,-122.0
2015-05-14,2015,CHC,NYM,6,5,1,-149.0,134.0
2015-05-14,2015,CIN,SFG,4,3,1,-171.0,151.0
2015-05-14,2015,SDP,WSN,8,3,1,-118.0,108.0
2015-05-14,2015,LAD,COL,4,5,0,-215.0,185.0
2015-05-14,2015,DET,MIN,13,1,1,-200.0,170.0
2015-05-14,2015,TEX,KCR,3,6,0,-104.0,-106.0
2015-05-14,2015,TBR,NYY,6,1,1,117.0,-132.0
2015-05-14,2015,HOU,TOR,6,4,1,-105.0,-105.0
2015-05-14,2015,SEA,BOS,1,2,0,-109.0,-101.0
2015-05-14,2015,CLE,STL,1,2,0,100.0,-110.0
2015-05-15,2015,CHC,PIT,11,10,1,-131.0,116.0
2015-05-15,2015,PHI,ARI,4,3,1,103.0,-113.0
2015-05-15,2015,NYM,MIL,0,7,0,-123.0,113.0
2015-05-15,2015,CIN,SFG,2,10,0,116.0,-131.0
2015-05-15,2015,MIA,ATL,3,5,0,-133.0,118.0
2015-05-15,2015,LAD,COL,6,4,1,-340.0,290.0
2015-05-15,2015,SDP,WSN,0,10,0,118.0,-133.0
2015-05-15,2015,BAL,LAA,1,3,0,-112.0,102.0
2015-05-15,2015,TEX,CLE,3,8,0,-135.0,120.0
2015-05-15,2015,HOU,TOR,8,4,1,-115.0,105.0
2015-05-15,2015,KCR,NYY,12,1,1,106.0,-116.0
2015-05-15,2015,MIN,TBR,3,2,1,100.0,-110.0
2015-05-15,2015,ATH,CHW,6,7,0,-121.0,111.0
2015-05-15,2015,SEA,BOS,2,1,1,-111.0,101.0
2015-05-15,2015,STL,DET,4,10,0,-143.0,128.0
2015-05-16,2015,MIA,ATL,3,5,0,-126.0,116.0
2015-05-16,2015,CHC,PIT,4,1,1,102.0,-112.0
2015-05-16,2015,PHI,ARI,7,5,1,109.0,-119.0
2015-05-16,2015,NYM,MIL,14,1,1,-134.0,119.0
2015-05-16,2015,CIN,SFG,2,11,0,-140.0,125.0
2015-05-16,2015,SDP,WSN,1,4,0,119.0,-129.0
2015-05-16,2015,LAD,COL,1,7,0,-190.0,170.0
2015-05-16,2015,MIN,TBR,6,4,1,-105.0,-105.0
2015-05-16,2015,BAL,LAA,1,6,0,-129.0,119.0
2015-05-16,2015,HOU,TOR,6,5,1,-114.0,104.0
2015-05-16,2015,KCR,NYY,1,5,0,-129.0,119.0
2015-05-16,2015,TEX,CLE,8,10,0,137.0,-152.0
2015-05-16,2015,ATH,CHW,3,4,0,-151.0,136.0
2015-05-16,2015,SEA,BOS,2,4,0,-180.0,160.0
2015-05-16,2015,STL,DET,3,4,0,-102.0,-108.0
2015-05-17,2015,MIA,ATL,0,6,0,-128.0,118.0
2015-05-17,2015,CIN,SFG,8,9,0,-102.0,-108.0
2015-05-17,2015,NYM,MIL,5,1,1,-134.0,119.0
2015-05-17,2015,PHI,ARI,6,0,1,119.0,-134.0
2015-05-17,2015,CHC,PIT,0,3,0,-144.0,129.0
2015-05-17,2015,SDP,WSN,5,10,0,117.0,-127.0
2015-05-17,2015,LAD,COL,1,0,1,-220.0,190.0
2015-05-17,2015,BAL,LAA,3,0,1,110.0,-120.0
2015-05-17,2015,KCR,NYY,6,0,1,-121.0,111.0
2015-05-17,2015,MIN,TBR,3,11,0,115.0,-125.0
2015-05-17,2015,HOU,TOR,4,2,1,-148.0,133.0
2015-05-17,2015,TEX,CLE,5,1,1,125.0,-140.0
2015-05-17,2015,ATH,CHW,3,7,0,-142.0,127.0
2015-05-17,2015,SEA,BOS,5,0,1,-139.0,124.0
2015-05-17,2015,STL,DET,2,1,1,-154.0,139.0
2015-05-18,2015,NYM,STL,2,1,1,-145.0,130.0
2015-05-18,2015,MIA,ARI,2,3,0,-122.0,112.0
2015-05-18,2015,COL,PHI,3,4,0,100.0,-110.0
2015-05-18,2015,TOR,LAA,10,6,1,-107.0,-103.0
2015-05-18,2015,HOU,ATH,1,2,0,-116.0,106.0
2015-05-18,2015,CHW,CLE,2,1,1,-150.0,135.0
2015-05-18,2015,DET,MIL,2,3,0,-116.0,106.0
2015-05-19,2015,MIA,ARI,2,4,0,-134.0,119.0
2015-05-19,2015,NYM,STL,2,10,0,112.0,-122.0
2015-05-19,2015,COL,PHI,6,5,1,-116.0,106.0
2015-05-19,2015,SDP,CHC,4,3,1,-123.0,113.0
2015-05-19,2015,SFG,LAD,2,0,1,109.0,-119.0
2015-05-19,2015,TOR,LAA,2,3,0,-120.0,110.0
2015-05-19,2015,BAL,SEA,9,4,1,-124.0,114.0
2015-05-19,2015,BOS,TEX,4,3,1,-160.0,145.0
2015-05-19,2015,HOU,ATH,6,4,1,129.0,-144.0
2015-05-19,2015,CHW,CLE,1,3,0,-146.0,131.0
2015-05-19,2015,WSN,NYY,8,6,1,-128.0,118.0
2015-05-19,2015,PIT,MIN,5,8,0,-163.0,148.0
2015-05-19,2015,DET,MIL,1,8,0,-159.0,144.0
2015-05-19,2015,ATL,TBR,3,5,0,-104.0,-106.0
2015-05-19,2015,KCR,CIN,3,0,1,-121.0,111.0
2015-05-20,2015,MIA,ARI,1,6,0,-130.0,115.0
2015-05-20,2015,NYM,STL,0,9,0,117.0,-127.0
2015-05-20,2015,COL,PHI,2,4,0,-134.0,119.0
2015-05-20,2015,SDP,CHC,2,3,0,-141.0,126.0
2015-05-20,2015,SFG,LAD,4,0,1,125.0,-140.0
2015-05-20,2015,HOU,ATH,6,1,1,-151.0,136.0
2015-05-20,2015,TOR,LAA,3,4,0,-128.0,118.0
2015-05-20,2015,BAL,SEA,2,4,0,-140.0,125.0
2015-05-20,2015,BOS,TEX,1,2,0,-170.0,150.0
2015-05-20,2015,CHW,CLE,3,4,0,-161.0,146.0
2015-05-20,2015,PIT,MIN,3,4,0,-141.0,126.0
2015-05-20,2015,WSN,NYY,3,2,1,-155.0,140.0
2015-05-20,2015,DET,MIL,5,2,1,-141.0,126.0
2015-05-20,2015,ATL,TBR,2,1,1,115.0,-130.0
2015-05-20,2015,KCR,CIN,7,1,1,-158.0,143.0
2015-05-21,2015,MIA,ARI,6,7,0,-142.0,127.0
2015-05-21,2015,NYM,STL,5,0,1,-107.0,-103.0
2015-05-21,2015,COL,PHI,7,3,1,-170.0,150.0
2015-05-21,2015,SFG,LAD,4,0,1,115.0,-130.0
2015-05-21,2015,ATL,MIL,10,1,1,-120.0,110.0
2015-05-21,2015,SDP,CHC,0,3,0,104.0,-114.0
2015-05-21,2015,BAL,SEA,5,4,1,-107.0,-103.0
2015-05-21,2015,DET,HOU,6,5,1,-153.0,138.0
2015-05-21,2015,TOR,LAA,8,4,1,102.0,-112.0
2015-05-21,2015,TBR,ATH,3,0,1,100.0,-110.0
2015-05-21,2015,BOS,TEX,1,3,0,-190.0,170.0
2015-05-21,2015,CHW,CLE,2,5,0,116.0,-126.0
2015-05-22,2015,WSN,PHI,2,1,1,-290.0,250.0
2015-05-22,2015,PIT,NYM,4,1,1,-171.0,151.0
2015-05-22,2015,ATL,MIL,0,11,0,116.0,-126.0
2015-05-22,2015,COL,SFG,8,11,0,-101.0,-109.0
2015-05-22,2015,ARI,CHC,5,4,1,108.0,-118.0
2015-05-22,2015,LAD,SDP,2,1,1,-200.0,170.0
2015-05-22,2015,DET,HOU,6,2,1,101.0,-111.0
2015-05-22,2015,NYY,TEX,9,10,0,-190.0,170.0
2015-05-22,2015,TOR,SEA,3,4,0,140.0,-155.0
2015-05-22,2015,TBR,ATH,5,2,1,-134.0,119.0
2015-05-22,2015,BOS,LAA,5,12,0,-115.0,105.0
2015-05-22,2015,CHW,MIN,3,2,1,-134.0,119.0
2015-05-22,2015,CLE,CIN,7,3,1,-171.0,151.0
2015-05-22,2015,MIA,BAL,5,8,0,-104.0,-106.0
2015-05-22,2015,KCR,STL,5,0,1,-109.0,-101.0
2015-05-23,2015,PIT,NYM,8,2,1,-118.0,108.0
2015-05-23,2015,WSN,PHI,1,8,0,-140.0,125.0
2015-05-23,2015,ATL,MIL,3,2,1,104.0,-114.0
2015-05-23,2015,COL,SFG,8,10,0,-115.0,105.0
2015-05-23,2015,ARI,CHC,6,9,0,116.0,-126.0
2015-05-23,2015,LAD,SDP,2,0,1,-157.0,142.0
2015-05-23,2015,TOR,SEA,2,3,0,-147.0,132.0
2015-05-23,2015,NYY,TEX,4,15,0,-167.0,152.0
2015-05-23,2015,DET,HOU,2,3,0,-110.0,100.0
2015-05-23,2015,TBR,ATH,0,5,0,-171.0,151.0
2015-05-23,2015,CHW,MIN,3,4,0,-172.0,152.0
2015-05-23,2015,BOS,LAA,8,3,1,-107.0,-103.0
2015-05-23,2015,CLE,CIN,2,1,1,-247.0,207.0
2015-05-23,2015,KCR,STL,3,2,1,-124.0,114.0
2015-05-23,2015,MIA,BAL,1,0,1,-103.0,-107.0
2015-05-23,2015,COL,SFG,5,3,1,109.0,-119.0
2015-05-24,2015,PIT,NYM,9,1,1,-191.0,171.0
2015-05-24,2015,WSN,PHI,4,1,1,-176.0,156.0
2015-05-24,2015,ATL,MIL,2,1,1,-105.0,-105.0
2015-05-24,2015,ARI,CHC,4,3,1,116.0,-131.0
2015-05-24,2015,COL,SFG,11,2,1,117.0,-127.0
2015-05-24,2015,LAD,SDP,3,11,0,-123.0,113.0
2015-05-24,2015,DET,HOU,8,10,0,-155.0,140.0
2015-05-24,2015,TOR,SEA,8,2,1,-105.0,-105.0
2015-05-24,2015,TBR,ATH,2,7,0,109.0,-119.0
2015-05-24,2015,BOS,LAA,6,1,1,-134.0,119.0
2015-05-24,2015,CHW,MIN,1,8,0,-141.0,126.0
2015-05-24,2015,NYY,TEX,2,5,0,-172.0,152.0
2015-05-24,2015,CLE,CIN,5,2,1,-181.0,161.0
2015-05-24,2015,MIA,BAL,5,2,1,-107.0,-103.0
2015-05-24,2015,KCR,STL,1,6,0,-130.0,115.0
2015-05-25,2015,NYM,PHI,6,3,1,-160.0,145.0
2015-05-25,2015,CIN,COL,4,5,0,-145.0,130.0
2015-05-25,2015,MIL,SFG,4,8,0,-125.0,115.0
2015-05-25,2015,CHC,WSN,1,2,0,-112.0,102.0
2015-05-25,2015,STL,ARI,3,2,1,-161.0,146.0
2015-05-25,2015,PIT,MIA,4,2,1,-129.0,119.0
2015-05-25,2015,LAD,ATL,6,3,1,-205.0,175.0
2015-05-25,2015,NYY,KCR,14,1,1,-120.0,110.0
2015-05-25,2015,BAL,HOU,4,3,1,-102.0,-108.0
2015-05-25,2015,MIN,BOS,7,2,1,105.0,-115.0
2015-05-25,2015,CLE,TEX,8,10,0,-141.0,126.0
2015-05-25,2015,ATH,DET,4,0,1,-130.0,115.0
2015-05-25,2015,TOR,CHW,6,0,1,-161.0,146.0
2015-05-25,2015,TBR,SEA,1,4,0,-144.0,129.0
2015-05-25,2015,LAA,SDP,4,3,1,-126.0,116.0
2015-05-26,2015,CHC,WSN,3,2,1,-110.0,100.0
2015-05-26,2015,PIT,MIA,5,1,1,-144.0,129.0
2015-05-26,2015,NYM,PHI,5,4,1,-184.0,164.0
2015-05-26,2015,CIN,COL,2,1,1,-143.0,128.0
2015-05-26,2015,MIL,SFG,3,6,0,118.0,-128.0
2015-05-26,2015,STL,ARI,6,4,1,-170.0,150.0
2015-05-26,2015,LAD,ATL,8,0,1,-270.0,230.0
2015-05-26,2015,BAL,HOU,1,4,0,-118.0,108.0
2015-05-26,2015,CLE,TEX,3,4,0,-157.0,142.0
2015-05-26,2015,NYY,KCR,5,1,1,-101.0,-109.0
2015-05-26,2015,TOR,CHW,10,9,1,-156.0,141.0
2015-05-26,2015,TBR,SEA,6,7,0,-112.0,102.0
2015-05-26,2015,MIN,BOS,2,1,1,129.0,-144.0
2015-05-26,2015,ATH,DET,0,1,0,101.0,-111.0
2015-05-26,2015,LAA,SDP,0,4,0,-170.0,150.0
2015-05-27,2015,CIN,COL,4,6,0,-155.0,140.0
2015-05-27,2015,PIT,MIA,5,2,1,-205.0,175.0
2015-05-27,2015,NYM,PHI,7,0,1,-171.0,151.0
2015-05-27,2015,MIL,SFG,1,3,0,-119.0,109.0
2015-05-27,2015,CHC,WSN,0,3,0,113.0,-123.0
2015-05-27,2015,STL,ARI,4,3,1,-190.0,170.0
2015-05-27,2015,LAD,ATL,2,3,0,-177.0,157.0
2015-05-27,2015,CLE,TEX,12,3,1,-152.0,137.0
2015-05-27,2015,NYY,KCR,4,2,1,-134.0,119.0
2015-05-27,2015,TBR,SEA,0,3,0,111.0,-121.0
2015-05-27,2015,MIN,BOS,6,4,1,105.0,-115.0
2015-05-27,2015,ATH,DET,2,3,0,-140.0,125.0
2015-05-27,2015,BAL,HOU,5,4,1,-119.0,109.0
2015-05-27,2015,TOR,CHW,3,5,0,-126.0,116.0
2015-05-27,2015,LAA,SDP,4,5,0,-163.0,148.0
2015-05-28,2015,SDP,PIT,5,11,0,118.0,-128.0
2015-05-28,2015,SFG,ATL,7,0,1,-130.0,115.0
2015-05-28,2015,TEX,BOS,1,5,0,119.0,-129.0
2015-05-28,2015,ATH,NYY,5,4,1,-103.0,-107.0
2015-05-28,2015,LAA,DET,12,2,1,-113.0,103.0
2015-05-28,2015,SEA,CLE,3,5,0,108.0,-118.0
2015-05-28,2015,BAL,CHW,2,3,0,119.0,-129.0
2015-05-28,2015,BAL,CHW,6,3,1,-190.0,170.0
2015-05-29,2015,PHI,COL,1,4,0,-159.0,144.0
2015-05-29,2015,CIN,WSN,5,2,1,112.0,-122.0
2015-05-29,2015,NYM,MIA,3,4,0,-160.0,145.0
2015-05-29,2015,MIL,ARI,5,7,0,-115.0,105.0
2015-05-29,2015,STL,LAD,3,0,1,-121.0,111.0
2015-05-29,2015,SDP,PIT,6,2,1,-114.0,104.0
2015-05-29,2015,SFG,ATL,4,2,1,-153.0,138.0
2015-05-29,2015,BAL,TBR,2,1,1,-134.0,119.0
2015-05-29,2015,TEX,BOS,7,4,1,-114.0,104.0
2015-05-29,2015,MIN,TOR,4,6,0,-115.0,105.0
2015-05-29,2015,HOU,CHW,3,6,0,-165.0,150.0
2015-05-29,2015,ATH,NYY,6,2,1,-153.0,138.0
2015-05-29,2015,LAA,DET,2,0,1,107.0,-117.0
2015-05-29,2015,SEA,CLE,2,1,1,-109.0,-101.0
2015-05-29,2015,CHC,KCR,4,8,0,-144.0,129.0
2015-05-30,2015,PHI,COL,2,5,0,-133.0,118.0
2015-05-30,2015,MIL,ARI,3,7,0,-134.0,119.0
2015-05-30,2015,CIN,WSN,8,5,1,-109.0,-101.0
2015-05-30,2015,NYM,MIA,5,9,0,-120.0,110.0
2015-05-30,2015,STL,LAD,1,5,0,-128.0,118.0
2015-05-30,2015,SFG,ATL,0,8,0,-150.0,135.0
2015-05-30,2015,SDP,PIT,2,5,0,-121.0,111.0
2015-05-30,2015,MIN,TOR,3,2,1,-101.0,-109.0
2015-05-30,2015,BAL,TBR,0,3,0,-133.0,118.0
2015-05-30,2015,HOU,CHW,3,0,1,-155.0,140.0
2015-05-30,2015,TEX,BOS,8,0,1,118.0,-128.0
2015-05-30,2015,ATH,NYY,3,5,0,-119.0,109.0
2015-05-30,2015,LAA,DET,8,6,1,-114.0,104.0
2015-05-30,2015,SEA,CLE,3,4,0,-140.0,125.0
2015-05-31,2015,NYM,MIA,4,3,1,-123.0,113.0
2015-05-31,2015,CIN,WSN,8,2,1,116.0,-126.0
2015-05-31,2015,PHI,COL,1,4,0,-113.0,103.0
2015-05-31,2015,MIL,ARI,7,6,1,-101.0,-109.0
2015-05-31,2015,STL,LAD,3,1,1,-105.0,-105.0
2015-05-31,2015,SFG,ATL,5,7,0,-217.0,187.0
2015-05-31,2015,SDP,PIT,7,1,1,-114.0,104.0
2015-05-31,2015,BAL,TBR,5,9,0,-103.0,-107.0
2015-05-31,2015,HOU,CHW,0,6,0,-144.0,129.0
2015-05-31,2015,MIN,TOR,6,5,1,119.0,-129.0
2015-05-31,2015,TEX,BOS,4,3,1,108.0,-118.0
2015-05-31,2015,ATH,NYY,3,0,1,-127.0,117.0
2015-05-31,2015,SEA,CLE,3,6,0,-111.0,101.0
2015-05-31,2015,LAA,DET,4,2,1,112.0,-122.0
2015-05-31,2015,CHC,KCR,2,1,1,100.0,-110.0
2015-06-01,2015,MIA,CHC,1,5,0,113.0,-123.0
2015-06-01,2015,STL,MIL,0,1,0,-146.0,131.0
2015-06-01,2015,COL,LAD,4,11,0,185.0,-215.0
2015-06-01,2015,ARI,ATL,1,8,0,-106.0,-104.0
2015-06-01,2015,SDP,NYM,0,7,0,-112.0,102.0
2015-06-01,2015,SFG,PIT,3,4,0,125.0,-140.0
2015-06-01,2015,HOU,BAL,5,2,1,-104.0,-106.0
2015-06-01,2015,LAA,TBR,7,3,1,-153.0,138.0
2015-06-01,2015,SEA,NYY,2,7,0,-133.0,118.0
2015-06-02,2015,PHI,CIN,5,4,1,158.0,-178.0
2015-06-02,2015,MIA,CHC,5,2,1,-109.0,-101.0
2015-06-02,2015,STL,MIL,1,0,1,-170.0,150.0
2015-06-02,2015,COL,LAD,8,9,0,173.0,-193.0
2015-06-02,2015,ARI,ATL,7,6,1,101.0,-111.0
2015-06-02,2015,SDP,NYM,7,2,1,-114.0,104.0
2015-06-02,2015,SFG,PIT,4,7,0,-122.0,112.0
2015-06-02,2015,DET,ATH,3,5,0,-126.0,116.0
2015-06-02,2015,BOS,MIN,1,0,1,-190.0,170.0
2015-06-02,2015,TEX,CHW,15,2,1,-108.0,-102.0
2015-06-02,2015,HOU,BAL,6,4,1,-143.0,128.0
2015-06-02,2015,KCR,CLE,1,2,0,118.0,-128.0
2015-06-02,2015,LAA,TBR,1,6,0,110.0,-120.0
2015-06-02,2015,SEA,NYY,3,5,0,-112.0,102.0
2015-06-02,2015,WSN,TOR,3,7,0,-170.0,150.0
2015-06-02,2015,COL,LAD,6,3,1,-102.0,-108.0
2015-06-02,2015,WSN,TOR,2,0,1,-156.0,141.0
2015-06-03,2015,STL,MIL,7,4,1,-176.0,156.0
2015-06-03,2015,ARI,ATL,9,8,1,-150.0,135.0
2015-06-03,2015,SFG,PIT,2,5,0,113.0,-123.0
2015-06-03,2015,PHI,CIN,5,4,1,-132.0,117.0
2015-06-03,2015,MIA,CHC,7,3,1,104.0,-114.0
2015-06-03,2015,COL,LAD,7,6,1,111.0,-121.0
2015-06-03,2015,SDP,NYM,7,3,1,-152.0,137.0
2015-06-03,2015,SEA,NYY,1,3,0,-105.0,-105.0
2015-06-03,2015,DET,ATH,1,6,0,-108.0,-102.0
2015-06-03,2015,BOS,MIN,0,2,0,-147.0,132.0
2015-06-03,2015,TEX,CHW,2,9,0,146.0,-161.0
2015-06-03,2015,HOU,BAL,3,1,1,-124.0,114.0
2015-06-03,2015,KCR,CLE,4,2,1,109.0,-119.0
2015-06-03,2015,LAA,TBR,5,6,0,-115.0,105.0
2015-06-03,2015,WSN,TOR,0,8,0,-130.0,115.0
2015-06-03,2015,BOS,MIN,6,3,1,-145.0,130.0
2015-06-04,2015,WSN,CHC,1,2,0,-113.0,103.0
2015-06-04,2015,PHI,CIN,4,6,0,112.0,-122.0
2015-06-04,2015,ARI,NYM,2,6,0,125.0,-140.0
2015-06-04,2015,LAD,STL,1,7,0,-105.0,-105.0
2015-06-04,2015,DET,ATH,5,7,0,-102.0,-108.0
2015-06-04,2015,HOU,BAL,2,3,0,-172.0,152.0
2015-06-04,2015,BOS,MIN,4,8,0,-162.0,147.0
2015-06-04,2015,TEX,CHW,2,1,1,-103.0,-107.0
2015-06-04,2015,KCR,CLE,2,6,0,-117.0,107.0
2015-06-04,2015,SEA,TBR,1,2,0,-127.0,117.0
2015-06-05,2015,WSN,CHC,7,5,1,-126.0,116.0
2015-06-05,2015,PHI,SFG,4,5,0,118.0,-128.0
2015-06-05,2015,CIN,SDP,2,6,0,112.0,-122.0
2015-06-05,2015,ATL,PIT,8,10,0,114.0,-124.0
2015-06-05,2015,COL,MIA,2,6,0,-104.0,-106.0
2015-06-05,2015,ARI,NYM,7,2,1,-130.0,115.0
2015-06-05,2015,LAD,STL,1,2,0,-120.0,110.0
2015-06-05,2015,CLE,BAL,2,5,0,-122.0,112.0
2015-06-05,2015,NYY,LAA,8,7,1,-120.0,110.0
2015-06-05,2015,TOR,HOU,6,2,1,-161.0,146.0
2015-06-05,2015,BOS,ATH,4,2,1,-118.0,108.0
2015-06-05,2015,CHW,DET,4,3,1,-150.0,135.0
2015-06-05,2015,KCR,TEX,0,4,0,-177.0,157.0
2015-06-05,2015,SEA,TBR,0,1,0,-109.0,-101.0
2015-06-05,2015,MIN,MIL,5,10,0,-127.0,117.0
2015-06-06,2015,WSN,CHC,2,4,0,-103.0,-107.0
2015-06-06,2015,PHI,SFG,5,7,0,175.0,-205.0
2015-06-06,2015,COL,MIA,10,5,1,104.0,-114.0
2015-06-06,2015,CIN,SDP,7,9,0,101.0,-111.0
2015-06-06,2015,ATL,PIT,5,4,1,-102.0,-108.0
2015-06-06,2015,ARI,NYM,2,1,1,-148.0,133.0
2015-06-06,2015,LAD,STL,2,0,1,-205.0,175.0
2015-06-06,2015,TOR,HOU,7,2,1,-164.0,149.0
2015-06-06,2015,KCR,TEX,2,4,0,-150.0,135.0
2015-06-06,2015,BOS,ATH,4,2,1,-108.0,-102.0
2015-06-06,2015,CLE,BAL,2,1,1,-158.0,143.0
2015-06-06,2015,CHW,DET,1,7,0,160.0,-180.0
2015-06-06,2015,NYY,LAA,8,2,1,107.0,-117.0
2015-06-06,2015,SEA,TBR,2,1,1,-200.0,170.0
2015-06-06,2015,MIN,MIL,2,4,0,-130.0,115.0
2015-06-07,2015,CIN,SDP,4,0,1,-176.0,156.0
2015-06-07,2015,ATL,PIT,0,3,0,137.0,-152.0
2015-06-07,2015,PHI,SFG,6,4,1,127.0,-142.0
2015-06-07,2015,WSN,CHC,3,6,0,-141.0,126.0
2015-06-07,2015,COL,MIA,2,3,0,-109.0,-101.0
2015-06-07,2015,ARI,NYM,3,6,0,125.0,-140.0
2015-06-07,2015,LAD,STL,2,4,0,-162.0,147.0
2015-06-07,2015,CLE,BAL,3,7,0,-184.0,164.0
2015-06-07,2015,NYY,LAA,6,2,1,-112.0,102.0
2015-06-07,2015,TOR,HOU,7,6,1,-109.0,-101.0
2015-06-07,2015,BOS,ATH,7,4,1,-184.0,164.0
2015-06-07,2015,CHW,DET,4,6,0,-129.0,119.0
2015-06-07,2015,KCR,TEX,4,3,1,-131.0,116.0
2015-06-07,2015,SEA,TBR,1,3,0,119.0,-129.0
2015-06-07,2015,MIN,MIL,2,0,1,111.0,-121.0
2015-06-08,2015,PIT,MIL,0,2,0,-134.0,119.0
2015-06-08,2015,CIN,PHI,6,4,1,-105.0,-105.0
2015-06-08,2015,ATL,SDP,3,5,0,-117.0,107.0
2015-06-08,2015,COL,STL,11,3,1,130.0,-145.0
2015-06-08,2015,LAD,ARI,9,3,1,-150.0,135.0
2015-06-08,2015,CHW,HOU,3,1,1,-140.0,125.0
2015-06-08,2015,MIN,KCR,1,3,0,100.0,-110.0
2015-06-08,2015,TOR,MIA,11,3,1,-172.0,152.0
2015-06-09,2015,PIT,MIL,1,4,0,-183.0,163.0
2015-06-09,2015,CIN,PHI,11,2,1,-140.0,125.0
2015-06-09,2015,NYM,SFG,0,5,0,-117.0,107.0
2015-06-09,2015,ATL,SDP,6,5,1,114.0,-124.0
2015-06-09,2015,COL,STL,4,3,1,102.0,-112.0
2015-06-09,2015,LAD,ARI,3,1,1,-156.0,141.0
2015-06-09,2015,BAL,BOS,1,0,1,103.0,-113.0
2015-06-09,2015,TBR,LAA,2,8,0,106.0,-116.0
2015-06-09,2015,CLE,SEA,2,3,0,-200.0,170.0
2015-06-09,2015,MIN,KCR,0,2,0,102.0,-112.0
2015-06-09,2015,CHW,HOU,4,2,1,129.0,-144.0
2015-06-09,2015,ATH,TEX,1,2,0,-193.0,173.0
2015-06-09,2015,TOR,MIA,4,3,1,-147.0,132.0
2015-06-09,2015,NYY,WSN,6,1,1,-126.0,116.0
2015-06-09,2015,DET,CHC,6,0,1,-149.0,134.0
2015-06-10,2015,CIN,PHI,5,2,1,-151.0,136.0
2015-06-10,2015,COL,STL,2,4,0,139.0,-154.0
2015-06-10,2015,PIT,MIL,2,0,1,-172.0,152.0
2015-06-10,2015,NYM,SFG,5,8,0,-160.0,145.0
2015-06-10,2015,ATL,SDP,4,1,1,112.0,-122.0
2015-06-10,2015,LAD,ARI,7,6,1,-182.0,162.0
2015-06-10,2015,BAL,BOS,5,2,1,-107.0,-103.0
2015-06-10,2015,CLE,SEA,3,9,0,-124.0,114.0
2015-06-10,2015,TBR,LAA,4,2,1,-123.0,113.0
2015-06-10,2015,MIN,KCR,2,7,0,-101.0,-109.0
2015-06-10,2015,CHW,HOU,4,1,1,-106.0,-104.0
2015-06-10,2015,ATH,TEX,5,4,1,-141.0,126.0
2015-06-10,2015,TOR,MIA,7,2,1,-142.0,127.0
2015-06-10,2015,NYY,WSN,4,5,0,-127.0,117.0
2015-06-10,2015,DET,CHC,3,12,0,101.0,-111.0
2015-06-11,2015,ATL,SDP,4,6,0,103.0,-113.0
2015-06-11,2015,MIA,COL,6,0,1,-131.0,116.0
2015-06-11,2015,NYM,SFG,5,4,1,-125.0,115.0
2015-06-11,2015,CHC,CIN,6,3,1,-163.0,148.0
2015-06-11,2015,MIL,WSN,6,5,1,-107.0,-103.0
2015-06-11,2015,CLE,SEA,6,0,1,-104.0,-106.0
2015-06-11,2015,ATH,TEX,7,0,1,-181.0,161.0
2015-06-11,2015,BAL,BOS,6,5,1,-105.0,-105.0
2015-06-11,2015,TBR,LAA,2,6,0,-102.0,-108.0
2015-06-12,2015,CHC,CIN,4,5,0,-127.0,117.0
2015-06-12,2015,PIT,PHI,1,0,1,-233.0,203.0
2015-06-12,2015,NYM,ATL,5,3,1,-105.0,-105.0
2015-06-12,2015,MIA,COL,5,1,1,-133.0,118.0
2015-06-12,2015,MIL,WSN,8,4,1,-105.0,-105.0
2015-06-12,2015,SDP,LAD,3,4,0,177.0,-207.0
2015-06-12,2015,SFG,ARI,0,1,0,-155.0,140.0
2015-06-12,2015,DET,CLE,4,0,1,-111.0,101.0
2015-06-12,2015,BAL,NYY,11,3,1,116.0,-126.0
2015-06-12,2015,BOS,TOR,10,13,0,-105.0,-105.0
2015-06-12,2015,TBR,CHW,7,5,1,-153.0,138.0
2015-06-12,2015,TEX,MIN,6,2,1,-126.0,116.0
2015-06-12,2015,HOU,SEA,10,0,1,117.0,-132.0
2015-06-12,2015,LAA,ATH,5,4,1,-113.0,103.0
2015-06-12,2015,STL,KCR,4,0,1,-124.0,114.0
2015-06-13,2015,PIT,PHI,4,3,1,-291.0,251.0
2015-06-13,2015,NYM,ATL,3,5,0,-160.0,145.0
2015-06-13,2015,MIL,WSN,2,7,0,-119.0,109.0
2015-06-13,2015,MIA,COL,4,1,1,-131.0,116.0
2015-06-13,2015,SFG,ARI,2,4,0,-140.0,125.0
2015-06-13,2015,CHC,CIN,4,3,1,-145.0,130.0
2015-06-13,2015,SDP,LAD,2,1,1,145.0,-160.0
2015-06-13,2015,BOS,TOR,4,5,0,-120.0,110.0
2015-06-13,2015,TEX,MIN,11,7,1,-146.0,131.0
2015-06-13,2015,DET,CLE,4,5,0,106.0,-116.0
2015-06-13,2015,HOU,SEA,1,8,0,-128.0,118.0
2015-06-13,2015,TBR,CHW,5,4,1,-180.0,160.0
2015-06-13,2015,BAL,NYY,9,4,1,-116.0,106.0
2015-06-13,2015,LAA,ATH,1,0,1,-140.0,125.0
2015-06-13,2015,STL,KCR,3,2,1,-141.0,126.0
2015-06-14,2015,NYM,ATL,10,8,1,-119.0,109.0
2015-06-14,2015,MIA,COL,1,4,0,-127.0,117.0
2015-06-14,2015,PIT,PHI,1,0,1,-141.0,126.0
2015-06-14,2015,MIL,WSN,0,4,0,141.0,-156.0
2015-06-14,2015,SFG,ARI,0,4,0,-131.0,116.0
2015-06-14,2015,SDP,LAD,2,4,0,100.0,-110.0
2015-06-14,2015,CHC,CIN,2,1,1,-150.0,135.0
2015-06-14,2015,DET,CLE,8,1,1,149.0,-164.0
2015-06-14,2015,TBR,CHW,2,1,1,125.0,-140.0
2015-06-14,2015,BAL,NYY,3,5,0,-120.0,110.0
2015-06-14,2015,BOS,TOR,5,13,0,-116.0,106.0
2015-06-14,2015,HOU,SEA,13,0,1,-130.0,115.0
2015-06-14,2015,TEX,MIN,3,4,0,-115.0,105.0
2015-06-14,2015,LAA,ATH,1,8,0,105.0,-115.0
2015-06-15,2015,PIT,CHW,11,0,1,-202.0,172.0
2015-06-15,2015,DET,CIN,6,0,1,-190.0,170.0
2015-06-15,2015,BAL,PHI,4,0,1,-261.0,221.0
2015-06-15,2015,TBR,WSN,6,1,1,-126.0,116.0
2015-06-15,2015,BOS,ATL,2,4,0,-172.0,152.0
2015-06-15,2015,NYM,TOR,4,3,1,-120.0,110.0
2015-06-15,2015,MIA,NYY,2,1,1,126.0,-141.0
2015-06-15,2015,TEX,LAD,4,1,1,101.0,-111.0
2015-06-15,2015,HOU,COL,6,3,1,-180.0,160.0
2015-06-15,2015,MIL,KCR,5,8,0,103.0,-113.0
2015-06-15,2015,STL,MIN,3,2,1,-172.0,152.0
2015-06-15,2015,LAA,ARI,3,7,0,-149.0,134.0
2015-06-15,2015,SDP,ATH,1,9,0,-115.0,105.0
2015-06-15,2015,SFG,SEA,1,5,0,-122.0,112.0
2015-06-16,2015,STL,MIN,3,2,1,-170.0,150.0
2015-06-16,2015,HOU,COL,8,5,1,-178.0,158.0
2015-06-16,2015,SDP,ATH,5,6,0,105.0,-115.0
2015-06-16,2015,SFG,SEA,6,2,1,113.0,-123.0
2015-06-16,2015,BOS,ATL,9,4,1,-156.0,141.0
2015-06-16,2015,BAL,PHI,19,3,1,-195.0,175.0
2015-06-16,2015,DET,CIN,2,5,0,-134.0,119.0
2015-06-16,2015,PIT,CHW,3,0,1,-158.0,143.0
2015-06-16,2015,MIA,NYY,12,2,1,-110.0,100.0
2015-06-16,2015,NYM,TOR,3,2,1,-163.0,148.0
2015-06-16,2015,TBR,WSN,4,16,0,-126.0,116.0
2015-06-16,2015,CHC,CLE,0,6,0,-147.0,132.0
2015-06-16,2015,TEX,LAD,3,2,1,136.0,-151.0
2015-06-16,2015,MIL,KCR,2,7,0,103.0,-113.0
2015-06-16,2015,LAA,ARI,4,1,1,-191.0,171.0
2015-06-17,2015,PHI,BAL,4,6,0,150.0,-170.0
2015-06-17,2015,WSN,TBR,0,5,0,-143.0,128.0
2015-06-17,2015,NYY,MIA,2,1,1,-206.0,176.0
2015-06-17,2015,TOR,NYM,8,0,1,-197.0,177.0
2015-06-17,2015,CLE,CHC,0,17,0,-122.0,112.0
2015-06-17,2015,ATL,BOS,5,2,1,-112.0,102.0
2015-06-17,2015,CIN,DET,8,4,1,-105.0,-105.0
2015-06-17,2015,KCR,MIL,10,2,1,-143.0,128.0
2015-06-17,2015,CHW,PIT,2,3,0,108.0,-118.0
2015-06-17,2015,MIN,STL,3,1,1,130.0,-145.0
2015-06-17,2015,COL,HOU,4,8,0,-104.0,-106.0
2015-06-17,2015,ARI,LAA,3,2,1,-130.0,115.0
2015-06-17,2015,ATH,SDP,16,2,1,-175.0,155.0
2015-06-17,2015,SEA,SFG,2,0,1,-133.0,118.0
2015-06-17,2015,LAD,TEX,3,5,0,-287.0,247.0
2015-06-18,2015,PHI,BAL,2,1,1,150.0,-170.0
2015-06-18,2015,MIN,STL,2,1,1,112.0,-122.0
2015-06-18,2015,COL,HOU,4,8,0,101.0,-111.0
2015-06-18,2015,ATH,SDP,1,3,0,-130.0,115.0
2015-06-18,2015,ARI,LAA,1,7,0,-101.0,-109.0
2015-06-18,2015,WSN,TBR,3,5,0,-101.0,-109.0
2015-06-18,2015,NYY,MIA,9,4,1,-132.0,117.0
2015-06-18,2015,TOR,NYM,7,1,1,-152.0,137.0
2015-06-18,2015,CLE,CHC,4,3,1,-145.0,130.0
2015-06-18,2015,ATL,BOS,2,5,0,104.0,-114.0
2015-06-18,2015,KCR,MIL,3,2,1,-142.0,127.0
2015-06-18,2015,CHW,PIT,2,3,0,113.0,-123.0
2015-06-18,2015,LAD,TEX,1,0,1,-265.0,225.0
2015-06-18,2015,SEA,SFG,0,7,0,-150.0,135.0
2015-06-19,2015,WSN,PIT,4,1,1,117.0,-127.0
2015-06-19,2015,PHI,STL,4,12,0,170.0,-200.0
2015-06-19,2015,CIN,MIA,5,0,1,-127.0,117.0
2015-06-19,2015,ATL,NYM,2,1,1,134.0,-149.0
2015-06-19,2015,COL,MIL,5,9,0,-143.0,128.0
2015-06-19,2015,ARI,SDP,4,2,1,101.0,-111.0
2015-06-19,2015,LAD,SFG,5,9,0,-146.0,131.0
2015-06-19,2015,NYY,DET,7,2,1,102.0,-112.0
2015-06-19,2015,TOR,BAL,5,4,1,-108.0,-102.0
2015-06-19,2015,CLE,TBR,1,4,0,-171.0,151.0
2015-06-19,2015,KCR,BOS,3,7,0,-101.0,-109.0
2015-06-19,2015,CHW,TEX,1,2,0,-200.0,170.0
2015-06-19,2015,ATH,LAA,7,12,0,-161.0,146.0
2015-06-19,2015,SEA,HOU,5,2,1,-101.0,-109.0
2015-06-19,2015,MIN,CHC,7,2,1,106.0,-116.0
2015-06-20,2015,WSN,PIT,6,0,1,-144.0,129.0
2015-06-20,2015,ATL,NYM,6,4,1,115.0,-125.0
2015-06-20,2015,CIN,MIA,0,5,0,-132.0,117.0
2015-06-20,2015,COL,MIL,5,1,1,-131.0,116.0
2015-06-20,2015,PHI,STL,1,10,0,135.0,-150.0
2015-06-20,2015,LAD,SFG,2,6,0,-153.0,138.0
2015-06-20,2015,ARI,SDP,1,8,0,104.0,-114.0
2015-06-20,2015,TOR,BAL,3,5,0,-111.0,101.0
2015-06-20,2015,CHW,TEX,3,2,1,-160.0,145.0
2015-06-20,2015,ATH,LAA,4,1,1,-134.0,119.0
2015-06-20,2015,CLE,TBR,1,4,0,-185.0,165.0
2015-06-20,2015,KCR,BOS,7,4,1,-120.0,110.0
2015-06-20,2015,NYY,DET,14,3,1,-140.0,125.0
2015-06-20,2015,SEA,HOU,6,3,1,112.0,-122.0
2015-06-20,2015,MIN,CHC,1,4,0,-105.0,-105.0
2015-06-21,2015,CIN,MIA,5,2,1,-118.0,108.0
2015-06-21,2015,PHI,STL,9,2,1,175.0,-195.0
2015-06-21,2015,WSN,PIT,9,2,1,-110.0,100.0
2015-06-21,2015,ARI,SDP,7,2,1,103.0,-113.0
2015-06-21,2015,COL,MIL,10,4,1,-116.0,106.0
2015-06-21,2015,ATL,NYM,1,0,1,118.0,-128.0
2015-06-21,2015,LAD,SFG,10,2,1,-172.0,152.0
2015-06-21,2015,NYY,DET,4,12,0,-150.0,135.0
2015-06-21,2015,TOR,BAL,9,13,0,-125.0,115.0
2015-06-21,2015,CLE,TBR,1,0,1,-119.0,109.0
2015-06-21,2015,KCR,BOS,2,13,0,-107.0,-103.0
2015-06-21,2015,CHW,TEX,3,2,1,-126.0,116.0
2015-06-21,2015,ATH,LAA,3,2,1,-107.0,-103.0
2015-06-21,2015,SEA,HOU,2,6,0,-114.0,104.0
2015-06-21,2015,MIN,CHC,0,8,0,119.0,-134.0
2015-06-22,2015,CHC,LAD,4,2,1,170.0,-190.0
2015-06-22,2015,CLE,DET,5,8,0,-145.0,130.0
2015-06-22,2015,TBR,TOR,5,8,0,-129.0,119.0
2015-06-22,2015,MIN,CHW,13,2,1,-134.0,119.0
2015-06-22,2015,LAA,HOU,4,3,1,-119.0,109.0
2015-06-22,2015,SEA,KCR,1,4,0,-148.0,133.0
2015-06-22,2015,NYY,PHI,8,11,0,-290.0,250.0
2015-06-23,2015,PIT,CIN,7,6,1,-155.0,140.0
2015-06-23,2015,WSN,ATL,3,1,1,-170.0,150.0
2015-06-23,2015,MIA,STL,3,4,0,117.0,-132.0
2015-06-23,2015,CHC,LAD,1,0,1,128.0,-143.0
2015-06-23,2015,MIL,NYM,3,2,1,-150.0,135.0
2015-06-23,2015,COL,ARI,10,5,1,115.0,-125.0
2015-06-23,2015,SFG,SDP,2,3,0,-183.0,163.0
2015-06-23,2015,CLE,DET,3,7,0,-111.0,101.0
2015-06-23,2015,BOS,BAL,4,6,0,-115.0,105.0
2015-06-23,2015,TBR,TOR,4,3,1,-170.0,150.0
2015-06-23,2015,TEX,ATH,6,8,0,115.0,-130.0
2015-06-23,2015,MIN,CHW,2,6,0,101.0,-111.0
2015-06-23,2015,LAA,HOU,3,13,0,-113.0,103.0
2015-06-23,2015,SEA,KCR,7,0,1,-119.0,109.0
2015-06-23,2015,NYY,PHI,6,11,0,-300.0,250.0
2015-06-24,2015,PIT,CIN,2,5,0,-192.0,172.0
2015-06-24,2015,WSN,ATL,2,1,1,-173.0,153.0
2015-06-24,2015,MIA,STL,1,6,0,105.0,-115.0
2015-06-24,2015,CHC,LAD,2,5,0,-105.0,-105.0
2015-06-24,2015,MIL,NYM,4,1,1,-133.0,118.0
2015-06-24,2015,COL,ARI,7,8,0,-116.0,106.0
2015-06-24,2015,SFG,SDP,6,0,1,-124.0,114.0
2015-06-24,2015,CLE,DET,8,2,1,-209.0,179.0
2015-06-24,2015,TBR,TOR,0,1,0,-120.0,110.0
2015-06-24,2015,MIN,CHW,6,1,1,117.0,-127.0
2015-06-24,2015,LAA,HOU,2,1,1,105.0,-115.0
2015-06-24,2015,BOS,BAL,5,1,1,-147.0,132.0
2015-06-24,2015,TEX,ATH,2,8,0,-121.0,111.0
2015-06-24,2015,SEA,KCR,2,8,0,-107.0,-103.0
2015-06-24,2015,NYY,PHI,10,2,1,-126.0,116.0
2015-06-25,2015,MIL,NYM,0,2,0,105.0,-115.0
2015-06-25,2015,CHC,LAD,0,4,0,-144.0,129.0
2015-06-25,2015,COL,ARI,6,4,1,115.0,-130.0
2015-06-25,2015,SFG,SDP,13,8,1,-132.0,117.0
2015-06-25,2015,WSN,ATL,7,0,1,-130.0,115.0
2015-06-25,2015,PIT,CIN,4,5,0,-161.0,146.0
2015-06-25,2015,MIA,STL,1,5,0,100.0,-110.0
2015-06-25,2015,DET,CHW,7,8,0,-172.0,152.0
2015-06-25,2015,BOS,BAL,6,8,0,-131.0,116.0
2015-06-25,2015,TEX,ATH,3,6,0,130.0,-145.0
2015-06-25,2015,HOU,NYY,4,0,1,-157.0,142.0
2015-06-26,2015,PIT,ATL,3,2,1,-265.0,225.0
2015-06-26,2015,PHI,WSN,2,5,0,171.0,-191.0
2015-06-26,2015,NYM,CIN,2,1,1,109.0,-119.0
2015-06-26,2015,MIA,LAD,1,7,0,115.0,-130.0
2015-06-26,2015,STL,CHC,3,2,1,-119.0,109.0
2015-06-26,2015,SDP,ARI,4,2,1,-146.0,131.0
2015-06-26,2015,SFG,COL,6,8,0,-127.0,117.0
2015-06-26,2015,TOR,TEX,12,2,1,-181.0,161.0
2015-06-26,2015,DET,CHW,5,4,1,-172.0,152.0
2015-06-26,2015,BAL,CLE,4,3,1,103.0,-113.0
2015-06-26,2015,TBR,BOS,3,4,0,-114.0,104.0
2015-06-26,2015,HOU,NYY,2,3,0,-126.0,116.0
2015-06-26,2015,ATH,KCR,2,5,0,-123.0,113.0
2015-06-26,2015,LAA,SEA,1,3,0,-115.0,105.0
2015-06-26,2015,MIL,MIN,10,4,1,-130.0,115.0
2015-06-27,2015,PIT,ATL,8,4,1,-160.0,145.0
2015-06-27,2015,SFG,COL,7,5,1,-125.0,115.0
2015-06-27,2015,NYM,CIN,1,1,0,-163.0,148.0
2015-06-27,2015,MIA,LAD,3,2,1,238.0,-278.0
2015-06-27,2015,STL,CHC,8,1,1,-181.0,161.0
2015-06-27,2015,SDP,ARI,7,2,1,-121.0,111.0
2015-06-27,2015,TOR,TEX,0,4,0,-155.0,140.0
2015-06-27,2015,ATH,KCR,2,3,0,-150.0,135.0
2015-06-27,2015,HOU,NYY,6,9,0,119.0,-129.0
2015-06-27,2015,TBR,BOS,4,1,1,-115.0,105.0
2015-06-27,2015,LAA,SEA,4,2,1,-135.0,120.0
2015-06-27,2015,MIL,MIN,2,5,0,-134.0,119.0
2015-06-28,2015,MIA,LAD,0,2,0,206.0,-236.0
2015-06-28,2015,NYM,CIN,7,2,1,-140.0,125.0
2015-06-28,2015,PIT,ATL,1,2,0,-159.0,144.0
2015-06-28,2015,PHI,WSN,2,3,0,154.0,-174.0
2015-06-28,2015,STL,CHC,4,1,1,-142.0,127.0
2015-06-28,2015,SFG,COL,6,3,1,-236.0,206.0
2015-06-28,2015,SDP,ARI,4,6,0,-110.0,100.0
2015-06-28,2015,TOR,TEX,3,2,1,-174.0,154.0
2015-06-28,2015,DET,CHW,5,4,1,-162.0,147.0
2015-06-28,2015,TBR,BOS,3,5,0,-179.0,159.0
2015-06-28,2015,BAL,CLE,4,0,1,-127.0,117.0
2015-06-28,2015,HOU,NYY,3,1,1,-104.0,-106.0
2015-06-28,2015,LAA,SEA,3,2,1,104.0,-114.0
2015-06-28,2015,ATH,KCR,3,5,0,-137.0,122.0
2015-06-28,2015,MIL,MIN,5,3,1,-164.0,149.0
2015-06-28,2015,BAL,CLE,8,0,1,-141.0,126.0
2015-06-28,2015,PHI,WSN,8,5,1,130.0,-145.0
2015-06-29,2015,PHI,MIL,4,7,0,141.0,-156.0
2015-06-29,2015,ARI,LAD,10,6,1,141.0,-156.0
2015-06-29,2015,TOR,BOS,1,3,0,-122.0,112.0
2015-06-29,2015,BAL,TEX,1,8,0,-132.0,117.0
2015-06-29,2015,TBR,CLE,1,7,0,-119.0,109.0
2015-06-29,2015,HOU,KCR,6,1,1,-124.0,114.0
2015-06-29,2015,LAA,NYY,4,1,1,-130.0,115.0
2015-06-29,2015,CIN,MIN,11,7,1,-164.0,149.0
2015-06-29,2015,ATH,COL,7,1,1,-176.0,156.0
2015-06-30,2015,PHI,MIL,3,4,0,-124.0,114.0
2015-06-30,2015,MIA,SFG,5,3,1,-124.0,114.0
2015-06-30,2015,ATL,WSN,1,6,0,104.0,-114.0
2015-06-30,2015,NYM,CHC,0,1,0,106.0,-116.0
2015-06-30,2015,ARI,LAD,4,6,0,100.0,-110.0
2015-06-30,2015,BAL,TEX,6,8,0,-143.0,128.0
2015-06-30,2015,TOR,BOS,3,4,0,-146.0,131.0
2015-06-30,2015,TBR,CLE,2,6,0,125.0,-140.0
2015-06-30,2015,HOU,KCR,4,0,1,-149.0,134.0
2015-06-30,2015,LAA,NYY,2,1,1,-131.0,116.0
2015-06-30,2015,DET,PIT,4,5,0,102.0,-112.0
2015-06-30,2015,CIN,MIN,5,8,0,-128.0,118.0
2015-06-30,2015,STL,CHW,1,2,0,103.0,-113.0
2015-06-30,2015,ATH,COL,1,2,0,-147.0,132.0
2015-06-30,2015,SDP,SEA,0,5,0,-117.0,107.0
2015-07-01,2015,PHI,MIL,5,9,0,101.0,-111.0
2015-07-01,2015,MIA,SFG,6,5,1,120.0,-135.0
2015-07-01,2015,ATL,WSN,4,1,1,126.0,-141.0
2015-07-01,2015,NYM,CHC,0,2,0,109.0,-119.0
2015-07-01,2015,ARI,LAD,3,4,0,113.0,-123.0
2015-07-01,2015,TOR,BOS,11,2,1,-135.0,120.0
2015-07-01,2015,LAA,NYY,1,3,0,101.0,-111.0
2015-07-01,2015,BAL,TEX,4,2,1,-184.0,164.0
2015-07-01,2015,TBR,CLE,1,8,0,135.0,-150.0
2015-07-01,2015,HOU,KCR,6,5,1,-117.0,107.0
2015-07-01,2015,CIN,MIN,2,1,1,-211.0,181.0
2015-07-01,2015,ATH,COL,4,1,1,-195.0,175.0
2015-07-01,2015,SDP,SEA,0,7,0,-110.0,100.0
2015-07-01,2015,DET,PIT,3,9,0,-112.0,102.0
2015-07-01,2015,STL,CHW,1,7,0,-158.0,143.0
2015-07-02,2015,MIA,SFG,5,4,1,-116.0,106.0
2015-07-02,2015,NYM,CHC,1,6,0,-114.0,104.0
2015-07-02,2015,PHI,MIL,7,8,0,130.0,-145.0
2015-07-02,2015,ATL,WSN,2,1,1,174.0,-204.0
2015-07-02,2015,STL,SDP,3,5,0,-109.0,-101.0
2015-07-02,2015,ARI,COL,8,1,1,-155.0,140.0
2015-07-02,2015,TBR,CLE,4,5,0,118.0,-128.0
2015-07-02,2015,TOR,BOS,6,12,0,-152.0,137.0
2015-07-02,2015,BAL,TEX,0,2,0,-106.0,-104.0
2015-07-02,2015,KCR,MIN,0,2,0,-161.0,146.0
2015-07-02,2015,ATH,SEA,4,0,1,-152.0,137.0
2015-07-02,2015,DET,PIT,4,8,0,119.0,-134.0
2015-07-03,2015,CHC,MIA,1,2,0,-200.0,170.0
2015-07-03,2015,WSN,SFG,2,1,1,-124.0,114.0
2015-07-03,2015,CIN,MIL,1,12,0,109.0,-119.0
2015-07-03,2015,ATL,PHI,2,1,1,-171.0,151.0
2015-07-03,2015,STL,SDP,1,2,0,-158.0,143.0
2015-07-03,2015,ARI,COL,4,3,1,-161.0,146.0
2015-07-03,2015,LAD,NYM,1,2,0,-250.0,210.0
2015-07-03,2015,DET,TOR,8,6,1,-123.0,113.0
2015-07-03,2015,NYY,TBR,7,5,1,-124.0,114.0
2015-07-03,2015,BOS,HOU,8,12,0,-121.0,111.0
2015-07-03,2015,TEX,LAA,2,8,0,130.0,-145.0
2015-07-03,2015,CHW,BAL,1,0,1,145.0,-160.0
2015-07-03,2015,KCR,MIN,3,2,1,-134.0,119.0
2015-07-03,2015,ATH,SEA,5,9,0,-115.0,105.0
2015-07-03,2015,PIT,CLE,2,5,0,-120.0,110.0
2015-07-04,2015,WSN,SFG,9,3,1,-105.0,-105.0
2015-07-04,2015,STL,SDP,2,1,1,-211.0,181.0
2015-07-04,2015,CIN,MIL,3,7,0,-105.0,-105.0
2015-07-04,2015,ATL,PHI,9,5,1,-180.0,160.0
2015-07-04,2015,LAD,NYM,4,3,1,-170.0,150.0
2015-07-04,2015,CHC,MIA,7,2,1,-125.0,115.0
2015-07-04,2015,ARI,COL,7,3,1,-170.0,150.0
2015-07-04,2015,NYY,TBR,3,2,1,-161.0,146.0
2015-07-04,2015,DET,TOR,8,3,1,-110.0,100.0
2015-07-04,2015,BOS,HOU,6,1,1,-146.0,131.0
2015-07-04,2015,CHW,BAL,3,2,1,-105.0,-105.0
2015-07-04,2015,ATH,SEA,2,0,1,116.0,-131.0
2015-07-04,2015,KCR,MIN,3,5,0,-164.0,149.0
2015-07-04,2015,TEX,LAA,0,13,0,106.0,-116.0
2015-07-04,2015,PIT,CLE,1,0,1,-114.0,104.0
2015-07-05,2015,CIN,MIL,1,6,0,-122.0,112.0
2015-07-05,2015,WSN,SFG,3,1,1,-160.0,145.0
2015-07-05,2015,ATL,PHI,0,4,0,-105.0,-105.0
2015-07-05,2015,STL,SDP,3,1,1,-190.0,170.0
2015-07-05,2015,CHC,MIA,2,0,1,-130.0,115.0
2015-07-05,2015,LAD,NYM,0,8,0,-155.0,140.0
2015-07-05,2015,ARI,COL,4,6,0,-164.0,149.0
2015-07-05,2015,NYY,TBR,1,8,0,-126.0,116.0
2015-07-05,2015,DET,TOR,5,10,0,117.0,-127.0
2015-07-05,2015,BOS,HOU,5,4,1,-116.0,106.0
2015-07-05,2015,KCR,MIN,3,2,1,-152.0,137.0
2015-07-05,2015,CHW,BAL,1,9,0,100.0,-110.0
2015-07-05,2015,ATH,SEA,1,2,0,-108.0,-102.0
2015-07-05,2015,TEX,LAA,6,12,0,117.0,-127.0
2015-07-05,2015,PIT,CLE,5,3,1,-133.0,118.0
2015-07-06,2015,WSN,CIN,2,3,0,-116.0,106.0
2015-07-06,2015,PIT,SDP,2,1,1,-114.0,104.0
2015-07-06,2015,CHC,STL,0,6,0,-117.0,107.0
2015-07-06,2015,MIL,ATL,3,5,0,-160.0,145.0
2015-07-06,2015,LAD,PHI,10,7,1,-265.0,225.0
2015-07-06,2015,SFG,NYM,0,3,0,-146.0,131.0
2015-07-06,2015,CLE,HOU,4,9,0,-118.0,108.0
2015-07-06,2015,MIN,BAL,4,2,1,106.0,-116.0
2015-07-06,2015,CHW,TOR,4,2,1,-120.0,110.0
2015-07-06,2015,SEA,DET,5,12,0,-172.0,152.0
2015-07-07,2015,WSN,CIN,0,5,0,-150.0,135.0
2015-07-07,2015,PIT,SDP,3,2,1,-145.0,130.0
2015-07-07,2015,CHC,STL,5,3,1,-105.0,-105.0
2015-07-07,2015,MIL,ATL,3,4,0,-184.0,164.0
2015-07-07,2015,LAD,PHI,2,7,0,-255.0,215.0
2015-07-07,2015,SFG,NYM,3,0,1,-121.0,111.0
2015-07-07,2015,NYY,ATH,3,4,0,110.0,-120.0
2015-07-07,2015,CLE,HOU,2,0,1,-180.0,160.0
2015-07-07,2015,CHW,TOR,1,2,0,115.0,-125.0
2015-07-07,2015,KCR,TBR,7,1,1,-121.0,111.0
2015-07-07,2015,MIN,BAL,8,3,1,114.0,-124.0
2015-07-07,2015,SEA,DET,7,6,1,-200.0,170.0
2015-07-07,2015,BOS,MIA,4,3,1,-221.0,191.0
2015-07-07,2015,TEX,ARI,2,4,0,-131.0,116.0
2015-07-07,2015,COL,LAA,2,10,0,-103.0,-107.0
2015-07-07,2015,CHC,STL,7,4,1,-174.0,154.0
2015-07-07,2015,KCR,TBR,9,5,1,-116.0,106.0
2015-07-08,2015,MIL,ATL,6,5,1,-142.0,127.0
2015-07-08,2015,SFG,NYM,1,4,0,103.0,-113.0
2015-07-08,2015,PIT,SDP,5,2,1,-127.0,117.0
2015-07-08,2015,CHC,STL,5,6,0,-115.0,105.0
2015-07-08,2015,LAD,PHI,5,0,1,-398.0,338.0
2015-07-08,2015,MIN,BAL,5,3,1,119.0,-129.0
2015-07-08,2015,SEA,DET,4,5,0,-114.0,104.0
2015-07-08,2015,NYY,ATH,5,4,1,-105.0,-105.0
2015-07-08,2015,CLE,HOU,4,2,1,-142.0,127.0
2015-07-08,2015,KCR,TBR,9,7,1,127.0,-142.0
2015-07-08,2015,CHW,TOR,7,6,1,145.0,-160.0
2015-07-08,2015,BOS,MIA,6,3,1,-180.0,160.0
2015-07-08,2015,TEX,ARI,4,7,0,-109.0,-101.0
2015-07-08,2015,COL,LAA,2,3,0,115.0,-130.0
2015-07-09,2015,PIT,STL,1,4,0,-110.0,100.0
2015-07-09,2015,MIA,CIN,2,0,1,-150.0,135.0
2015-07-09,2015,COL,ATL,5,3,1,-110.0,100.0
2015-07-09,2015,LAD,PHI,6,0,1,-325.0,275.0
2015-07-09,2015,NYY,ATH,6,2,1,-156.0,141.0
2015-07-09,2015,CHW,TOR,2,0,1,-122.0,112.0
2015-07-09,2015,KCR,TBR,8,3,1,-128.0,118.0
2015-07-09,2015,CLE,HOU,3,1,1,-118.0,108.0
2015-07-09,2015,MIN,DET,2,4,0,115.0,-125.0
2015-07-09,2015,SEA,LAA,7,2,1,-140.0,125.0
2015-07-10,2015,PIT,STL,5,2,1,-141.0,126.0
2015-07-10,2015,MIA,CIN,0,1,0,112.0,-122.0
2015-07-10,2015,NYM,ARI,4,2,1,-141.0,126.0
2015-07-10,2015,COL,ATL,5,3,1,-114.0,104.0
2015-07-10,2015,LAD,MIL,3,2,1,-156.0,141.0
2015-07-10,2015,SFG,PHI,15,2,1,-172.0,152.0
2015-07-10,2015,TBR,HOU,3,1,1,-110.0,100.0
2015-07-10,2015,CLE,ATH,5,1,1,-157.0,142.0
2015-07-10,2015,BOS,NYY,1,5,0,102.0,-112.0
2015-07-10,2015,KCR,TOR,3,0,1,106.0,-116.0
2015-07-10,2015,MIN,DET,8,6,1,-120.0,110.0
2015-07-10,2015,SEA,LAA,3,7,0,107.0,-117.0
2015-07-10,2015,CHC,CHW,0,1,0,-164.0,149.0
2015-07-10,2015,BAL,WSN,3,2,1,-130.0,115.0
2015-07-10,2015,TEX,SDP,4,3,1,-120.0,110.0
2015-07-11,2015,NYM,ARI,4,2,1,-130.0,115.0
2015-07-11,2015,COL,ATL,3,2,1,-148.0,133.0
2015-07-11,2015,MIA,CIN,14,3,1,117.0,-127.0
2015-07-11,2015,PIT,STL,6,5,1,-122.0,112.0
2015-07-11,2015,SFG,PHI,8,5,1,-201.0,171.0
2015-07-11,2015,LAD,MIL,1,7,0,-141.0,126.0
2015-07-11,2015,KCR,TOR,2,6,0,119.0,-134.0
2015-07-11,2015,MIN,DET,9,5,1,-147.0,132.0
2015-07-11,2015,TBR,HOU,3,0,1,-101.0,-109.0
2015-07-11,2015,CLE,ATH,4,5,0,-155.0,140.0
2015-07-11,2015,BOS,NYY,5,3,1,-146.0,131.0
2015-07-11,2015,SEA,LAA,5,0,1,-109.0,-101.0
2015-07-11,2015,CHC,CHW,1,5,0,108.0,-118.0
2015-07-11,2015,BAL,WSN,4,7,0,-120.0,110.0
2015-07-11,2015,TEX,SDP,5,6,0,-125.0,115.0
2015-07-12,2015,NYM,ARI,5,3,1,102.0,-112.0
2015-07-12,2015,MIA,CIN,8,1,1,139.0,-154.0
2015-07-12,2015,SFG,PHI,4,2,1,-211.0,181.0
2015-07-12,2015,COL,ATL,11,3,1,-126.0,116.0
2015-07-12,2015,LAD,MIL,4,3,1,-153.0,138.0
2015-07-12,2015,PIT,STL,6,5,1,-164.0,149.0
2015-07-12,2015,TBR,HOU,4,3,1,114.0,-124.0
2015-07-12,2015,CLE,ATH,0,2,0,-140.0,125.0
2015-07-12,2015,BOS,NYY,6,8,0,-105.0,-105.0
2015-07-12,2015,KCR,TOR,11,10,1,-121.0,111.0
2015-07-12,2015,MIN,DET,7,1,1,-130.0,115.0
2015-07-12,2015,SEA,LAA,3,10,0,-105.0,-105.0
2015-07-12,2015,BAL,WSN,2,3,0,102.0,-112.0
2015-07-12,2015,CHC,CHW,3,1,1,-178.0,158.0
2015-07-12,2015,TEX,SDP,1,2,0,-145.0,130.0
2015-07-17,2015,PHI,MIA,6,3,1,152.0,-172.0
2015-07-17,2015,WSN,LAD,3,2,1,111.0,-121.0
2015-07-17,2015,ATL,CHC,4,2,1,118.0,-128.0
2015-07-17,2015,MIL,PIT,4,1,1,-108.0,-102.0
2015-07-17,2015,STL,NYM,3,2,1,-146.0,131.0
2015-07-17,2015,ARI,SFG,5,6,0,-114.0,104.0
2015-07-17,2015,SDP,COL,4,2,1,-140.0,125.0
2015-07-17,2015,NYY,SEA,4,3,1,-171.0,151.0
2015-07-17,2015,TOR,TBR,6,2,1,-147.0,132.0
2015-07-17,2015,DET,BAL,7,3,1,-104.0,-106.0
2015-07-17,2015,CHW,KCR,2,0,1,102.0,-112.0
2015-07-17,2015,HOU,TEX,3,2,1,-143.0,128.0
2015-07-17,2015,ATH,MIN,0,5,0,-172.0,152.0
2015-07-17,2015,LAA,BOS,1,0,1,-130.0,115.0
2015-07-17,2015,CIN,CLE,6,1,1,-103.0,-107.0
2015-07-17,2015,CHW,KCR,2,4,0,-117.0,107.0
2015-07-18,2015,WSN,LAD,2,4,0,202.0,-232.0
2015-07-18,2015,PHI,MIA,3,1,1,104.0,-114.0
2015-07-18,2015,MIL,PIT,8,5,1,116.0,-131.0
2015-07-18,2015,ATL,CHC,0,4,0,150.0,-170.0
2015-07-18,2015,STL,NYM,12,2,1,-170.0,150.0
2015-07-18,2015,ARI,SFG,4,8,0,-105.0,-105.0
2015-07-18,2015,SDP,COL,5,4,1,-143.0,128.0
2015-07-18,2015,NYY,SEA,3,4,0,-161.0,146.0
2015-07-18,2015,TOR,TBR,2,3,0,-140.0,125.0
2015-07-18,2015,CHW,KCR,6,7,0,-113.0,103.0
2015-07-18,2015,DET,BAL,0,3,0,-127.0,117.0
2015-07-18,2015,HOU,TEX,6,7,0,-128.0,118.0
2015-07-18,2015,ATH,MIN,3,2,1,-156.0,141.0
2015-07-18,2015,LAA,BOS,3,0,1,-142.0,127.0
2015-07-18,2015,CIN,CLE,4,9,0,143.0,-158.0
2015-07-19,2015,PHI,MIA,8,7,1,-161.0,146.0
2015-07-19,2015,WSN,LAD,0,5,0,-103.0,-107.0
2015-07-19,2015,MIL,PIT,6,1,1,-140.0,125.0
2015-07-19,2015,STL,NYM,1,3,0,-147.0,132.0
2015-07-19,2015,ARI,SFG,1,2,0,-102.0,-108.0
2015-07-19,2015,ATL,CHC,1,4,0,150.0,-170.0
2015-07-19,2015,NYY,SEA,2,1,1,103.0,-113.0
2015-07-19,2015,TOR,TBR,4,0,1,100.0,-110.0
2015-07-19,2015,DET,BAL,3,9,0,-117.0,107.0
2015-07-19,2015,CHW,KCR,1,4,0,-173.0,153.0
2015-07-19,2015,HOU,TEX,10,0,1,-183.0,163.0
2015-07-19,2015,ATH,MIN,14,1,1,-157.0,142.0
2015-07-19,2015,CIN,CLE,3,5,0,-111.0,101.0
2015-07-20,2015,WSN,NYM,7,2,1,-126.0,116.0
2015-07-20,2015,CIN,CHC,5,4,1,-109.0,-101.0
2015-07-20,2015,ATL,LAD,7,5,1,119.0,-129.0
2015-07-20,2015,ARI,MIA,3,1,1,-165.0,150.0
2015-07-20,2015,SDP,SFG,4,2,1,103.0,-113.0
2015-07-20,2015,DET,SEA,5,4,1,-112.0,102.0
2015-07-20,2015,LAA,BOS,7,3,1,-152.0,137.0
2015-07-20,2015,PHI,TBR,5,3,1,106.0,-116.0
2015-07-20,2015,KCR,PIT,7,10,0,-131.0,116.0
2015-07-20,2015,COL,TEX,8,7,1,-162.0,147.0
2015-07-20,2015,LAA,BOS,11,1,1,-118.0,108.0
2015-07-21,2015,WSN,NYM,2,7,0,-103.0,-107.0
2015-07-21,2015,CIN,CHC,4,5,0,119.0,-129.0
2015-07-21,2015,ATL,LAD,4,3,1,126.0,-141.0
2015-07-21,2015,ARI,MIA,0,3,0,-130.0,115.0
2015-07-21,2015,SDP,SFG,3,9,0,115.0,-125.0
2015-07-21,2015,NYY,BAL,3,2,1,-120.0,110.0
2015-07-21,2015,DET,SEA,9,11,0,125.0,-140.0
2015-07-21,2015,HOU,BOS,8,3,1,-115.0,105.0
2015-07-21,2015,ATH,TOR,1,7,0,103.0,-113.0
2015-07-21,2015,LAA,MIN,7,0,1,-130.0,115.0
2015-07-21,2015,PHI,TBR,0,1,0,125.0,-140.0
2015-07-21,2015,MIL,CLE,8,1,1,108.0,-118.0
2015-07-21,2015,CHW,STL,5,8,0,119.0,-134.0
2015-07-21,2015,KCR,PIT,3,1,1,109.0,-119.0
2015-07-21,2015,COL,TEX,0,9,0,-130.0,115.0
2015-07-22,2015,ATL,LAD,1,3,0,139.0,-154.0
2015-07-22,2015,CIN,CHC,9,1,1,102.0,-112.0
2015-07-22,2015,WSN,NYM,4,3,1,-110.0,100.0
2015-07-22,2015,SDP,SFG,1,7,0,-103.0,-107.0
2015-07-22,2015,ARI,MIA,3,5,0,101.0,-111.0
2015-07-22,2015,DET,SEA,9,4,1,-141.0,126.0
2015-07-22,2015,NYY,BAL,4,3,1,-116.0,106.0
2015-07-22,2015,HOU,BOS,4,2,1,-144.0,129.0
2015-07-22,2015,ATH,TOR,4,3,1,-140.0,125.0
2015-07-22,2015,LAA,MIN,5,2,1,-172.0,152.0
2015-07-22,2015,PHI,TBR,5,4,1,158.0,-178.0
2015-07-22,2015,MIL,CLE,5,7,0,-111.0,101.0
2015-07-22,2015,COL,TEX,8,10,0,-160.0,145.0
2015-07-22,2015,CHW,STL,2,3,0,133.0,-148.0
2015-07-22,2015,KCR,PIT,5,1,1,-124.0,114.0
2015-07-22,2015,CIN,CHC,5,6,0,-120.0,110.0
2015-07-23,2015,PIT,WSN,7,3,1,-191.0,171.0
2015-07-23,2015,NYM,LAD,0,3,0,237.0,-277.0
2015-07-23,2015,ARI,MIL,8,3,1,125.0,-140.0
2015-07-23,2015,SDP,MIA,0,4,0,-148.0,133.0
2015-07-23,2015,DET,SEA,2,3,0,-160.0,145.0
2015-07-23,2015,NYY,BAL,9,3,1,-129.0,119.0
2015-07-23,2015,LAA,MIN,0,3,0,-177.0,157.0
2015-07-23,2015,ATH,TOR,2,5,0,110.0,-120.0
2015-07-23,2015,CLE,CHW,1,8,0,-133.0,118.0
2015-07-23,2015,HOU,BOS,5,4,1,-131.0,116.0
2015-07-23,2015,STL,KCR,4,3,1,-143.0,128.0
2015-07-24,2015,CHC,PHI,3,5,0,-280.0,240.0
2015-07-24,2015,PIT,WSN,7,5,1,115.0,-130.0
2015-07-24,2015,NYM,LAD,2,7,0,102.0,-112.0
2015-07-24,2015,STL,ATL,4,2,1,-186.0,166.0
2015-07-24,2015,COL,CIN,6,5,1,-114.0,104.0
2015-07-24,2015,ARI,MIL,1,2,0,-123.0,113.0
2015-07-24,2015,SDP,MIA,3,1,1,-157.0,142.0
2015-07-24,2015,TBR,BAL,3,1,1,-156.0,141.0
2015-07-24,2015,CLE,CHW,0,6,0,-157.0,142.0
2015-07-24,2015,BOS,DET,2,1,1,-145.0,130.0
2015-07-24,2015,MIN,NYY,10,1,1,138.0,-153.0
2015-07-24,2015,KCR,HOU,0,4,0,101.0,-111.0
2015-07-24,2015,LAA,TEX,2,4,0,-147.0,132.0
2015-07-24,2015,SEA,TOR,5,2,1,-159.0,144.0
2015-07-24,2015,SFG,ATH,9,3,1,-130.0,115.0
2015-07-25,2015,CHC,PHI,0,5,0,-216.0,186.0
2015-07-25,2015,PIT,WSN,3,9,0,-153.0,138.0
2015-07-25,2015,NYM,LAD,15,2,1,-125.0,115.0
2015-07-25,2015,STL,ATL,1,0,1,-220.0,190.0
2015-07-25,2015,ARI,MIL,2,0,1,-116.0,106.0
2015-07-25,2015,COL,CIN,2,5,0,115.0,-130.0
2015-07-25,2015,SDP,MIA,3,1,1,-122.0,112.0
2015-07-25,2015,BOS,DET,1,5,0,-124.0,114.0
2015-07-25,2015,SEA,TOR,6,8,0,116.0,-131.0
2015-07-25,2015,TBR,BAL,1,5,0,-118.0,108.0
2015-07-25,2015,MIN,NYY,5,8,0,-105.0,-105.0
2015-07-25,2015,CLE,CHW,3,10,0,104.0,-114.0
2015-07-25,2015,KCR,HOU,2,1,1,-143.0,128.0
2015-07-25,2015,LAA,TEX,6,7,0,-152.0,137.0
2015-07-25,2015,SFG,ATH,2,1,1,-200.0,170.0
2015-07-26,2015,NYM,LAD,3,2,1,115.0,-125.0
2015-07-26,2015,PIT,WSN,3,1,1,-170.0,150.0
2015-07-26,2015,STL,ATL,2,3,0,-203.0,173.0
2015-07-26,2015,CHC,PHI,5,11,0,-190.0,170.0
2015-07-26,2015,SDP,MIA,3,2,1,-102.0,-108.0
2015-07-26,2015,COL,CIN,17,7,1,105.0,-115.0
2015-07-26,2015,ARI,MIL,3,0,1,-150.0,135.0
2015-07-26,2015,CLE,CHW,1,2,0,-156.0,141.0
2015-07-26,2015,TBR,BAL,2,5,0,107.0,-117.0
2015-07-26,2015,BOS,DET,11,1,1,-152.0,137.0
2015-07-26,2015,MIN,NYY,2,7,0,116.0,-126.0
2015-07-26,2015,KCR,HOU,5,1,1,102.0,-112.0
2015-07-26,2015,LAA,TEX,13,7,1,-183.0,163.0
2015-07-26,2015,SEA,TOR,6,5,1,110.0,-120.0
2015-07-26,2015,SFG,ATH,4,3,1,-142.0,127.0
2015-07-27,2015,CHC,COL,9,8,1,-149.0,134.0
2015-07-27,2015,STL,CIN,4,1,1,-174.0,154.0
2015-07-27,2015,SFG,MIL,4,2,1,-200.0,170.0
2015-07-27,2015,TBR,DET,5,2,1,-116.0,106.0
2015-07-27,2015,BOS,CHW,8,10,0,-164.0,149.0
2015-07-27,2015,CLE,KCR,4,9,0,-101.0,-109.0
2015-07-27,2015,TEX,NYY,2,6,0,101.0,-111.0
2015-07-27,2015,BAL,ATL,2,1,1,-156.0,141.0
2015-07-27,2015,SEA,ARI,3,4,0,-120.0,110.0
2015-07-28,2015,NYM,SDP,4,0,1,-127.0,117.0
2015-07-28,2015,MIA,WSN,4,1,1,-126.0,116.0
2015-07-28,2015,CHC,COL,2,7,0,-154.0,139.0
2015-07-28,2015,STL,CIN,0,4,0,-142.0,127.0
2015-07-28,2015,SFG,MIL,2,5,0,-155.0,140.0
2015-07-28,2015,CLE,KCR,1,2,0,-121.0,111.0
2015-07-28,2015,TBR,DET,10,2,1,108.0,-118.0
2015-07-28,2015,BOS,CHW,4,9,0,-140.0,125.0
2015-07-28,2015,TEX,NYY,5,21,0,106.0,-116.0
2015-07-28,2015,HOU,LAA,10,5,1,-142.0,127.0
2015-07-28,2015,TOR,PHI,2,3,0,-268.0,228.0
2015-07-28,2015,BAL,ATL,7,3,1,-177.0,157.0
2015-07-28,2015,MIN,PIT,7,8,0,-101.0,-109.0
2015-07-28,2015,LAD,ATH,0,2,0,-145.0,130.0
2015-07-28,2015,SEA,ARI,4,8,0,-177.0,157.0
2015-07-29,2015,CHC,COL,3,2,1,-220.0,190.0
2015-07-29,2015,SFG,MIL,5,0,1,-105.0,-105.0
2015-07-29,2015,MIA,WSN,2,7,0,113.0,-123.0
2015-07-29,2015,NYM,SDP,3,7,0,-105.0,-105.0
2015-07-29,2015,STL,CIN,0,1,0,-170.0,150.0
2015-07-29,2015,TBR,DET,1,2,0,-171.0,151.0
2015-07-29,2015,CLE,KCR,12,1,1,-173.0,153.0
2015-07-29,2015,BOS,CHW,2,9,0,-115.0,105.0
2015-07-29,2015,TEX,NYY,5,2,1,150.0,-170.0
2015-07-29,2015,HOU,LAA,6,3,1,-128.0,118.0
2015-07-29,2015,MIN,PIT,4,10,0,118.0,-128.0
2015-07-29,2015,SEA,ARI,2,8,0,-173.0,153.0
2015-07-29,2015,TOR,PHI,8,2,1,-287.0,247.0
2015-07-29,2015,BAL,ATL,2,0,1,-179.0,159.0
2015-07-29,2015,LAD,ATH,10,7,1,-155.0,140.0
2015-07-30,2015,MIA,WSN,0,1,0,175.0,-195.0
2015-07-30,2015,NYM,SDP,7,8,0,-106.0,-104.0
2015-07-30,2015,PHI,ATL,4,1,1,115.0,-125.0
2015-07-30,2015,CIN,PIT,15,5,1,145.0,-160.0
2015-07-30,2015,STL,COL,9,8,1,-185.0,165.0
2015-07-30,2015,MIL,CHC,2,5,0,125.0,-140.0
2015-07-30,2015,TOR,KCR,5,2,1,-125.0,115.0
2015-07-30,2015,BAL,DET,8,9,0,-142.0,127.0
2015-07-30,2015,BOS,CHW,8,2,1,175.0,-195.0
2015-07-30,2015,TEX,NYY,7,6,1,116.0,-126.0
2015-07-30,2015,HOU,LAA,3,0,1,-131.0,116.0
2015-07-30,2015,MIN,SEA,9,5,1,-116.0,106.0
2015-07-30,2015,ATH,CLE,1,3,0,115.0,-125.0
2015-07-31,2015,PHI,ATL,9,3,1,114.0,-124.0
2015-07-31,2015,NYM,WSN,2,1,1,-113.0,103.0
2015-07-31,2015,CIN,PIT,4,5,0,116.0,-131.0
2015-07-31,2015,MIA,SDP,3,8,0,-112.0,102.0
2015-07-31,2015,MIL,CHC,1,4,0,115.0,-125.0
2015-07-31,2015,STL,COL,7,0,1,-246.0,206.0
2015-07-31,2015,BAL,DET,8,7,1,-175.0,155.0
2015-07-31,2015,TOR,KCR,7,6,1,-112.0,102.0
2015-07-31,2015,BOS,TBR,7,5,1,-107.0,-103.0
2015-07-31,2015,CHW,NYY,6,13,0,110.0,-120.0
2015-07-31,2015,MIN,SEA,1,6,0,-104.0,-106.0
2015-07-31,2015,ATH,CLE,1,2,0,136.0,-151.0
2015-07-31,2015,TEX,SFG,6,3,1,154.0,-174.0
2015-07-31,2015,HOU,ARI,4,6,0,-140.0,125.0
2015-07-31,2015,LAD,LAA,5,3,1,-193.0,173.0
2015-08-01,2015,PHI,ATL,12,2,1,-116.0,106.0
2015-08-01,2015,CIN,PIT,4,3,1,129.0,-144.0
2015-08-01,2015,NYM,WSN,3,2,1,-145.0,130.0
2015-08-01,2015,MIL,CHC,2,4,0,132.0,-147.0
2015-08-01,2015,MIA,SDP,3,5,0,103.0,-113.0
2015-08-01,2015,STL,COL,2,6,0,-176.0,156.0
2015-08-01,2015,TOR,KCR,6,7,0,-127.0,117.0
2015-08-01,2015,BOS,TBR,11,7,1,-131.0,116.0
2015-08-01,2015,BAL,DET,6,2,1,-153.0,138.0
2015-08-01,2015,MIN,SEA,3,2,1,-133.0,118.0
2015-08-01,2015,CHW,NYY,8,2,1,115.0,-130.0
2015-08-01,2015,ATH,CLE,5,1,1,-108.0,-102.0
2015-08-01,2015,LAD,LAA,3,1,1,-205.0,175.0
2015-08-01,2015,HOU,ARI,9,2,1,-212.0,182.0
2015-08-01,2015,TEX,SFG,7,9,0,-132.0,117.0
2015-08-02,2015,MIA,SDP,5,2,1,-145.0,130.0
2015-08-02,2015,CIN,PIT,0,3,0,132.0,-147.0
2015-08-02,2015,NYM,WSN,5,2,1,-126.0,116.0
2015-08-02,2015,PHI,ATL,2,6,0,-105.0,-105.0
2015-08-02,2015,MIL,CHC,3,4,0,-112.0,102.0
2015-08-02,2015,STL,COL,3,2,1,-190.0,170.0
2015-08-02,2015,TOR,KCR,5,2,1,-146.0,131.0
2015-08-02,2015,BAL,DET,1,6,0,-178.0,158.0
2015-08-02,2015,BOS,TBR,3,4,0,-105.0,-105.0
2015-08-02,2015,CHW,NYY,3,12,0,-110.0,100.0
2015-08-02,2015,MIN,SEA,1,4,0,105.0,-115.0
2015-08-02,2015,ATH,CLE,2,1,1,-154.0,139.0
2015-08-02,2015,HOU,ARI,4,1,1,-146.0,131.0
2015-08-02,2015,TEX,SFG,2,1,1,106.0,-116.0
2015-08-02,2015,LAD,LAA,5,3,1,-133.0,118.0
2015-08-03,2015,WSN,ARI,4,6,0,-119.0,109.0
2015-08-03,2015,ATL,SFG,9,8,1,132.0,-147.0
2015-08-03,2015,MIA,NYM,1,12,0,106.0,-116.0
2015-08-03,2015,MIL,SDP,5,13,0,100.0,-110.0
2015-08-03,2015,TOR,MIN,5,1,1,-230.0,200.0
2015-08-03,2015,TEX,HOU,12,9,1,110.0,-120.0
2015-08-03,2015,CHW,TBR,4,5,0,-113.0,103.0
2015-08-03,2015,ATH,BAL,2,9,0,-118.0,108.0
2015-08-03,2015,LAA,CLE,5,4,1,-112.0,102.0
2015-08-03,2015,COL,SEA,7,8,0,155.0,-175.0
2015-08-04,2015,PIT,CHC,0,5,0,112.0,-122.0
2015-08-04,2015,PHI,LAD,6,2,1,198.0,-228.0
2015-08-04,2015,WSN,ARI,5,4,1,-188.0,168.0
2015-08-04,2015,ATL,SFG,3,8,0,113.0,-123.0
2015-08-04,2015,MIA,NYM,1,5,0,111.0,-121.0
2015-08-04,2015,CIN,STL,3,2,1,108.0,-118.0
2015-08-04,2015,MIL,SDP,4,1,1,-124.0,114.0
2015-08-04,2015,DET,KCR,1,5,0,107.0,-117.0
2015-08-04,2015,TOR,MIN,3,1,1,-170.0,150.0
2015-08-04,2015,NYY,BOS,13,3,1,-178.0,158.0
2015-08-04,2015,TEX,HOU,4,3,1,-108.0,-102.0
2015-08-04,2015,CHW,TBR,3,11,0,-125.0,115.0
2015-08-04,2015,ATH,BAL,5,0,1,100.0,-110.0
2015-08-04,2015,LAA,CLE,0,2,0,-118.0,108.0
2015-08-04,2015,COL,SEA,4,10,0,-112.0,102.0
2015-08-05,2015,PIT,CHC,7,5,1,-146.0,131.0
2015-08-05,2015,WSN,ARI,4,11,0,-143.0,128.0
2015-08-05,2015,PHI,LAD,3,4,0,154.0,-169.0
2015-08-05,2015,ATL,SFG,1,6,0,175.0,-205.0
2015-08-05,2015,CIN,STL,3,4,0,145.0,-160.0
2015-08-05,2015,MIA,NYM,6,8,0,150.0,-170.0
2015-08-05,2015,MIL,SDP,8,5,1,-119.0,109.0
2015-08-05,2015,CHW,TBR,6,5,1,-106.0,-104.0
2015-08-05,2015,ATH,BAL,3,7,0,112.0,-122.0
2015-08-05,2015,LAA,CLE,4,3,1,-125.0,115.0
2015-08-05,2015,DET,KCR,2,1,1,157.0,-177.0
2015-08-05,2015,TOR,MIN,9,7,1,-190.0,170.0
2015-08-05,2015,NYY,BOS,1,2,0,-184.0,164.0
2015-08-05,2015,TEX,HOU,4,3,1,149.0,-164.0
2015-08-05,2015,COL,SEA,7,5,1,104.0,-114.0
2015-08-06,2015,CIN,STL,0,3,0,146.0,-161.0
2015-08-06,2015,PHI,LAD,8,10,0,243.0,-283.0
2015-08-06,2015,MIL,SDP,10,1,1,-119.0,109.0
2015-08-06,2015,WSN,ARI,8,3,1,-190.0,170.0
2015-08-06,2015,ATL,MIA,9,8,1,101.0,-111.0
2015-08-06,2015,CHC,SFG,5,4,1,-141.0,126.0
2015-08-06,2015,DET,KCR,8,6,1,-106.0,-104.0
2015-08-06,2015,NYY,BOS,2,1,1,-134.0,119.0
2015-08-06,2015,TOR,MIN,9,3,1,-160.0,145.0
2015-08-06,2015,ATH,HOU,4,5,0,109.0,-119.0
2015-08-07,2015,CHC,SFG,7,3,1,-160.0,145.0
2015-08-07,2015,PIT,LAD,5,4,1,116.0,-131.0
2015-08-07,2015,WSN,COL,4,5,0,-180.0,160.0
2015-08-07,2015,ATL,MIA,6,3,1,143.0,-158.0
2015-08-07,2015,MIL,STL,0,6,0,125.0,-140.0
2015-08-07,2015,ARI,CIN,2,0,1,-117.0,107.0
2015-08-07,2015,SDP,PHI,3,4,0,-145.0,130.0
2015-08-07,2015,DET,BOS,2,7,0,-108.0,-102.0
2015-08-07,2015,NYY,TOR,1,2,0,-109.0,-101.0
2015-08-07,2015,CLE,MIN,9,10,0,-128.0,118.0
2015-08-07,2015,KCR,CHW,3,2,1,-155.0,140.0
2015-08-07,2015,LAA,BAL,8,4,1,-130.0,115.0
2015-08-07,2015,ATH,HOU,3,1,1,103.0,-113.0
2015-08-07,2015,SEA,TEX,4,3,1,-101.0,-109.0
2015-08-07,2015,TBR,NYM,3,4,0,105.0,-115.0
2015-08-08,2015,PIT,LAD,6,5,1,-156.0,141.0
2015-08-08,2015,CHC,SFG,8,6,1,-134.0,119.0
2015-08-08,2015,WSN,COL,6,1,1,-199.0,179.0
2015-08-08,2015,MIL,STL,0,3,0,146.0,-161.0
2015-08-08,2015,ATL,MIA,7,2,1,-102.0,-108.0
2015-08-08,2015,ARI,CIN,1,4,0,-146.0,131.0
2015-08-08,2015,SDP,PHI,2,4,0,-215.0,185.0
2015-08-08,2015,NYY,TOR,0,6,0,135.0,-150.0
2015-08-08,2015,ATH,HOU,2,1,1,-102.0,-108.0
2015-08-08,2015,SEA,TEX,3,11,0,-111.0,101.0
2015-08-08,2015,DET,BOS,7,6,1,105.0,-115.0
2015-08-08,2015,KCR,CHW,7,6,1,-117.0,107.0
2015-08-08,2015,CLE,MIN,17,4,1,-133.0,118.0
2015-08-08,2015,LAA,BAL,0,5,0,-133.0,118.0
2015-08-08,2015,TBR,NYM,5,4,1,106.0,-116.0
2015-08-09,2015,WSN,COL,4,6,0,-277.0,237.0
2015-08-09,2015,PIT,LAD,13,6,1,103.0,-113.0
2015-08-09,2015,MIL,STL,5,4,1,105.0,-115.0
2015-08-09,2015,ARI,CIN,4,3,1,-146.0,131.0
2015-08-09,2015,SDP,PHI,3,5,0,-190.0,170.0
2015-08-09,2015,ATL,MIA,1,4,0,-129.0,119.0
2015-08-09,2015,CHC,SFG,2,0,1,-159.0,144.0
2015-08-09,2015,DET,BOS,2,7,0,-144.0,129.0
2015-08-09,2015,NYY,TOR,0,2,0,-160.0,145.0
2015-08-09,2015,CLE,MIN,8,1,1,-171.0,151.0
2015-08-09,2015,KCR,CHW,5,4,1,-115.0,105.0
2015-08-09,2015,LAA,BAL,5,4,1,-110.0,100.0
2015-08-09,2015,ATH,HOU,5,4,1,115.0,-125.0
2015-08-09,2015,SEA,TEX,4,2,1,-175.0,155.0
2015-08-09,2015,TBR,NYM,4,3,1,-177.0,157.0
2015-08-10,2015,NYM,COL,4,2,1,-154.0,139.0
2015-08-10,2015,ARI,PHI,13,3,1,-185.0,165.0
2015-08-10,2015,LAD,WSN,3,8,0,-108.0,-102.0
2015-08-10,2015,SDP,CIN,2,1,1,-140.0,125.0
2015-08-10,2015,KCR,DET,4,0,1,-220.0,190.0
2015-08-10,2015,CHW,LAA,8,2,1,-147.0,132.0
2015-08-10,2015,SEA,BAL,2,3,0,110.0,-120.0
2015-08-11,2015,NYM,COL,4,0,1,-205.0,175.0
2015-08-11,2015,CHC,MIL,6,3,1,-145.0,130.0
2015-08-11,2015,STL,PIT,4,3,1,-140.0,125.0
2015-08-11,2015,ARI,PHI,13,1,1,-205.0,175.0
2015-08-11,2015,LAD,WSN,5,0,1,-184.0,164.0
2015-08-11,2015,SDP,CIN,11,6,1,-122.0,112.0
2015-08-11,2015,TOR,ATH,4,2,1,-170.0,150.0
2015-08-11,2015,CLE,NYY,5,4,1,-114.0,104.0
2015-08-11,2015,CHW,LAA,3,0,1,111.0,-121.0
2015-08-11,2015,KCR,DET,6,1,1,-170.0,150.0
2015-08-11,2015,MIN,TEX,3,2,1,-121.0,111.0
2015-08-11,2015,SEA,BAL,6,5,1,-135.0,120.0
2015-08-11,2015,MIA,BOS,5,4,1,102.0,-112.0
2015-08-11,2015,TBR,ATL,2,0,1,-193.0,173.0
2015-08-11,2015,SFG,HOU,3,1,1,-140.0,125.0
2015-08-12,2015,ARI,PHI,6,7,0,-170.0,150.0
2015-08-12,2015,SDP,CIN,3,7,0,-125.0,115.0
2015-08-12,2015,NYM,COL,3,0,1,-216.0,186.0
2015-08-12,2015,CHC,MIL,3,2,1,-175.0,155.0
2015-08-12,2015,STL,PIT,4,2,1,-120.0,110.0
2015-08-12,2015,LAD,WSN,3,0,1,-205.0,175.0
2015-08-12,2015,SEA,BAL,3,0,1,-110.0,100.0
2015-08-12,2015,TOR,ATH,10,3,1,-182.0,162.0
2015-08-12,2015,CLE,NYY,2,1,1,-113.0,103.0
2015-08-12,2015,CHW,LAA,3,2,1,106.0,-116.0
2015-08-12,2015,KCR,DET,4,7,0,-171.0,151.0
2015-08-12,2015,MIN,TEX,11,1,1,-118.0,108.0
2015-08-12,2015,SFG,HOU,0,2,0,-140.0,125.0
2015-08-12,2015,MIA,BOS,14,6,1,110.0,-120.0
2015-08-12,2015,TBR,ATL,9,6,1,-224.0,194.0
2015-08-13,2015,NYM,COL,12,3,1,-270.0,230.0
2015-08-13,2015,CHC,MIL,9,2,1,-200.0,170.0
2015-08-13,2015,STL,PIT,5,10,0,-101.0,-109.0
2015-08-13,2015,LAD,CIN,3,10,0,-155.0,140.0
2015-08-13,2015,SFG,WSN,3,1,1,116.0,-131.0
2015-08-13,2015,TOR,ATH,4,2,1,-164.0,149.0
2015-08-13,2015,MIN,TEX,5,6,0,-142.0,127.0
2015-08-13,2015,CLE,NYY,6,8,0,111.0,-121.0
2015-08-13,2015,KCR,LAA,6,7,0,119.0,-134.0
2015-08-14,2015,NYM,PIT,2,3,0,-113.0,103.0
2015-08-14,2015,ATL,ARI,3,2,1,119.0,-129.0
2015-08-14,2015,MIL,PHI,3,1,1,-173.0,153.0
2015-08-14,2015,STL,MIA,3,1,1,-239.0,209.0
2015-08-14,2015,COL,SDP,5,9,0,115.0,-130.0
2015-08-14,2015,LAD,CIN,5,3,1,-177.0,157.0
2015-08-14,2015,SFG,WSN,8,5,1,116.0,-131.0
2015-08-14,2015,BAL,ATH,8,6,1,-195.0,175.0
2015-08-14,2015,TOR,NYY,3,4,0,-234.0,204.0
2015-08-14,2015,BOS,SEA,15,1,1,-130.0,115.0
2015-08-14,2015,TEX,TBR,5,3,1,-105.0,-105.0
2015-08-14,2015,MIN,CLE,1,6,0,119.0,-134.0
2015-08-14,2015,KCR,LAA,4,1,1,-121.0,111.0
2015-08-14,2015,HOU,DET,5,1,1,-206.0,176.0
2015-08-14,2015,CHW,CHC,5,6,0,101.0,-111.0
2015-08-15,2015,NYM,PIT,3,5,0,-113.0,103.0
2015-08-15,2015,ATL,ARI,4,8,0,151.0,-171.0
2015-08-15,2015,MIL,PHI,4,2,1,-178.0,158.0
2015-08-15,2015,STL,MIA,6,2,1,-200.0,170.0
2015-08-15,2015,COL,SDP,5,7,0,-119.0,109.0
2015-08-15,2015,LAD,CIN,8,3,1,-175.0,155.0
2015-08-15,2015,SFG,WSN,12,6,1,-114.0,104.0
2015-08-15,2015,TOR,NYY,1,4,0,-125.0,115.0
2015-08-15,2015,BOS,SEA,22,10,1,116.0,-126.0
2015-08-15,2015,BAL,ATH,4,3,1,-128.0,118.0
2015-08-15,2015,HOU,DET,2,4,0,-140.0,125.0
2015-08-15,2015,KCR,LAA,9,4,1,-153.0,138.0
2015-08-15,2015,MIN,CLE,4,1,1,-118.0,108.0
2015-08-15,2015,TEX,TBR,12,4,1,115.0,-125.0
2015-08-15,2015,CHW,CHC,3,6,0,108.0,-118.0
2015-08-16,2015,NYM,PIT,1,8,0,-159.0,144.0
2015-08-16,2015,ATL,ARI,2,1,1,104.0,-114.0
2015-08-16,2015,MIL,PHI,6,1,1,-176.0,156.0
2015-08-16,2015,STL,MIA,4,6,0,-245.0,205.0
2015-08-16,2015,SFG,WSN,5,0,1,-152.0,137.0
2015-08-16,2015,LAD,CIN,2,1,1,-235.0,205.0
2015-08-16,2015,COL,SDP,5,0,1,-115.0,105.0
2015-08-16,2015,TOR,NYY,3,1,1,-117.0,107.0
2015-08-16,2015,BOS,SEA,8,10,0,-119.0,109.0
2015-08-16,2015,BAL,ATH,18,2,1,-173.0,153.0
2015-08-16,2015,HOU,DET,6,5,1,-175.0,155.0
2015-08-16,2015,KCR,LAA,4,3,1,-134.0,119.0
2015-08-16,2015,MIN,CLE,4,1,1,125.0,-140.0
2015-08-16,2015,TEX,TBR,5,3,1,-117.0,107.0
2015-08-16,2015,CHW,CHC,3,1,1,-194.0,174.0
2015-08-17,2015,PIT,ARI,1,4,0,-210.0,180.0
2015-08-17,2015,MIL,MIA,2,6,0,-151.0,136.0
2015-08-17,2015,STL,SFG,2,1,1,-178.0,158.0
2015-08-17,2015,SDP,ATL,5,3,1,-155.0,140.0
2015-08-17,2015,NYY,MIN,8,7,1,-151.0,136.0
2015-08-17,2015,BAL,ATH,4,2,1,-106.0,-104.0
2015-08-17,2015,BOS,CLE,2,8,0,105.0,-115.0
2015-08-17,2015,TEX,SEA,4,3,1,-152.0,137.0
2015-08-17,2015,HOU,TBR,2,9,0,-162.0,147.0
2015-08-17,2015,LAA,CHW,2,1,1,-159.0,144.0
2015-08-18,2015,PIT,ARI,9,8,1,-200.0,170.0
2015-08-18,2015,MIL,MIA,6,9,0,-147.0,132.0
2015-08-18,2015,STL,SFG,0,2,0,-144.0,129.0
2015-08-18,2015,COL,WSN,6,15,0,150.0,-165.0
2015-08-18,2015,SDP,ATL,9,0,1,-187.0,167.0
2015-08-18,2015,NYY,MIN,8,4,1,-147.0,132.0
2015-08-18,2015,BOS,CLE,9,1,1,-131.0,116.0
2015-08-18,2015,TEX,SEA,2,3,0,126.0,-141.0
2015-08-18,2015,HOU,TBR,3,2,1,-114.0,104.0
2015-08-18,2015,LAA,CHW,5,3,1,-200.0,170.0
2015-08-18,2015,PHI,TOR,5,8,0,149.0,-164.0
2015-08-18,2015,BAL,NYM,3,5,0,-105.0,-105.0
2015-08-18,2015,CIN,KCR,1,3,0,-120.0,110.0
2015-08-18,2015,CHC,DET,8,10,0,-158.0,143.0
2015-08-18,2015,ATH,LAD,5,4,1,210.0,-250.0
2015-08-19,2015,MIL,MIA,8,7,1,-142.0,127.0
2015-08-19,2015,SDP,ATL,3,2,1,-156.0,141.0
2015-08-19,2015,PIT,ARI,4,1,1,-129.0,119.0
2015-08-19,2015,STL,SFG,4,3,1,-170.0,150.0
2015-08-19,2015,COL,WSN,1,4,0,137.0,-152.0
2015-08-19,2015,NYY,MIN,4,3,1,-177.0,157.0
2015-08-19,2015,TEX,SEA,7,2,1,-146.0,131.0
2015-08-19,2015,BOS,CLE,6,4,1,126.0,-141.0
2015-08-19,2015,HOU,TBR,3,2,1,-200.0,170.0
2015-08-19,2015,LAA,CHW,1,0,1,-118.0,108.0
2015-08-19,2015,ATH,LAD,5,2,1,108.0,-118.0
2015-08-19,2015,BAL,NYM,5,4,1,-141.0,126.0
2015-08-19,2015,PHI,TOR,7,4,1,211.0,-251.0
2015-08-19,2015,CIN,KCR,3,4,0,108.0,-118.0
2015-08-19,2015,CHC,DET,8,15,0,-191.0,171.0
2015-08-20,2015,PIT,SFG,4,0,1,-134.0,119.0
2015-08-20,2015,CIN,ARI,4,5,0,118.0,-128.0
2015-08-20,2015,MIA,PHI,9,7,1,-155.0,140.0
2015-08-20,2015,CHC,ATL,7,1,1,-310.0,260.0
2015-08-20,2015,COL,WSN,3,2,1,175.0,-205.0
2015-08-20,2015,NYY,CLE,2,3,0,-155.0,140.0
2015-08-20,2015,DET,TEX,4,0,1,-106.0,-104.0
2015-08-20,2015,BAL,MIN,2,15,0,-175.0,155.0
2015-08-20,2015,BOS,KCR,4,1,1,-106.0,-104.0
2015-08-20,2015,HOU,TBR,0,1,0,-112.0,102.0
2015-08-20,2015,LAA,CHW,2,8,0,-123.0,113.0
2015-08-21,2015,CHC,ATL,5,3,1,-171.0,151.0
2015-08-21,2015,PIT,SFG,4,6,0,115.0,-125.0
2015-08-21,2015,WSN,MIL,3,10,0,-150.0,135.0
2015-08-21,2015,CIN,ARI,3,6,0,136.0,-151.0
2015-08-21,2015,MIA,PHI,1,7,0,-140.0,125.0
2015-08-21,2015,COL,NYM,9,14,0,-101.0,-109.0
2015-08-21,2015,SDP,STL,9,3,1,103.0,-113.0
2015-08-21,2015,BAL,MIN,3,4,0,-170.0,150.0
2015-08-21,2015,NYY,CLE,3,7,0,-131.0,116.0
2015-08-21,2015,DET,TEX,0,2,0,-125.0,115.0
2015-08-21,2015,BOS,KCR,7,2,1,135.0,-150.0
2015-08-21,2015,ATH,TBR,1,2,0,-126.0,116.0
2015-08-21,2015,LAA,TOR,2,9,0,164.0,-184.0
2015-08-21,2015,SEA,CHW,4,11,0,-104.0,-106.0
2015-08-21,2015,HOU,LAD,3,0,1,-121.0,111.0
2015-08-22,2015,PIT,SFG,3,2,1,-163.0,148.0
2015-08-22,2015,CHC,ATL,9,7,1,-205.0,175.0
2015-08-22,2015,WSN,MIL,6,1,1,-154.0,139.0
2015-08-22,2015,CIN,ARI,7,11,0,-116.0,106.0
2015-08-22,2015,MIA,PHI,2,4,0,-127.0,117.0
2015-08-22,2015,COL,NYM,9,14,0,105.0,-115.0
2015-08-22,2015,SDP,STL,8,0,1,119.0,-134.0
2015-08-22,2015,NYY,CLE,6,2,1,-146.0,131.0
2015-08-22,2015,DET,TEX,3,5,0,-107.0,-103.0
2015-08-22,2015,BAL,MIN,2,3,0,-154.0,139.0
2015-08-22,2015,BOS,KCR,3,6,0,126.0,-141.0
2015-08-22,2015,ATH,TBR,4,5,0,-151.0,136.0
2015-08-22,2015,LAA,TOR,3,15,0,115.0,-125.0
2015-08-22,2015,SEA,CHW,3,6,0,-104.0,-106.0
2015-08-22,2015,HOU,LAD,3,1,1,115.0,-125.0
2015-08-23,2015,CIN,ARI,0,4,0,-112.0,102.0
2015-08-23,2015,MIA,PHI,0,2,0,-128.0,118.0
2015-08-23,2015,PIT,SFG,5,2,1,-182.0,162.0
2015-08-23,2015,WSN,MIL,9,5,1,-190.0,170.0
2015-08-23,2015,CHC,ATL,9,3,1,-220.0,190.0
2015-08-23,2015,SDP,STL,3,10,0,140.0,-155.0
2015-08-23,2015,COL,NYM,1,5,0,115.0,-125.0
2015-08-23,2015,DET,TEX,2,4,0,115.0,-125.0
2015-08-23,2015,BOS,KCR,6,8,0,-117.0,107.0
2015-08-23,2015,BAL,MIN,3,4,0,-171.0,151.0
2015-08-23,2015,LAA,TOR,5,12,0,-117.0,107.0
2015-08-23,2015,ATH,TBR,8,2,1,105.0,-115.0
2015-08-23,2015,SEA,CHW,8,6,1,-145.0,130.0
2015-08-23,2015,NYY,CLE,3,4,0,-150.0,135.0
2015-08-23,2015,HOU,LAD,3,2,1,138.0,-153.0
2015-08-24,2015,PHI,NYM,7,16,0,212.0,-252.0
2015-08-24,2015,ATL,COL,5,3,1,-109.0,-101.0
2015-08-24,2015,MIA,PIT,2,5,0,129.0,-144.0
2015-08-24,2015,ARI,STL,3,5,0,106.0,-116.0
2015-08-24,2015,NYY,HOU,1,0,1,-160.0,145.0
2015-08-24,2015,KCR,BAL,8,3,1,-125.0,115.0
2015-08-24,2015,CHW,BOS,4,5,0,-125.0,115.0
2015-08-24,2015,SEA,ATH,5,11,0,-154.0,139.0
2015-08-24,2015,CIN,DET,12,5,1,-117.0,107.0
2015-08-24,2015,CHC,CLE,2,1,1,-125.0,115.0
2015-08-25,2015,PHI,NYM,5,6,0,180.0,-210.0
2015-08-25,2015,WSN,SDP,8,3,1,-180.0,160.0
2015-08-25,2015,MIA,PIT,5,2,1,127.0,-142.0
2015-08-25,2015,ATL,COL,1,5,0,-108.0,-102.0
2015-08-25,2015,CIN,LAD,1,5,0,115.0,-125.0
2015-08-25,2015,ARI,STL,1,9,0,114.0,-124.0
2015-08-25,2015,SFG,CHC,5,8,0,130.0,-145.0
2015-08-25,2015,NYY,HOU,1,15,0,138.0,-153.0
2015-08-25,2015,DET,LAA,7,8,0,110.0,-120.0
2015-08-25,2015,TBR,MIN,7,11,0,-142.0,127.0
2015-08-25,2015,TEX,TOR,5,6,0,115.0,-130.0
2015-08-25,2015,CHW,BOS,5,4,1,-132.0,117.0
2015-08-25,2015,KCR,BAL,3,2,1,-120.0,110.0
2015-08-25,2015,SEA,ATH,6,5,1,-116.0,106.0
2015-08-25,2015,CLE,MIL,11,6,1,-163.0,148.0
2015-08-26,2015,PHI,NYM,4,9,0,118.0,-133.0
2015-08-26,2015,WSN,SDP,5,6,0,-139.0,124.0
2015-08-26,2015,MIA,PIT,2,7,0,136.0,-151.0
2015-08-26,2015,CIN,LAD,4,7,0,158.0,-178.0
2015-08-26,2015,ATL,COL,3,6,0,-153.0,138.0
2015-08-26,2015,ARI,STL,1,3,0,-123.0,113.0
2015-08-26,2015,SFG,CHC,4,2,1,100.0,-110.0
2015-08-26,2015,NYY,HOU,2,6,0,-158.0,143.0
2015-08-26,2015,SEA,ATH,8,2,1,-155.0,140.0
2015-08-26,2015,DET,LAA,5,0,1,-134.0,119.0
2015-08-26,2015,TBR,MIN,3,5,0,-183.0,163.0
2015-08-26,2015,TEX,TOR,4,12,0,170.0,-190.0
2015-08-26,2015,CHW,BOS,0,3,0,-230.0,200.0
2015-08-26,2015,KCR,BAL,5,8,0,-141.0,126.0
2015-08-26,2015,CLE,MIL,6,2,1,-130.0,115.0
2015-08-27,2015,CIN,LAD,0,1,0,176.0,-206.0
2015-08-27,2015,SFG,CHC,9,1,1,-195.0,175.0
2015-08-27,2015,PHI,NYM,5,9,0,140.0,-155.0
2015-08-27,2015,WSN,SDP,4,2,1,-176.0,156.0
2015-08-27,2015,MIA,PIT,1,2,0,200.0,-230.0
2015-08-27,2015,ARI,STL,3,5,0,108.0,-118.0
2015-08-27,2015,DET,LAA,0,2,0,108.0,-118.0
2015-08-27,2015,TEX,TOR,4,1,1,101.0,-111.0
2015-08-27,2015,KCR,BAL,5,3,1,-113.0,103.0
2015-08-27,2015,TBR,MIN,5,4,1,-128.0,118.0
2015-08-27,2015,CHW,SEA,4,2,1,-129.0,119.0
2015-08-28,2015,WSN,MIA,3,4,0,-280.0,240.0
2015-08-28,2015,PIT,COL,5,3,1,-265.0,225.0
2015-08-28,2015,PHI,SDP,7,1,1,113.0,-123.0
2015-08-28,2015,MIL,CIN,5,0,1,-120.0,110.0
2015-08-28,2015,LAD,CHC,4,1,1,-269.0,229.0
2015-08-28,2015,SFG,STL,5,4,1,-115.0,105.0
2015-08-28,2015,TOR,DET,5,3,1,-195.0,175.0
2015-08-28,2015,CLE,LAA,3,1,1,-120.0,110.0
2015-08-28,2015,TBR,KCR,2,3,0,102.0,-112.0
2015-08-28,2015,TEX,BAL,4,1,1,-129.0,119.0
2015-08-28,2015,CHW,SEA,0,2,0,110.0,-120.0
2015-08-28,2015,MIN,HOU,3,0,1,108.0,-118.0
2015-08-28,2015,NYM,BOS,4,6,0,-215.0,185.0
2015-08-28,2015,ATL,NYY,4,15,0,183.0,-213.0
2015-08-28,2015,ARI,ATH,6,4,1,-104.0,-106.0
2015-08-29,2015,SFG,STL,0,6,0,130.0,-145.0
2015-08-29,2015,WSN,MIA,5,1,1,-251.0,211.0
2015-08-29,2015,PIT,COL,4,3,1,-233.0,203.0
2015-08-29,2015,PHI,SDP,4,3,1,145.0,-160.0
2015-08-29,2015,MIL,CIN,9,12,0,-132.0,117.0
2015-08-29,2015,LAD,CHC,5,2,1,114.0,-124.0
2015-08-29,2015,TOR,DET,15,1,1,-265.0,225.0
2015-08-29,2015,TBR,KCR,3,6,0,-101.0,-109.0
2015-08-29,2015,MIN,HOU,1,4,0,103.0,-113.0
2015-08-29,2015,CHW,SEA,6,7,0,106.0,-116.0
2015-08-29,2015,CLE,LAA,8,3,1,-155.0,140.0
2015-08-29,2015,TEX,BAL,4,3,1,107.0,-117.0
2015-08-29,2015,NYM,BOS,1,3,0,-205.0,175.0
2015-08-29,2015,ATL,NYY,1,3,0,200.0,-230.0
2015-08-29,2015,ARI,ATH,2,3,0,-144.0,129.0
2015-08-30,2015,WSN,MIA,7,4,1,-250.0,210.0
2015-08-30,2015,PIT,COL,0,5,0,-190.0,170.0
2015-08-30,2015,PHI,SDP,4,9,0,145.0,-160.0
2015-08-30,2015,MIL,CIN,4,1,1,-118.0,108.0
2015-08-30,2015,SFG,STL,5,7,0,103.0,-113.0
2015-08-30,2015,LAD,CHC,0,2,0,118.0,-128.0
2015-08-30,2015,TOR,DET,9,2,1,-215.0,185.0
2015-08-30,2015,TBR,KCR,3,2,1,-118.0,108.0
2015-08-30,2015,CLE,LAA,9,2,1,-140.0,125.0
2015-08-30,2015,CHW,SEA,6,5,1,-164.0,149.0
2015-08-30,2015,MIN,HOU,7,5,1,127.0,-142.0
2015-08-30,2015,TEX,BAL,6,0,1,-117.0,107.0
2015-08-30,2015,NYM,BOS,5,4,1,-175.0,155.0
2015-08-30,2015,ATL,NYY,6,20,0,131.0,-146.0
2015-08-30,2015,ARI,ATH,4,7,0,-104.0,-106.0
2015-08-31,2015,ATL,MIA,0,4,0,-139.0,124.0
2015-08-31,2015,NYM,PHI,3,1,1,-200.0,170.0
2015-08-31,2015,CHC,CIN,6,13,0,-220.0,190.0
2015-08-31,2015,STL,WSN,8,5,1,-126.0,116.0
2015-08-31,2015,COL,ARI,5,4,1,110.0,-120.0
2015-08-31,2015,LAD,SFG,5,4,1,-141.0,126.0
2015-08-31,2015,TOR,CLE,2,4,0,-215.0,185.0
2015-08-31,2015,BAL,TBR,3,6,0,116.0,-126.0
2015-08-31,2015,BOS,NYY,4,3,1,-129.0,119.0
2015-08-31,2015,HOU,SEA,8,3,1,-250.0,210.0
2015-08-31,2015,ATH,LAA,11,5,1,106.0,-116.0
2015-08-31,2015,SDP,TEX,7,0,1,-127.0,117.0
2015-09-01,2015,NYM,PHI,8,14,0,-223.0,193.0
2015-09-01,2015,ATL,MIA,1,7,0,-105.0,-105.0
2015-09-01,2015,CHC,CIN,5,4,1,-142.0,127.0
2015-09-01,2015,MIL,PIT,7,4,1,147.0,-162.0
2015-09-01,2015,STL,WSN,8,5,1,110.0,-120.0
2015-09-01,2015,COL,ARI,3,5,0,110.0,-120.0
2015-09-01,2015,LAD,SFG,2,1,1,-115.0,105.0
2015-09-01,2015,TOR,CLE,5,3,1,-182.0,162.0
2015-09-01,2015,BAL,TBR,2,11,0,-152.0,137.0
2015-09-01,2015,BOS,NYY,1,3,0,138.0,-153.0
2015-09-01,2015,MIN,CHW,8,6,1,134.0,-149.0
2015-09-01,2015,KCR,DET,5,6,0,-192.0,172.0
2015-09-01,2015,HOU,SEA,5,7,0,-167.0,152.0
2015-09-01,2015,ATH,LAA,2,6,0,119.0,-129.0
2015-09-01,2015,SDP,TEX,6,8,0,-107.0,-103.0
2015-09-01,2015,COL,ARI,4,6,0,133.0,-148.0
2015-09-02,2015,ATL,MIA,3,7,0,105.0,-115.0
2015-09-02,2015,CHC,CIN,4,7,0,-151.0,136.0
2015-09-02,2015,NYM,PHI,9,4,1,-240.0,200.0
2015-09-02,2015,MIL,PIT,9,4,1,135.0,-150.0
2015-09-02,2015,STL,WSN,3,4,0,130.0,-145.0
2015-09-02,2015,COL,ARI,9,4,1,-130.0,115.0
2015-09-02,2015,LAD,SFG,2,1,1,-250.0,210.0
2015-09-02,2015,ATH,LAA,4,9,0,-129.0,119.0
2015-09-02,2015,BOS,NYY,8,13,0,115.0,-130.0
2015-09-02,2015,BAL,TBR,7,6,1,-134.0,119.0
2015-09-02,2015,TOR,CLE,5,1,1,-171.0,151.0
2015-09-02,2015,KCR,DET,12,1,1,-202.0,172.0
2015-09-02,2015,HOU,SEA,3,8,0,-160.0,145.0
2015-09-02,2015,MIN,CHW,3,0,1,-128.0,118.0
2015-09-02,2015,SDP,TEX,3,4,0,147.0,-162.0
2015-09-03,2015,WSN,ATL,15,1,1,-222.0,192.0
2015-09-03,2015,MIL,PIT,5,3,1,116.0,-131.0
2015-09-03,2015,COL,SFG,11,3,1,-120.0,110.0
2015-09-03,2015,SDP,LAD,10,7,1,141.0,-156.0
2015-09-03,2015,MIN,CHW,4,6,0,-117.0,107.0
2015-09-03,2015,KCR,DET,15,7,1,-164.0,149.0
2015-09-04,2015,CHC,ARI,14,5,1,-205.0,175.0
2015-09-04,2015,WSN,ATL,5,2,1,-155.0,140.0
2015-09-04,2015,MIA,NYM,6,5,1,160.0,-180.0
2015-09-04,2015,STL,PIT,3,9,0,-145.0,130.0
2015-09-04,2015,COL,SFG,2,1,1,-120.0,110.0
2015-09-04,2015,SDP,LAD,4,8,0,-101.0,-109.0
2015-09-04,2015,DET,CLE,1,8,0,132.0,-147.0
2015-09-04,2015,NYY,TBR,5,2,1,-172.0,152.0
2015-09-04,2015,TOR,BAL,2,10,0,-170.0,150.0
2015-09-04,2015,KCR,CHW,1,12,0,-200.0,170.0
2015-09-04,2015,HOU,MIN,8,0,1,-200.0,170.0
2015-09-04,2015,LAA,TEX,5,2,1,-155.0,140.0
2015-09-04,2015,ATH,SEA,8,11,0,-150.0,135.0
2015-09-04,2015,BOS,PHI,7,5,1,-220.0,190.0
2015-09-05,2015,CIN,MIL,6,8,0,-149.0,134.0
2015-09-05,2015,CHC,ARI,2,0,1,-235.0,205.0
2015-09-05,2015,STL,PIT,4,1,1,-158.0,143.0
2015-09-05,2015,MIA,NYM,0,7,0,116.0,-131.0
2015-09-05,2015,WSN,ATL,8,2,1,-182.0,162.0
2015-09-05,2015,COL,SFG,3,7,0,-141.0,126.0
2015-09-05,2015,SDP,LAD,0,2,0,-108.0,-102.0
2015-09-05,2015,NYY,TBR,2,3,0,-183.0,163.0
2015-09-05,2015,TOR,BAL,5,1,1,-290.0,250.0
2015-09-05,2015,DET,CLE,6,0,1,131.0,-146.0
2015-09-05,2015,HOU,MIN,2,3,0,-200.0,170.0
2015-09-05,2015,KCR,CHW,1,6,0,-105.0,-105.0
2015-09-05,2015,ATH,SEA,3,8,0,116.0,-126.0
2015-09-05,2015,LAA,TEX,1,2,0,-111.0,101.0
2015-09-05,2015,BOS,PHI,9,2,1,-220.0,190.0
2015-09-05,2015,CIN,MIL,3,7,0,-108.0,-102.0
2015-09-06,2015,MIA,NYM,4,3,1,138.0,-153.0
2015-09-06,2015,CIN,MIL,6,3,1,106.0,-116.0
2015-09-06,2015,WSN,ATL,8,4,1,-250.0,210.0
2015-09-06,2015,STL,PIT,1,7,0,-106.0,-104.0
2015-09-06,2015,CHC,ARI,6,4,1,-161.0,146.0
2015-09-06,2015,COL,SFG,4,7,0,175.0,-195.0
2015-09-06,2015,SDP,LAD,1,5,0,-104.0,-106.0
2015-09-06,2015,DET,CLE,0,4,0,-143.0,128.0
2015-09-06,2015,NYY,TBR,6,4,1,110.0,-120.0
2015-09-06,2015,TOR,BAL,10,4,1,-175.0,155.0
2015-09-06,2015,KCR,CHW,5,7,0,-220.0,190.0
2015-09-06,2015,HOU,MIN,8,5,1,-240.0,200.0
2015-09-06,2015,LAA,TEX,7,0,1,-125.0,115.0
2015-09-06,2015,ATH,SEA,2,3,0,119.0,-129.0
2015-09-06,2015,BOS,PHI,6,2,1,-215.0,185.0
2015-09-07,2015,WSN,NYM,5,8,0,-229.0,199.0
2015-09-07,2015,MIA,MIL,1,9,0,-119.0,109.0
2015-09-07,2015,CIN,PIT,3,1,1,-115.0,105.0
2015-09-07,2015,STL,CHC,0,9,0,-150.0,135.0
2015-09-07,2015,ARI,SFG,6,1,1,-140.0,125.0
2015-09-07,2015,SDP,COL,4,6,0,-190.0,170.0
2015-09-07,2015,PHI,ATL,2,7,0,-107.0,-103.0
2015-09-07,2015,DET,TBR,5,4,1,117.0,-127.0
2015-09-07,2015,NYY,BAL,8,6,1,-153.0,138.0
2015-09-07,2015,BOS,TOR,11,4,1,116.0,-131.0
2015-09-07,2015,CHW,CLE,2,3,0,-180.0,160.0
2015-09-07,2015,ATH,HOU,10,9,1,138.0,-153.0
2015-09-07,2015,SEA,TEX,0,3,0,-115.0,105.0
2015-09-07,2015,KCR,MIN,2,6,0,-200.0,170.0
2015-09-07,2015,LAA,LAD,5,7,0,155.0,-175.0
2015-09-08,2015,PHI,ATL,5,0,1,-130.0,115.0
2015-09-08,2015,WSN,NYM,7,8,0,-105.0,-105.0
2015-09-08,2015,MIA,MIL,6,4,1,106.0,-116.0
2015-09-08,2015,CIN,PIT,3,7,0,114.0,-124.0
2015-09-08,2015,STL,CHC,5,8,0,-143.0,128.0
2015-09-08,2015,ARI,SFG,2,6,0,103.0,-113.0
2015-09-08,2015,SDP,COL,2,1,1,-114.0,104.0
2015-09-08,2015,DET,TBR,8,7,1,110.0,-120.0
2015-09-08,2015,NYY,BAL,1,2,0,-177.0,157.0
2015-09-08,2015,BOS,TOR,1,5,0,117.0,-127.0
2015-09-08,2015,CHW,CLE,7,4,1,117.0,-132.0
2015-09-08,2015,KCR,MIN,4,2,1,-175.0,155.0
2015-09-08,2015,ATH,HOU,4,0,1,-111.0,101.0
2015-09-08,2015,SEA,TEX,6,9,0,117.0,-127.0
2015-09-08,2015,LAA,LAD,4,6,0,144.0,-159.0
2015-09-09,2015,STL,CHC,4,3,1,-130.0,115.0
2015-09-09,2015,WSN,NYM,3,5,0,102.0,-112.0
2015-09-09,2015,PHI,ATL,1,8,0,119.0,-134.0
2015-09-09,2015,CIN,PIT,4,5,0,150.0,-170.0
2015-09-09,2015,MIA,MIL,5,2,1,-125.0,115.0
2015-09-09,2015,SDP,COL,11,4,1,-170.0,150.0
2015-09-09,2015,ARI,SFG,2,1,1,-118.0,108.0
2015-09-09,2015,NYY,BAL,3,5,0,-140.0,125.0
2015-09-09,2015,DET,TBR,0,8,0,125.0,-140.0
2015-09-09,2015,BOS,TOR,10,4,1,114.0,-124.0
2015-09-09,2015,KCR,MIN,2,3,0,-202.0,172.0
2015-09-09,2015,CHW,CLE,4,6,0,101.0,-111.0
2015-09-09,2015,ATH,HOU,5,11,0,149.0,-164.0
2015-09-09,2015,SEA,TEX,6,0,1,113.0,-123.0
2015-09-09,2015,LAA,LAD,3,2,1,-160.0,145.0
2015-09-10,2015,PIT,MIL,4,6,0,-181.0,161.0
2015-09-10,2015,ATL,NYM,2,7,0,101.0,-111.0
2015-09-10,2015,CIN,STL,11,0,1,116.0,-131.0
2015-09-10,2015,SEA,TEX,5,0,1,-111.0,101.0
2015-09-10,2015,CLE,DET,7,5,1,-200.0,170.0
2015-09-10,2015,SDP,COL,3,4,0,-160.0,145.0
2015-09-11,2015,PIT,MIL,6,3,1,-173.0,153.0
2015-09-11,2015,PHI,CHC,3,7,0,180.0,-210.0
2015-09-11,2015,CIN,STL,2,2,0,142.0,-157.0
2015-09-11,2015,MIA,WSN,2,1,1,134.0,-149.0
2015-09-11,2015,ATL,NYM,1,5,0,177.0,-207.0
2015-09-11,2015,ARI,LAD,12,4,1,-105.0,-105.0
2015-09-11,2015,SFG,SDP,9,1,1,-124.0,114.0
2015-09-11,2015,BAL,KCR,14,8,1,110.0,-120.0
2015-09-11,2015,NYY,TOR,5,11,0,137.0,-152.0
2015-09-11,2015,TBR,BOS,8,4,1,-153.0,138.0
2015-09-11,2015,TEX,ATH,4,0,1,-131.0,116.0
2015-09-11,2015,CHW,MIN,2,6,0,-108.0,-102.0
2015-09-11,2015,LAA,HOU,3,2,1,141.0,-156.0
2015-09-11,2015,SEA,COL,2,4,0,-200.0,170.0
2015-09-11,2015,PHI,CHC,1,5,0,255.0,-305.0
2015-09-12,2015,CIN,STL,5,1,1,114.0,-124.0
2015-09-12,2015,PHI,CHC,7,5,1,158.0,-178.0
2015-09-12,2015,PIT,MIL,10,2,1,-177.0,157.0
2015-09-12,2015,MIA,WSN,2,0,1,-152.0,137.0
2015-09-12,2015,ATL,NYM,4,6,0,176.0,-196.0
2015-09-12,2015,ARI,LAD,5,9,0,111.0,-121.0
2015-09-12,2015,SFG,SDP,8,0,1,-205.0,175.0
2015-09-12,2015,BAL,KCR,6,14,0,118.0,-128.0
2015-09-12,2015,NYY,TOR,5,9,0,-140.0,125.0
2015-09-12,2015,TBR,BOS,4,10,0,105.0,-115.0
2015-09-12,2015,CHW,MIN,8,2,1,-116.0,106.0
2015-09-12,2015,TEX,ATH,3,5,0,-178.0,158.0
2015-09-12,2015,LAA,HOU,3,2,1,117.0,-127.0
2015-09-12,2015,SEA,COL,7,2,1,-190.0,170.0
2015-09-12,2015,NYY,TOR,7,10,0,118.0,-128.0
2015-09-13,2015,MIA,WSN,0,5,0,180.0,-210.0
2015-09-13,2015,CIN,STL,2,9,0,127.0,-142.0
2015-09-13,2015,ATL,NYM,7,10,0,132.0,-147.0
2015-09-13,2015,PIT,MIL,7,6,1,-205.0,175.0
2015-09-13,2015,PHI,CHC,7,4,1,165.0,-185.0
2015-09-13,2015,SFG,SDP,10,3,1,-176.0,156.0
2015-09-13,2015,ARI,LAD,3,4,0,125.0,-140.0
2015-09-13,2015,NYY,TOR,5,0,1,-146.0,131.0
2015-09-13,2015,TBR,BOS,0,2,0,-160.0,145.0
2015-09-13,2015,CLE,DET,7,2,1,-109.0,-101.0
2015-09-13,2015,BAL,KCR,8,2,1,131.0,-146.0
2015-09-13,2015,CHW,MIN,0,7,0,-183.0,163.0
2015-09-13,2015,TEX,ATH,12,4,1,-142.0,127.0
2015-09-13,2015,LAA,HOU,3,5,0,104.0,-114.0
2015-09-13,2015,SEA,COL,2,3,0,-198.0,178.0
2015-09-13,2015,CLE,DET,2,9,0,-182.0,162.0
2015-09-14,2015,PHI,WSN,7,8,0,141.0,-156.0
2015-09-14,2015,NYM,MIA,4,3,1,-200.0,170.0
2015-09-14,2015,ARI,SDP,3,10,0,-110.0,100.0
2015-09-14,2015,LAD,COL,4,1,1,-382.0,322.0
2015-09-14,2015,SFG,CIN,5,3,1,-161.0,146.0
2015-09-14,2015,BAL,BOS,2,0,1,-155.0,140.0
2015-09-14,2015,TBR,NYY,1,4,0,-109.0,-101.0
2015-09-14,2015,CLE,KCR,8,3,1,-152.0,137.0
2015-09-14,2015,TEX,HOU,5,3,1,-109.0,-101.0
2015-09-14,2015,CHW,ATH,8,7,1,122.0,-137.0
2015-09-14,2015,MIN,DET,7,1,1,-173.0,153.0
2015-09-14,2015,SEA,LAA,10,1,1,-101.0,-109.0
2015-09-15,2015,PHI,WSN,0,4,0,215.0,-255.0
2015-09-15,2015,PIT,CHC,1,2,0,-118.0,108.0
2015-09-15,2015,NYM,MIA,3,9,0,-260.0,220.0
2015-09-15,2015,MIL,STL,1,3,0,158.0,-178.0
2015-09-15,2015,ARI,SDP,6,4,1,-106.0,-104.0
2015-09-15,2015,LAD,COL,4,5,0,-195.0,175.0
2015-09-15,2015,SFG,CIN,8,9,0,-133.0,118.0
2015-09-15,2015,BAL,BOS,6,5,1,-140.0,125.0
2015-09-15,2015,TBR,NYY,6,3,1,-108.0,-102.0
2015-09-15,2015,CLE,KCR,0,2,0,105.0,-115.0
2015-09-15,2015,TEX,HOU,6,5,1,-114.0,104.0
2015-09-15,2015,MIN,DET,4,5,0,-151.0,136.0
2015-09-15,2015,CHW,ATH,6,17,0,-159.0,144.0
2015-09-15,2015,SEA,LAA,3,4,0,-175.0,155.0
2015-09-15,2015,ATL,TOR,3,2,1,132.0,-147.0
2015-09-15,2015,PIT,CHC,5,4,1,-155.0,140.0
2015-09-16,2015,PHI,WSN,2,12,0,200.0,-230.0
2015-09-16,2015,PIT,CHC,2,3,0,131.0,-146.0
2015-09-16,2015,NYM,MIA,0,6,0,-195.0,175.0
2015-09-16,2015,MIL,STL,4,5,0,163.0,-183.0
2015-09-16,2015,ARI,SDP,3,4,0,-132.0,117.0
2015-09-16,2015,LAD,COL,2,0,1,-160.0,145.0
2015-09-16,2015,SFG,CIN,5,3,1,-175.0,155.0
2015-09-16,2015,BAL,BOS,1,10,0,-131.0,116.0
2015-09-16,2015,TBR,NYY,1,3,0,-119.0,109.0
2015-09-16,2015,CLE,KCR,5,1,1,-121.0,111.0
2015-09-16,2015,TEX,HOU,14,3,1,151.0,-171.0
2015-09-16,2015,CHW,ATH,9,4,1,-150.0,135.0
2015-09-16,2015,MIN,DET,4,7,0,-171.0,151.0
2015-09-16,2015,SEA,LAA,3,1,1,-144.0,129.0
2015-09-16,2015,ATL,TOR,1,9,0,200.0,-240.0
2015-09-17,2015,PIT,CHC,6,9,0,-107.0,-103.0
2015-09-17,2015,WSN,MIA,4,6,0,-162.0,147.0
2015-09-17,2015,MIL,STL,3,6,0,115.0,-125.0
2015-09-17,2015,CHW,ATH,2,4,0,-158.0,143.0
2015-09-17,2015,CLE,KCR,4,8,0,-129.0,119.0
2015-09-17,2015,TBR,BAL,3,4,0,115.0,-125.0
2015-09-17,2015,TEX,HOU,8,2,1,113.0,-123.0
2015-09-17,2015,MIN,LAA,8,11,0,-122.0,112.0
2015-09-17,2015,ATL,TOR,0,5,0,153.0,-173.0
2015-09-18,2015,CHC,STL,8,3,1,-110.0,100.0
2015-09-18,2015,WSN,MIA,5,4,1,-149.0,134.0
2015-09-18,2015,ATL,PHI,2,1,1,-123.0,113.0
2015-09-18,2015,MIL,CIN,3,5,0,-113.0,103.0
2015-09-18,2015,COL,SDP,7,4,1,-116.0,106.0
2015-09-18,2015,LAD,PIT,6,2,1,-177.0,157.0
2015-09-18,2015,SFG,ARI,0,2,0,-230.0,200.0
2015-09-18,2015,DET,KCR,5,4,1,109.0,-119.0
2015-09-18,2015,TOR,BOS,6,1,1,-178.0,158.0
2015-09-18,2015,TBR,BAL,8,6,1,-120.0,110.0
2015-09-18,2015,CLE,CHW,12,1,1,130.0,-145.0
2015-09-18,2015,TEX,SEA,1,3,0,-115.0,105.0
2015-09-18,2015,HOU,ATH,3,4,0,-209.0,179.0
2015-09-18,2015,NYM,NYY,5,1,1,-111.0,101.0
2015-09-19,2015,CHC,STL,5,4,1,114.0,-124.0
2015-09-19,2015,WSN,MIA,5,2,1,-230.0,200.0
2015-09-19,2015,SFG,ARI,0,6,0,111.0,-121.0
2015-09-19,2015,MIL,CIN,7,9,0,-140.0,125.0
2015-09-19,2015,ATL,PHI,2,1,1,-140.0,125.0
2015-09-19,2015,COL,SDP,10,2,1,-104.0,-106.0
2015-09-19,2015,LAD,PIT,2,3,0,-182.0,162.0
2015-09-19,2015,TOR,BOS,6,7,0,-170.0,150.0
2015-09-19,2015,TBR,BAL,1,2,0,104.0,-114.0
2015-09-19,2015,DET,KCR,6,5,1,127.0,-142.0
2015-09-19,2015,HOU,ATH,10,6,1,-141.0,126.0
2015-09-19,2015,MIN,LAA,2,5,0,125.0,-140.0
2015-09-19,2015,CLE,CHW,3,4,0,-200.0,170.0
2015-09-19,2015,TEX,SEA,10,1,1,-182.0,162.0
2015-09-19,2015,NYM,NYY,0,5,0,-114.0,104.0
2015-09-19,2015,MIN,LAA,3,4,0,-116.0,106.0
2015-09-20,2015,ATL,PHI,2,1,1,-145.0,130.0
2015-09-20,2015,WSN,MIA,13,3,1,-270.0,230.0
2015-09-20,2015,MIL,CIN,8,4,1,105.0,-115.0
2015-09-20,2015,SFG,ARI,5,1,1,-139.0,124.0
2015-09-20,2015,LAD,PIT,3,4,0,118.0,-128.0
2015-09-20,2015,COL,SDP,4,10,0,115.0,-125.0
2015-09-20,2015,CHC,STL,3,4,0,-144.0,129.0
2015-09-20,2015,TOR,BOS,3,4,0,-190.0,170.0
2015-09-20,2015,DET,KCR,3,10,0,139.0,-154.0
2015-09-20,2015,TBR,BAL,7,6,1,110.0,-120.0
2015-09-20,2015,CLE,CHW,6,3,1,-176.0,156.0
2015-09-20,2015,HOU,ATH,5,1,1,-219.0,189.0
2015-09-20,2015,MIN,LAA,8,1,1,-109.0,-101.0
2015-09-20,2015,TEX,SEA,2,9,0,-103.0,-107.0
2015-09-20,2015,NYM,NYY,2,11,0,-164.0,149.0
2015-09-21,2015,NYM,ATL,4,0,1,-172.0,152.0
2015-09-21,2015,CHC,MIL,9,5,1,-212.0,182.0
2015-09-21,2015,STL,CIN,2,1,1,-172.0,152.0
2015-09-21,2015,COL,PIT,3,9,0,-105.0,-105.0
2015-09-21,2015,LAD,ARI,4,8,0,-170.0,150.0
2015-09-21,2015,TOR,NYY,4,2,1,-230.0,200.0
2015-09-21,2015,DET,CHW,2,3,0,-109.0,-101.0
2015-09-21,2015,BOS,TBR,8,7,1,105.0,-115.0
2015-09-21,2015,HOU,LAA,6,3,1,-210.0,180.0
2015-09-21,2015,DET,CHW,0,2,0,134.0,-149.0
2015-09-22,2015,NYM,ATL,2,6,0,-190.0,170.0
2015-09-22,2015,MIA,PHI,2,6,0,-173.0,153.0
2015-09-22,2015,CHC,MIL,4,0,1,-335.0,285.0
2015-09-22,2015,STL,CIN,3,1,1,-195.0,175.0
2015-09-22,2015,COL,PIT,3,6,0,128.0,-143.0
2015-09-22,2015,LAD,ARI,0,8,0,-145.0,130.0
2015-09-22,2015,SDP,SFG,2,4,0,-153.0,138.0
2015-09-22,2015,TOR,NYY,4,6,0,101.0,-111.0
2015-09-22,2015,DET,CHW,2,1,1,103.0,-113.0
2015-09-22,2015,BOS,TBR,2,5,0,-116.0,106.0
2015-09-22,2015,MIN,CLE,3,1,1,107.0,-117.0
2015-09-22,2015,HOU,LAA,3,4,0,-171.0,151.0
2015-09-22,2015,KCR,SEA,2,11,0,-110.0,100.0
2015-09-22,2015,ATH,TEX,6,8,0,105.0,-115.0
2015-09-22,2015,WSN,BAL,1,4,0,-142.0,127.0
2015-09-23,2015,MIA,PHI,4,3,1,-185.0,165.0
2015-09-23,2015,NYM,ATL,3,6,0,-232.0,202.0
2015-09-23,2015,CHC,MIL,1,4,0,-230.0,200.0
2015-09-23,2015,STL,CIN,10,2,1,-155.0,140.0
2015-09-23,2015,COL,PIT,7,13,0,125.0,-140.0
2015-09-23,2015,SDP,SFG,5,4,1,-114.0,104.0
2015-09-23,2015,LAD,ARI,4,1,1,-151.0,136.0
2015-09-23,2015,DET,CHW,7,4,1,-132.0,117.0
2015-09-23,2015,HOU,LAA,5,6,0,-175.0,155.0
2015-09-23,2015,TOR,NYY,4,0,1,-191.0,171.0
2015-09-23,2015,BOS,TBR,2,6,0,-117.0,107.0
2015-09-23,2015,MIN,CLE,4,2,1,118.0,-133.0
2015-09-23,2015,KCR,SEA,4,3,1,-191.0,171.0
2015-09-23,2015,ATH,TEX,3,10,0,107.0,-117.0
2015-09-23,2015,WSN,BAL,3,4,0,-184.0,164.0
2015-09-24,2015,COL,PIT,4,5,0,119.0,-129.0
2015-09-24,2015,CIN,NYM,4,6,0,151.0,-171.0
2015-09-24,2015,MIA,PHI,1,0,1,-183.0,163.0
2015-09-24,2015,STL,MIL,7,3,1,-200.0,170.0
2015-09-24,2015,SDP,SFG,5,4,1,119.0,-134.0
2015-09-24,2015,LAD,ARI,6,3,1,-221.0,191.0
2015-09-24,2015,ATH,TEX,1,8,0,130.0,-145.0
2015-09-24,2015,NYY,CHW,3,2,1,-105.0,-105.0
2015-09-24,2015,BOS,TBR,2,4,0,-131.0,116.0
2015-09-24,2015,MIN,CLE,3,6,0,-141.0,126.0
2015-09-24,2015,KCR,SEA,10,4,1,-181.0,161.0
2015-09-24,2015,WSN,BAL,4,5,0,-143.0,128.0
2015-09-25,2015,CHC,PIT,2,3,0,-108.0,-102.0
2015-09-25,2015,WSN,PHI,2,8,0,-246.0,206.0
2015-09-25,2015,MIA,ATL,12,11,1,-210.0,180.0
2015-09-25,2015,CIN,NYM,5,12,0,115.0,-130.0
2015-09-25,2015,COL,LAD,7,4,1,128.0,-143.0
2015-09-25,2015,STL,MIL,3,4,0,-215.0,185.0
2015-09-25,2015,SDP,ARI,3,6,0,110.0,-120.0
2015-09-25,2015,NYY,CHW,2,5,0,-145.0,130.0
2015-09-25,2015,TOR,TBR,5,3,1,-163.0,148.0
2015-09-25,2015,DET,MIN,6,4,1,-104.0,-106.0
2015-09-25,2015,BOS,BAL,7,0,1,100.0,-110.0
2015-09-25,2015,KCR,CLE,0,6,0,146.0,-161.0
2015-09-25,2015,HOU,TEX,2,6,0,-143.0,128.0
2015-09-25,2015,LAA,SEA,8,4,1,-180.0,160.0
2015-09-25,2015,ATH,SFG,5,4,1,-180.0,160.0
2015-09-26,2015,CHC,PIT,0,4,0,-105.0,-105.0
2015-09-26,2015,WSN,PHI,2,1,1,-275.0,235.0
2015-09-26,2015,CIN,NYM,2,10,0,140.0,-155.0
2015-09-26,2015,MIA,ATL,6,2,1,114.0,-124.0
2015-09-26,2015,STL,MIL,5,1,1,-230.0,200.0
2015-09-26,2015,COL,LAD,8,6,1,150.0,-170.0
2015-09-26,2015,SDP,ARI,3,0,1,-105.0,-105.0
2015-09-26,2015,NYY,CHW,2,1,1,-171.0,151.0
2015-09-26,2015,TOR,TBR,10,8,1,-195.0,175.0
2015-09-26,2015,BOS,BAL,8,0,1,115.0,-125.0
2015-09-26,2015,DET,MIN,2,6,0,119.0,-134.0
2015-09-26,2015,KCR,CLE,5,9,0,-123.0,113.0
2015-09-26,2015,HOU,TEX,9,7,1,-151.0,136.0
2015-09-26,2015,LAA,SEA,3,2,1,-109.0,-101.0
2015-09-26,2015,ATH,SFG,10,14,0,-109.0,-101.0
2015-09-27,2015,CIN,NYM,1,8,0,117.0,-127.0
2015-09-27,2015,MIA,ATL,9,5,1,-140.0,125.0
2015-09-27,2015,WSN,PHI,5,12,0,-220.0,190.0
2015-09-27,2015,STL,MIL,4,8,0,-220.0,190.0
2015-09-27,2015,CHC,PIT,4,0,1,-180.0,160.0
2015-09-27,2015,SDP,ARI,2,4,0,-145.0,130.0
2015-09-27,2015,COL,LAD,12,5,1,145.0,-160.0
2015-09-27,2015,DET,MIN,1,7,0,116.0,-131.0
2015-09-27,2015,TOR,TBR,5,4,1,-171.0,151.0
2015-09-27,2015,BOS,BAL,2,0,1,106.0,-116.0
2015-09-27,2015,KCR,CLE,3,0,1,112.0,-122.0
2015-09-27,2015,HOU,TEX,4,2,1,-220.0,190.0
2015-09-27,2015,LAA,SEA,3,2,1,101.0,-111.0
2015-09-27,2015,NYY,CHW,6,1,1,-201.0,171.0
2015-09-27,2015,ATH,SFG,4,5,0,-105.0,-105.0
2015-09-28,2015,PIT,STL,0,3,0,-149.0,134.0
2015-09-28,2015,SFG,LAD,3,2,1,170.0,-190.0
2015-09-28,2015,BAL,TOR,3,4,0,-109.0,-101.0
2015-09-28,2015,NYY,BOS,1,5,0,-126.0,116.0
2015-09-28,2015,CLE,MIN,2,4,0,-170.0,150.0
2015-09-28,2015,TEX,DET,4,7,0,-147.0,132.0
2015-09-28,2015,LAA,ATH,5,4,1,-190.0,170.0
2015-09-28,2015,SEA,HOU,2,3,0,125.0,-140.0
2015-09-28,2015,CHC,KCR,1,0,1,110.0,-120.0
2015-09-28,2015,WSN,CIN,5,1,1,-190.0,170.0
2015-09-29,2015,PHI,NYM,4,3,1,165.0,-185.0
2015-09-29,2015,ATL,WSN,2,1,1,125.0,-140.0
2015-09-29,2015,CIN,CHC,1,4,0,125.0,-140.0
2015-09-29,2015,ARI,COL,4,3,1,-175.0,155.0
2015-09-29,2015,SDP,MIL,3,4,0,-178.0,158.0
2015-09-29,2015,SFG,LAD,0,8,0,115.0,-130.0
2015-09-29,2015,NYY,BOS,4,10,0,-180.0,160.0
2015-09-29,2015,TEX,DET,7,6,1,-177.0,157.0
2015-09-29,2015,CHW,KCR,4,2,1,139.0,-154.0
2015-09-29,2015,LAA,ATH,8,1,1,-162.0,147.0
2015-09-29,2015,SEA,HOU,6,4,1,125.0,-140.0
2015-09-29,2015,TBR,MIA,4,2,1,-156.0,141.0
2015-09-30,2015,PHI,NYM,7,5,1,163.0,-183.0
2015-09-30,2015,PIT,STL,1,11,0,-127.0,117.0
2015-09-30,2015,ATL,WSN,2,0,1,154.0,-174.0
2015-09-30,2015,CIN,CHC,3,10,0,150.0,-170.0
2015-09-30,2015,ARI,COL,3,1,1,-121.0,111.0
2015-09-30,2015,SDP,MIL,0,5,0,-147.0,132.0
2015-09-30,2015,SFG,LAD,5,0,1,107.0,-117.0
2015-09-30,2015,LAA,ATH,7,8,0,-261.0,221.0
2015-09-30,2015,BAL,TOR,8,1,1,-134.0,119.0
2015-09-30,2015,NYY,BOS,5,9,0,-164.0,149.0
2015-09-30,2015,CLE,MIN,10,2,1,-131.0,116.0
2015-09-30,2015,TEX,DET,6,2,1,-190.0,170.0
2015-09-30,2015,CHW,KCR,3,5,0,-127.0,117.0
2015-09-30,2015,SEA,HOU,6,7,0,142.0,-157.0
2015-09-30,2015,TBR,MIA,6,4,1,-181.0,161.0
2015-09-30,2015,PIT,STL,8,2,1,-164.0,149.0
2015-09-30,2015,BAL,TOR,2,15,0,150.0,-170.0
2015-09-30,2015,CLE,MIN,1,7,0,-175.0,155.0
2015-10-01,2015,CIN,CHC,3,5,0,107.0,-117.0
2015-10-01,2015,SFG,LAD,2,3,0,125.0,-140.0
2015-10-01,2015,SDP,MIL,3,1,1,-140.0,125.0
2015-10-01,2015,PHI,NYM,3,0,1,102.0,-112.0
2015-10-01,2015,ATL,WSN,0,3,0,181.0,-211.0
2015-10-01,2015,ARI,COL,8,6,1,-210.0,180.0
2015-10-01,2015,NYY,BOS,4,1,1,-148.0,133.0
2015-10-01,2015,BAL,TOR,6,4,1,-186.0,166.0
2015-10-01,2015,CLE,MIN,2,4,0,-101.0,-109.0
2015-10-01,2015,TEX,LAA,5,3,1,-107.0,-103.0
2015-10-01,2015,CHW,KCR,4,6,0,119.0,-134.0
2015-10-01,2015,TBR,MIA,4,1,1,-105.0,-105.0
2015-10-02,2015,PIT,CIN,6,4,1,-265.0,225.0
2015-10-02,2015,ATL,STL,4,0,1,111.0,-121.0
2015-10-02,2015,MIL,CHC,1,6,0,205.0,-245.0
2015-10-02,2015,LAD,SDP,6,2,1,-205.0,175.0
2015-10-02,2015,SFG,COL,3,9,0,-130.0,115.0
2015-10-02,2015,CLE,BOS,8,2,1,-125.0,115.0
2015-10-02,2015,TBR,TOR,4,8,0,116.0,-126.0
2015-10-02,2015,TEX,LAA,1,2,0,-117.0,107.0
2015-10-02,2015,MIN,KCR,1,3,0,-116.0,106.0
2015-10-02,2015,CHW,DET,2,1,1,-230.0,200.0
2015-10-02,2015,SEA,ATH,2,4,0,-194.0,174.0
2015-10-02,2015,ARI,HOU,5,21,0,152.0,-172.0
2015-10-03,2015,SFG,COL,3,2,1,-126.0,116.0
2015-10-03,2015,PIT,CIN,1,3,0,-200.0,170.0
2015-10-03,2015,PHI,MIA,2,5,0,120.0,-135.0
2015-10-03,2015,NYM,WSN,0,2,0,-112.0,102.0
2015-10-03,2015,MIL,CHC,0,1,0,170.0,-200.0
2015-10-03,2015,LAD,SDP,2,1,1,-311.0,261.0
2015-10-03,2015,TBR,TOR,4,3,1,-110.0,100.0
2015-10-03,2015,BAL,NYY,4,3,1,105.0,-115.0
2015-10-03,2015,CLE,BOS,2,0,1,-200.0,170.0
2015-10-03,2015,CHW,DET,4,3,1,112.0,-122.0
2015-10-03,2015,MIN,KCR,1,5,0,111.0,-121.0
2015-10-03,2015,TEX,LAA,10,11,0,-105.0,-105.0
2015-10-03,2015,SEA,ATH,5,7,0,-146.0,131.0
2015-10-03,2015,ARI,HOU,2,6,0,153.0,-173.0
2015-10-03,2015,PHI,MIA,6,7,0,107.0,-117.0
2015-10-03,2015,BAL,NYY,9,2,1,-147.0,132.0
2015-10-03,2015,NYM,WSN,1,3,0,-161.0,146.0
2015-10-04,2015,ATL,STL,2,0,1,125.0,-140.0
2015-10-04,2015,PIT,CIN,4,0,1,-220.0,190.0
2015-10-04,2015,PHI,MIA,7,2,1,119.0,-129.0
2015-10-04,2015,SFG,COL,3,7,0,-120.0,110.0
2015-10-04,2015,MIL,CHC,1,3,0,119.0,-134.0
2015-10-04,2015,NYM,WSN,1,0,1,-210.0,180.0
2015-10-04,2015,LAD,SDP,6,3,1,-345.0,295.0
2015-10-04,2015,TEX,LAA,9,2,1,-125.0,115.0
2015-10-04,2015,BAL,NYY,9,4,1,140.0,-155.0
2015-10-04,2015,CLE,BOS,3,1,1,-112.0,102.0
2015-10-04,2015,TBR,TOR,12,3,1,136.0,-151.0
2015-10-04,2015,SEA,ATH,3,2,1,-121.0,111.0
2015-10-04,2015,MIN,KCR,1,6,0,156.0,-176.0
2015-10-04,2015,CHW,DET,0,6,0,-131.0,116.0
2015-10-04,2015,ARI,HOU,5,3,1,135.0,-150.0
2015-10-04,2015,ATL,STL,6,0,1,133.0,-148.0
2015-10-06,2015,NYY,HOU,0,3,0,-106.0,-104.0
2015-10-07,2015,PIT,CHC,0,4,0,116.0,-126.0
2015-10-08,2015,TOR,TEX,3,5,0,-260.0,220.0
2015-10-08,2015,KCR,HOU,2,5,0,-133.0,118.0
2015-10-09,2015,STL,CHC,4,0,1,-112.0,102.0
2015-10-09,2015,LAD,NYM,1,3,0,-205.0,175.0
2015-10-09,2015,TOR,TEX,4,6,0,-175.0,155.0
2015-10-09,2015,KCR,HOU,5,4,1,-127.0,117.0
2015-10-10,2015,STL,CHC,3,6,0,-137.0,122.0
2015-10-10,2015,LAD,NYM,5,2,1,-170.0,150.0
2015-10-11,2015,HOU,KCR,4,2,1,-192.0,172.0
2015-10-11,2015,TEX,TOR,1,5,0,130.0,-145.0
2015-10-12,2015,NYM,LAD,13,7,1,-170.0,150.0
2015-10-12,2015,CHC,STL,8,6,1,-211.0,181.0
2015-10-12,2015,HOU,KCR,6,9,0,-126.0,116.0
2015-10-12,2015,TEX,TOR,4,8,0,145.0,-160.0
2015-10-13,2015,NYM,LAD,1,3,0,134.0,-149.0
2015-10-13,2015,CHC,STL,6,4,1,-114.0,104.0
2015-10-14,2015,KCR,HOU,7,2,1,-126.0,116.0
2015-10-14,2015,TOR,TEX,6,3,1,-180.0,160.0
2015-10-15,2015,LAD,NYM,2,3,0,-140.0,125.0
2015-10-16,2015,KCR,TOR,5,0,1,109.0,-119.0
2015-10-17,2015,NYM,CHC,4,2,1,-128.0,118.0
2015-10-17,2015,KCR,TOR,6,3,1,135.0,-150.0
2015-10-18,2015,NYM,CHC,4,1,1,129.0,-144.0
2015-10-19,2015,TOR,KCR,11,8,1,-150.0,135.0
2015-10-20,2015,CHC,NYM,2,5,0,-103.0,-107.0
2015-10-20,2015,TOR,KCR,2,14,0,-155.0,140.0
2015-10-21,2015,CHC,NYM,3,8,0,-108.0,-102.0
2015-10-21,2015,TOR,KCR,7,1,1,-143.0,128.0
2015-10-23,2015,KCR,TOR,4,3,1,130.0,-145.0
2015-10-27,2015,KCR,NYM,5,4,1,-115.0,105.0
2015-10-28,2015,KCR,NYM,7,1,1,110.0,-120.0
2015-10-30,2015,NYM,KCR,9,3,1,-129.0,119.0
2015-10-31,2015,NYM,KCR,3,5,0,-128.0,118.0
2015-11-01,2015,NYM,KCR,2,7,0,-150.0,135.0
2016-04-03,2016,PIT,STL,4,1,1,-119.0,109.0
2016-04-03,2016,TBR,TOR,3,5,0,-121.0,111.0
2016-04-03,2016,KCR,NYM,4,3,1,110.0,-120.0
2016-04-04,2016,MIL,SFG,3,12,0,155.0,-175.0
2016-04-04,2016,ATL,WSN,3,4,0,160.0,-180.0
2016-04-04,2016,CIN,PHI,6,2,1,-175.0,155.0
2016-04-04,2016,SDP,LAD,0,15,0,170.0,-200.0
2016-04-04,2016,ARI,COL,5,10,0,-175.0,155.0
2016-04-04,2016,BAL,MIN,3,2,1,-119.0,109.0
2016-04-04,2016,TEX,SEA,3,2,1,-126.0,116.0
2016-04-04,2016,TBR,TOR,3,5,0,-117.0,107.0
2016-04-04,2016,ATH,CHW,3,4,0,130.0,-145.0
2016-04-04,2016,LAA,CHC,0,9,0,130.0,-145.0
2016-04-05,2016,PIT,STL,6,5,1,-112.0,102.0
2016-04-05,2016,MIL,SFG,1,2,0,143.0,-158.0
2016-04-05,2016,ARI,COL,11,6,1,-130.0,115.0
2016-04-05,2016,SDP,LAD,0,3,0,105.0,-115.0
2016-04-05,2016,TBR,TOR,3,2,1,-103.0,-107.0
2016-04-05,2016,TEX,SEA,2,10,0,-107.0,-103.0
2016-04-05,2016,ATH,CHW,4,5,0,103.0,-113.0
2016-04-05,2016,KCR,NYM,0,2,0,117.0,-127.0
2016-04-05,2016,MIA,DET,7,8,0,-103.0,-107.0
2016-04-05,2016,LAA,CHC,1,6,0,115.0,-125.0
2016-04-05,2016,NYY,HOU,3,5,0,113.0,-123.0
2016-04-05,2016,CLE,BOS,2,6,0,-123.0,113.0
2016-04-06,2016,MIL,SFG,4,3,1,126.0,-141.0
2016-04-06,2016,ARI,COL,3,4,0,-140.0,125.0
2016-04-06,2016,PIT,STL,5,1,1,-112.0,102.0
2016-04-06,2016,ATL,WSN,1,3,0,170.0,-190.0
2016-04-06,2016,CIN,PHI,3,2,1,-132.0,117.0
2016-04-06,2016,SDP,LAD,0,7,0,130.0,-145.0
2016-04-06,2016,TBR,TOR,5,3,1,113.0,-123.0
2016-04-06,2016,TEX,SEA,5,9,0,115.0,-130.0
2016-04-06,2016,CLE,BOS,7,6,1,-141.0,126.0
2016-04-06,2016,NYY,HOU,16,6,1,-131.0,116.0
2016-04-06,2016,BAL,MIN,4,2,1,-116.0,106.0
2016-04-06,2016,ATH,CHW,2,1,1,-127.0,117.0
2016-04-06,2016,MIA,DET,3,7,0,-174.0,154.0
2016-04-07,2016,CIN,PHI,10,6,1,-126.0,116.0
2016-04-07,2016,WSN,MIA,4,6,0,-141.0,126.0
2016-04-07,2016,SFG,LAD,12,6,1,-120.0,110.0
2016-04-07,2016,ARI,CHC,6,14,0,157.0,-177.0
2016-04-07,2016,ATH,CHW,1,6,0,-111.0,101.0
2016-04-07,2016,NYY,HOU,8,5,1,-107.0,-103.0
2016-04-07,2016,BAL,MIN,4,2,1,-140.0,125.0
2016-04-07,2016,LAA,TEX,4,3,1,-144.0,129.0
2016-04-08,2016,NYM,PHI,7,2,1,-277.0,237.0
2016-04-08,2016,COL,SDP,6,13,0,-155.0,140.0
2016-04-08,2016,CIN,PIT,5,6,0,126.0,-141.0
2016-04-08,2016,ATL,STL,4,7,0,149.0,-164.0
2016-04-08,2016,ARI,CHC,3,2,1,114.0,-124.0
2016-04-08,2016,SFG,LAD,3,2,1,100.0,-110.0
2016-04-08,2016,DET,NYY,4,0,1,-118.0,108.0
2016-04-08,2016,CHW,CLE,1,7,0,129.0,-144.0
2016-04-08,2016,BAL,TBR,6,1,1,115.0,-125.0
2016-04-08,2016,TOR,BOS,7,8,0,-155.0,140.0
2016-04-08,2016,KCR,MIN,4,3,1,-159.0,144.0
2016-04-08,2016,LAA,TEX,3,7,0,-127.0,117.0
2016-04-08,2016,SEA,ATH,2,3,0,-154.0,139.0
2016-04-08,2016,MIL,HOU,6,4,1,101.0,-111.0
2016-04-09,2016,CIN,PIT,5,1,1,112.0,-122.0
2016-04-09,2016,SFG,LAD,2,3,0,133.0,-148.0
2016-04-09,2016,ATL,STL,2,12,0,115.0,-130.0
2016-04-09,2016,NYM,PHI,0,1,0,-153.0,138.0
2016-04-09,2016,COL,SDP,3,16,0,-121.0,111.0
2016-04-09,2016,ARI,CHC,2,4,0,-105.0,-105.0
2016-04-09,2016,TOR,BOS,4,8,0,-115.0,105.0
2016-04-09,2016,DET,NYY,4,8,0,-111.0,101.0
2016-04-09,2016,CHW,CLE,7,3,1,-170.0,150.0
2016-04-09,2016,KCR,MIN,7,0,1,-126.0,116.0
2016-04-09,2016,LAA,TEX,1,4,0,-119.0,109.0
2016-04-09,2016,SEA,ATH,1,6,0,-124.0,114.0
2016-04-09,2016,MIL,HOU,4,6,0,140.0,-155.0
2016-04-10,2016,NYM,PHI,2,5,0,-240.0,200.0
2016-04-10,2016,CIN,PIT,2,1,1,110.0,-120.0
2016-04-10,2016,WSN,MIA,4,2,1,-155.0,140.0
2016-04-10,2016,ATL,STL,7,12,0,143.0,-158.0
2016-04-10,2016,SFG,LAD,9,6,1,-145.0,130.0
2016-04-10,2016,COL,SDP,6,3,1,-140.0,125.0
2016-04-10,2016,ARI,CHC,3,7,0,185.0,-215.0
2016-04-10,2016,TOR,BOS,3,0,1,-151.0,136.0
2016-04-10,2016,BAL,TBR,5,3,1,-105.0,-105.0
2016-04-10,2016,KCR,MIN,4,3,1,-170.0,150.0
2016-04-10,2016,LAA,TEX,3,1,1,-125.0,115.0
2016-04-10,2016,SEA,ATH,1,2,0,-163.0,148.0
2016-04-10,2016,MIL,HOU,3,2,1,153.0,-173.0
2016-04-11,2016,PHI,SDP,3,4,0,-120.0,110.0
2016-04-11,2016,STL,MIL,10,1,1,-177.0,157.0
2016-04-11,2016,WSN,ATL,6,4,1,-243.0,203.0
2016-04-11,2016,NYM,MIA,3,10,0,-160.0,145.0
2016-04-11,2016,CHC,CIN,5,3,1,-185.0,165.0
2016-04-11,2016,BOS,BAL,7,9,0,-185.0,165.0
2016-04-11,2016,MIN,CHW,1,4,0,108.0,-118.0
2016-04-11,2016,HOU,KCR,8,2,1,-148.0,133.0
2016-04-11,2016,ATH,LAA,1,4,0,-144.0,129.0
2016-04-11,2016,SEA,TEX,3,7,0,-175.0,155.0
2016-04-11,2016,DET,PIT,4,7,0,-161.0,146.0
2016-04-12,2016,LAD,ARI,2,4,0,-141.0,126.0
2016-04-12,2016,WSN,ATL,2,1,1,-179.0,159.0
2016-04-12,2016,PHI,SDP,3,0,1,-102.0,-108.0
2016-04-12,2016,NYM,MIA,1,2,0,-125.0,115.0
2016-04-12,2016,COL,SFG,2,7,0,-116.0,106.0
2016-04-12,2016,TOR,NYY,2,3,0,-114.0,104.0
2016-04-12,2016,TBR,CLE,5,1,1,110.0,-120.0
2016-04-12,2016,BOS,BAL,5,9,0,-152.0,137.0
2016-04-12,2016,HOU,KCR,2,3,0,-125.0,115.0
2016-04-12,2016,ATH,LAA,4,5,0,-113.0,103.0
2016-04-12,2016,SEA,TEX,0,8,0,-126.0,116.0
2016-04-12,2016,DET,PIT,8,2,1,-116.0,106.0
2016-04-13,2016,NYM,MIA,2,1,1,-115.0,105.0
2016-04-13,2016,WSN,ATL,3,0,1,-141.0,126.0
2016-04-13,2016,PHI,SDP,2,1,1,-115.0,105.0
2016-04-13,2016,CHC,CIN,9,2,1,-200.0,170.0
2016-04-13,2016,STL,MIL,4,6,0,-145.0,130.0
2016-04-13,2016,COL,SFG,10,6,1,-105.0,-105.0
2016-04-13,2016,LAD,ARI,3,1,1,-175.0,155.0
2016-04-13,2016,ATH,LAA,1,5,0,-103.0,-107.0
2016-04-13,2016,SEA,TEX,4,2,1,-145.0,130.0
2016-04-13,2016,TOR,NYY,7,2,1,-126.0,116.0
2016-04-13,2016,BOS,BAL,4,2,1,-123.0,113.0
2016-04-13,2016,TBR,CLE,1,4,0,-101.0,-109.0
2016-04-13,2016,HOU,KCR,2,4,0,-105.0,-105.0
2016-04-13,2016,MIN,CHW,0,3,0,-105.0,-105.0
2016-04-13,2016,PIT,DET,3,7,0,-122.0,112.0
2016-04-14,2016,PHI,SDP,3,0,1,-115.0,105.0
2016-04-14,2016,STL,MIL,7,0,1,-200.0,170.0
2016-04-14,2016,COL,SFG,11,6,1,-108.0,-102.0
2016-04-14,2016,WSN,ATL,6,2,1,-235.0,205.0
2016-04-14,2016,CHC,CIN,8,1,1,-159.0,144.0
2016-04-14,2016,LAD,ARI,5,2,1,-126.0,116.0
2016-04-14,2016,MIN,CHW,1,3,0,-124.0,114.0
2016-04-14,2016,TBR,CLE,0,6,0,-143.0,128.0
2016-04-14,2016,TOR,NYY,4,2,1,-143.0,128.0
2016-04-14,2016,TEX,BAL,6,3,1,-127.0,117.0
2016-04-14,2016,HOU,KCR,2,6,0,-123.0,113.0
2016-04-14,2016,PIT,DET,4,7,0,-148.0,133.0
2016-04-15,2016,CHC,COL,1,6,0,-240.0,200.0
2016-04-15,2016,PIT,MIL,4,8,0,-140.0,125.0
2016-04-15,2016,PHI,WSN,1,9,0,130.0,-145.0
2016-04-15,2016,MIA,ATL,3,6,0,-210.0,180.0
2016-04-15,2016,STL,CIN,14,3,1,-185.0,165.0
2016-04-15,2016,LAD,SFG,7,3,1,-161.0,146.0
2016-04-15,2016,SDP,ARI,2,3,0,136.0,-151.0
2016-04-15,2016,NYY,SEA,1,7,0,-142.0,127.0
2016-04-15,2016,BOS,TOR,5,3,1,-119.0,109.0
2016-04-15,2016,TBR,CHW,0,1,0,-101.0,-109.0
2016-04-15,2016,TEX,BAL,5,11,0,104.0,-114.0
2016-04-15,2016,HOU,DET,1,0,1,-205.0,175.0
2016-04-15,2016,MIN,LAA,5,4,1,135.0,-150.0
2016-04-15,2016,ATH,KCR,2,4,0,-115.0,105.0
2016-04-15,2016,CLE,NYM,5,6,0,-119.0,109.0
2016-04-16,2016,STL,CIN,8,9,0,-140.0,125.0
2016-04-16,2016,CHC,COL,6,2,1,-315.0,265.0
2016-04-16,2016,PIT,MIL,5,0,1,-140.0,125.0
2016-04-16,2016,PHI,WSN,1,8,0,176.0,-206.0
2016-04-16,2016,MIA,ATL,4,6,0,-145.0,130.0
2016-04-16,2016,SDP,ARI,5,3,1,-103.0,-107.0
2016-04-16,2016,LAD,SFG,3,4,0,-103.0,-107.0
2016-04-16,2016,NYY,SEA,2,3,0,112.0,-122.0
2016-04-16,2016,MIN,LAA,6,4,1,-124.0,114.0
2016-04-16,2016,ATH,KCR,5,3,1,-144.0,129.0
2016-04-16,2016,BOS,TOR,4,2,1,-132.0,117.0
2016-04-16,2016,TBR,CHW,7,2,1,-148.0,133.0
2016-04-16,2016,HOU,DET,3,5,0,-127.0,117.0
2016-04-16,2016,TEX,BAL,8,4,1,-105.0,-105.0
2016-04-16,2016,CLE,NYM,7,5,1,112.0,-122.0
2016-04-17,2016,MIA,ATL,5,6,0,-127.0,117.0
2016-04-17,2016,PHI,WSN,3,2,1,135.0,-150.0
2016-04-17,2016,PIT,MIL,9,3,1,-125.0,115.0
2016-04-17,2016,STL,CIN,4,3,1,-177.0,157.0
2016-04-17,2016,CHC,COL,0,2,0,-230.0,200.0
2016-04-17,2016,SDP,ARI,3,7,0,-112.0,102.0
2016-04-17,2016,LAD,SFG,3,1,1,-145.0,130.0
2016-04-17,2016,NYY,SEA,4,3,1,-128.0,118.0
2016-04-17,2016,TBR,CHW,3,2,1,-101.0,-109.0
2016-04-17,2016,BOS,TOR,3,5,0,126.0,-141.0
2016-04-17,2016,HOU,DET,5,4,1,-121.0,111.0
2016-04-17,2016,MIN,LAA,3,2,1,-102.0,-108.0
2016-04-17,2016,ATH,KCR,3,2,1,100.0,-110.0
2016-04-17,2016,CLE,NYM,0,6,0,-159.0,144.0
2016-04-18,2016,PHI,NYM,2,5,0,151.0,-171.0
2016-04-18,2016,MIA,WSN,6,1,1,-176.0,156.0
2016-04-18,2016,CIN,COL,1,5,0,-127.0,117.0
2016-04-18,2016,STL,CHC,0,5,0,104.0,-114.0
2016-04-18,2016,SFG,ARI,7,9,0,-145.0,130.0
2016-04-18,2016,BOS,TOR,3,4,0,-105.0,-105.0
2016-04-18,2016,CHW,LAA,0,7,0,-117.0,107.0
2016-04-18,2016,MIN,MIL,7,4,1,-141.0,126.0
2016-04-19,2016,PHI,NYM,1,11,0,-101.0,-109.0
2016-04-19,2016,MIA,WSN,0,7,0,131.0,-146.0
2016-04-19,2016,ATL,LAD,8,1,1,185.0,-215.0
2016-04-19,2016,CIN,COL,4,3,1,-112.0,102.0
2016-04-19,2016,STL,CHC,1,2,0,-117.0,107.0
2016-04-19,2016,SDP,PIT,5,4,1,139.0,-154.0
2016-04-19,2016,SFG,ARI,0,3,0,-118.0,108.0
2016-04-19,2016,CLE,SEA,3,2,1,-151.0,136.0
2016-04-19,2016,NYY,ATH,2,3,0,-164.0,149.0
2016-04-19,2016,BAL,TOR,3,4,0,117.0,-132.0
2016-04-19,2016,BOS,TBR,0,3,0,102.0,-112.0
2016-04-19,2016,KCR,DET,8,6,1,-163.0,148.0
2016-04-19,2016,TEX,HOU,7,5,1,-107.0,-103.0
2016-04-19,2016,CHW,LAA,5,0,1,-114.0,104.0
2016-04-19,2016,MIN,MIL,5,6,0,-177.0,157.0
2016-04-20,2016,CIN,COL,6,5,1,-127.0,117.0
2016-04-20,2016,STL,CHC,5,3,1,-116.0,106.0
2016-04-20,2016,PHI,NYM,5,4,1,145.0,-160.0
2016-04-20,2016,MIA,WSN,1,3,0,-102.0,-108.0
2016-04-20,2016,ATL,LAD,3,5,0,140.0,-155.0
2016-04-20,2016,SDP,PIT,8,2,1,-101.0,-109.0
2016-04-20,2016,SFG,ARI,1,2,0,-145.0,130.0
2016-04-20,2016,CHW,LAA,2,1,1,-154.0,139.0
2016-04-20,2016,CLE,SEA,1,2,0,-129.0,119.0
2016-04-20,2016,NYY,ATH,2,5,0,-146.0,131.0
2016-04-20,2016,BAL,TOR,4,3,1,-117.0,107.0
2016-04-20,2016,BOS,TBR,7,3,1,-105.0,-105.0
2016-04-20,2016,KCR,DET,2,3,0,-132.0,117.0
2016-04-20,2016,TEX,HOU,2,1,1,-123.0,113.0
2016-04-20,2016,MIL,MIN,10,5,1,-140.0,125.0
2016-04-21,2016,MIA,WSN,5,1,1,175.0,-205.0
2016-04-21,2016,ATL,LAD,1,2,0,250.0,-290.0
2016-04-21,2016,SFG,ARI,2,6,0,-177.0,157.0
2016-04-21,2016,CIN,CHC,0,16,0,170.0,-200.0
2016-04-21,2016,SDP,PIT,1,11,0,140.0,-155.0
2016-04-21,2016,CLE,SEA,7,10,0,104.0,-114.0
2016-04-21,2016,CHW,LAA,2,3,0,-105.0,-105.0
2016-04-21,2016,BOS,TBR,8,12,0,-155.0,140.0
2016-04-21,2016,NYY,ATH,3,7,0,-125.0,115.0
2016-04-21,2016,BAL,TOR,3,2,1,113.0,-123.0
2016-04-21,2016,KCR,DET,4,0,1,-159.0,144.0
2016-04-21,2016,TEX,HOU,7,4,1,170.0,-190.0
2016-04-21,2016,MIL,MIN,1,8,0,-105.0,-105.0
2016-04-22,2016,ATL,NYM,3,6,0,170.0,-200.0
2016-04-22,2016,CIN,CHC,1,8,0,180.0,-210.0
2016-04-22,2016,MIL,PHI,2,5,0,-128.0,118.0
2016-04-22,2016,COL,LAD,7,5,1,114.0,-124.0
2016-04-22,2016,ARI,PIT,7,8,0,-128.0,118.0
2016-04-22,2016,SFG,MIA,8,1,1,-170.0,150.0
2016-04-22,2016,SDP,STL,4,1,1,125.0,-140.0
2016-04-22,2016,NYY,TBR,6,3,1,103.0,-113.0
2016-04-22,2016,TOR,ATH,5,8,0,-120.0,110.0
2016-04-22,2016,DET,CLE,1,2,0,-105.0,-105.0
2016-04-22,2016,CHW,TEX,5,0,1,-180.0,160.0
2016-04-22,2016,HOU,BOS,2,6,0,-144.0,129.0
2016-04-22,2016,KCR,BAL,4,2,1,-131.0,116.0
2016-04-22,2016,LAA,SEA,2,5,0,-105.0,-105.0
2016-04-22,2016,WSN,MIN,8,4,1,-163.0,148.0
2016-04-23,2016,CIN,CHC,13,5,1,154.0,-174.0
2016-04-23,2016,ATL,NYM,2,8,0,134.0,-149.0
2016-04-23,2016,MIL,PHI,6,10,0,-140.0,125.0
2016-04-23,2016,COL,LAD,1,4,0,107.0,-117.0
2016-04-23,2016,ARI,PIT,7,1,1,100.0,-110.0
2016-04-23,2016,SDP,STL,2,11,0,133.0,-148.0
2016-04-23,2016,SFG,MIA,7,2,1,109.0,-119.0
2016-04-23,2016,NYY,TBR,3,2,1,-163.0,148.0
2016-04-23,2016,TOR,ATH,9,3,1,-180.0,160.0
2016-04-23,2016,DET,CLE,1,10,0,106.0,-116.0
2016-04-23,2016,CHW,TEX,4,3,1,-142.0,127.0
2016-04-23,2016,HOU,BOS,8,3,1,-131.0,116.0
2016-04-23,2016,KCR,BAL,3,8,0,-119.0,109.0
2016-04-23,2016,LAA,SEA,4,2,1,-112.0,102.0
2016-04-23,2016,WSN,MIN,2,0,1,-123.0,113.0
2016-04-24,2016,CIN,CHC,0,9,0,151.0,-171.0
2016-04-24,2016,ATL,NYM,2,3,0,150.0,-170.0
2016-04-24,2016,MIL,PHI,8,5,1,-101.0,-109.0
2016-04-24,2016,SFG,MIA,4,5,0,100.0,-110.0
2016-04-24,2016,COL,LAD,10,12,0,114.0,-124.0
2016-04-24,2016,ARI,PIT,10,12,0,106.0,-116.0
2016-04-24,2016,SDP,STL,5,8,0,135.0,-150.0
2016-04-24,2016,NYY,TBR,1,8,0,-120.0,110.0
2016-04-24,2016,TOR,ATH,6,3,1,-195.0,175.0
2016-04-24,2016,DET,CLE,3,6,0,151.0,-171.0
2016-04-24,2016,CHW,TEX,4,1,1,-124.0,114.0
2016-04-24,2016,KCR,BAL,6,1,1,-141.0,126.0
2016-04-24,2016,LAA,SEA,4,9,0,-121.0,111.0
2016-04-24,2016,HOU,BOS,5,7,0,-105.0,-105.0
2016-04-24,2016,WSN,MIN,6,5,1,-163.0,148.0
2016-04-25,2016,NYM,CIN,5,3,1,-210.0,180.0
2016-04-25,2016,COL,PIT,1,6,0,-134.0,119.0
2016-04-25,2016,ARI,STL,12,7,1,-119.0,109.0
2016-04-25,2016,LAD,MIA,2,3,0,-108.0,-102.0
2016-04-25,2016,SFG,SDP,5,4,1,-180.0,160.0
2016-04-25,2016,TOR,CHW,5,7,0,-185.0,165.0
2016-04-25,2016,DET,ATH,7,3,1,-130.0,115.0
2016-04-25,2016,TBR,BAL,2,0,1,-124.0,114.0
2016-04-25,2016,TEX,NYY,1,3,0,109.0,-119.0
2016-04-25,2016,MIN,CLE,4,3,1,135.0,-150.0
2016-04-25,2016,LAA,KCR,6,1,1,-116.0,106.0
2016-04-25,2016,SEA,HOU,3,2,1,-143.0,128.0
2016-04-25,2016,ATL,BOS,0,1,0,115.0,-125.0
2016-04-26,2016,WSN,PHI,3,4,0,-200.0,170.0
2016-04-26,2016,NYM,CIN,4,3,1,-150.0,135.0
2016-04-26,2016,CHC,MIL,4,3,1,-230.0,200.0
2016-04-26,2016,COL,PIT,4,9,0,138.0,-153.0
2016-04-26,2016,ARI,STL,2,8,0,115.0,-125.0
2016-04-26,2016,LAD,MIA,3,6,0,-315.0,265.0
2016-04-26,2016,SFG,SDP,1,0,1,-215.0,185.0
2016-04-26,2016,TOR,CHW,1,10,0,115.0,-125.0
2016-04-26,2016,DET,ATH,1,5,0,119.0,-134.0
2016-04-26,2016,TBR,BAL,3,1,1,-119.0,109.0
2016-04-26,2016,TEX,NYY,10,1,1,105.0,-115.0
2016-04-26,2016,MIN,CLE,6,5,1,110.0,-120.0
2016-04-26,2016,LAA,KCR,9,4,1,117.0,-127.0
2016-04-26,2016,SEA,HOU,11,1,1,132.0,-147.0
2016-04-26,2016,ATL,BOS,4,11,0,200.0,-230.0
2016-04-27,2016,SFG,SDP,13,9,1,-202.0,172.0
2016-04-27,2016,WSN,PHI,0,3,0,-212.0,182.0
2016-04-27,2016,NYM,CIN,5,2,1,-205.0,175.0
2016-04-27,2016,COL,PIT,8,9,0,-118.0,108.0
2016-04-27,2016,ARI,STL,4,11,0,-119.0,109.0
2016-04-27,2016,LAD,MIA,0,2,0,-161.0,146.0
2016-04-27,2016,TOR,CHW,0,4,0,-120.0,110.0
2016-04-27,2016,DET,ATH,9,4,1,-101.0,-109.0
2016-04-27,2016,TBR,BAL,1,3,0,-115.0,105.0
2016-04-27,2016,TEX,NYY,3,2,1,-119.0,109.0
2016-04-27,2016,MIN,CLE,5,6,0,-105.0,-105.0
2016-04-27,2016,LAA,KCR,4,2,1,-127.0,117.0
2016-04-27,2016,SEA,HOU,4,7,0,-133.0,118.0
2016-04-27,2016,BOS,ATL,9,4,1,-210.0,180.0
2016-04-28,2016,CHC,MIL,7,2,1,-365.0,305.0
2016-04-28,2016,WSN,PHI,0,3,0,-140.0,125.0
2016-04-28,2016,ARI,STL,3,0,1,112.0,-122.0
2016-04-28,2016,LAD,MIA,3,5,0,-120.0,110.0
2016-04-28,2016,DET,ATH,7,3,1,-125.0,115.0
2016-04-28,2016,BAL,CHW,10,2,1,-148.0,133.0
2016-04-28,2016,BOS,ATL,3,5,0,-195.0,175.0
2016-04-29,2016,CHC,ATL,6,1,1,-290.0,250.0
2016-04-29,2016,PIT,CIN,4,1,1,-151.0,136.0
2016-04-29,2016,NYM,SFG,13,1,1,-141.0,126.0
2016-04-29,2016,MIL,MIA,3,6,0,-116.0,106.0
2016-04-29,2016,STL,WSN,4,5,0,130.0,-145.0
2016-04-29,2016,ARI,COL,0,9,0,-142.0,127.0
2016-04-29,2016,LAD,SDP,1,5,0,-175.0,155.0
2016-04-29,2016,BAL,CHW,6,3,1,-114.0,104.0
2016-04-29,2016,BOS,NYY,4,2,1,111.0,-121.0
2016-04-29,2016,TBR,TOR,1,6,0,-124.0,114.0
2016-04-29,2016,TEX,LAA,4,2,1,125.0,-140.0
2016-04-29,2016,MIN,DET,2,9,0,-125.0,115.0
2016-04-29,2016,ATH,HOU,7,4,1,105.0,-115.0
2016-04-29,2016,SEA,KCR,1,0,1,-146.0,131.0
2016-04-29,2016,PHI,CLE,4,3,1,175.0,-195.0
2016-04-30,2016,STL,WSN,1,6,0,-146.0,131.0
2016-04-30,2016,NYM,SFG,6,5,1,-171.0,151.0
2016-04-30,2016,PIT,CIN,5,1,1,-205.0,175.0
2016-04-30,2016,MIL,MIA,5,7,0,111.0,-121.0
2016-04-30,2016,ARI,COL,2,5,0,-210.0,180.0
2016-04-30,2016,LAD,SDP,2,5,0,-195.0,175.0
2016-04-30,2016,MIN,DET,1,4,0,106.0,-116.0
2016-04-30,2016,ATH,HOU,2,0,1,-110.0,100.0
2016-04-30,2016,TBR,TOR,4,3,1,-124.0,114.0
2016-04-30,2016,BAL,CHW,7,8,0,-171.0,151.0
2016-04-30,2016,BOS,NYY,8,0,1,-119.0,109.0
2016-04-30,2016,TEX,LAA,7,2,1,-103.0,-107.0
2016-04-30,2016,SEA,KCR,6,0,1,101.0,-111.0
2016-04-30,2016,PHI,CLE,4,3,1,109.0,-119.0
2016-05-01,2016,NYM,SFG,1,6,0,-124.0,114.0
2016-05-01,2016,PIT,CIN,5,6,0,-150.0,135.0
2016-05-01,2016,MIL,MIA,14,5,1,100.0,-110.0
2016-05-01,2016,STL,WSN,1,6,0,106.0,-116.0
2016-05-01,2016,CHC,ATL,3,4,0,-205.0,175.0
2016-05-01,2016,LAD,SDP,1,0,1,-290.0,250.0
2016-05-01,2016,ARI,COL,3,6,0,-105.0,-105.0
2016-05-01,2016,TBR,TOR,1,5,0,109.0,-119.0
2016-05-01,2016,BAL,CHW,1,7,0,100.0,-110.0
2016-05-01,2016,MIN,DET,5,6,0,-141.0,126.0
2016-05-01,2016,TEX,LAA,6,9,0,-115.0,105.0
2016-05-01,2016,ATH,HOU,1,2,0,-152.0,137.0
2016-05-01,2016,SEA,KCR,1,4,0,-117.0,107.0
2016-05-01,2016,BOS,NYY,8,7,1,-167.0,152.0
2016-05-01,2016,PHI,CLE,2,1,1,115.0,-125.0
2016-05-02,2016,PIT,CHC,2,7,0,-144.0,129.0
2016-05-02,2016,CIN,SFG,6,9,0,150.0,-170.0
2016-05-02,2016,NYM,ATL,4,1,1,-200.0,170.0
2016-05-02,2016,STL,PHI,10,3,1,-170.0,150.0
2016-05-02,2016,SDP,COL,2,1,1,108.0,-118.0
2016-05-02,2016,TOR,TEX,1,2,0,-160.0,145.0
2016-05-02,2016,HOU,MIN,2,6,0,-176.0,156.0
2016-05-02,2016,ATH,SEA,3,4,0,-108.0,-102.0
2016-05-02,2016,MIL,LAA,8,5,1,-106.0,-104.0
2016-05-02,2016,KCR,WSN,0,2,0,-122.0,112.0
2016-05-03,2016,PIT,CHC,1,7,0,153.0,-173.0
2016-05-03,2016,MIA,ARI,7,4,1,111.0,-121.0
2016-05-03,2016,CIN,SFG,1,3,0,119.0,-129.0
2016-05-03,2016,NYM,ATL,0,3,0,-230.0,200.0
2016-05-03,2016,STL,PHI,0,1,0,-174.0,154.0
2016-05-03,2016,SDP,COL,6,3,1,-110.0,100.0
2016-05-03,2016,CLE,DET,7,3,1,-129.0,119.0
2016-05-03,2016,BAL,NYY,4,1,1,-113.0,103.0
2016-05-03,2016,TOR,TEX,3,1,1,-183.0,163.0
2016-05-03,2016,CHW,BOS,4,1,1,-143.0,128.0
2016-05-03,2016,HOU,MIN,6,4,1,-156.0,141.0
2016-05-03,2016,ATH,SEA,2,8,0,-117.0,107.0
2016-05-03,2016,TBR,LAD,5,10,0,-147.0,132.0
2016-05-03,2016,MIL,LAA,5,4,1,117.0,-132.0
2016-05-03,2016,KCR,WSN,7,6,1,-119.0,109.0
2016-05-04,2016,CIN,SFG,7,4,1,-111.0,101.0
2016-05-04,2016,PIT,CHC,2,6,0,117.0,-127.0
2016-05-04,2016,NYM,ATL,8,0,1,-195.0,175.0
2016-05-04,2016,SDP,COL,0,2,0,110.0,-120.0
2016-05-04,2016,MIA,ARI,4,3,1,-176.0,156.0
2016-05-04,2016,STL,PHI,5,4,1,-160.0,145.0
2016-05-04,2016,ATH,SEA,8,9,0,101.0,-111.0
2016-05-04,2016,CLE,DET,4,0,1,-185.0,165.0
2016-05-04,2016,BAL,NYY,0,7,0,-129.0,119.0
2016-05-04,2016,TOR,TEX,4,3,1,-200.0,170.0
2016-05-04,2016,HOU,MIN,16,4,1,-162.0,147.0
2016-05-04,2016,CHW,BOS,2,5,0,-119.0,109.0
2016-05-04,2016,MIL,LAA,3,7,0,130.0,-145.0
2016-05-04,2016,KCR,WSN,2,13,0,135.0,-150.0
2016-05-04,2016,TBR,LAD,8,5,1,-160.0,145.0
2016-05-05,2016,STL,PHI,4,0,1,-185.0,165.0
2016-05-05,2016,MIA,ARI,4,0,1,-132.0,117.0
2016-05-05,2016,CIN,MIL,9,5,1,-110.0,100.0
2016-05-05,2016,CHC,WSN,5,2,1,-142.0,127.0
2016-05-05,2016,SDP,NYM,5,3,1,170.0,-200.0
2016-05-05,2016,SFG,COL,7,17,0,-128.0,118.0
2016-05-05,2016,CLE,DET,9,4,1,-127.0,117.0
2016-05-05,2016,BAL,NYY,1,0,1,-107.0,-103.0
2016-05-05,2016,TOR,TEX,12,2,1,-200.0,170.0
2016-05-05,2016,HOU,SEA,3,6,0,-133.0,118.0
2016-05-05,2016,CHW,BOS,3,7,0,-105.0,-105.0
2016-05-06,2016,CHC,WSN,8,6,1,-103.0,-107.0
2016-05-06,2016,MIA,PHI,6,4,1,-140.0,125.0
2016-05-06,2016,CIN,MIL,5,1,1,-129.0,119.0
2016-05-06,2016,ATL,ARI,2,7,0,149.0,-164.0
2016-05-06,2016,STL,PIT,2,4,0,-127.0,117.0
2016-05-06,2016,SFG,COL,6,4,1,-205.0,175.0
2016-05-06,2016,SDP,NYM,2,0,1,145.0,-160.0
2016-05-06,2016,NYY,BOS,3,2,1,-106.0,-104.0
2016-05-06,2016,DET,TEX,1,5,0,-113.0,103.0
2016-05-06,2016,CLE,KCR,7,1,1,-138.0,123.0
2016-05-06,2016,CHW,MIN,10,4,1,-131.0,116.0
2016-05-06,2016,HOU,SEA,6,3,1,102.0,-112.0
2016-05-06,2016,LAA,TBR,2,5,0,119.0,-134.0
2016-05-06,2016,TOR,LAD,5,2,1,-129.0,119.0
2016-05-07,2016,STL,PIT,6,4,1,-140.0,125.0
2016-05-07,2016,CHC,WSN,8,5,1,-145.0,130.0
2016-05-07,2016,SFG,COL,2,1,1,-185.0,165.0
2016-05-07,2016,CIN,MIL,7,13,0,-112.0,102.0
2016-05-07,2016,MIA,PHI,3,4,0,-133.0,118.0
2016-05-07,2016,ATL,ARI,2,4,0,-121.0,111.0
2016-05-07,2016,SDP,NYM,3,6,0,118.0,-133.0
2016-05-07,2016,NYY,BOS,8,2,1,140.0,-155.0
2016-05-07,2016,DET,TEX,5,10,0,-104.0,-106.0
2016-05-07,2016,CLE,KCR,0,7,0,-101.0,-109.0
2016-05-07,2016,BAL,ATH,5,2,1,-120.0,110.0
2016-05-07,2016,HOU,SEA,2,3,0,-164.0,149.0
2016-05-07,2016,CHW,MIN,7,2,1,-210.0,180.0
2016-05-07,2016,LAA,TBR,2,4,0,115.0,-125.0
2016-05-07,2016,TOR,LAD,2,6,0,135.0,-150.0
2016-05-07,2016,BAL,ATH,4,8,0,115.0,-125.0
2016-05-08,2016,MIA,PHI,5,6,0,109.0,-119.0
2016-05-08,2016,CIN,MIL,4,5,0,109.0,-119.0
2016-05-08,2016,ATL,ARI,3,5,0,125.0,-140.0
2016-05-08,2016,STL,PIT,5,10,0,-115.0,105.0
2016-05-08,2016,CHC,WSN,4,3,1,-230.0,200.0
2016-05-08,2016,SFG,COL,0,2,0,-195.0,175.0
2016-05-08,2016,SDP,NYM,3,4,0,135.0,-150.0
2016-05-08,2016,DET,TEX,3,8,0,-129.0,119.0
2016-05-08,2016,CLE,KCR,5,4,1,-129.0,119.0
2016-05-08,2016,BAL,ATH,11,3,1,-155.0,140.0
2016-05-08,2016,HOU,SEA,5,1,1,101.0,-111.0
2016-05-08,2016,CHW,MIN,3,1,1,-195.0,175.0
2016-05-08,2016,LAA,TBR,1,3,0,-124.0,114.0
2016-05-08,2016,NYY,BOS,1,5,0,-114.0,104.0
2016-05-08,2016,TOR,LAD,2,4,0,-155.0,140.0
2016-05-09,2016,MIA,MIL,4,1,1,-285.0,245.0
2016-05-09,2016,CIN,PIT,3,2,1,111.0,-121.0
2016-05-09,2016,COL,ARI,5,10,0,-171.0,151.0
2016-05-09,2016,LAD,NYM,2,4,0,-105.0,-105.0
2016-05-09,2016,NYY,KCR,6,3,1,-130.0,115.0
2016-05-09,2016,BOS,ATH,14,7,1,-130.0,115.0
2016-05-09,2016,TEX,CHW,4,8,0,-116.0,106.0
2016-05-09,2016,HOU,CLE,7,1,1,103.0,-113.0
2016-05-09,2016,SEA,TBR,5,2,1,-126.0,116.0
2016-05-09,2016,WSN,DET,5,4,1,-215.0,185.0
2016-05-09,2016,SFG,TOR,1,3,0,118.0,-133.0
2016-05-10,2016,ATL,PHI,2,3,0,-119.0,109.0
2016-05-10,2016,MIA,MIL,2,10,0,-163.0,148.0
2016-05-10,2016,CHC,SDP,8,7,1,-265.0,225.0
2016-05-10,2016,COL,ARI,1,5,0,-124.0,114.0
2016-05-10,2016,LAD,NYM,3,2,1,-117.0,107.0
2016-05-10,2016,NYY,KCR,10,7,1,-174.0,154.0
2016-05-10,2016,BOS,ATH,13,5,1,-106.0,-104.0
2016-05-10,2016,TEX,CHW,13,11,1,106.0,-116.0
2016-05-10,2016,HOU,CLE,0,4,0,-127.0,117.0
2016-05-10,2016,MIN,BAL,3,5,0,115.0,-125.0
2016-05-10,2016,SEA,TBR,6,4,1,118.0,-128.0
2016-05-10,2016,WSN,DET,4,5,0,-179.0,159.0
2016-05-10,2016,LAA,STL,1,8,0,-118.0,108.0
2016-05-10,2016,SFG,TOR,0,4,0,116.0,-126.0
2016-05-11,2016,COL,ARI,8,7,1,-126.0,116.0
2016-05-11,2016,MIA,MIL,3,2,1,-156.0,141.0
2016-05-11,2016,ATL,PHI,5,1,1,107.0,-117.0
2016-05-11,2016,CIN,PIT,4,5,0,127.0,-142.0
2016-05-11,2016,CHC,SDP,0,1,0,-210.0,180.0
2016-05-11,2016,LAD,NYM,3,4,0,-101.0,-109.0
2016-05-11,2016,MIN,BAL,2,9,0,108.0,-118.0
2016-05-11,2016,TEX,CHW,6,5,1,-149.0,134.0
2016-05-11,2016,HOU,CLE,5,3,1,127.0,-142.0
2016-05-11,2016,SEA,TBR,6,5,1,-120.0,110.0
2016-05-11,2016,NYY,KCR,3,7,0,-130.0,115.0
2016-05-11,2016,BOS,ATH,13,3,1,-200.0,170.0
2016-05-11,2016,SFG,TOR,5,4,1,-119.0,109.0
2016-05-11,2016,WSN,DET,3,2,1,-173.0,153.0
2016-05-11,2016,LAA,STL,2,5,0,132.0,-147.0
2016-05-11,2016,CHC,SDP,4,7,0,-255.0,215.0
2016-05-12,2016,ATL,PHI,4,7,0,115.0,-130.0
2016-05-12,2016,MIL,SDP,0,3,0,-140.0,125.0
2016-05-12,2016,ARI,SFG,2,4,0,-102.0,-108.0
2016-05-12,2016,LAD,NYM,5,0,1,-270.0,230.0
2016-05-12,2016,NYY,KCR,7,3,1,-134.0,119.0
2016-05-12,2016,BAL,DET,7,5,1,-175.0,155.0
2016-05-12,2016,BOS,HOU,11,1,1,-147.0,132.0
2016-05-12,2016,LAA,STL,10,12,0,113.0,-123.0
2016-05-13,2016,CHC,PIT,9,4,1,-141.0,126.0
2016-05-13,2016,WSN,MIA,5,3,1,-170.0,150.0
2016-05-13,2016,PHI,CIN,3,2,1,-114.0,104.0
2016-05-13,2016,MIL,SDP,1,0,1,-184.0,164.0
2016-05-13,2016,COL,NYM,5,2,1,103.0,-113.0
2016-05-13,2016,ARI,SFG,1,3,0,152.0,-172.0
2016-05-13,2016,LAD,STL,8,4,1,107.0,-117.0
2016-05-13,2016,NYY,CHW,1,7,0,125.0,-140.0
2016-05-13,2016,BAL,DET,1,0,1,-131.0,116.0
2016-05-13,2016,CLE,MIN,7,6,1,-155.0,140.0
2016-05-13,2016,BOS,HOU,6,7,0,-131.0,116.0
2016-05-13,2016,TBR,ATH,3,6,0,-115.0,105.0
2016-05-13,2016,TEX,TOR,0,5,0,117.0,-127.0
2016-05-13,2016,SEA,LAA,6,7,0,-159.0,144.0
2016-05-13,2016,KCR,ATL,5,1,1,-175.0,155.0
2016-05-14,2016,CHC,PIT,8,2,1,-290.0,250.0
2016-05-14,2016,WSN,MIA,1,7,0,-130.0,115.0
2016-05-14,2016,PHI,CIN,4,3,1,-155.0,140.0
2016-05-14,2016,MIL,SDP,7,8,0,-130.0,115.0
2016-05-14,2016,COL,NYM,7,4,1,116.0,-131.0
2016-05-14,2016,ARI,SFG,3,5,0,-127.0,117.0
2016-05-14,2016,LAD,STL,5,3,1,-104.0,-106.0
2016-05-14,2016,NYY,CHW,2,1,1,135.0,-150.0
2016-05-14,2016,BOS,HOU,6,5,1,-116.0,106.0
2016-05-14,2016,CLE,MIN,3,6,0,-200.0,170.0
2016-05-14,2016,TBR,ATH,6,0,1,-144.0,129.0
2016-05-14,2016,BAL,DET,9,3,1,-132.0,117.0
2016-05-14,2016,TEX,TOR,6,5,1,126.0,-141.0
2016-05-14,2016,SEA,LAA,7,9,0,-158.0,143.0
2016-05-14,2016,KCR,ATL,0,5,0,-200.0,170.0
2016-05-14,2016,WSN,MIA,6,4,1,-270.0,230.0
2016-05-15,2016,WSN,MIA,1,5,0,113.0,-123.0
2016-05-15,2016,PHI,CIN,4,9,0,-119.0,109.0
2016-05-15,2016,MIL,SDP,3,2,1,-120.0,110.0
2016-05-15,2016,CHC,PIT,1,2,0,-142.0,127.0
2016-05-15,2016,COL,NYM,4,3,1,111.0,-121.0
2016-05-15,2016,ARI,SFG,1,2,0,-120.0,110.0
2016-05-15,2016,LAD,STL,2,5,0,-134.0,119.0
2016-05-15,2016,NYY,CHW,7,5,1,-174.0,154.0
2016-05-15,2016,CLE,MIN,1,5,0,-122.0,112.0
2016-05-15,2016,TBR,ATH,6,7,0,-145.0,130.0
2016-05-15,2016,BAL,DET,5,6,0,-170.0,150.0
2016-05-15,2016,BOS,HOU,10,9,1,106.0,-116.0
2016-05-15,2016,TEX,TOR,7,6,1,149.0,-164.0
2016-05-15,2016,SEA,LAA,0,3,0,-145.0,130.0
2016-05-15,2016,KCR,ATL,4,2,1,-235.0,205.0
2016-05-16,2016,PIT,ATL,8,5,1,-195.0,175.0
2016-05-16,2016,PHI,MIA,3,5,0,114.0,-124.0
2016-05-16,2016,TOR,TBR,2,13,0,-134.0,119.0
2016-05-16,2016,DET,MIN,10,8,1,-135.0,120.0
2016-05-16,2016,ATH,TEX,3,1,1,-140.0,125.0
2016-05-16,2016,CLE,CIN,15,6,1,-180.0,160.0
2016-05-16,2016,ARI,NYY,12,2,1,-122.0,112.0
2016-05-16,2016,LAD,LAA,6,7,0,-200.0,170.0
2016-05-17,2016,PHI,MIA,3,1,1,-105.0,-105.0
2016-05-17,2016,PIT,ATL,12,9,1,-174.0,154.0
2016-05-17,2016,NYM,WSN,2,0,1,-101.0,-109.0
2016-05-17,2016,MIL,CHC,4,2,1,170.0,-200.0
2016-05-17,2016,STL,COL,1,3,0,-184.0,164.0
2016-05-17,2016,SDP,SFG,1,5,0,165.0,-185.0
2016-05-17,2016,BAL,SEA,0,10,0,-121.0,111.0
2016-05-17,2016,TOR,TBR,2,12,0,-148.0,133.0
2016-05-17,2016,DET,MIN,7,2,1,-121.0,111.0
2016-05-17,2016,CHW,HOU,5,6,0,118.0,-128.0
2016-05-17,2016,KCR,BOS,8,4,1,116.0,-131.0
2016-05-17,2016,ATH,TEX,8,5,1,107.0,-117.0
2016-05-17,2016,CLE,CIN,13,1,1,-260.0,220.0
2016-05-17,2016,ARI,NYY,5,3,1,-109.0,-101.0
2016-05-17,2016,LAD,LAA,5,1,1,-340.0,290.0
2016-05-18,2016,PHI,MIA,4,2,1,108.0,-118.0
2016-05-18,2016,PIT,ATL,1,3,0,-182.0,162.0
2016-05-18,2016,NYM,WSN,1,7,0,-105.0,-105.0
2016-05-18,2016,MIL,CHC,1,2,0,160.0,-180.0
2016-05-18,2016,STL,COL,2,0,1,-175.0,155.0
2016-05-18,2016,SDP,SFG,1,2,0,119.0,-134.0
2016-05-18,2016,DET,MIN,6,3,1,-158.0,143.0
2016-05-18,2016,KCR,BOS,3,2,1,105.0,-115.0
2016-05-18,2016,ATH,TEX,8,1,1,-147.0,132.0
2016-05-18,2016,BAL,SEA,5,2,1,-112.0,102.0
2016-05-18,2016,TOR,TBR,3,6,0,-110.0,100.0
2016-05-18,2016,CHW,HOU,3,5,0,-104.0,-106.0
2016-05-18,2016,CIN,CLE,7,8,0,105.0,-115.0
2016-05-18,2016,ARI,NYY,2,4,0,146.0,-161.0
2016-05-18,2016,LAA,LAD,8,1,1,-111.0,101.0
2016-05-18,2016,KCR,BOS,2,5,0,149.0,-164.0
2016-05-19,2016,MIL,CHC,5,3,1,175.0,-205.0
2016-05-19,2016,PIT,ATL,8,2,1,-180.0,160.0
2016-05-19,2016,NYM,WSN,1,9,0,110.0,-120.0
2016-05-19,2016,STL,COL,13,7,1,-134.0,119.0
2016-05-19,2016,SDP,SFG,1,3,0,139.0,-154.0
2016-05-19,2016,BAL,SEA,2,7,0,-105.0,-105.0
2016-05-19,2016,CHW,HOU,2,1,1,-162.0,147.0
2016-05-19,2016,MIN,TOR,2,3,0,116.0,-131.0
2016-05-19,2016,ATH,NYY,1,4,0,-109.0,-101.0
2016-05-19,2016,CIN,CLE,2,7,0,105.0,-115.0
2016-05-19,2016,LAA,LAD,7,4,1,-117.0,107.0
2016-05-20,2016,PIT,COL,2,1,1,-200.0,170.0
2016-05-20,2016,PHI,ATL,1,7,0,-170.0,150.0
2016-05-20,2016,MIA,WSN,1,4,0,130.0,-145.0
2016-05-20,2016,NYM,MIL,3,2,1,-252.0,212.0
2016-05-20,2016,STL,ARI,7,11,0,-160.0,145.0
2016-05-20,2016,SFG,CHC,1,8,0,175.0,-195.0
2016-05-20,2016,SDP,LAD,7,6,1,134.0,-149.0
2016-05-20,2016,DET,TBR,5,7,0,101.0,-111.0
2016-05-20,2016,BOS,CLE,2,4,0,105.0,-115.0
2016-05-20,2016,HOU,TEX,1,2,0,-164.0,149.0
2016-05-20,2016,CHW,KCR,1,4,0,-160.0,145.0
2016-05-20,2016,MIN,TOR,3,9,0,114.0,-124.0
2016-05-20,2016,ATH,NYY,3,8,0,-140.0,125.0
2016-05-20,2016,LAA,BAL,4,9,0,-125.0,115.0
2016-05-20,2016,CIN,SEA,3,8,0,116.0,-131.0
2016-05-21,2016,STL,ARI,6,2,1,-160.0,145.0
2016-05-21,2016,PHI,ATL,0,2,0,-144.0,129.0
2016-05-21,2016,PIT,COL,1,5,0,-121.0,111.0
2016-05-21,2016,NYM,MIL,5,4,1,-205.0,175.0
2016-05-21,2016,MIA,WSN,3,2,1,-142.0,127.0
2016-05-21,2016,SFG,CHC,5,3,1,145.0,-160.0
2016-05-21,2016,SDP,LAD,3,2,1,154.0,-174.0
2016-05-21,2016,CHW,KCR,1,2,0,119.0,-134.0
2016-05-21,2016,MIN,TOR,5,3,1,155.0,-175.0
2016-05-21,2016,ATH,NYY,1,5,0,133.0,-148.0
2016-05-21,2016,BOS,CLE,9,1,1,-150.0,135.0
2016-05-21,2016,DET,TBR,5,4,1,111.0,-121.0
2016-05-21,2016,HOU,TEX,1,2,0,-183.0,163.0
2016-05-21,2016,LAA,BAL,1,3,0,128.0,-143.0
2016-05-21,2016,CIN,SEA,0,4,0,145.0,-160.0
2016-05-22,2016,MIA,WSN,2,8,0,158.0,-178.0
2016-05-22,2016,NYM,MIL,3,1,1,-235.0,205.0
2016-05-22,2016,PHI,ATL,5,0,1,-151.0,136.0
2016-05-22,2016,STL,ARI,2,7,0,-128.0,118.0
2016-05-22,2016,SDP,LAD,5,9,0,151.0,-171.0
2016-05-22,2016,SFG,CHC,1,0,1,-148.0,133.0
2016-05-22,2016,DET,TBR,9,4,1,-113.0,103.0
2016-05-22,2016,BOS,CLE,5,2,1,-115.0,105.0
2016-05-22,2016,HOU,TEX,2,9,0,-155.0,140.0
2016-05-22,2016,CHW,KCR,3,2,1,-126.0,116.0
2016-05-22,2016,MIN,TOR,1,3,0,155.0,-175.0
2016-05-22,2016,LAA,BAL,10,2,1,101.0,-111.0
2016-05-22,2016,ATH,NYY,4,5,0,130.0,-145.0
2016-05-22,2016,CIN,SEA,4,5,0,137.0,-152.0
2016-05-23,2016,WSN,NYM,1,7,0,-159.0,144.0
2016-05-23,2016,STL,CHC,4,3,1,-106.0,-104.0
2016-05-23,2016,LAD,CIN,1,0,1,-405.0,325.0
2016-05-23,2016,SFG,SDP,1,0,1,-176.0,156.0
2016-05-23,2016,TEX,LAA,0,2,0,-105.0,-105.0
2016-05-23,2016,CHW,CLE,1,5,0,-113.0,103.0
2016-05-23,2016,MIN,KCR,4,10,0,116.0,-126.0
2016-05-23,2016,SEA,ATH,0,5,0,-125.0,115.0
2016-05-23,2016,DET,PHI,5,4,1,-120.0,110.0
2016-05-23,2016,MIA,TBR,7,6,1,-117.0,107.0
2016-05-23,2016,CHW,CLE,7,6,1,-109.0,-101.0
2016-05-23,2016,PIT,COL,6,3,1,-132.0,117.0
2016-05-24,2016,WSN,NYM,7,4,1,-172.0,152.0
2016-05-24,2016,PIT,ARI,12,1,1,-170.0,150.0
2016-05-24,2016,ATL,MIL,1,2,0,-116.0,106.0
2016-05-24,2016,STL,CHC,3,12,0,106.0,-116.0
2016-05-24,2016,LAD,CIN,8,2,1,-170.0,150.0
2016-05-24,2016,SFG,SDP,8,2,1,-240.0,200.0
2016-05-24,2016,NYY,TOR,6,0,1,-133.0,118.0
2016-05-24,2016,TEX,LAA,4,1,1,-111.0,101.0
2016-05-24,2016,CHW,CLE,2,6,0,-179.0,159.0
2016-05-24,2016,HOU,BAL,3,2,1,107.0,-117.0
2016-05-24,2016,MIN,KCR,4,7,0,-102.0,-108.0
2016-05-24,2016,SEA,ATH,6,5,1,-170.0,150.0
2016-05-24,2016,MIA,TBR,3,4,0,110.0,-120.0
2016-05-24,2016,DET,PHI,3,1,1,-184.0,164.0
2016-05-24,2016,BOS,COL,8,3,1,-290.0,250.0
2016-05-25,2016,WSN,NYM,0,2,0,-105.0,-105.0
2016-05-25,2016,STL,CHC,8,9,0,165.0,-185.0
2016-05-25,2016,SFG,SDP,4,3,1,-124.0,114.0
2016-05-25,2016,PIT,ARI,5,4,1,-118.0,108.0
2016-05-25,2016,ATL,MIL,2,3,0,112.0,-122.0
2016-05-25,2016,LAD,CIN,3,1,1,-195.0,175.0
2016-05-25,2016,MIN,KCR,7,5,1,-134.0,119.0
2016-05-25,2016,TEX,LAA,15,9,1,-108.0,-102.0
2016-05-25,2016,CHW,CLE,3,4,0,-115.0,105.0
2016-05-25,2016,NYY,TOR,4,8,0,101.0,-111.0
2016-05-25,2016,HOU,BAL,4,3,1,-140.0,125.0
2016-05-25,2016,SEA,ATH,13,3,1,-185.0,165.0
2016-05-25,2016,DET,PHI,5,8,0,-114.0,104.0
2016-05-25,2016,BOS,COL,10,3,1,-200.0,170.0
2016-05-25,2016,TBR,MIA,3,4,0,-235.0,205.0
2016-05-26,2016,PIT,ARI,8,3,1,-185.0,165.0
2016-05-26,2016,WSN,STL,2,1,1,-148.0,133.0
2016-05-26,2016,ATL,MIL,2,6,0,-134.0,119.0
2016-05-26,2016,NYY,TOR,1,3,0,111.0,-121.0
2016-05-26,2016,HOU,BAL,4,2,1,-119.0,109.0
2016-05-26,2016,TBR,MIA,1,9,0,-123.0,113.0
2016-05-26,2016,BOS,COL,2,8,0,-158.0,143.0
2016-05-27,2016,CHC,PHI,6,2,1,-290.0,250.0
2016-05-27,2016,WSN,STL,2,6,0,-164.0,149.0
2016-05-27,2016,NYM,LAD,6,5,1,-110.0,100.0
2016-05-27,2016,ATL,MIA,4,2,1,106.0,-116.0
2016-05-27,2016,MIL,CIN,9,5,1,-132.0,117.0
2016-05-27,2016,COL,SFG,5,2,1,-140.0,125.0
2016-05-27,2016,ARI,SDP,3,10,0,-180.0,160.0
2016-05-27,2016,TOR,BOS,7,5,1,-148.0,133.0
2016-05-27,2016,CLE,BAL,4,6,0,-120.0,110.0
2016-05-27,2016,TBR,NYY,1,4,0,119.0,-129.0
2016-05-27,2016,KCR,CHW,7,5,1,-150.0,135.0
2016-05-27,2016,LAA,HOU,7,2,1,101.0,-111.0
2016-05-27,2016,ATH,DET,1,4,0,115.0,-130.0
2016-05-27,2016,SEA,MIN,2,7,0,-230.0,200.0
2016-05-27,2016,TEX,PIT,1,9,0,-130.0,115.0
2016-05-28,2016,CHC,PHI,4,1,1,-270.0,230.0
2016-05-28,2016,ATL,MIA,7,2,1,111.0,-121.0
2016-05-28,2016,MIL,CIN,6,7,0,-149.0,134.0
2016-05-28,2016,COL,SFG,5,10,0,166.0,-186.0
2016-05-28,2016,NYM,LAD,1,9,0,-140.0,125.0
2016-05-28,2016,WSN,STL,4,9,0,-105.0,-105.0
2016-05-28,2016,ARI,SDP,8,7,1,-200.0,170.0
2016-05-28,2016,TOR,BOS,10,9,1,-140.0,125.0
2016-05-28,2016,KCR,CHW,8,7,1,-108.0,-102.0
2016-05-28,2016,ATH,DET,12,3,1,-119.0,109.0
2016-05-28,2016,CLE,BAL,11,4,1,-155.0,140.0
2016-05-28,2016,TBR,NYY,9,5,1,-105.0,-105.0
2016-05-28,2016,LAA,HOU,2,4,0,116.0,-126.0
2016-05-28,2016,SEA,MIN,5,6,0,-156.0,141.0
2016-05-28,2016,TEX,PIT,5,2,1,-140.0,125.0
2016-05-29,2016,WSN,STL,10,2,1,-230.0,200.0
2016-05-29,2016,MIL,CIN,5,4,1,-141.0,126.0
2016-05-29,2016,CHC,PHI,7,2,1,-205.0,175.0
2016-05-29,2016,ARI,SDP,6,3,1,-106.0,-104.0
2016-05-29,2016,COL,SFG,3,8,0,147.0,-162.0
2016-05-29,2016,ATL,MIA,3,7,0,-129.0,119.0
2016-05-29,2016,NYM,LAD,2,4,0,220.0,-260.0
2016-05-29,2016,TOR,BOS,3,5,0,125.0,-140.0
2016-05-29,2016,CLE,BAL,4,6,0,127.0,-142.0
2016-05-29,2016,TBR,NYY,1,2,0,101.0,-111.0
2016-05-29,2016,KCR,CHW,5,4,1,135.0,-150.0
2016-05-29,2016,LAA,HOU,6,8,0,-131.0,116.0
2016-05-29,2016,ATH,DET,4,2,1,-149.0,134.0
2016-05-29,2016,SEA,MIN,4,5,0,-195.0,175.0
2016-05-29,2016,TEX,PIT,6,2,1,125.0,-140.0
2016-05-30,2016,ATL,SFG,5,3,1,140.0,-155.0
2016-05-30,2016,MIL,STL,0,6,0,126.0,-141.0
2016-05-30,2016,CHC,LAD,2,0,1,-128.0,118.0
2016-05-30,2016,COL,CIN,8,11,0,-140.0,125.0
2016-05-30,2016,PHI,WSN,3,4,0,140.0,-155.0
2016-05-30,2016,MIA,PIT,0,10,0,140.0,-155.0
2016-05-30,2016,BAL,BOS,2,7,0,100.0,-110.0
2016-05-30,2016,ATH,MIN,3,2,1,-128.0,118.0
2016-05-30,2016,CLE,TEX,2,9,0,-164.0,149.0
2016-05-30,2016,TOR,NYY,4,2,1,-145.0,130.0
2016-05-30,2016,KCR,TBR,6,2,1,-120.0,110.0
2016-05-30,2016,LAA,DET,5,1,1,-102.0,-108.0
2016-05-30,2016,NYM,CHW,1,0,1,107.0,-117.0
2016-05-30,2016,SEA,SDP,9,3,1,-226.0,196.0
2016-05-30,2016,ARI,HOU,3,8,0,135.0,-150.0
2016-05-31,2016,PHI,WSN,1,5,0,-110.0,100.0
2016-05-31,2016,MIA,PIT,3,1,1,-122.0,112.0
2016-05-31,2016,ATL,SFG,0,4,0,117.0,-127.0
2016-05-31,2016,CHC,LAD,0,5,0,-215.0,185.0
2016-05-31,2016,MIL,STL,3,10,0,131.0,-146.0
2016-05-31,2016,COL,CIN,17,4,1,-230.0,200.0
2016-05-31,2016,CLE,TEX,3,7,0,-205.0,175.0
2016-05-31,2016,BAL,BOS,2,6,0,-119.0,109.0
2016-05-31,2016,TOR,NYY,4,1,1,-173.0,153.0
2016-05-31,2016,KCR,TBR,10,5,1,115.0,-125.0
2016-05-31,2016,LAA,DET,11,9,1,-105.0,-105.0
2016-05-31,2016,ATH,MIN,7,4,1,-102.0,-108.0
2016-05-31,2016,ARI,HOU,5,8,0,127.0,-142.0
2016-05-31,2016,SEA,SDP,16,4,1,-195.0,175.0
2016-05-31,2016,NYM,CHW,4,6,0,-179.0,159.0
2016-06-01,2016,MIL,STL,3,1,1,155.0,-175.0
2016-06-01,2016,PHI,WSN,2,7,0,205.0,-235.0
2016-06-01,2016,ATL,SFG,5,4,1,119.0,-134.0
2016-06-01,2016,MIA,PIT,3,2,1,-113.0,103.0
2016-06-01,2016,CHC,LAD,2,1,1,-208.0,178.0
2016-06-01,2016,COL,CIN,2,7,0,-200.0,170.0
2016-06-01,2016,ATH,MIN,5,1,1,-170.0,150.0
2016-06-01,2016,CLE,TEX,5,4,1,103.0,-113.0
2016-06-01,2016,LAA,DET,0,3,0,-115.0,105.0
2016-06-01,2016,BAL,BOS,13,9,1,-110.0,100.0
2016-06-01,2016,TOR,NYY,7,0,1,-101.0,-109.0
2016-06-01,2016,KCR,TBR,6,3,1,-119.0,109.0
2016-06-01,2016,NYM,CHW,1,2,0,-170.0,150.0
2016-06-01,2016,HOU,ARI,5,4,1,-201.0,171.0
2016-06-01,2016,SDP,SEA,14,6,1,114.0,-124.0
2016-06-02,2016,ATL,SFG,0,6,0,215.0,-255.0
2016-06-02,2016,CHC,LAD,7,2,1,-175.0,155.0
2016-06-02,2016,PHI,MIL,1,4,0,100.0,-110.0
2016-06-02,2016,MIA,PIT,4,3,1,114.0,-124.0
2016-06-02,2016,COL,CIN,4,11,0,-160.0,145.0
2016-06-02,2016,BAL,BOS,12,7,1,115.0,-125.0
2016-06-02,2016,CLE,KCR,5,4,1,-200.0,170.0
2016-06-02,2016,MIN,TBR,6,4,1,101.0,-111.0
2016-06-02,2016,HOU,ARI,0,3,0,-145.0,130.0
2016-06-02,2016,SDP,SEA,13,16,0,114.0,-124.0
2016-06-02,2016,DET,NYY,4,5,0,110.0,-120.0
2016-06-03,2016,CHC,ARI,6,0,1,-260.0,220.0
2016-06-03,2016,PHI,MIL,6,3,1,-126.0,116.0
2016-06-03,2016,MIA,NYM,2,6,0,153.0,-173.0
2016-06-03,2016,CIN,WSN,7,2,1,140.0,-155.0
2016-06-03,2016,STL,SFG,1,5,0,103.0,-113.0
2016-06-03,2016,LAD,ATL,4,2,1,-193.0,173.0
2016-06-03,2016,SDP,COL,4,0,1,-149.0,134.0
2016-06-03,2016,BAL,NYY,6,5,1,-132.0,117.0
2016-06-03,2016,DET,CHW,10,3,1,-152.0,137.0
2016-06-03,2016,CLE,KCR,6,1,1,-176.0,156.0
2016-06-03,2016,BOS,TOR,2,5,0,-172.0,152.0
2016-06-03,2016,TEX,SEA,7,3,1,-147.0,132.0
2016-06-03,2016,HOU,ATH,12,2,1,-142.0,127.0
2016-06-03,2016,MIN,TBR,2,4,0,106.0,-116.0
2016-06-03,2016,PIT,LAA,2,9,0,-156.0,141.0
2016-06-04,2016,CHC,ARI,5,3,1,-305.0,255.0
2016-06-04,2016,PHI,MIL,3,6,0,110.0,-120.0
2016-06-04,2016,CIN,WSN,6,3,1,172.0,-202.0
2016-06-04,2016,MIA,NYM,4,6,0,101.0,-111.0
2016-06-04,2016,STL,SFG,7,4,1,106.0,-116.0
2016-06-04,2016,LAD,ATL,4,0,1,-497.0,397.0
2016-06-04,2016,SDP,COL,4,3,1,109.0,-119.0
2016-06-04,2016,MIN,TBR,4,7,0,-105.0,-105.0
2016-06-04,2016,BOS,TOR,6,4,1,-142.0,127.0
2016-06-04,2016,DET,CHW,7,4,1,119.0,-134.0
2016-06-04,2016,HOU,ATH,6,5,1,-176.0,156.0
2016-06-04,2016,CLE,KCR,7,1,1,-117.0,107.0
2016-06-04,2016,BAL,NYY,6,8,0,-140.0,125.0
2016-06-04,2016,TEX,SEA,10,4,1,107.0,-117.0
2016-06-04,2016,PIT,LAA,8,7,1,-102.0,-108.0
2016-06-05,2016,CIN,WSN,9,10,0,170.0,-200.0
2016-06-05,2016,MIA,NYM,1,0,1,-170.0,150.0
2016-06-05,2016,PHI,MIL,8,1,1,-162.0,147.0
2016-06-05,2016,STL,SFG,6,3,1,-155.0,140.0
2016-06-05,2016,CHC,ARI,2,3,0,-320.0,270.0
2016-06-05,2016,LAD,ATL,12,6,1,-255.0,215.0
2016-06-05,2016,SDP,COL,3,10,0,133.0,-148.0
2016-06-05,2016,DET,CHW,5,2,1,-127.0,117.0
2016-06-05,2016,CLE,KCR,7,0,1,-200.0,170.0
2016-06-05,2016,BAL,NYY,3,1,1,-134.0,119.0
2016-06-05,2016,BOS,TOR,4,5,0,-115.0,105.0
2016-06-05,2016,MIN,TBR,5,7,0,109.0,-119.0
2016-06-05,2016,HOU,ATH,5,2,1,-172.0,152.0
2016-06-05,2016,TEX,SEA,3,2,1,112.0,-122.0
2016-06-05,2016,PIT,LAA,4,5,0,-150.0,135.0
2016-06-06,2016,PHI,CHC,4,6,0,235.0,-275.0
2016-06-06,2016,SDP,ATL,7,2,1,-132.0,117.0
2016-06-06,2016,LAD,COL,1,6,0,-129.0,119.0
2016-06-06,2016,NYY,LAA,5,2,1,-156.0,141.0
2016-06-06,2016,BAL,KCR,4,1,1,-113.0,103.0
2016-06-06,2016,DET,TOR,11,0,1,-134.0,119.0
2016-06-06,2016,TEX,HOU,6,5,1,119.0,-134.0
2016-06-06,2016,SEA,CLE,1,3,0,-130.0,115.0
2016-06-06,2016,ARI,TBR,4,6,0,-126.0,116.0
2016-06-07,2016,PIT,NYM,3,1,1,-140.0,125.0
2016-06-07,2016,PHI,CHC,3,2,1,180.0,-210.0
2016-06-07,2016,CIN,STL,7,6,1,141.0,-156.0
2016-06-07,2016,SDP,ATL,4,3,1,-145.0,130.0
2016-06-07,2016,LAD,COL,4,3,1,-196.0,176.0
2016-06-07,2016,BAL,KCR,9,1,1,-145.0,130.0
2016-06-07,2016,NYY,LAA,6,3,1,-151.0,136.0
2016-06-07,2016,DET,TOR,3,2,1,133.0,-148.0
2016-06-07,2016,TEX,HOU,4,3,1,100.0,-110.0
2016-06-07,2016,MIL,ATH,5,4,1,-141.0,126.0
2016-06-07,2016,SEA,CLE,7,1,1,-120.0,110.0
2016-06-07,2016,CHW,WSN,5,10,0,134.0,-149.0
2016-06-07,2016,MIN,MIA,6,4,1,102.0,-112.0
2016-06-07,2016,ARI,TBR,5,0,1,-185.0,165.0
2016-06-07,2016,SFG,BOS,3,5,0,118.0,-128.0
2016-06-07,2016,PIT,NYM,3,1,1,119.0,-134.0
2016-06-08,2016,PHI,CHC,1,8,0,176.0,-196.0
2016-06-08,2016,SDP,ATL,2,4,0,-156.0,141.0
2016-06-08,2016,PIT,NYM,5,6,0,113.0,-123.0
2016-06-08,2016,CIN,STL,7,12,0,171.0,-201.0
2016-06-08,2016,LAD,COL,0,1,0,-180.0,160.0
2016-06-08,2016,DET,TOR,2,7,0,-119.0,109.0
2016-06-08,2016,NYY,LAA,12,6,1,-200.0,170.0
2016-06-08,2016,BAL,KCR,4,0,1,-148.0,133.0
2016-06-08,2016,TEX,HOU,1,3,0,-161.0,146.0
2016-06-08,2016,SEA,CLE,5,0,1,-108.0,-102.0
2016-06-08,2016,ARI,TBR,3,6,0,-116.0,106.0
2016-06-08,2016,MIL,ATH,4,0,1,-147.0,132.0
2016-06-08,2016,MIN,MIA,7,5,1,-105.0,-105.0
2016-06-08,2016,CHW,WSN,4,11,0,155.0,-175.0
2016-06-08,2016,SFG,BOS,2,1,1,117.0,-127.0
2016-06-09,2016,CIN,STL,2,3,0,165.0,-185.0
2016-06-09,2016,MIL,NYM,2,5,0,-109.0,-101.0
2016-06-09,2016,TEX,HOU,5,3,1,115.0,-130.0
2016-06-09,2016,NYY,LAA,6,3,1,-127.0,117.0
2016-06-09,2016,TOR,BAL,5,6,0,-176.0,156.0
2016-06-09,2016,SEA,CLE,3,5,0,-131.0,116.0
2016-06-09,2016,CHW,WSN,3,1,1,116.0,-126.0
2016-06-09,2016,MIN,MIA,3,10,0,-131.0,116.0
2016-06-09,2016,COL,PIT,11,5,1,-109.0,-101.0
2016-06-10,2016,WSN,PHI,9,6,1,-270.0,230.0
2016-06-10,2016,PIT,STL,3,9,0,-161.0,146.0
2016-06-10,2016,ATL,CHC,5,1,1,183.0,-213.0
2016-06-10,2016,MIL,NYM,1,2,0,-119.0,109.0
2016-06-10,2016,COL,SDP,5,7,0,-215.0,185.0
2016-06-10,2016,ARI,MIA,6,8,0,-157.0,142.0
2016-06-10,2016,SFG,LAD,2,3,0,150.0,-170.0
2016-06-10,2016,NYY,DET,4,0,1,-128.0,118.0
2016-06-10,2016,TOR,BAL,4,3,1,-112.0,102.0
2016-06-10,2016,TBR,HOU,4,3,1,-109.0,-101.0
2016-06-10,2016,MIN,BOS,1,8,0,129.0,-144.0
2016-06-10,2016,CHW,KCR,7,5,1,-164.0,149.0
2016-06-10,2016,LAA,CLE,2,6,0,130.0,-145.0
2016-06-10,2016,SEA,TEX,7,5,1,-148.0,133.0
2016-06-10,2016,CIN,ATH,2,1,1,100.0,-110.0
2016-06-11,2016,WSN,PHI,8,0,1,-149.0,134.0
2016-06-11,2016,MIL,NYM,7,4,1,105.0,-115.0
2016-06-11,2016,ATL,CHC,2,8,0,270.0,-320.0
2016-06-11,2016,COL,SDP,5,3,1,-175.0,155.0
2016-06-11,2016,SFG,LAD,5,4,1,-116.0,106.0
2016-06-11,2016,PIT,STL,1,5,0,-105.0,-105.0
2016-06-11,2016,ARI,MIA,5,3,1,180.0,-210.0
2016-06-11,2016,TOR,BAL,11,6,1,-132.0,117.0
2016-06-11,2016,MIN,BOS,4,15,0,125.0,-140.0
2016-06-11,2016,CHW,KCR,1,4,0,-132.0,117.0
2016-06-11,2016,TBR,HOU,3,4,0,-130.0,115.0
2016-06-11,2016,NYY,DET,1,6,0,-130.0,115.0
2016-06-11,2016,LAA,CLE,4,3,1,-140.0,125.0
2016-06-11,2016,SEA,TEX,1,2,0,-196.0,176.0
2016-06-11,2016,CIN,ATH,2,1,1,-114.0,104.0
2016-06-12,2016,ATL,CHC,2,13,0,220.0,-260.0
2016-06-12,2016,MIL,NYM,5,3,1,107.0,-117.0
2016-06-12,2016,WSN,PHI,5,4,1,-260.0,220.0
2016-06-12,2016,ARI,MIA,6,0,1,-110.0,100.0
2016-06-12,2016,COL,SDP,2,1,1,-160.0,145.0
2016-06-12,2016,PIT,STL,3,8,0,103.0,-113.0
2016-06-12,2016,SFG,LAD,2,1,1,-105.0,-105.0
2016-06-12,2016,TOR,BAL,10,9,1,-157.0,142.0
2016-06-12,2016,TBR,HOU,5,0,1,124.0,-139.0
2016-06-12,2016,NYY,DET,1,4,0,-125.0,115.0
2016-06-12,2016,CHW,KCR,1,3,0,-128.0,118.0
2016-06-12,2016,MIN,BOS,7,4,1,175.0,-195.0
2016-06-12,2016,LAA,CLE,3,8,0,130.0,-145.0
2016-06-12,2016,SEA,TEX,4,6,0,-110.0,100.0
2016-06-12,2016,CIN,ATH,1,6,0,118.0,-128.0
2016-06-13,2016,WSN,CHC,4,1,1,-131.0,116.0
2016-06-13,2016,ATL,CIN,8,9,0,-105.0,-105.0
2016-06-13,2016,ARI,LAD,3,2,1,-145.0,130.0
2016-06-13,2016,SDP,MIA,4,13,0,-102.0,-108.0
2016-06-13,2016,SFG,MIL,11,5,1,-153.0,138.0
2016-06-13,2016,CHW,DET,10,9,1,-107.0,-103.0
2016-06-13,2016,KCR,CLE,2,1,1,125.0,-140.0
2016-06-13,2016,LAA,MIN,4,9,0,-115.0,105.0
2016-06-13,2016,ATH,TEX,14,5,1,-150.0,135.0
2016-06-13,2016,TOR,PHI,0,7,0,-185.0,165.0
2016-06-14,2016,WSN,CHC,3,4,0,115.0,-130.0
2016-06-14,2016,NYM,PIT,0,4,0,-130.0,115.0
2016-06-14,2016,ATL,CIN,1,3,0,-140.0,125.0
2016-06-14,2016,ARI,LAD,4,7,0,135.0,-150.0
2016-06-14,2016,SDP,MIA,2,5,0,-130.0,115.0
2016-06-14,2016,SFG,MIL,3,2,1,-260.0,220.0
2016-06-14,2016,BOS,BAL,2,3,0,-186.0,166.0
2016-06-14,2016,TBR,SEA,8,7,1,-119.0,109.0
2016-06-14,2016,CHW,DET,8,11,0,106.0,-116.0
2016-06-14,2016,KCR,CLE,3,2,1,106.0,-116.0
2016-06-14,2016,LAA,MIN,5,4,1,-140.0,125.0
2016-06-14,2016,ATH,TEX,6,10,0,-115.0,105.0
2016-06-14,2016,TOR,PHI,11,3,1,-300.0,250.0
2016-06-14,2016,STL,HOU,2,5,0,-156.0,141.0
2016-06-14,2016,COL,NYY,13,10,1,-105.0,-105.0
2016-06-15,2016,SDP,MIA,6,3,1,-132.0,117.0
2016-06-15,2016,ARI,LAD,2,3,0,215.0,-255.0
2016-06-15,2016,SFG,MIL,10,1,1,-220.0,190.0
2016-06-15,2016,WSN,CHC,5,4,1,-147.0,132.0
2016-06-15,2016,NYM,PIT,11,2,1,-170.0,150.0
2016-06-15,2016,ATL,CIN,9,8,1,-121.0,111.0
2016-06-15,2016,BOS,BAL,6,4,1,-151.0,136.0
2016-06-15,2016,TBR,SEA,3,2,1,-140.0,125.0
2016-06-15,2016,CHW,DET,5,3,1,-185.0,165.0
2016-06-15,2016,KCR,CLE,9,4,1,142.0,-157.0
2016-06-15,2016,LAA,MIN,10,2,1,-117.0,107.0
2016-06-15,2016,ATH,TEX,5,7,0,-150.0,135.0
2016-06-15,2016,COL,NYY,6,3,1,101.0,-111.0
2016-06-15,2016,PHI,TOR,2,7,0,152.0,-172.0
2016-06-15,2016,STL,HOU,1,4,0,-134.0,119.0
2016-06-16,2016,ATL,CIN,7,2,1,-116.0,106.0
2016-06-16,2016,NYM,PIT,6,4,1,-120.0,110.0
2016-06-16,2016,LAD,MIL,6,8,0,-151.0,136.0
2016-06-16,2016,SDP,WSN,5,8,0,164.0,-184.0
2016-06-16,2016,TBR,SEA,4,6,0,108.0,-118.0
2016-06-16,2016,ATH,TEX,1,5,0,-112.0,102.0
2016-06-16,2016,BOS,BAL,1,5,0,-128.0,118.0
2016-06-16,2016,MIN,NYY,1,4,0,109.0,-119.0
2016-06-16,2016,KCR,DET,4,10,0,-103.0,-107.0
2016-06-16,2016,PHI,TOR,2,13,0,125.0,-140.0
2016-06-17,2016,CHC,PIT,6,0,1,-290.0,250.0
2016-06-17,2016,PHI,ARI,2,10,0,130.0,-145.0
2016-06-17,2016,MIA,COL,5,1,1,-130.0,115.0
2016-06-17,2016,NYM,ATL,1,5,0,-240.0,200.0
2016-06-17,2016,LAD,MIL,3,2,1,-177.0,157.0
2016-06-17,2016,SDP,WSN,5,7,0,151.0,-171.0
2016-06-17,2016,BAL,TOR,3,13,0,125.0,-140.0
2016-06-17,2016,CLE,CHW,3,2,1,106.0,-116.0
2016-06-17,2016,BOS,SEA,4,8,0,-131.0,116.0
2016-06-17,2016,MIN,NYY,2,8,0,155.0,-175.0
2016-06-17,2016,KCR,DET,10,3,1,-103.0,-107.0
2016-06-17,2016,ATH,LAA,3,2,1,135.0,-150.0
2016-06-17,2016,TBR,SFG,1,5,0,-123.0,113.0
2016-06-17,2016,HOU,CIN,2,4,0,-275.0,235.0
2016-06-17,2016,STL,TEX,0,1,0,-127.0,117.0
2016-06-18,2016,PHI,ARI,1,4,0,134.0,-149.0
2016-06-18,2016,MIA,COL,9,6,1,-117.0,107.0
2016-06-18,2016,NYM,ATL,3,4,0,-265.0,225.0
2016-06-18,2016,CHC,PIT,4,3,1,-265.0,225.0
2016-06-18,2016,SDP,WSN,7,3,1,235.0,-275.0
2016-06-18,2016,LAD,MIL,10,6,1,-163.0,148.0
2016-06-18,2016,MIN,NYY,6,7,0,142.0,-157.0
2016-06-18,2016,BAL,TOR,4,2,1,-113.0,103.0
2016-06-18,2016,BOS,SEA,6,2,1,-189.0,169.0
2016-06-18,2016,ATH,LAA,1,7,0,-122.0,112.0
2016-06-18,2016,CLE,CHW,13,2,1,-215.0,185.0
2016-06-18,2016,KCR,DET,16,5,1,-140.0,125.0
2016-06-18,2016,HOU,CIN,5,4,1,-235.0,205.0
2016-06-18,2016,TBR,SFG,4,6,0,-130.0,115.0
2016-06-18,2016,STL,TEX,3,4,0,-180.0,160.0
2016-06-19,2016,NYM,ATL,0,6,0,-170.0,150.0
2016-06-19,2016,MIA,COL,3,0,1,-140.0,125.0
2016-06-19,2016,PHI,ARI,1,5,0,115.0,-130.0
2016-06-19,2016,CHC,PIT,10,5,1,-160.0,145.0
2016-06-19,2016,LAD,MIL,2,1,1,-210.0,180.0
2016-06-19,2016,SDP,WSN,6,3,1,106.0,-116.0
2016-06-19,2016,CLE,CHW,3,2,1,-179.0,159.0
2016-06-19,2016,BAL,TOR,11,6,1,-101.0,-109.0
2016-06-19,2016,BOS,SEA,2,1,1,-185.0,165.0
2016-06-19,2016,MIN,NYY,7,4,1,145.0,-160.0
2016-06-19,2016,KCR,DET,2,1,1,-105.0,-105.0
2016-06-19,2016,ATH,LAA,0,2,0,115.0,-125.0
2016-06-19,2016,TBR,SFG,1,5,0,-147.0,132.0
2016-06-19,2016,HOU,CIN,6,0,1,-210.0,180.0
2016-06-19,2016,STL,TEX,4,5,0,-124.0,114.0
2016-06-20,2016,PHI,ARI,1,3,0,-132.0,117.0
2016-06-20,2016,PIT,SFG,1,0,1,134.0,-149.0
2016-06-20,2016,MIA,COL,3,5,0,-103.0,-107.0
2016-06-20,2016,CHC,STL,2,3,0,-170.0,150.0
2016-06-20,2016,LAD,WSN,4,1,1,-300.0,250.0
2016-06-20,2016,DET,SEA,8,7,1,119.0,-134.0
2016-06-20,2016,CLE,TBR,7,4,1,-113.0,103.0
2016-06-20,2016,BOS,CHW,1,3,0,-220.0,190.0
2016-06-20,2016,HOU,LAA,10,7,1,-152.0,137.0
2016-06-20,2016,TEX,BAL,4,3,1,-113.0,103.0
2016-06-21,2016,PIT,SFG,4,15,0,162.0,-182.0
2016-06-21,2016,MIA,ATL,2,3,0,-285.0,245.0
2016-06-21,2016,CHC,STL,3,4,0,-148.0,133.0
2016-06-21,2016,LAD,WSN,3,2,1,-133.0,118.0
2016-06-21,2016,DET,SEA,4,2,1,-134.0,119.0
2016-06-21,2016,BOS,CHW,1,3,0,-103.0,-107.0
2016-06-21,2016,CLE,TBR,6,0,1,-170.0,150.0
2016-06-21,2016,HOU,LAA,3,2,1,-160.0,145.0
2016-06-21,2016,NYY,COL,4,8,0,-170.0,150.0
2016-06-21,2016,BAL,SDP,7,10,0,-180.0,160.0
2016-06-21,2016,TOR,ARI,2,4,0,-205.0,175.0
2016-06-21,2016,NYM,KCR,2,1,1,-142.0,127.0
2016-06-21,2016,TEX,CIN,2,8,0,-205.0,175.0
2016-06-21,2016,MIN,PHI,14,10,1,-132.0,117.0
2016-06-21,2016,ATH,MIL,5,3,1,-160.0,145.0
2016-06-22,2016,MIA,ATL,3,0,1,-163.0,148.0
2016-06-22,2016,CHC,STL,2,7,0,-260.0,220.0
2016-06-22,2016,PIT,SFG,6,7,0,-115.0,105.0
2016-06-22,2016,LAD,WSN,4,3,1,-140.0,125.0
2016-06-22,2016,HOU,LAA,3,2,1,-130.0,115.0
2016-06-22,2016,BOS,CHW,6,8,0,-122.0,112.0
2016-06-22,2016,CLE,TBR,6,1,1,-115.0,105.0
2016-06-22,2016,DET,SEA,5,1,1,-126.0,116.0
2016-06-22,2016,NYY,COL,9,8,1,-134.0,119.0
2016-06-22,2016,NYM,KCR,4,3,1,-140.0,125.0
2016-06-22,2016,ATH,MIL,2,4,0,-126.0,116.0
2016-06-22,2016,TOR,ARI,5,2,1,-173.0,153.0
2016-06-22,2016,BAL,SDP,7,2,1,-180.0,160.0
2016-06-22,2016,TEX,CIN,6,4,1,-231.0,201.0
2016-06-22,2016,MIN,PHI,6,5,1,-170.0,150.0
2016-06-23,2016,PIT,SFG,3,5,0,-146.0,131.0
2016-06-23,2016,CIN,SDP,4,7,0,102.0,-112.0
2016-06-23,2016,MIA,CHC,4,2,1,151.0,-171.0
2016-06-23,2016,ATL,NYM,4,3,1,140.0,-155.0
2016-06-23,2016,COL,ARI,6,7,0,145.0,-160.0
2016-06-23,2016,DET,SEA,5,4,1,-143.0,128.0
2016-06-23,2016,BOS,CHW,8,7,1,-255.0,215.0
2016-06-23,2016,LAA,ATH,4,5,0,-144.0,129.0
2016-06-23,2016,MIN,PHI,3,7,0,-153.0,138.0
2016-06-24,2016,PIT,LAD,8,6,1,-125.0,115.0
2016-06-24,2016,CIN,SDP,4,13,0,-125.0,115.0
2016-06-24,2016,MIA,CHC,4,5,0,135.0,-150.0
2016-06-24,2016,ATL,NYM,6,8,0,185.0,-215.0
2016-06-24,2016,MIL,WSN,5,3,1,165.0,-185.0
2016-06-24,2016,COL,ARI,9,10,0,-131.0,116.0
2016-06-24,2016,SFG,PHI,5,4,1,-195.0,175.0
2016-06-24,2016,BAL,TBR,6,3,1,-151.0,136.0
2016-06-24,2016,NYY,MIN,5,3,1,-200.0,170.0
2016-06-24,2016,DET,CLE,4,7,0,-101.0,-109.0
2016-06-24,2016,TEX,BOS,7,8,0,170.0,-200.0
2016-06-24,2016,CHW,TOR,3,2,1,147.0,-162.0
2016-06-24,2016,KCR,HOU,4,13,0,115.0,-130.0
2016-06-24,2016,LAA,ATH,4,7,0,-153.0,138.0
2016-06-24,2016,SEA,STL,4,3,1,-102.0,-108.0
2016-06-25,2016,MIA,CHC,9,6,1,173.0,-203.0
2016-06-25,2016,MIL,WSN,6,5,1,125.0,-140.0
2016-06-25,2016,COL,ARI,11,6,1,-138.0,123.0
2016-06-25,2016,CIN,SDP,0,3,0,139.0,-154.0
2016-06-25,2016,PIT,LAD,6,1,1,140.0,-155.0
2016-06-25,2016,ATL,NYM,0,1,0,130.0,-145.0
2016-06-25,2016,SFG,PHI,2,3,0,-310.0,260.0
2016-06-25,2016,NYY,MIN,2,1,1,-200.0,170.0
2016-06-25,2016,CHW,TOR,8,10,0,106.0,-116.0
2016-06-25,2016,BAL,TBR,8,6,1,-151.0,136.0
2016-06-25,2016,DET,CLE,0,6,0,119.0,-134.0
2016-06-25,2016,KCR,HOU,5,13,0,114.0,-124.0
2016-06-25,2016,TEX,BOS,10,3,1,111.0,-121.0
2016-06-25,2016,LAA,ATH,3,7,0,-140.0,125.0
2016-06-25,2016,SEA,STL,5,4,1,-126.0,116.0
2016-06-25,2016,BAL,TBR,5,0,1,-171.0,151.0
2016-06-26,2016,MIA,CHC,6,1,1,-150.0,135.0
2016-06-26,2016,CIN,SDP,3,0,1,-141.0,126.0
2016-06-26,2016,PIT,LAD,4,3,1,230.0,-270.0
2016-06-26,2016,ATL,NYM,5,2,1,111.0,-121.0
2016-06-26,2016,MIL,WSN,2,3,0,127.0,-142.0
2016-06-26,2016,SFG,PHI,8,7,1,-230.0,200.0
2016-06-26,2016,COL,ARI,9,7,1,-131.0,116.0
2016-06-26,2016,NYY,MIN,1,7,0,-195.0,175.0
2016-06-26,2016,DET,CLE,3,9,0,-146.0,131.0
2016-06-26,2016,BAL,TBR,12,5,1,-128.0,118.0
2016-06-26,2016,CHW,TOR,5,2,1,-111.0,101.0
2016-06-26,2016,KCR,HOU,6,1,1,-105.0,-105.0
2016-06-26,2016,TEX,BOS,6,2,1,-120.0,110.0
2016-06-26,2016,LAA,ATH,7,6,1,-114.0,104.0
2016-06-26,2016,SEA,STL,6,11,0,-116.0,106.0
2016-06-27,2016,PIT,LAD,4,5,0,-110.0,100.0
2016-06-27,2016,WSN,NYM,11,4,1,105.0,-115.0
2016-06-27,2016,CIN,CHC,8,11,0,250.0,-290.0
2016-06-27,2016,ARI,PHI,0,8,0,-130.0,115.0
2016-06-27,2016,NYY,TEX,6,9,0,-129.0,119.0
2016-06-27,2016,TBR,BOS,13,7,1,-109.0,-101.0
2016-06-27,2016,LAA,HOU,2,4,0,-113.0,103.0
2016-06-27,2016,ATL,CLE,3,8,0,129.0,-144.0
2016-06-27,2016,KCR,STL,6,2,1,-129.0,119.0
2016-06-27,2016,COL,TOR,9,5,1,112.0,-122.0
2016-06-27,2016,SFG,ATH,3,8,0,-170.0,150.0
2016-06-28,2016,WSN,NYM,5,0,1,-118.0,108.0
2016-06-28,2016,CIN,CHC,2,7,0,200.0,-230.0
2016-06-28,2016,MIL,LAD,5,6,0,132.0,-147.0
2016-06-28,2016,ARI,PHI,3,4,0,-215.0,185.0
2016-06-28,2016,NYY,TEX,1,7,0,112.0,-122.0
2016-06-28,2016,TBR,BOS,2,8,0,-105.0,-105.0
2016-06-28,2016,CHW,MIN,0,4,0,-183.0,163.0
2016-06-28,2016,LAA,HOU,1,7,0,117.0,-127.0
2016-06-28,2016,DET,MIA,7,5,1,-112.0,102.0
2016-06-28,2016,ATL,CLE,3,5,0,189.0,-219.0
2016-06-28,2016,KCR,STL,4,8,0,-103.0,-107.0
2016-06-28,2016,COL,TOR,9,14,0,129.0,-144.0
2016-06-28,2016,SDP,BAL,7,11,0,140.0,-155.0
2016-06-28,2016,SEA,PIT,5,2,1,-170.0,150.0
2016-06-28,2016,SFG,ATH,11,13,0,-143.0,128.0
2016-06-29,2016,CIN,CHC,2,9,0,162.0,-182.0
2016-06-29,2016,ARI,PHI,8,9,0,-174.0,154.0
2016-06-29,2016,WSN,NYM,4,2,1,-285.0,245.0
2016-06-29,2016,MIL,LAD,7,0,1,-111.0,101.0
2016-06-29,2016,TBR,BOS,4,0,1,167.0,-187.0
2016-06-29,2016,LAA,HOU,4,10,0,125.0,-140.0
2016-06-29,2016,NYY,TEX,9,7,1,-195.0,175.0
2016-06-29,2016,CHW,MIN,9,6,1,-109.0,-101.0
2016-06-29,2016,DET,MIA,10,3,1,-134.0,119.0
2016-06-29,2016,COL,TOR,3,5,0,106.0,-116.0
2016-06-29,2016,SDP,BAL,6,12,0,126.0,-141.0
2016-06-29,2016,ATL,CLE,0,3,0,182.0,-212.0
2016-06-29,2016,STL,KCR,2,3,0,-173.0,153.0
2016-06-29,2016,ATH,SFG,7,1,1,-133.0,118.0
2016-06-29,2016,SEA,PIT,1,8,0,-133.0,118.0
2016-06-30,2016,MIL,LAD,1,8,0,127.0,-142.0
2016-06-30,2016,WSN,CIN,13,4,1,-201.0,171.0
2016-06-30,2016,NYM,CHC,4,3,1,125.0,-140.0
2016-06-30,2016,ATL,MIA,8,5,1,150.0,-170.0
2016-06-30,2016,NYY,TEX,2,1,1,-161.0,146.0
2016-06-30,2016,CHW,MIN,6,5,1,-156.0,141.0
2016-06-30,2016,TOR,CLE,1,4,0,112.0,-122.0
2016-06-30,2016,TBR,DET,7,10,0,-112.0,102.0
2016-06-30,2016,SEA,BAL,5,3,1,-116.0,106.0
2016-06-30,2016,STL,KCR,2,4,0,-142.0,127.0
2016-06-30,2016,ATH,SFG,6,12,0,135.0,-150.0
2016-07-01,2016,WSN,CIN,3,2,1,-180.0,160.0
2016-07-01,2016,NYM,CHC,10,2,1,-119.0,109.0
2016-07-01,2016,ATL,MIA,5,7,0,-127.0,117.0
2016-07-01,2016,STL,MIL,7,1,1,-195.0,175.0
2016-07-01,2016,ARI,SFG,4,6,0,131.0,-146.0
2016-07-01,2016,LAD,COL,5,0,1,-180.0,160.0
2016-07-01,2016,TOR,CLE,1,2,0,-140.0,125.0
2016-07-01,2016,TBR,DET,2,10,0,-114.0,104.0
2016-07-01,2016,BOS,LAA,5,4,1,-205.0,175.0
2016-07-01,2016,HOU,CHW,5,0,1,-195.0,175.0
2016-07-01,2016,MIN,TEX,2,3,0,112.0,-122.0
2016-07-01,2016,SEA,BAL,5,2,1,103.0,-113.0
2016-07-01,2016,PHI,KCR,4,3,1,111.0,-121.0
2016-07-01,2016,ATH,PIT,3,7,0,-156.0,141.0
2016-07-01,2016,SDP,NYY,7,6,1,135.0,-150.0
2016-07-02,2016,STL,MIL,3,0,1,-185.0,165.0
2016-07-02,2016,ATL,MIA,9,1,1,240.0,-280.0
2016-07-02,2016,WSN,CIN,4,9,0,-215.0,185.0
2016-07-02,2016,NYM,CHC,4,3,1,200.0,-230.0
2016-07-02,2016,ARI,SFG,6,5,1,-103.0,-107.0
2016-07-02,2016,LAD,COL,6,1,1,-177.0,157.0
2016-07-02,2016,TOR,CLE,9,6,1,-173.0,153.0
2016-07-02,2016,MIN,TEX,17,5,1,-119.0,109.0
2016-07-02,2016,HOU,CHW,6,7,0,-105.0,-105.0
2016-07-02,2016,TBR,DET,2,3,0,117.0,-127.0
2016-07-02,2016,BOS,LAA,2,21,0,-158.0,143.0
2016-07-02,2016,SEA,BAL,12,6,1,-145.0,130.0
2016-07-02,2016,PHI,KCR,2,6,0,138.0,-153.0
2016-07-02,2016,ATH,PIT,2,4,0,-156.0,141.0
2016-07-02,2016,SDP,NYY,2,1,1,-144.0,129.0
2016-07-03,2016,NYM,CHC,14,3,1,-103.0,-107.0
2016-07-03,2016,WSN,CIN,12,1,1,-320.0,270.0
2016-07-03,2016,STL,MIL,9,8,1,-182.0,162.0
2016-07-03,2016,ARI,SFG,4,5,0,-126.0,116.0
2016-07-03,2016,LAD,COL,4,1,1,-177.0,157.0
2016-07-03,2016,ATL,MIA,2,5,0,148.0,-163.0
2016-07-03,2016,TOR,CLE,17,1,1,101.0,-111.0
2016-07-03,2016,TBR,DET,1,5,0,-183.0,163.0
2016-07-03,2016,BOS,LAA,10,5,1,-106.0,-104.0
2016-07-03,2016,HOU,CHW,1,4,0,-115.0,105.0
2016-07-03,2016,MIN,TEX,5,4,1,149.0,-164.0
2016-07-03,2016,SEA,BAL,9,4,1,-146.0,131.0
2016-07-03,2016,PHI,KCR,7,2,1,-110.0,100.0
2016-07-03,2016,ATH,PIT,3,6,0,-143.0,128.0
2016-07-03,2016,SDP,NYY,3,6,0,116.0,-126.0
2016-07-04,2016,WSN,MIL,0,1,0,-260.0,220.0
2016-07-04,2016,STL,PIT,2,4,0,-185.0,165.0
2016-07-04,2016,CHC,CIN,10,4,1,-230.0,200.0
2016-07-04,2016,PHI,ATL,8,2,1,-184.0,164.0
2016-07-04,2016,SFG,COL,3,1,1,-121.0,111.0
2016-07-04,2016,NYM,MIA,8,6,1,-179.0,159.0
2016-07-04,2016,ARI,SDP,4,8,0,-141.0,126.0
2016-07-04,2016,TBR,LAA,4,2,1,-121.0,111.0
2016-07-04,2016,BOS,TEX,12,5,1,-220.0,190.0
2016-07-04,2016,HOU,SEA,2,1,1,-143.0,128.0
2016-07-04,2016,MIN,ATH,1,3,0,-112.0,102.0
2016-07-04,2016,CHW,NYY,8,2,1,110.0,-120.0
2016-07-04,2016,TOR,KCR,6,2,1,-202.0,172.0
2016-07-04,2016,CLE,DET,5,3,1,-195.0,175.0
2016-07-04,2016,LAD,BAL,7,5,1,-175.0,155.0
2016-07-05,2016,CHC,CIN,5,9,0,-325.0,275.0
2016-07-05,2016,PHI,ATL,5,1,1,-101.0,-109.0
2016-07-05,2016,WSN,MIL,2,5,0,-170.0,150.0
2016-07-05,2016,NYM,MIA,2,5,0,-147.0,132.0
2016-07-05,2016,STL,PIT,2,5,0,-140.0,125.0
2016-07-05,2016,ARI,SDP,7,5,1,-153.0,138.0
2016-07-05,2016,SFG,COL,3,7,0,-215.0,185.0
2016-07-05,2016,TOR,KCR,8,3,1,-150.0,135.0
2016-07-05,2016,CLE,DET,12,1,1,-190.0,170.0
2016-07-05,2016,TBR,LAA,5,13,0,-187.0,167.0
2016-07-05,2016,BOS,TEX,2,7,0,-215.0,185.0
2016-07-05,2016,HOU,SEA,5,2,1,-142.0,127.0
2016-07-05,2016,MIN,ATH,11,4,1,110.0,-120.0
2016-07-05,2016,CHW,NYY,0,9,0,108.0,-118.0
2016-07-05,2016,LAD,BAL,1,4,0,-142.0,127.0
2016-07-06,2016,PHI,ATL,4,3,1,-180.0,160.0
2016-07-06,2016,NYM,MIA,4,2,1,-245.0,205.0
2016-07-06,2016,CHC,CIN,3,5,0,-184.0,164.0
2016-07-06,2016,WSN,MIL,7,4,1,-230.0,200.0
2016-07-06,2016,STL,PIT,5,7,0,-175.0,155.0
2016-07-06,2016,ARI,SDP,6,13,0,-113.0,103.0
2016-07-06,2016,SFG,COL,5,1,1,-205.0,175.0
2016-07-06,2016,CLE,DET,2,12,0,-116.0,106.0
2016-07-06,2016,MIN,ATH,4,0,1,-107.0,-103.0
2016-07-06,2016,TOR,KCR,4,2,1,-175.0,155.0
2016-07-06,2016,TBR,LAA,2,7,0,-150.0,135.0
2016-07-06,2016,BOS,TEX,11,6,1,-195.0,175.0
2016-07-06,2016,HOU,SEA,9,8,1,-153.0,138.0
2016-07-06,2016,CHW,NYY,5,0,1,150.0,-170.0
2016-07-06,2016,LAD,BAL,4,6,0,-109.0,-101.0
2016-07-07,2016,STL,PIT,5,1,1,-132.0,117.0
2016-07-07,2016,NYM,WSN,9,7,1,106.0,-116.0
2016-07-07,2016,COL,PHI,11,2,1,-170.0,150.0
2016-07-07,2016,LAD,SDP,0,6,0,-148.0,133.0
2016-07-07,2016,TBR,LAA,1,5,0,-109.0,-101.0
2016-07-07,2016,TOR,DET,5,4,1,-125.0,115.0
2016-07-07,2016,CLE,NYY,4,5,0,-143.0,128.0
2016-07-07,2016,TEX,MIN,1,10,0,-118.0,108.0
2016-07-07,2016,HOU,ATH,1,3,0,-118.0,108.0
2016-07-07,2016,KCR,SEA,4,3,1,-134.0,119.0
2016-07-07,2016,CHC,ATL,3,4,0,-270.0,230.0
2016-07-08,2016,PIT,CHC,8,4,1,177.0,-207.0
2016-07-08,2016,MIA,CIN,3,1,1,-275.0,235.0
2016-07-08,2016,NYM,WSN,1,3,0,-110.0,100.0
2016-07-08,2016,COL,PHI,3,5,0,-152.0,137.0
2016-07-08,2016,MIL,STL,4,3,1,114.0,-124.0
2016-07-08,2016,LAD,SDP,10,6,1,-185.0,165.0
2016-07-08,2016,SFG,ARI,6,2,1,-145.0,130.0
2016-07-08,2016,BAL,LAA,5,9,0,-107.0,-103.0
2016-07-08,2016,TOR,DET,6,0,1,-195.0,175.0
2016-07-08,2016,BOS,TBR,6,5,1,-107.0,-103.0
2016-07-08,2016,CLE,NYY,10,2,1,-170.0,150.0
2016-07-08,2016,TEX,MIN,6,5,1,-195.0,175.0
2016-07-08,2016,HOU,ATH,10,9,1,-173.0,153.0
2016-07-08,2016,KCR,SEA,2,3,0,103.0,-113.0
2016-07-08,2016,CHW,ATL,8,11,0,-290.0,250.0
2016-07-09,2016,MIL,STL,1,8,0,126.0,-141.0
2016-07-09,2016,SFG,ARI,4,2,1,-140.0,125.0
2016-07-09,2016,MIA,CIN,4,2,1,-166.0,151.0
2016-07-09,2016,PIT,CHC,12,6,1,150.0,-170.0
2016-07-09,2016,NYM,WSN,1,6,0,180.0,-210.0
2016-07-09,2016,LAD,SDP,4,3,1,-239.0,209.0
2016-07-09,2016,COL,PHI,8,3,1,-160.0,145.0
2016-07-09,2016,TOR,DET,2,3,0,-260.0,220.0
2016-07-09,2016,BAL,LAA,3,2,1,-122.0,112.0
2016-07-09,2016,BOS,TBR,4,1,1,-187.0,167.0
2016-07-09,2016,CLE,NYY,6,7,0,-169.0,154.0
2016-07-09,2016,HOU,ATH,2,3,0,-210.0,180.0
2016-07-09,2016,KCR,SEA,5,3,1,107.0,-117.0
2016-07-09,2016,TEX,MIN,6,8,0,-159.0,144.0
2016-07-09,2016,CHW,ATL,5,4,1,-184.0,164.0
2016-07-10,2016,NYM,WSN,2,3,0,103.0,-113.0
2016-07-10,2016,MIA,CIN,7,3,1,-139.0,124.0
2016-07-10,2016,PIT,CHC,5,6,0,137.0,-152.0
2016-07-10,2016,MIL,STL,1,5,0,-140.0,125.0
2016-07-10,2016,COL,PHI,3,10,0,-205.0,175.0
2016-07-10,2016,LAD,SDP,3,1,1,-230.0,200.0
2016-07-10,2016,SFG,ARI,4,0,1,-255.0,215.0
2016-07-10,2016,TOR,DET,6,1,1,-140.0,125.0
2016-07-10,2016,CLE,NYY,7,11,0,-141.0,126.0
2016-07-10,2016,BOS,TBR,4,0,1,-230.0,200.0
2016-07-10,2016,BAL,LAA,4,2,1,-200.0,170.0
2016-07-10,2016,HOU,ATH,2,1,1,-195.0,175.0
2016-07-10,2016,KCR,SEA,5,8,0,112.0,-122.0
2016-07-10,2016,TEX,MIN,5,15,0,-163.0,148.0
2016-07-10,2016,CHW,ATL,0,2,0,-163.0,148.0
2016-07-15,2016,PHI,NYM,3,5,0,105.0,-115.0
2016-07-15,2016,WSN,PIT,5,1,1,-210.0,180.0
2016-07-15,2016,CIN,MIL,5,4,1,-155.0,140.0
2016-07-15,2016,ATL,COL,2,11,0,-104.0,-106.0
2016-07-15,2016,STL,MIA,6,7,0,-127.0,117.0
2016-07-15,2016,ARI,LAD,7,13,0,119.0,-134.0
2016-07-15,2016,SDP,SFG,4,1,1,190.0,-220.0
2016-07-15,2016,NYY,BOS,3,5,0,-147.0,132.0
2016-07-15,2016,TBR,BAL,3,4,0,-128.0,118.0
2016-07-15,2016,DET,KCR,4,2,1,-141.0,126.0
2016-07-15,2016,MIN,CLE,2,5,0,138.0,-153.0
2016-07-15,2016,LAA,CHW,7,0,1,-132.0,117.0
2016-07-15,2016,ATH,TOR,8,7,1,135.0,-150.0
2016-07-15,2016,SEA,HOU,3,7,0,-117.0,107.0
2016-07-15,2016,CHC,TEX,6,0,1,-200.0,170.0
2016-07-16,2016,PHI,NYM,4,2,1,-121.0,111.0
2016-07-16,2016,WSN,PIT,6,0,1,-124.0,114.0
2016-07-16,2016,CIN,MIL,1,9,0,-102.0,-108.0
2016-07-16,2016,ATL,COL,3,4,0,110.0,-120.0
2016-07-16,2016,STL,MIA,5,0,1,-195.0,175.0
2016-07-16,2016,ARI,LAD,2,1,1,150.0,-170.0
2016-07-16,2016,SDP,SFG,7,6,1,143.0,-158.0
2016-07-16,2016,ATH,TOR,5,4,1,106.0,-116.0
2016-07-16,2016,NYY,BOS,2,5,0,-125.0,115.0
2016-07-16,2016,SEA,HOU,1,0,1,114.0,-124.0
2016-07-16,2016,TBR,BAL,1,2,0,113.0,-123.0
2016-07-16,2016,MIN,CLE,5,4,1,129.0,-144.0
2016-07-16,2016,DET,KCR,4,8,0,130.0,-145.0
2016-07-16,2016,LAA,CHW,1,0,1,-171.0,151.0
2016-07-16,2016,CHC,TEX,3,1,1,-120.0,110.0
2016-07-17,2016,CIN,MIL,1,0,1,112.0,-122.0
2016-07-17,2016,WSN,PIT,1,2,0,-260.0,220.0
2016-07-17,2016,PHI,NYM,0,5,0,158.0,-178.0
2016-07-17,2016,ATL,COL,1,0,1,-106.0,-104.0
2016-07-17,2016,STL,MIA,3,6,0,-145.0,130.0
2016-07-17,2016,ARI,LAD,6,5,1,133.0,-148.0
2016-07-17,2016,SDP,SFG,5,3,1,200.0,-240.0
2016-07-17,2016,DET,KCR,4,2,1,-148.0,133.0
2016-07-17,2016,TBR,BAL,5,2,1,103.0,-113.0
2016-07-17,2016,MIN,CLE,1,6,0,126.0,-141.0
2016-07-17,2016,LAA,CHW,8,1,1,-127.0,117.0
2016-07-17,2016,ATH,TOR,3,5,0,106.0,-116.0
2016-07-17,2016,SEA,HOU,1,8,0,-101.0,-109.0
2016-07-17,2016,NYY,BOS,3,1,1,107.0,-117.0
2016-07-17,2016,CHC,TEX,1,4,0,-133.0,118.0
2016-07-18,2016,PHI,MIA,2,3,0,161.0,-181.0
2016-07-18,2016,CIN,ATL,8,2,1,-148.0,133.0
2016-07-18,2016,CHC,NYM,5,1,1,-145.0,130.0
2016-07-18,2016,STL,SDP,10,2,1,-195.0,175.0
2016-07-18,2016,NYY,BAL,2,1,1,-113.0,103.0
2016-07-18,2016,DET,MIN,1,0,1,-144.0,129.0
2016-07-18,2016,KCR,CLE,7,3,1,137.0,-152.0
2016-07-18,2016,ATH,HOU,7,4,1,118.0,-128.0
2016-07-18,2016,LAA,TEX,9,5,1,-115.0,105.0
2016-07-18,2016,SEA,CHW,4,3,1,119.0,-134.0
2016-07-18,2016,COL,TBR,7,4,1,-129.0,119.0
2016-07-19,2016,PHI,MIA,1,2,0,-132.0,117.0
2016-07-19,2016,PIT,MIL,3,2,1,-158.0,143.0
2016-07-19,2016,WSN,LAD,4,8,0,111.0,-121.0
2016-07-19,2016,CIN,ATL,4,5,0,-190.0,170.0
2016-07-19,2016,CHC,NYM,1,2,0,-161.0,146.0
2016-07-19,2016,NYY,BAL,7,1,1,-142.0,127.0
2016-07-19,2016,DET,MIN,2,6,0,-144.0,129.0
2016-07-19,2016,KCR,CLE,3,7,0,116.0,-126.0
2016-07-19,2016,ATH,HOU,4,3,1,162.0,-182.0
2016-07-19,2016,LAA,TEX,8,6,1,-120.0,110.0
2016-07-19,2016,SEA,CHW,1,6,0,100.0,-110.0
2016-07-19,2016,BOS,SFG,4,0,1,-171.0,151.0
2016-07-19,2016,COL,TBR,1,10,0,-124.0,114.0
2016-07-19,2016,ARI,TOR,1,5,0,153.0,-173.0
2016-07-20,2016,CIN,ATL,6,3,1,-181.0,161.0
2016-07-20,2016,CHC,NYM,6,2,1,-210.0,180.0
2016-07-20,2016,PIT,MIL,5,9,0,-153.0,138.0
2016-07-20,2016,PHI,MIA,4,1,1,129.0,-144.0
2016-07-20,2016,WSN,LAD,8,1,1,-129.0,119.0
2016-07-20,2016,STL,SDP,3,2,1,-183.0,163.0
2016-07-20,2016,DET,MIN,1,4,0,-170.0,150.0
2016-07-20,2016,KCR,CLE,4,11,0,117.0,-132.0
2016-07-20,2016,ATH,HOU,0,7,0,105.0,-115.0
2016-07-20,2016,SEA,CHW,6,5,1,-182.0,162.0
2016-07-20,2016,NYY,BAL,5,0,1,-230.0,200.0
2016-07-20,2016,LAA,TEX,7,4,1,-147.0,132.0
2016-07-20,2016,COL,TBR,3,11,0,109.0,-119.0
2016-07-20,2016,ARI,TOR,4,10,0,151.0,-171.0
2016-07-20,2016,BOS,SFG,11,7,1,-245.0,205.0
2016-07-21,2016,WSN,LAD,3,6,0,-183.0,163.0
2016-07-21,2016,PHI,MIA,3,9,0,-123.0,113.0
2016-07-21,2016,PIT,MIL,5,3,1,-170.0,150.0
2016-07-21,2016,STL,SDP,6,5,1,-210.0,180.0
2016-07-21,2016,COL,ATL,7,3,1,-157.0,142.0
2016-07-21,2016,NYY,BAL,1,4,0,-123.0,113.0
2016-07-21,2016,BOS,MIN,13,2,1,-221.0,191.0
2016-07-21,2016,CHW,DET,1,2,0,-133.0,118.0
2016-07-21,2016,ATH,TBR,3,7,0,-140.0,125.0
2016-07-22,2016,PIT,PHI,0,4,0,-270.0,230.0
2016-07-22,2016,WSN,SDP,3,5,0,-221.0,191.0
2016-07-22,2016,CIN,ARI,6,2,1,-115.0,105.0
2016-07-22,2016,MIA,NYM,3,5,0,-144.0,129.0
2016-07-22,2016,MIL,CHC,2,5,0,140.0,-155.0
2016-07-22,2016,STL,LAD,4,3,1,125.0,-140.0
2016-07-22,2016,COL,ATL,4,3,1,-180.0,160.0
2016-07-22,2016,BAL,CLE,5,1,1,-109.0,-101.0
2016-07-22,2016,TOR,SEA,1,2,0,-141.0,126.0
2016-07-22,2016,BOS,MIN,1,2,0,-157.0,142.0
2016-07-22,2016,CHW,DET,5,7,0,128.0,-143.0
2016-07-22,2016,HOU,LAA,2,1,1,-140.0,125.0
2016-07-22,2016,KCR,TEX,3,1,1,-125.0,115.0
2016-07-22,2016,ATH,TBR,1,0,1,115.0,-125.0
2016-07-22,2016,NYY,SFG,3,2,1,104.0,-114.0
2016-07-23,2016,PIT,PHI,7,4,1,-172.0,152.0
2016-07-23,2016,WSN,SDP,3,2,1,-368.0,308.0
2016-07-23,2016,CIN,ARI,6,1,1,115.0,-125.0
2016-07-23,2016,MIL,CHC,6,1,1,132.0,-147.0
2016-07-23,2016,MIA,NYM,7,2,1,-170.0,150.0
2016-07-23,2016,STL,LAD,2,7,0,124.0,-139.0
2016-07-23,2016,COL,ATL,8,4,1,-220.0,190.0
2016-07-23,2016,TOR,SEA,5,14,0,-121.0,111.0
2016-07-23,2016,BAL,CLE,5,2,1,-140.0,125.0
2016-07-23,2016,HOU,LAA,7,2,1,-200.0,170.0
2016-07-23,2016,CHW,DET,3,3,0,-113.0,103.0
2016-07-23,2016,BOS,MIN,9,11,0,-230.0,200.0
2016-07-23,2016,KCR,TEX,4,7,0,114.0,-124.0
2016-07-23,2016,ATH,TBR,4,3,1,113.0,-123.0
2016-07-23,2016,NYY,SFG,1,2,0,107.0,-117.0
2016-07-24,2016,CIN,ARI,8,9,0,108.0,-118.0
2016-07-24,2016,MIA,NYM,0,3,0,103.0,-113.0
2016-07-24,2016,PIT,PHI,5,4,1,-148.0,133.0
2016-07-24,2016,WSN,SDP,6,10,0,-185.0,165.0
2016-07-24,2016,MIL,CHC,5,6,0,136.0,-151.0
2016-07-24,2016,STL,LAD,6,9,0,131.0,-146.0
2016-07-24,2016,COL,ATL,7,2,1,-230.0,200.0
2016-07-24,2016,TOR,SEA,2,0,1,-173.0,153.0
2016-07-24,2016,BOS,MIN,8,7,1,-175.0,155.0
2016-07-24,2016,BAL,CLE,5,3,1,130.0,-145.0
2016-07-24,2016,CHW,DET,5,4,1,-147.0,132.0
2016-07-24,2016,HOU,LAA,13,3,1,-159.0,144.0
2016-07-24,2016,KCR,TEX,1,2,0,-116.0,106.0
2016-07-24,2016,ATH,TBR,3,2,1,119.0,-129.0
2016-07-24,2016,NYY,SFG,5,2,1,-142.0,127.0
2016-07-25,2016,MIA,PHI,0,4,0,-145.0,130.0
2016-07-25,2016,MIL,ARI,7,2,1,-120.0,110.0
2016-07-25,2016,SFG,CIN,5,7,0,-124.0,114.0
2016-07-25,2016,BOS,DET,2,4,0,-132.0,117.0
2016-07-25,2016,TEX,ATH,7,6,1,-124.0,114.0
2016-07-25,2016,HOU,NYY,1,2,0,-150.0,135.0
2016-07-25,2016,KCR,LAA,2,6,0,-119.0,109.0
2016-07-25,2016,BAL,COL,3,2,1,-162.0,147.0
2016-07-25,2016,TOR,SDP,4,2,1,-265.0,225.0
2016-07-25,2016,CHW,CHC,5,4,1,191.0,-221.0
2016-07-26,2016,NYM,STL,3,1,1,-115.0,105.0
2016-07-26,2016,MIA,PHI,5,0,1,-133.0,118.0
2016-07-26,2016,MIL,ARI,9,4,1,-117.0,107.0
2016-07-26,2016,SFG,CIN,9,7,1,-124.0,114.0
2016-07-26,2016,BOS,DET,8,9,0,-235.0,205.0
2016-07-26,2016,TEX,ATH,3,6,0,-101.0,-109.0
2016-07-26,2016,HOU,NYY,3,6,0,-149.0,134.0
2016-07-26,2016,KCR,LAA,0,13,0,110.0,-120.0
2016-07-26,2016,PIT,SEA,4,7,0,-141.0,126.0
2016-07-26,2016,BAL,COL,3,6,0,-181.0,161.0
2016-07-26,2016,TOR,SDP,7,6,1,-275.0,235.0
2016-07-26,2016,CLE,WSN,7,6,1,-145.0,130.0
2016-07-26,2016,MIN,ATL,0,2,0,-205.0,175.0
2016-07-26,2016,CHW,CHC,3,0,1,170.0,-200.0
2016-07-26,2016,LAD,TBR,3,2,1,-129.0,119.0
2016-07-27,2016,MIA,PHI,11,1,1,-180.0,160.0
2016-07-27,2016,SFG,CIN,1,2,0,-260.0,220.0
2016-07-27,2016,NYM,STL,4,5,0,118.0,-133.0
2016-07-27,2016,MIL,ARI,1,8,0,-140.0,125.0
2016-07-27,2016,BOS,DET,3,4,0,-125.0,115.0
2016-07-27,2016,TEX,ATH,4,6,0,-175.0,155.0
2016-07-27,2016,HOU,NYY,4,1,1,-126.0,116.0
2016-07-27,2016,KCR,LAA,7,5,1,-124.0,114.0
2016-07-27,2016,CLE,WSN,1,4,0,-119.0,109.0
2016-07-27,2016,TOR,SDP,4,8,0,-193.0,173.0
2016-07-27,2016,LAD,TBR,1,3,0,-164.0,149.0
2016-07-27,2016,PIT,SEA,10,1,1,-145.0,130.0
2016-07-27,2016,BAL,COL,1,3,0,-153.0,138.0
2016-07-27,2016,CHC,CHW,8,1,1,-290.0,250.0
2016-07-27,2016,MIN,ATL,7,9,0,-160.0,145.0
2016-07-28,2016,NYM,COL,1,2,0,-155.0,140.0
2016-07-28,2016,MIL,ARI,6,4,1,-131.0,116.0
2016-07-28,2016,ATL,PHI,5,7,0,110.0,-120.0
2016-07-28,2016,MIA,STL,4,5,0,-240.0,200.0
2016-07-28,2016,SFG,WSN,2,4,0,-149.0,134.0
2016-07-28,2016,TEX,KCR,3,2,1,-176.0,156.0
2016-07-28,2016,LAA,BOS,2,1,1,157.0,-177.0
2016-07-28,2016,CHC,CHW,3,1,1,-145.0,130.0
2016-07-28,2016,MIN,BAL,6,2,1,110.0,-120.0
2016-07-29,2016,MIA,STL,6,11,0,101.0,-111.0
2016-07-29,2016,NYM,COL,1,6,0,-185.0,165.0
2016-07-29,2016,ATL,PHI,2,1,1,143.0,-158.0
2016-07-29,2016,MIL,PIT,3,1,1,115.0,-130.0
2016-07-29,2016,LAD,ARI,9,7,1,-235.0,205.0
2016-07-29,2016,SFG,WSN,1,4,0,145.0,-160.0
2016-07-29,2016,SDP,CIN,0,6,0,-118.0,108.0
2016-07-29,2016,TOR,BAL,6,5,1,-145.0,130.0
2016-07-29,2016,TBR,NYY,5,1,1,-121.0,111.0
2016-07-29,2016,CLE,ATH,5,3,1,-151.0,136.0
2016-07-29,2016,DET,HOU,14,6,1,133.0,-148.0
2016-07-29,2016,TEX,KCR,8,3,1,-128.0,118.0
2016-07-29,2016,MIN,CHW,2,1,1,113.0,-123.0
2016-07-29,2016,LAA,BOS,2,6,0,156.0,-176.0
2016-07-29,2016,CHC,SEA,12,1,1,-170.0,150.0
2016-07-30,2016,SFG,WSN,5,3,1,-127.0,117.0
2016-07-30,2016,ATL,PHI,5,9,0,-134.0,119.0
2016-07-30,2016,MIA,STL,11,0,1,104.0,-114.0
2016-07-30,2016,MIL,PIT,5,3,1,155.0,-175.0
2016-07-30,2016,NYM,COL,2,7,0,-140.0,125.0
2016-07-30,2016,SDP,CIN,2,1,1,112.0,-122.0
2016-07-30,2016,LAD,ARI,2,4,0,-215.0,185.0
2016-07-30,2016,TOR,BAL,9,1,1,-180.0,160.0
2016-07-30,2016,TBR,NYY,6,3,1,-119.0,109.0
2016-07-30,2016,MIN,CHW,5,6,0,-123.0,113.0
2016-07-30,2016,CLE,ATH,6,3,1,-160.0,145.0
2016-07-30,2016,DET,HOU,3,2,1,-132.0,117.0
2016-07-30,2016,TEX,KCR,2,1,1,-120.0,110.0
2016-07-30,2016,LAA,BOS,5,2,1,108.0,-118.0
2016-07-30,2016,CHC,SEA,1,4,0,-225.0,195.0
2016-07-31,2016,MIA,STL,5,4,1,107.0,-117.0
2016-07-31,2016,NYM,COL,6,4,1,-200.0,170.0
2016-07-31,2016,ATL,PHI,2,1,1,118.0,-133.0
2016-07-31,2016,MIL,PIT,4,2,1,132.0,-147.0
2016-07-31,2016,SFG,WSN,3,1,1,107.0,-117.0
2016-07-31,2016,LAD,ARI,14,3,1,-177.0,157.0
2016-07-31,2016,SDP,CIN,2,3,0,118.0,-128.0
2016-07-31,2016,TOR,BAL,2,6,0,-170.0,150.0
2016-07-31,2016,TBR,NYY,5,3,1,107.0,-117.0
2016-07-31,2016,CLE,ATH,8,0,1,-200.0,170.0
2016-07-31,2016,DET,HOU,11,0,1,138.0,-153.0
2016-07-31,2016,MIN,CHW,6,4,1,-126.0,116.0
2016-07-31,2016,TEX,KCR,5,3,1,-130.0,115.0
2016-07-31,2016,LAA,BOS,3,5,0,-123.0,113.0
2016-07-31,2016,CHC,SEA,7,6,1,-118.0,108.0
2016-08-01,2016,CHC,MIA,5,0,1,-180.0,160.0
2016-08-01,2016,ARI,WSN,1,14,0,185.0,-215.0
2016-08-01,2016,SDP,MIL,7,3,1,-105.0,-105.0
2016-08-01,2016,TBR,KCR,0,3,0,-125.0,115.0
2016-08-01,2016,CLE,MIN,5,12,0,-220.0,190.0
2016-08-01,2016,HOU,TOR,2,1,1,-105.0,-105.0
2016-08-01,2016,SEA,BOS,1,2,0,-130.0,115.0
2016-08-01,2016,NYM,NYY,5,6,0,112.0,-122.0
2016-08-02,2016,PHI,SFG,13,8,1,220.0,-260.0
2016-08-02,2016,ATL,PIT,3,5,0,154.0,-174.0
2016-08-02,2016,CIN,STL,7,5,1,142.0,-157.0
2016-08-02,2016,CHC,MIA,3,2,1,105.0,-115.0
2016-08-02,2016,COL,LAD,7,3,1,127.0,-142.0
2016-08-02,2016,ARI,WSN,4,10,0,112.0,-122.0
2016-08-02,2016,SDP,MIL,2,3,0,104.0,-114.0
2016-08-02,2016,BAL,TEX,5,1,1,116.0,-126.0
2016-08-02,2016,CLE,MIN,6,10,0,-210.0,180.0
2016-08-02,2016,TBR,KCR,2,3,0,-117.0,107.0
2016-08-02,2016,DET,CHW,11,5,1,-154.0,139.0
2016-08-02,2016,HOU,TOR,1,2,0,-163.0,148.0
2016-08-02,2016,LAA,ATH,5,4,1,-150.0,135.0
2016-08-02,2016,SEA,BOS,5,4,1,150.0,-170.0
2016-08-02,2016,NYM,NYY,7,1,1,-111.0,101.0
2016-08-03,2016,CHC,MIA,5,4,1,-230.0,200.0
2016-08-03,2016,ARI,WSN,3,8,0,177.0,-207.0
2016-08-03,2016,SDP,MIL,12,3,1,114.0,-124.0
2016-08-03,2016,PHI,SFG,5,4,1,170.0,-200.0
2016-08-03,2016,ATL,PIT,8,4,1,108.0,-118.0
2016-08-03,2016,CIN,STL,4,5,0,126.0,-141.0
2016-08-03,2016,COL,LAD,12,2,1,-105.0,-105.0
2016-08-03,2016,BAL,TEX,3,2,1,-112.0,102.0
2016-08-03,2016,CLE,MIN,5,13,0,-180.0,160.0
2016-08-03,2016,DET,CHW,2,1,1,-141.0,126.0
2016-08-03,2016,TBR,KCR,12,0,1,-145.0,130.0
2016-08-03,2016,HOU,TOR,1,3,0,-109.0,-101.0
2016-08-03,2016,LAA,ATH,8,6,1,-124.0,114.0
2016-08-03,2016,SEA,BOS,3,1,1,107.0,-117.0
2016-08-03,2016,NYY,NYM,9,5,1,-104.0,-106.0
2016-08-04,2016,CIN,STL,7,0,1,134.0,-149.0
2016-08-04,2016,PHI,SFG,2,3,0,107.0,-117.0
2016-08-04,2016,ATL,PIT,5,2,1,118.0,-128.0
2016-08-04,2016,COL,LAD,2,4,0,150.0,-170.0
2016-08-04,2016,CLE,MIN,9,2,1,-155.0,140.0
2016-08-04,2016,TBR,KCR,3,2,1,-129.0,119.0
2016-08-04,2016,DET,CHW,3,6,0,-123.0,113.0
2016-08-04,2016,LAA,ATH,6,8,0,-118.0,108.0
2016-08-04,2016,BAL,TEX,3,5,0,-127.0,117.0
2016-08-04,2016,HOU,TOR,1,4,0,102.0,-112.0
2016-08-04,2016,SEA,BOS,2,3,0,125.0,-140.0
2016-08-04,2016,NYY,NYM,1,4,0,-144.0,129.0
2016-08-05,2016,PIT,CIN,3,2,1,-158.0,143.0
2016-08-05,2016,WSN,SFG,5,1,1,-160.0,145.0
2016-08-05,2016,STL,ATL,1,0,1,-230.0,200.0
2016-08-05,2016,COL,MIA,3,5,0,112.0,-122.0
2016-08-05,2016,ARI,MIL,3,2,1,-116.0,106.0
2016-08-05,2016,SDP,PHI,4,5,0,-105.0,-105.0
2016-08-05,2016,NYY,CLE,13,7,1,-113.0,103.0
2016-08-05,2016,TBR,MIN,2,6,0,-130.0,115.0
2016-08-05,2016,CHW,BAL,5,7,0,107.0,-117.0
2016-08-05,2016,HOU,TEX,5,0,1,-177.0,157.0
2016-08-05,2016,KCR,TOR,3,4,0,140.0,-155.0
2016-08-05,2016,SEA,LAA,6,4,1,-220.0,190.0
2016-08-05,2016,DET,NYM,4,3,1,-148.0,133.0
2016-08-05,2016,ATH,CHC,2,7,0,185.0,-215.0
2016-08-05,2016,LAD,BOS,0,9,0,-140.0,125.0
2016-08-06,2016,PIT,CIN,5,3,1,-130.0,115.0
2016-08-06,2016,WSN,SFG,1,7,0,-215.0,185.0
2016-08-06,2016,STL,ATL,5,13,0,-240.0,200.0
2016-08-06,2016,COL,MIA,12,6,1,-117.0,107.0
2016-08-06,2016,ARI,MIL,6,15,0,-128.0,118.0
2016-08-06,2016,SDP,PHI,9,7,1,-110.0,100.0
2016-08-06,2016,NYY,CLE,2,5,0,175.0,-195.0
2016-08-06,2016,TBR,MIN,7,3,1,-141.0,126.0
2016-08-06,2016,CHW,BAL,4,2,1,132.0,-147.0
2016-08-06,2016,HOU,TEX,2,3,0,-146.0,131.0
2016-08-06,2016,KCR,TOR,4,2,1,139.0,-154.0
2016-08-06,2016,SEA,LAA,8,6,1,107.0,-117.0
2016-08-06,2016,LAD,BOS,3,0,1,-111.0,101.0
2016-08-06,2016,ATH,CHC,0,4,0,176.0,-206.0
2016-08-06,2016,DET,NYM,6,5,1,-185.0,165.0
2016-08-07,2016,PIT,CIN,3,7,0,-175.0,155.0
2016-08-07,2016,WSN,SFG,1,0,1,125.0,-140.0
2016-08-07,2016,STL,ATL,3,6,0,-205.0,175.0
2016-08-07,2016,COL,MIA,7,10,0,-145.0,130.0
2016-08-07,2016,ARI,MIL,9,3,1,-124.0,114.0
2016-08-07,2016,SDP,PHI,5,6,0,-109.0,-101.0
2016-08-07,2016,NYY,CLE,3,2,1,100.0,-110.0
2016-08-07,2016,TBR,MIN,3,6,0,-126.0,116.0
2016-08-07,2016,CHW,BAL,2,10,0,150.0,-170.0
2016-08-07,2016,HOU,TEX,3,5,0,113.0,-123.0
2016-08-07,2016,KCR,TOR,7,1,1,139.0,-154.0
2016-08-07,2016,SEA,LAA,3,1,1,-129.0,119.0
2016-08-07,2016,DET,NYM,1,3,0,115.0,-130.0
2016-08-07,2016,ATH,CHC,1,3,0,160.0,-180.0
2016-08-07,2016,LAD,BOS,8,5,1,101.0,-111.0
2016-08-08,2016,MIA,SFG,7,8,0,-144.0,129.0
2016-08-08,2016,MIL,ATL,3,4,0,-162.0,147.0
2016-08-08,2016,STL,CIN,5,4,1,-196.0,176.0
2016-08-08,2016,LAD,PHI,9,4,1,-265.0,225.0
2016-08-08,2016,TOR,TBR,7,5,1,-153.0,138.0
2016-08-08,2016,MIN,HOU,3,1,1,116.0,-126.0
2016-08-08,2016,ATH,BAL,3,2,1,137.0,-152.0
2016-08-08,2016,SEA,DET,3,0,1,-134.0,119.0
2016-08-08,2016,COL,TEX,3,4,0,114.0,-124.0
2016-08-09,2016,PIT,SDP,6,4,1,-156.0,141.0
2016-08-09,2016,MIA,SFG,2,0,1,-107.0,-103.0
2016-08-09,2016,NYM,ARI,3,5,0,-133.0,118.0
2016-08-09,2016,MIL,ATL,1,2,0,-120.0,110.0
2016-08-09,2016,STL,CIN,4,7,0,-200.0,170.0
2016-08-09,2016,LAD,PHI,9,3,1,-215.0,185.0
2016-08-09,2016,TOR,TBR,2,9,0,-200.0,170.0
2016-08-09,2016,BOS,NYY,5,3,1,-156.0,141.0
2016-08-09,2016,MIN,HOU,5,7,0,117.0,-132.0
2016-08-09,2016,KCR,CHW,5,7,0,132.0,-147.0
2016-08-09,2016,ATH,BAL,2,1,1,125.0,-140.0
2016-08-09,2016,SEA,DET,6,5,1,-119.0,109.0
2016-08-09,2016,COL,TEX,5,7,0,-102.0,-108.0
2016-08-09,2016,WSN,CLE,1,3,0,-180.0,160.0
2016-08-09,2016,CHC,LAA,5,1,1,-230.0,200.0
2016-08-10,2016,MIA,SFG,0,1,0,102.0,-112.0
2016-08-10,2016,LAD,PHI,2,6,0,-205.0,175.0
2016-08-10,2016,PIT,SDP,0,4,0,-185.0,165.0
2016-08-10,2016,NYM,ARI,2,3,0,-114.0,104.0
2016-08-10,2016,STL,CIN,3,2,1,-163.0,148.0
2016-08-10,2016,MIL,ATL,4,3,1,-141.0,126.0
2016-08-10,2016,TOR,TBR,7,0,1,-186.0,166.0
2016-08-10,2016,BOS,NYY,4,9,0,-195.0,175.0
2016-08-10,2016,KCR,CHW,3,2,1,-110.0,100.0
2016-08-10,2016,ATH,BAL,1,0,1,125.0,-140.0
2016-08-10,2016,SEA,DET,3,1,1,103.0,-113.0
2016-08-10,2016,WSN,CLE,7,4,1,-124.0,114.0
2016-08-10,2016,CHC,LAA,3,1,1,-205.0,175.0
2016-08-10,2016,TEX,COL,5,4,1,-195.0,175.0
2016-08-11,2016,NYM,ARI,0,9,0,-240.0,200.0
2016-08-11,2016,PIT,SDP,4,0,1,-200.0,170.0
2016-08-11,2016,MIL,ATL,11,3,1,-127.0,117.0
2016-08-11,2016,CHC,STL,4,3,1,-173.0,153.0
2016-08-11,2016,MIN,HOU,7,15,0,-101.0,-109.0
2016-08-11,2016,ATH,BAL,6,9,0,125.0,-140.0
2016-08-11,2016,BOS,NYY,2,4,0,-129.0,119.0
2016-08-11,2016,CLE,LAA,14,4,1,-255.0,215.0
2016-08-11,2016,KCR,CHW,2,1,1,-160.0,145.0
2016-08-11,2016,TEX,COL,9,12,0,-140.0,125.0
2016-08-11,2016,MIN,HOU,2,10,0,112.0,-122.0
2016-08-12,2016,CHC,STL,13,2,1,-180.0,160.0
2016-08-12,2016,WSN,ATL,5,8,0,-255.0,215.0
2016-08-12,2016,PHI,COL,10,6,1,134.0,-149.0
2016-08-12,2016,NYM,SDP,6,8,0,-150.0,135.0
2016-08-12,2016,MIL,CIN,4,7,0,-105.0,-105.0
2016-08-12,2016,LAD,PIT,1,5,0,-170.0,150.0
2016-08-12,2016,NYY,TBR,6,3,1,100.0,-110.0
2016-08-12,2016,TOR,HOU,3,5,0,-104.0,-106.0
2016-08-12,2016,CLE,LAA,13,3,1,-158.0,143.0
2016-08-12,2016,TEX,DET,8,5,1,-210.0,180.0
2016-08-12,2016,MIN,KCR,3,7,0,-122.0,112.0
2016-08-12,2016,ATH,SEA,6,3,1,-124.0,114.0
2016-08-12,2016,MIA,CHW,2,4,0,-133.0,118.0
2016-08-12,2016,BOS,ARI,9,4,1,-260.0,220.0
2016-08-12,2016,SFG,BAL,2,5,0,107.0,-117.0
2016-08-13,2016,CHC,STL,4,8,0,-210.0,180.0
2016-08-13,2016,LAD,PIT,8,4,1,-109.0,-101.0
2016-08-13,2016,WSN,ATL,7,6,1,-172.0,152.0
2016-08-13,2016,PHI,COL,6,3,1,114.0,-124.0
2016-08-13,2016,NYM,SDP,3,2,1,-240.0,200.0
2016-08-13,2016,MIL,CIN,5,11,0,-125.0,115.0
2016-08-13,2016,NYY,TBR,8,4,1,-141.0,126.0
2016-08-13,2016,TOR,HOU,4,2,1,-154.0,139.0
2016-08-13,2016,MIN,KCR,5,3,1,-140.0,125.0
2016-08-13,2016,CLE,LAA,5,1,1,-124.0,114.0
2016-08-13,2016,TEX,DET,0,2,0,-182.0,162.0
2016-08-13,2016,ATH,SEA,3,4,0,130.0,-145.0
2016-08-13,2016,MIA,CHW,7,8,0,-170.0,150.0
2016-08-13,2016,BOS,ARI,6,3,1,-210.0,180.0
2016-08-13,2016,SFG,BAL,6,2,1,-155.0,140.0
2016-08-14,2016,CHC,STL,4,6,0,-170.0,150.0
2016-08-14,2016,NYM,SDP,5,1,1,-170.0,150.0
2016-08-14,2016,PHI,COL,7,6,1,-101.0,-109.0
2016-08-14,2016,WSN,ATL,9,1,1,-240.0,200.0
2016-08-14,2016,MIL,CIN,7,3,1,-102.0,-108.0
2016-08-14,2016,LAD,PIT,3,11,0,-177.0,157.0
2016-08-14,2016,NYY,TBR,3,12,0,-110.0,100.0
2016-08-14,2016,TOR,HOU,9,2,1,-158.0,143.0
2016-08-14,2016,CLE,LAA,5,4,1,-240.0,200.0
2016-08-14,2016,MIN,KCR,4,11,0,-113.0,103.0
2016-08-14,2016,TEX,DET,0,7,0,-140.0,125.0
2016-08-14,2016,ATH,SEA,4,8,0,107.0,-117.0
2016-08-14,2016,MIA,CHW,5,4,1,138.0,-153.0
2016-08-14,2016,BOS,ARI,16,2,1,-180.0,160.0
2016-08-14,2016,SFG,BAL,7,8,0,-147.0,132.0
2016-08-15,2016,CIN,MIA,3,6,0,111.0,-121.0
2016-08-15,2016,COL,WSN,4,5,0,175.0,-205.0
2016-08-15,2016,ARI,NYM,10,6,1,-122.0,112.0
2016-08-15,2016,SFG,PIT,5,8,0,-129.0,119.0
2016-08-15,2016,CLE,BOS,2,3,0,100.0,-110.0
2016-08-15,2016,NYY,TOR,1,0,1,-103.0,-107.0
2016-08-15,2016,DET,KCR,1,3,0,-128.0,118.0
2016-08-15,2016,TEX,ATH,5,2,1,-180.0,160.0
2016-08-15,2016,LAA,SEA,2,3,0,116.0,-131.0
2016-08-15,2016,TBR,SDP,8,2,1,-205.0,175.0
2016-08-16,2016,CHC,MIL,4,0,1,-215.0,185.0
2016-08-16,2016,PHI,LAD,5,15,0,170.0,-190.0
2016-08-16,2016,CIN,MIA,6,3,1,-112.0,102.0
2016-08-16,2016,CHC,MIL,4,1,1,-191.0,171.0
2016-08-16,2016,COL,WSN,6,2,1,119.0,-134.0
2016-08-16,2016,ARI,NYM,5,7,0,144.0,-159.0
2016-08-16,2016,SFG,PIT,3,4,0,-115.0,105.0
2016-08-16,2016,NYY,TOR,6,12,0,-103.0,-107.0
2016-08-16,2016,BAL,BOS,3,5,0,109.0,-119.0
2016-08-16,2016,DET,KCR,1,6,0,-113.0,103.0
2016-08-16,2016,CLE,CHW,3,1,1,-175.0,155.0
2016-08-16,2016,TEX,ATH,5,4,1,-128.0,118.0
2016-08-16,2016,LAA,SEA,7,6,1,-103.0,-107.0
2016-08-16,2016,ATL,MIN,2,4,0,115.0,-125.0
2016-08-16,2016,TBR,SDP,15,1,1,-190.0,170.0
2016-08-16,2016,HOU,STL,5,8,0,-177.0,157.0
2016-08-17,2016,COL,WSN,12,10,1,146.0,-161.0
2016-08-17,2016,SFG,PIT,5,6,0,-142.0,127.0
2016-08-17,2016,PHI,LAD,2,7,0,175.0,-195.0
2016-08-17,2016,CIN,MIA,3,2,1,-105.0,-105.0
2016-08-17,2016,CHC,MIL,6,1,1,-335.0,285.0
2016-08-17,2016,ARI,NYM,13,5,1,-120.0,110.0
2016-08-17,2016,NYY,TOR,4,7,0,150.0,-170.0
2016-08-17,2016,BAL,BOS,1,8,0,103.0,-113.0
2016-08-17,2016,CLE,CHW,7,10,0,-270.0,230.0
2016-08-17,2016,DET,KCR,1,4,0,-113.0,103.0
2016-08-17,2016,TEX,ATH,6,2,1,-251.0,211.0
2016-08-17,2016,LAA,SEA,3,4,0,-133.0,118.0
2016-08-17,2016,TBR,SDP,2,0,1,-205.0,175.0
2016-08-17,2016,HOU,STL,2,8,0,-107.0,-103.0
2016-08-17,2016,ATL,MIN,3,10,0,-105.0,-105.0
2016-08-18,2016,CHC,MIL,9,6,1,-275.0,235.0
2016-08-18,2016,PHI,LAD,5,4,1,146.0,-161.0
2016-08-18,2016,CIN,MIA,5,4,1,163.0,-183.0
2016-08-18,2016,ATL,WSN,2,8,0,125.0,-140.0
2016-08-18,2016,SDP,ARI,9,8,1,104.0,-114.0
2016-08-18,2016,SFG,NYM,10,7,1,-175.0,155.0
2016-08-18,2016,DET,BOS,4,3,1,-124.0,114.0
2016-08-18,2016,BAL,HOU,13,5,1,-119.0,109.0
2016-08-18,2016,CLE,CHW,5,4,1,-195.0,175.0
2016-08-18,2016,KCR,MIN,8,1,1,-121.0,111.0
2016-08-18,2016,LAA,SEA,6,4,1,101.0,-111.0
2016-08-19,2016,PIT,MIA,5,6,0,-220.0,190.0
2016-08-19,2016,PHI,STL,3,4,0,154.0,-174.0
2016-08-19,2016,CIN,LAD,9,2,1,151.0,-171.0
2016-08-19,2016,ATL,WSN,6,7,0,116.0,-126.0
2016-08-19,2016,COL,CHC,7,6,1,119.0,-134.0
2016-08-19,2016,SFG,NYM,8,1,1,-200.0,170.0
2016-08-19,2016,SDP,ARI,7,4,1,140.0,-155.0
2016-08-19,2016,BAL,HOU,8,15,0,-105.0,-105.0
2016-08-19,2016,TBR,TEX,2,6,0,126.0,-141.0
2016-08-19,2016,DET,BOS,2,10,0,104.0,-114.0
2016-08-19,2016,CLE,TOR,3,2,1,-147.0,132.0
2016-08-19,2016,CHW,ATH,0,9,0,111.0,-121.0
2016-08-19,2016,KCR,MIN,5,4,1,-143.0,128.0
2016-08-19,2016,LAA,NYY,0,7,0,133.0,-148.0
2016-08-19,2016,SEA,MIL,7,6,1,-200.0,170.0
2016-08-20,2016,SFG,NYM,5,9,0,-150.0,135.0
2016-08-20,2016,PIT,MIA,1,3,0,-121.0,111.0
2016-08-20,2016,PHI,STL,4,2,1,113.0,-123.0
2016-08-20,2016,ATL,WSN,9,11,0,239.0,-279.0
2016-08-20,2016,CIN,LAD,11,1,1,126.0,-141.0
2016-08-20,2016,COL,CHC,2,9,0,125.0,-140.0
2016-08-20,2016,SDP,ARI,1,2,0,125.0,-140.0
2016-08-20,2016,TBR,TEX,8,2,1,-111.0,101.0
2016-08-20,2016,BAL,HOU,2,12,0,-141.0,126.0
2016-08-20,2016,DET,BOS,2,3,0,125.0,-140.0
2016-08-20,2016,CLE,TOR,5,6,0,-116.0,106.0
2016-08-20,2016,CHW,ATH,6,2,1,-183.0,163.0
2016-08-20,2016,KCR,MIN,10,0,1,-195.0,175.0
2016-08-20,2016,LAA,NYY,1,5,0,-113.0,103.0
2016-08-20,2016,SEA,MIL,8,2,1,-235.0,205.0
2016-08-21,2016,CIN,LAD,0,4,0,134.0,-149.0
2016-08-21,2016,PHI,STL,0,9,0,109.0,-119.0
2016-08-21,2016,ATL,WSN,7,6,1,153.0,-173.0
2016-08-21,2016,PIT,MIA,2,3,0,-154.0,139.0
2016-08-21,2016,SFG,NYM,0,2,0,115.0,-130.0
2016-08-21,2016,COL,CHC,11,4,1,144.0,-159.0
2016-08-21,2016,SDP,ARI,9,1,1,-117.0,107.0
2016-08-21,2016,DET,BOS,10,5,1,-159.0,144.0
2016-08-21,2016,CLE,TOR,3,2,1,-162.0,147.0
2016-08-21,2016,TBR,TEX,8,4,1,-114.0,104.0
2016-08-21,2016,BAL,HOU,3,5,0,100.0,-110.0
2016-08-21,2016,CHW,ATH,4,2,1,-183.0,163.0
2016-08-21,2016,KCR,MIN,2,1,1,-177.0,157.0
2016-08-21,2016,LAA,NYY,2,0,1,117.0,-132.0
2016-08-21,2016,SEA,MIL,6,7,0,-178.0,158.0
2016-08-22,2016,CIN,LAD,9,18,0,117.0,-132.0
2016-08-22,2016,MIL,COL,4,2,1,-102.0,-108.0
2016-08-22,2016,ARI,ATL,9,8,1,-118.0,108.0
2016-08-22,2016,SDP,CHC,1,5,0,230.0,-270.0
2016-08-22,2016,TBR,BOS,2,6,0,139.0,-154.0
2016-08-22,2016,ATH,CLE,0,1,0,153.0,-173.0
2016-08-22,2016,SEA,NYY,7,5,1,106.0,-116.0
2016-08-22,2016,PIT,HOU,1,3,0,-141.0,126.0
2016-08-22,2016,BAL,WSN,4,3,1,-160.0,145.0
2016-08-23,2016,MIL,COL,6,4,1,106.0,-116.0
2016-08-23,2016,STL,NYM,4,7,0,-160.0,145.0
2016-08-23,2016,ARI,ATL,4,7,0,-119.0,109.0
2016-08-23,2016,SDP,CHC,3,5,0,220.0,-260.0
2016-08-23,2016,LAD,SFG,9,5,1,102.0,-112.0
2016-08-23,2016,TOR,LAA,7,2,1,-145.0,130.0
2016-08-23,2016,TBR,BOS,1,2,0,-123.0,113.0
2016-08-23,2016,MIN,DET,3,8,0,-102.0,-108.0
2016-08-23,2016,ATH,CLE,9,1,1,134.0,-149.0
2016-08-23,2016,SEA,NYY,1,5,0,-154.0,139.0
2016-08-23,2016,PIT,HOU,7,1,1,111.0,-121.0
2016-08-23,2016,BAL,WSN,8,1,1,-159.0,144.0
2016-08-23,2016,CIN,TEX,3,0,1,105.0,-115.0
2016-08-23,2016,MIA,KCR,0,1,0,-104.0,-106.0
2016-08-23,2016,CHW,PHI,9,1,1,-159.0,144.0
2016-08-24,2016,MIL,COL,7,1,1,101.0,-111.0
2016-08-24,2016,SDP,CHC,3,6,0,220.0,-260.0
2016-08-24,2016,STL,NYM,8,1,1,-102.0,-108.0
2016-08-24,2016,ARI,ATL,10,9,1,-129.0,119.0
2016-08-24,2016,LAD,SFG,1,0,1,-140.0,125.0
2016-08-24,2016,ATH,CLE,5,1,1,111.0,-121.0
2016-08-24,2016,SEA,NYY,0,5,0,-105.0,-105.0
2016-08-24,2016,TOR,LAA,2,8,0,-160.0,145.0
2016-08-24,2016,TBR,BOS,4,3,1,116.0,-131.0
2016-08-24,2016,MIN,DET,4,9,0,-105.0,-105.0
2016-08-24,2016,PIT,HOU,4,5,0,-131.0,116.0
2016-08-24,2016,WSN,BAL,8,10,0,-159.0,144.0
2016-08-24,2016,MIA,KCR,3,0,1,-200.0,170.0
2016-08-24,2016,CIN,TEX,5,6,0,180.0,-210.0
2016-08-24,2016,CHW,PHI,3,5,0,-105.0,-105.0
2016-08-25,2016,STL,NYM,6,10,0,-170.0,150.0
2016-08-25,2016,MIL,PIT,2,3,0,110.0,-120.0
2016-08-25,2016,ARI,ATL,1,3,0,-181.0,161.0
2016-08-25,2016,LAD,SFG,0,4,0,-111.0,101.0
2016-08-25,2016,MIN,DET,5,8,0,125.0,-140.0
2016-08-25,2016,TBR,BOS,2,1,1,110.0,-120.0
2016-08-25,2016,TOR,LAA,3,6,0,-276.0,236.0
2016-08-25,2016,TEX,CLE,9,0,1,-151.0,136.0
2016-08-25,2016,CHW,SEA,7,6,1,140.0,-155.0
2016-08-25,2016,WSN,BAL,4,0,1,-210.0,180.0
2016-08-25,2016,MIA,KCR,2,5,0,-115.0,105.0
2016-08-26,2016,WSN,COL,8,5,1,-201.0,171.0
2016-08-26,2016,MIA,SDP,7,6,1,-179.0,159.0
2016-08-26,2016,NYM,PHI,9,4,1,-164.0,149.0
2016-08-26,2016,MIL,PIT,3,5,0,116.0,-126.0
2016-08-26,2016,ARI,CIN,4,3,1,-134.0,119.0
2016-08-26,2016,LAD,CHC,4,6,0,133.0,-148.0
2016-08-26,2016,SFG,ATL,7,0,1,-220.0,190.0
2016-08-26,2016,NYY,BAL,14,4,1,-105.0,-105.0
2016-08-26,2016,TOR,MIN,15,8,1,-240.0,200.0
2016-08-26,2016,BOS,KCR,3,6,0,-160.0,145.0
2016-08-26,2016,DET,LAA,4,2,1,-205.0,175.0
2016-08-26,2016,TEX,CLE,1,12,0,138.0,-153.0
2016-08-26,2016,HOU,TBR,5,4,1,-154.0,139.0
2016-08-26,2016,CHW,SEA,1,3,0,-153.0,138.0
2016-08-26,2016,STL,ATH,3,1,1,-215.0,185.0
2016-08-27,2016,WSN,COL,4,9,0,-175.0,155.0
2016-08-27,2016,LAD,CHC,3,2,1,-133.0,118.0
2016-08-27,2016,MIL,PIT,6,9,0,146.0,-161.0
2016-08-27,2016,NYM,PHI,12,1,1,-210.0,180.0
2016-08-27,2016,MIA,SDP,0,1,0,-117.0,107.0
2016-08-27,2016,ARI,CIN,0,13,0,-101.0,-109.0
2016-08-27,2016,SFG,ATL,1,3,0,-126.0,116.0
2016-08-27,2016,NYY,BAL,13,5,1,-120.0,110.0
2016-08-27,2016,TOR,MIN,8,7,1,-205.0,175.0
2016-08-27,2016,BOS,KCR,8,3,1,-156.0,141.0
2016-08-27,2016,DET,LAA,2,3,0,-210.0,180.0
2016-08-27,2016,HOU,TBR,6,2,1,-195.0,175.0
2016-08-27,2016,CHW,SEA,9,3,1,-145.0,130.0
2016-08-27,2016,TEX,CLE,7,0,1,132.0,-147.0
2016-08-27,2016,STL,ATH,2,3,0,-215.0,185.0
2016-08-28,2016,NYM,PHI,1,5,0,-131.0,116.0
2016-08-28,2016,MIA,SDP,1,3,0,-150.0,135.0
2016-08-28,2016,WSN,COL,3,5,0,-150.0,135.0
2016-08-28,2016,MIL,PIT,1,3,0,126.0,-141.0
2016-08-28,2016,SFG,ATL,13,4,1,-315.0,265.0
2016-08-28,2016,ARI,CIN,11,2,1,108.0,-118.0
2016-08-28,2016,LAD,CHC,1,0,1,153.0,-168.0
2016-08-28,2016,NYY,BAL,0,5,0,111.0,-121.0
2016-08-28,2016,TOR,MIN,9,6,1,-172.0,152.0
2016-08-28,2016,DET,LAA,0,5,0,-142.0,127.0
2016-08-28,2016,BOS,KCR,4,10,0,-150.0,135.0
2016-08-28,2016,HOU,TBR,4,10,0,-117.0,107.0
2016-08-28,2016,CHW,SEA,4,1,1,-109.0,-101.0
2016-08-28,2016,TEX,CLE,2,1,1,106.0,-116.0
2016-08-28,2016,STL,ATH,4,7,0,-151.0,136.0
2016-08-29,2016,PHI,WSN,0,4,0,175.0,-195.0
2016-08-29,2016,NYM,MIA,2,1,1,141.0,-156.0
2016-08-29,2016,MIL,STL,5,6,0,119.0,-134.0
2016-08-29,2016,CHC,PIT,8,7,1,-240.0,200.0
2016-08-29,2016,COL,LAD,8,1,1,112.0,-122.0
2016-08-29,2016,BAL,TOR,1,5,0,127.0,-142.0
2016-08-29,2016,BOS,TBR,9,4,1,-171.0,151.0
2016-08-29,2016,CLE,MIN,1,0,1,-195.0,175.0
2016-08-29,2016,DET,CHW,4,3,1,-200.0,170.0
2016-08-29,2016,TEX,SEA,6,3,1,-164.0,149.0
2016-08-29,2016,HOU,ATH,6,0,1,-177.0,157.0
2016-08-29,2016,KCR,NYY,8,5,1,115.0,-125.0
2016-08-29,2016,LAA,CIN,9,2,1,-177.0,157.0
2016-08-30,2016,PHI,WSN,2,3,0,185.0,-215.0
2016-08-30,2016,NYM,MIA,7,4,1,-126.0,116.0
2016-08-30,2016,ATL,SDP,7,3,1,-190.0,170.0
2016-08-30,2016,CHC,PIT,3,0,1,-210.0,180.0
2016-08-30,2016,MIL,STL,1,2,0,148.0,-163.0
2016-08-30,2016,SFG,ARI,3,4,0,-163.0,148.0
2016-08-30,2016,BAL,TOR,5,3,1,129.0,-144.0
2016-08-30,2016,BOS,TBR,3,4,0,-171.0,151.0
2016-08-30,2016,DET,CHW,8,4,1,-182.0,162.0
2016-08-30,2016,CLE,MIN,5,4,1,-195.0,175.0
2016-08-30,2016,TEX,SEA,8,7,1,-154.0,139.0
2016-08-30,2016,HOU,ATH,3,1,1,-195.0,175.0
2016-08-30,2016,KCR,NYY,4,5,0,126.0,-141.0
2016-08-30,2016,LAA,CIN,4,2,1,-143.0,128.0
2016-08-31,2016,COL,LAD,7,0,1,-147.0,132.0
2016-08-31,2016,SFG,ARI,4,2,1,-174.0,154.0
2016-08-31,2016,PHI,WSN,1,2,0,180.0,-210.0
2016-08-31,2016,NYM,MIA,5,2,1,-162.0,147.0
2016-08-31,2016,ATL,SDP,8,1,1,-143.0,128.0
2016-08-31,2016,CHC,PIT,6,5,1,-176.0,156.0
2016-08-31,2016,MIL,STL,3,1,1,133.0,-148.0
2016-08-31,2016,DET,CHW,3,2,1,-119.0,109.0
2016-08-31,2016,BOS,TBR,8,6,1,-161.0,146.0
2016-08-31,2016,TEX,SEA,14,1,1,-106.0,-104.0
2016-08-31,2016,HOU,ATH,4,3,1,-230.0,200.0
2016-08-31,2016,BAL,TOR,3,5,0,145.0,-160.0
2016-08-31,2016,CLE,MIN,8,4,1,-320.0,270.0
2016-08-31,2016,KCR,NYY,4,5,0,-150.0,135.0
2016-08-31,2016,LAA,CIN,3,0,1,103.0,-113.0
2016-08-31,2016,COL,LAD,8,10,0,145.0,-160.0
2016-09-01,2016,ATL,SDP,9,6,1,-145.0,130.0
2016-09-01,2016,NYM,MIA,4,6,0,-261.0,221.0
2016-09-01,2016,CHC,SFG,5,4,1,-140.0,125.0
2016-09-01,2016,MIN,CHW,8,5,1,103.0,-113.0
2016-09-02,2016,CHC,SFG,2,1,1,-235.0,205.0
2016-09-02,2016,PIT,MIL,0,1,0,-184.0,164.0
2016-09-02,2016,PHI,ATL,4,4,0,-141.0,126.0
2016-09-02,2016,NYM,WSN,1,2,0,-160.0,145.0
2016-09-02,2016,CIN,STL,3,2,1,127.0,-142.0
2016-09-02,2016,COL,ARI,14,7,1,109.0,-119.0
2016-09-02,2016,LAD,SDP,2,4,0,-255.0,215.0
2016-09-02,2016,BAL,NYY,8,0,1,-143.0,128.0
2016-09-02,2016,TBR,TOR,8,3,1,140.0,-155.0
2016-09-02,2016,TEX,HOU,10,8,1,-109.0,-101.0
2016-09-02,2016,MIN,CHW,4,11,0,106.0,-116.0
2016-09-02,2016,KCR,DET,6,7,0,-144.0,129.0
2016-09-02,2016,ATH,BOS,2,16,0,145.0,-160.0
2016-09-02,2016,SEA,LAA,11,8,1,-129.0,119.0
2016-09-02,2016,CLE,MIA,6,2,1,-321.0,271.0
2016-09-03,2016,CHC,SFG,2,3,0,-131.0,116.0
2016-09-03,2016,CIN,STL,9,1,1,110.0,-120.0
2016-09-03,2016,PHI,ATL,4,6,0,-119.0,109.0
2016-09-03,2016,PIT,MIL,4,7,0,-195.0,175.0
2016-09-03,2016,NYM,WSN,3,1,1,119.0,-134.0
2016-09-03,2016,COL,ARI,4,9,0,-181.0,161.0
2016-09-03,2016,LAD,SDP,5,1,1,-285.0,245.0
2016-09-03,2016,TEX,HOU,12,4,1,125.0,-140.0
2016-09-03,2016,TBR,TOR,7,5,1,126.0,-141.0
2016-09-03,2016,BAL,NYY,2,0,1,-170.0,150.0
2016-09-03,2016,MIN,CHW,11,3,1,-141.0,126.0
2016-09-03,2016,KCR,DET,5,2,1,-124.0,114.0
2016-09-03,2016,ATH,BOS,2,11,0,175.0,-205.0
2016-09-03,2016,SEA,LAA,3,10,0,-126.0,116.0
2016-09-03,2016,CLE,MIA,8,3,1,-112.0,102.0
2016-09-04,2016,CIN,STL,2,5,0,180.0,-210.0
2016-09-04,2016,NYM,WSN,5,1,1,-116.0,106.0
2016-09-04,2016,PHI,ATL,0,2,0,156.0,-176.0
2016-09-04,2016,PIT,MIL,0,10,0,-185.0,165.0
2016-09-04,2016,CHC,SFG,3,2,1,-142.0,127.0
2016-09-04,2016,LAD,SDP,7,4,1,-211.0,181.0
2016-09-04,2016,COL,ARI,5,8,0,-195.0,175.0
2016-09-04,2016,TBR,TOR,3,5,0,101.0,-111.0
2016-09-04,2016,BAL,NYY,2,4,0,-116.0,106.0
2016-09-04,2016,MIN,CHW,11,13,0,-134.0,119.0
2016-09-04,2016,KCR,DET,5,6,0,-105.0,-105.0
2016-09-04,2016,TEX,HOU,6,7,0,-159.0,144.0
2016-09-04,2016,ATH,BOS,1,0,1,111.0,-121.0
2016-09-04,2016,SEA,LAA,2,4,0,-115.0,105.0
2016-09-04,2016,CLE,MIA,6,5,1,-215.0,185.0
2016-09-05,2016,MIA,PHI,2,6,0,106.0,-116.0
2016-09-05,2016,CIN,NYM,0,5,0,-105.0,-105.0
2016-09-05,2016,MIL,CHC,2,7,0,163.0,-183.0
2016-09-05,2016,PIT,STL,6,12,0,-105.0,-105.0
2016-09-05,2016,WSN,ATL,6,4,1,-267.0,227.0
2016-09-05,2016,COL,SFG,6,0,1,-105.0,-105.0
2016-09-05,2016,LAD,ARI,10,2,1,-164.0,149.0
2016-09-05,2016,NYY,TOR,5,3,1,-153.0,138.0
2016-09-05,2016,TBR,BAL,3,7,0,-113.0,103.0
2016-09-05,2016,MIN,KCR,5,11,0,119.0,-134.0
2016-09-05,2016,ATH,LAA,7,10,0,-130.0,115.0
2016-09-05,2016,CHW,DET,3,5,0,-102.0,-108.0
2016-09-05,2016,SEA,TEX,14,6,1,112.0,-122.0
2016-09-05,2016,CLE,HOU,2,6,0,-105.0,-105.0
2016-09-05,2016,SDP,BOS,2,1,1,180.0,-210.0
2016-09-06,2016,WSN,ATL,9,7,1,-230.0,200.0
2016-09-06,2016,PIT,STL,7,9,0,107.0,-117.0
2016-09-06,2016,CIN,NYM,3,5,0,-120.0,110.0
2016-09-06,2016,MIA,PHI,3,4,0,-140.0,125.0
2016-09-06,2016,MIL,CHC,12,5,1,153.0,-168.0
2016-09-06,2016,COL,SFG,2,3,0,-160.0,145.0
2016-09-06,2016,LAD,ARI,5,2,1,-190.0,170.0
2016-09-06,2016,NYY,TOR,7,6,1,146.0,-161.0
2016-09-06,2016,TBR,BAL,2,11,0,-134.0,119.0
2016-09-06,2016,CLE,HOU,3,4,0,-205.0,175.0
2016-09-06,2016,CHW,DET,2,0,1,113.0,-123.0
2016-09-06,2016,MIN,KCR,3,10,0,-122.0,112.0
2016-09-06,2016,ATH,LAA,3,2,1,-101.0,-109.0
2016-09-06,2016,SEA,TEX,7,10,0,-155.0,140.0
2016-09-06,2016,SDP,BOS,1,5,0,175.0,-195.0
2016-09-07,2016,CIN,NYM,3,6,0,146.0,-161.0
2016-09-07,2016,PIT,STL,4,3,1,-121.0,111.0
2016-09-07,2016,WSN,ATL,5,4,1,-230.0,200.0
2016-09-07,2016,MIA,PHI,6,0,1,-133.0,118.0
2016-09-07,2016,MIL,CHC,2,1,1,155.0,-175.0
2016-09-07,2016,COL,SFG,6,5,1,109.0,-119.0
2016-09-07,2016,LAD,ARI,3,1,1,-126.0,116.0
2016-09-07,2016,TBR,BAL,7,6,1,112.0,-122.0
2016-09-07,2016,CHW,DET,7,4,1,-126.0,116.0
2016-09-07,2016,ATH,LAA,4,1,1,-149.0,134.0
2016-09-07,2016,NYY,TOR,2,0,1,156.0,-176.0
2016-09-07,2016,CLE,HOU,6,5,1,-181.0,161.0
2016-09-07,2016,MIN,KCR,6,5,1,142.0,-157.0
2016-09-07,2016,SEA,TEX,8,3,1,-116.0,106.0
2016-09-07,2016,SDP,BOS,2,7,0,201.0,-241.0
2016-09-08,2016,WSN,PHI,1,4,0,-210.0,180.0
2016-09-08,2016,PIT,CIN,4,1,1,-173.0,153.0
2016-09-08,2016,STL,MIL,5,12,0,-156.0,141.0
2016-09-08,2016,SDP,COL,14,1,1,-129.0,119.0
2016-09-08,2016,CLE,HOU,10,7,1,-140.0,125.0
2016-09-08,2016,NYY,TBR,5,4,1,-129.0,119.0
2016-09-08,2016,SEA,TEX,6,3,1,-134.0,119.0
2016-09-09,2016,WSN,PHI,5,4,1,-275.0,235.0
2016-09-09,2016,PIT,CIN,3,4,0,-161.0,146.0
2016-09-09,2016,MIA,LAD,4,1,1,148.0,-163.0
2016-09-09,2016,ATL,NYM,4,6,0,-126.0,116.0
2016-09-09,2016,STL,MIL,4,3,1,-265.0,225.0
2016-09-09,2016,ARI,SFG,6,6,0,175.0,-205.0
2016-09-09,2016,SDP,COL,1,4,0,103.0,-113.0
2016-09-09,2016,NYY,TBR,7,5,1,-174.0,154.0
2016-09-09,2016,TOR,BOS,3,13,0,-101.0,-109.0
2016-09-09,2016,DET,BAL,4,3,1,-103.0,-107.0
2016-09-09,2016,CHW,KCR,7,2,1,-118.0,108.0
2016-09-09,2016,MIN,CLE,4,5,0,142.0,-157.0
2016-09-09,2016,LAA,TEX,1,2,0,119.0,-134.0
2016-09-09,2016,ATH,SEA,2,3,0,127.0,-142.0
2016-09-09,2016,HOU,CHC,0,2,0,129.0,-144.0
2016-09-10,2016,PIT,CIN,7,8,0,-170.0,150.0
2016-09-10,2016,WSN,PHI,3,0,1,-305.0,255.0
2016-09-10,2016,ATL,NYM,4,3,1,115.0,-130.0
2016-09-10,2016,MIA,LAD,0,5,0,185.0,-215.0
2016-09-10,2016,STL,MIL,5,1,1,-195.0,175.0
2016-09-10,2016,ARI,SFG,3,11,0,166.0,-186.0
2016-09-10,2016,SDP,COL,6,3,1,113.0,-123.0
2016-09-10,2016,NYY,TBR,5,1,1,-141.0,126.0
2016-09-10,2016,TOR,BOS,3,2,1,-156.0,141.0
2016-09-10,2016,ATH,SEA,3,14,0,-104.0,-106.0
2016-09-10,2016,DET,BAL,3,11,0,-124.0,114.0
2016-09-10,2016,MIN,CLE,2,1,1,119.0,-134.0
2016-09-10,2016,CHW,KCR,5,6,0,118.0,-133.0
2016-09-10,2016,LAA,TEX,5,8,0,134.0,-149.0
2016-09-10,2016,HOU,CHC,2,1,1,-110.0,100.0
2016-09-11,2016,MIA,LAD,3,0,1,170.0,-200.0
2016-09-11,2016,PIT,CIN,0,8,0,-149.0,134.0
2016-09-11,2016,ATL,NYM,3,10,0,117.0,-132.0
2016-09-11,2016,WSN,PHI,3,2,1,-235.0,205.0
2016-09-11,2016,STL,MIL,1,2,0,-174.0,154.0
2016-09-11,2016,ARI,SFG,3,5,0,-114.0,104.0
2016-09-11,2016,SDP,COL,2,3,0,116.0,-131.0
2016-09-11,2016,NYY,TBR,2,4,0,-123.0,113.0
2016-09-11,2016,TOR,BOS,8,11,0,-151.0,136.0
2016-09-11,2016,DET,BAL,1,3,0,-163.0,148.0
2016-09-11,2016,CHW,KCR,0,2,0,-161.0,146.0
2016-09-11,2016,MIN,CLE,1,7,0,185.0,-215.0
2016-09-11,2016,LAA,TEX,3,2,1,102.0,-112.0
2016-09-11,2016,ATH,SEA,2,3,0,140.0,-155.0
2016-09-11,2016,HOU,CHC,5,9,0,128.0,-143.0
2016-09-12,2016,PHI,PIT,6,2,1,125.0,-140.0
2016-09-12,2016,WSN,NYM,8,1,1,-131.0,116.0
2016-09-12,2016,ATL,MIA,12,7,1,-118.0,108.0
2016-09-12,2016,CIN,MIL,3,0,1,-107.0,-103.0
2016-09-12,2016,STL,CHC,1,4,0,127.0,-142.0
2016-09-12,2016,ARI,COL,12,9,1,119.0,-134.0
2016-09-12,2016,SFG,SDP,0,4,0,-305.0,255.0
2016-09-12,2016,TOR,TBR,3,2,1,-170.0,150.0
2016-09-12,2016,BOS,BAL,12,2,1,-205.0,175.0
2016-09-12,2016,DET,MIN,4,2,1,-137.0,122.0
2016-09-12,2016,KCR,ATH,3,16,0,-146.0,131.0
2016-09-12,2016,CHW,CLE,11,4,1,175.0,-195.0
2016-09-12,2016,HOU,TEX,3,4,0,-134.0,119.0
2016-09-12,2016,LAA,SEA,1,8,0,-116.0,106.0
2016-09-12,2016,NYY,LAD,2,8,0,140.0,-155.0
2016-09-13,2016,WSN,NYM,3,4,0,105.0,-115.0
2016-09-13,2016,PHI,PIT,3,5,0,136.0,-151.0
2016-09-13,2016,CIN,MIL,6,4,1,-123.0,113.0
2016-09-13,2016,ATL,MIA,5,7,0,-125.0,115.0
2016-09-13,2016,STL,CHC,4,2,1,-112.0,102.0
2016-09-13,2016,ARI,COL,11,4,1,-163.0,148.0
2016-09-13,2016,SFG,SDP,4,6,0,-150.0,135.0
2016-09-13,2016,TOR,TBR,2,6,0,-175.0,155.0
2016-09-13,2016,BOS,BAL,3,6,0,-156.0,141.0
2016-09-13,2016,DET,MIN,1,8,0,-164.0,149.0
2016-09-13,2016,KCR,ATH,4,5,0,-170.0,150.0
2016-09-13,2016,CHW,CLE,8,1,1,-119.0,109.0
2016-09-13,2016,HOU,TEX,2,3,0,-146.0,131.0
2016-09-13,2016,LAA,SEA,0,8,0,115.0,-130.0
2016-09-13,2016,NYY,LAD,3,0,1,-104.0,-106.0
2016-09-14,2016,STL,CHC,0,7,0,119.0,-134.0
2016-09-14,2016,SFG,SDP,1,3,0,-265.0,225.0
2016-09-14,2016,WSN,NYM,1,0,1,-185.0,165.0
2016-09-14,2016,PHI,PIT,6,2,1,101.0,-111.0
2016-09-14,2016,CIN,MIL,0,7,0,-116.0,106.0
2016-09-14,2016,ATL,MIA,5,7,0,130.0,-145.0
2016-09-14,2016,ARI,COL,11,6,1,-130.0,115.0
2016-09-14,2016,TOR,TBR,1,8,0,-143.0,128.0
2016-09-14,2016,BOS,BAL,0,1,0,-157.0,142.0
2016-09-14,2016,DET,MIN,9,6,1,-175.0,155.0
2016-09-14,2016,KCR,ATH,0,8,0,-122.0,112.0
2016-09-14,2016,CHW,CLE,1,6,0,104.0,-114.0
2016-09-14,2016,HOU,TEX,8,4,1,-171.0,151.0
2016-09-14,2016,LAA,SEA,1,2,0,142.0,-157.0
2016-09-14,2016,NYY,LAD,0,2,0,151.0,-171.0
2016-09-15,2016,PHI,PIT,2,15,0,-122.0,112.0
2016-09-15,2016,CHC,MIL,4,5,0,-220.0,190.0
2016-09-15,2016,ARI,LAD,7,3,1,190.0,-220.0
2016-09-15,2016,SFG,STL,6,2,1,-160.0,145.0
2016-09-15,2016,DET,MIN,1,5,0,-150.0,135.0
2016-09-15,2016,CHW,CLE,2,1,1,127.0,-142.0
2016-09-15,2016,BAL,TBR,6,7,0,-120.0,110.0
2016-09-15,2016,BOS,NYY,7,5,1,-128.0,118.0
2016-09-15,2016,KCR,ATH,5,14,0,-149.0,134.0
2016-09-15,2016,LAA,TOR,2,7,0,150.0,-170.0
2016-09-16,2016,CHC,MIL,5,4,1,-163.0,148.0
2016-09-16,2016,PHI,MIA,4,3,1,126.0,-141.0
2016-09-16,2016,CIN,PIT,7,9,0,109.0,-119.0
2016-09-16,2016,ATL,WSN,2,7,0,225.0,-265.0
2016-09-16,2016,COL,SDP,8,7,1,-159.0,144.0
2016-09-16,2016,ARI,LAD,2,3,0,126.0,-141.0
2016-09-16,2016,SFG,STL,8,2,1,-115.0,105.0
2016-09-16,2016,BAL,TBR,5,4,1,-106.0,-104.0
2016-09-16,2016,BOS,NYY,7,4,1,-173.0,153.0
2016-09-16,2016,CLE,DET,11,4,1,-185.0,165.0
2016-09-16,2016,TEX,ATH,7,6,1,-201.0,171.0
2016-09-16,2016,KCR,CHW,4,7,0,117.0,-127.0
2016-09-16,2016,LAA,TOR,0,5,0,130.0,-145.0
2016-09-16,2016,SEA,HOU,0,6,0,-131.0,116.0
2016-09-16,2016,NYM,MIN,3,0,1,-174.0,154.0
2016-09-17,2016,ATL,WSN,7,3,1,149.0,-164.0
2016-09-17,2016,CHC,MIL,3,11,0,-208.0,178.0
2016-09-17,2016,CIN,PIT,4,10,0,103.0,-113.0
2016-09-17,2016,PHI,MIA,8,0,1,-109.0,-101.0
2016-09-17,2016,ARI,LAD,2,6,0,139.0,-154.0
2016-09-17,2016,COL,SDP,8,0,1,-200.0,170.0
2016-09-17,2016,SFG,STL,2,3,0,-128.0,118.0
2016-09-17,2016,BOS,NYY,6,5,1,-262.0,222.0
2016-09-17,2016,CLE,DET,1,0,1,-134.0,119.0
2016-09-17,2016,BAL,TBR,2,5,0,-140.0,125.0
2016-09-17,2016,KCR,CHW,3,2,1,-128.0,118.0
2016-09-17,2016,TEX,ATH,2,11,0,-253.0,213.0
2016-09-17,2016,LAA,TOR,6,1,1,125.0,-140.0
2016-09-17,2016,SEA,HOU,1,2,0,-141.0,126.0
2016-09-17,2016,NYM,MIN,3,2,1,-150.0,135.0
2016-09-17,2016,CIN,PIT,3,7,0,106.0,-116.0
2016-09-18,2016,CIN,PIT,7,4,1,118.0,-133.0
2016-09-18,2016,PHI,MIA,4,5,0,110.0,-120.0
2016-09-18,2016,ATL,WSN,6,2,1,128.0,-143.0
2016-09-18,2016,CHC,MIL,1,3,0,-350.0,290.0
2016-09-18,2016,SFG,STL,0,3,0,105.0,-115.0
2016-09-18,2016,COL,SDP,6,3,1,-186.0,166.0
2016-09-18,2016,ARI,LAD,10,9,1,119.0,-129.0
2016-09-18,2016,BOS,NYY,5,4,1,-179.0,159.0
2016-09-18,2016,CLE,DET,5,9,0,-141.0,126.0
2016-09-18,2016,BAL,TBR,2,1,1,-154.0,139.0
2016-09-18,2016,KCR,CHW,10,3,1,-117.0,107.0
2016-09-18,2016,TEX,ATH,2,5,0,-172.0,152.0
2016-09-18,2016,LAA,TOR,4,0,1,143.0,-158.0
2016-09-18,2016,SEA,HOU,7,3,1,-110.0,100.0
2016-09-18,2016,NYM,MIN,3,2,1,-132.0,117.0
2016-09-19,2016,MIA,WSN,4,3,1,-129.0,119.0
2016-09-19,2016,NYM,ATL,3,7,0,-265.0,225.0
2016-09-19,2016,CHC,CIN,5,2,1,-275.0,235.0
2016-09-19,2016,COL,STL,3,5,0,106.0,-116.0
2016-09-19,2016,SDP,ARI,3,2,1,-153.0,138.0
2016-09-19,2016,LAD,SFG,2,1,1,-181.0,161.0
2016-09-19,2016,KCR,CHW,8,3,1,-123.0,113.0
2016-09-19,2016,BAL,BOS,2,5,0,116.0,-126.0
2016-09-19,2016,TEX,LAA,3,2,1,-132.0,117.0
2016-09-19,2016,ATH,HOU,2,4,0,104.0,-114.0
2016-09-19,2016,SEA,TOR,2,3,0,-117.0,107.0
2016-09-20,2016,NYM,ATL,4,5,0,-123.0,113.0
2016-09-20,2016,MIA,WSN,1,0,1,-179.0,159.0
2016-09-20,2016,CHC,CIN,6,1,1,-295.0,255.0
2016-09-20,2016,MIL,PIT,3,6,0,113.0,-123.0
2016-09-20,2016,COL,STL,5,10,0,113.0,-123.0
2016-09-20,2016,SDP,ARI,5,2,1,110.0,-120.0
2016-09-20,2016,LAD,SFG,0,2,0,-147.0,132.0
2016-09-20,2016,BAL,BOS,2,5,0,-153.0,138.0
2016-09-20,2016,TBR,NYY,3,5,0,105.0,-115.0
2016-09-20,2016,CLE,KCR,2,1,1,-157.0,142.0
2016-09-20,2016,TEX,LAA,5,4,1,-193.0,173.0
2016-09-20,2016,MIN,DET,1,8,0,101.0,-111.0
2016-09-20,2016,ATH,HOU,1,2,0,115.0,-130.0
2016-09-20,2016,SEA,TOR,2,10,0,104.0,-114.0
2016-09-20,2016,PHI,CHW,7,6,1,-108.0,-102.0
2016-09-21,2016,COL,STL,11,1,1,115.0,-130.0
2016-09-21,2016,NYM,ATL,3,4,0,-178.0,158.0
2016-09-21,2016,MIA,WSN,3,8,0,180.0,-210.0
2016-09-21,2016,CHC,CIN,9,2,1,-291.0,251.0
2016-09-21,2016,MIL,PIT,1,4,0,117.0,-132.0
2016-09-21,2016,SDP,ARI,2,3,0,117.0,-127.0
2016-09-21,2016,LAD,SFG,9,3,1,-151.0,136.0
2016-09-21,2016,ATH,HOU,5,6,0,154.0,-174.0
2016-09-21,2016,SEA,TOR,2,1,1,114.0,-124.0
2016-09-21,2016,BAL,BOS,1,5,0,-105.0,-105.0
2016-09-21,2016,TBR,NYY,5,11,0,114.0,-124.0
2016-09-21,2016,CLE,KCR,4,3,1,-185.0,165.0
2016-09-21,2016,TEX,LAA,4,5,0,-149.0,134.0
2016-09-21,2016,PHI,CHW,8,3,1,134.0,-149.0
2016-09-22,2016,MIA,ATL,3,6,0,-140.0,125.0
2016-09-22,2016,NYM,PHI,9,8,1,-159.0,144.0
2016-09-22,2016,MIL,PIT,3,1,1,111.0,-121.0
2016-09-22,2016,SDP,SFG,1,2,0,142.0,-157.0
2016-09-22,2016,LAD,COL,7,4,1,-258.0,218.0
2016-09-22,2016,BAL,BOS,3,5,0,114.0,-124.0
2016-09-22,2016,TBR,NYY,2,0,1,-131.0,116.0
2016-09-22,2016,CLE,KCR,5,2,1,-142.0,127.0
2016-09-22,2016,MIN,DET,2,4,0,137.0,-152.0
2016-09-22,2016,HOU,LAA,0,2,0,-162.0,147.0
2016-09-22,2016,MIN,DET,2,9,0,130.0,-145.0
2016-09-23,2016,CHC,STL,5,0,1,-195.0,175.0
2016-09-23,2016,PIT,WSN,6,5,1,-118.0,108.0
2016-09-23,2016,MIA,ATL,2,3,0,-150.0,135.0
2016-09-23,2016,NYM,PHI,10,5,1,-149.0,134.0
2016-09-23,2016,MIL,CIN,5,4,1,-116.0,106.0
2016-09-23,2016,LAD,COL,5,2,1,-175.0,155.0
2016-09-23,2016,SDP,SFG,7,2,1,141.0,-156.0
2016-09-23,2016,TOR,NYY,9,0,1,-215.0,185.0
2016-09-23,2016,TBR,BOS,1,2,0,106.0,-116.0
2016-09-23,2016,DET,KCR,8,3,1,-131.0,116.0
2016-09-23,2016,CLE,CHW,10,4,1,-180.0,160.0
2016-09-23,2016,HOU,LAA,6,10,0,-146.0,131.0
2016-09-23,2016,MIN,SEA,1,10,0,156.0,-176.0
2016-09-23,2016,ATH,TEX,0,3,0,141.0,-156.0
2016-09-23,2016,BAL,ARI,3,2,1,-230.0,200.0
2016-09-24,2016,CHC,STL,4,10,0,-141.0,126.0
2016-09-24,2016,PIT,WSN,1,6,0,-110.0,100.0
2016-09-24,2016,MIA,ATL,6,4,1,-205.0,175.0
2016-09-24,2016,NYM,PHI,8,10,0,-211.0,181.0
2016-09-24,2016,MIL,CIN,1,6,0,-106.0,-104.0
2016-09-24,2016,SDP,SFG,6,9,0,200.0,-240.0
2016-09-24,2016,LAD,COL,14,1,1,-340.0,290.0
2016-09-24,2016,TOR,NYY,3,0,1,-235.0,205.0
2016-09-24,2016,ATH,TEX,0,5,0,107.0,-117.0
2016-09-24,2016,TBR,BOS,4,6,0,130.0,-145.0
2016-09-24,2016,HOU,LAA,4,10,0,-141.0,126.0
2016-09-24,2016,CLE,CHW,1,8,0,-144.0,129.0
2016-09-24,2016,DET,KCR,4,7,0,-161.0,146.0
2016-09-24,2016,MIN,SEA,3,2,1,125.0,-140.0
2016-09-24,2016,BAL,ARI,6,1,1,-151.0,136.0
2016-09-25,2016,NYM,PHI,17,0,1,-195.0,175.0
2016-09-25,2016,PIT,WSN,7,10,0,-140.0,125.0
2016-09-25,2016,MIL,CIN,2,4,0,-131.0,116.0
2016-09-25,2016,CHC,STL,3,1,1,-173.0,153.0
2016-09-25,2016,LAD,COL,4,3,1,-144.0,129.0
2016-09-25,2016,SDP,SFG,4,3,1,109.0,-119.0
2016-09-25,2016,TOR,NYY,4,3,1,-126.0,116.0
2016-09-25,2016,TBR,BOS,2,3,0,114.0,-124.0
2016-09-25,2016,DET,KCR,9,12,0,-153.0,138.0
2016-09-25,2016,CLE,CHW,0,3,0,-164.0,149.0
2016-09-25,2016,HOU,LAA,4,1,1,-185.0,165.0
2016-09-25,2016,MIN,SEA,3,4,0,131.0,-146.0
2016-09-25,2016,ATH,TEX,7,1,1,-111.0,101.0
2016-09-25,2016,BAL,ARI,2,1,1,-260.0,220.0
2016-09-26,2016,WSN,ARI,4,14,0,-176.0,156.0
2016-09-26,2016,PIT,CHC,2,12,0,148.0,-163.0
2016-09-26,2016,MIA,NYM,7,3,1,-119.0,109.0
2016-09-26,2016,STL,CIN,2,15,0,-255.0,215.0
2016-09-26,2016,TOR,NYY,5,7,0,-210.0,180.0
2016-09-26,2016,DET,CLE,4,7,0,157.0,-177.0
2016-09-26,2016,CHW,TBR,7,1,1,115.0,-130.0
2016-09-26,2016,HOU,SEA,3,4,0,-123.0,113.0
2016-09-26,2016,LAA,ATH,2,1,1,-102.0,-108.0
2016-09-26,2016,TEX,MIL,3,8,0,-180.0,160.0
2016-09-27,2016,PIT,CHC,4,6,0,133.0,-148.0
2016-09-27,2016,WSN,ARI,4,2,1,-270.0,230.0
2016-09-27,2016,MIA,NYM,1,12,0,154.0,-174.0
2016-09-27,2016,ATL,PHI,7,6,1,-148.0,133.0
2016-09-27,2016,STL,CIN,12,5,1,-230.0,200.0
2016-09-27,2016,SDP,LAD,7,1,1,205.0,-235.0
2016-09-27,2016,SFG,COL,12,3,1,-200.0,170.0
2016-09-27,2016,NYY,BOS,6,4,1,190.0,-220.0
2016-09-27,2016,TOR,BAL,5,1,1,-125.0,115.0
2016-09-27,2016,DET,CLE,12,0,1,-280.0,240.0
2016-09-27,2016,KCR,MIN,4,3,1,-172.0,152.0
2016-09-27,2016,HOU,SEA,8,4,1,-110.0,100.0
2016-09-27,2016,CHW,TBR,13,6,1,-172.0,152.0
2016-09-27,2016,LAA,ATH,8,1,1,-119.0,109.0
2016-09-27,2016,TEX,MIL,6,4,1,-190.0,170.0
2016-09-28,2016,PIT,CHC,8,4,1,152.0,-172.0
2016-09-28,2016,WSN,ARI,0,3,0,-163.0,148.0
2016-09-28,2016,ATL,PHI,12,2,1,-151.0,136.0
2016-09-28,2016,MIA,NYM,2,5,0,-115.0,105.0
2016-09-28,2016,STL,CIN,1,2,0,-178.0,158.0
2016-09-28,2016,SDP,LAD,6,5,1,165.0,-185.0
2016-09-28,2016,SFG,COL,0,2,0,-181.0,161.0
2016-09-28,2016,HOU,SEA,4,12,0,117.0,-127.0
2016-09-28,2016,NYY,BOS,5,3,1,114.0,-124.0
2016-09-28,2016,TOR,BAL,2,3,0,-151.0,136.0
2016-09-28,2016,DET,CLE,6,3,1,-130.0,115.0
2016-09-28,2016,KCR,MIN,5,2,1,-130.0,115.0
2016-09-28,2016,CHW,TBR,1,0,1,103.0,-113.0
2016-09-28,2016,LAA,ATH,8,6,1,-114.0,104.0
2016-09-28,2016,TEX,MIL,8,5,1,-215.0,185.0
2016-09-29,2016,WSN,ARI,5,3,1,-134.0,119.0
2016-09-29,2016,PIT,CHC,1,1,0,-150.0,135.0
2016-09-29,2016,ATL,PHI,5,2,1,-120.0,110.0
2016-09-29,2016,STL,CIN,4,3,1,-196.0,176.0
2016-09-29,2016,SDP,LAD,4,9,0,143.0,-158.0
2016-09-29,2016,SFG,COL,7,2,1,-205.0,175.0
2016-09-29,2016,NYY,BOS,5,1,1,-161.0,146.0
2016-09-29,2016,TOR,BAL,0,4,0,-200.0,170.0
2016-09-29,2016,KCR,MIN,6,7,0,-194.0,174.0
2016-09-29,2016,CHW,TBR,3,5,0,-119.0,109.0
2016-09-29,2016,SEA,ATH,3,2,1,-158.0,143.0
2016-09-30,2016,WSN,MIA,4,7,0,-145.0,130.0
2016-09-30,2016,PHI,NYM,1,5,0,156.0,-176.0
2016-09-30,2016,CIN,CHC,3,7,0,152.0,-172.0
2016-09-30,2016,COL,MIL,4,1,1,-140.0,125.0
2016-09-30,2016,STL,PIT,7,0,1,-186.0,166.0
2016-09-30,2016,ARI,SDP,5,3,1,-124.0,114.0
2016-09-30,2016,SFG,LAD,9,3,1,-160.0,145.0
2016-09-30,2016,NYY,BAL,1,8,0,-160.0,145.0
2016-09-30,2016,BOS,TOR,5,3,1,-155.0,140.0
2016-09-30,2016,TEX,TBR,3,1,1,-215.0,185.0
2016-09-30,2016,CHW,MIN,7,3,1,-154.0,139.0
2016-09-30,2016,KCR,CLE,2,7,0,117.0,-127.0
2016-09-30,2016,LAA,HOU,7,1,1,115.0,-130.0
2016-09-30,2016,SEA,ATH,5,1,1,-199.0,179.0
2016-09-30,2016,ATL,DET,2,6,0,125.0,-140.0
2016-10-01,2016,WSN,MIA,2,1,1,-170.0,150.0
2016-10-01,2016,SFG,LAD,3,0,1,185.0,-215.0
2016-10-01,2016,CIN,CHC,7,4,1,190.0,-220.0
2016-10-01,2016,STL,PIT,4,3,1,-173.0,153.0
2016-10-01,2016,PHI,NYM,3,5,0,150.0,-170.0
2016-10-01,2016,COL,MIL,3,4,0,-131.0,116.0
2016-10-01,2016,ARI,SDP,9,5,1,-131.0,116.0
2016-10-01,2016,BOS,TOR,3,4,0,108.0,-118.0
2016-10-01,2016,NYY,BAL,7,3,1,105.0,-115.0
2016-10-01,2016,KCR,CLE,3,6,0,128.0,-143.0
2016-10-01,2016,CHW,MIN,0,6,0,-122.0,112.0
2016-10-01,2016,TEX,TBR,1,4,0,106.0,-116.0
2016-10-01,2016,LAA,HOU,0,3,0,105.0,-115.0
2016-10-01,2016,SEA,ATH,8,9,0,-171.0,151.0
2016-10-01,2016,ATL,DET,5,3,1,168.0,-188.0
2016-10-02,2016,PHI,NYM,5,2,1,-151.0,136.0
2016-10-02,2016,WSN,MIA,10,7,1,-260.0,220.0
2016-10-02,2016,SFG,LAD,7,1,1,-116.0,106.0
2016-10-02,2016,ARI,SDP,3,2,1,-156.0,141.0
2016-10-02,2016,COL,MIL,4,6,0,-151.0,136.0
2016-10-02,2016,CIN,CHC,4,7,0,200.0,-240.0
2016-10-02,2016,STL,PIT,10,4,1,-215.0,185.0
2016-10-02,2016,NYY,BAL,2,5,0,127.0,-142.0
2016-10-02,2016,SEA,ATH,2,3,0,-121.0,111.0
2016-10-02,2016,BOS,TOR,1,2,0,-114.0,104.0
2016-10-02,2016,TEX,TBR,4,6,0,-155.0,140.0
2016-10-02,2016,LAA,HOU,8,1,1,-124.0,114.0
2016-10-02,2016,CHW,MIN,3,6,0,-265.0,225.0
2016-10-02,2016,KCR,CLE,2,3,0,110.0,-120.0
2016-10-02,2016,ATL,DET,1,0,1,138.0,-153.0
2016-10-04,2016,TOR,BAL,5,2,1,-170.0,150.0
2016-10-05,2016,NYM,SFG,0,3,0,108.0,-118.0
2016-10-06,2016,CLE,BOS,5,4,1,115.0,-130.0
2016-10-06,2016,TEX,TOR,1,10,0,-113.0,103.0
2016-10-07,2016,WSN,LAD,3,4,0,146.0,-161.0
2016-10-07,2016,CHC,SFG,1,0,1,-170.0,150.0
2016-10-07,2016,CLE,BOS,6,0,1,-114.0,104.0
2016-10-07,2016,TEX,TOR,3,5,0,-141.0,126.0
2016-10-08,2016,CHC,SFG,5,2,1,-195.0,175.0
2016-10-09,2016,TOR,TEX,7,6,1,-205.0,175.0
2016-10-09,2016,WSN,LAD,5,2,1,125.0,-140.0
2016-10-10,2016,LAD,WSN,3,8,0,-140.0,125.0
2016-10-10,2016,SFG,CHC,6,5,1,-108.0,-102.0
2016-10-10,2016,BOS,CLE,3,4,0,-145.0,130.0
2016-10-11,2016,LAD,WSN,6,5,1,-270.0,230.0
2016-10-11,2016,SFG,CHC,5,6,0,110.0,-120.0
2016-10-13,2016,WSN,LAD,3,4,0,-132.0,117.0
2016-10-14,2016,CLE,TOR,2,0,1,-140.0,125.0
2016-10-15,2016,CHC,LAD,8,4,1,-220.0,190.0
2016-10-15,2016,CLE,TOR,2,1,1,119.0,-134.0
2016-10-16,2016,CHC,LAD,0,1,0,125.0,-140.0
2016-10-17,2016,TOR,CLE,2,4,0,-177.0,157.0
2016-10-18,2016,LAD,CHC,6,0,1,-117.0,107.0
2016-10-18,2016,TOR,CLE,5,1,1,-114.0,104.0
2016-10-19,2016,LAD,CHC,2,10,0,-114.0,104.0
2016-10-19,2016,TOR,CLE,0,3,0,-174.0,154.0
2016-10-20,2016,LAD,CHC,4,8,0,150.0,-170.0
2016-10-22,2016,CHC,LAD,5,0,1,115.0,-130.0
2016-10-25,2016,CLE,CHC,6,0,1,-111.0,101.0
2016-10-26,2016,CLE,CHC,1,5,0,149.0,-164.0
2016-10-28,2016,CHC,CLE,0,1,0,-220.0,190.0
2016-10-29,2016,CHC,CLE,2,7,0,-121.0,111.0
2016-10-30,2016,CHC,CLE,3,2,1,-220.0,190.0
2016-11-01,2016,CLE,CHC,3,9,0,141.0,-156.0
2016-11-02,2016,CLE,CHC,7,8,0,119.0,-134.0
2017-04-02,2017,ARI,SFG,6,5,1,129.0,-144.0
2017-04-02,2017,STL,CHC,4,3,1,116.0,-126.0
2017-04-02,2017,TBR,NYY,7,3,1,100.0,-110.0
2017-04-03,2017,WSN,MIA,4,2,1,-215.0,185.0
2017-04-03,2017,NYM,ATL,6,0,1,-183.0,163.0
2017-04-03,2017,MIL,COL,5,7,0,115.0,-125.0
2017-04-03,2017,LAD,SDP,14,3,1,-360.0,300.0
2017-04-03,2017,CIN,PHI,3,4,0,-111.0,101.0
2017-04-03,2017,HOU,SEA,3,0,1,-156.0,141.0
2017-04-03,2017,BAL,TOR,3,2,1,-131.0,116.0
2017-04-03,2017,MIN,KCR,7,1,1,-103.0,-107.0
2017-04-03,2017,TEX,CLE,5,8,0,-101.0,-109.0
2017-04-03,2017,ATH,LAA,4,2,1,100.0,-110.0
2017-04-03,2017,BOS,PIT,5,3,1,-145.0,130.0
2017-04-04,2017,MIL,COL,5,6,0,-102.0,-108.0
2017-04-04,2017,STL,CHC,1,2,0,130.0,-145.0
2017-04-04,2017,ARI,SFG,4,8,0,119.0,-134.0
2017-04-04,2017,LAD,SDP,0,4,0,-233.0,203.0
2017-04-04,2017,TBR,NYY,0,5,0,-114.0,104.0
2017-04-04,2017,TEX,CLE,3,4,0,153.0,-168.0
2017-04-04,2017,HOU,SEA,2,1,1,-160.0,145.0
2017-04-04,2017,ATH,LAA,6,7,0,107.0,-117.0
2017-04-04,2017,CHW,DET,3,6,0,115.0,-125.0
2017-04-05,2017,WSN,MIA,6,4,1,-160.0,145.0
2017-04-05,2017,CIN,PHI,2,0,1,-105.0,-105.0
2017-04-05,2017,NYM,ATL,1,3,0,-205.0,175.0
2017-04-05,2017,MIL,COL,6,1,1,118.0,-128.0
2017-04-05,2017,ARI,SFG,8,6,1,-109.0,-101.0
2017-04-05,2017,LAD,SDP,3,1,1,-245.0,205.0
2017-04-05,2017,MIN,KCR,9,1,1,-117.0,107.0
2017-04-05,2017,TBR,NYY,4,1,1,120.0,-135.0
2017-04-05,2017,BAL,TOR,3,1,1,-117.0,107.0
2017-04-05,2017,TEX,CLE,6,9,0,105.0,-115.0
2017-04-05,2017,HOU,SEA,5,3,1,-107.0,-103.0
2017-04-05,2017,ATH,LAA,0,5,0,-102.0,-108.0
2017-04-05,2017,BOS,PIT,3,0,1,-165.0,150.0
2017-04-06,2017,CIN,PHI,7,4,1,-127.0,117.0
2017-04-06,2017,MIL,COL,1,2,0,-103.0,-107.0
2017-04-06,2017,LAD,SDP,10,2,1,-250.0,210.0
2017-04-06,2017,WSN,MIA,3,4,0,-175.0,155.0
2017-04-06,2017,NYM,ATL,6,2,1,-140.0,125.0
2017-04-06,2017,ARI,SFG,9,3,1,-110.0,100.0
2017-04-06,2017,MIN,KCR,5,3,1,-107.0,-103.0
2017-04-06,2017,CHW,DET,11,2,1,103.0,-113.0
2017-04-06,2017,ATH,LAA,5,1,1,-109.0,-101.0
2017-04-06,2017,TBR,TOR,2,5,0,124.0,-139.0
2017-04-06,2017,HOU,SEA,2,4,0,-157.0,142.0
2017-04-06,2017,STL,CHC,4,6,0,116.0,-126.0
2017-04-07,2017,PIT,ATL,5,4,1,-143.0,128.0
2017-04-07,2017,PHI,WSN,6,7,0,155.0,-175.0
2017-04-07,2017,COL,LAD,2,1,1,139.0,-154.0
2017-04-07,2017,SDP,SFG,7,6,1,-107.0,-103.0
2017-04-07,2017,NYM,MIA,2,7,0,104.0,-114.0
2017-04-07,2017,MIL,CHC,2,1,1,162.0,-182.0
2017-04-07,2017,STL,CIN,0,2,0,-167.0,152.0
2017-04-07,2017,DET,BOS,6,5,1,-133.0,118.0
2017-04-07,2017,BAL,NYY,6,5,1,-104.0,-106.0
2017-04-07,2017,TBR,TOR,10,8,1,104.0,-114.0
2017-04-07,2017,TEX,ATH,10,5,1,-157.0,142.0
2017-04-07,2017,CHW,MIN,1,3,0,-111.0,101.0
2017-04-07,2017,HOU,KCR,1,5,0,-145.0,130.0
2017-04-07,2017,LAA,SEA,5,1,1,-130.0,115.0
2017-04-07,2017,ARI,CLE,7,3,1,118.0,-133.0
2017-04-08,2017,STL,CIN,10,4,1,-205.0,175.0
2017-04-08,2017,PHI,WSN,17,3,1,-110.0,100.0
2017-04-08,2017,PIT,ATL,6,4,1,-152.0,137.0
2017-04-08,2017,NYM,MIA,1,8,0,-119.0,109.0
2017-04-08,2017,MIL,CHC,6,11,0,200.0,-240.0
2017-04-08,2017,COL,LAD,4,2,1,185.0,-215.0
2017-04-08,2017,SDP,SFG,2,1,1,185.0,-215.0
2017-04-08,2017,CHW,MIN,6,2,1,-118.0,108.0
2017-04-08,2017,DET,BOS,4,1,1,-118.0,108.0
2017-04-08,2017,HOU,KCR,3,7,0,-173.0,153.0
2017-04-08,2017,BAL,NYY,5,4,1,-111.0,101.0
2017-04-08,2017,TEX,ATH,1,6,0,-170.0,150.0
2017-04-08,2017,TBR,TOR,3,2,1,-120.0,110.0
2017-04-08,2017,LAA,SEA,5,4,1,116.0,-126.0
2017-04-08,2017,ARI,CLE,11,2,1,100.0,-110.0
2017-04-09,2017,PIT,ATL,6,5,1,-131.0,116.0
2017-04-09,2017,PHI,WSN,4,3,1,150.0,-165.0
2017-04-09,2017,MIL,CHC,4,7,0,156.0,-176.0
2017-04-09,2017,STL,CIN,0,8,0,-181.0,161.0
2017-04-09,2017,COL,LAD,6,10,0,106.0,-116.0
2017-04-09,2017,SDP,SFG,3,5,0,148.0,-163.0
2017-04-09,2017,NYM,MIA,5,2,1,-190.0,170.0
2017-04-09,2017,TBR,TOR,7,2,1,106.0,-116.0
2017-04-09,2017,DET,BOS,5,7,0,-112.0,102.0
2017-04-09,2017,BAL,NYY,3,7,0,-128.0,118.0
2017-04-09,2017,TEX,ATH,8,1,1,115.0,-125.0
2017-04-09,2017,CHW,MIN,1,4,0,-135.0,120.0
2017-04-09,2017,HOU,KCR,5,4,1,-200.0,170.0
2017-04-09,2017,LAA,SEA,10,9,1,-128.0,118.0
2017-04-09,2017,ARI,CLE,3,2,1,152.0,-172.0
2017-04-10,2017,SFG,ARI,4,1,1,-128.0,118.0
2017-04-10,2017,PHI,NYM,3,4,0,132.0,-147.0
2017-04-10,2017,WSN,STL,14,6,1,-120.0,110.0
2017-04-10,2017,PIT,CIN,1,7,0,-143.0,128.0
2017-04-10,2017,CHC,LAD,3,2,1,-151.0,136.0
2017-04-10,2017,COL,SDP,3,5,0,-185.0,165.0
2017-04-10,2017,DET,BOS,2,1,1,100.0,-110.0
2017-04-10,2017,KCR,ATH,0,2,0,-117.0,107.0
2017-04-10,2017,SEA,HOU,6,0,1,-138.0,123.0
2017-04-10,2017,NYY,TBR,8,1,1,-136.0,121.0
2017-04-11,2017,MIA,ATL,8,4,1,-129.0,119.0
2017-04-11,2017,WSN,STL,8,3,1,-140.0,125.0
2017-04-11,2017,PHI,NYM,4,14,0,131.0,-146.0
2017-04-11,2017,PIT,CIN,2,6,0,-183.0,163.0
2017-04-11,2017,COL,SDP,3,2,1,-180.0,160.0
2017-04-11,2017,SFG,ARI,3,4,0,-112.0,102.0
2017-04-11,2017,DET,MIN,2,1,1,-131.0,116.0
2017-04-11,2017,CLE,CHW,2,1,1,-295.0,255.0
2017-04-11,2017,BOS,BAL,8,1,1,-115.0,105.0
2017-04-11,2017,LAA,TEX,6,5,1,-114.0,104.0
2017-04-11,2017,SEA,HOU,5,7,0,118.0,-128.0
2017-04-11,2017,TOR,MIL,3,4,0,-166.0,151.0
2017-04-12,2017,COL,SDP,0,6,0,-153.0,138.0
2017-04-12,2017,PIT,CIN,2,9,0,-147.0,132.0
2017-04-12,2017,PHI,NYM,4,5,0,-118.0,108.0
2017-04-12,2017,WSN,STL,1,6,0,-180.0,160.0
2017-04-12,2017,MIA,ATL,4,5,0,-109.0,-101.0
2017-04-12,2017,CHC,LAD,0,2,0,-126.0,116.0
2017-04-12,2017,SFG,ARI,6,2,1,-111.0,101.0
2017-04-12,2017,DET,MIN,5,3,1,-137.0,122.0
2017-04-12,2017,CLE,CHW,1,2,0,-260.0,220.0
2017-04-12,2017,NYY,TBR,8,4,1,-125.0,115.0
2017-04-12,2017,BOS,BAL,5,12,0,-137.0,122.0
2017-04-12,2017,KCR,ATH,3,8,0,-116.0,106.0
2017-04-12,2017,LAA,TEX,3,8,0,-137.0,122.0
2017-04-12,2017,SEA,HOU,5,10,0,113.0,-123.0
2017-04-12,2017,TOR,MIL,0,2,0,-218.0,188.0
2017-04-13,2017,MIA,NYM,8,9,0,-128.0,118.0
2017-04-13,2017,CHC,LAD,4,0,1,-121.0,111.0
2017-04-13,2017,CIN,MIL,1,5,0,104.0,-114.0
2017-04-13,2017,SFG,COL,1,3,0,-172.0,152.0
2017-04-13,2017,CLE,CHW,4,10,0,-205.0,175.0
2017-04-13,2017,DET,MIN,5,11,0,-128.0,118.0
2017-04-13,2017,LAA,TEX,3,8,0,119.0,-129.0
2017-04-13,2017,NYY,TBR,3,2,1,-142.0,127.0
2017-04-13,2017,TOR,BAL,1,2,0,-119.0,109.0
2017-04-13,2017,KCR,ATH,3,1,1,-138.0,123.0
2017-04-13,2017,BOS,PIT,4,3,1,-170.0,150.0
2017-04-14,2017,CHC,PIT,2,4,0,-160.0,145.0
2017-04-14,2017,MIA,NYM,3,2,1,146.0,-161.0
2017-04-14,2017,WSN,PHI,3,2,1,-182.0,162.0
2017-04-14,2017,ATL,SDP,5,2,1,-141.0,126.0
2017-04-14,2017,CIN,MIL,4,10,0,-113.0,103.0
2017-04-14,2017,LAD,ARI,7,1,1,-255.0,215.0
2017-04-14,2017,SFG,COL,8,2,1,-142.0,127.0
2017-04-14,2017,CLE,DET,6,7,0,-156.0,141.0
2017-04-14,2017,TOR,BAL,4,6,0,-136.0,121.0
2017-04-14,2017,BOS,TBR,5,10,0,-127.0,117.0
2017-04-14,2017,MIN,CHW,1,2,0,-161.0,146.0
2017-04-14,2017,KCR,LAA,7,1,1,-131.0,116.0
2017-04-14,2017,ATH,HOU,2,7,0,108.0,-118.0
2017-04-14,2017,SEA,TEX,2,1,1,-135.0,120.0
2017-04-14,2017,NYY,STL,4,3,1,-127.0,117.0
2017-04-15,2017,MIA,NYM,5,4,1,111.0,-121.0
2017-04-15,2017,WSN,PHI,2,4,0,-155.0,140.0
2017-04-15,2017,CIN,MIL,7,5,1,-111.0,101.0
2017-04-15,2017,CHC,PIT,7,8,0,-256.0,216.0
2017-04-15,2017,SFG,COL,0,5,0,-130.0,115.0
2017-04-15,2017,ATL,SDP,4,2,1,-105.0,-105.0
2017-04-15,2017,LAD,ARI,8,4,1,-180.0,160.0
2017-04-15,2017,CLE,DET,13,6,1,-165.0,150.0
2017-04-15,2017,TOR,BAL,2,1,1,-122.0,112.0
2017-04-15,2017,KCR,LAA,3,2,1,105.0,-115.0
2017-04-15,2017,MIN,CHW,6,0,1,-113.0,103.0
2017-04-15,2017,BOS,TBR,2,1,1,-220.0,190.0
2017-04-15,2017,ATH,HOU,6,10,0,140.0,-155.0
2017-04-15,2017,SEA,TEX,5,0,1,-180.0,160.0
2017-04-15,2017,NYY,STL,3,2,1,127.0,-142.0
2017-04-16,2017,MIA,NYM,4,2,1,-101.0,-109.0
2017-04-16,2017,WSN,PHI,6,4,1,-180.0,160.0
2017-04-16,2017,CIN,MIL,2,4,0,-115.0,105.0
2017-04-16,2017,ATL,SDP,9,2,1,-128.0,118.0
2017-04-16,2017,CHC,PIT,1,6,0,-163.0,148.0
2017-04-16,2017,SFG,COL,3,4,0,-134.0,119.0
2017-04-16,2017,LAD,ARI,1,3,0,-196.0,176.0
2017-04-16,2017,CLE,DET,1,4,0,-219.0,189.0
2017-04-16,2017,TOR,BAL,4,11,0,-108.0,-102.0
2017-04-16,2017,KCR,LAA,1,0,1,-112.0,102.0
2017-04-16,2017,BOS,TBR,7,5,1,-186.0,166.0
2017-04-16,2017,SEA,TEX,8,7,1,101.0,-111.0
2017-04-16,2017,MIN,CHW,1,3,0,-159.0,144.0
2017-04-16,2017,NYY,STL,9,3,1,-137.0,122.0
2017-04-17,2017,STL,PIT,2,1,1,-113.0,103.0
2017-04-17,2017,ATL,SDP,5,4,1,-155.0,140.0
2017-04-17,2017,CHC,MIL,3,6,0,-205.0,175.0
2017-04-17,2017,LAD,ARI,2,4,0,-161.0,146.0
2017-04-17,2017,BOS,TBR,4,3,1,-128.0,118.0
2017-04-17,2017,NYY,CHW,7,4,1,-170.0,150.0
2017-04-17,2017,MIN,CLE,1,3,0,126.0,-141.0
2017-04-17,2017,HOU,LAA,3,0,1,-155.0,140.0
2017-04-17,2017,ATH,TEX,0,7,0,-145.0,130.0
2017-04-17,2017,SEA,MIA,6,1,1,-132.0,117.0
2017-04-18,2017,ATL,WSN,1,3,0,154.0,-174.0
2017-04-18,2017,NYM,PHI,2,6,0,-195.0,175.0
2017-04-18,2017,CHC,MIL,9,7,1,-175.0,155.0
2017-04-18,2017,STL,PIT,2,1,1,-137.0,122.0
2017-04-18,2017,SDP,ARI,2,11,0,114.0,-124.0
2017-04-18,2017,LAD,COL,3,4,0,-183.0,163.0
2017-04-18,2017,NYY,CHW,1,4,0,-181.0,161.0
2017-04-18,2017,TOR,BOS,7,8,0,-175.0,155.0
2017-04-18,2017,TBR,DET,5,1,1,-115.0,105.0
2017-04-18,2017,HOU,LAA,2,5,0,-146.0,131.0
2017-04-18,2017,MIN,CLE,4,11,0,111.0,-121.0
2017-04-18,2017,ATH,TEX,4,2,1,123.0,-138.0
2017-04-18,2017,CIN,BAL,9,3,1,137.0,-152.0
2017-04-18,2017,KCR,SFG,1,2,0,-120.0,110.0
2017-04-18,2017,SEA,MIA,0,5,0,100.0,-110.0
2017-04-19,2017,STL,PIT,2,1,1,-124.0,114.0
2017-04-19,2017,CHC,MIL,7,4,1,-205.0,175.0
2017-04-19,2017,NYM,PHI,5,4,1,-142.0,127.0
2017-04-19,2017,ATL,WSN,4,14,0,100.0,-110.0
2017-04-19,2017,SDP,ARI,1,0,1,115.0,-130.0
2017-04-19,2017,LAD,COL,4,2,1,-250.0,210.0
2017-04-19,2017,ATH,TEX,9,1,1,-119.0,109.0
2017-04-19,2017,TOR,BOS,3,0,1,103.0,-113.0
2017-04-19,2017,NYY,CHW,9,1,1,-235.0,205.0
2017-04-19,2017,TBR,DET,8,7,1,-180.0,160.0
2017-04-19,2017,HOU,LAA,5,1,1,-175.0,155.0
2017-04-19,2017,SEA,MIA,10,5,1,-145.0,130.0
2017-04-19,2017,CIN,BAL,0,2,0,-105.0,-105.0
2017-04-19,2017,KCR,SFG,2,0,1,111.0,-121.0
2017-04-20,2017,ATL,WSN,2,3,0,147.0,-162.0
2017-04-20,2017,NYM,PHI,4,6,0,-187.0,167.0
2017-04-20,2017,MIL,STL,7,5,1,115.0,-125.0
2017-04-20,2017,SDP,ARI,4,1,1,-104.0,-106.0
2017-04-20,2017,TOR,BOS,1,4,0,167.0,-187.0
2017-04-20,2017,MIN,CLE,2,6,0,-103.0,-107.0
2017-04-20,2017,TBR,DET,8,1,1,-128.0,118.0
2017-04-20,2017,TEX,KCR,1,0,1,106.0,-116.0
2017-04-20,2017,HOU,LAA,2,1,1,-165.0,150.0
2017-04-20,2017,ATH,SEA,9,6,1,132.0,-147.0
2017-04-20,2017,CIN,BAL,1,2,0,102.0,-112.0
2017-04-21,2017,PHI,ATL,4,3,1,-101.0,-109.0
2017-04-21,2017,NYM,WSN,3,4,0,-121.0,111.0
2017-04-21,2017,CIN,CHC,5,6,0,152.0,-167.0
2017-04-21,2017,MIL,STL,3,6,0,-105.0,-105.0
2017-04-21,2017,COL,SFG,6,5,1,115.0,-125.0
2017-04-21,2017,ARI,LAD,13,5,1,126.0,-141.0
2017-04-21,2017,SDP,MIA,5,3,1,-109.0,-101.0
2017-04-21,2017,BAL,BOS,2,0,1,-105.0,-105.0
2017-04-21,2017,TBR,HOU,3,6,0,104.0,-114.0
2017-04-21,2017,TEX,KCR,6,2,1,-144.0,129.0
2017-04-21,2017,CHW,CLE,0,3,0,146.0,-161.0
2017-04-21,2017,MIN,DET,6,3,1,120.0,-135.0
2017-04-21,2017,LAA,TOR,7,8,0,-148.0,133.0
2017-04-21,2017,ATH,SEA,3,1,1,-119.0,109.0
2017-04-21,2017,PIT,NYY,6,3,1,-105.0,-105.0
2017-04-22,2017,CIN,CHC,8,12,0,153.0,-173.0
2017-04-22,2017,NYM,WSN,1,3,0,-114.0,104.0
2017-04-22,2017,PHI,ATL,4,3,1,-112.0,102.0
2017-04-22,2017,MIL,STL,1,4,0,-114.0,104.0
2017-04-22,2017,ARI,LAD,11,5,1,106.0,-116.0
2017-04-22,2017,COL,SFG,12,3,1,107.0,-117.0
2017-04-22,2017,SDP,MIA,3,6,0,115.0,-125.0
2017-04-22,2017,TBR,HOU,6,3,1,109.0,-119.0
2017-04-22,2017,CHW,CLE,0,7,0,205.0,-235.0
2017-04-22,2017,MIN,DET,4,5,0,-126.0,116.0
2017-04-22,2017,ATH,SEA,4,3,1,-121.0,111.0
2017-04-22,2017,TEX,KCR,2,1,1,105.0,-115.0
2017-04-22,2017,BAL,BOS,4,2,1,-109.0,-101.0
2017-04-22,2017,LAA,TOR,5,4,1,-156.0,141.0
2017-04-22,2017,PIT,NYY,5,11,0,106.0,-116.0
2017-04-23,2017,CIN,CHC,7,5,1,160.0,-180.0
2017-04-23,2017,PHI,ATL,5,2,1,-105.0,-105.0
2017-04-23,2017,MIL,STL,4,6,0,104.0,-114.0
2017-04-23,2017,COL,SFG,8,0,1,-109.0,-101.0
2017-04-23,2017,ARI,LAD,2,6,0,140.0,-155.0
2017-04-23,2017,SDP,MIA,3,7,0,108.0,-118.0
2017-04-23,2017,NYM,WSN,3,6,0,138.0,-153.0
2017-04-23,2017,TBR,HOU,4,6,0,111.0,-121.0
2017-04-23,2017,CHW,CLE,6,2,1,175.0,-195.0
2017-04-23,2017,BAL,BOS,2,6,0,-113.0,103.0
2017-04-23,2017,MIN,DET,4,13,0,-114.0,104.0
2017-04-23,2017,LAA,TOR,2,6,0,112.0,-122.0
2017-04-23,2017,ATH,SEA,1,11,0,-123.0,113.0
2017-04-23,2017,TEX,KCR,5,2,1,-200.0,170.0
2017-04-23,2017,PIT,NYY,2,1,1,-102.0,-108.0
2017-04-24,2017,PIT,CHC,3,14,0,123.0,-138.0
2017-04-24,2017,MIL,CIN,11,7,1,-105.0,-105.0
2017-04-24,2017,COL,WSN,8,4,1,-155.0,140.0
2017-04-24,2017,ARI,SDP,7,6,1,-158.0,143.0
2017-04-24,2017,SFG,LAD,2,1,1,123.0,-138.0
2017-04-24,2017,CHW,KCR,12,1,1,-103.0,-107.0
2017-04-24,2017,TEX,MIN,2,3,0,-144.0,129.0
2017-04-24,2017,BAL,TBR,6,3,1,116.0,-126.0
2017-04-24,2017,LAA,TOR,2,1,1,-131.0,116.0
2017-04-25,2017,PIT,CHC,0,1,0,113.0,-123.0
2017-04-25,2017,MIL,CIN,9,1,1,-125.0,115.0
2017-04-25,2017,COL,WSN,12,15,0,107.0,-117.0
2017-04-25,2017,ARI,SDP,9,3,1,-134.0,119.0
2017-04-25,2017,SFG,LAD,1,2,0,210.0,-250.0
2017-04-25,2017,CLE,HOU,2,4,0,107.0,-117.0
2017-04-25,2017,BAL,TBR,0,2,0,-160.0,145.0
2017-04-25,2017,DET,SEA,19,9,1,115.0,-130.0
2017-04-25,2017,TEX,MIN,1,8,0,100.0,-110.0
2017-04-25,2017,CHW,KCR,10,5,1,133.0,-148.0
2017-04-25,2017,LAA,ATH,2,1,1,-135.0,120.0
2017-04-25,2017,STL,TOR,5,6,0,-155.0,140.0
2017-04-26,2017,MIL,CIN,9,4,1,-126.0,116.0
2017-04-26,2017,PIT,CHC,6,5,1,144.0,-159.0
2017-04-26,2017,PHI,MIA,7,4,1,-101.0,-109.0
2017-04-26,2017,NYM,ATL,2,8,0,-140.0,125.0
2017-04-26,2017,COL,WSN,4,11,0,-119.0,109.0
2017-04-26,2017,ARI,SDP,5,8,0,-127.0,117.0
2017-04-26,2017,SFG,LAD,4,3,1,-102.0,-108.0
2017-04-26,2017,CLE,HOU,7,6,1,-120.0,110.0
2017-04-26,2017,BAL,TBR,5,4,1,-146.0,131.0
2017-04-26,2017,BOS,NYY,1,3,0,-119.0,109.0
2017-04-26,2017,DET,SEA,0,8,0,119.0,-129.0
2017-04-26,2017,TEX,MIN,14,3,1,-142.0,127.0
2017-04-26,2017,CHW,KCR,5,2,1,-137.0,122.0
2017-04-26,2017,LAA,ATH,8,5,1,-152.0,137.0
2017-04-27,2017,PHI,MIA,3,2,1,-109.0,-101.0
2017-04-27,2017,NYM,ATL,5,7,0,-171.0,151.0
2017-04-27,2017,COL,WSN,5,16,0,106.0,-116.0
2017-04-27,2017,SFG,LAD,1,5,0,119.0,-129.0
2017-04-27,2017,ARI,SDP,6,2,1,-200.0,170.0
2017-04-27,2017,DET,SEA,1,2,0,-139.0,124.0
2017-04-27,2017,CLE,HOU,4,3,1,-202.0,172.0
2017-04-27,2017,BOS,NYY,0,3,0,-185.0,165.0
2017-04-27,2017,LAA,ATH,2,1,1,-121.0,111.0
2017-04-27,2017,STL,TOR,8,4,1,-215.0,185.0
2017-04-27,2017,STL,TOR,6,4,1,-195.0,175.0
2017-04-28,2017,MIA,PIT,2,12,0,-127.0,117.0
2017-04-28,2017,WSN,NYM,5,7,0,-137.0,122.0
2017-04-28,2017,MIL,ATL,8,10,0,-136.0,121.0
2017-04-28,2017,STL,CIN,7,5,1,-140.0,125.0
2017-04-28,2017,ARI,COL,1,3,0,-171.0,151.0
2017-04-28,2017,LAD,PHI,5,3,1,-181.0,161.0
2017-04-28,2017,SFG,SDP,4,3,1,-138.0,123.0
2017-04-28,2017,TOR,TBR,4,7,0,-128.0,118.0
2017-04-28,2017,NYY,BAL,14,11,1,-107.0,-103.0
2017-04-28,2017,CLE,SEA,1,3,0,-200.0,170.0
2017-04-28,2017,DET,CHW,3,7,0,-130.0,115.0
2017-04-28,2017,TEX,LAA,3,6,0,108.0,-118.0
2017-04-28,2017,HOU,ATH,9,4,1,-161.0,146.0
2017-04-28,2017,KCR,MIN,4,6,0,-131.0,116.0
2017-04-28,2017,BOS,CHC,5,4,1,-110.0,100.0
2017-04-29,2017,WSN,NYM,3,5,0,-180.0,160.0
2017-04-29,2017,MIA,PIT,0,4,0,-141.0,126.0
2017-04-29,2017,MIL,ATL,3,11,0,-121.0,111.0
2017-04-29,2017,ARI,COL,6,7,0,-140.0,125.0
2017-04-29,2017,SFG,SDP,4,12,0,-118.0,108.0
2017-04-29,2017,LAD,PHI,6,5,1,-230.0,200.0
2017-04-29,2017,NYY,BAL,12,4,1,-176.0,156.0
2017-04-29,2017,TOR,TBR,4,1,1,-114.0,104.0
2017-04-29,2017,DET,CHW,4,6,0,-165.0,150.0
2017-04-29,2017,TEX,LAA,6,3,1,-162.0,147.0
2017-04-29,2017,HOU,ATH,1,2,0,-177.0,157.0
2017-04-29,2017,CLE,SEA,4,3,1,-171.0,151.0
2017-04-29,2017,BOS,CHC,4,7,0,105.0,-115.0
2017-04-30,2017,WSN,NYM,23,5,1,107.0,-117.0
2017-04-30,2017,MIL,ATL,4,3,1,-105.0,-105.0
2017-04-30,2017,STL,CIN,4,5,0,-175.0,155.0
2017-04-30,2017,SFG,SDP,2,5,0,-131.0,116.0
2017-04-30,2017,ARI,COL,2,0,1,-121.0,111.0
2017-04-30,2017,LAD,PHI,5,3,1,-205.0,175.0
2017-04-30,2017,MIA,PIT,10,3,1,-116.0,106.0
2017-04-30,2017,CLE,SEA,12,4,1,-155.0,140.0
2017-04-30,2017,NYY,BAL,4,7,0,-119.0,109.0
2017-04-30,2017,TOR,TBR,3,1,1,103.0,-113.0
2017-04-30,2017,DET,CHW,7,3,1,-124.0,114.0
2017-04-30,2017,TEX,LAA,2,5,0,113.0,-123.0
2017-04-30,2017,HOU,ATH,7,2,1,-197.0,177.0
2017-04-30,2017,KCR,MIN,5,7,0,-124.0,114.0
2017-04-30,2017,BOS,CHC,6,2,1,-114.0,104.0
2017-05-01,2017,ATL,NYM,5,7,0,-108.0,-102.0
2017-05-01,2017,CIN,PIT,4,3,1,-102.0,-108.0
2017-05-01,2017,CHC,PHI,2,10,0,-162.0,147.0
2017-05-01,2017,STL,MIL,5,7,0,-161.0,146.0
2017-05-01,2017,LAD,SFG,3,4,0,-250.0,210.0
2017-05-01,2017,NYY,TOR,1,7,0,-178.0,158.0
2017-05-01,2017,BOS,BAL,2,5,0,-139.0,124.0
2017-05-01,2017,DET,CLE,7,1,1,117.0,-132.0
2017-05-01,2017,HOU,TEX,6,2,1,-230.0,200.0
2017-05-01,2017,KCR,CHW,6,1,1,-190.0,170.0
2017-05-01,2017,MIA,TBR,2,4,0,-143.0,128.0
2017-05-02,2017,ATL,NYM,9,7,1,101.0,-111.0
2017-05-02,2017,WSN,ARI,3,6,0,-142.0,127.0
2017-05-02,2017,CIN,PIT,3,12,0,-146.0,131.0
2017-05-02,2017,CHC,PHI,8,3,1,-215.0,185.0
2017-05-02,2017,STL,MIL,2,1,1,-192.0,172.0
2017-05-02,2017,LAD,SFG,13,5,1,-172.0,152.0
2017-05-02,2017,SDP,COL,6,2,1,-109.0,-101.0
2017-05-02,2017,NYY,TOR,11,5,1,-185.0,165.0
2017-05-02,2017,BOS,BAL,5,2,1,-226.0,196.0
2017-05-02,2017,DET,CLE,5,2,1,115.0,-130.0
2017-05-02,2017,KCR,CHW,0,6,0,-101.0,-109.0
2017-05-02,2017,MIN,ATH,9,1,1,-131.0,116.0
2017-05-02,2017,HOU,TEX,8,7,1,-165.0,150.0
2017-05-02,2017,SEA,LAA,4,6,0,-147.0,132.0
2017-05-02,2017,MIA,TBR,1,3,0,-119.0,109.0
2017-05-03,2017,WSN,ARI,2,1,1,-148.0,133.0
2017-05-03,2017,CIN,PIT,7,2,1,-109.0,-101.0
2017-05-03,2017,ATL,NYM,5,16,0,125.0,-140.0
2017-05-03,2017,CHC,PHI,5,4,1,-240.0,200.0
2017-05-03,2017,LAD,SFG,1,4,0,-163.0,148.0
2017-05-03,2017,SDP,COL,3,11,0,104.0,-114.0
2017-05-03,2017,NYY,TOR,8,6,1,114.0,-124.0
2017-05-03,2017,BOS,BAL,4,2,1,-139.0,124.0
2017-05-03,2017,DET,CLE,2,3,0,144.0,-159.0
2017-05-03,2017,KCR,CHW,6,1,1,-165.0,150.0
2017-05-03,2017,MIN,ATH,7,4,1,-126.0,116.0
2017-05-03,2017,HOU,TEX,10,1,1,-177.0,157.0
2017-05-03,2017,SEA,LAA,8,7,1,-124.0,114.0
2017-05-03,2017,TBR,MIA,6,10,0,-124.0,114.0
2017-05-04,2017,CIN,PIT,4,2,1,-112.0,102.0
2017-05-04,2017,STL,MIL,4,5,0,-151.0,136.0
2017-05-04,2017,CHC,PHI,5,4,1,-173.0,153.0
2017-05-04,2017,SDP,COL,2,3,0,-126.0,116.0
2017-05-04,2017,WSN,ARI,4,2,1,-285.0,245.0
2017-05-04,2017,MIN,ATH,5,8,0,-112.0,102.0
2017-05-04,2017,BOS,BAL,3,8,0,-124.0,114.0
2017-05-04,2017,KCR,CHW,3,8,0,-148.0,133.0
2017-05-04,2017,HOU,TEX,4,10,0,-154.0,139.0
2017-05-04,2017,SEA,LAA,11,3,1,-158.0,143.0
2017-05-04,2017,TBR,MIA,5,1,1,-118.0,108.0
2017-05-05,2017,PHI,WSN,2,4,0,147.0,-162.0
2017-05-05,2017,PIT,MIL,4,0,1,-135.0,120.0
2017-05-05,2017,ATL,STL,0,10,0,-115.0,105.0
2017-05-05,2017,NYM,MIA,8,7,1,-105.0,-105.0
2017-05-05,2017,CIN,SFG,13,3,1,-115.0,105.0
2017-05-05,2017,COL,ARI,3,6,0,-114.0,104.0
2017-05-05,2017,SDP,LAD,2,8,0,160.0,-180.0
2017-05-05,2017,BAL,CHW,4,2,1,-185.0,165.0
2017-05-05,2017,TBR,TOR,4,8,0,-153.0,138.0
2017-05-05,2017,MIN,BOS,4,3,1,136.0,-151.0
2017-05-05,2017,KCR,CLE,3,1,1,150.0,-170.0
2017-05-05,2017,ATH,DET,2,7,0,-126.0,116.0
2017-05-05,2017,LAA,HOU,6,7,0,116.0,-126.0
2017-05-05,2017,SEA,TEX,1,3,0,111.0,-121.0
2017-05-05,2017,CHC,NYY,2,3,0,-134.0,119.0
2017-05-06,2017,ATL,STL,3,5,0,-124.0,114.0
2017-05-06,2017,PIT,MIL,2,1,1,-165.0,150.0
2017-05-06,2017,PHI,WSN,2,6,0,-126.0,116.0
2017-05-06,2017,NYM,MIA,11,3,1,-141.0,126.0
2017-05-06,2017,CIN,SFG,14,2,1,-130.0,115.0
2017-05-06,2017,COL,ARI,9,1,1,-135.0,120.0
2017-05-06,2017,SDP,LAD,2,10,0,200.0,-240.0
2017-05-06,2017,TBR,TOR,6,1,1,-138.0,123.0
2017-05-06,2017,MIN,BOS,1,11,0,118.0,-133.0
2017-05-06,2017,KCR,CLE,1,3,0,-109.0,-101.0
2017-05-06,2017,BAL,CHW,6,5,1,-210.0,180.0
2017-05-06,2017,ATH,DET,6,5,1,-121.0,111.0
2017-05-06,2017,LAA,HOU,2,1,1,-104.0,-106.0
2017-05-06,2017,SEA,TEX,8,2,1,-114.0,104.0
2017-05-06,2017,CHC,NYY,6,11,0,-131.0,116.0
2017-05-07,2017,NYM,MIA,0,7,0,-118.0,108.0
2017-05-07,2017,ATL,STL,4,6,0,-101.0,-109.0
2017-05-07,2017,PIT,MIL,2,6,0,-106.0,-104.0
2017-05-07,2017,PHI,WSN,6,5,1,101.0,-111.0
2017-05-07,2017,COL,ARI,5,2,1,-113.0,103.0
2017-05-07,2017,CIN,SFG,4,0,1,112.0,-122.0
2017-05-07,2017,TBR,TOR,1,2,0,-124.0,114.0
2017-05-07,2017,BAL,CHW,4,0,1,-117.0,107.0
2017-05-07,2017,MIN,BOS,6,17,0,160.0,-180.0
2017-05-07,2017,KCR,CLE,0,1,0,-105.0,-105.0
2017-05-07,2017,LAA,HOU,3,5,0,109.0,-119.0
2017-05-07,2017,ATH,DET,8,6,1,-131.0,116.0
2017-05-07,2017,SEA,TEX,4,3,1,-162.0,147.0
2017-05-07,2017,CHC,NYY,4,5,0,-132.0,117.0
2017-05-08,2017,MIA,STL,4,9,0,106.0,-116.0
2017-05-08,2017,NYM,SFG,4,3,1,-153.0,138.0
2017-05-08,2017,LAD,PIT,12,1,1,-235.0,205.0
2017-05-08,2017,TOR,CLE,4,2,1,-114.0,104.0
2017-05-08,2017,TBR,KCR,3,7,0,-140.0,125.0
2017-05-08,2017,ATH,LAA,3,2,1,-131.0,116.0
2017-05-08,2017,BAL,WSN,6,4,1,-122.0,112.0
2017-05-08,2017,CIN,NYY,4,10,0,117.0,-127.0
2017-05-08,2017,SDP,TEX,5,1,1,-123.0,113.0
2017-05-09,2017,MIA,STL,5,6,0,-115.0,105.0
2017-05-09,2017,NYM,SFG,6,1,1,-109.0,-101.0
2017-05-09,2017,COL,CHC,1,8,0,128.0,-143.0
2017-05-09,2017,LAD,PIT,4,3,1,-192.0,172.0
2017-05-09,2017,TOR,CLE,0,6,0,162.0,-182.0
2017-05-09,2017,TBR,KCR,6,7,0,-165.0,150.0
2017-05-09,2017,CHW,MIN,2,7,0,-102.0,-108.0
2017-05-09,2017,ATH,LAA,3,7,0,-131.0,116.0
2017-05-09,2017,SDP,TEX,0,11,0,106.0,-116.0
2017-05-09,2017,BAL,WSN,5,4,1,145.0,-160.0
2017-05-09,2017,PHI,SEA,9,10,0,-114.0,104.0
2017-05-09,2017,CIN,NYY,5,3,1,-108.0,-102.0
2017-05-09,2017,MIL,BOS,11,7,1,115.0,-125.0
2017-05-09,2017,HOU,ATL,8,3,1,-190.0,170.0
2017-05-09,2017,ARI,DET,3,7,0,-109.0,-101.0
2017-05-09,2017,COL,CHC,10,4,1,130.0,-145.0
2017-05-10,2017,NYM,SFG,5,6,0,-131.0,116.0
2017-05-10,2017,COL,CHC,3,0,1,118.0,-128.0
2017-05-10,2017,MIA,STL,5,7,0,-115.0,105.0
2017-05-10,2017,LAD,PIT,5,2,1,-215.0,185.0
2017-05-10,2017,ATH,LAA,3,1,1,-145.0,130.0
2017-05-10,2017,TOR,CLE,8,7,1,153.0,-168.0
2017-05-10,2017,TBR,KCR,12,1,1,-180.0,160.0
2017-05-10,2017,PHI,SEA,6,11,0,111.0,-121.0
2017-05-10,2017,WSN,BAL,7,6,1,-178.0,158.0
2017-05-10,2017,TEX,SDP,4,3,1,-195.0,175.0
2017-05-10,2017,MIL,BOS,7,4,1,-121.0,111.0
2017-05-10,2017,HOU,ATL,4,2,1,-205.0,175.0
2017-05-10,2017,ARI,DET,7,1,1,-136.0,121.0
2017-05-11,2017,COL,LAD,10,7,1,120.0,-135.0
2017-05-11,2017,ARI,PIT,2,1,1,-138.0,123.0
2017-05-11,2017,SFG,CIN,2,3,0,-107.0,-103.0
2017-05-11,2017,NYY,HOU,2,3,0,-126.0,116.0
2017-05-11,2017,TOR,SEA,7,2,1,-158.0,143.0
2017-05-11,2017,TBR,KCR,0,6,0,-124.0,114.0
2017-05-11,2017,CHW,MIN,6,7,0,-121.0,111.0
2017-05-11,2017,LAA,DET,1,7,0,-131.0,116.0
2017-05-11,2017,MIL,BOS,1,4,0,133.0,-148.0
2017-05-11,2017,TEX,SDP,5,2,1,-138.0,123.0
2017-05-12,2017,MIA,ATL,4,8,0,-122.0,112.0
2017-05-12,2017,MIL,NYM,7,4,1,106.0,-116.0
2017-05-12,2017,STL,CHC,2,3,0,-142.0,127.0
2017-05-12,2017,COL,LAD,2,6,0,175.0,-205.0
2017-05-12,2017,ARI,PIT,11,4,1,-150.0,135.0
2017-05-12,2017,SFG,CIN,3,2,1,-159.0,144.0
2017-05-12,2017,NYY,HOU,1,5,0,111.0,-121.0
2017-05-12,2017,CLE,MIN,0,1,0,-145.0,130.0
2017-05-12,2017,TOR,SEA,4,0,1,-144.0,129.0
2017-05-12,2017,BOS,TBR,4,5,0,-168.0,153.0
2017-05-12,2017,TEX,ATH,5,2,1,-111.0,101.0
2017-05-12,2017,KCR,BAL,3,2,1,-103.0,-107.0
2017-05-12,2017,LAA,DET,7,0,1,-147.0,132.0
2017-05-12,2017,CHW,SDP,3,6,0,-118.0,108.0
2017-05-13,2017,MIA,ATL,1,3,0,-132.0,117.0
2017-05-13,2017,WSN,PHI,6,4,1,-185.0,165.0
2017-05-13,2017,SFG,CIN,3,1,1,-116.0,106.0
2017-05-13,2017,STL,CHC,5,3,1,-124.0,114.0
2017-05-13,2017,MIL,NYM,11,4,1,104.0,-114.0
2017-05-13,2017,ARI,PIT,3,4,0,-165.0,150.0
2017-05-13,2017,COL,LAD,0,4,0,111.0,-121.0
2017-05-13,2017,TOR,SEA,7,2,1,-147.0,132.0
2017-05-13,2017,CLE,MIN,1,4,0,-158.0,143.0
2017-05-13,2017,KCR,BAL,4,3,1,-129.0,119.0
2017-05-13,2017,TEX,ATH,6,5,1,-101.0,-109.0
2017-05-13,2017,BOS,TBR,6,3,1,-285.0,245.0
2017-05-13,2017,LAA,DET,3,4,0,-145.0,130.0
2017-05-13,2017,CHW,SDP,5,4,1,126.0,-141.0
2017-05-14,2017,MIA,ATL,3,1,1,-138.0,123.0
2017-05-14,2017,WSN,PHI,3,4,0,-185.0,165.0
2017-05-14,2017,MIL,NYM,11,9,1,136.0,-151.0
2017-05-14,2017,STL,CHC,5,0,1,111.0,-121.0
2017-05-14,2017,COL,LAD,9,6,1,122.0,-137.0
2017-05-14,2017,SFG,CIN,8,3,1,-149.0,134.0
2017-05-14,2017,ARI,PIT,4,6,0,-160.0,145.0
2017-05-14,2017,TEX,ATH,6,4,1,-138.0,123.0
2017-05-14,2017,TOR,SEA,3,2,1,-136.0,121.0
2017-05-14,2017,CLE,MIN,8,3,1,-168.0,153.0
2017-05-14,2017,BOS,TBR,2,11,0,-177.0,157.0
2017-05-14,2017,LAA,DET,4,1,1,106.0,-116.0
2017-05-14,2017,NYY,HOU,7,10,0,-124.0,114.0
2017-05-14,2017,KCR,BAL,9,8,1,116.0,-131.0
2017-05-14,2017,CHW,SDP,9,3,1,-205.0,175.0
2017-05-14,2017,WSN,PHI,6,5,1,-221.0,191.0
2017-05-14,2017,NYY,HOU,11,6,1,-148.0,133.0
2017-05-15,2017,ARI,NYM,7,3,1,-106.0,-104.0
2017-05-15,2017,SDP,MIL,6,5,1,-131.0,116.0
2017-05-15,2017,SFG,LAD,8,4,1,114.0,-124.0
2017-05-15,2017,CLE,TBR,8,7,1,-160.0,145.0
2017-05-15,2017,LAA,CHW,5,3,1,-210.0,180.0
2017-05-15,2017,SEA,ATH,6,5,1,-121.0,111.0
2017-05-15,2017,MIA,HOU,2,7,0,-102.0,-108.0
2017-05-15,2017,TOR,ATL,6,10,0,-134.0,119.0
2017-05-16,2017,PIT,WSN,4,8,0,137.0,-152.0
2017-05-16,2017,CHC,CIN,9,5,1,-195.0,175.0
2017-05-16,2017,ARI,NYM,5,4,1,-160.0,145.0
2017-05-16,2017,SDP,MIL,2,6,0,-123.0,113.0
2017-05-16,2017,SFG,LAD,2,1,1,129.0,-144.0
2017-05-16,2017,CLE,TBR,4,6,0,-153.0,138.0
2017-05-16,2017,DET,BAL,11,13,0,-113.0,103.0
2017-05-16,2017,KCR,NYY,1,7,0,105.0,-115.0
2017-05-16,2017,LAA,CHW,7,6,1,-187.0,167.0
2017-05-16,2017,SEA,ATH,6,9,0,-107.0,-103.0
2017-05-16,2017,TOR,ATL,5,9,0,-138.0,123.0
2017-05-16,2017,MIA,HOU,2,12,0,143.0,-158.0
2017-05-16,2017,TEX,PHI,5,1,1,-185.0,165.0
2017-05-16,2017,MIN,COL,3,7,0,-114.0,104.0
2017-05-16,2017,STL,BOS,3,6,0,-101.0,-109.0
2017-05-17,2017,ARI,NYM,5,4,1,-126.0,116.0
2017-05-17,2017,SFG,LAD,1,6,0,165.0,-185.0
2017-05-17,2017,PIT,WSN,6,1,1,-124.0,114.0
2017-05-17,2017,CHC,CIN,7,5,1,-193.0,173.0
2017-05-17,2017,SDP,MIL,1,3,0,-126.0,116.0
2017-05-17,2017,CLE,TBR,4,7,0,-165.0,150.0
2017-05-17,2017,DET,BAL,5,4,1,-143.0,128.0
2017-05-17,2017,KCR,NYY,7,11,0,121.0,-136.0
2017-05-17,2017,LAA,CHW,12,8,1,-179.0,159.0
2017-05-17,2017,SEA,ATH,4,0,1,-112.0,102.0
2017-05-17,2017,ATL,TOR,8,4,1,-111.0,101.0
2017-05-17,2017,MIA,HOU,0,3,0,153.0,-168.0
2017-05-17,2017,TEX,PHI,9,3,1,-132.0,117.0
2017-05-17,2017,STL,BOS,4,5,0,101.0,-111.0
2017-05-18,2017,PIT,WSN,10,4,1,117.0,-127.0
2017-05-18,2017,CHC,CIN,9,5,1,-215.0,185.0
2017-05-18,2017,SDP,MIL,2,4,0,-111.0,101.0
2017-05-18,2017,LAD,MIA,7,2,1,-196.0,176.0
2017-05-18,2017,DET,BAL,6,5,1,116.0,-131.0
2017-05-18,2017,KCR,NYY,5,1,1,107.0,-117.0
2017-05-18,2017,ATH,BOS,8,3,1,101.0,-111.0
2017-05-18,2017,SEA,CHW,5,4,1,-173.0,153.0
2017-05-18,2017,MIN,COL,2,0,1,-145.0,130.0
2017-05-18,2017,ATL,TOR,0,9,0,101.0,-111.0
2017-05-18,2017,TEX,PHI,8,4,1,-140.0,125.0
2017-05-18,2017,MIN,COL,1,5,0,-132.0,117.0
2017-05-19,2017,CHC,MIL,3,6,0,-180.0,160.0
2017-05-19,2017,PIT,PHI,2,7,0,-128.0,118.0
2017-05-19,2017,ATL,WSN,7,4,1,152.0,-172.0
2017-05-19,2017,CIN,COL,6,12,0,-107.0,-103.0
2017-05-19,2017,STL,SFG,5,6,0,-146.0,131.0
2017-05-19,2017,SDP,ARI,1,10,0,133.0,-148.0
2017-05-19,2017,LAD,MIA,7,2,1,-240.0,200.0
2017-05-19,2017,BAL,TOR,5,3,1,-126.0,116.0
2017-05-19,2017,TBR,NYY,5,4,1,113.0,-123.0
2017-05-19,2017,DET,TEX,3,5,0,-150.0,135.0
2017-05-19,2017,MIN,KCR,4,3,1,-109.0,-101.0
2017-05-19,2017,HOU,CLE,3,5,0,-129.0,119.0
2017-05-19,2017,ATH,BOS,3,2,1,171.0,-191.0
2017-05-19,2017,SEA,CHW,1,2,0,-121.0,111.0
2017-05-19,2017,NYM,LAA,3,0,1,-168.0,153.0
2017-05-20,2017,ATL,WSN,5,2,1,200.0,-230.0
2017-05-20,2017,PIT,PHI,6,3,1,-121.0,111.0
2017-05-20,2017,CIN,COL,12,8,1,-111.0,101.0
2017-05-20,2017,STL,SFG,1,3,0,-137.0,122.0
2017-05-20,2017,SDP,ARI,1,9,0,-102.0,-108.0
2017-05-20,2017,LAD,MIA,6,10,0,-171.0,151.0
2017-05-20,2017,TBR,NYY,9,5,1,106.0,-116.0
2017-05-20,2017,HOU,CLE,0,3,0,-113.0,103.0
2017-05-20,2017,ATH,BOS,8,3,1,108.0,-118.0
2017-05-20,2017,BAL,TOR,7,5,1,-160.0,145.0
2017-05-20,2017,DET,TEX,9,3,1,-147.0,132.0
2017-05-20,2017,SEA,CHW,1,16,0,-176.0,156.0
2017-05-20,2017,NYM,LAA,7,5,1,-133.0,118.0
2017-05-21,2017,ATL,WSN,2,3,0,170.0,-190.0
2017-05-21,2017,LAD,MIA,6,3,1,-192.0,172.0
2017-05-21,2017,CIN,COL,4,6,0,-112.0,102.0
2017-05-21,2017,PIT,PHI,1,0,1,105.0,-115.0
2017-05-21,2017,STL,SFG,8,3,1,-175.0,155.0
2017-05-21,2017,CHC,MIL,13,6,1,-211.0,181.0
2017-05-21,2017,SDP,ARI,5,1,1,102.0,-112.0
2017-05-21,2017,DET,TEX,2,5,0,117.0,-127.0
2017-05-21,2017,TBR,NYY,2,3,0,-141.0,126.0
2017-05-21,2017,BAL,TOR,1,3,0,-114.0,104.0
2017-05-21,2017,MIN,KCR,4,6,0,-124.0,114.0
2017-05-21,2017,HOU,CLE,6,8,0,-107.0,-103.0
2017-05-21,2017,ATH,BOS,3,12,0,109.0,-119.0
2017-05-21,2017,SEA,CHW,1,8,0,-122.0,112.0
2017-05-21,2017,NYM,LAA,5,12,0,-111.0,101.0
2017-05-21,2017,MIN,KCR,8,4,1,-106.0,-104.0
2017-05-22,2017,PHI,COL,1,8,0,-109.0,-101.0
2017-05-22,2017,ATL,PIT,5,2,1,118.0,-128.0
2017-05-22,2017,CHC,SFG,4,6,0,-215.0,185.0
2017-05-22,2017,NYY,KCR,4,2,1,-190.0,170.0
2017-05-22,2017,BAL,MIN,7,14,0,-129.0,119.0
2017-05-22,2017,TBR,LAA,2,3,0,-112.0,102.0
2017-05-22,2017,HOU,DET,1,0,1,-144.0,129.0
2017-05-22,2017,CIN,CLE,5,1,1,114.0,-124.0
2017-05-22,2017,ARI,CHW,5,1,1,-205.0,175.0
2017-05-23,2017,CHC,SFG,4,1,1,-172.0,152.0
2017-05-23,2017,PHI,COL,2,8,0,121.0,-136.0
2017-05-23,2017,ATL,PIT,6,5,1,-109.0,-101.0
2017-05-23,2017,NYM,SDP,9,3,1,-147.0,132.0
2017-05-23,2017,LAD,STL,2,1,1,-245.0,205.0
2017-05-23,2017,BAL,MIN,0,2,0,-124.0,114.0
2017-05-23,2017,NYY,KCR,2,6,0,-136.0,121.0
2017-05-23,2017,TBR,LAA,0,4,0,-111.0,101.0
2017-05-23,2017,BOS,TEX,11,6,1,-195.0,175.0
2017-05-23,2017,HOU,DET,6,2,1,-225.0,195.0
2017-05-23,2017,WSN,SEA,10,1,1,-147.0,132.0
2017-05-23,2017,CIN,CLE,7,8,0,151.0,-171.0
2017-05-23,2017,MIL,TOR,3,4,0,100.0,-110.0
2017-05-23,2017,ARI,CHW,5,4,1,-166.0,151.0
2017-05-23,2017,ATH,MIA,9,11,0,-123.0,113.0
2017-05-24,2017,PHI,COL,2,7,0,111.0,-121.0
2017-05-24,2017,NYM,SDP,5,6,0,-162.0,147.0
2017-05-24,2017,ATL,PIT,5,12,0,-142.0,127.0
2017-05-24,2017,CHC,SFG,5,4,1,-182.0,162.0
2017-05-24,2017,LAD,STL,1,6,0,-131.0,116.0
2017-05-24,2017,BAL,MIN,3,4,0,-105.0,-105.0
2017-05-24,2017,NYY,KCR,3,0,1,-217.0,187.0
2017-05-24,2017,TBR,LAA,5,2,1,-131.0,116.0
2017-05-24,2017,BOS,TEX,9,4,1,-300.0,250.0
2017-05-24,2017,HOU,DET,3,6,0,-168.0,153.0
2017-05-24,2017,MIL,TOR,4,8,0,106.0,-116.0
2017-05-24,2017,ATH,MIA,4,1,1,-145.0,130.0
2017-05-24,2017,ARI,CHW,8,6,1,-119.0,109.0
2017-05-24,2017,WSN,SEA,5,1,1,-153.0,138.0
2017-05-24,2017,CLE,CIN,3,4,0,-194.0,174.0
2017-05-25,2017,PHI,COL,2,1,1,-109.0,-101.0
2017-05-25,2017,CHC,SFG,5,1,1,-113.0,103.0
2017-05-25,2017,NYM,SDP,3,4,0,-156.0,141.0
2017-05-25,2017,ATL,PIT,4,9,0,-114.0,104.0
2017-05-25,2017,MIL,ARI,0,4,0,-107.0,-103.0
2017-05-25,2017,LAD,STL,7,3,1,-144.0,129.0
2017-05-25,2017,TBR,LAA,4,0,1,-166.0,151.0
2017-05-25,2017,BOS,TEX,6,2,1,-200.0,170.0
2017-05-25,2017,HOU,DET,7,6,1,-107.0,-103.0
2017-05-25,2017,WSN,SEA,2,4,0,-135.0,120.0
2017-05-26,2017,PHI,CIN,2,5,0,-133.0,118.0
2017-05-26,2017,PIT,NYM,1,8,0,130.0,-145.0
2017-05-26,2017,WSN,SDP,5,1,1,-255.0,215.0
2017-05-26,2017,MIL,ARI,2,4,0,-107.0,-103.0
2017-05-26,2017,COL,STL,10,0,1,101.0,-111.0
2017-05-26,2017,LAD,CHC,4,0,1,-135.0,120.0
2017-05-26,2017,SFG,ATL,0,2,0,-104.0,-106.0
2017-05-26,2017,TOR,TEX,7,6,1,-143.0,128.0
2017-05-26,2017,NYY,ATH,1,4,0,-164.0,149.0
2017-05-26,2017,CLE,KCR,4,6,0,-173.0,153.0
2017-05-26,2017,BOS,SEA,3,0,1,-154.0,139.0
2017-05-26,2017,MIN,TBR,2,5,0,125.0,-140.0
2017-05-26,2017,HOU,BAL,2,0,1,-145.0,130.0
2017-05-26,2017,MIA,LAA,8,5,1,-127.0,117.0
2017-05-26,2017,CHW,DET,8,2,1,-105.0,-105.0
2017-05-27,2017,WSN,SDP,3,0,1,-270.0,230.0
2017-05-27,2017,PHI,CIN,4,3,1,-128.0,118.0
2017-05-27,2017,MIL,ARI,6,1,1,117.0,-132.0
2017-05-27,2017,LAD,CHC,5,0,1,-115.0,105.0
2017-05-27,2017,PIT,NYM,5,4,1,-138.0,123.0
2017-05-27,2017,COL,STL,0,3,0,-104.0,-106.0
2017-05-27,2017,SFG,ATL,6,3,1,-113.0,103.0
2017-05-27,2017,TOR,TEX,3,1,1,-111.0,101.0
2017-05-27,2017,CLE,KCR,2,5,0,-165.0,150.0
2017-05-27,2017,CHW,DET,3,4,0,109.0,-119.0
2017-05-27,2017,HOU,BAL,5,2,1,-201.0,171.0
2017-05-27,2017,MIN,TBR,5,3,1,109.0,-119.0
2017-05-27,2017,NYY,ATH,3,2,1,-141.0,126.0
2017-05-27,2017,BOS,SEA,6,0,1,-129.0,119.0
2017-05-27,2017,MIA,LAA,2,5,0,-101.0,-109.0
2017-05-27,2017,CHW,DET,3,0,1,136.0,-151.0
2017-05-28,2017,WSN,SDP,3,5,0,-145.0,130.0
2017-05-28,2017,PHI,CIN,4,8,0,101.0,-111.0
2017-05-28,2017,MIL,ARI,9,5,1,-131.0,116.0
2017-05-28,2017,COL,STL,8,4,1,-135.0,120.0
2017-05-28,2017,SFG,ATL,7,1,1,-210.0,180.0
2017-05-28,2017,LAD,CHC,9,4,1,-160.0,145.0
2017-05-28,2017,PIT,NYM,2,7,0,-121.0,111.0
2017-05-28,2017,TOR,TEX,1,3,0,-176.0,156.0
2017-05-28,2017,NYY,ATH,9,5,1,-185.0,165.0
2017-05-28,2017,CLE,KCR,10,1,1,-126.0,116.0
2017-05-28,2017,BOS,SEA,0,5,0,-191.0,171.0
2017-05-28,2017,CHW,DET,7,3,1,104.0,-114.0
2017-05-28,2017,MIN,TBR,6,8,0,-105.0,-105.0
2017-05-28,2017,HOU,BAL,8,4,1,-230.0,200.0
2017-05-28,2017,MIA,LAA,9,2,1,101.0,-111.0
2017-05-29,2017,MIA,PHI,4,1,1,-164.0,149.0
2017-05-29,2017,STL,LAD,1,5,0,-106.0,-104.0
2017-05-29,2017,SFG,WSN,0,3,0,-101.0,-109.0
2017-05-29,2017,PIT,ARI,4,3,1,104.0,-114.0
2017-05-29,2017,NYM,MIL,4,2,1,-132.0,117.0
2017-05-29,2017,SDP,CHC,5,2,1,185.0,-215.0
2017-05-29,2017,CLE,ATH,5,3,1,-260.0,220.0
2017-05-29,2017,CHW,BOS,5,4,1,150.0,-165.0
2017-05-29,2017,BAL,NYY,3,2,1,-105.0,-105.0
2017-05-29,2017,TEX,TBR,8,10,0,-131.0,116.0
2017-05-29,2017,KCR,DET,7,10,0,-105.0,-105.0
2017-05-29,2017,MIN,HOU,8,16,0,106.0,-116.0
2017-05-29,2017,COL,SEA,5,6,0,-147.0,132.0
2017-05-29,2017,TOR,CIN,17,2,1,-210.0,180.0
2017-05-29,2017,LAA,ATL,3,6,0,-126.0,116.0
2017-05-30,2017,MIA,PHI,7,2,1,-119.0,109.0
2017-05-30,2017,PIT,ARI,0,3,0,-121.0,111.0
2017-05-30,2017,STL,LAD,4,9,0,107.0,-117.0
2017-05-30,2017,NYM,MIL,5,4,1,-132.0,117.0
2017-05-30,2017,SDP,CHC,6,2,1,131.0,-146.0
2017-05-30,2017,SFG,WSN,3,6,0,-128.0,118.0
2017-05-30,2017,CLE,ATH,9,4,1,-170.0,150.0
2017-05-30,2017,BAL,NYY,3,8,0,153.0,-168.0
2017-05-30,2017,TEX,TBR,9,5,1,-103.0,-107.0
2017-05-30,2017,CHW,BOS,7,13,0,150.0,-170.0
2017-05-30,2017,KCR,DET,1,0,1,118.0,-133.0
2017-05-30,2017,MIN,HOU,2,7,0,-107.0,-103.0
2017-05-30,2017,TOR,CIN,6,4,1,-205.0,175.0
2017-05-30,2017,COL,SEA,4,10,0,-149.0,134.0
2017-05-30,2017,LAA,ATL,9,3,1,-119.0,109.0
2017-05-31,2017,PIT,ARI,5,6,0,-108.0,-102.0
2017-05-31,2017,SDP,CHC,2,1,1,180.0,-210.0
2017-05-31,2017,MIA,PHI,10,2,1,-119.0,109.0
2017-05-31,2017,NYM,MIL,1,7,0,-200.0,170.0
2017-05-31,2017,STL,LAD,2,1,1,-132.0,117.0
2017-05-31,2017,SFG,WSN,1,3,0,146.0,-161.0
2017-05-31,2017,MIN,HOU,6,17,0,128.0,-143.0
2017-05-31,2017,CLE,ATH,1,3,0,-156.0,141.0
2017-05-31,2017,BAL,NYY,10,4,1,-111.0,101.0
2017-05-31,2017,TEX,TBR,5,7,0,132.0,-147.0
2017-05-31,2017,CHW,BOS,1,4,0,121.0,-136.0
2017-05-31,2017,KCR,DET,5,6,0,-115.0,105.0
2017-05-31,2017,TOR,CIN,5,4,1,-117.0,107.0
2017-05-31,2017,LAA,ATL,2,1,1,-118.0,108.0
2017-05-31,2017,SEA,COL,5,0,1,-183.0,163.0
2017-06-01,2017,MIA,ARI,2,3,0,111.0,-121.0
2017-06-01,2017,NYM,MIL,1,2,0,-140.0,125.0
2017-06-01,2017,STL,LAD,2,0,1,-101.0,-109.0
2017-06-01,2017,CLE,ATH,8,0,1,-225.0,195.0
2017-06-01,2017,BAL,BOS,7,5,1,113.0,-123.0
2017-06-01,2017,TOR,NYY,2,12,0,-150.0,135.0
2017-06-01,2017,LAA,MIN,2,4,0,-106.0,-104.0
2017-06-01,2017,SEA,COL,3,6,0,-126.0,116.0
2017-06-02,2017,CHC,STL,3,2,1,-185.0,165.0
2017-06-02,2017,MIA,ARI,7,5,1,-116.0,106.0
2017-06-02,2017,PHI,SFG,0,10,0,-126.0,116.0
2017-06-02,2017,NYM,PIT,7,12,0,-110.0,100.0
2017-06-02,2017,CIN,ATL,3,2,1,-119.0,109.0
2017-06-02,2017,MIL,LAD,1,2,0,175.0,-205.0
2017-06-02,2017,SDP,COL,8,5,1,102.0,-112.0
2017-06-02,2017,TOR,NYY,7,5,1,112.0,-122.0
2017-06-02,2017,BAL,BOS,3,2,1,118.0,-128.0
2017-06-02,2017,DET,CHW,15,5,1,-200.0,170.0
2017-06-02,2017,TEX,HOU,1,7,0,111.0,-121.0
2017-06-02,2017,KCR,CLE,4,0,1,101.0,-111.0
2017-06-02,2017,LAA,MIN,5,11,0,-128.0,118.0
2017-06-02,2017,SEA,TBR,12,4,1,108.0,-118.0
2017-06-02,2017,ATH,WSN,3,13,0,129.0,-144.0
2017-06-03,2017,MIA,ARI,3,0,1,-141.0,126.0
2017-06-03,2017,CHC,STL,5,3,1,-149.0,134.0
2017-06-03,2017,PHI,SFG,5,3,1,118.0,-133.0
2017-06-03,2017,MIL,LAD,8,10,0,146.0,-161.0
2017-06-03,2017,SDP,COL,1,10,0,-102.0,-108.0
2017-06-03,2017,CIN,ATL,5,6,0,-180.0,160.0
2017-06-03,2017,NYM,PIT,4,2,1,-142.0,127.0
2017-06-03,2017,TOR,NYY,0,7,0,-147.0,132.0
2017-06-03,2017,TEX,HOU,5,6,0,156.0,-176.0
2017-06-03,2017,KCR,CLE,12,5,1,167.0,-187.0
2017-06-03,2017,DET,CHW,10,1,1,-132.0,117.0
2017-06-03,2017,BAL,BOS,2,5,0,111.0,-121.0
2017-06-03,2017,LAA,MIN,7,2,1,-104.0,-106.0
2017-06-03,2017,SEA,TBR,9,2,1,-108.0,-102.0
2017-06-03,2017,ATH,WSN,10,4,1,-116.0,106.0
2017-06-04,2017,CIN,ATL,8,13,0,-112.0,102.0
2017-06-04,2017,NYM,PIT,1,11,0,-121.0,111.0
2017-06-04,2017,MIA,ARI,6,5,1,-140.0,125.0
2017-06-04,2017,PHI,SFG,9,7,1,101.0,-111.0
2017-06-04,2017,MIL,LAD,3,0,1,129.0,-144.0
2017-06-04,2017,SDP,COL,1,3,0,125.0,-140.0
2017-06-04,2017,CHC,STL,7,6,1,-175.0,155.0
2017-06-04,2017,TOR,NYY,3,2,1,-108.0,-102.0
2017-06-04,2017,DET,CHW,7,4,1,-260.0,220.0
2017-06-04,2017,BAL,BOS,3,7,0,168.0,-188.0
2017-06-04,2017,KCR,CLE,0,8,0,125.0,-140.0
2017-06-04,2017,TEX,HOU,2,7,0,130.0,-145.0
2017-06-04,2017,LAA,MIN,2,3,0,119.0,-134.0
2017-06-04,2017,SEA,TBR,7,1,1,-131.0,116.0
2017-06-04,2017,ATH,WSN,10,11,0,-101.0,-109.0
2017-06-05,2017,CIN,STL,4,2,1,145.0,-160.0
2017-06-05,2017,ATL,PHI,4,11,0,-133.0,118.0
2017-06-05,2017,MIL,SFG,2,7,0,117.0,-132.0
2017-06-05,2017,CHC,MIA,3,1,1,-116.0,106.0
2017-06-05,2017,LAD,WSN,2,4,0,-142.0,127.0
2017-06-05,2017,KCR,HOU,3,7,0,119.0,-129.0
2017-06-05,2017,ATH,TOR,5,3,1,-103.0,-107.0
2017-06-06,2017,CIN,STL,13,1,1,120.0,-135.0
2017-06-06,2017,ATL,PHI,1,3,0,-104.0,-106.0
2017-06-06,2017,MIL,SFG,5,2,1,-113.0,103.0
2017-06-06,2017,CHC,MIA,10,2,1,-205.0,175.0
2017-06-06,2017,ARI,SDP,10,2,1,-154.0,139.0
2017-06-06,2017,LAD,WSN,1,2,0,-101.0,-109.0
2017-06-06,2017,NYY,BOS,4,5,0,-124.0,114.0
2017-06-06,2017,TBR,CHW,2,4,0,-172.0,152.0
2017-06-06,2017,DET,LAA,3,5,0,-144.0,129.0
2017-06-06,2017,KCR,HOU,9,7,1,111.0,-121.0
2017-06-06,2017,ATH,TOR,4,1,1,117.0,-127.0
2017-06-06,2017,SEA,MIN,12,3,1,-193.0,173.0
2017-06-06,2017,BAL,PIT,6,5,1,-118.0,108.0
2017-06-06,2017,TEX,NYM,10,8,1,121.0,-136.0
2017-06-06,2017,COL,CLE,11,3,1,-105.0,-105.0
2017-06-07,2017,LAD,WSN,2,1,1,-166.0,151.0
2017-06-07,2017,CIN,STL,6,4,1,-105.0,-105.0
2017-06-07,2017,ATL,PHI,14,1,1,-133.0,118.0
2017-06-07,2017,CHC,MIA,5,6,0,-200.0,170.0
2017-06-07,2017,MIL,SFG,6,3,1,-113.0,103.0
2017-06-07,2017,ARI,SDP,6,3,1,-215.0,185.0
2017-06-07,2017,ATH,TOR,5,7,0,101.0,-111.0
2017-06-07,2017,NYY,BOS,8,0,1,-102.0,-108.0
2017-06-07,2017,TBR,CHW,3,1,1,-190.0,170.0
2017-06-07,2017,DET,LAA,4,0,1,-135.0,120.0
2017-06-07,2017,KCR,HOU,7,5,1,-109.0,-101.0
2017-06-07,2017,SEA,MIN,4,5,0,-101.0,-109.0
2017-06-07,2017,COL,CLE,8,1,1,-101.0,-109.0
2017-06-07,2017,BAL,PIT,9,6,1,-155.0,140.0
2017-06-07,2017,TEX,NYM,3,4,0,-147.0,132.0
2017-06-08,2017,CIN,STL,5,2,1,102.0,-112.0
2017-06-08,2017,MIL,SFG,5,9,0,101.0,-111.0
2017-06-08,2017,ARI,SDP,15,3,1,-133.0,118.0
2017-06-08,2017,PIT,MIA,1,7,0,-143.0,128.0
2017-06-08,2017,ATL,PHI,3,1,1,-119.0,109.0
2017-06-08,2017,CHC,COL,1,4,0,-190.0,170.0
2017-06-08,2017,DET,LAA,4,11,0,-200.0,170.0
2017-06-08,2017,NYY,BOS,9,1,1,-124.0,114.0
2017-06-08,2017,TBR,CHW,7,5,1,-170.0,150.0
2017-06-08,2017,KCR,HOU,1,6,0,170.0,-190.0
2017-06-08,2017,SEA,MIN,1,2,0,-111.0,101.0
2017-06-08,2017,WSN,BAL,6,1,1,-150.0,135.0
2017-06-09,2017,CHC,COL,3,5,0,-144.0,129.0
2017-06-09,2017,PIT,MIA,7,12,0,-128.0,118.0
2017-06-09,2017,ATL,NYM,3,2,1,105.0,-115.0
2017-06-09,2017,STL,PHI,3,2,1,-185.0,165.0
2017-06-09,2017,ARI,MIL,6,8,0,-141.0,126.0
2017-06-09,2017,LAD,CIN,7,2,1,-204.0,174.0
2017-06-09,2017,CLE,CHW,7,3,1,-300.0,250.0
2017-06-09,2017,BOS,DET,5,3,1,-133.0,118.0
2017-06-09,2017,TBR,ATH,13,4,1,-133.0,118.0
2017-06-09,2017,NYY,BAL,8,2,1,-170.0,150.0
2017-06-09,2017,HOU,LAA,4,9,0,-168.0,153.0
2017-06-09,2017,SEA,TOR,4,2,1,107.0,-117.0
2017-06-09,2017,WSN,TEX,2,5,0,-180.0,160.0
2017-06-09,2017,SDP,KCR,6,3,1,-117.0,107.0
2017-06-09,2017,SFG,MIN,0,4,0,-133.0,118.0
2017-06-10,2017,STL,PHI,7,0,1,-240.0,200.0
2017-06-10,2017,CHC,COL,1,9,0,-140.0,125.0
2017-06-10,2017,PIT,MIA,7,6,1,106.0,-116.0
2017-06-10,2017,ATL,NYM,1,6,0,-108.0,-102.0
2017-06-10,2017,LAD,CIN,5,4,1,-227.0,197.0
2017-06-10,2017,ARI,MIL,3,2,1,-150.0,135.0
2017-06-10,2017,TBR,ATH,6,5,1,-109.0,-101.0
2017-06-10,2017,HOU,LAA,3,1,1,-195.0,175.0
2017-06-10,2017,TBR,ATH,2,7,0,-101.0,-109.0
2017-06-10,2017,BOS,DET,11,3,1,-190.0,170.0
2017-06-10,2017,CLE,CHW,3,5,0,-225.0,195.0
2017-06-10,2017,NYY,BAL,16,3,1,-260.0,220.0
2017-06-10,2017,SEA,TOR,2,4,0,116.0,-126.0
2017-06-10,2017,WSN,TEX,3,6,0,-165.0,150.0
2017-06-10,2017,SFG,MIN,2,3,0,-167.0,152.0
2017-06-10,2017,SDP,KCR,6,12,0,109.0,-119.0
2017-06-10,2017,ATL,NYM,1,8,0,151.0,-171.0
2017-06-11,2017,ATL,NYM,1,2,0,-141.0,126.0
2017-06-11,2017,PIT,MIA,3,1,1,-170.0,150.0
2017-06-11,2017,STL,PHI,6,5,1,-138.0,123.0
2017-06-11,2017,CHC,COL,7,5,1,-234.0,204.0
2017-06-11,2017,LAD,CIN,9,7,1,-180.0,160.0
2017-06-11,2017,ARI,MIL,11,1,1,-150.0,135.0
2017-06-11,2017,BOS,DET,3,8,0,-165.0,150.0
2017-06-11,2017,NYY,BAL,14,3,1,-176.0,156.0
2017-06-11,2017,CLE,CHW,4,2,1,-190.0,170.0
2017-06-11,2017,TBR,ATH,5,4,1,-210.0,180.0
2017-06-11,2017,HOU,LAA,6,12,0,-180.0,160.0
2017-06-11,2017,SEA,TOR,0,4,0,-161.0,146.0
2017-06-11,2017,SFG,MIN,13,8,1,-129.0,119.0
2017-06-11,2017,WSN,TEX,1,5,0,-265.0,225.0
2017-06-11,2017,SDP,KCR,3,8,0,-108.0,-102.0
2017-06-12,2017,WSN,ATL,10,11,0,-243.0,203.0
2017-06-12,2017,PIT,COL,7,2,1,-128.0,118.0
2017-06-12,2017,NYM,CHC,6,1,1,-131.0,116.0
2017-06-12,2017,SDP,CIN,9,3,1,-122.0,112.0
2017-06-12,2017,HOU,TEX,1,6,0,-122.0,112.0
2017-06-12,2017,MIN,SEA,3,14,0,-125.0,115.0
2017-06-12,2017,CHW,BAL,10,7,1,106.0,-116.0
2017-06-12,2017,LAA,NYY,3,5,0,123.0,-138.0
2017-06-12,2017,BOS,PHI,6,5,1,-235.0,205.0
2017-06-13,2017,WSN,ATL,10,5,1,-190.0,170.0
2017-06-13,2017,PIT,COL,5,2,1,-115.0,105.0
2017-06-13,2017,NYM,CHC,3,14,0,118.0,-133.0
2017-06-13,2017,STL,MIL,5,8,0,-113.0,103.0
2017-06-13,2017,SDP,CIN,6,2,1,-108.0,-102.0
2017-06-13,2017,TOR,TBR,1,8,0,-153.0,138.0
2017-06-13,2017,CHW,BAL,6,1,1,114.0,-124.0
2017-06-13,2017,MIN,SEA,20,7,1,101.0,-111.0
2017-06-13,2017,HOU,TEX,2,4,0,-187.0,167.0
2017-06-13,2017,LAA,NYY,3,2,1,116.0,-126.0
2017-06-13,2017,MIA,ATH,8,1,1,-127.0,117.0
2017-06-13,2017,BOS,PHI,4,3,1,-300.0,250.0
2017-06-13,2017,CLE,LAD,5,7,0,160.0,-180.0
2017-06-13,2017,DET,ARI,6,7,0,-104.0,-106.0
2017-06-13,2017,SFG,KCR,1,8,0,-112.0,102.0
2017-06-13,2017,STL,MIL,6,0,1,-162.0,147.0
2017-06-14,2017,SDP,CIN,4,2,1,-115.0,105.0
2017-06-14,2017,WSN,ATL,2,13,0,-177.0,157.0
2017-06-14,2017,PIT,COL,1,5,0,101.0,-111.0
2017-06-14,2017,NYM,CHC,9,4,1,111.0,-121.0
2017-06-14,2017,STL,MIL,6,7,0,-176.0,156.0
2017-06-14,2017,TOR,TBR,7,6,1,-145.0,130.0
2017-06-14,2017,CHW,BAL,6,10,0,116.0,-131.0
2017-06-14,2017,HOU,TEX,13,2,1,-145.0,130.0
2017-06-14,2017,MIN,SEA,4,6,0,-129.0,119.0
2017-06-14,2017,LAA,NYY,7,5,1,130.0,-145.0
2017-06-14,2017,MIA,ATH,11,6,1,-168.0,153.0
2017-06-14,2017,SFG,KCR,2,7,0,-160.0,145.0
2017-06-14,2017,PHI,BOS,3,7,0,109.0,-119.0
2017-06-14,2017,DET,ARI,1,2,0,-119.0,109.0
2017-06-14,2017,CLE,LAD,4,6,0,-135.0,120.0
2017-06-15,2017,NYM,WSN,3,8,0,108.0,-118.0
2017-06-15,2017,STL,MIL,4,6,0,-149.0,134.0
2017-06-15,2017,COL,SFG,10,9,1,-164.0,149.0
2017-06-15,2017,MIN,SEA,6,2,1,-135.0,120.0
2017-06-15,2017,CHW,BAL,5,2,1,126.0,-141.0
2017-06-15,2017,DET,TBR,5,3,1,-160.0,145.0
2017-06-15,2017,ATH,NYY,8,7,1,-108.0,-102.0
2017-06-15,2017,LAA,KCR,2,7,0,-111.0,101.0
2017-06-15,2017,CLE,LAD,12,5,1,-103.0,-107.0
2017-06-15,2017,PHI,BOS,1,0,1,230.0,-270.0
2017-06-16,2017,PIT,CHC,5,9,0,-103.0,-107.0
2017-06-16,2017,PHI,ARI,4,5,0,-123.0,113.0
2017-06-16,2017,CIN,LAD,1,3,0,152.0,-167.0
2017-06-16,2017,NYM,WSN,2,7,0,133.0,-148.0
2017-06-16,2017,ATL,MIA,0,5,0,-111.0,101.0
2017-06-16,2017,MIL,SDP,6,5,1,-159.0,144.0
2017-06-16,2017,COL,SFG,10,8,1,-121.0,111.0
2017-06-16,2017,TOR,CHW,4,11,0,-205.0,175.0
2017-06-16,2017,DET,TBR,13,4,1,-131.0,116.0
2017-06-16,2017,TEX,SEA,10,4,1,104.0,-114.0
2017-06-16,2017,HOU,BOS,1,2,0,-131.0,116.0
2017-06-16,2017,MIN,CLE,1,8,0,138.0,-153.0
2017-06-16,2017,ATH,NYY,7,6,1,119.0,-129.0
2017-06-16,2017,LAA,KCR,1,3,0,-109.0,-101.0
2017-06-16,2017,BAL,STL,2,11,0,118.0,-133.0
2017-06-17,2017,COL,SFG,5,1,1,-195.0,175.0
2017-06-17,2017,PHI,ARI,1,5,0,119.0,-129.0
2017-06-17,2017,CIN,LAD,2,10,0,132.0,-147.0
2017-06-17,2017,MIL,SDP,5,7,0,-168.0,153.0
2017-06-17,2017,ATL,MIA,8,7,1,-110.0,100.0
2017-06-17,2017,NYM,WSN,4,7,0,151.0,-171.0
2017-06-17,2017,PIT,CHC,4,3,1,109.0,-119.0
2017-06-17,2017,TOR,CHW,2,5,0,-235.0,205.0
2017-06-17,2017,MIN,CLE,3,9,0,109.0,-119.0
2017-06-17,2017,ATH,NYY,5,2,1,111.0,-121.0
2017-06-17,2017,DET,TBR,2,3,0,103.0,-113.0
2017-06-17,2017,TEX,SEA,10,4,1,-135.0,120.0
2017-06-17,2017,HOU,BOS,7,1,1,-113.0,103.0
2017-06-17,2017,LAA,KCR,9,0,1,-146.0,131.0
2017-06-17,2017,BAL,STL,15,7,1,-114.0,104.0
2017-06-17,2017,MIN,CLE,2,6,0,108.0,-118.0
2017-06-18,2017,NYM,WSN,5,1,1,-129.0,119.0
2017-06-18,2017,CIN,LAD,7,8,0,155.0,-175.0
2017-06-18,2017,PHI,ARI,4,5,0,162.0,-182.0
2017-06-18,2017,ATL,MIA,5,4,1,-109.0,-101.0
2017-06-18,2017,PIT,CHC,1,7,0,-111.0,101.0
2017-06-18,2017,MIL,SDP,2,1,1,-160.0,145.0
2017-06-18,2017,COL,SFG,7,5,1,-181.0,161.0
2017-06-18,2017,TOR,CHW,7,3,1,-225.0,195.0
2017-06-18,2017,DET,TBR,1,9,0,-105.0,-105.0
2017-06-18,2017,HOU,BOS,5,6,0,-127.0,117.0
2017-06-18,2017,MIN,CLE,2,5,0,128.0,-143.0
2017-06-18,2017,TEX,SEA,3,7,0,-192.0,172.0
2017-06-18,2017,LAA,KCR,3,7,0,101.0,-111.0
2017-06-18,2017,ATH,NYY,4,3,1,119.0,-134.0
2017-06-18,2017,BAL,STL,8,5,1,-105.0,-105.0
2017-06-19,2017,MIA,WSN,8,7,1,-105.0,-105.0
2017-06-19,2017,ATL,SFG,9,0,1,126.0,-141.0
2017-06-19,2017,MIL,PIT,1,8,0,119.0,-129.0
2017-06-19,2017,CHC,SDP,3,2,1,-210.0,180.0
2017-06-19,2017,LAD,NYM,10,6,1,-305.0,255.0
2017-06-19,2017,BAL,CLE,0,12,0,150.0,-165.0
2017-06-19,2017,TEX,TOR,6,7,0,116.0,-126.0
2017-06-19,2017,KCR,BOS,4,2,1,101.0,-111.0
2017-06-19,2017,ATH,HOU,1,4,0,143.0,-158.0
2017-06-19,2017,SEA,DET,6,2,1,-137.0,122.0
2017-06-19,2017,TBR,CIN,3,7,0,-148.0,133.0
2017-06-20,2017,PHI,STL,1,8,0,146.0,-161.0
2017-06-20,2017,MIA,WSN,3,12,0,113.0,-123.0
2017-06-20,2017,ATL,SFG,3,6,0,-111.0,101.0
2017-06-20,2017,MIL,PIT,3,7,0,-121.0,111.0
2017-06-20,2017,CHC,SDP,4,0,1,-196.0,176.0
2017-06-20,2017,COL,ARI,4,3,1,-126.0,116.0
2017-06-20,2017,LAD,NYM,12,0,1,-219.0,189.0
2017-06-20,2017,NYY,LAA,3,8,0,-295.0,255.0
2017-06-20,2017,BAL,CLE,6,5,1,140.0,-155.0
2017-06-20,2017,TEX,TOR,6,1,1,116.0,-131.0
2017-06-20,2017,MIN,CHW,9,7,1,-178.0,158.0
2017-06-20,2017,KCR,BOS,3,8,0,165.0,-185.0
2017-06-20,2017,ATH,HOU,4,8,0,-113.0,103.0
2017-06-20,2017,SEA,DET,5,4,1,-119.0,109.0
2017-06-20,2017,TBR,CIN,6,5,1,-143.0,128.0
2017-06-21,2017,MIA,WSN,2,1,1,122.0,-137.0
2017-06-21,2017,CHC,SDP,2,3,0,-206.0,176.0
2017-06-21,2017,PHI,STL,6,7,0,119.0,-129.0
2017-06-21,2017,ATL,SFG,5,3,1,117.0,-127.0
2017-06-21,2017,MIL,PIT,4,3,1,-121.0,111.0
2017-06-21,2017,COL,ARI,5,16,0,-151.0,136.0
2017-06-21,2017,LAD,NYM,8,2,1,-235.0,205.0
2017-06-21,2017,KCR,BOS,6,4,1,125.0,-140.0
2017-06-21,2017,NYY,LAA,8,4,1,-210.0,180.0
2017-06-21,2017,BAL,CLE,1,5,0,165.0,-185.0
2017-06-21,2017,TEX,TOR,5,7,0,-118.0,108.0
2017-06-21,2017,MIN,CHW,4,2,1,-190.0,170.0
2017-06-21,2017,ATH,HOU,1,5,0,102.0,-112.0
2017-06-21,2017,SEA,DET,7,5,1,-138.0,123.0
2017-06-21,2017,TBR,CIN,8,3,1,-105.0,-105.0
2017-06-22,2017,PHI,STL,5,1,1,126.0,-141.0
2017-06-22,2017,MIL,PIT,4,2,1,-124.0,114.0
2017-06-22,2017,COL,ARI,3,10,0,-138.0,123.0
2017-06-22,2017,MIA,CHC,1,11,0,123.0,-138.0
2017-06-22,2017,ATL,SFG,12,11,1,-175.0,155.0
2017-06-22,2017,LAD,NYM,6,3,1,-171.0,151.0
2017-06-22,2017,MIN,CHW,0,9,0,105.0,-115.0
2017-06-22,2017,TEX,TOR,11,4,1,104.0,-114.0
2017-06-22,2017,ATH,HOU,9,12,0,-105.0,-105.0
2017-06-22,2017,BAL,CLE,3,6,0,117.0,-132.0
2017-06-22,2017,NYY,LAA,5,10,0,-265.0,225.0
2017-06-22,2017,SEA,DET,9,6,1,-140.0,125.0
2017-06-23,2017,WSN,CIN,6,5,1,-239.0,209.0
2017-06-23,2017,MIA,CHC,2,0,1,104.0,-114.0
2017-06-23,2017,ATL,MIL,5,4,1,-107.0,-103.0
2017-06-23,2017,STL,PIT,3,4,0,-109.0,-101.0
2017-06-23,2017,ARI,PHI,1,6,0,-181.0,161.0
2017-06-23,2017,LAD,COL,6,1,1,-245.0,205.0
2017-06-23,2017,SFG,NYM,4,11,0,-121.0,111.0
2017-06-23,2017,NYY,TEX,2,1,1,-131.0,116.0
2017-06-23,2017,TBR,BAL,15,5,1,-240.0,200.0
2017-06-23,2017,BOS,LAA,9,4,1,-162.0,147.0
2017-06-23,2017,CLE,MIN,0,5,0,-161.0,146.0
2017-06-23,2017,CHW,ATH,0,3,0,-103.0,-107.0
2017-06-23,2017,KCR,TOR,5,4,1,125.0,-140.0
2017-06-23,2017,SEA,HOU,13,3,1,-101.0,-109.0
2017-06-23,2017,SDP,DET,1,0,1,114.0,-124.0
2017-06-24,2017,WSN,CIN,18,3,1,-145.0,130.0
2017-06-24,2017,MIA,CHC,3,5,0,145.0,-160.0
2017-06-24,2017,ATL,MIL,3,1,1,-111.0,101.0
2017-06-24,2017,STL,PIT,3,7,0,-115.0,105.0
2017-06-24,2017,SFG,NYM,2,5,0,-112.0,102.0
2017-06-24,2017,ARI,PHI,9,2,1,-229.0,199.0
2017-06-24,2017,LAD,COL,4,0,1,-265.0,225.0
2017-06-24,2017,NYY,TEX,1,8,0,-171.0,151.0
2017-06-24,2017,CHW,ATH,2,10,0,101.0,-111.0
2017-06-24,2017,KCR,TOR,3,2,1,106.0,-116.0
2017-06-24,2017,TBR,BAL,3,8,0,-172.0,152.0
2017-06-24,2017,CLE,MIN,2,4,0,-300.0,250.0
2017-06-24,2017,BOS,LAA,3,6,0,-178.0,158.0
2017-06-24,2017,SEA,HOU,2,5,0,143.0,-158.0
2017-06-24,2017,SDP,DET,7,3,1,-112.0,102.0
2017-06-25,2017,MIA,CHC,4,2,1,126.0,-141.0
2017-06-25,2017,WSN,CIN,2,6,0,-156.0,141.0
2017-06-25,2017,ATL,MIL,0,7,0,-105.0,-105.0
2017-06-25,2017,STL,PIT,8,4,1,-161.0,146.0
2017-06-25,2017,SFG,NYM,2,8,0,-158.0,143.0
2017-06-25,2017,ARI,PHI,2,1,1,-176.0,156.0
2017-06-25,2017,LAD,COL,12,6,1,-160.0,145.0
2017-06-25,2017,CLE,MIN,0,4,0,-172.0,152.0
2017-06-25,2017,TBR,BAL,5,8,0,-160.0,145.0
2017-06-25,2017,BOS,LAA,2,4,0,-165.0,150.0
2017-06-25,2017,NYY,TEX,6,7,0,-245.0,205.0
2017-06-25,2017,CHW,ATH,3,5,0,114.0,-124.0
2017-06-25,2017,KCR,TOR,2,8,0,120.0,-135.0
2017-06-25,2017,SEA,HOU,2,8,0,-111.0,101.0
2017-06-25,2017,SDP,DET,5,7,0,116.0,-126.0
2017-06-26,2017,ARI,PHI,6,1,1,-215.0,185.0
2017-06-26,2017,WSN,CHC,4,5,0,-157.0,142.0
2017-06-26,2017,SFG,COL,9,2,1,-131.0,116.0
2017-06-26,2017,CLE,TEX,15,9,1,-176.0,156.0
2017-06-26,2017,BOS,MIN,4,1,1,-202.0,172.0
2017-06-26,2017,CHW,NYY,5,6,0,140.0,-155.0
2017-06-26,2017,LAD,LAA,0,4,0,-224.0,194.0
2017-06-26,2017,STL,CIN,8,2,1,-150.0,135.0
2017-06-27,2017,WSN,CHC,6,1,1,-181.0,161.0
2017-06-27,2017,MIA,NYM,6,3,1,-175.0,155.0
2017-06-27,2017,CIN,MIL,8,6,1,-131.0,116.0
2017-06-27,2017,ARI,STL,6,5,1,111.0,-121.0
2017-06-27,2017,SDP,ATL,0,3,0,-115.0,105.0
2017-06-27,2017,SFG,COL,4,3,1,101.0,-111.0
2017-06-27,2017,TOR,BAL,1,3,0,-176.0,156.0
2017-06-27,2017,BOS,MIN,9,2,1,-205.0,175.0
2017-06-27,2017,DET,KCR,5,3,1,-143.0,128.0
2017-06-27,2017,CLE,TEX,1,2,0,-177.0,157.0
2017-06-27,2017,HOU,ATH,4,6,0,-156.0,141.0
2017-06-27,2017,CHW,NYY,4,3,1,130.0,-145.0
2017-06-27,2017,PIT,TBR,2,4,0,-109.0,-101.0
2017-06-27,2017,LAD,LAA,4,0,1,-218.0,188.0
2017-06-27,2017,SEA,PHI,2,8,0,-195.0,175.0
2017-06-28,2017,SFG,COL,5,3,1,109.0,-119.0
2017-06-28,2017,WSN,CHC,8,4,1,-182.0,162.0
2017-06-28,2017,MIA,NYM,0,8,0,-113.0,103.0
2017-06-28,2017,CIN,MIL,4,3,1,101.0,-111.0
2017-06-28,2017,ARI,STL,3,4,0,-136.0,121.0
2017-06-28,2017,SDP,ATL,7,4,1,-135.0,120.0
2017-06-28,2017,TOR,BAL,4,0,1,-215.0,185.0
2017-06-28,2017,DET,KCR,2,8,0,-143.0,128.0
2017-06-28,2017,BOS,MIN,1,4,0,-162.0,147.0
2017-06-28,2017,CLE,TEX,5,3,1,-136.0,121.0
2017-06-28,2017,HOU,ATH,11,8,1,-172.0,152.0
2017-06-28,2017,CHW,NYY,3,12,0,111.0,-121.0
2017-06-28,2017,SEA,PHI,4,5,0,-230.0,200.0
2017-06-28,2017,PIT,TBR,6,2,1,-109.0,-101.0
2017-06-28,2017,LAA,LAD,3,2,1,118.0,-133.0
2017-06-29,2017,ARI,STL,4,10,0,-134.0,119.0
2017-06-29,2017,WSN,CHC,4,5,0,-112.0,102.0
2017-06-29,2017,MIA,NYM,3,6,0,-141.0,126.0
2017-06-29,2017,CIN,MIL,3,11,0,-109.0,-101.0
2017-06-29,2017,SDP,ATL,6,0,1,-141.0,126.0
2017-06-29,2017,CLE,TEX,5,1,1,-265.0,225.0
2017-06-29,2017,DET,KCR,7,3,1,-176.0,156.0
2017-06-29,2017,HOU,ATH,6,1,1,-211.0,181.0
2017-06-29,2017,TOR,BAL,0,2,0,-199.0,179.0
2017-06-29,2017,BOS,MIN,6,3,1,-200.0,170.0
2017-06-29,2017,CHW,NYY,4,3,1,154.0,-169.0
2017-06-29,2017,PIT,TBR,4,0,1,-103.0,-107.0
2017-06-29,2017,LAA,LAD,2,6,0,211.0,-251.0
2017-06-30,2017,PIT,SFG,5,13,0,-117.0,107.0
2017-06-30,2017,NYM,PHI,2,1,1,-275.0,235.0
2017-06-30,2017,CIN,CHC,5,0,1,-119.0,109.0
2017-06-30,2017,MIL,MIA,3,2,1,102.0,-112.0
2017-06-30,2017,STL,WSN,8,1,1,-121.0,111.0
2017-06-30,2017,ARI,COL,3,6,0,-154.0,139.0
2017-06-30,2017,SDP,LAD,4,10,0,182.0,-212.0
2017-06-30,2017,BAL,TBR,4,6,0,116.0,-126.0
2017-06-30,2017,TOR,BOS,4,7,0,-119.0,109.0
2017-06-30,2017,HOU,NYY,4,13,0,-180.0,160.0
2017-06-30,2017,CHW,TEX,8,7,1,123.0,-138.0
2017-06-30,2017,KCR,MIN,8,1,1,-131.0,116.0
2017-06-30,2017,LAA,SEA,0,10,0,117.0,-132.0
2017-06-30,2017,ATH,ATL,1,3,0,-175.0,155.0
2017-07-01,2017,PIT,SFG,1,2,0,-117.0,107.0
2017-07-01,2017,NYM,PHI,7,6,1,-182.0,162.0
2017-07-01,2017,MIL,MIA,8,4,1,-126.0,116.0
2017-07-01,2017,CIN,CHC,5,3,1,111.0,-121.0
2017-07-01,2017,STL,WSN,2,1,1,-102.0,-108.0
2017-07-01,2017,SDP,LAD,0,8,0,175.0,-205.0
2017-07-01,2017,ARI,COL,6,2,1,-176.0,156.0
2017-07-01,2017,TOR,BOS,1,7,0,143.0,-158.0
2017-07-01,2017,CHW,TEX,4,10,0,112.0,-122.0
2017-07-01,2017,KCR,MIN,11,6,1,106.0,-116.0
2017-07-01,2017,BAL,TBR,3,10,0,-118.0,108.0
2017-07-01,2017,HOU,NYY,7,6,1,-124.0,114.0
2017-07-01,2017,DET,CLE,1,4,0,161.0,-181.0
2017-07-01,2017,LAA,SEA,4,0,1,102.0,-112.0
2017-07-01,2017,ATH,ATL,3,4,0,-140.0,125.0
2017-07-01,2017,DET,CLE,7,4,1,112.0,-122.0
2017-07-01,2017,KCR,MIN,5,10,0,-144.0,129.0
2017-07-02,2017,NYM,PHI,1,7,0,-145.0,130.0
2017-07-02,2017,CIN,CHC,2,6,0,141.0,-156.0
2017-07-02,2017,PIT,SFG,3,5,0,149.0,-164.0
2017-07-02,2017,MIL,MIA,3,10,0,128.0,-143.0
2017-07-02,2017,STL,WSN,2,7,0,143.0,-158.0
2017-07-02,2017,ARI,COL,4,3,1,-116.0,106.0
2017-07-02,2017,SDP,LAD,5,3,1,200.0,-230.0
2017-07-02,2017,TOR,BOS,1,15,0,-122.0,112.0
2017-07-02,2017,DET,CLE,8,11,0,119.0,-129.0
2017-07-02,2017,BAL,TBR,7,1,1,-132.0,117.0
2017-07-02,2017,HOU,NYY,8,1,1,101.0,-111.0
2017-07-02,2017,CHW,TEX,6,5,1,-118.0,108.0
2017-07-02,2017,KCR,MIN,6,2,1,-124.0,114.0
2017-07-02,2017,LAA,SEA,3,5,0,150.0,-165.0
2017-07-02,2017,ATH,ATL,3,4,0,-185.0,165.0
2017-07-03,2017,WSN,NYM,3,2,1,-185.0,165.0
2017-07-03,2017,PHI,PIT,4,0,1,-124.0,114.0
2017-07-03,2017,STL,MIA,14,6,1,-151.0,136.0
2017-07-03,2017,COL,CIN,5,3,1,-157.0,142.0
2017-07-03,2017,NYY,TOR,6,3,1,-142.0,127.0
2017-07-03,2017,TEX,BOS,5,7,0,106.0,-116.0
2017-07-03,2017,MIN,LAA,9,5,1,-117.0,107.0
2017-07-03,2017,ATH,CHW,2,7,0,-145.0,130.0
2017-07-03,2017,SEA,KCR,1,3,0,-147.0,132.0
2017-07-03,2017,MIL,BAL,8,1,1,-124.0,114.0
2017-07-04,2017,WSN,NYM,11,4,1,-170.0,150.0
2017-07-04,2017,STL,MIA,2,5,0,-137.0,122.0
2017-07-04,2017,PHI,PIT,0,3,0,132.0,-147.0
2017-07-04,2017,COL,CIN,1,8,0,-138.0,123.0
2017-07-04,2017,LAD,ARI,4,3,1,-320.0,270.0
2017-07-04,2017,NYY,TOR,1,4,0,105.0,-115.0
2017-07-04,2017,MIN,LAA,5,4,1,-116.0,106.0
2017-07-04,2017,ATH,CHW,7,6,1,-150.0,135.0
2017-07-04,2017,SEA,KCR,3,7,0,-131.0,116.0
2017-07-04,2017,TEX,BOS,4,11,0,-109.0,-101.0
2017-07-04,2017,DET,SFG,5,3,1,-210.0,180.0
2017-07-04,2017,CHC,TBR,5,6,0,-142.0,127.0
2017-07-04,2017,MIL,BAL,6,2,1,-178.0,158.0
2017-07-04,2017,CLE,SDP,0,1,0,-335.0,285.0
2017-07-04,2017,ATL,HOU,4,16,0,121.0,-136.0
2017-07-05,2017,PHI,PIT,2,5,0,147.0,-162.0
2017-07-05,2017,STL,MIA,6,9,0,-135.0,120.0
2017-07-05,2017,COL,CIN,5,3,1,-145.0,130.0
2017-07-05,2017,LAD,ARI,1,0,1,-257.0,217.0
2017-07-05,2017,NYY,TOR,6,7,0,-183.0,163.0
2017-07-05,2017,ATH,CHW,7,4,1,-190.0,170.0
2017-07-05,2017,TEX,BOS,8,2,1,105.0,-115.0
2017-07-05,2017,MIN,LAA,1,2,0,-163.0,148.0
2017-07-05,2017,SEA,KCR,6,9,0,-135.0,120.0
2017-07-05,2017,CHC,TBR,7,3,1,-178.0,158.0
2017-07-05,2017,DET,SFG,4,5,0,-200.0,170.0
2017-07-05,2017,CLE,SDP,2,6,0,-249.0,209.0
2017-07-05,2017,ATL,HOU,4,10,0,-103.0,-107.0
2017-07-05,2017,MIL,BAL,4,0,1,-136.0,121.0
2017-07-06,2017,STL,MIA,4,3,1,-190.0,170.0
2017-07-06,2017,COL,CIN,3,6,0,-158.0,143.0
2017-07-06,2017,PHI,PIT,3,6,0,-101.0,-109.0
2017-07-06,2017,WSN,ATL,2,5,0,-178.0,158.0
2017-07-06,2017,LAD,ARI,5,4,1,-140.0,125.0
2017-07-06,2017,TOR,HOU,7,4,1,134.0,-149.0
2017-07-06,2017,TBR,BOS,4,1,1,171.0,-201.0
2017-07-06,2017,MIN,BAL,6,4,1,-147.0,132.0
2017-07-06,2017,SEA,ATH,4,7,0,-140.0,125.0
2017-07-06,2017,DET,SFG,6,2,1,-144.0,129.0
2017-07-06,2017,CLE,SDP,11,2,1,-199.0,179.0
2017-07-06,2017,CHC,MIL,2,11,0,-170.0,150.0
2017-07-07,2017,CHC,PIT,6,1,1,-149.0,134.0
2017-07-07,2017,PHI,SDP,3,4,0,-114.0,104.0
2017-07-07,2017,WSN,ATL,5,4,1,-249.0,209.0
2017-07-07,2017,STL,NYM,5,6,0,-109.0,-101.0
2017-07-07,2017,ARI,CIN,6,3,1,-209.0,179.0
2017-07-07,2017,SFG,MIA,1,6,0,101.0,-111.0
2017-07-07,2017,TOR,HOU,2,12,0,-111.0,101.0
2017-07-07,2017,CLE,DET,11,2,1,-240.0,200.0
2017-07-07,2017,TBR,BOS,3,8,0,118.0,-133.0
2017-07-07,2017,TEX,LAA,10,0,1,-142.0,127.0
2017-07-07,2017,MIN,BAL,9,6,1,111.0,-121.0
2017-07-07,2017,SEA,ATH,7,2,1,-171.0,151.0
2017-07-07,2017,NYY,MIL,4,9,0,-230.0,200.0
2017-07-07,2017,COL,CHW,12,4,1,-180.0,160.0
2017-07-07,2017,LAD,KCR,4,1,1,-200.0,170.0
2017-07-08,2017,WSN,ATL,0,13,0,-242.0,202.0
2017-07-08,2017,PHI,SDP,1,2,0,-158.0,143.0
2017-07-08,2017,STL,NYM,4,1,1,-124.0,114.0
2017-07-08,2017,CHC,PIT,2,4,0,-198.0,178.0
2017-07-08,2017,SFG,MIA,4,5,0,-157.0,142.0
2017-07-08,2017,ARI,CIN,0,7,0,-115.0,105.0
2017-07-08,2017,TOR,HOU,7,2,1,-147.0,132.0
2017-07-08,2017,MIN,BAL,1,5,0,-106.0,-104.0
2017-07-08,2017,TBR,BOS,1,0,1,108.0,-118.0
2017-07-08,2017,CLE,DET,4,0,1,-149.0,134.0
2017-07-08,2017,TEX,LAA,5,2,1,-150.0,135.0
2017-07-08,2017,SEA,ATH,3,4,0,-171.0,151.0
2017-07-08,2017,NYY,MIL,5,3,1,-195.0,175.0
2017-07-08,2017,LAD,KCR,5,4,1,-175.0,155.0
2017-07-08,2017,COL,CHW,4,5,0,-140.0,125.0
2017-07-09,2017,CHC,PIT,3,14,0,-213.0,183.0
2017-07-09,2017,WSN,ATL,10,5,1,-137.0,122.0
2017-07-09,2017,PHI,SDP,7,1,1,104.0,-114.0
2017-07-09,2017,STL,NYM,6,0,1,-129.0,119.0
2017-07-09,2017,SFG,MIA,8,10,0,-115.0,105.0
2017-07-09,2017,ARI,CIN,1,2,0,-155.0,140.0
2017-07-09,2017,TOR,HOU,1,19,0,106.0,-116.0
2017-07-09,2017,TBR,BOS,5,3,1,-105.0,-105.0
2017-07-09,2017,MIN,BAL,5,11,0,-119.0,109.0
2017-07-09,2017,TEX,LAA,0,3,0,-215.0,185.0
2017-07-09,2017,SEA,ATH,4,0,1,-168.0,153.0
2017-07-09,2017,CLE,DET,3,5,0,-223.0,193.0
2017-07-09,2017,NYY,MIL,3,5,0,-162.0,147.0
2017-07-09,2017,COL,CHW,10,0,1,-113.0,103.0
2017-07-09,2017,LAD,KCR,5,2,1,-305.0,255.0
2017-07-14,2017,PIT,STL,5,2,1,-133.0,118.0
2017-07-14,2017,CIN,WSN,0,5,0,107.0,-117.0
2017-07-14,2017,MIA,LAD,4,6,0,105.0,-115.0
2017-07-14,2017,NYM,COL,14,2,1,-175.0,155.0
2017-07-14,2017,ATL,ARI,4,3,1,-108.0,-102.0
2017-07-14,2017,MIL,PHI,9,6,1,-168.0,153.0
2017-07-14,2017,SDP,SFG,4,5,0,105.0,-115.0
2017-07-14,2017,BOS,NYY,5,4,1,-138.0,123.0
2017-07-14,2017,DET,TOR,2,7,0,-119.0,109.0
2017-07-14,2017,HOU,MIN,10,5,1,-166.0,151.0
2017-07-14,2017,CHW,SEA,2,4,0,170.0,-200.0
2017-07-14,2017,KCR,TEX,3,5,0,-123.0,113.0
2017-07-14,2017,ATH,CLE,5,0,1,126.0,-141.0
2017-07-14,2017,LAA,TBR,1,2,0,-126.0,116.0
2017-07-14,2017,BAL,CHC,8,9,0,-111.0,101.0
2017-07-15,2017,PIT,STL,0,4,0,-124.0,114.0
2017-07-15,2017,MIL,PHI,3,2,1,-157.0,142.0
2017-07-15,2017,CIN,WSN,7,10,0,129.0,-144.0
2017-07-15,2017,MIA,LAD,1,7,0,175.0,-205.0
2017-07-15,2017,ATL,ARI,8,5,1,123.0,-138.0
2017-07-15,2017,NYM,COL,9,3,1,-116.0,106.0
2017-07-15,2017,SDP,SFG,5,3,1,123.0,-138.0
2017-07-15,2017,BOS,NYY,1,4,0,-174.0,154.0
2017-07-15,2017,DET,TOR,11,1,1,-146.0,131.0
2017-07-15,2017,HOU,MIN,2,4,0,-168.0,153.0
2017-07-15,2017,CHW,SEA,3,4,0,116.0,-131.0
2017-07-15,2017,KCR,TEX,0,1,0,-127.0,117.0
2017-07-15,2017,ATH,CLE,5,3,1,205.0,-245.0
2017-07-15,2017,LAA,TBR,3,6,0,-130.0,115.0
2017-07-15,2017,BAL,CHC,3,10,0,118.0,-128.0
2017-07-16,2017,CIN,WSN,4,14,0,-113.0,103.0
2017-07-16,2017,MIA,LAD,2,3,0,151.0,-171.0
2017-07-16,2017,NYM,COL,4,13,0,-121.0,111.0
2017-07-16,2017,ATL,ARI,7,1,1,105.0,-115.0
2017-07-16,2017,PIT,STL,4,3,1,106.0,-116.0
2017-07-16,2017,MIL,PHI,2,5,0,-154.0,139.0
2017-07-16,2017,SDP,SFG,7,1,1,118.0,-133.0
2017-07-16,2017,DET,TOR,6,5,1,-110.0,100.0
2017-07-16,2017,HOU,MIN,5,3,1,-200.0,170.0
2017-07-16,2017,CHW,SEA,6,7,0,121.0,-136.0
2017-07-16,2017,KCR,TEX,4,3,1,120.0,-135.0
2017-07-16,2017,LAA,TBR,4,3,1,118.0,-133.0
2017-07-16,2017,ATH,CLE,7,3,1,-107.0,-103.0
2017-07-16,2017,BOS,NYY,3,0,1,-136.0,121.0
2017-07-16,2017,BAL,CHC,0,8,0,148.0,-163.0
2017-07-16,2017,BOS,NYY,0,3,0,-140.0,125.0
2017-07-17,2017,CIN,WSN,1,6,0,131.0,-146.0
2017-07-17,2017,PIT,MIL,4,2,1,-123.0,113.0
2017-07-17,2017,NYM,STL,3,6,0,-112.0,102.0
2017-07-17,2017,MIA,PHI,6,5,1,-150.0,135.0
2017-07-17,2017,ATL,CHC,3,4,0,156.0,-176.0
2017-07-17,2017,COL,SDP,9,6,1,-161.0,146.0
2017-07-17,2017,BAL,TEX,3,1,1,-112.0,102.0
2017-07-17,2017,BOS,TOR,3,4,0,-105.0,-105.0
2017-07-17,2017,MIN,NYY,4,2,1,-114.0,104.0
2017-07-17,2017,HOU,SEA,7,9,0,-225.0,195.0
2017-07-17,2017,KCR,DET,2,10,0,-122.0,112.0
2017-07-17,2017,ATH,TBR,2,3,0,-101.0,-109.0
2017-07-17,2017,SFG,CLE,3,5,0,116.0,-131.0
2017-07-18,2017,PIT,MIL,4,3,1,-167.0,152.0
2017-07-18,2017,NYM,STL,0,5,0,102.0,-112.0
2017-07-18,2017,MIA,PHI,2,5,0,-132.0,117.0
2017-07-18,2017,CIN,ARI,2,11,0,149.0,-164.0
2017-07-18,2017,ATL,CHC,1,5,0,120.0,-135.0
2017-07-18,2017,COL,SDP,9,7,1,-133.0,118.0
2017-07-18,2017,BAL,TEX,12,1,1,-124.0,114.0
2017-07-18,2017,BOS,TOR,5,4,1,121.0,-136.0
2017-07-18,2017,MIN,NYY,3,6,0,111.0,-121.0
2017-07-18,2017,HOU,SEA,6,2,1,-178.0,158.0
2017-07-18,2017,KCR,DET,3,9,0,-103.0,-107.0
2017-07-18,2017,ATH,TBR,3,4,0,-105.0,-105.0
2017-07-18,2017,CHW,LAD,0,1,0,285.0,-335.0
2017-07-18,2017,LAA,WSN,3,4,0,-142.0,127.0
2017-07-18,2017,SFG,CLE,2,1,1,126.0,-141.0
2017-07-19,2017,MIA,PHI,3,10,0,-190.0,170.0
2017-07-19,2017,ATL,CHC,2,8,0,119.0,-129.0
2017-07-19,2017,COL,SDP,18,4,1,-200.0,170.0
2017-07-19,2017,PIT,MIL,3,2,1,-161.0,146.0
2017-07-19,2017,NYM,STL,7,3,1,-170.0,150.0
2017-07-19,2017,CIN,ARI,4,3,1,147.0,-162.0
2017-07-19,2017,MIN,NYY,6,1,1,-105.0,-105.0
2017-07-19,2017,HOU,SEA,1,4,0,-101.0,-109.0
2017-07-19,2017,ATH,TBR,7,2,1,-113.0,103.0
2017-07-19,2017,BAL,TEX,10,2,1,-145.0,130.0
2017-07-19,2017,BOS,TOR,5,1,1,-134.0,119.0
2017-07-19,2017,KCR,DET,4,3,1,-106.0,-104.0
2017-07-19,2017,SFG,CLE,5,4,1,200.0,-230.0
2017-07-19,2017,CHW,LAD,1,9,0,170.0,-190.0
2017-07-19,2017,LAA,WSN,7,0,1,-119.0,109.0
2017-07-20,2017,NYM,STL,3,2,1,-121.0,111.0
2017-07-20,2017,PIT,MIL,4,2,1,-123.0,113.0
2017-07-20,2017,CIN,ARI,2,12,0,-135.0,120.0
2017-07-20,2017,LAD,ATL,3,6,0,-220.0,190.0
2017-07-20,2017,SFG,SDP,2,5,0,-213.0,183.0
2017-07-20,2017,BOS,TOR,6,8,0,-108.0,-102.0
2017-07-20,2017,BAL,TEX,9,7,1,-112.0,102.0
2017-07-20,2017,KCR,DET,16,4,1,-104.0,-106.0
2017-07-20,2017,SEA,NYY,1,4,0,131.0,-146.0
2017-07-21,2017,CHC,STL,4,11,0,-150.0,135.0
2017-07-21,2017,PHI,MIL,6,1,1,-144.0,129.0
2017-07-21,2017,CIN,MIA,1,3,0,-131.0,116.0
2017-07-21,2017,COL,PIT,5,13,0,-126.0,116.0
2017-07-21,2017,ARI,WSN,6,5,1,134.0,-149.0
2017-07-21,2017,LAD,ATL,3,12,0,-280.0,240.0
2017-07-21,2017,SFG,SDP,9,12,0,-167.0,152.0
2017-07-21,2017,BAL,HOU,7,8,0,117.0,-132.0
2017-07-21,2017,TBR,TEX,3,4,0,118.0,-128.0
2017-07-21,2017,CLE,TOR,13,3,1,-141.0,126.0
2017-07-21,2017,MIN,DET,3,6,0,-128.0,118.0
2017-07-21,2017,KCR,CHW,7,6,1,-177.0,157.0
2017-07-21,2017,LAA,BOS,2,6,0,182.0,-212.0
2017-07-21,2017,SEA,NYY,1,5,0,105.0,-115.0
2017-07-21,2017,NYM,ATH,7,5,1,-158.0,143.0
2017-07-22,2017,CHC,STL,3,2,1,-155.0,140.0
2017-07-22,2017,SFG,SDP,5,4,1,-113.0,103.0
2017-07-22,2017,PHI,MIL,8,9,0,116.0,-126.0
2017-07-22,2017,CIN,MIA,4,5,0,-114.0,104.0
2017-07-22,2017,COL,PIT,7,3,1,-110.0,100.0
2017-07-22,2017,ARI,WSN,3,4,0,108.0,-118.0
2017-07-22,2017,LAD,ATL,6,2,1,-260.0,220.0
2017-07-22,2017,BAL,HOU,4,8,0,109.0,-119.0
2017-07-22,2017,TBR,TEX,3,4,0,-185.0,165.0
2017-07-22,2017,MIN,DET,6,5,1,-122.0,112.0
2017-07-22,2017,CLE,TOR,2,1,1,-117.0,107.0
2017-07-22,2017,KCR,CHW,7,2,1,-170.0,150.0
2017-07-22,2017,LAA,BOS,7,3,1,116.0,-126.0
2017-07-22,2017,SEA,NYY,6,5,1,119.0,-134.0
2017-07-22,2017,NYM,ATH,6,5,1,-116.0,106.0
2017-07-23,2017,CIN,MIA,6,3,1,-137.0,122.0
2017-07-23,2017,PHI,MIL,6,3,1,-109.0,-101.0
2017-07-23,2017,COL,PIT,13,3,1,-112.0,102.0
2017-07-23,2017,SFG,SDP,2,5,0,-105.0,-105.0
2017-07-23,2017,LAD,ATL,5,4,1,-388.0,328.0
2017-07-23,2017,ARI,WSN,2,6,0,106.0,-116.0
2017-07-23,2017,CHC,STL,5,3,1,-169.0,154.0
2017-07-23,2017,TBR,TEX,5,6,0,-123.0,113.0
2017-07-23,2017,CLE,TOR,8,1,1,-191.0,171.0
2017-07-23,2017,BAL,HOU,9,7,1,119.0,-129.0
2017-07-23,2017,MIN,DET,6,9,0,-109.0,-101.0
2017-07-23,2017,KCR,CHW,5,4,1,-135.0,120.0
2017-07-23,2017,LAA,BOS,3,2,1,106.0,-116.0
2017-07-23,2017,SEA,NYY,4,6,0,103.0,-113.0
2017-07-23,2017,NYM,ATH,2,3,0,-140.0,125.0
2017-07-24,2017,STL,COL,8,2,1,-137.0,122.0
2017-07-24,2017,ARI,ATL,10,2,1,-215.0,185.0
2017-07-24,2017,SDP,NYM,3,5,0,146.0,-161.0
2017-07-24,2017,SFG,PIT,3,10,0,135.0,-150.0
2017-07-24,2017,TOR,ATH,4,2,1,-162.0,147.0
2017-07-24,2017,DET,KCR,3,5,0,-135.0,120.0
2017-07-24,2017,TBR,BAL,0,5,0,-107.0,-103.0
2017-07-24,2017,SEA,BOS,4,0,1,-150.0,135.0
2017-07-24,2017,CHC,CHW,1,3,0,-270.0,230.0
2017-07-24,2017,PHI,HOU,4,13,0,139.0,-154.0
2017-07-24,2017,TEX,MIA,0,4,0,-140.0,125.0
2017-07-24,2017,LAD,MIN,6,4,1,-270.0,230.0
2017-07-24,2017,CLE,CIN,6,2,1,-185.0,165.0
2017-07-25,2017,WSN,MIL,0,8,0,-131.0,116.0
2017-07-25,2017,STL,COL,3,2,1,-118.0,108.0
2017-07-25,2017,ARI,ATL,3,8,0,-151.0,136.0
2017-07-25,2017,SDP,NYM,5,6,0,126.0,-141.0
2017-07-25,2017,SFG,PIT,11,3,1,-108.0,-102.0
2017-07-25,2017,TOR,ATH,4,1,1,-111.0,101.0
2017-07-25,2017,CLE,LAA,11,7,1,-170.0,150.0
2017-07-25,2017,DET,KCR,1,3,0,-118.0,108.0
2017-07-25,2017,TBR,BAL,5,4,1,-121.0,111.0
2017-07-25,2017,SEA,BOS,6,5,1,-109.0,-101.0
2017-07-25,2017,CHC,CHW,7,2,1,-206.0,176.0
2017-07-25,2017,PHI,HOU,0,5,0,132.0,-147.0
2017-07-25,2017,NYY,CIN,4,2,1,-168.0,153.0
2017-07-25,2017,TEX,MIA,10,4,1,-152.0,137.0
2017-07-25,2017,LAD,MIN,6,2,1,-193.0,173.0
2017-07-26,2017,ARI,ATL,10,3,1,-210.0,180.0
2017-07-26,2017,SFG,PIT,2,1,1,-148.0,133.0
2017-07-26,2017,WSN,MIL,8,5,1,-121.0,111.0
2017-07-26,2017,STL,COL,10,5,1,-185.0,165.0
2017-07-26,2017,SDP,NYM,6,3,1,-118.0,108.0
2017-07-26,2017,TBR,BAL,5,1,1,-151.0,136.0
2017-07-26,2017,SEA,BOS,0,4,0,177.0,-207.0
2017-07-26,2017,TOR,ATH,3,2,1,-155.0,140.0
2017-07-26,2017,CLE,LAA,10,4,1,-220.0,190.0
2017-07-26,2017,DET,KCR,2,16,0,-111.0,101.0
2017-07-26,2017,NYY,CIN,9,5,1,-240.0,200.0
2017-07-26,2017,PHI,HOU,9,0,1,-111.0,101.0
2017-07-26,2017,TEX,MIA,10,22,0,-235.0,205.0
2017-07-26,2017,CHW,CHC,3,8,0,227.0,-267.0
2017-07-26,2017,LAD,MIN,6,5,1,-230.0,200.0
2017-07-27,2017,WSN,MIL,15,2,1,-295.0,255.0
2017-07-27,2017,MIA,CIN,4,1,1,-137.0,122.0
2017-07-27,2017,STL,ARI,0,4,0,-124.0,114.0
2017-07-27,2017,SDP,NYM,7,5,1,-113.0,103.0
2017-07-27,2017,CLE,LAA,2,1,1,-160.0,145.0
2017-07-27,2017,TOR,ATH,8,4,1,-192.0,172.0
2017-07-27,2017,NYY,TBR,6,5,1,-119.0,109.0
2017-07-27,2017,CHW,CHC,3,6,0,201.0,-241.0
2017-07-28,2017,PHI,ATL,10,3,1,133.0,-148.0
2017-07-28,2017,MIA,CIN,7,4,1,-119.0,109.0
2017-07-28,2017,MIL,CHC,2,1,1,120.0,-135.0
2017-07-28,2017,STL,ARI,1,0,1,-128.0,118.0
2017-07-28,2017,LAD,SFG,6,4,1,-310.0,260.0
2017-07-28,2017,SDP,PIT,3,2,1,153.0,-168.0
2017-07-28,2017,NYY,TBR,6,1,1,-200.0,170.0
2017-07-28,2017,TOR,LAA,2,7,0,-152.0,137.0
2017-07-28,2017,BOS,KCR,2,4,0,-160.0,145.0
2017-07-28,2017,DET,HOU,5,6,0,142.0,-157.0
2017-07-28,2017,TEX,BAL,8,2,1,-143.0,128.0
2017-07-28,2017,CHW,CLE,3,9,0,223.0,-263.0
2017-07-28,2017,ATH,MIN,3,6,0,-105.0,-105.0
2017-07-28,2017,SEA,NYM,5,7,0,-161.0,146.0
2017-07-29,2017,LAD,SFG,2,1,1,-310.0,260.0
2017-07-29,2017,WSN,COL,2,4,0,-143.0,128.0
2017-07-29,2017,PHI,ATL,4,3,1,-111.0,101.0
2017-07-29,2017,MIA,CIN,7,3,1,-140.0,125.0
2017-07-29,2017,MIL,CHC,1,2,0,158.0,-178.0
2017-07-29,2017,STL,ARI,1,7,0,103.0,-113.0
2017-07-29,2017,SDP,PIT,4,2,1,104.0,-114.0
2017-07-29,2017,NYY,TBR,5,4,1,-165.0,150.0
2017-07-29,2017,TOR,LAA,5,6,0,-121.0,111.0
2017-07-29,2017,DET,HOU,5,3,1,103.0,-113.0
2017-07-29,2017,CHW,CLE,4,5,0,270.0,-320.0
2017-07-29,2017,BOS,KCR,9,8,1,-150.0,135.0
2017-07-29,2017,TEX,BAL,0,4,0,104.0,-114.0
2017-07-29,2017,ATH,MIN,5,4,1,-101.0,-109.0
2017-07-29,2017,SEA,NYM,3,2,1,118.0,-128.0
2017-07-30,2017,MIA,CIN,4,6,0,106.0,-116.0
2017-07-30,2017,PHI,ATL,2,1,1,-132.0,117.0
2017-07-30,2017,WSN,COL,6,10,0,-126.0,116.0
2017-07-30,2017,MIL,CHC,2,4,0,-111.0,101.0
2017-07-30,2017,STL,ARI,3,2,1,-121.0,111.0
2017-07-30,2017,LAD,SFG,3,2,1,-154.0,139.0
2017-07-30,2017,SDP,PIT,1,7,0,144.0,-159.0
2017-07-30,2017,BOS,KCR,3,5,0,-177.0,157.0
2017-07-30,2017,NYY,TBR,3,5,0,-160.0,145.0
2017-07-30,2017,TOR,LAA,11,10,1,-111.0,101.0
2017-07-30,2017,DET,HOU,13,1,1,102.0,-112.0
2017-07-30,2017,CHW,CLE,3,1,1,137.0,-152.0
2017-07-30,2017,TEX,BAL,6,10,0,-112.0,102.0
2017-07-30,2017,ATH,MIN,6,5,1,-135.0,120.0
2017-07-30,2017,SEA,NYM,9,1,1,-234.0,204.0
2017-07-30,2017,WSN,COL,3,1,1,-106.0,-104.0
2017-07-31,2017,PHI,ATL,7,6,1,-106.0,-104.0
2017-07-31,2017,MIA,WSN,0,1,0,117.0,-127.0
2017-07-31,2017,BAL,KCR,2,1,1,-101.0,-109.0
2017-07-31,2017,NYY,DET,7,3,1,-225.0,195.0
2017-07-31,2017,BOS,CLE,6,2,1,117.0,-127.0
2017-07-31,2017,TEX,SEA,4,6,0,-105.0,-105.0
2017-07-31,2017,HOU,TBR,14,7,1,-143.0,128.0
2017-07-31,2017,CHW,TOR,7,6,1,164.0,-184.0
2017-07-31,2017,ATH,SFG,8,5,1,-150.0,135.0
2017-08-01,2017,PIT,CIN,1,9,0,-170.0,150.0
2017-08-01,2017,MIA,WSN,7,6,1,185.0,-215.0
2017-08-01,2017,ATL,LAD,2,3,0,152.0,-172.0
2017-08-01,2017,MIL,STL,3,2,1,-116.0,106.0
2017-08-01,2017,CHC,ARI,16,4,1,-185.0,165.0
2017-08-01,2017,COL,NYM,5,4,1,-113.0,103.0
2017-08-01,2017,BAL,KCR,7,2,1,-122.0,112.0
2017-08-01,2017,NYY,DET,3,4,0,-177.0,157.0
2017-08-01,2017,BOS,CLE,12,10,1,-167.0,152.0
2017-08-01,2017,TEX,SEA,7,8,0,-105.0,-105.0
2017-08-01,2017,CHW,TOR,4,8,0,193.0,-223.0
2017-08-01,2017,HOU,TBR,4,6,0,105.0,-115.0
2017-08-01,2017,ATH,SFG,4,10,0,-124.0,114.0
2017-08-01,2017,LAA,PHI,7,1,1,-127.0,117.0
2017-08-01,2017,SDP,MIN,3,0,1,-105.0,-105.0
2017-08-02,2017,PIT,CIN,2,5,0,-173.0,153.0
2017-08-02,2017,MIA,WSN,7,0,1,-108.0,-102.0
2017-08-02,2017,ATL,LAD,5,3,1,154.0,-169.0
2017-08-02,2017,CHC,ARI,0,3,0,-147.0,132.0
2017-08-02,2017,MIL,STL,4,5,0,-115.0,105.0
2017-08-02,2017,COL,NYM,5,10,0,-132.0,117.0
2017-08-02,2017,NYY,DET,0,2,0,-270.0,230.0
2017-08-02,2017,CHW,TOR,1,5,0,185.0,-215.0
2017-08-02,2017,BAL,KCR,6,0,1,-142.0,127.0
2017-08-02,2017,TEX,SEA,5,1,1,-109.0,-101.0
2017-08-02,2017,HOU,TBR,0,3,0,-217.0,187.0
2017-08-02,2017,SDP,MIN,2,5,0,-113.0,103.0
2017-08-02,2017,LAA,PHI,7,0,1,-223.0,193.0
2017-08-02,2017,SFG,ATH,1,6,0,-156.0,141.0
2017-08-03,2017,MIL,STL,2,1,1,119.0,-129.0
2017-08-03,2017,CHC,ARI,8,10,0,-144.0,129.0
2017-08-03,2017,COL,NYM,5,4,1,-183.0,163.0
2017-08-03,2017,PIT,CIN,6,0,1,-144.0,129.0
2017-08-03,2017,ATL,LAD,4,7,0,202.0,-232.0
2017-08-03,2017,BAL,DET,5,7,0,-145.0,130.0
2017-08-03,2017,BOS,CHW,9,5,1,-294.0,254.0
2017-08-03,2017,CLE,NYY,5,1,1,-192.0,172.0
2017-08-03,2017,HOU,TBR,3,5,0,-135.0,120.0
2017-08-03,2017,MIN,TEX,1,4,0,-123.0,113.0
2017-08-03,2017,KCR,SEA,6,4,1,-138.0,123.0
2017-08-03,2017,LAA,PHI,5,4,1,-183.0,163.0
2017-08-03,2017,SFG,ATH,11,2,1,-145.0,130.0
2017-08-04,2017,CHC,WSN,2,4,0,-174.0,154.0
2017-08-04,2017,CIN,STL,3,2,1,-119.0,109.0
2017-08-04,2017,PIT,SDP,10,6,1,-192.0,172.0
2017-08-04,2017,NYM,LAD,0,6,0,102.0,-112.0
2017-08-04,2017,ATL,MIA,5,3,1,-129.0,119.0
2017-08-04,2017,COL,PHI,4,3,1,-160.0,145.0
2017-08-04,2017,SFG,ARI,1,2,0,-148.0,133.0
2017-08-04,2017,BAL,DET,2,5,0,-155.0,140.0
2017-08-04,2017,BOS,CHW,3,2,1,-214.0,184.0
2017-08-04,2017,CLE,NYY,7,2,1,-115.0,105.0
2017-08-04,2017,HOU,TOR,16,7,1,-159.0,144.0
2017-08-04,2017,MIN,TEX,8,4,1,-104.0,-106.0
2017-08-04,2017,KCR,SEA,2,5,0,146.0,-161.0
2017-08-04,2017,LAA,ATH,8,6,1,-137.0,122.0
2017-08-04,2017,TBR,MIL,0,2,0,-156.0,141.0
2017-08-05,2017,CHC,WSN,7,4,1,-162.0,147.0
2017-08-05,2017,NYM,LAD,4,7,0,185.0,-215.0
2017-08-05,2017,PIT,SDP,2,5,0,-160.0,145.0
2017-08-05,2017,ATL,MIA,7,2,1,-129.0,119.0
2017-08-05,2017,CIN,STL,1,4,0,-155.0,140.0
2017-08-05,2017,COL,PHI,8,5,1,-205.0,175.0
2017-08-05,2017,SFG,ARI,5,4,1,138.0,-153.0
2017-08-05,2017,BAL,DET,5,2,1,-166.0,151.0
2017-08-05,2017,BOS,CHW,4,1,1,-340.0,290.0
2017-08-05,2017,HOU,TOR,3,4,0,-174.0,154.0
2017-08-05,2017,CLE,NYY,1,2,0,-127.0,117.0
2017-08-05,2017,MIN,TEX,1,4,0,119.0,-129.0
2017-08-05,2017,LAA,ATH,0,5,0,-177.0,157.0
2017-08-05,2017,TBR,MIL,0,3,0,-155.0,140.0
2017-08-06,2017,CIN,STL,4,13,0,-114.0,104.0
2017-08-06,2017,NYM,LAD,0,8,0,150.0,-170.0
2017-08-06,2017,PIT,SDP,5,4,1,-190.0,170.0
2017-08-06,2017,ATL,MIA,1,4,0,-137.0,122.0
2017-08-06,2017,CHC,WSN,4,9,0,-200.0,170.0
2017-08-06,2017,COL,PHI,2,3,0,-111.0,101.0
2017-08-06,2017,SFG,ARI,6,3,1,101.0,-111.0
2017-08-06,2017,CLE,NYY,1,8,0,-117.0,107.0
2017-08-06,2017,BAL,DET,12,3,1,-157.0,142.0
2017-08-06,2017,BOS,CHW,6,3,1,-223.0,193.0
2017-08-06,2017,HOU,TOR,7,6,1,-105.0,-105.0
2017-08-06,2017,MIN,TEX,6,5,1,-140.0,125.0
2017-08-06,2017,KCR,SEA,7,8,0,-135.0,120.0
2017-08-06,2017,LAA,ATH,10,11,0,-136.0,121.0
2017-08-06,2017,TBR,MIL,2,1,1,-172.0,152.0
2017-08-06,2017,KCR,SEA,9,1,1,-118.0,108.0
2017-08-07,2017,WSN,MIA,3,2,1,-289.0,249.0
2017-08-07,2017,CIN,SDP,11,3,1,-135.0,120.0
2017-08-07,2017,SFG,CHC,3,5,0,160.0,-180.0
2017-08-07,2017,LAA,BAL,2,6,0,-153.0,138.0
2017-08-07,2017,PIT,DET,3,0,1,-173.0,153.0
2017-08-07,2017,MIN,MIL,5,4,1,-101.0,-109.0
2017-08-07,2017,KCR,STL,3,11,0,114.0,-124.0
2017-08-08,2017,WSN,MIA,3,7,0,-140.0,125.0
2017-08-08,2017,CIN,SDP,3,7,0,-131.0,116.0
2017-08-08,2017,ATL,PHI,2,5,0,-175.0,155.0
2017-08-08,2017,ARI,LAD,6,3,1,111.0,-121.0
2017-08-08,2017,SFG,CHC,6,3,1,173.0,-203.0
2017-08-08,2017,TOR,NYY,4,2,1,-143.0,128.0
2017-08-08,2017,TBR,BOS,0,2,0,181.0,-211.0
2017-08-08,2017,CHW,HOU,8,5,1,215.0,-255.0
2017-08-08,2017,ATH,SEA,6,7,0,109.0,-119.0
2017-08-08,2017,LAA,BAL,3,2,1,-123.0,113.0
2017-08-08,2017,PIT,DET,6,3,1,-174.0,154.0
2017-08-08,2017,NYM,TEX,5,4,1,-101.0,-109.0
2017-08-08,2017,CLE,COL,4,1,1,-260.0,220.0
2017-08-08,2017,MIN,MIL,11,4,1,-143.0,128.0
2017-08-08,2017,KCR,STL,3,10,0,116.0,-131.0
2017-08-09,2017,SFG,CHC,3,1,1,-124.0,114.0
2017-08-09,2017,WSN,MIA,10,1,1,-178.0,158.0
2017-08-09,2017,CIN,SDP,8,3,1,-123.0,113.0
2017-08-09,2017,ATL,PHI,2,3,0,-155.0,140.0
2017-08-09,2017,ARI,LAD,2,3,0,-106.0,-104.0
2017-08-09,2017,ATH,SEA,3,6,0,-109.0,-101.0
2017-08-09,2017,LAA,BAL,5,1,1,115.0,-130.0
2017-08-09,2017,TOR,NYY,5,11,0,175.0,-195.0
2017-08-09,2017,TBR,BOS,2,8,0,101.0,-111.0
2017-08-09,2017,CHW,HOU,7,1,1,192.0,-222.0
2017-08-09,2017,NYM,TEX,1,5,0,-114.0,104.0
2017-08-09,2017,CLE,COL,2,3,0,-187.0,167.0
2017-08-09,2017,DET,PIT,10,0,1,-120.0,110.0
2017-08-09,2017,MIL,MIN,0,4,0,-160.0,145.0
2017-08-09,2017,STL,KCR,8,5,1,-141.0,126.0
2017-08-10,2017,CIN,SDP,10,3,1,-153.0,138.0
2017-08-10,2017,WSN,MIA,3,2,1,-154.0,139.0
2017-08-10,2017,PHI,NYM,0,10,0,142.0,-157.0
2017-08-10,2017,ARI,LAD,6,8,0,154.0,-174.0
2017-08-10,2017,TOR,NYY,4,0,1,133.0,-148.0
2017-08-10,2017,TBR,CLE,4,1,1,116.0,-131.0
2017-08-10,2017,CHW,HOU,3,2,1,149.0,-164.0
2017-08-10,2017,ATH,BAL,2,7,0,103.0,-113.0
2017-08-10,2017,SEA,LAA,3,6,0,-192.0,172.0
2017-08-10,2017,DET,PIT,5,7,0,150.0,-170.0
2017-08-10,2017,STL,KCR,8,6,1,-143.0,128.0
2017-08-10,2017,MIL,MIN,2,7,0,-153.0,138.0
2017-08-11,2017,PHI,NYM,6,7,0,-109.0,-101.0
2017-08-11,2017,MIA,COL,6,3,1,102.0,-112.0
2017-08-11,2017,MIL,CIN,10,11,0,-187.0,167.0
2017-08-11,2017,STL,ATL,8,5,1,-160.0,145.0
2017-08-11,2017,ARI,CHC,3,8,0,-116.0,106.0
2017-08-11,2017,LAD,SDP,3,4,0,-280.0,240.0
2017-08-11,2017,NYY,BOS,5,4,1,-121.0,111.0
2017-08-11,2017,DET,MIN,4,9,0,-103.0,-107.0
2017-08-11,2017,TBR,CLE,0,5,0,114.0,-124.0
2017-08-11,2017,TEX,HOU,6,4,1,106.0,-116.0
2017-08-11,2017,CHW,KCR,6,3,1,117.0,-127.0
2017-08-11,2017,ATH,BAL,5,4,1,103.0,-113.0
2017-08-11,2017,SEA,LAA,5,6,0,-140.0,125.0
2017-08-11,2017,TOR,PIT,2,4,0,-135.0,120.0
2017-08-12,2017,WSN,SFG,3,1,1,-129.0,119.0
2017-08-12,2017,PHI,NYM,3,1,1,-150.0,135.0
2017-08-12,2017,MIL,CIN,6,5,1,-156.0,141.0
2017-08-12,2017,MIA,COL,4,3,1,-101.0,-109.0
2017-08-12,2017,STL,ATL,6,5,1,-240.0,200.0
2017-08-12,2017,ARI,CHC,6,2,1,-114.0,104.0
2017-08-12,2017,LAD,SDP,6,3,1,-245.0,205.0
2017-08-12,2017,NYY,BOS,5,10,0,-183.0,163.0
2017-08-12,2017,TBR,CLE,0,3,0,-155.0,140.0
2017-08-12,2017,DET,MIN,12,11,1,106.0,-116.0
2017-08-12,2017,CHW,KCR,4,5,0,138.0,-153.0
2017-08-12,2017,TEX,HOU,8,3,1,109.0,-119.0
2017-08-12,2017,ATH,BAL,5,12,0,-103.0,-107.0
2017-08-12,2017,SEA,LAA,3,6,0,-160.0,145.0
2017-08-12,2017,TOR,PIT,7,2,1,111.0,-121.0
2017-08-13,2017,MIA,COL,5,3,1,102.0,-112.0
2017-08-13,2017,WSN,SFG,2,4,0,-150.0,135.0
2017-08-13,2017,PHI,NYM,2,6,0,101.0,-111.0
2017-08-13,2017,MIL,CIN,7,4,1,-117.0,107.0
2017-08-13,2017,STL,ATL,3,6,0,-190.0,170.0
2017-08-13,2017,ARI,CHC,2,7,0,-105.0,-105.0
2017-08-13,2017,LAD,SDP,6,4,1,-290.0,250.0
2017-08-13,2017,NYY,BOS,2,3,0,143.0,-158.0
2017-08-13,2017,DET,MIN,4,6,0,116.0,-131.0
2017-08-13,2017,TBR,CLE,3,4,0,151.0,-166.0
2017-08-13,2017,CHW,KCR,6,14,0,125.0,-140.0
2017-08-13,2017,TEX,HOU,1,2,0,120.0,-135.0
2017-08-13,2017,ATH,BAL,9,3,1,-101.0,-109.0
2017-08-13,2017,SEA,LAA,2,4,0,-122.0,112.0
2017-08-13,2017,TOR,PIT,7,1,1,-109.0,-101.0
2017-08-13,2017,WSN,SFG,6,2,1,-280.0,240.0
2017-08-14,2017,MIA,SFG,8,3,1,-160.0,145.0
2017-08-14,2017,CHC,CIN,15,5,1,-218.0,188.0
2017-08-14,2017,COL,ATL,3,0,1,-119.0,109.0
2017-08-14,2017,SDP,PHI,7,4,1,-119.0,109.0
2017-08-14,2017,TOR,TBR,2,1,1,-101.0,-109.0
2017-08-14,2017,TEX,DET,6,2,1,-111.0,101.0
2017-08-14,2017,ATH,KCR,2,6,0,-103.0,-107.0
2017-08-14,2017,SEA,BAL,3,11,0,111.0,-121.0
2017-08-14,2017,NYY,NYM,4,2,1,-186.0,166.0
2017-08-14,2017,ARI,HOU,2,0,1,-170.0,150.0
2017-08-14,2017,BOS,CLE,3,7,0,109.0,-119.0
2017-08-15,2017,MIA,SFG,4,9,0,-109.0,-101.0
2017-08-15,2017,MIL,PIT,3,1,1,-123.0,113.0
2017-08-15,2017,CHC,CIN,1,2,0,-163.0,148.0
2017-08-15,2017,COL,ATL,3,4,0,-188.0,168.0
2017-08-15,2017,SDP,PHI,8,4,1,-174.0,154.0
2017-08-15,2017,TOR,TBR,4,6,0,-108.0,-102.0
2017-08-15,2017,TEX,DET,10,4,1,-105.0,-105.0
2017-08-15,2017,MIN,CLE,1,8,0,142.0,-157.0
2017-08-15,2017,ATH,KCR,10,8,1,114.0,-124.0
2017-08-15,2017,SEA,BAL,3,1,1,-111.0,101.0
2017-08-15,2017,ARI,HOU,4,9,0,100.0,-110.0
2017-08-15,2017,NYY,NYM,5,4,1,-143.0,128.0
2017-08-15,2017,WSN,LAA,3,1,1,-110.0,100.0
2017-08-15,2017,BOS,STL,10,4,1,-148.0,133.0
2017-08-15,2017,LAD,CHW,6,1,1,-375.0,315.0
2017-08-16,2017,MIA,SFG,8,1,1,-202.0,172.0
2017-08-16,2017,MIL,PIT,7,6,1,-129.0,119.0
2017-08-16,2017,SDP,PHI,3,0,1,-154.0,139.0
2017-08-16,2017,CHC,CIN,7,6,1,-235.0,205.0
2017-08-16,2017,COL,ATL,17,2,1,-196.0,176.0
2017-08-16,2017,ATH,KCR,6,7,0,116.0,-131.0
2017-08-16,2017,SEA,BAL,7,6,1,-113.0,103.0
2017-08-16,2017,TOR,TBR,3,2,1,-131.0,116.0
2017-08-16,2017,TEX,DET,12,6,1,-185.0,165.0
2017-08-16,2017,WSN,LAA,2,3,0,-131.0,116.0
2017-08-16,2017,NYM,NYY,3,5,0,152.0,-172.0
2017-08-16,2017,BOS,STL,5,4,1,-170.0,150.0
2017-08-16,2017,HOU,ARI,9,5,1,-165.0,150.0
2017-08-16,2017,LAD,CHW,5,4,1,-315.0,265.0
2017-08-17,2017,CHC,CIN,10,13,0,-248.0,208.0
2017-08-17,2017,COL,ATL,4,10,0,-178.0,158.0
2017-08-17,2017,PIT,STL,7,11,0,-140.0,125.0
2017-08-17,2017,SDP,WSN,1,2,0,-126.0,116.0
2017-08-17,2017,SFG,PHI,5,4,1,-126.0,116.0
2017-08-17,2017,MIN,CLE,3,9,0,162.0,-182.0
2017-08-17,2017,TOR,TBR,5,3,1,151.0,-171.0
2017-08-17,2017,TEX,CHW,9,8,1,-185.0,165.0
2017-08-17,2017,HOU,ARI,0,4,0,-121.0,111.0
2017-08-17,2017,NYM,NYY,5,7,0,178.0,-208.0
2017-08-17,2017,MIN,CLE,4,2,1,100.0,-110.0
2017-08-18,2017,PIT,STL,10,11,0,117.0,-127.0
2017-08-18,2017,NYM,MIA,1,3,0,-109.0,-101.0
2017-08-18,2017,ATL,CIN,3,5,0,-121.0,111.0
2017-08-18,2017,COL,MIL,8,4,1,-180.0,160.0
2017-08-18,2017,SDP,WSN,1,7,0,-112.0,102.0
2017-08-18,2017,SFG,PHI,10,2,1,-185.0,165.0
2017-08-18,2017,BAL,LAA,9,7,1,-126.0,116.0
2017-08-18,2017,TBR,SEA,1,7,0,-135.0,120.0
2017-08-18,2017,BOS,NYY,9,6,1,-133.0,118.0
2017-08-18,2017,TEX,CHW,3,4,0,-263.0,223.0
2017-08-18,2017,HOU,ATH,3,1,1,-216.0,186.0
2017-08-18,2017,KCR,CLE,1,10,0,170.0,-200.0
2017-08-18,2017,CHC,TOR,7,4,1,-175.0,155.0
2017-08-18,2017,DET,LAD,5,8,0,196.0,-226.0
2017-08-18,2017,MIN,ARI,10,3,1,-102.0,-108.0
2017-08-19,2017,PIT,STL,6,4,1,-105.0,-105.0
2017-08-19,2017,NYM,MIA,8,1,1,-116.0,106.0
2017-08-19,2017,ATL,CIN,8,11,0,-165.0,150.0
2017-08-19,2017,COL,MIL,3,6,0,-125.0,115.0
2017-08-19,2017,SDP,WSN,3,1,1,140.0,-155.0
2017-08-19,2017,SFG,PHI,9,12,0,-138.0,123.0
2017-08-19,2017,TBR,SEA,6,7,0,-114.0,104.0
2017-08-19,2017,BAL,LAA,1,5,0,-165.0,150.0
2017-08-19,2017,HOU,ATH,3,0,1,-160.0,145.0
2017-08-19,2017,BOS,NYY,3,4,0,-280.0,240.0
2017-08-19,2017,KCR,CLE,0,5,0,132.0,-147.0
2017-08-19,2017,TEX,CHW,17,7,1,-230.0,200.0
2017-08-19,2017,CHC,TOR,4,3,1,-250.0,210.0
2017-08-19,2017,DET,LAD,0,3,0,128.0,-143.0
2017-08-19,2017,MIN,ARI,5,0,1,125.0,-140.0
2017-08-20,2017,NYM,MIA,4,6,0,-188.0,168.0
2017-08-20,2017,ATL,CIN,8,1,1,101.0,-111.0
2017-08-20,2017,COL,MIL,4,8,0,-119.0,109.0
2017-08-20,2017,SFG,PHI,2,5,0,-250.0,210.0
2017-08-20,2017,SDP,WSN,1,4,0,-124.0,114.0
2017-08-20,2017,PIT,STL,6,3,1,106.0,-116.0
2017-08-20,2017,TBR,SEA,3,0,1,-175.0,155.0
2017-08-20,2017,BOS,NYY,5,1,1,-109.0,-101.0
2017-08-20,2017,BAL,LAA,4,5,0,-116.0,106.0
2017-08-20,2017,HOU,ATH,2,3,0,-250.0,210.0
2017-08-20,2017,KCR,CLE,7,4,1,155.0,-175.0
2017-08-20,2017,TEX,CHW,2,3,0,-195.0,175.0
2017-08-20,2017,DET,LAD,6,1,1,125.0,-140.0
2017-08-20,2017,MIN,ARI,12,5,1,-103.0,-107.0
2017-08-20,2017,CHC,TOR,6,5,1,-184.0,164.0
2017-08-21,2017,PIT,LAD,5,6,0,123.0,-138.0
2017-08-21,2017,NYM,ARI,2,3,0,122.0,-137.0
2017-08-21,2017,SFG,MIL,2,0,1,114.0,-124.0
2017-08-21,2017,CHW,MIN,7,6,1,-123.0,113.0
2017-08-21,2017,BAL,ATH,7,3,1,-185.0,165.0
2017-08-21,2017,CLE,BOS,5,4,1,-114.0,104.0
2017-08-21,2017,CHW,MIN,2,10,0,135.0,-150.0
2017-08-21,2017,LAA,TEX,3,5,0,-156.0,141.0
2017-08-21,2017,ATL,SEA,5,6,0,-103.0,-107.0
2017-08-22,2017,PHI,MIA,8,12,0,-121.0,111.0
2017-08-22,2017,PIT,LAD,5,8,0,108.0,-118.0
2017-08-22,2017,PHI,MIA,4,7,0,102.0,-112.0
2017-08-22,2017,NYM,ARI,4,7,0,151.0,-166.0
2017-08-22,2017,CIN,CHC,9,13,0,144.0,-159.0
2017-08-22,2017,STL,SDP,4,12,0,-173.0,153.0
2017-08-22,2017,SFG,MIL,3,4,0,112.0,-122.0
2017-08-22,2017,BAL,ATH,4,6,0,-167.0,152.0
2017-08-22,2017,CLE,BOS,1,9,0,-177.0,157.0
2017-08-22,2017,DET,NYY,4,13,0,172.0,-192.0
2017-08-22,2017,TBR,TOR,6,5,1,-213.0,183.0
2017-08-22,2017,CHW,MIN,1,4,0,120.0,-135.0
2017-08-22,2017,LAA,TEX,10,1,1,-166.0,151.0
2017-08-22,2017,ATL,SEA,4,0,1,113.0,-123.0
2017-08-22,2017,HOU,WSN,3,4,0,-170.0,150.0
2017-08-22,2017,KCR,COL,3,2,1,-119.0,109.0
2017-08-23,2017,SFG,MIL,4,2,1,-116.0,106.0
2017-08-23,2017,PIT,LAD,1,0,1,132.0,-147.0
2017-08-23,2017,PHI,MIA,8,0,1,109.0,-119.0
2017-08-23,2017,NYM,ARI,4,2,1,170.0,-190.0
2017-08-23,2017,CIN,CHC,3,9,0,102.0,-112.0
2017-08-23,2017,STL,SDP,6,2,1,-179.0,159.0
2017-08-23,2017,BAL,ATH,8,7,1,-187.0,167.0
2017-08-23,2017,TBR,TOR,6,7,0,-115.0,105.0
2017-08-23,2017,DET,NYY,2,10,0,225.0,-265.0
2017-08-23,2017,CLE,BOS,1,6,0,-152.0,137.0
2017-08-23,2017,CHW,MIN,4,3,1,155.0,-175.0
2017-08-23,2017,LAA,TEX,5,7,0,-172.0,152.0
2017-08-23,2017,ATL,SEA,6,9,0,-119.0,109.0
2017-08-23,2017,HOU,WSN,6,1,1,-146.0,131.0
2017-08-23,2017,KCR,COL,6,4,1,-135.0,120.0
2017-08-24,2017,NYM,ARI,2,3,0,127.0,-142.0
2017-08-24,2017,PHI,MIA,8,9,0,130.0,-145.0
2017-08-24,2017,PIT,LAD,2,5,0,118.0,-133.0
2017-08-24,2017,CIN,CHC,4,2,1,153.0,-173.0
2017-08-24,2017,STL,SDP,3,4,0,-245.0,205.0
2017-08-24,2017,DET,NYY,10,6,1,-108.0,-102.0
2017-08-24,2017,TBR,TOR,2,0,1,-160.0,145.0
2017-08-24,2017,CLE,BOS,13,6,1,153.0,-168.0
2017-08-24,2017,CHW,MIN,5,1,1,160.0,-180.0
2017-08-24,2017,LAA,TEX,0,3,0,-156.0,141.0
2017-08-24,2017,KCR,COL,2,3,0,-105.0,-105.0
2017-08-24,2017,HOU,WSN,4,5,0,-136.0,121.0
2017-08-25,2017,WSN,NYM,2,4,0,125.0,-140.0
2017-08-25,2017,PHI,CHC,7,1,1,205.0,-235.0
2017-08-25,2017,CIN,PIT,9,5,1,-101.0,-109.0
2017-08-25,2017,MIA,SDP,8,6,1,-155.0,140.0
2017-08-25,2017,ATL,COL,5,2,1,-123.0,113.0
2017-08-25,2017,ARI,SFG,4,3,1,-258.0,218.0
2017-08-25,2017,LAD,MIL,3,1,1,-177.0,157.0
2017-08-25,2017,NYY,SEA,1,2,0,-180.0,160.0
2017-08-25,2017,TOR,MIN,1,6,0,-193.0,173.0
2017-08-25,2017,BOS,BAL,3,16,0,-163.0,148.0
2017-08-25,2017,CLE,KCR,4,0,1,-145.0,130.0
2017-08-25,2017,CHW,DET,3,2,1,153.0,-168.0
2017-08-25,2017,ATH,TEX,3,1,1,-149.0,134.0
2017-08-25,2017,LAA,HOU,1,2,0,-114.0,104.0
2017-08-25,2017,STL,TBR,3,7,0,-187.0,167.0
2017-08-26,2017,WSN,NYM,9,4,1,-195.0,175.0
2017-08-26,2017,PHI,CHC,2,17,0,170.0,-200.0
2017-08-26,2017,CIN,PIT,0,1,0,-115.0,105.0
2017-08-26,2017,ATL,COL,6,7,0,-112.0,102.0
2017-08-26,2017,MIA,SDP,2,1,1,-101.0,-109.0
2017-08-26,2017,ARI,SFG,2,1,1,-124.0,114.0
2017-08-26,2017,LAD,MIL,0,3,0,-177.0,157.0
2017-08-26,2017,NYY,SEA,6,3,1,-200.0,170.0
2017-08-26,2017,TOR,MIN,10,9,1,-115.0,105.0
2017-08-26,2017,BOS,BAL,0,7,0,-140.0,125.0
2017-08-26,2017,ATH,TEX,8,3,1,-101.0,-109.0
2017-08-26,2017,CHW,DET,3,6,0,-105.0,-105.0
2017-08-26,2017,CLE,KCR,4,0,1,-150.0,135.0
2017-08-26,2017,LAA,HOU,7,6,1,-101.0,-109.0
2017-08-26,2017,STL,TBR,6,4,1,-131.0,116.0
2017-08-27,2017,CIN,PIT,2,5,0,-109.0,-101.0
2017-08-27,2017,MIA,SDP,6,2,1,-159.0,144.0
2017-08-27,2017,ATL,COL,0,3,0,119.0,-134.0
2017-08-27,2017,PHI,CHC,6,3,1,155.0,-175.0
2017-08-27,2017,WSN,NYM,5,6,0,-165.0,150.0
2017-08-27,2017,LAD,MIL,2,3,0,-213.0,183.0
2017-08-27,2017,ARI,SFG,11,0,1,-202.0,172.0
2017-08-27,2017,NYY,SEA,10,1,1,-175.0,155.0
2017-08-27,2017,TOR,MIN,2,7,0,-135.0,120.0
2017-08-27,2017,CLE,KCR,12,0,1,-220.0,190.0
2017-08-27,2017,BOS,BAL,1,2,0,-155.0,140.0
2017-08-27,2017,CHW,DET,7,1,1,-104.0,-106.0
2017-08-27,2017,ATH,TEX,8,3,1,-121.0,111.0
2017-08-27,2017,LAA,HOU,5,7,0,120.0,-135.0
2017-08-27,2017,STL,TBR,2,3,0,118.0,-128.0
2017-08-27,2017,WSN,NYM,5,4,1,-236.0,206.0
2017-08-28,2017,PHI,ATL,6,1,1,-150.0,135.0
2017-08-28,2017,WSN,MIA,11,2,1,-220.0,190.0
2017-08-28,2017,CHC,PIT,6,1,1,-186.0,166.0
2017-08-28,2017,SDP,SFG,0,3,0,-105.0,-105.0
2017-08-28,2017,NYY,CLE,2,6,0,103.0,-113.0
2017-08-28,2017,BAL,SEA,7,6,1,-110.0,100.0
2017-08-28,2017,TOR,BOS,5,6,0,-109.0,-101.0
2017-08-28,2017,KCR,TBR,0,12,0,104.0,-114.0
2017-08-28,2017,LAA,ATH,3,1,1,-135.0,120.0
2017-08-28,2017,COL,DET,3,4,0,-222.0,192.0
2017-08-29,2017,WSN,MIA,8,3,1,-140.0,125.0
2017-08-29,2017,CIN,NYM,14,4,1,-160.0,145.0
2017-08-29,2017,MIL,STL,2,10,0,125.0,-140.0
2017-08-29,2017,CHC,PIT,4,1,1,-240.0,200.0
2017-08-29,2017,ARI,LAD,7,6,1,101.0,-111.0
2017-08-29,2017,SDP,SFG,6,3,1,-158.0,143.0
2017-08-29,2017,BAL,SEA,4,0,1,-144.0,129.0
2017-08-29,2017,TOR,BOS,0,3,0,201.0,-241.0
2017-08-29,2017,MIN,CHW,6,4,1,-230.0,200.0
2017-08-29,2017,KCR,TBR,6,2,1,103.0,-113.0
2017-08-29,2017,LAA,ATH,8,2,1,-152.0,137.0
2017-08-29,2017,COL,DET,7,3,1,-205.0,175.0
2017-08-29,2017,HOU,TEX,2,12,0,-150.0,135.0
2017-08-30,2017,PHI,ATL,1,9,0,-101.0,-109.0
2017-08-30,2017,MIL,STL,6,5,1,108.0,-118.0
2017-08-30,2017,WSN,MIA,4,0,1,-219.0,189.0
2017-08-30,2017,CIN,NYM,0,2,0,-167.0,152.0
2017-08-30,2017,CHC,PIT,17,3,1,-205.0,175.0
2017-08-30,2017,SDP,SFG,5,0,1,-152.0,137.0
2017-08-30,2017,ARI,LAD,6,4,1,116.0,-126.0
2017-08-30,2017,NYY,CLE,1,2,0,-134.0,119.0
2017-08-30,2017,BAL,SEA,8,7,1,-132.0,117.0
2017-08-30,2017,TOR,BOS,1,7,0,123.0,-138.0
2017-08-30,2017,MIN,CHW,11,1,1,-270.0,230.0
2017-08-30,2017,HOU,TEX,1,8,0,-225.0,195.0
2017-08-30,2017,KCR,TBR,3,5,0,-128.0,118.0
2017-08-30,2017,LAA,ATH,10,8,1,-149.0,134.0
2017-08-30,2017,COL,DET,2,6,0,-152.0,137.0
2017-08-30,2017,NYY,CLE,4,9,0,-182.0,162.0
2017-08-30,2017,PHI,ATL,2,5,0,100.0,-110.0
2017-08-31,2017,CIN,NYM,7,2,1,134.0,-149.0
2017-08-31,2017,ARI,LAD,8,1,1,-101.0,-109.0
2017-08-31,2017,MIA,PHI,2,3,0,-197.0,177.0
2017-08-31,2017,CHC,ATL,6,2,1,-245.0,205.0
2017-08-31,2017,MIL,WSN,6,3,1,-135.0,120.0
2017-08-31,2017,SFG,STL,2,5,0,150.0,-170.0
2017-08-31,2017,MIN,CHW,5,4,1,-161.0,146.0
2017-08-31,2017,NYY,BOS,6,2,1,-149.0,134.0
2017-08-31,2017,BAL,TOR,8,11,0,-173.0,153.0
2017-08-31,2017,HOU,TEX,5,1,1,-175.0,155.0
2017-09-01,2017,CHC,ATL,2,0,1,-220.0,190.0
2017-09-01,2017,PIT,CIN,3,7,0,-119.0,109.0
2017-09-01,2017,MIA,PHI,1,2,0,-178.0,158.0
2017-09-01,2017,MIL,WSN,1,0,1,-151.0,136.0
2017-09-01,2017,COL,ARI,5,9,0,-112.0,102.0
2017-09-01,2017,SDP,LAD,0,1,0,235.0,-275.0
2017-09-01,2017,SFG,STL,6,11,0,106.0,-116.0
2017-09-01,2017,BAL,TOR,1,0,1,-200.0,170.0
2017-09-01,2017,NYY,BOS,1,4,0,-185.0,165.0
2017-09-01,2017,DET,CLE,0,10,0,144.0,-159.0
2017-09-01,2017,TEX,LAA,10,9,1,133.0,-148.0
2017-09-01,2017,MIN,KCR,6,7,0,-108.0,-102.0
2017-09-01,2017,CHW,TBR,1,3,0,174.0,-204.0
2017-09-01,2017,SEA,ATH,3,2,1,-150.0,135.0
2017-09-01,2017,DET,CLE,2,3,0,206.0,-246.0
2017-09-02,2017,CHC,ATL,14,12,1,-255.0,215.0
2017-09-02,2017,SDP,LAD,6,5,1,109.0,-119.0
2017-09-02,2017,SFG,STL,2,1,1,-108.0,-102.0
2017-09-02,2017,PIT,CIN,5,0,1,-135.0,120.0
2017-09-02,2017,MIA,PHI,10,9,1,-167.0,152.0
2017-09-02,2017,MIL,WSN,2,3,0,183.0,-213.0
2017-09-02,2017,COL,ARI,2,6,0,-128.0,118.0
2017-09-02,2017,SDP,LAD,7,2,1,290.0,-350.0
2017-09-02,2017,NYY,BOS,5,1,1,-165.0,150.0
2017-09-02,2017,DET,CLE,2,5,0,280.0,-330.0
2017-09-02,2017,BAL,TOR,2,7,0,-111.0,101.0
2017-09-02,2017,CHW,TBR,5,4,1,177.0,-207.0
2017-09-02,2017,MIN,KCR,17,0,1,-129.0,119.0
2017-09-02,2017,TEX,LAA,4,7,0,118.0,-133.0
2017-09-02,2017,SEA,ATH,7,6,1,-122.0,112.0
2017-09-02,2017,HOU,NYM,4,1,1,-278.0,238.0
2017-09-02,2017,HOU,NYM,12,8,1,-278.0,238.0
2017-09-03,2017,MIA,PHI,1,3,0,-205.0,175.0
2017-09-03,2017,PIT,CIN,3,1,1,-111.0,101.0
2017-09-03,2017,MIL,WSN,7,2,1,-134.0,119.0
2017-09-03,2017,COL,ARI,1,5,0,-144.0,129.0
2017-09-03,2017,SFG,STL,3,7,0,114.0,-124.0
2017-09-03,2017,SDP,LAD,6,4,1,180.0,-210.0
2017-09-03,2017,CHC,ATL,1,5,0,-250.0,210.0
2017-09-03,2017,NYY,BOS,9,2,1,-102.0,-108.0
2017-09-03,2017,DET,CLE,1,11,0,172.0,-202.0
2017-09-03,2017,BAL,TOR,5,4,1,-150.0,135.0
2017-09-03,2017,CHW,TBR,6,2,1,140.0,-155.0
2017-09-03,2017,MIN,KCR,4,5,0,-185.0,165.0
2017-09-03,2017,TEX,LAA,7,6,1,116.0,-131.0
2017-09-03,2017,SEA,ATH,10,2,1,-152.0,137.0
2017-09-03,2017,HOU,NYM,8,6,1,-270.0,230.0
2017-09-04,2017,NYM,PHI,11,7,1,-108.0,-102.0
2017-09-04,2017,CIN,MIL,5,4,1,125.0,-140.0
2017-09-04,2017,COL,SFG,4,3,1,-180.0,160.0
2017-09-04,2017,PIT,CHC,12,0,1,158.0,-178.0
2017-09-04,2017,SDP,STL,0,2,0,128.0,-143.0
2017-09-04,2017,MIA,WSN,2,7,0,-124.0,114.0
2017-09-04,2017,LAD,ARI,0,13,0,-175.0,155.0
2017-09-04,2017,DET,KCR,6,7,0,145.0,-160.0
2017-09-04,2017,BAL,NYY,4,7,0,-140.0,125.0
2017-09-04,2017,CHW,CLE,3,5,0,200.0,-240.0
2017-09-04,2017,ATH,LAA,9,11,0,139.0,-154.0
2017-09-04,2017,SEA,HOU,2,6,0,119.0,-134.0
2017-09-04,2017,BOS,TOR,4,10,0,-177.0,157.0
2017-09-04,2017,TBR,MIN,11,4,1,-129.0,119.0
2017-09-04,2017,ATL,TEX,2,8,0,-119.0,109.0
2017-09-05,2017,PIT,CHC,4,3,1,153.0,-168.0
2017-09-05,2017,CIN,MIL,9,3,1,118.0,-128.0
2017-09-05,2017,MIA,WSN,1,2,0,155.0,-175.0
2017-09-05,2017,NYM,PHI,1,9,0,-196.0,176.0
2017-09-05,2017,COL,SFG,9,6,1,-195.0,175.0
2017-09-05,2017,LAD,ARI,1,3,0,-150.0,135.0
2017-09-05,2017,SDP,STL,4,8,0,140.0,-155.0
2017-09-05,2017,BAL,NYY,7,6,1,100.0,-110.0
2017-09-05,2017,BOS,TOR,3,2,1,-195.0,175.0
2017-09-05,2017,TBR,MIN,2,1,1,-145.0,130.0
2017-09-05,2017,DET,KCR,13,2,1,107.0,-117.0
2017-09-05,2017,CHW,CLE,4,9,0,230.0,-270.0
2017-09-05,2017,ATH,LAA,7,8,0,133.0,-148.0
2017-09-05,2017,SEA,HOU,1,3,0,138.0,-153.0
2017-09-06,2017,CIN,MIL,7,1,1,-140.0,125.0
2017-09-06,2017,PIT,CHC,0,1,0,113.0,-123.0
2017-09-06,2017,MIA,WSN,1,8,0,107.0,-117.0
2017-09-06,2017,NYM,PHI,6,0,1,-105.0,-105.0
2017-09-06,2017,COL,SFG,3,11,0,-200.0,170.0
2017-09-06,2017,LAD,ARI,1,3,0,-190.0,170.0
2017-09-06,2017,SDP,STL,1,3,0,-140.0,125.0
2017-09-06,2017,TBR,MIN,6,10,0,-190.0,170.0
2017-09-06,2017,ATH,LAA,3,1,1,118.0,-128.0
2017-09-06,2017,BOS,TOR,6,1,1,-185.0,165.0
2017-09-06,2017,DET,KCR,2,13,0,125.0,-140.0
2017-09-06,2017,CHW,CLE,1,5,0,225.0,-265.0
2017-09-06,2017,SEA,HOU,3,5,0,140.0,-155.0
2017-09-06,2017,ATL,TEX,5,4,1,103.0,-113.0
2017-09-06,2017,ATL,TEX,8,12,0,101.0,-111.0
2017-09-07,2017,WSN,PHI,4,3,1,-143.0,128.0
2017-09-07,2017,PIT,CHC,2,8,0,122.0,-137.0
2017-09-07,2017,NYM,CIN,7,2,1,122.0,-137.0
2017-09-07,2017,ATL,MIA,6,5,1,116.0,-126.0
2017-09-07,2017,SDP,STL,3,0,1,102.0,-112.0
2017-09-07,2017,LAD,COL,1,9,0,-305.0,255.0
2017-09-07,2017,CHW,CLE,2,11,0,315.0,-375.0
2017-09-07,2017,KCR,MIN,2,4,0,-101.0,-109.0
2017-09-07,2017,BAL,NYY,1,9,0,-111.0,101.0
2017-09-08,2017,CHC,MIL,0,2,0,-121.0,111.0
2017-09-08,2017,WSN,PHI,11,10,1,-395.0,335.0
2017-09-08,2017,NYM,CIN,5,1,1,101.0,-111.0
2017-09-08,2017,ATL,MIA,1,7,0,-124.0,114.0
2017-09-08,2017,STL,PIT,4,1,1,-200.0,170.0
2017-09-08,2017,ARI,SDP,6,10,0,-230.0,200.0
2017-09-08,2017,LAD,COL,4,5,0,-215.0,185.0
2017-09-08,2017,TOR,DET,4,5,0,-220.0,190.0
2017-09-08,2017,BOS,TBR,9,3,1,-117.0,107.0
2017-09-08,2017,CLE,BAL,5,0,1,-170.0,150.0
2017-09-08,2017,TEX,NYY,11,5,1,140.0,-155.0
2017-09-08,2017,KCR,MIN,5,8,0,121.0,-136.0
2017-09-08,2017,ATH,HOU,9,8,1,157.0,-177.0
2017-09-08,2017,SEA,LAA,4,3,1,-126.0,116.0
2017-09-08,2017,CHW,SFG,2,9,0,-124.0,114.0
2017-09-09,2017,STL,PIT,4,3,1,-198.0,178.0
2017-09-09,2017,CHC,MIL,2,15,0,-160.0,145.0
2017-09-09,2017,WSN,PHI,4,5,0,-175.0,155.0
2017-09-09,2017,ATL,MIA,6,5,1,103.0,-113.0
2017-09-09,2017,NYM,CIN,6,1,1,-105.0,-105.0
2017-09-09,2017,ARI,SDP,7,8,0,-195.0,175.0
2017-09-09,2017,LAD,COL,5,6,0,-240.0,200.0
2017-09-09,2017,CLE,BAL,4,2,1,-184.0,164.0
2017-09-09,2017,TOR,DET,5,4,1,-132.0,117.0
2017-09-09,2017,ATH,HOU,11,1,1,135.0,-150.0
2017-09-09,2017,ATH,HOU,11,4,1,190.0,-220.0
2017-09-09,2017,BOS,TBR,9,0,1,-296.0,256.0
2017-09-09,2017,KCR,MIN,5,2,1,-102.0,-108.0
2017-09-09,2017,TEX,NYY,1,3,0,190.0,-220.0
2017-09-09,2017,SEA,LAA,8,1,1,101.0,-111.0
2017-09-09,2017,CHW,SFG,13,1,1,130.0,-145.0
2017-09-10,2017,NYM,CIN,5,10,0,-141.0,126.0
2017-09-10,2017,WSN,PHI,3,2,1,-215.0,185.0
2017-09-10,2017,ATL,MIA,10,8,1,-150.0,135.0
2017-09-10,2017,STL,PIT,7,0,1,-164.0,149.0
2017-09-10,2017,CHC,MIL,1,3,0,-150.0,135.0
2017-09-10,2017,LAD,COL,1,8,0,-238.0,208.0
2017-09-10,2017,ARI,SDP,3,2,1,-250.0,210.0
2017-09-10,2017,TOR,DET,8,2,1,-157.0,142.0
2017-09-10,2017,CLE,BAL,3,2,1,-210.0,180.0
2017-09-10,2017,BOS,TBR,1,4,0,-141.0,126.0
2017-09-10,2017,KCR,MIN,11,3,1,-135.0,120.0
2017-09-10,2017,TEX,NYY,7,16,0,117.0,-127.0
2017-09-10,2017,ATH,HOU,10,2,1,169.0,-189.0
2017-09-10,2017,SEA,LAA,3,5,0,-133.0,118.0
2017-09-10,2017,CHW,SFG,8,1,1,140.0,-155.0
2017-09-11,2017,MIL,PIT,0,7,0,-143.0,128.0
2017-09-11,2017,ARI,COL,4,5,0,-195.0,175.0
2017-09-11,2017,SFG,LAD,8,6,1,180.0,-210.0
2017-09-11,2017,TOR,BAL,4,3,1,111.0,-121.0
2017-09-11,2017,TBR,NYY,1,5,0,127.0,-142.0
2017-09-11,2017,CLE,DET,11,0,1,-415.0,335.0
2017-09-11,2017,TEX,SEA,5,3,1,-121.0,111.0
2017-09-11,2017,KCR,CHW,3,11,0,-170.0,150.0
2017-09-12,2017,WSN,ATL,0,8,0,-177.0,157.0
2017-09-12,2017,PHI,MIA,9,8,1,114.0,-124.0
2017-09-12,2017,MIL,PIT,5,2,1,-109.0,-101.0
2017-09-12,2017,CHC,NYM,8,3,1,-345.0,295.0
2017-09-12,2017,STL,CIN,13,4,1,-158.0,143.0
2017-09-12,2017,ARI,COL,2,4,0,-123.0,113.0
2017-09-12,2017,SFG,LAD,3,5,0,250.0,-300.0
2017-09-12,2017,TOR,BAL,3,2,1,114.0,-124.0
2017-09-12,2017,TBR,NYY,2,1,1,123.0,-138.0
2017-09-12,2017,BOS,ATH,11,1,1,-182.0,162.0
2017-09-12,2017,CLE,DET,2,0,1,-473.0,373.0
2017-09-12,2017,TEX,SEA,3,10,0,-106.0,-104.0
2017-09-12,2017,KCR,CHW,4,3,1,-197.0,177.0
2017-09-12,2017,LAA,HOU,0,1,0,-105.0,-105.0
2017-09-12,2017,MIN,SDP,16,0,1,-174.0,154.0
2017-09-13,2017,WSN,ATL,2,8,0,-325.0,275.0
2017-09-13,2017,PHI,MIA,8,1,1,-148.0,133.0
2017-09-13,2017,CHC,NYM,17,5,1,-300.0,250.0
2017-09-13,2017,MIL,PIT,8,2,1,-151.0,136.0
2017-09-13,2017,STL,CIN,0,6,0,-148.0,133.0
2017-09-13,2017,ARI,COL,8,2,1,-139.0,124.0
2017-09-13,2017,SFG,LAD,1,4,0,200.0,-240.0
2017-09-13,2017,CLE,DET,5,3,1,-335.0,285.0
2017-09-13,2017,KCR,CHW,3,5,0,-146.0,131.0
2017-09-13,2017,TOR,BAL,1,2,0,-131.0,116.0
2017-09-13,2017,TBR,NYY,2,3,0,-132.0,117.0
2017-09-13,2017,BOS,ATH,3,7,0,-191.0,171.0
2017-09-13,2017,TEX,SEA,1,8,0,-111.0,101.0
2017-09-13,2017,LAA,HOU,9,1,1,-131.0,116.0
2017-09-13,2017,MIN,SDP,3,1,1,-147.0,132.0
2017-09-14,2017,STL,CIN,5,2,1,-205.0,175.0
2017-09-14,2017,ARI,COL,7,0,1,-180.0,160.0
2017-09-14,2017,WSN,ATL,5,2,1,-133.0,118.0
2017-09-14,2017,PHI,MIA,10,0,1,-131.0,116.0
2017-09-14,2017,CHC,NYM,14,6,1,-212.0,182.0
2017-09-14,2017,DET,CHW,7,17,0,-108.0,-102.0
2017-09-14,2017,BOS,ATH,6,2,1,-225.0,195.0
2017-09-14,2017,NYY,BAL,13,5,1,-210.0,180.0
2017-09-14,2017,CLE,KCR,3,2,1,-176.0,156.0
2017-09-14,2017,TEX,SEA,4,10,0,104.0,-114.0
2017-09-14,2017,MIN,TOR,3,2,1,-145.0,130.0
2017-09-14,2017,LAA,HOU,2,5,0,122.0,-137.0
2017-09-15,2017,CHC,STL,8,2,1,-124.0,114.0
2017-09-15,2017,WSN,LAD,0,7,0,136.0,-151.0
2017-09-15,2017,CIN,PIT,4,2,1,-134.0,119.0
2017-09-15,2017,MIA,MIL,2,10,0,116.0,-131.0
2017-09-15,2017,ATL,NYM,3,2,1,-126.0,116.0
2017-09-15,2017,COL,SDP,6,1,1,-158.0,143.0
2017-09-15,2017,SFG,ARI,2,3,0,140.0,-155.0
2017-09-15,2017,NYY,BAL,8,2,1,-379.0,319.0
2017-09-15,2017,TBR,BOS,6,13,0,198.0,-228.0
2017-09-15,2017,DET,CHW,3,2,1,-126.0,116.0
2017-09-15,2017,CLE,KCR,3,4,0,-225.0,195.0
2017-09-15,2017,HOU,SEA,5,2,1,-126.0,116.0
2017-09-15,2017,MIN,TOR,3,4,0,106.0,-116.0
2017-09-15,2017,LAA,TEX,7,6,1,-205.0,175.0
2017-09-15,2017,PHI,ATH,0,4,0,-126.0,116.0
2017-09-16,2017,WSN,LAD,2,3,0,141.0,-156.0
2017-09-16,2017,CHC,STL,4,1,1,-149.0,134.0
2017-09-16,2017,CIN,PIT,2,1,1,-157.0,142.0
2017-09-16,2017,MIA,MIL,7,4,1,123.0,-138.0
2017-09-16,2017,ATL,NYM,3,7,0,104.0,-114.0
2017-09-16,2017,COL,SDP,16,0,1,-215.0,185.0
2017-09-16,2017,SFG,ARI,0,2,0,135.0,-150.0
2017-09-16,2017,NYY,BAL,9,3,1,-185.0,165.0
2017-09-16,2017,CLE,KCR,8,4,1,-209.0,179.0
2017-09-16,2017,TBR,BOS,1,3,0,-132.0,117.0
2017-09-16,2017,DET,CHW,4,10,0,-109.0,-101.0
2017-09-16,2017,MIN,TOR,2,7,0,-126.0,116.0
2017-09-16,2017,HOU,SEA,8,6,1,-205.0,175.0
2017-09-16,2017,LAA,TEX,2,0,1,-128.0,118.0
2017-09-16,2017,PHI,ATH,5,3,1,-106.0,-104.0
2017-09-17,2017,MIA,MIL,3,10,0,129.0,-144.0
2017-09-17,2017,CIN,PIT,5,2,1,107.0,-117.0
2017-09-17,2017,WSN,LAD,7,1,1,-172.0,152.0
2017-09-17,2017,ATL,NYM,1,5,0,-170.0,150.0
2017-09-17,2017,COL,SDP,3,4,0,-220.0,190.0
2017-09-17,2017,SFG,ARI,7,2,1,135.0,-150.0
2017-09-17,2017,CHC,STL,4,3,1,-180.0,160.0
2017-09-17,2017,NYY,BAL,4,6,0,-230.0,200.0
2017-09-17,2017,TBR,BOS,3,2,1,119.0,-129.0
2017-09-17,2017,DET,CHW,12,0,1,-127.0,117.0
2017-09-17,2017,CLE,KCR,3,2,1,-260.0,220.0
2017-09-17,2017,HOU,SEA,7,1,1,-225.0,195.0
2017-09-17,2017,MIN,TOR,13,7,1,-140.0,125.0
2017-09-17,2017,LAA,TEX,2,4,0,-194.0,174.0
2017-09-17,2017,PHI,ATH,3,6,0,114.0,-124.0
2017-09-18,2017,PHI,LAD,4,3,1,276.0,-326.0
2017-09-18,2017,PIT,MIL,0,3,0,-107.0,-103.0
2017-09-18,2017,MIA,NYM,13,1,1,-165.0,150.0
2017-09-18,2017,SDP,ARI,4,2,1,130.0,-145.0
2017-09-18,2017,BAL,BOS,8,10,0,-129.0,119.0
2017-09-18,2017,NYY,MIN,2,1,1,-175.0,155.0
2017-09-18,2017,DET,ATH,3,8,0,-121.0,111.0
2017-09-19,2017,PHI,LAD,6,2,1,146.0,-161.0
2017-09-19,2017,PIT,MIL,0,1,0,-109.0,-101.0
2017-09-19,2017,MIA,NYM,5,4,1,-129.0,119.0
2017-09-19,2017,CIN,STL,7,8,0,100.0,-110.0
2017-09-19,2017,ATL,WSN,2,4,0,175.0,-205.0
2017-09-19,2017,SDP,ARI,6,2,1,165.0,-185.0
2017-09-19,2017,SFG,COL,4,3,1,105.0,-115.0
2017-09-19,2017,NYY,MIN,5,2,1,-158.0,143.0
2017-09-19,2017,BAL,BOS,0,1,0,-106.0,-104.0
2017-09-19,2017,TOR,KCR,5,2,1,-177.0,157.0
2017-09-19,2017,DET,ATH,8,9,0,119.0,-129.0
2017-09-19,2017,HOU,CHW,3,1,1,-270.0,230.0
2017-09-19,2017,LAA,CLE,3,6,0,101.0,-111.0
2017-09-19,2017,SEA,TEX,1,3,0,-155.0,140.0
2017-09-19,2017,TBR,CHC,1,2,0,-160.0,145.0
2017-09-20,2017,MIA,NYM,9,2,1,-177.0,157.0
2017-09-20,2017,SFG,COL,4,0,1,119.0,-129.0
2017-09-20,2017,PHI,LAD,7,5,1,245.0,-285.0
2017-09-20,2017,PIT,MIL,6,4,1,110.0,-120.0
2017-09-20,2017,CIN,STL,2,9,0,175.0,-195.0
2017-09-20,2017,ATL,WSN,3,7,0,146.0,-161.0
2017-09-20,2017,SDP,ARI,7,13,0,155.0,-175.0
2017-09-20,2017,NYY,MIN,11,3,1,-315.0,265.0
2017-09-20,2017,DET,ATH,2,3,0,113.0,-123.0
2017-09-20,2017,BAL,BOS,0,9,0,218.0,-258.0
2017-09-20,2017,TOR,KCR,5,15,0,-121.0,111.0
2017-09-20,2017,HOU,CHW,4,3,1,-370.0,310.0
2017-09-20,2017,LAA,CLE,5,6,0,106.0,-116.0
2017-09-20,2017,SEA,TEX,6,8,0,-150.0,135.0
2017-09-20,2017,TBR,CHC,8,1,1,103.0,-113.0
2017-09-21,2017,PHI,LAD,4,5,0,183.0,-213.0
2017-09-21,2017,CIN,STL,5,8,0,167.0,-187.0
2017-09-21,2017,ATL,WSN,3,2,1,140.0,-155.0
2017-09-21,2017,MIL,CHC,3,5,0,125.0,-140.0
2017-09-21,2017,SDP,COL,3,0,1,105.0,-115.0
2017-09-21,2017,BAL,TBR,3,1,1,115.0,-130.0
2017-09-21,2017,TOR,KCR,0,1,0,-150.0,135.0
2017-09-21,2017,DET,MIN,1,12,0,120.0,-135.0
2017-09-21,2017,HOU,CHW,1,3,0,-312.0,262.0
2017-09-21,2017,LAA,CLE,1,4,0,-105.0,-105.0
2017-09-21,2017,SEA,TEX,2,4,0,-170.0,150.0
2017-09-22,2017,PIT,STL,3,4,0,138.0,-153.0
2017-09-22,2017,NYM,WSN,7,6,1,-124.0,114.0
2017-09-22,2017,ATL,PHI,7,2,1,-129.0,119.0
2017-09-22,2017,MIL,CHC,4,5,0,105.0,-115.0
2017-09-22,2017,ARI,MIA,13,11,1,-230.0,200.0
2017-09-22,2017,SDP,COL,1,4,0,126.0,-141.0
2017-09-22,2017,LAD,SFG,4,2,1,-223.0,193.0
2017-09-22,2017,BAL,TBR,3,8,0,125.0,-140.0
2017-09-22,2017,TOR,NYY,8,1,1,160.0,-180.0
2017-09-22,2017,DET,MIN,3,7,0,120.0,-135.0
2017-09-22,2017,HOU,LAA,3,0,1,-132.0,117.0
2017-09-22,2017,CHW,KCR,7,6,1,137.0,-152.0
2017-09-22,2017,ATH,TEX,4,1,1,-132.0,117.0
2017-09-22,2017,SEA,CLE,3,1,1,128.0,-143.0
2017-09-22,2017,CIN,BOS,4,5,0,116.0,-131.0
2017-09-23,2017,PIT,STL,11,6,1,-129.0,119.0
2017-09-23,2017,ATL,PHI,4,2,1,-145.0,130.0
2017-09-23,2017,NYM,WSN,3,4,0,170.0,-200.0
2017-09-23,2017,MIL,CHC,4,3,1,129.0,-144.0
2017-09-23,2017,ARI,MIA,6,12,0,-155.0,140.0
2017-09-23,2017,SDP,COL,5,0,1,-105.0,-105.0
2017-09-23,2017,LAD,SFG,1,2,0,-142.0,127.0
2017-09-23,2017,TOR,NYY,1,5,0,172.0,-192.0
2017-09-23,2017,SEA,CLE,4,11,0,143.0,-158.0
2017-09-23,2017,BAL,TBR,6,9,0,105.0,-115.0
2017-09-23,2017,DET,MIN,4,10,0,140.0,-155.0
2017-09-23,2017,CHW,KCR,2,8,0,140.0,-155.0
2017-09-23,2017,HOU,LAA,6,2,1,-121.0,111.0
2017-09-23,2017,ATH,TEX,1,0,1,116.0,-131.0
2017-09-23,2017,CIN,BOS,0,5,0,120.0,-135.0
2017-09-24,2017,NYM,WSN,2,3,0,129.0,-144.0
2017-09-24,2017,ATL,PHI,0,2,0,-127.0,117.0
2017-09-24,2017,PIT,STL,4,1,1,112.0,-122.0
2017-09-24,2017,MIL,CHC,0,5,0,119.0,-129.0
2017-09-24,2017,LAD,SFG,3,1,1,-360.0,300.0
2017-09-24,2017,ARI,MIA,3,2,1,-185.0,165.0
2017-09-24,2017,SDP,COL,4,8,0,126.0,-141.0
2017-09-24,2017,TOR,NYY,9,5,1,-115.0,105.0
2017-09-24,2017,DET,MIN,4,10,0,175.0,-195.0
2017-09-24,2017,BAL,TBR,9,4,1,125.0,-140.0
2017-09-24,2017,HOU,LAA,5,7,0,-190.0,170.0
2017-09-24,2017,CHW,KCR,8,1,1,118.0,-128.0
2017-09-24,2017,ATH,TEX,8,1,1,-113.0,103.0
2017-09-24,2017,SEA,CLE,2,4,0,180.0,-210.0
2017-09-24,2017,CIN,BOS,4,5,0,114.0,-124.0
2017-09-25,2017,NYM,ATL,2,9,0,125.0,-140.0
2017-09-25,2017,PHI,WSN,1,3,0,-197.0,177.0
2017-09-25,2017,NYM,ATL,3,2,1,-132.0,117.0
2017-09-25,2017,STL,CHC,2,10,0,-145.0,130.0
2017-09-25,2017,COL,MIA,4,5,0,-172.0,152.0
2017-09-25,2017,ARI,SFG,2,9,0,-114.0,104.0
2017-09-25,2017,LAD,SDP,9,3,1,-271.0,231.0
2017-09-25,2017,NYY,KCR,11,3,1,-200.0,170.0
2017-09-25,2017,BOS,TOR,4,6,0,-180.0,160.0
2017-09-25,2017,TEX,HOU,2,11,0,127.0,-142.0
2017-09-25,2017,CHW,LAA,4,2,1,200.0,-230.0
2017-09-25,2017,ATH,SEA,1,7,0,-105.0,-105.0
2017-09-26,2017,PHI,WSN,4,1,1,170.0,-190.0
2017-09-26,2017,NYM,ATL,4,3,1,111.0,-121.0
2017-09-26,2017,MIL,CIN,7,6,1,-162.0,147.0
2017-09-26,2017,STL,CHC,8,7,1,106.0,-116.0
2017-09-26,2017,COL,MIA,6,0,1,-166.0,151.0
2017-09-26,2017,ARI,SFG,11,4,1,-248.0,208.0
2017-09-26,2017,LAD,SDP,9,2,1,-228.0,198.0
2017-09-26,2017,NYY,TBR,6,1,1,-173.0,153.0
2017-09-26,2017,CLE,MIN,6,8,0,-185.0,165.0
2017-09-26,2017,BOS,TOR,4,9,0,-226.0,196.0
2017-09-26,2017,TEX,HOU,3,14,0,132.0,-147.0
2017-09-26,2017,CHW,LAA,3,9,0,154.0,-174.0
2017-09-26,2017,KCR,DET,2,1,1,-170.0,150.0
2017-09-26,2017,ATH,SEA,3,6,0,102.0,-112.0
2017-09-26,2017,PIT,BAL,10,1,1,104.0,-114.0
2017-09-27,2017,COL,MIA,15,9,1,-210.0,180.0
2017-09-27,2017,ARI,SFG,4,3,1,-135.0,120.0
2017-09-27,2017,PHI,WSN,7,5,1,135.0,-150.0
2017-09-27,2017,NYM,ATL,7,1,1,113.0,-123.0
2017-09-27,2017,MIL,CIN,0,6,0,-140.0,125.0
2017-09-27,2017,STL,CHC,1,5,0,-113.0,103.0
2017-09-27,2017,LAD,SDP,10,0,1,-255.0,215.0
2017-09-27,2017,TEX,HOU,2,12,0,190.0,-220.0
2017-09-27,2017,ATH,SEA,6,5,1,-103.0,-107.0
2017-09-27,2017,NYY,TBR,6,1,1,-220.0,190.0
2017-09-27,2017,CLE,MIN,4,2,1,-205.0,175.0
2017-09-27,2017,BOS,TOR,10,7,1,-133.0,118.0
2017-09-27,2017,CHW,LAA,6,4,1,203.0,-233.0
2017-09-27,2017,KCR,DET,7,4,1,-168.0,153.0
2017-09-27,2017,PIT,BAL,5,3,1,-144.0,129.0
2017-09-28,2017,MIL,CIN,4,3,1,-165.0,150.0
2017-09-28,2017,WSN,PIT,5,4,1,-119.0,109.0
2017-09-28,2017,MIA,ATL,7,1,1,-131.0,116.0
2017-09-28,2017,STL,CHC,1,2,0,-140.0,125.0
2017-09-28,2017,CLE,MIN,5,2,1,-272.0,232.0
2017-09-28,2017,NYY,TBR,6,9,0,-212.0,182.0
2017-09-28,2017,BOS,HOU,2,12,0,-105.0,-105.0
2017-09-28,2017,TEX,ATH,1,4,0,114.0,-124.0
2017-09-28,2017,CHW,LAA,5,4,1,105.0,-115.0
2017-09-28,2017,KCR,DET,1,4,0,-205.0,175.0
2017-09-29,2017,CHC,CIN,5,4,1,-176.0,156.0
2017-09-29,2017,WSN,PIT,6,1,1,-210.0,180.0
2017-09-29,2017,PHI,NYM,6,2,1,-145.0,130.0
2017-09-29,2017,MIA,ATL,6,5,1,-129.0,119.0
2017-09-29,2017,COL,LAD,9,1,1,135.0,-150.0
2017-09-29,2017,STL,MIL,3,5,0,101.0,-111.0
2017-09-29,2017,SFG,SDP,8,0,1,-124.0,114.0
2017-09-29,2017,NYY,TOR,4,0,1,-247.0,207.0
2017-09-29,2017,TBR,BAL,7,0,1,-116.0,106.0
2017-09-29,2017,CLE,CHW,10,1,1,-300.0,250.0
2017-09-29,2017,BOS,HOU,2,3,0,103.0,-113.0
2017-09-29,2017,TEX,ATH,5,3,1,-129.0,119.0
2017-09-29,2017,MIN,DET,6,3,1,-178.0,158.0
2017-09-29,2017,LAA,SEA,6,5,1,-134.0,119.0
2017-09-29,2017,KCR,ARI,2,1,1,140.0,-155.0
2017-09-30,2017,CHC,CIN,9,0,1,-203.0,173.0
2017-09-30,2017,SFG,SDP,2,3,0,100.0,-110.0
2017-09-30,2017,STL,MIL,7,6,1,-136.0,121.0
2017-09-30,2017,WSN,PIT,1,4,0,-279.0,239.0
2017-09-30,2017,PHI,NYM,4,7,0,-124.0,114.0
2017-09-30,2017,MIA,ATL,10,2,1,-132.0,117.0
2017-09-30,2017,COL,LAD,3,5,0,190.0,-220.0
2017-09-30,2017,NYY,TOR,2,1,1,-160.0,145.0
2017-09-30,2017,TBR,BAL,4,3,1,-205.0,175.0
2017-09-30,2017,BOS,HOU,6,3,1,104.0,-114.0
2017-09-30,2017,CLE,CHW,1,2,0,-390.0,330.0
2017-09-30,2017,MIN,DET,2,3,0,-208.0,178.0
2017-09-30,2017,TEX,ATH,8,4,1,-132.0,117.0
2017-09-30,2017,LAA,SEA,4,6,0,-115.0,105.0
2017-09-30,2017,KCR,ARI,4,3,1,-118.0,108.0
2017-10-01,2017,WSN,PIT,8,11,0,-195.0,175.0
2017-10-01,2017,PHI,NYM,11,0,1,-140.0,125.0
2017-10-01,2017,SFG,SDP,5,4,1,-150.0,135.0
2017-10-01,2017,MIA,ATL,5,8,0,-169.0,154.0
2017-10-01,2017,COL,LAD,3,6,0,137.0,-152.0
2017-10-01,2017,STL,MIL,1,6,0,-119.0,109.0
2017-10-01,2017,CHC,CIN,1,3,0,-180.0,160.0
2017-10-01,2017,BOS,HOU,3,4,0,120.0,-135.0
2017-10-01,2017,TEX,ATH,2,5,0,-145.0,130.0
2017-10-01,2017,NYY,TOR,1,2,0,-185.0,165.0
2017-10-01,2017,LAA,SEA,6,2,1,116.0,-131.0
2017-10-01,2017,MIN,DET,5,1,1,-174.0,154.0
2017-10-01,2017,TBR,BAL,6,0,1,-131.0,116.0
2017-10-01,2017,CLE,CHW,3,1,1,-260.0,220.0
2017-10-01,2017,KCR,ARI,2,14,0,119.0,-129.0
2017-10-03,2017,NYY,MIN,8,4,1,-245.0,205.0
2017-10-04,2017,ARI,COL,11,8,1,-155.0,140.0
2017-10-05,2017,HOU,BOS,8,2,1,-119.0,109.0
2017-10-05,2017,CLE,NYY,4,0,1,-131.0,116.0
2017-10-06,2017,WSN,CHC,0,3,0,-150.0,135.0
2017-10-06,2017,LAD,ARI,9,5,1,-261.0,221.0
2017-10-06,2017,HOU,BOS,8,2,1,-176.0,156.0
2017-10-06,2017,CLE,NYY,9,8,1,-210.0,180.0
2017-10-07,2017,WSN,CHC,6,3,1,-117.0,107.0
2017-10-07,2017,LAD,ARI,8,5,1,-148.0,133.0
2017-10-08,2017,BOS,HOU,10,3,1,119.0,-129.0
2017-10-08,2017,NYY,CLE,1,0,1,-111.0,101.0
2017-10-09,2017,CHC,WSN,2,1,1,107.0,-117.0
2017-10-09,2017,ARI,LAD,1,3,0,108.0,-118.0
2017-10-09,2017,BOS,HOU,4,5,0,112.0,-122.0
2017-10-09,2017,NYY,CLE,7,3,1,-150.0,135.0
2017-10-11,2017,CLE,NYY,2,5,0,-183.0,163.0
2017-10-11,2017,CHC,WSN,0,5,0,-103.0,-107.0
2017-10-12,2017,WSN,CHC,8,9,0,106.0,-116.0
2017-10-13,2017,HOU,NYY,2,1,1,-170.0,150.0
2017-10-14,2017,LAD,CHC,5,2,1,-190.0,170.0
2017-10-14,2017,HOU,NYY,2,1,1,-118.0,108.0
2017-10-15,2017,LAD,CHC,4,1,1,-170.0,150.0
2017-10-16,2017,NYY,HOU,8,1,1,-131.0,116.0
2017-10-17,2017,CHC,LAD,1,6,0,-110.0,100.0
2017-10-17,2017,NYY,HOU,6,4,1,-119.0,109.0
2017-10-18,2017,CHC,LAD,3,2,1,119.0,-129.0
2017-10-18,2017,NYY,HOU,5,0,1,-102.0,-108.0
2017-10-19,2017,CHC,LAD,1,11,0,129.0,-144.0
2017-10-20,2017,HOU,NYY,7,1,1,-149.0,134.0
2017-10-21,2017,HOU,NYY,4,0,1,-142.0,127.0
2017-10-24,2017,LAD,HOU,3,1,1,-182.0,162.0
2017-10-25,2017,LAD,HOU,6,7,0,101.0,-111.0
2017-10-27,2017,HOU,LAD,5,3,1,-146.0,131.0
2017-10-28,2017,HOU,LAD,2,6,0,-105.0,-105.0
2017-10-29,2017,HOU,LAD,13,12,1,106.0,-116.0
2017-10-31,2017,LAD,HOU,3,1,1,-130.0,115.0
2018-03-29,2018,MIA,CHC,4,8,0,170.0,-200.0
2018-03-29,2018,NYM,STL,9,4,1,-138.0,123.0
2018-03-29,2018,ATL,PHI,8,5,1,116.0,-131.0
2018-03-29,2018,SDP,MIL,1,2,0,116.0,-131.0
2018-03-29,2018,LAD,SFG,0,1,0,-306.0,256.0
2018-03-29,2018,ARI,COL,8,2,1,-109.0,-101.0
2018-03-29,2018,BAL,MIN,3,2,1,-127.0,117.0
2018-03-29,2018,TEX,HOU,1,4,0,145.0,-160.0
2018-03-29,2018,TOR,NYY,1,6,0,151.0,-171.0
2018-03-29,2018,TBR,BOS,6,4,1,153.0,-173.0
2018-03-29,2018,ATH,LAA,6,5,1,108.0,-118.0
2018-03-29,2018,KCR,CHW,7,14,0,-140.0,125.0
2018-03-29,2018,SEA,CLE,2,1,1,160.0,-180.0
2018-03-30,2018,MIA,CHC,2,1,1,170.0,-200.0
2018-03-30,2018,ATL,PHI,4,5,0,-101.0,-109.0
2018-03-30,2018,ARI,COL,9,8,1,-143.0,128.0
2018-03-30,2018,LAD,SFG,0,1,0,-163.0,148.0
2018-03-30,2018,SDP,MIL,6,8,0,103.0,-113.0
2018-03-30,2018,TOR,NYY,2,4,0,122.0,-137.0
2018-03-30,2018,TBR,BOS,0,1,0,126.0,-141.0
2018-03-30,2018,TEX,HOU,5,1,1,150.0,-170.0
2018-03-30,2018,ATH,LAA,1,2,0,104.0,-114.0
2018-03-30,2018,CIN,WSN,0,2,0,185.0,-215.0
2018-03-30,2018,DET,PIT,10,13,0,119.0,-129.0
2018-03-31,2018,NYM,STL,6,2,1,-117.0,107.0
2018-03-31,2018,CIN,WSN,7,13,0,130.0,-145.0
2018-03-31,2018,ATL,PHI,15,2,1,-115.0,105.0
2018-03-31,2018,MIA,CHC,6,10,0,180.0,-210.0
2018-03-31,2018,ARI,COL,1,2,0,-151.0,136.0
2018-03-31,2018,SDP,MIL,3,7,0,110.0,-120.0
2018-03-31,2018,LAD,SFG,5,0,1,-205.0,175.0
2018-03-31,2018,TEX,HOU,3,9,0,171.0,-201.0
2018-03-31,2018,ATH,LAA,3,8,0,-103.0,-107.0
2018-03-31,2018,TOR,NYY,5,3,1,-106.0,-104.0
2018-03-31,2018,SEA,CLE,5,6,0,-103.0,-107.0
2018-03-31,2018,TBR,BOS,2,3,0,101.0,-111.0
2018-03-31,2018,BAL,MIN,2,6,0,109.0,-119.0
2018-03-31,2018,KCR,CHW,3,4,0,-102.0,-108.0
2018-04-01,2018,MIA,CHC,6,0,1,178.0,-208.0
2018-04-01,2018,NYM,STL,1,5,0,137.0,-152.0
2018-04-01,2018,CIN,WSN,5,6,0,116.0,-131.0
2018-04-01,2018,LAD,SFG,9,0,1,-195.0,175.0
2018-04-01,2018,BAL,MIN,0,7,0,-113.0,103.0
2018-04-01,2018,TOR,NYY,7,4,1,-114.0,104.0
2018-04-01,2018,TBR,BOS,1,2,0,-114.0,104.0
2018-04-01,2018,TEX,HOU,2,8,0,140.0,-155.0
2018-04-01,2018,ATH,LAA,4,7,0,116.0,-126.0
2018-04-01,2018,SEA,CLE,5,4,1,130.0,-145.0
2018-04-01,2018,DET,PIT,0,1,0,-111.0,101.0
2018-04-01,2018,DET,PIT,6,8,0,111.0,-121.0
2018-04-02,2018,MIL,STL,4,8,0,-111.0,101.0
2018-04-02,2018,CIN,CHC,1,0,1,125.0,-140.0
2018-04-02,2018,ATL,WSN,1,8,0,111.0,-121.0
2018-04-02,2018,ARI,LAD,8,7,1,-101.0,-109.0
2018-04-02,2018,SDP,COL,4,7,0,-111.0,101.0
2018-04-02,2018,DET,KCR,6,1,1,-111.0,101.0
2018-04-02,2018,TOR,CHW,4,2,1,-175.0,155.0
2018-04-02,2018,HOU,BAL,6,1,1,-228.0,198.0
2018-04-02,2018,ATH,TEX,3,1,1,-167.0,152.0
2018-04-02,2018,LAA,CLE,0,6,0,101.0,-111.0
2018-04-02,2018,PIT,MIN,5,4,1,-146.0,131.0
2018-04-02,2018,MIA,BOS,3,7,0,118.0,-133.0
2018-04-03,2018,NYM,PHI,2,0,1,-126.0,116.0
2018-04-03,2018,ATL,WSN,13,6,1,119.0,-129.0
2018-04-03,2018,MIL,STL,5,4,1,-108.0,-102.0
2018-04-03,2018,ARI,LAD,6,1,1,153.0,-173.0
2018-04-03,2018,SDP,COL,8,4,1,102.0,-112.0
2018-04-03,2018,DET,KCR,0,1,0,-112.0,102.0
2018-04-03,2018,TOR,CHW,14,5,1,-185.0,165.0
2018-04-03,2018,HOU,BAL,10,6,1,-250.0,210.0
2018-04-03,2018,ATH,TEX,1,4,0,-132.0,117.0
2018-04-03,2018,LAA,CLE,13,2,1,-133.0,118.0
2018-04-03,2018,SFG,SEA,4,6,0,-115.0,105.0
2018-04-03,2018,MIA,BOS,2,4,0,230.0,-270.0
2018-04-03,2018,NYY,TBR,11,4,1,-185.0,165.0
2018-04-04,2018,ATL,WSN,7,1,1,179.0,-209.0
2018-04-04,2018,NYM,PHI,4,2,1,-146.0,131.0
2018-04-04,2018,ARI,LAD,3,0,1,116.0,-131.0
2018-04-04,2018,MIL,STL,0,6,0,-105.0,-105.0
2018-04-04,2018,SDP,COL,2,5,0,116.0,-131.0
2018-04-04,2018,NYY,TBR,7,2,1,-267.0,227.0
2018-04-04,2018,HOU,BAL,3,2,1,-166.0,151.0
2018-04-04,2018,LAA,CLE,3,2,1,135.0,-150.0
2018-04-04,2018,TOR,CHW,3,4,0,-223.0,193.0
2018-04-04,2018,ATH,TEX,6,2,1,-160.0,145.0
2018-04-04,2018,PIT,MIN,3,7,0,-121.0,111.0
2018-04-04,2018,SFG,SEA,10,1,1,-140.0,125.0
2018-04-05,2018,WSN,NYM,2,8,0,-155.0,140.0
2018-04-05,2018,PHI,MIA,5,0,1,-145.0,130.0
2018-04-05,2018,SDP,COL,1,3,0,-109.0,-101.0
2018-04-05,2018,PIT,CIN,5,2,1,-162.0,147.0
2018-04-05,2018,STL,ARI,1,3,0,-111.0,101.0
2018-04-05,2018,MIL,CHC,0,8,0,-101.0,-109.0
2018-04-05,2018,BOS,TBR,3,2,1,-230.0,200.0
2018-04-05,2018,ATH,TEX,3,6,0,-155.0,140.0
2018-04-05,2018,MIN,SEA,4,2,1,-105.0,-105.0
2018-04-05,2018,CHW,DET,7,9,0,-119.0,109.0
2018-04-05,2018,NYY,BAL,2,5,0,-265.0,225.0
2018-04-06,2018,COL,ATL,3,8,0,-152.0,137.0
2018-04-06,2018,PIT,CIN,14,3,1,111.0,-121.0
2018-04-06,2018,MIL,CHC,5,4,1,116.0,-131.0
2018-04-06,2018,CLE,KCR,3,2,1,-233.0,203.0
2018-04-06,2018,NYY,BAL,3,7,0,-181.0,161.0
2018-04-06,2018,TEX,TOR,5,8,0,106.0,-116.0
2018-04-06,2018,LAA,ATH,13,9,1,-131.0,116.0
2018-04-06,2018,HOU,SDP,1,4,0,-288.0,248.0
2018-04-07,2018,WSN,NYM,2,3,0,-155.0,140.0
2018-04-07,2018,STL,ARI,5,3,1,-109.0,-101.0
2018-04-07,2018,SFG,LAD,7,5,1,116.0,-126.0
2018-04-07,2018,MIL,CHC,2,5,0,118.0,-133.0
2018-04-07,2018,PHI,MIA,20,1,1,-175.0,155.0
2018-04-07,2018,PIT,CIN,4,7,0,-131.0,116.0
2018-04-07,2018,COL,ATL,3,2,1,-146.0,131.0
2018-04-07,2018,NYY,BAL,8,3,1,-235.0,205.0
2018-04-07,2018,BOS,TBR,10,3,1,-170.0,150.0
2018-04-07,2018,CHW,DET,1,6,0,-119.0,109.0
2018-04-07,2018,MIN,SEA,4,11,0,-164.0,149.0
2018-04-07,2018,CLE,KCR,0,1,0,-245.0,205.0
2018-04-07,2018,TEX,TOR,5,1,1,116.0,-126.0
2018-04-07,2018,LAA,ATH,3,7,0,-114.0,104.0
2018-04-07,2018,HOU,SDP,1,0,1,-325.0,275.0
2018-04-08,2018,PIT,CIN,5,0,1,-155.0,140.0
2018-04-08,2018,PHI,MIA,3,6,0,-200.0,170.0
2018-04-08,2018,MIL,CHC,0,3,0,104.0,-114.0
2018-04-08,2018,STL,ARI,1,4,0,-165.0,150.0
2018-04-08,2018,COL,ATL,0,4,0,-155.0,140.0
2018-04-08,2018,SFG,LAD,1,2,0,205.0,-245.0
2018-04-08,2018,WSN,NYM,5,6,0,-187.0,167.0
2018-04-08,2018,NYY,BAL,7,8,0,-185.0,165.0
2018-04-08,2018,BOS,TBR,8,7,1,-200.0,170.0
2018-04-08,2018,CLE,KCR,3,1,1,-214.0,184.0
2018-04-08,2018,CHW,DET,0,1,0,-175.0,155.0
2018-04-08,2018,TEX,TOR,4,7,0,102.0,-112.0
2018-04-08,2018,LAA,ATH,6,1,1,-190.0,170.0
2018-04-08,2018,HOU,SDP,4,1,1,-277.0,237.0
2018-04-09,2018,PHI,CIN,6,5,1,-131.0,116.0
2018-04-09,2018,WSN,ATL,2,0,1,-254.0,214.0
2018-04-09,2018,STL,MIL,4,5,0,-148.0,133.0
2018-04-09,2018,MIA,NYM,2,4,0,205.0,-235.0
2018-04-09,2018,COL,SDP,6,7,0,-190.0,170.0
2018-04-09,2018,SFG,ARI,1,2,0,-105.0,-105.0
2018-04-09,2018,CLE,DET,2,0,1,-305.0,255.0
2018-04-09,2018,BAL,TOR,1,7,0,-117.0,107.0
2018-04-09,2018,TEX,LAA,3,8,0,121.0,-136.0
2018-04-09,2018,CHW,TBR,4,5,0,125.0,-140.0
2018-04-09,2018,MIN,HOU,0,2,0,130.0,-145.0
2018-04-09,2018,KCR,SEA,10,0,1,-105.0,-105.0
2018-04-10,2018,WSN,ATL,4,1,1,-240.0,200.0
2018-04-10,2018,PHI,CIN,6,1,1,-195.0,175.0
2018-04-10,2018,MIA,NYM,6,8,0,174.0,-194.0
2018-04-10,2018,STL,MIL,5,3,1,-163.0,148.0
2018-04-10,2018,COL,SDP,2,5,0,-150.0,135.0
2018-04-10,2018,SFG,ARI,5,4,1,-102.0,-108.0
2018-04-10,2018,CHW,TBR,5,6,0,100.0,-110.0
2018-04-10,2018,CLE,DET,2,1,1,-212.0,182.0
2018-04-10,2018,BAL,TOR,1,2,0,120.0,-135.0
2018-04-10,2018,BOS,NYY,14,1,1,-132.0,117.0
2018-04-10,2018,TEX,LAA,1,11,0,128.0,-143.0
2018-04-10,2018,MIN,HOU,4,1,1,143.0,-158.0
2018-04-10,2018,KCR,SEA,3,8,0,-105.0,-105.0
2018-04-10,2018,LAD,ATH,4,0,1,-123.0,113.0
2018-04-10,2018,CHC,PIT,5,8,0,-147.0,132.0
2018-04-11,2018,WSN,ATL,3,5,0,-123.0,113.0
2018-04-11,2018,STL,MIL,2,3,0,-141.0,126.0
2018-04-11,2018,COL,SDP,6,4,1,-150.0,135.0
2018-04-11,2018,SFG,ARI,3,7,0,100.0,-110.0
2018-04-11,2018,PHI,CIN,4,3,1,-107.0,-103.0
2018-04-11,2018,MIA,NYM,1,4,0,119.0,-129.0
2018-04-11,2018,CHC,PIT,13,5,1,-160.0,145.0
2018-04-11,2018,MIN,HOU,9,8,1,145.0,-160.0
2018-04-11,2018,CHW,TBR,2,1,1,115.0,-125.0
2018-04-11,2018,KCR,SEA,2,4,0,125.0,-140.0
2018-04-11,2018,CLE,DET,5,1,1,-300.0,250.0
2018-04-11,2018,BAL,TOR,5,3,1,-137.0,122.0
2018-04-11,2018,BOS,NYY,7,10,0,-104.0,-106.0
2018-04-11,2018,TEX,LAA,2,7,0,105.0,-115.0
2018-04-11,2018,LAD,ATH,6,16,0,-178.0,158.0
2018-04-12,2018,CHC,PIT,1,6,0,-175.0,155.0
2018-04-12,2018,CIN,STL,4,13,0,131.0,-146.0
2018-04-12,2018,WSN,COL,1,5,0,-185.0,165.0
2018-04-12,2018,SDP,SFG,0,7,0,124.0,-139.0
2018-04-12,2018,CLE,DET,9,3,1,-225.0,195.0
2018-04-12,2018,BOS,NYY,6,3,1,104.0,-114.0
2018-04-12,2018,MIN,CHW,4,0,1,-245.0,205.0
2018-04-12,2018,KCR,LAA,1,7,0,137.0,-152.0
2018-04-13,2018,CHC,ATL,0,4,0,-196.0,176.0
2018-04-13,2018,CIN,STL,3,5,0,150.0,-170.0
2018-04-13,2018,WSN,COL,1,2,0,-177.0,157.0
2018-04-13,2018,NYM,MIL,6,5,1,-106.0,-104.0
2018-04-13,2018,MIA,PIT,7,2,1,119.0,-129.0
2018-04-13,2018,SDP,SFG,5,1,1,116.0,-131.0
2018-04-13,2018,LAD,ARI,7,8,0,-142.0,127.0
2018-04-13,2018,DET,NYY,6,8,0,162.0,-182.0
2018-04-13,2018,CLE,TOR,4,8,0,-146.0,131.0
2018-04-13,2018,BOS,BAL,7,3,1,-251.0,211.0
2018-04-13,2018,HOU,TEX,3,2,1,-260.0,220.0
2018-04-13,2018,KCR,LAA,4,5,0,150.0,-170.0
2018-04-13,2018,SEA,ATH,7,4,1,119.0,-129.0
2018-04-13,2018,TBR,PHI,1,2,0,-114.0,104.0
2018-04-14,2018,WSN,COL,6,2,1,-184.0,164.0
2018-04-14,2018,CIN,STL,1,6,0,111.0,-121.0
2018-04-14,2018,CHC,ATL,14,10,1,-178.0,158.0
2018-04-14,2018,MIA,PIT,0,1,0,175.0,-195.0
2018-04-14,2018,NYM,MIL,1,5,0,-105.0,-105.0
2018-04-14,2018,SDP,SFG,5,4,1,-108.0,-102.0
2018-04-14,2018,LAD,ARI,1,9,0,-180.0,160.0
2018-04-14,2018,BOS,BAL,10,3,1,-155.0,140.0
2018-04-14,2018,HOU,TEX,5,6,0,-240.0,200.0
2018-04-14,2018,KCR,LAA,3,5,0,148.0,-163.0
2018-04-14,2018,SEA,ATH,10,8,1,-109.0,-101.0
2018-04-14,2018,TBR,PHI,4,9,0,-142.0,127.0
2018-04-15,2018,CIN,STL,2,3,0,165.0,-185.0
2018-04-15,2018,MIA,PIT,3,7,0,124.0,-139.0
2018-04-15,2018,NYM,MIL,3,2,1,-207.0,177.0
2018-04-15,2018,WSN,COL,5,6,0,-205.0,175.0
2018-04-15,2018,LAD,ARI,7,2,1,-210.0,180.0
2018-04-15,2018,SDP,SFG,10,1,1,-135.0,120.0
2018-04-15,2018,BOS,BAL,3,1,1,-225.0,195.0
2018-04-15,2018,SEA,ATH,1,2,0,104.0,-114.0
2018-04-15,2018,HOU,TEX,1,3,0,-338.0,288.0
2018-04-15,2018,TBR,PHI,4,10,0,-138.0,123.0
2018-04-16,2018,PIT,COL,2,6,0,-127.0,117.0
2018-04-16,2018,NYM,WSN,6,8,0,-171.0,151.0
2018-04-16,2018,ATL,PHI,2,1,1,107.0,-117.0
2018-04-16,2018,MIL,CIN,4,10,0,-117.0,107.0
2018-04-16,2018,SDP,LAD,3,10,0,128.0,-143.0
2018-04-16,2018,TBR,TEX,8,4,1,-168.0,153.0
2018-04-16,2018,ATH,CHW,8,1,1,-155.0,140.0
2018-04-16,2018,SEA,HOU,2,1,1,-102.0,-108.0
2018-04-16,2018,NYY,MIA,12,1,1,-342.0,292.0
2018-04-17,2018,PIT,COL,0,2,0,-131.0,116.0
2018-04-17,2018,NYM,WSN,2,5,0,103.0,-113.0
2018-04-17,2018,ATL,PHI,1,5,0,-109.0,-101.0
2018-04-17,2018,MIL,CIN,2,0,1,-149.0,134.0
2018-04-17,2018,CHC,STL,3,5,0,-128.0,118.0
2018-04-17,2018,ARI,SFG,1,0,1,-150.0,135.0
2018-04-17,2018,SDP,LAD,3,7,0,196.0,-226.0
2018-04-17,2018,DET,BAL,4,2,1,100.0,-110.0
2018-04-17,2018,TOR,KCR,5,4,1,-153.0,138.0
2018-04-17,2018,MIN,CLE,1,6,0,170.0,-200.0
2018-04-17,2018,TBR,TEX,2,7,0,-146.0,131.0
2018-04-17,2018,ATH,CHW,10,2,1,-187.0,167.0
2018-04-17,2018,LAA,BOS,1,10,0,-166.0,151.0
2018-04-17,2018,SEA,HOU,1,4,0,172.0,-202.0
2018-04-17,2018,NYY,MIA,1,9,0,-345.0,295.0
2018-04-17,2018,TOR,KCR,11,3,1,-215.0,185.0
2018-04-18,2018,PIT,COL,10,2,1,-123.0,113.0
2018-04-18,2018,MIL,CIN,2,0,1,-139.0,124.0
2018-04-18,2018,NYM,WSN,11,5,1,-109.0,-101.0
2018-04-18,2018,ATL,PHI,7,3,1,-123.0,113.0
2018-04-18,2018,ARI,SFG,3,4,0,-167.0,152.0
2018-04-18,2018,SDP,LAD,4,13,0,150.0,-165.0
2018-04-18,2018,TBR,TEX,4,2,1,117.0,-132.0
2018-04-18,2018,ATH,CHW,12,11,1,-205.0,175.0
2018-04-18,2018,TOR,KCR,15,5,1,-197.0,177.0
2018-04-18,2018,DET,BAL,6,5,1,111.0,-121.0
2018-04-18,2018,MIN,CLE,2,1,1,106.0,-116.0
2018-04-18,2018,LAA,BOS,0,9,0,-101.0,-109.0
2018-04-18,2018,SEA,HOU,1,7,0,160.0,-180.0
2018-04-19,2018,PHI,PIT,7,0,1,107.0,-117.0
2018-04-19,2018,ATL,NYM,12,4,1,-105.0,-105.0
2018-04-19,2018,MIL,MIA,12,3,1,-187.0,167.0
2018-04-19,2018,ARI,SFG,3,1,1,-173.0,153.0
2018-04-19,2018,DET,BAL,13,8,1,101.0,-111.0
2018-04-19,2018,SEA,HOU,2,9,0,165.0,-185.0
2018-04-19,2018,NYY,TOR,4,3,1,-160.0,145.0
2018-04-19,2018,LAA,BOS,2,8,0,101.0,-111.0
2018-04-19,2018,CHC,STL,8,5,1,-123.0,113.0
2018-04-20,2018,PHI,PIT,2,1,1,-106.0,-104.0
2018-04-20,2018,ATL,NYM,3,5,0,125.0,-140.0
2018-04-20,2018,MIL,MIA,8,0,1,-163.0,148.0
2018-04-20,2018,STL,CIN,4,2,1,-215.0,185.0
2018-04-20,2018,COL,CHC,5,16,0,-102.0,-108.0
2018-04-20,2018,ARI,SDP,1,4,0,-111.0,101.0
2018-04-20,2018,LAD,WSN,2,5,0,-151.0,136.0
2018-04-20,2018,NYY,TOR,5,8,0,-193.0,173.0
2018-04-20,2018,BAL,CLE,3,1,1,113.0,-123.0
2018-04-20,2018,DET,KCR,2,3,0,-106.0,-104.0
2018-04-20,2018,TBR,MIN,8,7,1,-135.0,120.0
2018-04-20,2018,TEX,SEA,2,6,0,-130.0,115.0
2018-04-20,2018,CHW,HOU,0,10,0,226.0,-266.0
2018-04-20,2018,ATH,BOS,3,7,0,119.0,-134.0
2018-04-20,2018,LAA,SFG,1,8,0,-155.0,140.0
2018-04-20,2018,DET,KCR,3,2,1,-129.0,119.0
2018-04-21,2018,STL,CIN,4,3,1,-223.0,193.0
2018-04-21,2018,PHI,PIT,6,2,1,-176.0,156.0
2018-04-21,2018,MIL,MIA,6,5,1,-195.0,175.0
2018-04-21,2018,ATL,NYM,4,3,1,148.0,-163.0
2018-04-21,2018,COL,CHC,5,2,1,119.0,-129.0
2018-04-21,2018,ARI,SDP,6,2,1,-170.0,150.0
2018-04-21,2018,LAD,WSN,4,0,1,-101.0,-109.0
2018-04-21,2018,NYY,TOR,9,1,1,-161.0,146.0
2018-04-21,2018,DET,KCR,12,4,1,-109.0,-101.0
2018-04-21,2018,BAL,CLE,0,4,0,175.0,-205.0
2018-04-21,2018,TBR,MIN,10,1,1,-121.0,111.0
2018-04-21,2018,CHW,HOU,1,10,0,189.0,-219.0
2018-04-21,2018,TEX,SEA,7,9,0,156.0,-176.0
2018-04-21,2018,ATH,BOS,3,0,1,155.0,-175.0
2018-04-21,2018,LAA,SFG,4,3,1,-232.0,202.0
2018-04-22,2018,PHI,PIT,3,2,1,-166.0,151.0
2018-04-22,2018,MIL,MIA,4,2,1,-190.0,170.0
2018-04-22,2018,STL,CIN,9,2,1,-150.0,135.0
2018-04-22,2018,COL,CHC,7,9,0,104.0,-114.0
2018-04-22,2018,ARI,SDP,4,2,1,-149.0,134.0
2018-04-22,2018,LAD,WSN,4,3,1,-210.0,180.0
2018-04-22,2018,NYY,TOR,5,1,1,-256.0,216.0
2018-04-22,2018,BAL,CLE,3,7,0,230.0,-270.0
2018-04-22,2018,DET,KCR,5,8,0,-183.0,163.0
2018-04-22,2018,TBR,MIN,8,6,1,-119.0,109.0
2018-04-22,2018,CHW,HOU,1,7,0,170.0,-190.0
2018-04-22,2018,TEX,SEA,7,4,1,105.0,-115.0
2018-04-22,2018,ATH,BOS,4,1,1,119.0,-129.0
2018-04-22,2018,LAA,SFG,2,4,0,-113.0,103.0
2018-04-23,2018,CIN,ATL,10,4,1,108.0,-118.0
2018-04-23,2018,COL,SDP,5,13,0,-199.0,179.0
2018-04-23,2018,LAD,MIA,2,1,1,-245.0,205.0
2018-04-23,2018,SFG,WSN,4,2,1,101.0,-111.0
2018-04-23,2018,NYY,MIN,14,1,1,-200.0,170.0
2018-04-23,2018,BAL,CLE,1,2,0,165.0,-185.0
2018-04-23,2018,TEX,ATH,4,9,0,109.0,-119.0
2018-04-23,2018,HOU,LAA,0,2,0,-203.0,173.0
2018-04-23,2018,CHW,SEA,10,4,1,135.0,-150.0
2018-04-24,2018,CIN,ATL,9,7,1,-101.0,-109.0
2018-04-24,2018,PHI,ARI,4,8,0,-107.0,-103.0
2018-04-24,2018,STL,NYM,5,6,0,-195.0,175.0
2018-04-24,2018,COL,SDP,8,0,1,-155.0,140.0
2018-04-24,2018,LAD,MIA,2,3,0,-260.0,220.0
2018-04-24,2018,SFG,WSN,4,3,1,-101.0,-109.0
2018-04-24,2018,CHW,SEA,0,1,0,114.0,-124.0
2018-04-24,2018,NYY,MIN,8,3,1,-154.0,139.0
2018-04-24,2018,TOR,BOS,4,3,1,-115.0,105.0
2018-04-24,2018,TEX,ATH,2,3,0,-114.0,104.0
2018-04-24,2018,HOU,LAA,7,8,0,-140.0,125.0
2018-04-24,2018,CLE,CHC,3,10,0,-137.0,122.0
2018-04-24,2018,KCR,MIL,2,5,0,116.0,-131.0
2018-04-25,2018,COL,SDP,5,2,1,-170.0,150.0
2018-04-25,2018,SFG,WSN,2,15,0,150.0,-165.0
2018-04-25,2018,CIN,ATL,4,5,0,-103.0,-107.0
2018-04-25,2018,PHI,ARI,5,3,1,-105.0,-105.0
2018-04-25,2018,LAD,MIA,6,8,0,-390.0,330.0
2018-04-25,2018,STL,NYM,9,1,1,-138.0,123.0
2018-04-25,2018,CHW,SEA,3,4,0,123.0,-138.0
2018-04-25,2018,HOU,LAA,5,2,1,-216.0,186.0
2018-04-25,2018,NYY,MIN,7,4,1,-175.0,155.0
2018-04-25,2018,BAL,TBR,4,8,0,-113.0,103.0
2018-04-25,2018,TOR,BOS,3,4,0,133.0,-148.0
2018-04-25,2018,TEX,ATH,4,2,1,-107.0,-103.0
2018-04-25,2018,PIT,DET,8,3,1,-160.0,145.0
2018-04-25,2018,CLE,CHC,4,1,1,-138.0,123.0
2018-04-25,2018,KCR,MIL,2,6,0,-105.0,-105.0
2018-04-25,2018,PIT,DET,10,13,0,-207.0,177.0
2018-04-26,2018,CIN,ATL,4,7,0,119.0,-134.0
2018-04-26,2018,PHI,ARI,2,8,0,-128.0,118.0
2018-04-26,2018,STL,NYM,4,3,1,-105.0,-105.0
2018-04-26,2018,CHC,MIL,1,0,1,-165.0,150.0
2018-04-26,2018,NYY,MIN,4,3,1,-215.0,185.0
2018-04-26,2018,CLE,SEA,4,5,0,-111.0,101.0
2018-04-26,2018,BAL,TBR,5,9,0,-138.0,123.0
2018-04-26,2018,TOR,BOS,4,5,0,192.0,-222.0
2018-04-26,2018,KCR,CHW,3,6,0,-173.0,153.0
2018-04-26,2018,PIT,DET,1,0,1,-158.0,143.0
2018-04-27,2018,CHC,MIL,3,2,1,-165.0,150.0
2018-04-27,2018,WSN,ARI,4,5,0,-144.0,129.0
2018-04-27,2018,PHI,ATL,7,3,1,-166.0,151.0
2018-04-27,2018,PIT,STL,6,5,1,114.0,-124.0
2018-04-27,2018,MIA,COL,0,1,0,117.0,-127.0
2018-04-27,2018,SDP,NYM,1,5,0,152.0,-167.0
2018-04-27,2018,SFG,LAD,6,4,1,111.0,-121.0
2018-04-27,2018,BAL,DET,6,0,1,-126.0,116.0
2018-04-27,2018,TOR,TEX,4,6,0,-147.0,132.0
2018-04-27,2018,CLE,SEA,6,5,1,-260.0,220.0
2018-04-27,2018,BOS,TBR,3,4,0,-155.0,140.0
2018-04-27,2018,HOU,ATH,1,8,0,-181.0,161.0
2018-04-27,2018,KCR,CHW,4,7,0,-109.0,-101.0
2018-04-27,2018,LAA,NYY,3,4,0,123.0,-138.0
2018-04-27,2018,MIN,CIN,9,15,0,-111.0,101.0
2018-04-28,2018,CHC,MIL,3,0,1,-168.0,153.0
2018-04-28,2018,WSN,ARI,3,4,0,116.0,-131.0
2018-04-28,2018,PHI,ATL,1,4,0,-119.0,109.0
2018-04-28,2018,PIT,STL,6,2,1,118.0,-128.0
2018-04-28,2018,MIA,COL,4,1,1,105.0,-115.0
2018-04-28,2018,SDP,NYM,12,2,1,-143.0,128.0
2018-04-28,2018,SFG,LAD,8,3,1,100.0,-110.0
2018-04-28,2018,BOS,TBR,6,12,0,-215.0,185.0
2018-04-28,2018,TOR,TEX,4,7,0,-153.0,138.0
2018-04-28,2018,CLE,SEA,4,12,0,-230.0,200.0
2018-04-28,2018,BAL,DET,5,9,0,-140.0,125.0
2018-04-28,2018,HOU,ATH,11,0,1,-223.0,193.0
2018-04-28,2018,KCR,CHW,5,2,1,-148.0,133.0
2018-04-28,2018,LAA,NYY,1,11,0,-102.0,-108.0
2018-04-28,2018,MIN,CIN,3,1,1,-148.0,133.0
2018-04-28,2018,KCR,CHW,0,8,0,-132.0,117.0
2018-04-28,2018,SFG,LAD,6,15,0,150.0,-165.0
2018-04-29,2018,MIA,COL,3,0,1,101.0,-111.0
2018-04-29,2018,WSN,ARI,3,1,1,-118.0,108.0
2018-04-29,2018,PIT,STL,5,0,1,111.0,-121.0
2018-04-29,2018,PHI,ATL,1,10,0,-111.0,101.0
2018-04-29,2018,CHC,MIL,2,0,1,-152.0,137.0
2018-04-29,2018,SFG,LAD,4,2,1,127.0,-142.0
2018-04-29,2018,SDP,NYM,2,14,0,125.0,-140.0
2018-04-29,2018,BOS,TBR,4,3,1,-215.0,185.0
2018-04-29,2018,BAL,DET,5,3,1,-160.0,145.0
2018-04-29,2018,TOR,TEX,7,2,1,-245.0,205.0
2018-04-29,2018,CLE,SEA,4,10,0,-109.0,-101.0
2018-04-29,2018,HOU,ATH,8,4,1,-205.0,175.0
2018-04-29,2018,KCR,CHW,5,4,1,-115.0,105.0
2018-04-29,2018,LAA,NYY,1,2,0,-124.0,114.0
2018-04-29,2018,MIN,CIN,2,8,0,-190.0,170.0
2018-04-30,2018,WSN,PIT,3,2,1,-116.0,106.0
2018-04-30,2018,MIA,PHI,8,4,1,138.0,-153.0
2018-04-30,2018,CIN,MIL,5,6,0,109.0,-119.0
2018-04-30,2018,CHC,COL,3,2,1,-200.0,170.0
2018-04-30,2018,ARI,LAD,8,5,1,-146.0,131.0
2018-04-30,2018,SFG,SDP,6,5,1,-170.0,150.0
2018-04-30,2018,CLE,TEX,7,5,1,-186.0,166.0
2018-04-30,2018,DET,TBR,2,3,0,119.0,-134.0
2018-04-30,2018,BOS,KCR,10,6,1,-240.0,200.0
2018-04-30,2018,HOU,NYY,2,1,1,-177.0,157.0
2018-04-30,2018,MIN,TOR,5,7,0,-118.0,108.0
2018-05-01,2018,WSN,PIT,12,4,1,-235.0,205.0
2018-05-01,2018,MIA,PHI,2,1,1,-102.0,-108.0
2018-05-01,2018,NYM,ATL,2,3,0,-183.0,163.0
2018-05-01,2018,CIN,MIL,6,7,0,109.0,-119.0
2018-05-01,2018,CHC,COL,1,3,0,-153.0,138.0
2018-05-01,2018,ARI,LAD,4,3,1,175.0,-205.0
2018-05-01,2018,SFG,SDP,2,3,0,-144.0,129.0
2018-05-01,2018,CLE,TEX,6,8,0,-195.0,175.0
2018-05-01,2018,DET,TBR,2,1,1,148.0,-163.0
2018-05-01,2018,BOS,KCR,6,7,0,-325.0,275.0
2018-05-01,2018,HOU,NYY,0,4,0,-170.0,150.0
2018-05-01,2018,MIN,TOR,4,7,0,-127.0,117.0
2018-05-01,2018,LAA,BAL,3,2,1,-190.0,170.0
2018-05-01,2018,SEA,ATH,6,3,1,-115.0,105.0
2018-05-01,2018,STL,CHW,3,2,1,-240.0,200.0
2018-05-02,2018,CHC,COL,2,11,0,-225.0,195.0
2018-05-02,2018,SFG,SDP,9,4,1,-118.0,108.0
2018-05-02,2018,WSN,PIT,9,3,1,-190.0,170.0
2018-05-02,2018,NYM,ATL,0,7,0,-151.0,136.0
2018-05-02,2018,MIA,PHI,0,6,0,157.0,-177.0
2018-05-02,2018,CIN,MIL,1,3,0,101.0,-111.0
2018-05-02,2018,ARI,LAD,1,2,0,-108.0,-102.0
2018-05-02,2018,BOS,KCR,5,4,1,-180.0,160.0
2018-05-02,2018,DET,TBR,3,2,1,118.0,-128.0
2018-05-02,2018,MIN,TOR,4,0,1,-102.0,-108.0
2018-05-02,2018,CLE,TEX,12,4,1,-302.0,252.0
2018-05-02,2018,HOU,NYY,0,4,0,119.0,-129.0
2018-05-02,2018,LAA,BAL,10,7,1,-152.0,137.0
2018-05-02,2018,SEA,ATH,2,3,0,-172.0,152.0
2018-05-02,2018,STL,CHW,3,2,1,-260.0,220.0
2018-05-03,2018,WSN,PIT,3,1,1,-136.0,121.0
2018-05-03,2018,NYM,ATL,0,11,0,-115.0,105.0
2018-05-03,2018,ARI,LAD,2,5,0,-158.0,143.0
2018-05-03,2018,HOU,NYY,5,6,0,-115.0,105.0
2018-05-03,2018,KCR,DET,10,6,1,-138.0,123.0
2018-05-03,2018,TEX,BOS,11,5,1,137.0,-152.0
2018-05-03,2018,CHW,MIN,6,5,1,116.0,-126.0
2018-05-03,2018,LAA,BAL,12,3,1,-175.0,155.0
2018-05-03,2018,SEA,ATH,4,1,1,105.0,-115.0
2018-05-03,2018,CLE,TOR,11,13,0,-180.0,160.0
2018-05-03,2018,CLE,TOR,13,4,1,-150.0,135.0
2018-05-04,2018,WSN,PHI,7,3,1,-128.0,118.0
2018-05-04,2018,CIN,MIA,4,1,1,-107.0,-103.0
2018-05-04,2018,NYM,COL,7,8,0,-121.0,111.0
2018-05-04,2018,ATL,SFG,4,9,0,-150.0,135.0
2018-05-04,2018,MIL,PIT,4,6,0,-114.0,104.0
2018-05-04,2018,STL,CHC,3,2,1,-111.0,101.0
2018-05-04,2018,SDP,LAD,0,4,0,116.0,-126.0
2018-05-04,2018,NYY,CLE,7,6,1,-210.0,180.0
2018-05-04,2018,TBR,TOR,6,2,1,142.0,-157.0
2018-05-04,2018,TEX,BOS,1,5,0,152.0,-172.0
2018-05-04,2018,CHW,MIN,4,6,0,147.0,-162.0
2018-05-04,2018,KCR,DET,4,2,1,-145.0,130.0
2018-05-04,2018,ATH,BAL,6,4,1,-188.0,168.0
2018-05-04,2018,SEA,LAA,0,5,0,107.0,-117.0
2018-05-04,2018,ARI,HOU,0,8,0,170.0,-190.0
2018-05-05,2018,STL,CHC,8,6,1,-127.0,117.0
2018-05-05,2018,WSN,PHI,1,3,0,-140.0,125.0
2018-05-05,2018,MIL,PIT,5,3,1,-101.0,-109.0
2018-05-05,2018,CIN,MIA,0,6,0,-124.0,114.0
2018-05-05,2018,SDP,LAD,7,4,1,195.0,-225.0
2018-05-05,2018,NYM,COL,0,2,0,-122.0,112.0
2018-05-05,2018,ATL,SFG,2,11,0,-127.0,117.0
2018-05-05,2018,NYY,CLE,5,2,1,-105.0,-105.0
2018-05-05,2018,KCR,DET,2,3,0,-165.0,150.0
2018-05-05,2018,TBR,TOR,5,3,1,-109.0,-101.0
2018-05-05,2018,CHW,MIN,4,8,0,113.0,-123.0
2018-05-05,2018,TEX,BOS,5,6,0,138.0,-153.0
2018-05-05,2018,ATH,BAL,2,0,1,-145.0,130.0
2018-05-05,2018,SEA,LAA,9,8,1,-101.0,-109.0
2018-05-05,2018,ARI,HOU,4,3,1,117.0,-127.0
2018-05-06,2018,NYM,COL,2,3,0,-215.0,185.0
2018-05-06,2018,ATL,SFG,3,4,0,-145.0,130.0
2018-05-06,2018,WSN,PHI,5,4,1,-222.0,192.0
2018-05-06,2018,MIL,PIT,0,9,0,-126.0,116.0
2018-05-06,2018,CIN,MIA,5,8,0,-134.0,119.0
2018-05-06,2018,SDP,LAD,3,0,1,130.0,-145.0
2018-05-06,2018,STL,CHC,4,3,1,100.0,-110.0
2018-05-06,2018,NYY,CLE,7,4,1,-127.0,117.0
2018-05-06,2018,TBR,TOR,1,2,0,-135.0,120.0
2018-05-06,2018,CHW,MIN,3,5,0,142.0,-157.0
2018-05-06,2018,KCR,DET,4,2,1,-142.0,127.0
2018-05-06,2018,TEX,BOS,1,6,0,200.0,-240.0
2018-05-06,2018,ATH,BAL,2,1,1,-170.0,150.0
2018-05-06,2018,SEA,LAA,2,8,0,117.0,-132.0
2018-05-06,2018,ARI,HOU,3,1,1,189.0,-219.0
2018-05-07,2018,PHI,SFG,11,0,1,112.0,-122.0
2018-05-07,2018,CIN,NYM,6,7,0,-105.0,-105.0
2018-05-07,2018,CHC,MIA,14,2,1,-215.0,185.0
2018-05-07,2018,SDP,WSN,5,8,0,157.0,-177.0
2018-05-07,2018,TEX,DET,7,6,1,189.5,-219.5
2018-05-07,2018,ATH,HOU,2,16,0,120.0,-135.0
2018-05-07,2018,STL,MIN,0,6,0,-114.0,104.0
2018-05-08,2018,PHI,SFG,4,2,1,-175.0,155.0
2018-05-08,2018,CIN,NYM,7,2,1,-152.0,137.0
2018-05-08,2018,CHC,MIA,4,3,1,-162.0,147.0
2018-05-08,2018,SDP,WSN,0,4,0,106.0,-116.0
2018-05-08,2018,LAD,ARI,5,8,0,-118.0,108.0
2018-05-08,2018,NYY,BOS,3,2,1,-240.0,200.0
2018-05-08,2018,BAL,KCR,7,15,0,-158.0,143.0
2018-05-08,2018,TOR,SEA,0,5,0,110.0,-120.0
2018-05-08,2018,TEX,DET,4,7,0,-174.0,154.0
2018-05-08,2018,ATH,HOU,2,4,0,140.0,-155.0
2018-05-08,2018,STL,MIN,1,7,0,-175.0,155.0
2018-05-08,2018,TBR,ATL,0,1,0,-129.0,119.0
2018-05-08,2018,MIL,CLE,3,2,1,137.0,-152.0
2018-05-08,2018,CHW,PIT,6,10,0,131.0,-146.0
2018-05-08,2018,COL,LAA,4,2,1,-121.0,111.0
2018-05-09,2018,CIN,NYM,2,1,1,-105.0,-105.0
2018-05-09,2018,CHC,MIA,13,4,1,-244.0,204.0
2018-05-09,2018,PHI,SFG,11,3,1,-111.0,101.0
2018-05-09,2018,SDP,WSN,2,1,1,116.0,-131.0
2018-05-09,2018,LAD,ARI,6,3,1,-121.0,111.0
2018-05-09,2018,TEX,DET,5,4,1,-175.0,155.0
2018-05-09,2018,ATH,HOU,1,4,0,156.0,-176.0
2018-05-09,2018,BAL,KCR,5,3,1,-114.0,104.0
2018-05-09,2018,NYY,BOS,9,6,1,-141.0,126.0
2018-05-09,2018,TOR,SEA,5,2,1,-111.0,101.0
2018-05-09,2018,MIL,CLE,2,6,0,145.0,-160.0
2018-05-09,2018,CHW,PIT,5,6,0,-101.0,-109.0
2018-05-09,2018,COL,LAA,0,8,0,-138.0,123.0
2018-05-09,2018,TBR,ATL,2,5,0,-106.0,-104.0
2018-05-10,2018,PHI,SFG,6,3,1,-175.0,155.0
2018-05-10,2018,MIA,ATL,2,9,0,-105.0,-105.0
2018-05-10,2018,COL,MIL,2,5,0,-146.0,131.0
2018-05-10,2018,ARI,WSN,1,2,0,-147.0,132.0
2018-05-10,2018,LAD,CIN,1,4,0,-192.0,172.0
2018-05-10,2018,SDP,STL,1,2,0,140.0,-155.0
2018-05-10,2018,BAL,KCR,11,6,1,-105.0,-105.0
2018-05-10,2018,NYY,BOS,4,5,0,-122.0,112.0
2018-05-10,2018,TOR,SEA,3,9,0,-158.0,143.0
2018-05-10,2018,LAA,MIN,7,4,1,-161.0,146.0
2018-05-11,2018,PHI,NYM,1,3,0,-163.0,148.0
2018-05-11,2018,PIT,SFG,11,2,1,-119.0,109.0
2018-05-11,2018,MIA,ATL,6,3,1,123.0,-138.0
2018-05-11,2018,COL,MIL,10,11,0,-111.0,101.0
2018-05-11,2018,ARI,WSN,1,3,0,175.0,-195.0
2018-05-11,2018,SDP,STL,5,9,0,130.0,-145.0
2018-05-11,2018,LAD,CIN,2,6,0,-200.0,170.0
2018-05-11,2018,BAL,TBR,9,4,1,-133.0,118.0
2018-05-11,2018,NYY,ATH,5,10,0,-187.0,167.0
2018-05-11,2018,TOR,BOS,5,3,1,170.0,-190.0
2018-05-11,2018,CLE,KCR,9,10,0,-240.0,200.0
2018-05-11,2018,HOU,TEX,0,1,0,-272.0,232.0
2018-05-11,2018,LAA,MIN,4,5,0,-206.0,176.0
2018-05-11,2018,CHC,CHW,11,2,1,-244.0,204.0
2018-05-12,2018,ARI,WSN,1,2,0,160.0,-180.0
2018-05-12,2018,PIT,SFG,6,5,1,-120.0,110.0
2018-05-12,2018,MIA,ATL,5,10,0,122.0,-137.0
2018-05-12,2018,COL,MIL,4,0,1,-121.0,111.0
2018-05-12,2018,SDP,STL,2,1,1,107.0,-117.0
2018-05-12,2018,LAD,CIN,3,5,0,-177.0,157.0
2018-05-12,2018,NYY,ATH,7,6,1,-190.0,170.0
2018-05-12,2018,TOR,BOS,2,5,0,129.0,-144.0
2018-05-12,2018,CLE,KCR,6,2,1,-200.0,170.0
2018-05-12,2018,DET,SEA,4,3,1,140.0,-155.0
2018-05-12,2018,BAL,TBR,3,10,0,-121.0,111.0
2018-05-12,2018,HOU,TEX,6,1,1,-225.0,195.0
2018-05-12,2018,LAA,MIN,3,5,0,-116.0,106.0
2018-05-12,2018,CHC,CHW,8,4,1,-258.0,218.0
2018-05-12,2018,BAL,TBR,6,3,1,118.0,-128.0
2018-05-12,2018,DET,SEA,5,9,0,105.0,-115.0
2018-05-13,2018,MIA,ATL,3,4,0,130.0,-145.0
2018-05-13,2018,PHI,NYM,4,2,1,-123.0,113.0
2018-05-13,2018,PIT,SFG,0,5,0,-145.0,130.0
2018-05-13,2018,COL,MIL,3,7,0,-160.0,145.0
2018-05-13,2018,SDP,STL,5,3,1,119.0,-129.0
2018-05-13,2018,LAD,CIN,3,5,0,-153.0,138.0
2018-05-13,2018,ARI,WSN,4,6,0,-121.0,111.0
2018-05-13,2018,NYY,ATH,6,2,1,-315.0,265.0
2018-05-13,2018,BAL,TBR,17,1,1,-119.0,109.0
2018-05-13,2018,TOR,BOS,3,5,0,118.0,-128.0
2018-05-13,2018,CLE,KCR,11,2,1,-261.0,221.0
2018-05-13,2018,DET,SEA,5,4,1,196.0,-226.0
2018-05-13,2018,HOU,TEX,6,1,1,-290.0,250.0
2018-05-13,2018,LAA,MIN,2,1,1,-173.0,153.0
2018-05-13,2018,CHC,CHW,3,5,0,-275.0,235.0
2018-05-14,2018,ARI,MIL,2,7,0,-145.0,130.0
2018-05-14,2018,SDP,COL,4,6,0,-110.0,100.0
2018-05-14,2018,SFG,CIN,10,7,1,-142.0,127.0
2018-05-14,2018,KCR,TBR,1,2,0,-105.0,-105.0
2018-05-14,2018,DET,CLE,6,3,1,235.0,-275.0
2018-05-14,2018,BOS,ATH,5,6,0,-156.0,141.0
2018-05-14,2018,LAA,HOU,2,1,1,118.0,-128.0
2018-05-14,2018,MIN,SEA,0,1,0,-106.0,-104.0
2018-05-14,2018,CHC,ATL,5,6,0,-150.0,135.0
2018-05-15,2018,SDP,COL,4,0,1,-105.0,-105.0
2018-05-15,2018,MIA,LAD,4,2,1,161.0,-181.0
2018-05-15,2018,ATL,CHC,2,3,0,109.0,-119.0
2018-05-15,2018,ARI,MIL,2,1,1,-162.0,147.0
2018-05-15,2018,SFG,CIN,5,3,1,-144.0,129.0
2018-05-15,2018,BOS,ATH,3,5,0,-185.0,165.0
2018-05-15,2018,DET,CLE,9,8,1,138.0,-153.0
2018-05-15,2018,KCR,TBR,5,6,0,104.0,-114.0
2018-05-15,2018,LAA,HOU,3,5,0,150.0,-165.0
2018-05-15,2018,SEA,TEX,9,8,1,-134.0,119.0
2018-05-15,2018,WSN,NYY,3,3,0,118.0,-128.0
2018-05-15,2018,PIT,CHW,7,0,1,-133.0,118.0
2018-05-15,2018,NYM,TOR,12,2,1,-145.0,130.0
2018-05-15,2018,MIN,STL,4,1,1,-119.0,109.0
2018-05-16,2018,ARI,MIL,2,8,0,-109.0,-101.0
2018-05-16,2018,SFG,CIN,3,6,0,-158.0,143.0
2018-05-16,2018,MIA,LAD,6,5,1,170.0,-200.0
2018-05-16,2018,ATL,CHC,4,1,1,-111.0,101.0
2018-05-16,2018,DET,CLE,0,6,0,202.0,-232.0
2018-05-16,2018,KCR,TBR,3,5,0,105.0,-115.0
2018-05-16,2018,SEA,TEX,1,5,0,-103.0,-107.0
2018-05-16,2018,BOS,ATH,6,4,1,-260.0,220.0
2018-05-16,2018,LAA,HOU,0,2,0,105.0,-115.0
2018-05-16,2018,BAL,PHI,1,4,0,-101.0,-109.0
2018-05-16,2018,PIT,CHW,3,2,1,-175.0,155.0
2018-05-16,2018,NYM,TOR,1,12,0,134.0,-149.0
2018-05-16,2018,MIN,STL,5,7,0,-108.0,-102.0
2018-05-17,2018,MIA,LAD,0,7,0,150.0,-165.0
2018-05-17,2018,PIT,SDP,5,4,1,-128.0,118.0
2018-05-17,2018,STL,PHI,2,6,0,-135.0,120.0
2018-05-17,2018,SFG,COL,3,5,0,-143.0,128.0
2018-05-17,2018,TOR,ATH,5,10,0,-116.0,106.0
2018-05-17,2018,CHW,TEX,4,2,1,104.0,-114.0
2018-05-17,2018,LAA,TBR,1,7,0,-170.0,150.0
2018-05-17,2018,SEA,DET,2,3,0,-180.0,160.0
2018-05-17,2018,BOS,BAL,6,2,1,-160.0,145.0
2018-05-18,2018,PIT,SDP,2,3,0,-119.0,109.0
2018-05-18,2018,NYM,ARI,3,1,1,-144.0,129.0
2018-05-18,2018,CIN,CHC,1,8,0,157.0,-177.0
2018-05-18,2018,ATL,MIA,0,2,0,-170.0,150.0
2018-05-18,2018,STL,PHI,12,4,1,-141.0,126.0
2018-05-18,2018,SFG,COL,1,6,0,-113.0,103.0
2018-05-18,2018,TOR,ATH,1,3,0,-126.0,116.0
2018-05-18,2018,BOS,BAL,4,7,0,-185.0,165.0
2018-05-18,2018,HOU,CLE,4,1,1,-170.0,150.0
2018-05-18,2018,CHW,TEX,5,12,0,105.0,-115.0
2018-05-18,2018,KCR,NYY,5,2,1,165.0,-185.0
2018-05-18,2018,LAA,TBR,3,8,0,-145.0,130.0
2018-05-18,2018,SEA,DET,5,4,1,-175.0,155.0
2018-05-18,2018,MIN,MIL,3,8,0,-147.0,132.0
2018-05-19,2018,STL,PHI,6,7,0,-109.0,-101.0
2018-05-19,2018,SFG,COL,9,4,1,103.0,-113.0
2018-05-19,2018,WSN,LAD,4,5,0,-220.0,190.0
2018-05-19,2018,PIT,SDP,2,6,0,-145.0,130.0
2018-05-19,2018,NYM,ARI,5,4,1,116.0,-131.0
2018-05-19,2018,ATL,MIA,8,1,1,-205.0,175.0
2018-05-19,2018,CIN,CHC,0,10,0,163.0,-183.0
2018-05-19,2018,TOR,ATH,4,5,0,-101.0,-109.0
2018-05-19,2018,HOU,CLE,4,5,0,-111.0,101.0
2018-05-19,2018,BOS,BAL,6,3,1,-190.0,170.0
2018-05-19,2018,CHW,TEX,5,3,1,111.0,-121.0
2018-05-19,2018,KCR,NYY,3,8,0,242.0,-282.0
2018-05-19,2018,LAA,TBR,3,5,0,-180.0,160.0
2018-05-19,2018,SEA,DET,7,2,1,-270.0,230.0
2018-05-19,2018,MIN,MIL,4,5,0,-106.0,-104.0
2018-05-19,2018,CIN,CHC,5,4,1,111.0,-121.0
2018-05-19,2018,WSN,LAD,1,4,0,-126.0,116.0
2018-05-20,2018,NYM,ARI,4,1,1,-185.0,165.0
2018-05-20,2018,CIN,CHC,1,6,0,125.0,-140.0
2018-05-20,2018,ATL,MIA,10,9,1,-190.0,170.0
2018-05-20,2018,PIT,SDP,5,8,0,-144.0,129.0
2018-05-20,2018,WSN,LAD,2,7,0,-133.0,118.0
2018-05-20,2018,STL,PHI,5,1,1,101.0,-111.0
2018-05-20,2018,SFG,COL,9,5,1,266.0,-316.0
2018-05-20,2018,BOS,BAL,5,0,1,-235.0,205.0
2018-05-20,2018,TOR,ATH,2,9,0,-105.0,-105.0
2018-05-20,2018,CHW,TEX,3,0,1,-108.0,-102.0
2018-05-20,2018,KCR,NYY,1,10,0,151.0,-171.0
2018-05-20,2018,LAA,TBR,5,2,1,-197.0,177.0
2018-05-20,2018,SEA,DET,3,2,1,-162.0,147.0
2018-05-20,2018,HOU,CLE,3,1,1,-145.0,130.0
2018-05-20,2018,MIN,MIL,3,1,1,-119.0,109.0
2018-05-21,2018,WSN,SDP,10,2,1,-180.0,160.0
2018-05-21,2018,PHI,ATL,3,0,1,-101.0,-109.0
2018-05-21,2018,NYM,MIA,2,0,1,-126.0,116.0
2018-05-21,2018,MIL,ARI,4,2,1,120.0,-135.0
2018-05-21,2018,LAD,COL,1,2,0,-186.0,166.0
2018-05-21,2018,TEX,NYY,5,10,0,185.0,-215.0
2018-05-21,2018,CHW,BAL,2,3,0,-311.0,261.0
2018-05-21,2018,MIN,DET,4,2,1,-215.0,185.0
2018-05-21,2018,STL,KCR,6,0,1,-215.0,185.0
2018-05-22,2018,PHI,ATL,1,3,0,-117.0,107.0
2018-05-22,2018,WSN,SDP,2,1,1,-197.0,177.0
2018-05-22,2018,NYM,MIA,1,5,0,-112.0,102.0
2018-05-22,2018,CIN,PIT,7,2,1,104.0,-114.0
2018-05-22,2018,MIL,ARI,1,0,1,-142.0,127.0
2018-05-22,2018,LAD,COL,5,3,1,-145.0,130.0
2018-05-22,2018,TOR,LAA,5,3,1,106.0,-116.0
2018-05-22,2018,TBR,BOS,2,4,0,205.0,-235.0
2018-05-22,2018,TEX,NYY,6,4,1,152.0,-167.0
2018-05-22,2018,CHW,BAL,3,2,1,117.0,-132.0
2018-05-22,2018,MIN,DET,6,0,1,-172.0,152.0
2018-05-22,2018,ATH,SEA,2,3,0,-140.0,125.0
2018-05-22,2018,CHC,CLE,1,10,0,108.0,-118.0
2018-05-22,2018,HOU,SFG,11,2,1,-244.0,204.0
2018-05-22,2018,STL,KCR,1,5,0,-194.0,174.0
2018-05-23,2018,MIL,ARI,9,2,1,-111.0,101.0
2018-05-23,2018,WSN,SDP,1,3,0,-149.0,134.0
2018-05-23,2018,PHI,ATL,4,0,1,-118.0,108.0
2018-05-23,2018,CIN,PIT,4,5,0,105.0,-115.0
2018-05-23,2018,NYM,MIA,1,2,0,-240.0,200.0
2018-05-23,2018,LAD,COL,3,0,1,-185.0,165.0
2018-05-23,2018,MIN,DET,1,4,0,-154.0,139.0
2018-05-23,2018,TEX,NYY,12,10,1,176.0,-206.0
2018-05-23,2018,TOR,LAA,4,5,0,116.0,-126.0
2018-05-23,2018,TBR,BOS,1,4,0,126.0,-141.0
2018-05-23,2018,CHW,BAL,11,1,1,109.0,-119.0
2018-05-23,2018,ATH,SEA,0,1,0,-112.0,102.0
2018-05-23,2018,STL,KCR,2,5,0,-158.0,143.0
2018-05-23,2018,HOU,SFG,4,1,1,-316.0,266.0
2018-05-23,2018,CHC,CLE,0,1,0,-173.0,153.0
2018-05-24,2018,CIN,PIT,5,4,1,-113.0,103.0
2018-05-24,2018,MIL,NYM,0,5,0,-160.0,145.0
2018-05-24,2018,TOR,LAA,1,8,0,117.0,-132.0
2018-05-24,2018,CHW,BAL,3,9,0,136.0,-151.0
2018-05-24,2018,ATH,SEA,4,3,1,-135.0,120.0
2018-05-24,2018,CLE,HOU,2,8,0,109.0,-119.0
2018-05-24,2018,TBR,BOS,6,3,1,106.0,-116.0
2018-05-24,2018,TEX,KCR,2,8,0,104.0,-114.0
2018-05-25,2018,CHC,SFG,6,2,1,-235.0,205.0
2018-05-25,2018,PIT,STL,8,1,1,-129.0,119.0
2018-05-25,2018,MIA,WSN,5,9,0,200.0,-240.0
2018-05-25,2018,MIL,NYM,4,3,1,109.0,-119.0
2018-05-25,2018,COL,CIN,5,4,1,-195.0,175.0
2018-05-25,2018,LAD,SDP,4,1,1,-187.0,167.0
2018-05-25,2018,NYY,LAA,2,1,1,-235.0,205.0
2018-05-25,2018,DET,CHW,5,4,1,-109.0,-101.0
2018-05-25,2018,TBR,BAL,0,2,0,-160.0,145.0
2018-05-25,2018,CLE,HOU,2,11,0,-155.0,140.0
2018-05-25,2018,TEX,KCR,8,4,1,-142.0,127.0
2018-05-25,2018,SEA,MIN,2,1,1,-160.0,145.0
2018-05-25,2018,PHI,TOR,5,6,0,109.0,-119.0
2018-05-25,2018,BOS,ATL,6,2,1,-186.0,166.0
2018-05-25,2018,ATH,ARI,1,7,0,-140.0,125.0
2018-05-26,2018,PIT,STL,1,4,0,-106.0,-104.0
2018-05-26,2018,MIL,NYM,17,6,1,-143.0,128.0
2018-05-26,2018,MIA,WSN,1,4,0,135.0,-150.0
2018-05-26,2018,CHC,SFG,4,5,0,-240.0,200.0
2018-05-26,2018,COL,CIN,5,6,0,-176.0,156.0
2018-05-26,2018,LAD,SDP,5,7,0,-225.0,195.0
2018-05-26,2018,TEX,KCR,4,3,1,-138.0,123.0
2018-05-26,2018,DET,CHW,4,8,0,-104.0,-106.0
2018-05-26,2018,TBR,BAL,5,1,1,-143.0,128.0
2018-05-26,2018,NYY,LAA,4,11,0,-155.0,140.0
2018-05-26,2018,CLE,HOU,8,6,1,-109.0,-101.0
2018-05-26,2018,SEA,MIN,4,3,1,-127.0,117.0
2018-05-26,2018,BOS,ATL,8,6,1,-125.0,115.0
2018-05-26,2018,PHI,TOR,2,1,1,-181.0,161.0
2018-05-26,2018,ATH,ARI,3,0,1,-166.0,151.0
2018-05-27,2018,MIA,WSN,2,5,0,185.0,-215.0
2018-05-27,2018,PIT,STL,4,6,0,-116.0,106.0
2018-05-27,2018,MIL,NYM,8,7,1,-140.0,125.0
2018-05-27,2018,COL,CIN,8,2,1,-170.0,150.0
2018-05-27,2018,LAD,SDP,6,1,1,-255.0,215.0
2018-05-27,2018,CHC,SFG,8,3,1,-178.0,158.0
2018-05-27,2018,NYY,LAA,3,1,1,-161.0,146.0
2018-05-27,2018,DET,CHW,3,2,1,-134.0,119.0
2018-05-27,2018,TBR,BAL,8,3,1,-109.0,-101.0
2018-05-27,2018,CLE,HOU,10,9,1,114.0,-124.0
2018-05-27,2018,TEX,KCR,3,5,0,-200.0,170.0
2018-05-27,2018,SEA,MIN,3,1,1,117.0,-127.0
2018-05-27,2018,BOS,ATL,1,7,0,-215.0,185.0
2018-05-27,2018,PHI,TOR,3,5,0,101.0,-111.0
2018-05-27,2018,ATH,ARI,2,1,1,111.0,-121.0
2018-05-28,2018,PIT,CHC,0,7,0,-105.0,-105.0
2018-05-28,2018,ATL,NYM,4,3,1,-311.0,261.0
2018-05-28,2018,MIL,STL,8,3,1,-109.0,-101.0
2018-05-28,2018,SDP,MIA,2,7,0,-116.0,106.0
2018-05-28,2018,ARI,CIN,12,5,1,-114.0,104.0
2018-05-28,2018,COL,SFG,6,5,1,-111.0,101.0
2018-05-28,2018,LAD,PHI,5,4,1,-138.0,123.0
2018-05-28,2018,NYY,HOU,1,5,0,100.0,-110.0
2018-05-28,2018,BOS,TOR,8,3,1,-180.0,160.0
2018-05-28,2018,DET,LAA,9,3,1,156.0,-176.0
2018-05-28,2018,ATH,TBR,0,1,0,-129.0,119.0
2018-05-28,2018,CLE,CHW,9,6,1,-180.0,160.0
2018-05-28,2018,SEA,TEX,2,1,1,-175.0,155.0
2018-05-28,2018,KCR,MIN,5,8,0,118.0,-128.0
2018-05-28,2018,BAL,WSN,0,6,0,119.0,-129.0
2018-05-28,2018,ATL,NYM,5,8,0,-170.0,150.0
2018-05-29,2018,PIT,CHC,6,8,0,120.0,-135.0
2018-05-29,2018,ATL,NYM,7,6,1,-136.0,121.0
2018-05-29,2018,MIL,STL,1,6,0,-115.0,105.0
2018-05-29,2018,COL,SFG,11,4,1,-146.0,131.0
2018-05-29,2018,ARI,CIN,5,2,1,-110.0,100.0
2018-05-29,2018,SDP,MIA,9,5,1,-164.0,149.0
2018-05-29,2018,LAD,PHI,1,6,0,-193.0,173.0
2018-05-29,2018,CLE,CHW,7,3,1,-289.0,249.0
2018-05-29,2018,NYY,HOU,6,5,1,114.0,-124.0
2018-05-29,2018,DET,LAA,2,9,0,125.0,-140.0
2018-05-29,2018,BOS,TOR,8,3,1,-190.0,170.0
2018-05-29,2018,KCR,MIN,2,1,1,116.0,-126.0
2018-05-29,2018,ATH,TBR,3,4,0,-104.0,-106.0
2018-05-29,2018,SEA,TEX,5,9,0,-149.0,134.0
2018-05-29,2018,BAL,WSN,2,3,0,-115.0,105.0
2018-05-30,2018,MIL,STL,3,2,1,-109.0,-101.0
2018-05-30,2018,ARI,CIN,4,7,0,-200.0,170.0
2018-05-30,2018,PIT,CHC,2,1,1,116.0,-131.0
2018-05-30,2018,ATL,NYM,1,4,0,-150.0,135.0
2018-05-30,2018,COL,SFG,4,7,0,-160.0,145.0
2018-05-30,2018,SDP,MIA,3,2,1,-126.0,116.0
2018-05-30,2018,LAD,PHI,8,2,1,-190.0,170.0
2018-05-30,2018,BOS,TOR,6,4,1,-185.0,165.0
2018-05-30,2018,CLE,CHW,9,1,1,-250.0,210.0
2018-05-30,2018,NYY,HOU,5,3,1,-193.0,173.0
2018-05-30,2018,DET,LAA,6,1,1,202.0,-242.0
2018-05-30,2018,KCR,MIN,11,8,1,119.0,-134.0
2018-05-30,2018,ATH,TBR,0,6,0,-126.0,116.0
2018-05-30,2018,SEA,TEX,6,7,0,-276.0,236.0
2018-05-30,2018,BAL,WSN,0,2,0,220.0,-260.0
2018-05-31,2018,NYM,CHC,1,5,0,152.0,-167.0
2018-05-31,2018,STL,PIT,10,8,1,-133.0,118.0
2018-05-31,2018,ATL,WSN,4,2,1,-122.0,112.0
2018-05-31,2018,LAD,PHI,1,2,0,-163.0,148.0
2018-05-31,2018,SDP,MIA,8,3,1,-133.0,118.0
2018-05-31,2018,DET,LAA,6,2,1,170.0,-200.0
2018-05-31,2018,ATH,TBR,7,3,1,-142.0,127.0
2018-05-31,2018,HOU,BOS,4,2,1,-200.0,170.0
2018-05-31,2018,MIN,CLE,8,9,0,114.0,-124.0
2018-05-31,2018,SEA,TEX,6,1,1,-140.0,125.0
2018-06-01,2018,NYM,CHC,4,7,0,-107.0,-103.0
2018-06-01,2018,ATL,WSN,4,0,1,123.0,-138.0
2018-06-01,2018,STL,PIT,0,4,0,-109.0,-101.0
2018-06-01,2018,COL,LAD,8,11,0,-105.0,-105.0
2018-06-01,2018,ARI,MIA,9,1,1,-145.0,130.0
2018-06-01,2018,SDP,CIN,2,7,0,107.0,-117.0
2018-06-01,2018,SFG,PHI,4,0,1,-128.0,118.0
2018-06-01,2018,BAL,NYY,1,4,0,160.0,-180.0
2018-06-01,2018,DET,TOR,5,2,1,260.0,-310.0
2018-06-01,2018,HOU,BOS,7,3,1,-121.0,111.0
2018-06-01,2018,MIN,CLE,7,4,1,114.0,-124.0
2018-06-01,2018,KCR,ATH,0,16,0,117.0,-127.0
2018-06-01,2018,LAA,TEX,6,0,1,-175.0,155.0
2018-06-01,2018,SEA,TBR,4,3,1,-131.0,116.0
2018-06-01,2018,CHW,MIL,8,3,1,130.0,-145.0
2018-06-02,2018,STL,PIT,3,2,1,-154.0,139.0
2018-06-02,2018,ATL,WSN,3,5,0,109.0,-119.0
2018-06-02,2018,NYM,CHC,1,7,0,-114.0,104.0
2018-06-02,2018,COL,LAD,4,12,0,119.0,-134.0
2018-06-02,2018,SDP,CIN,8,2,1,-109.0,-101.0
2018-06-02,2018,SFG,PHI,2,0,1,-109.0,-101.0
2018-06-02,2018,ARI,MIA,6,2,1,-177.0,157.0
2018-06-02,2018,KCR,ATH,5,4,1,135.0,-150.0
2018-06-02,2018,BAL,NYY,5,8,0,170.0,-190.0
2018-06-02,2018,MIN,CLE,7,1,1,151.0,-171.0
2018-06-02,2018,DET,TOR,7,4,1,122.0,-137.0
2018-06-02,2018,HOU,BOS,4,5,0,-195.0,175.0
2018-06-02,2018,LAA,TEX,2,3,0,-178.0,158.0
2018-06-02,2018,SEA,TBR,3,1,1,-121.0,111.0
2018-06-02,2018,CHW,MIL,0,5,0,140.0,-155.0
2018-06-03,2018,NYM,CHC,0,2,0,146.0,-161.0
2018-06-03,2018,ATL,WSN,4,2,1,-124.0,114.0
2018-06-03,2018,STL,PIT,5,0,1,-119.0,109.0
2018-06-03,2018,COL,LAD,7,10,0,130.0,-145.0
2018-06-03,2018,SFG,PHI,6,1,1,-114.0,104.0
2018-06-03,2018,ARI,MIA,6,1,1,-132.0,117.0
2018-06-03,2018,SDP,CIN,6,3,1,-101.0,-109.0
2018-06-03,2018,DET,TOR,4,8,0,-117.0,107.0
2018-06-03,2018,MIN,CLE,7,5,1,-105.0,-105.0
2018-06-03,2018,KCR,ATH,1,5,0,-311.0,261.0
2018-06-03,2018,LAA,TEX,3,1,1,-196.0,176.0
2018-06-03,2018,SEA,TBR,2,1,1,-117.0,107.0
2018-06-03,2018,HOU,BOS,3,9,0,-180.0,160.0
2018-06-03,2018,CHW,MIL,6,1,1,140.0,-155.0
2018-06-04,2018,SDP,ATL,11,4,1,-105.0,-105.0
2018-06-04,2018,SFG,ARI,10,3,1,-113.0,103.0
2018-06-04,2018,LAA,KCR,9,6,1,-205.0,175.0
2018-06-04,2018,DET,NYY,4,7,0,245.0,-285.0
2018-06-04,2018,DET,NYY,4,2,1,174.0,-194.0
2018-06-05,2018,PIT,LAD,0,5,0,117.0,-127.0
2018-06-05,2018,CIN,COL,6,9,0,-102.0,-108.0
2018-06-05,2018,CHC,PHI,1,6,0,-210.0,180.0
2018-06-05,2018,STL,MIA,4,7,0,-210.0,180.0
2018-06-05,2018,SDP,ATL,1,14,0,119.0,-129.0
2018-06-05,2018,SFG,ARI,2,3,0,-145.0,130.0
2018-06-05,2018,TOR,NYY,2,7,0,125.0,-140.0
2018-06-05,2018,BOS,DET,6,0,1,-190.0,170.0
2018-06-05,2018,TEX,ATH,7,4,1,127.0,-142.0
2018-06-05,2018,HOU,SEA,1,7,0,-127.0,117.0
2018-06-05,2018,MIN,CHW,3,6,0,-180.0,160.0
2018-06-05,2018,LAA,KCR,1,0,1,-200.0,170.0
2018-06-05,2018,WSN,TBR,4,2,1,-275.0,235.0
2018-06-05,2018,NYM,BAL,1,2,0,-126.0,116.0
2018-06-05,2018,CLE,MIL,3,2,1,-210.0,180.0
2018-06-05,2018,MIN,CHW,4,2,1,-166.0,151.0
2018-06-06,2018,SDP,ATL,3,1,1,101.0,-111.0
2018-06-06,2018,SFG,ARI,5,4,1,-117.0,107.0
2018-06-06,2018,PIT,LAD,11,9,1,105.0,-115.0
2018-06-06,2018,CIN,COL,3,6,0,116.0,-126.0
2018-06-06,2018,CHC,PHI,7,5,1,-132.0,117.0
2018-06-06,2018,STL,MIA,3,11,0,-209.0,179.0
2018-06-06,2018,TOR,NYY,0,3,0,139.0,-154.0
2018-06-06,2018,BOS,DET,7,1,1,-205.0,175.0
2018-06-06,2018,TEX,ATH,8,2,1,105.0,-115.0
2018-06-06,2018,HOU,SEA,7,5,1,-186.0,166.0
2018-06-06,2018,MIN,CHW,2,5,0,-170.0,150.0
2018-06-06,2018,LAA,KCR,4,3,1,-250.0,210.0
2018-06-06,2018,WSN,TBR,11,2,1,-150.0,135.0
2018-06-06,2018,NYM,BAL,0,1,0,-126.0,116.0
2018-06-06,2018,CLE,MIL,3,1,1,-211.0,181.0
2018-06-07,2018,PIT,LAD,7,8,0,-140.0,125.0
2018-06-07,2018,CIN,COL,7,5,1,-108.0,-102.0
2018-06-07,2018,STL,MIA,4,1,1,-236.0,206.0
2018-06-07,2018,CHC,PHI,4,3,1,-113.0,103.0
2018-06-07,2018,MIN,CHW,7,2,1,-186.0,166.0
2018-06-07,2018,TOR,BAL,5,4,1,-121.0,111.0
2018-06-07,2018,BOS,DET,2,7,0,-170.0,150.0
2018-06-07,2018,TBR,SEA,4,5,0,-103.0,-107.0
2018-06-07,2018,TEX,HOU,2,5,0,172.0,-192.0
2018-06-07,2018,ATH,KCR,4,1,1,-162.0,147.0
2018-06-08,2018,CHC,PIT,3,1,1,-164.0,149.0
2018-06-08,2018,PHI,MIL,4,12,0,-110.0,100.0
2018-06-08,2018,WSN,SFG,5,9,0,-190.0,170.0
2018-06-08,2018,CIN,STL,6,7,0,116.0,-131.0
2018-06-08,2018,MIA,SDP,4,0,1,-138.0,123.0
2018-06-08,2018,COL,ARI,4,9,0,-109.0,-101.0
2018-06-08,2018,LAD,ATL,7,3,1,-180.0,160.0
2018-06-08,2018,TOR,BAL,5,1,1,-182.0,162.0
2018-06-08,2018,BOS,CHW,0,1,0,-320.0,270.0
2018-06-08,2018,DET,CLE,1,4,0,150.0,-170.0
2018-06-08,2018,TBR,SEA,3,4,0,-321.0,271.0
2018-06-08,2018,TEX,HOU,3,7,0,170.0,-200.0
2018-06-08,2018,MIN,LAA,2,4,0,107.0,-117.0
2018-06-08,2018,ATH,KCR,7,2,1,-164.0,149.0
2018-06-08,2018,NYM,NYY,1,4,0,-109.0,-101.0
2018-06-09,2018,WSN,SFG,7,5,1,-190.0,170.0
2018-06-09,2018,PHI,MIL,3,12,0,-116.0,106.0
2018-06-09,2018,CHC,PIT,2,0,1,-171.0,151.0
2018-06-09,2018,CIN,STL,4,6,0,189.5,-219.5
2018-06-09,2018,MIA,SDP,4,5,0,114.0,-124.0
2018-06-09,2018,COL,ARI,7,12,0,-138.0,123.0
2018-06-09,2018,LAD,ATL,3,5,0,-153.0,138.0
2018-06-09,2018,TOR,BAL,4,3,1,-107.0,-103.0
2018-06-09,2018,MIN,LAA,1,2,0,-116.0,106.0
2018-06-09,2018,ATH,KCR,0,2,0,-175.0,155.0
2018-06-09,2018,BOS,CHW,4,2,1,-217.0,187.0
2018-06-09,2018,DET,CLE,4,2,1,150.0,-165.0
2018-06-09,2018,TBR,SEA,7,3,1,-126.0,116.0
2018-06-09,2018,TEX,HOU,3,4,0,162.0,-182.0
2018-06-09,2018,NYM,NYY,3,4,0,148.0,-163.0
2018-06-10,2018,CIN,STL,6,3,1,106.0,-116.0
2018-06-10,2018,MIA,SDP,1,3,0,-105.0,-105.0
2018-06-10,2018,PHI,MIL,4,3,1,107.0,-117.0
2018-06-10,2018,CHC,PIT,1,7,0,-195.0,175.0
2018-06-10,2018,COL,ARI,3,8,0,-157.0,142.0
2018-06-10,2018,WSN,SFG,0,2,0,-305.0,255.0
2018-06-10,2018,LAD,ATL,7,2,1,-158.0,143.0
2018-06-10,2018,BOS,CHW,2,5,0,-220.0,190.0
2018-06-10,2018,TOR,BAL,13,3,1,-131.0,116.0
2018-06-10,2018,TBR,SEA,4,5,0,150.0,-165.0
2018-06-10,2018,DET,CLE,2,9,0,195.0,-225.0
2018-06-10,2018,MIN,LAA,7,5,1,-113.0,103.0
2018-06-10,2018,TEX,HOU,7,8,0,165.0,-185.0
2018-06-10,2018,ATH,KCR,3,2,1,-165.0,150.0
2018-06-10,2018,NYM,NYY,2,0,1,240.0,-280.0
2018-06-11,2018,MIA,SFG,7,5,1,155.0,-175.0
2018-06-11,2018,MIL,CHC,2,7,0,111.0,-121.0
2018-06-11,2018,STL,SDP,5,2,1,-173.0,153.0
2018-06-11,2018,ARI,PIT,9,5,1,-157.0,142.0
2018-06-11,2018,BAL,BOS,0,2,0,118.0,-133.0
2018-06-11,2018,TBR,TOR,8,4,1,-105.0,-105.0
2018-06-11,2018,CHW,CLE,0,4,0,200.0,-240.0
2018-06-11,2018,SEA,LAA,5,3,1,113.0,-123.0
2018-06-12,2018,PHI,COL,5,4,1,-146.0,131.0
2018-06-12,2018,MIA,SFG,3,1,1,111.0,-121.0
2018-06-12,2018,ATL,NYM,8,2,1,-152.0,137.0
2018-06-12,2018,MIL,CHC,4,0,1,103.0,-113.0
2018-06-12,2018,STL,SDP,2,4,0,-198.0,178.0
2018-06-12,2018,ARI,PIT,13,8,1,-157.0,142.0
2018-06-12,2018,BAL,BOS,4,6,0,152.0,-167.0
2018-06-12,2018,TBR,TOR,4,1,1,-115.0,105.0
2018-06-12,2018,DET,MIN,4,6,0,-105.0,-105.0
2018-06-12,2018,CHW,CLE,5,1,1,128.0,-143.0
2018-06-12,2018,ATH,HOU,3,6,0,138.0,-153.0
2018-06-12,2018,SEA,LAA,6,3,1,-108.0,-102.0
2018-06-12,2018,NYY,WSN,3,0,1,-150.0,135.0
2018-06-12,2018,KCR,CIN,1,5,0,-105.0,-105.0
2018-06-12,2018,LAD,TEX,12,5,1,-177.0,157.0
2018-06-13,2018,ATL,NYM,2,0,1,116.0,-131.0
2018-06-13,2018,MIL,CHC,1,0,1,-107.0,-103.0
2018-06-13,2018,ARI,PIT,4,5,0,-152.0,137.0
2018-06-13,2018,PHI,COL,2,7,0,-124.0,114.0
2018-06-13,2018,MIA,SFG,5,4,1,-101.0,-109.0
2018-06-13,2018,STL,SDP,2,4,0,-195.0,175.0
2018-06-13,2018,TBR,TOR,1,0,1,104.0,-114.0
2018-06-13,2018,BAL,BOS,1,5,0,240.0,-280.0
2018-06-13,2018,SEA,LAA,8,6,1,108.0,-118.0
2018-06-13,2018,DET,MIN,5,2,1,135.0,-150.0
2018-06-13,2018,CHW,CLE,3,2,1,180.0,-210.0
2018-06-13,2018,ATH,HOU,5,13,0,175.0,-205.0
2018-06-13,2018,NYY,WSN,4,5,0,-175.0,155.0
2018-06-13,2018,KCR,CIN,0,7,0,108.0,-118.0
2018-06-13,2018,LAD,TEX,3,2,1,-182.0,162.0
2018-06-14,2018,MIA,SFG,3,6,0,119.0,-134.0
2018-06-14,2018,PHI,COL,9,3,1,-117.0,107.0
2018-06-14,2018,ATL,SDP,4,2,1,-170.0,150.0
2018-06-14,2018,ARI,NYM,6,3,1,-145.0,130.0
2018-06-14,2018,DET,MIN,3,1,1,-101.0,-109.0
2018-06-14,2018,CHW,CLE,2,5,0,121.0,-136.0
2018-06-14,2018,ATH,HOU,3,7,0,170.0,-200.0
2018-06-14,2018,NYY,TBR,4,3,1,-175.0,155.0
2018-06-14,2018,SEA,BOS,1,2,0,117.0,-127.0
2018-06-15,2018,PIT,CIN,3,2,1,-137.0,122.0
2018-06-15,2018,ATL,SDP,3,9,0,-142.0,127.0
2018-06-15,2018,MIL,PHI,13,2,1,-142.0,127.0
2018-06-15,2018,STL,CHC,5,13,0,-101.0,-109.0
2018-06-15,2018,ARI,NYM,7,3,1,-135.0,120.0
2018-06-15,2018,LAD,SFG,3,2,1,-260.0,220.0
2018-06-15,2018,NYY,TBR,5,0,1,-215.0,185.0
2018-06-15,2018,CLE,MIN,3,6,0,-220.0,190.0
2018-06-15,2018,CHW,DET,3,4,0,-140.0,125.0
2018-06-15,2018,KCR,HOU,3,7,0,205.0,-235.0
2018-06-15,2018,ATH,LAA,4,8,0,105.0,-115.0
2018-06-15,2018,SEA,BOS,7,6,1,-152.0,137.0
2018-06-15,2018,BAL,MIA,0,2,0,-155.0,140.0
2018-06-15,2018,TOR,WSN,6,5,1,117.0,-132.0
2018-06-15,2018,TEX,COL,5,9,0,-109.0,-101.0
2018-06-16,2018,PIT,CIN,6,2,1,-105.0,-105.0
2018-06-16,2018,MIL,PHI,1,4,0,-162.0,147.0
2018-06-16,2018,ATL,SDP,1,0,1,-195.0,175.0
2018-06-16,2018,STL,CHC,3,6,0,118.0,-128.0
2018-06-16,2018,LAD,SFG,3,1,1,-145.0,130.0
2018-06-16,2018,ARI,NYM,1,5,0,-177.0,157.0
2018-06-16,2018,NYY,TBR,4,1,1,-335.0,285.0
2018-06-16,2018,CHW,DET,5,7,0,101.0,-111.0
2018-06-16,2018,KCR,HOU,2,10,0,215.0,-255.0
2018-06-16,2018,ATH,LAA,6,4,1,-109.0,-101.0
2018-06-16,2018,CLE,MIN,3,9,0,-180.0,160.0
2018-06-16,2018,SEA,BOS,1,0,1,-101.0,-109.0
2018-06-16,2018,BAL,MIA,4,5,0,-158.0,143.0
2018-06-16,2018,TEX,COL,5,2,1,105.0,-115.0
2018-06-16,2018,TOR,WSN,2,0,1,200.0,-240.0
2018-06-17,2018,PIT,CIN,6,8,0,-145.0,130.0
2018-06-17,2018,ATL,SDP,4,1,1,-114.0,104.0
2018-06-17,2018,MIL,PHI,9,10,0,118.0,-128.0
2018-06-17,2018,STL,CHC,5,0,1,105.0,-115.0
2018-06-17,2018,LAD,SFG,1,4,0,-180.0,160.0
2018-06-17,2018,ARI,NYM,3,5,0,-126.0,116.0
2018-06-17,2018,CLE,MIN,4,1,1,-145.0,130.0
2018-06-17,2018,NYY,TBR,1,3,0,-240.0,200.0
2018-06-17,2018,CHW,DET,1,3,0,104.0,-114.0
2018-06-17,2018,KCR,HOU,4,7,0,205.0,-245.0
2018-06-17,2018,ATH,LAA,6,5,1,111.0,-121.0
2018-06-17,2018,SEA,BOS,3,9,0,138.0,-153.0
2018-06-17,2018,BAL,MIA,10,4,1,-180.0,160.0
2018-06-17,2018,TOR,WSN,8,6,1,116.0,-126.0
2018-06-17,2018,TEX,COL,13,12,1,114.0,-124.0
2018-06-18,2018,PHI,STL,6,5,1,-101.0,-109.0
2018-06-18,2018,PIT,MIL,1,0,1,-103.0,-107.0
2018-06-18,2018,COL,NYM,2,12,0,109.0,-119.0
2018-06-18,2018,SFG,MIA,4,5,0,-160.0,145.0
2018-06-18,2018,CLE,CHW,6,2,1,-271.0,231.0
2018-06-18,2018,HOU,TBR,5,4,1,-271.0,231.0
2018-06-18,2018,KCR,TEX,3,6,0,130.0,-145.0
2018-06-18,2018,LAA,ARI,4,7,0,-121.0,111.0
2018-06-18,2018,WSN,NYY,2,4,0,115.0,-125.0
2018-06-19,2018,PIT,MIL,2,3,0,-119.0,109.0
2018-06-19,2018,PHI,STL,6,7,0,-114.0,104.0
2018-06-19,2018,CHC,LAD,2,1,1,-118.0,108.0
2018-06-19,2018,COL,NYM,10,8,1,-164.0,149.0
2018-06-19,2018,SFG,MIA,6,3,1,-162.0,147.0
2018-06-19,2018,NYY,SEA,7,2,1,-175.0,155.0
2018-06-19,2018,CLE,CHW,6,3,1,-196.0,176.0
2018-06-19,2018,HOU,TBR,1,2,0,-235.0,205.0
2018-06-19,2018,MIN,BOS,6,2,1,180.0,-210.0
2018-06-19,2018,KCR,TEX,1,4,0,122.0,-137.0
2018-06-19,2018,WSN,BAL,9,7,1,-190.0,170.0
2018-06-19,2018,TOR,ATL,4,11,0,-105.0,-105.0
2018-06-19,2018,CIN,DET,9,5,1,-132.0,117.0
2018-06-19,2018,LAA,ARI,5,4,1,-148.0,133.0
2018-06-19,2018,SDP,ATH,2,4,0,-109.0,-101.0
2018-06-19,2018,CHC,LAD,3,4,0,109.0,-119.0
2018-06-20,2018,PHI,STL,4,3,1,-113.0,103.0
2018-06-20,2018,CHC,LAD,4,0,1,107.0,-117.0
2018-06-20,2018,SFG,MIA,6,5,1,-119.0,109.0
2018-06-20,2018,COL,NYM,10,8,1,-107.0,-103.0
2018-06-20,2018,CLE,CHW,12,0,1,-333.0,283.0
2018-06-20,2018,NYY,SEA,7,5,1,-210.0,180.0
2018-06-20,2018,HOU,TBR,5,1,1,-260.0,220.0
2018-06-20,2018,MIN,BOS,4,1,1,155.0,-175.0
2018-06-20,2018,KCR,TEX,2,3,0,-110.0,100.0
2018-06-20,2018,CIN,DET,5,3,1,-140.0,125.0
2018-06-20,2018,TOR,ATL,5,4,1,-165.0,150.0
2018-06-20,2018,SDP,ATH,4,12,0,-133.0,118.0
2018-06-20,2018,WSN,BAL,0,3,0,-205.0,175.0
2018-06-21,2018,COL,NYM,6,4,1,-160.0,145.0
2018-06-21,2018,PIT,ARI,3,9,0,-119.0,109.0
2018-06-21,2018,CIN,CHC,6,2,1,162.0,-182.0
2018-06-21,2018,MIL,STL,11,3,1,-116.0,106.0
2018-06-21,2018,SFG,SDP,3,0,1,-163.0,148.0
2018-06-21,2018,NYY,SEA,4,3,1,-185.0,165.0
2018-06-21,2018,MIN,BOS,2,9,0,119.0,-129.0
2018-06-21,2018,LAA,TOR,8,5,1,-138.0,123.0
2018-06-21,2018,WSN,BAL,4,2,1,-275.0,235.0
2018-06-22,2018,PIT,ARI,1,2,0,111.0,-121.0
2018-06-22,2018,WSN,PHI,2,12,0,-161.0,146.0
2018-06-22,2018,CIN,CHC,6,3,1,116.0,-131.0
2018-06-22,2018,NYM,LAD,2,5,0,135.0,-150.0
2018-06-22,2018,MIL,STL,2,1,1,-118.0,108.0
2018-06-22,2018,COL,MIA,11,3,1,-220.0,190.0
2018-06-22,2018,SFG,SDP,2,6,0,-117.0,107.0
2018-06-22,2018,TBR,NYY,2,1,1,140.0,-155.0
2018-06-22,2018,BOS,SEA,14,10,1,-129.0,119.0
2018-06-22,2018,CLE,DET,10,0,1,-235.0,205.0
2018-06-22,2018,HOU,KCR,0,1,0,-340.0,290.0
2018-06-22,2018,CHW,ATH,6,4,1,128.0,-143.0
2018-06-22,2018,MIN,TEX,1,8,0,270.0,-320.0
2018-06-22,2018,LAA,TOR,2,1,1,-151.0,136.0
2018-06-22,2018,ATL,BAL,7,10,0,-181.0,161.0
2018-06-22,2018,CHW,ATH,2,11,0,116.0,-126.0
2018-06-23,2018,COL,MIA,2,6,0,-250.0,210.0
2018-06-23,2018,WSN,PHI,3,5,0,-118.0,108.0
2018-06-23,2018,PIT,ARI,2,7,0,-101.0,-109.0
2018-06-23,2018,SFG,SDP,5,3,1,-142.0,127.0
2018-06-23,2018,MIL,STL,2,3,0,-105.0,-105.0
2018-06-23,2018,CIN,CHC,11,2,1,-110.0,100.0
2018-06-23,2018,NYM,LAD,3,8,0,101.0,-111.0
2018-06-23,2018,MIN,TEX,6,9,0,-124.0,114.0
2018-06-23,2018,CHW,ATH,6,7,0,103.0,-113.0
2018-06-23,2018,TBR,NYY,4,0,1,153.0,-173.0
2018-06-23,2018,CLE,DET,4,1,1,-265.0,225.0
2018-06-23,2018,HOU,KCR,4,3,1,-345.0,295.0
2018-06-23,2018,BOS,SEA,2,7,0,-182.0,162.0
2018-06-23,2018,LAA,TOR,1,4,0,-135.0,120.0
2018-06-23,2018,ATL,BAL,5,7,0,-131.0,116.0
2018-06-24,2018,CIN,CHC,8,6,1,116.0,-131.0
2018-06-24,2018,NYM,LAD,7,8,0,150.0,-170.0
2018-06-24,2018,PIT,ARI,0,3,0,-115.0,105.0
2018-06-24,2018,WSN,PHI,8,6,1,-122.0,112.0
2018-06-24,2018,MIL,STL,2,8,0,-121.0,111.0
2018-06-24,2018,COL,MIA,5,8,0,-174.0,154.0
2018-06-24,2018,SFG,SDP,3,2,1,-152.0,137.0
2018-06-24,2018,BOS,SEA,5,0,1,-250.0,210.0
2018-06-24,2018,CLE,DET,12,2,1,-162.0,147.0
2018-06-24,2018,TBR,NYY,7,6,1,150.0,-170.0
2018-06-24,2018,HOU,KCR,11,3,1,-370.0,310.0
2018-06-24,2018,CHW,ATH,10,3,1,-119.0,109.0
2018-06-24,2018,MIN,TEX,2,0,1,-172.0,152.0
2018-06-24,2018,LAA,TOR,6,7,0,-142.0,127.0
2018-06-24,2018,ATL,BAL,7,3,1,-185.0,165.0
2018-06-25,2018,NYM,PIT,4,6,0,106.0,-116.0
2018-06-25,2018,MIA,ARI,9,5,1,117.0,-127.0
2018-06-25,2018,ATL,CIN,5,4,1,-153.0,138.0
2018-06-25,2018,LAD,CHC,2,1,1,-168.0,153.0
2018-06-25,2018,DET,ATH,4,5,0,105.0,-115.0
2018-06-25,2018,BAL,SEA,3,5,0,101.0,-111.0
2018-06-25,2018,HOU,TOR,3,6,0,-240.0,200.0
2018-06-25,2018,PHI,NYY,2,4,0,135.0,-150.0
2018-06-25,2018,TBR,WSN,11,0,1,-112.0,102.0
2018-06-25,2018,TEX,SDP,7,4,1,-137.0,122.0
2018-06-25,2018,STL,CLE,4,0,1,108.0,-118.0
2018-06-25,2018,KCR,LAA,2,0,1,167.0,-187.0
2018-06-26,2018,NYM,PIT,4,3,1,-117.0,107.0
2018-06-26,2018,MIA,ARI,3,5,0,142.0,-157.0
2018-06-26,2018,ATL,CIN,3,5,0,-140.0,125.0
2018-06-26,2018,LAD,CHC,4,9,0,-155.0,140.0
2018-06-26,2018,SFG,COL,3,2,1,-144.0,129.0
2018-06-26,2018,BAL,SEA,2,3,0,125.0,-140.0
2018-06-26,2018,DET,ATH,7,9,0,116.0,-126.0
2018-06-26,2018,BOS,LAA,9,1,1,-156.0,141.0
2018-06-26,2018,HOU,TOR,7,0,1,-240.0,200.0
2018-06-26,2018,CHW,MIN,8,4,1,117.0,-127.0
2018-06-26,2018,TBR,WSN,1,0,1,171.0,-201.0
2018-06-26,2018,PHI,NYY,0,6,0,166.0,-186.0
2018-06-26,2018,TEX,SDP,2,3,0,-127.0,117.0
2018-06-26,2018,MIL,KCR,5,1,1,-220.0,190.0
2018-06-26,2018,STL,CLE,11,2,1,149.0,-164.0
2018-06-27,2018,ATL,CIN,5,6,0,-119.0,109.0
2018-06-27,2018,NYM,PIT,3,5,0,-119.0,109.0
2018-06-27,2018,MIA,ARI,1,2,0,143.0,-158.0
2018-06-27,2018,LAD,CHC,7,5,1,-147.0,132.0
2018-06-27,2018,SFG,COL,1,0,1,-164.0,149.0
2018-06-27,2018,HOU,TOR,7,6,1,-190.0,170.0
2018-06-27,2018,BAL,SEA,7,8,0,-105.0,-105.0
2018-06-27,2018,BOS,LAA,9,6,1,-150.0,135.0
2018-06-27,2018,DET,ATH,0,3,0,112.0,-122.0
2018-06-27,2018,CHW,MIN,6,1,1,138.0,-153.0
2018-06-27,2018,MIL,KCR,4,5,0,-200.0,170.0
2018-06-27,2018,PHI,NYY,3,0,1,114.0,-124.0
2018-06-27,2018,TEX,SDP,5,2,1,-116.0,106.0
2018-06-27,2018,STL,CLE,1,5,0,-112.0,102.0
2018-06-28,2018,MIA,ARI,0,4,0,150.0,-170.0
2018-06-28,2018,LAD,CHC,5,11,0,-185.0,165.0
2018-06-28,2018,SFG,COL,8,9,0,114.0,-124.0
2018-06-28,2018,PHI,WSN,4,3,1,-123.0,113.0
2018-06-28,2018,CIN,MIL,4,6,0,101.0,-111.0
2018-06-28,2018,DET,ATH,2,4,0,103.0,-113.0
2018-06-28,2018,CHW,MIN,1,2,0,102.0,-112.0
2018-06-28,2018,BAL,SEA,2,4,0,118.0,-133.0
2018-06-28,2018,BOS,LAA,4,2,1,-165.0,150.0
2018-06-28,2018,TBR,HOU,0,1,0,142.0,-157.0
2018-06-29,2018,PHI,WSN,7,17,0,100.0,-110.0
2018-06-29,2018,MIA,NYM,8,2,1,-109.0,-101.0
2018-06-29,2018,CIN,MIL,2,8,0,-121.0,111.0
2018-06-29,2018,STL,ATL,1,5,0,-136.0,121.0
2018-06-29,2018,ARI,SFG,1,2,0,-135.0,120.0
2018-06-29,2018,SDP,PIT,3,6,0,-111.0,101.0
2018-06-29,2018,LAD,COL,1,3,0,-163.0,148.0
2018-06-29,2018,BAL,LAA,1,7,0,140.0,-155.0
2018-06-29,2018,NYY,BOS,8,1,1,-121.0,111.0
2018-06-29,2018,TOR,DET,3,2,1,-210.0,180.0
2018-06-29,2018,TBR,HOU,3,2,1,165.0,-185.0
2018-06-29,2018,TEX,CHW,11,3,1,-146.0,131.0
2018-06-29,2018,ATH,CLE,3,1,1,160.0,-180.0
2018-06-29,2018,SEA,KCR,4,1,1,-215.0,185.0
2018-06-29,2018,CHC,MIN,10,6,1,-124.0,114.0
2018-06-30,2018,MIA,NYM,5,2,1,151.0,-171.0
2018-06-30,2018,CIN,MIL,12,3,1,-133.0,118.0
2018-06-30,2018,PHI,WSN,3,2,1,102.0,-112.0
2018-06-30,2018,STL,ATL,4,11,0,-135.0,120.0
2018-06-30,2018,LAD,COL,1,3,0,-175.0,155.0
2018-06-30,2018,ARI,SFG,0,7,0,-121.0,111.0
2018-06-30,2018,SDP,PIT,4,3,1,-141.0,126.0
2018-06-30,2018,TOR,DET,4,3,1,-158.0,143.0
2018-06-30,2018,ATH,CLE,7,2,1,111.0,-121.0
2018-06-30,2018,BAL,LAA,2,6,0,148.0,-163.0
2018-06-30,2018,TBR,HOU,5,2,1,153.0,-168.0
2018-06-30,2018,NYY,BOS,0,11,0,135.0,-150.0
2018-06-30,2018,TEX,CHW,13,4,1,-121.0,111.0
2018-06-30,2018,SEA,KCR,6,4,1,-210.0,180.0
2018-06-30,2018,CHC,MIN,14,9,1,-140.0,125.0
2018-07-01,2018,MIA,NYM,2,5,0,101.0,-111.0
2018-07-01,2018,CIN,MIL,8,2,1,117.0,-127.0
2018-07-01,2018,PHI,WSN,4,3,1,120.0,-135.0
2018-07-01,2018,STL,ATL,5,6,0,105.0,-115.0
2018-07-01,2018,ARI,SFG,6,9,0,-133.0,118.0
2018-07-01,2018,SDP,PIT,5,7,0,103.0,-113.0
2018-07-01,2018,LAD,COL,6,4,1,-225.0,195.0
2018-07-01,2018,BAL,LAA,8,2,1,-113.0,103.0
2018-07-01,2018,TOR,DET,1,9,0,-202.0,172.0
2018-07-01,2018,TBR,HOU,3,2,1,135.0,-150.0
2018-07-01,2018,TEX,CHW,5,10,0,-171.0,151.0
2018-07-01,2018,ATH,CLE,3,15,0,136.0,-151.0
2018-07-01,2018,SEA,KCR,1,0,1,-285.0,245.0
2018-07-01,2018,NYY,BOS,11,1,1,-185.0,165.0
2018-07-01,2018,CHC,MIN,11,10,1,-182.0,162.0
2018-07-02,2018,COL,SFG,5,2,1,-105.0,-105.0
2018-07-02,2018,ARI,STL,3,6,0,-145.0,130.0
2018-07-02,2018,LAD,PIT,17,1,1,-230.0,200.0
2018-07-02,2018,TOR,DET,2,3,0,-138.0,123.0
2018-07-02,2018,KCR,CLE,3,9,0,238.0,-278.0
2018-07-02,2018,WSN,BOS,3,4,0,-180.0,160.0
2018-07-02,2018,NYY,ATL,3,5,0,-215.0,185.0
2018-07-02,2018,CIN,CHW,5,3,1,-210.0,180.0
2018-07-02,2018,MIA,TBR,3,2,1,123.0,-138.0
2018-07-02,2018,MIL,MIN,6,5,1,-118.0,108.0
2018-07-03,2018,COL,SFG,8,1,1,-142.0,127.0
2018-07-03,2018,ARI,STL,4,2,1,-140.0,125.0
2018-07-03,2018,LAD,PIT,8,3,1,-255.0,215.0
2018-07-03,2018,TEX,HOU,3,5,0,150.0,-170.0
2018-07-03,2018,KCR,CLE,4,6,0,145.0,-160.0
2018-07-03,2018,SEA,LAA,4,1,1,-110.0,100.0
2018-07-03,2018,CHC,DET,5,3,1,-205.0,175.0
2018-07-03,2018,MIL,MIN,2,0,1,-153.0,138.0
2018-07-03,2018,WSN,BOS,4,11,0,-114.0,104.0
2018-07-03,2018,PHI,BAL,3,2,1,-165.0,150.0
2018-07-03,2018,NYY,ATL,8,5,1,-160.0,145.0
2018-07-03,2018,TOR,NYM,8,6,1,-119.0,109.0
2018-07-03,2018,CIN,CHW,8,12,0,-235.0,205.0
2018-07-03,2018,MIA,TBR,6,9,0,-111.0,101.0
2018-07-03,2018,ATH,SDP,6,2,1,-126.0,116.0
2018-07-04,2018,LAD,PIT,6,4,1,-235.0,205.0
2018-07-04,2018,COL,SFG,1,0,1,-126.0,116.0
2018-07-04,2018,ARI,STL,4,8,0,-106.0,-104.0
2018-07-04,2018,SEA,LAA,4,7,0,-103.0,-107.0
2018-07-04,2018,TEX,HOU,4,5,0,160.0,-180.0
2018-07-04,2018,KCR,CLE,2,3,0,230.0,-270.0
2018-07-04,2018,WSN,BOS,0,3,0,117.0,-127.0
2018-07-04,2018,NYY,ATL,6,2,1,-215.0,185.0
2018-07-04,2018,MIA,TBR,3,0,1,128.0,-143.0
2018-07-04,2018,CHC,DET,5,2,1,-235.0,205.0
2018-07-04,2018,PHI,BAL,4,1,1,-211.0,181.0
2018-07-04,2018,ATH,SDP,4,2,1,-165.0,150.0
2018-07-04,2018,MIL,MIN,3,2,1,-113.0,103.0
2018-07-04,2018,TOR,NYM,3,6,0,-173.0,153.0
2018-07-04,2018,CIN,CHW,7,4,1,-182.0,162.0
2018-07-05,2018,WSN,MIA,14,12,1,-205.0,175.0
2018-07-05,2018,MIL,ATL,7,2,1,111.0,-121.0
2018-07-05,2018,ARI,SDP,3,6,0,-163.0,148.0
2018-07-05,2018,SFG,STL,2,11,0,-135.0,120.0
2018-07-05,2018,DET,TEX,5,7,0,-104.0,-106.0
2018-07-05,2018,HOU,CHW,4,3,1,-330.0,280.0
2018-07-05,2018,MIN,BAL,5,2,1,-147.0,132.0
2018-07-05,2018,SEA,LAA,4,1,1,-133.0,118.0
2018-07-06,2018,CHC,CIN,2,3,0,-150.0,135.0
2018-07-06,2018,WSN,MIA,3,2,1,-235.0,205.0
2018-07-06,2018,PIT,PHI,5,17,0,-104.0,-106.0
2018-07-06,2018,MIL,ATL,5,4,1,-129.0,119.0
2018-07-06,2018,ARI,SDP,3,1,1,-147.0,132.0
2018-07-06,2018,SFG,STL,3,2,1,-123.0,113.0
2018-07-06,2018,TOR,NYY,6,2,1,137.0,-152.0
2018-07-06,2018,CLE,ATH,10,4,1,-205.0,175.0
2018-07-06,2018,DET,TEX,3,1,1,108.0,-118.0
2018-07-06,2018,MIN,BAL,6,2,1,-151.0,136.0
2018-07-06,2018,HOU,CHW,11,4,1,-285.0,245.0
2018-07-06,2018,KCR,BOS,5,10,0,325.0,-385.0
2018-07-06,2018,NYM,TBR,5,1,1,-165.0,150.0
2018-07-06,2018,LAA,LAD,3,2,1,132.0,-147.0
2018-07-06,2018,SEA,COL,1,7,0,-113.0,103.0
2018-07-07,2018,CHC,CIN,8,7,1,-129.0,119.0
2018-07-07,2018,SFG,STL,2,3,0,113.0,-123.0
2018-07-07,2018,PIT,PHI,2,3,0,-138.0,123.0
2018-07-07,2018,MIL,ATL,1,5,0,-105.0,-105.0
2018-07-07,2018,WSN,MIA,18,4,1,-350.0,290.0
2018-07-07,2018,ARI,SDP,20,5,1,-191.0,171.0
2018-07-07,2018,MIN,BAL,5,4,1,-142.0,127.0
2018-07-07,2018,TOR,NYY,5,8,0,178.0,-208.0
2018-07-07,2018,HOU,CHW,12,6,1,-382.0,322.0
2018-07-07,2018,DET,TEX,7,2,1,140.0,-155.0
2018-07-07,2018,CLE,ATH,3,6,0,-250.0,210.0
2018-07-07,2018,KCR,BOS,4,15,0,170.0,-190.0
2018-07-07,2018,NYM,TBR,0,3,0,119.0,-129.0
2018-07-07,2018,SEA,COL,1,5,0,-210.0,180.0
2018-07-07,2018,LAA,LAD,1,3,0,138.0,-153.0
2018-07-08,2018,WSN,MIA,2,10,0,-182.0,162.0
2018-07-08,2018,PIT,PHI,4,1,1,-156.0,141.0
2018-07-08,2018,MIL,ATL,10,3,1,-121.0,111.0
2018-07-08,2018,CHC,CIN,6,5,1,-163.0,148.0
2018-07-08,2018,SFG,STL,13,8,1,-119.0,109.0
2018-07-08,2018,ARI,SDP,3,4,0,-205.0,175.0
2018-07-08,2018,TOR,NYY,1,2,0,145.0,-160.0
2018-07-08,2018,CLE,ATH,0,6,0,-170.0,150.0
2018-07-08,2018,DET,TEX,0,3,0,-114.0,104.0
2018-07-08,2018,MIN,BAL,10,1,1,-140.0,125.0
2018-07-08,2018,HOU,CHW,2,1,1,-345.0,295.0
2018-07-08,2018,KCR,BOS,4,7,0,195.0,-225.0
2018-07-08,2018,NYM,TBR,0,9,0,-102.0,-108.0
2018-07-08,2018,SEA,COL,6,4,1,-145.0,130.0
2018-07-08,2018,LAA,LAD,4,3,1,101.0,-111.0
2018-07-09,2018,PIT,WSN,6,3,1,-101.0,-109.0
2018-07-09,2018,NYM,PHI,1,3,0,148.0,-163.0
2018-07-09,2018,MIA,MIL,4,3,1,125.0,-140.0
2018-07-09,2018,SDP,LAD,2,8,0,210.0,-250.0
2018-07-09,2018,SFG,CHC,2,1,1,-116.0,106.0
2018-07-09,2018,BAL,NYY,2,10,0,160.0,-180.0
2018-07-09,2018,BOS,TEX,5,0,1,-195.0,175.0
2018-07-09,2018,TBR,DET,10,9,1,-233.0,203.0
2018-07-09,2018,MIN,KCR,3,1,1,-205.0,175.0
2018-07-09,2018,HOU,ATH,0,2,0,-205.0,175.0
2018-07-09,2018,CLE,CIN,5,7,0,-175.0,155.0
2018-07-09,2018,BAL,NYY,5,4,1,195.0,-225.0
2018-07-09,2018,NYM,PHI,4,3,1,-105.0,-105.0
2018-07-10,2018,PIT,WSN,1,5,0,107.0,-117.0
2018-07-10,2018,NYM,PHI,3,7,0,-101.0,-109.0
2018-07-10,2018,MIA,MIL,4,8,0,143.0,-158.0
2018-07-10,2018,COL,ARI,3,5,0,-105.0,-105.0
2018-07-10,2018,SDP,LAD,4,1,1,145.0,-160.0
2018-07-10,2018,SFG,CHC,0,2,0,131.0,-146.0
2018-07-10,2018,BAL,NYY,6,5,1,206.0,-236.0
2018-07-10,2018,BOS,TEX,8,4,1,-218.0,188.0
2018-07-10,2018,TBR,DET,5,2,1,-189.0,169.0
2018-07-10,2018,MIN,KCR,4,9,0,-172.0,152.0
2018-07-10,2018,HOU,ATH,6,5,1,-226.0,196.0
2018-07-10,2018,LAA,SEA,9,3,1,-163.0,148.0
2018-07-10,2018,CLE,CIN,4,7,0,-233.0,203.0
2018-07-10,2018,ATL,TOR,2,6,0,-133.0,118.0
2018-07-10,2018,CHW,STL,2,14,0,167.0,-187.0
2018-07-11,2018,PIT,WSN,2,0,1,120.0,-135.0
2018-07-11,2018,SFG,CHC,5,4,1,-101.0,-109.0
2018-07-11,2018,MIA,MIL,5,4,1,155.0,-175.0
2018-07-11,2018,NYM,PHI,3,0,1,-146.0,131.0
2018-07-11,2018,COL,ARI,19,2,1,-140.0,125.0
2018-07-11,2018,SDP,LAD,2,4,0,135.0,-150.0
2018-07-11,2018,TBR,DET,4,2,1,-160.0,145.0
2018-07-11,2018,MIN,KCR,8,5,1,-205.0,175.0
2018-07-11,2018,BAL,NYY,0,9,0,150.0,-170.0
2018-07-11,2018,BOS,TEX,4,2,1,-430.0,350.0
2018-07-11,2018,HOU,ATH,3,8,0,-210.0,180.0
2018-07-11,2018,LAA,SEA,0,3,0,-113.0,103.0
2018-07-11,2018,CLE,CIN,19,4,1,-185.0,165.0
2018-07-11,2018,ATL,TOR,9,5,1,-205.0,175.0
2018-07-11,2018,CHW,STL,4,0,1,140.0,-155.0
2018-07-12,2018,COL,ARI,5,1,1,-111.0,101.0
2018-07-12,2018,PIT,MIL,6,3,1,-127.0,117.0
2018-07-12,2018,NYM,WSN,4,5,0,175.0,-205.0
2018-07-12,2018,SDP,LAD,2,3,0,173.0,-203.0
2018-07-12,2018,HOU,ATH,4,6,0,-215.0,185.0
2018-07-12,2018,BOS,TOR,6,4,1,-162.0,147.0
2018-07-12,2018,CLE,NYY,4,7,0,117.0,-127.0
2018-07-12,2018,MIN,TBR,5,1,1,127.0,-142.0
2018-07-12,2018,LAA,SEA,11,2,1,-101.0,-109.0
2018-07-12,2018,BAL,PHI,4,5,0,-111.0,101.0
2018-07-13,2018,PIT,MIL,7,3,1,-119.0,109.0
2018-07-13,2018,NYM,WSN,4,2,1,-131.0,116.0
2018-07-13,2018,MIA,PHI,0,2,0,112.0,-122.0
2018-07-13,2018,ATL,ARI,1,2,0,-156.0,141.0
2018-07-13,2018,STL,CIN,1,9,0,-166.0,151.0
2018-07-13,2018,SDP,CHC,4,5,0,119.0,-134.0
2018-07-13,2018,BAL,TEX,4,5,0,106.0,-116.0
2018-07-13,2018,CLE,NYY,6,5,1,-105.0,-105.0
2018-07-13,2018,BOS,TOR,7,13,0,-215.0,185.0
2018-07-13,2018,MIN,TBR,11,8,1,-104.0,-106.0
2018-07-13,2018,CHW,KCR,9,6,1,-117.0,107.0
2018-07-13,2018,HOU,DET,3,0,1,-268.0,228.0
2018-07-13,2018,COL,SEA,10,7,1,-138.0,123.0
2018-07-13,2018,LAD,LAA,3,2,1,-165.0,150.0
2018-07-13,2018,SFG,ATH,7,1,1,-145.0,130.0
2018-07-14,2018,PIT,MIL,6,2,1,119.0,-134.0
2018-07-14,2018,ATL,ARI,0,3,0,-101.0,-109.0
2018-07-14,2018,STL,CIN,2,8,0,-150.0,135.0
2018-07-14,2018,MIA,PHI,2,0,1,155.0,-175.0
2018-07-14,2018,NYM,WSN,7,4,1,101.0,-111.0
2018-07-14,2018,SDP,CHC,6,11,0,170.0,-190.0
2018-07-14,2018,BOS,TOR,6,2,1,-206.0,176.0
2018-07-14,2018,MIN,TBR,6,19,0,-129.0,119.0
2018-07-14,2018,CHW,KCR,0,5,0,-116.0,106.0
2018-07-14,2018,HOU,DET,9,1,1,-285.0,245.0
2018-07-14,2018,BAL,TEX,1,0,1,-111.0,101.0
2018-07-14,2018,CLE,NYY,4,5,0,-105.0,-105.0
2018-07-14,2018,LAD,LAA,4,5,0,-182.0,162.0
2018-07-14,2018,COL,SEA,4,1,1,-110.0,100.0
2018-07-14,2018,SFG,ATH,3,4,0,-104.0,-106.0
2018-07-14,2018,PIT,MIL,2,1,1,-129.0,119.0
2018-07-15,2018,NYM,WSN,1,6,0,128.0,-143.0
2018-07-15,2018,MIA,PHI,10,5,1,-104.0,-106.0
2018-07-15,2018,ATL,ARI,5,1,1,119.0,-129.0
2018-07-15,2018,PIT,MIL,7,6,1,-109.0,-101.0
2018-07-15,2018,STL,CIN,6,4,1,-150.0,135.0
2018-07-15,2018,SDP,CHC,4,7,0,130.0,-145.0
2018-07-15,2018,BAL,TEX,6,5,1,-110.0,100.0
2018-07-15,2018,BOS,TOR,5,2,1,-146.0,131.0
2018-07-15,2018,CLE,NYY,5,2,1,-129.0,119.0
2018-07-15,2018,MIN,TBR,11,7,1,-111.0,101.0
2018-07-15,2018,HOU,DET,3,6,0,-400.0,320.0
2018-07-15,2018,CHW,KCR,10,1,1,-108.0,-102.0
2018-07-15,2018,COL,SEA,4,3,1,-161.0,146.0
2018-07-15,2018,SFG,ATH,2,6,0,-120.0,110.0
2018-07-15,2018,LAD,LAA,5,3,1,-220.0,190.0
2018-07-19,2018,CHC,STL,9,6,1,-152.0,137.0
2018-07-20,2018,CHC,STL,5,18,0,-140.0,125.0
2018-07-20,2018,WSN,ATL,5,8,0,-183.0,163.0
2018-07-20,2018,PHI,SDP,11,5,1,-168.0,153.0
2018-07-20,2018,CIN,PIT,1,12,0,100.0,-110.0
2018-07-20,2018,MIL,LAD,4,6,0,117.0,-132.0
2018-07-20,2018,ARI,COL,10,11,0,-154.0,139.0
2018-07-20,2018,TOR,BAL,8,7,1,-160.0,145.0
2018-07-20,2018,DET,BOS,0,1,0,175.0,-205.0
2018-07-20,2018,TEX,CLE,8,9,0,175.0,-195.0
2018-07-20,2018,KCR,MIN,6,5,1,119.0,-129.0
2018-07-20,2018,LAA,HOU,1,3,0,101.0,-111.0
2018-07-20,2018,SEA,CHW,3,1,1,-200.0,170.0
2018-07-20,2018,NYY,NYM,5,7,0,-180.0,160.0
2018-07-20,2018,TBR,MIA,5,6,0,-170.0,150.0
2018-07-20,2018,ATH,SFG,1,5,0,-135.0,120.0
2018-07-21,2018,MIL,LAD,4,2,1,154.0,-169.0
2018-07-21,2018,CIN,PIT,2,6,0,-113.0,103.0
2018-07-21,2018,CHC,STL,3,6,0,-149.0,134.0
2018-07-21,2018,ARI,COL,5,6,0,-145.0,130.0
2018-07-21,2018,TOR,BAL,4,1,1,-198.0,178.0
2018-07-21,2018,DET,BOS,5,0,1,129.0,-144.0
2018-07-21,2018,KCR,MIN,4,2,1,134.0,-149.0
2018-07-21,2018,LAA,HOU,0,7,0,170.0,-190.0
2018-07-21,2018,TEX,CLE,3,16,0,159.0,-179.0
2018-07-21,2018,SEA,CHW,0,5,0,-195.0,175.0
2018-07-21,2018,NYY,NYM,7,6,1,-250.0,210.0
2018-07-21,2018,TBR,MIA,2,3,0,-148.0,133.0
2018-07-21,2018,ATH,SFG,4,3,1,-133.0,118.0
2018-07-21,2018,CHC,STL,7,2,1,-104.0,-106.0
2018-07-22,2018,CIN,PIT,2,9,0,-113.0,103.0
2018-07-22,2018,WSN,ATL,6,2,1,-200.0,170.0
2018-07-22,2018,PHI,SDP,2,10,0,-168.0,153.0
2018-07-22,2018,MIL,LAD,2,11,0,116.0,-126.0
2018-07-22,2018,CHC,STL,7,2,1,-135.0,120.0
2018-07-22,2018,ARI,COL,6,1,1,-175.0,155.0
2018-07-22,2018,TOR,BAL,5,4,1,-200.0,170.0
2018-07-22,2018,DET,BOS,1,9,0,277.0,-327.0
2018-07-22,2018,KCR,MIN,5,3,1,125.0,-140.0
2018-07-22,2018,TEX,CLE,5,0,1,148.0,-163.0
2018-07-22,2018,LAA,HOU,14,5,1,111.0,-121.0
2018-07-22,2018,SEA,CHW,8,2,1,-206.0,176.0
2018-07-22,2018,TBR,MIA,6,4,1,-168.0,153.0
2018-07-22,2018,ATH,SFG,6,5,1,-131.0,116.0
2018-07-22,2018,PHI,SDP,5,0,1,-191.0,171.0
2018-07-23,2018,PHI,LAD,6,7,0,148.0,-163.0
2018-07-23,2018,CIN,STL,2,1,1,-113.0,103.0
2018-07-23,2018,MIA,ATL,1,12,0,104.0,-114.0
2018-07-23,2018,NYM,SDP,2,3,0,-167.0,152.0
2018-07-23,2018,CHC,ARI,1,7,0,-109.0,-101.0
2018-07-23,2018,MIL,WSN,6,1,1,-101.0,-109.0
2018-07-23,2018,BAL,BOS,3,5,0,172.0,-192.0
2018-07-23,2018,TOR,MIN,3,8,0,-123.0,113.0
2018-07-23,2018,TBR,NYY,7,6,1,235.0,-275.0
2018-07-23,2018,TEX,ATH,3,15,0,-106.0,-104.0
2018-07-23,2018,KCR,DET,4,5,0,-104.0,-106.0
2018-07-23,2018,LAA,CHW,3,5,0,-227.0,197.0
2018-07-23,2018,CLE,PIT,0,7,0,-285.0,245.0
2018-07-24,2018,MIA,ATL,9,3,1,109.0,-119.0
2018-07-24,2018,PHI,LAD,7,4,1,-111.0,101.0
2018-07-24,2018,CIN,STL,2,4,0,117.0,-127.0
2018-07-24,2018,NYM,SDP,6,3,1,-127.0,117.0
2018-07-24,2018,CHC,ARI,1,5,0,-164.0,149.0
2018-07-24,2018,MIL,WSN,5,4,1,-135.0,120.0
2018-07-24,2018,BAL,BOS,7,6,1,139.0,-154.0
2018-07-24,2018,TOR,MIN,0,5,0,-101.0,-109.0
2018-07-24,2018,TBR,NYY,0,4,0,163.0,-183.0
2018-07-24,2018,TEX,ATH,10,13,0,100.0,-110.0
2018-07-24,2018,KCR,DET,5,4,1,-105.0,-105.0
2018-07-24,2018,LAA,CHW,2,4,0,-196.0,176.0
2018-07-24,2018,CLE,PIT,4,9,0,-170.0,150.0
2018-07-24,2018,COL,HOU,2,8,0,126.0,-141.0
2018-07-24,2018,SEA,SFG,3,4,0,-127.0,117.0
2018-07-25,2018,NYM,SDP,6,4,1,-108.0,-102.0
2018-07-25,2018,PHI,LAD,7,3,1,125.0,-140.0
2018-07-25,2018,CIN,STL,7,3,1,116.0,-131.0
2018-07-25,2018,MIL,WSN,3,7,0,-138.0,123.0
2018-07-25,2018,CHC,ARI,2,1,1,-103.0,-107.0
2018-07-25,2018,TBR,NYY,3,2,1,129.0,-144.0
2018-07-25,2018,KCR,DET,4,8,0,-122.0,112.0
2018-07-25,2018,TOR,MIN,6,12,0,104.0,-114.0
2018-07-25,2018,TEX,ATH,5,6,0,109.0,-119.0
2018-07-25,2018,LAA,CHW,11,3,1,-237.0,207.0
2018-07-25,2018,CLE,PIT,4,0,1,-215.0,185.0
2018-07-25,2018,SEA,SFG,3,2,1,-145.0,130.0
2018-07-25,2018,COL,HOU,3,2,1,106.0,-116.0
2018-07-26,2018,CHC,ARI,7,6,1,-101.0,-109.0
2018-07-26,2018,PIT,NYM,6,12,0,-143.0,128.0
2018-07-26,2018,CIN,PHI,4,9,0,-138.0,123.0
2018-07-26,2018,MIA,WSN,3,10,0,126.0,-141.0
2018-07-26,2018,ATL,LAD,2,8,0,116.0,-131.0
2018-07-26,2018,SFG,MIL,5,7,0,-117.0,107.0
2018-07-26,2018,LAA,CHW,12,8,1,-182.0,162.0
2018-07-26,2018,BAL,TBR,3,4,0,122.0,-137.0
2018-07-26,2018,NYY,KCR,7,2,1,-285.0,245.0
2018-07-26,2018,BOS,MIN,1,2,0,-170.0,150.0
2018-07-26,2018,TEX,ATH,6,7,0,131.0,-146.0
2018-07-27,2018,PIT,NYM,5,4,1,-135.0,120.0
2018-07-27,2018,CIN,PHI,6,4,1,102.0,-112.0
2018-07-27,2018,MIA,WSN,1,9,0,205.0,-235.0
2018-07-27,2018,ATL,LAD,1,4,0,142.0,-157.0
2018-07-27,2018,STL,CHC,5,2,1,-128.0,118.0
2018-07-27,2018,SDP,ARI,2,6,0,163.0,-183.0
2018-07-27,2018,SFG,MIL,1,3,0,-131.0,116.0
2018-07-27,2018,BAL,TBR,15,5,1,145.0,-160.0
2018-07-27,2018,BOS,MIN,4,3,1,-390.0,330.0
2018-07-27,2018,DET,CLE,3,8,0,220.0,-260.0
2018-07-27,2018,HOU,TEX,2,11,0,-270.0,230.0
2018-07-27,2018,CHW,TOR,5,10,0,112.0,-122.0
2018-07-27,2018,LAA,SEA,4,3,1,-140.0,125.0
2018-07-27,2018,COL,ATH,3,1,1,-113.0,103.0
2018-07-28,2018,STL,CHC,6,2,1,-127.0,117.0
2018-07-28,2018,CIN,PHI,6,2,1,119.0,-129.0
2018-07-28,2018,PIT,NYM,5,0,1,119.0,-129.0
2018-07-28,2018,MIA,WSN,2,1,1,142.0,-157.0
2018-07-28,2018,ATL,LAD,1,5,0,118.0,-128.0
2018-07-28,2018,SDP,ARI,4,9,0,150.0,-165.0
2018-07-28,2018,SFG,MIL,1,7,0,109.0,-119.0
2018-07-28,2018,NYY,KCR,5,10,0,-415.0,335.0
2018-07-28,2018,DET,CLE,2,1,1,171.0,-191.0
2018-07-28,2018,BAL,TBR,11,2,1,105.0,-115.0
2018-07-28,2018,BOS,MIN,10,4,1,-198.0,178.0
2018-07-28,2018,CHW,TOR,9,5,1,136.0,-151.0
2018-07-28,2018,HOU,TEX,3,7,0,-300.0,250.0
2018-07-28,2018,LAA,SEA,11,5,1,-123.0,113.0
2018-07-28,2018,COL,ATH,4,1,1,-117.0,107.0
2018-07-28,2018,NYY,KCR,5,4,1,-325.0,275.0
2018-07-29,2018,CIN,PHI,4,0,1,-116.0,106.0
2018-07-29,2018,MIA,WSN,5,0,1,129.0,-144.0
2018-07-29,2018,PIT,NYM,0,1,0,-164.0,149.0
2018-07-29,2018,ATL,LAD,4,1,1,145.0,-160.0
2018-07-29,2018,SFG,MIL,8,5,1,-103.0,-107.0
2018-07-29,2018,SDP,ARI,4,5,0,107.0,-117.0
2018-07-29,2018,STL,CHC,2,5,0,111.0,-121.0
2018-07-29,2018,NYY,KCR,6,3,1,-320.0,270.0
2018-07-29,2018,BAL,TBR,11,5,1,104.0,-114.0
2018-07-29,2018,BOS,MIN,3,0,1,-166.0,151.0
2018-07-29,2018,DET,CLE,1,8,0,205.0,-235.0
2018-07-29,2018,HOU,TEX,3,4,0,-207.0,177.0
2018-07-29,2018,CHW,TOR,4,7,0,-122.0,112.0
2018-07-29,2018,LAA,SEA,5,8,0,-114.0,104.0
2018-07-29,2018,COL,ATH,3,2,1,-144.0,129.0
2018-07-30,2018,ATL,MIA,5,3,1,-172.0,152.0
2018-07-30,2018,STL,COL,5,4,1,-131.0,116.0
2018-07-30,2018,LAD,MIL,2,5,0,-150.0,135.0
2018-07-30,2018,SDP,SFG,3,5,0,-113.0,103.0
2018-07-30,2018,MIN,CLE,5,4,1,129.0,-144.0
2018-07-30,2018,ATH,TOR,10,1,1,-136.0,121.0
2018-07-30,2018,SEA,HOU,2,0,1,-101.0,-109.0
2018-07-30,2018,BOS,PHI,2,1,1,-151.0,136.0
2018-07-30,2018,ARI,TEX,5,9,0,-203.0,173.0
2018-07-31,2018,SDP,SFG,2,3,0,-115.0,105.0
2018-07-31,2018,WSN,NYM,25,4,1,-181.0,161.0
2018-07-31,2018,PIT,CHC,5,4,1,-121.0,111.0
2018-07-31,2018,ATL,MIA,11,6,1,-172.0,152.0
2018-07-31,2018,STL,COL,3,6,0,-117.0,107.0
2018-07-31,2018,LAD,MIL,0,1,0,-164.0,149.0
2018-07-31,2018,NYY,BAL,6,3,1,-295.0,255.0
2018-07-31,2018,TBR,LAA,10,6,1,100.0,-110.0
2018-07-31,2018,CHW,KCR,2,4,0,-118.0,108.0
2018-07-31,2018,MIN,CLE,2,6,0,141.0,-156.0
2018-07-31,2018,ATH,TOR,6,2,1,-177.0,157.0
2018-07-31,2018,SEA,HOU,2,5,0,151.0,-166.0
2018-07-31,2018,BOS,PHI,1,3,0,-145.0,130.0
2018-07-31,2018,DET,CIN,2,1,1,-105.0,-105.0
2018-07-31,2018,ARI,TEX,6,0,1,-174.0,154.0
2018-08-01,2018,WSN,NYM,5,3,1,-119.0,109.0
2018-08-01,2018,PIT,CHC,2,9,0,117.0,-132.0
2018-08-01,2018,STL,COL,6,3,1,-145.0,130.0
2018-08-01,2018,LAD,MIL,6,4,1,-180.0,160.0
2018-08-01,2018,NYY,BAL,5,7,0,-280.0,240.0
2018-08-01,2018,MIN,CLE,0,2,0,158.0,-178.0
2018-08-01,2018,ATH,TOR,8,3,1,-131.0,116.0
2018-08-01,2018,SEA,HOU,3,8,0,-101.0,-109.0
2018-08-01,2018,TBR,LAA,7,2,1,-134.0,119.0
2018-08-01,2018,CHW,KCR,5,10,0,-132.0,117.0
2018-08-01,2018,DET,CIN,7,4,1,111.0,-121.0
2018-08-02,2018,STL,COL,3,2,1,-138.0,123.0
2018-08-02,2018,PHI,MIA,5,2,1,-187.0,167.0
2018-08-02,2018,WSN,CIN,10,4,1,-290.0,250.0
2018-08-02,2018,NYM,ATL,2,4,0,145.0,-160.0
2018-08-02,2018,CHC,SDP,1,6,0,-158.0,143.0
2018-08-02,2018,LAD,MIL,21,5,1,-211.0,181.0
2018-08-02,2018,ARI,SFG,1,8,0,-180.0,160.0
2018-08-02,2018,TBR,LAA,4,2,1,-137.0,122.0
2018-08-02,2018,CHW,KCR,6,4,1,-148.0,133.0
2018-08-02,2018,BOS,NYY,15,7,1,-105.0,-105.0
2018-08-02,2018,TEX,BAL,17,8,1,-142.0,127.0
2018-08-02,2018,SEA,TOR,3,7,0,-150.0,135.0
2018-08-03,2018,CHC,SDP,5,4,1,-223.0,193.0
2018-08-03,2018,PIT,STL,7,6,1,-157.0,142.0
2018-08-03,2018,PHI,MIA,5,1,1,-179.0,159.0
2018-08-03,2018,NYM,ATL,1,2,0,-157.0,142.0
2018-08-03,2018,MIL,COL,5,3,1,-128.0,118.0
2018-08-03,2018,ARI,SFG,6,3,1,-210.0,180.0
2018-08-03,2018,BOS,NYY,4,1,1,117.0,-127.0
2018-08-03,2018,TBR,CHW,2,3,0,-201.0,171.0
2018-08-03,2018,CLE,LAA,4,7,0,-260.0,220.0
2018-08-03,2018,TEX,BAL,11,3,1,-163.0,148.0
2018-08-03,2018,MIN,KCR,6,4,1,-205.0,175.0
2018-08-03,2018,ATH,DET,1,0,1,-191.0,171.0
2018-08-03,2018,SEA,TOR,2,7,0,-165.0,150.0
2018-08-03,2018,LAD,HOU,1,2,0,-101.0,-109.0
2018-08-04,2018,CHC,SDP,5,4,1,-255.0,215.0
2018-08-04,2018,PIT,STL,4,8,0,-111.0,101.0
2018-08-04,2018,PHI,MIA,8,3,1,-172.0,152.0
2018-08-04,2018,WSN,CIN,6,2,1,-173.0,153.0
2018-08-04,2018,MIL,COL,8,4,1,-147.0,132.0
2018-08-04,2018,NYM,ATL,3,0,1,113.0,-123.0
2018-08-04,2018,ARI,SFG,9,3,1,-146.0,131.0
2018-08-04,2018,BOS,NYY,4,1,1,-160.0,145.0
2018-08-04,2018,TBR,CHW,1,2,0,-140.0,125.0
2018-08-04,2018,CLE,LAA,3,0,1,-300.0,250.0
2018-08-04,2018,MIN,KCR,8,2,1,-235.0,205.0
2018-08-04,2018,TEX,BAL,3,1,1,-145.0,130.0
2018-08-04,2018,ATH,DET,2,1,1,-170.0,150.0
2018-08-04,2018,SEA,TOR,1,5,0,-230.0,200.0
2018-08-04,2018,LAD,HOU,0,14,0,-122.0,112.0
2018-08-04,2018,WSN,CIN,1,7,0,-185.0,165.0
2018-08-05,2018,NYM,ATL,4,5,0,125.0,-140.0
2018-08-05,2018,PHI,MIA,5,3,1,-280.0,240.0
2018-08-05,2018,PIT,STL,1,2,0,109.0,-119.0
2018-08-05,2018,WSN,CIN,2,1,1,-172.0,152.0
2018-08-05,2018,MIL,COL,4,5,0,-107.0,-103.0
2018-08-05,2018,CHC,SDP,6,10,0,-170.0,150.0
2018-08-05,2018,ARI,SFG,2,3,0,-171.0,151.0
2018-08-05,2018,CLE,LAA,4,3,1,-270.0,230.0
2018-08-05,2018,TBR,CHW,7,8,0,-160.0,145.0
2018-08-05,2018,MIN,KCR,6,5,1,-128.0,118.0
2018-08-05,2018,TEX,BAL,6,9,0,-167.0,152.0
2018-08-05,2018,ATH,DET,6,0,1,-265.0,225.0
2018-08-05,2018,SEA,TOR,6,3,1,-159.0,144.0
2018-08-05,2018,BOS,NYY,5,4,1,-105.0,-105.0
2018-08-05,2018,LAD,HOU,3,2,1,-116.0,106.0
2018-08-06,2018,MIA,STL,2,1,1,145.0,-160.0
2018-08-06,2018,NYM,CIN,6,4,1,-165.0,150.0
2018-08-06,2018,COL,PIT,2,0,1,-123.0,113.0
2018-08-06,2018,ARI,PHI,3,2,1,-122.0,112.0
2018-08-06,2018,CLE,MIN,10,0,1,-210.0,180.0
2018-08-06,2018,TEX,SEA,3,4,0,116.0,-126.0
2018-08-06,2018,CHW,NYY,0,7,0,161.0,-181.0
2018-08-06,2018,LAA,DET,6,2,1,-141.0,126.0
2018-08-06,2018,KCR,CHC,1,3,0,175.0,-195.0
2018-08-06,2018,SFG,HOU,1,3,0,119.0,-134.0
2018-08-07,2018,WSN,ATL,1,3,0,-235.0,205.0
2018-08-07,2018,MIA,STL,2,3,0,127.0,-142.0
2018-08-07,2018,NYM,CIN,1,6,0,-137.0,122.0
2018-08-07,2018,MIL,SDP,5,11,0,-190.0,170.0
2018-08-07,2018,COL,PIT,2,10,0,101.0,-111.0
2018-08-07,2018,ARI,PHI,2,5,0,-163.0,148.0
2018-08-07,2018,TOR,BOS,7,10,0,-107.0,-103.0
2018-08-07,2018,TBR,BAL,4,3,1,-173.0,153.0
2018-08-07,2018,CLE,MIN,2,3,0,-245.0,205.0
2018-08-07,2018,TEX,SEA,11,4,1,105.0,-115.0
2018-08-07,2018,CHW,NYY,3,4,0,175.0,-195.0
2018-08-07,2018,LAA,DET,11,5,1,-205.0,175.0
2018-08-07,2018,SFG,HOU,1,2,0,-115.0,105.0
2018-08-07,2018,KCR,CHC,0,5,0,151.0,-171.0
2018-08-07,2018,ATH,LAD,2,4,0,106.0,-116.0
2018-08-07,2018,WSN,ATL,8,3,1,107.0,-117.0
2018-08-08,2018,NYM,CIN,8,0,1,-205.0,175.0
2018-08-08,2018,COL,PIT,3,4,0,-124.0,114.0
2018-08-08,2018,ARI,PHI,6,0,1,-190.0,170.0
2018-08-08,2018,WSN,ATL,3,8,0,-140.0,125.0
2018-08-08,2018,MIA,STL,1,7,0,103.0,-113.0
2018-08-08,2018,MIL,SDP,8,4,1,-204.0,174.0
2018-08-08,2018,TEX,SEA,11,7,1,143.0,-158.0
2018-08-08,2018,LAA,DET,6,0,1,-131.0,116.0
2018-08-08,2018,TOR,BOS,5,10,0,135.0,-150.0
2018-08-08,2018,CLE,MIN,5,2,1,-210.0,180.0
2018-08-08,2018,TBR,BAL,4,5,0,-175.0,155.0
2018-08-08,2018,CHW,NYY,3,7,0,220.0,-260.0
2018-08-08,2018,KCR,CHC,9,0,1,190.0,-220.0
2018-08-08,2018,ATH,LAD,3,2,1,157.0,-177.0
2018-08-09,2018,WSN,ATL,6,3,1,-122.0,112.0
2018-08-09,2018,MIL,SDP,4,8,0,-182.0,162.0
2018-08-09,2018,COL,LAD,5,8,0,117.0,-132.0
2018-08-09,2018,SFG,PIT,5,10,0,-145.0,130.0
2018-08-09,2018,CLE,MIN,5,4,1,-210.0,180.0
2018-08-09,2018,NYY,TEX,7,3,1,-230.0,200.0
2018-08-09,2018,TOR,BOS,8,5,1,145.0,-160.0
2018-08-09,2018,TBR,BAL,5,4,1,-206.0,176.0
2018-08-09,2018,HOU,SEA,6,8,0,-135.0,120.0
2018-08-10,2018,CHC,WSN,3,2,1,-137.0,122.0
2018-08-10,2018,MIA,NYM,2,6,0,111.0,-121.0
2018-08-10,2018,CIN,ARI,3,0,1,112.0,-122.0
2018-08-10,2018,ATL,MIL,10,1,1,-104.0,-106.0
2018-08-10,2018,COL,LAD,5,4,1,-105.0,-105.0
2018-08-10,2018,SDP,PHI,2,0,1,138.0,-153.0
2018-08-10,2018,SFG,PIT,13,10,1,-118.0,108.0
2018-08-10,2018,NYY,TEX,7,12,0,-220.0,190.0
2018-08-10,2018,BAL,BOS,12,19,0,205.0,-235.0
2018-08-10,2018,TOR,TBR,0,7,0,109.0,-119.0
2018-08-10,2018,DET,MIN,5,3,1,-107.0,-103.0
2018-08-10,2018,CHW,CLE,1,0,1,130.0,-145.0
2018-08-10,2018,HOU,SEA,2,5,0,-195.0,175.0
2018-08-10,2018,LAA,ATH,4,3,1,118.0,-133.0
2018-08-10,2018,KCR,STL,0,7,0,130.0,-145.0
2018-08-11,2018,CHC,WSN,4,9,0,-130.0,115.0
2018-08-11,2018,CIN,ARI,6,3,1,146.0,-161.0
2018-08-11,2018,ATL,MIL,2,4,0,-109.0,-101.0
2018-08-11,2018,MIA,NYM,4,3,1,-101.0,-109.0
2018-08-11,2018,COL,LAD,3,2,1,123.0,-138.0
2018-08-11,2018,SDP,PHI,1,5,0,160.0,-180.0
2018-08-11,2018,SFG,PIT,0,4,0,-131.0,116.0
2018-08-11,2018,NYY,TEX,5,3,1,-215.0,185.0
2018-08-11,2018,TOR,TBR,1,3,0,-103.0,-107.0
2018-08-11,2018,DET,MIN,3,4,0,116.0,-131.0
2018-08-11,2018,BAL,BOS,4,6,0,190.0,-220.0
2018-08-11,2018,CHW,CLE,1,3,0,190.0,-220.0
2018-08-11,2018,HOU,SEA,2,3,0,-201.0,171.0
2018-08-11,2018,LAA,ATH,0,7,0,-115.0,105.0
2018-08-11,2018,KCR,STL,3,8,0,150.0,-170.0
2018-08-11,2018,BAL,BOS,0,5,0,230.0,-270.0
2018-08-12,2018,MIA,NYM,3,4,0,155.0,-175.0
2018-08-12,2018,CIN,ARI,2,9,0,-102.0,-108.0
2018-08-12,2018,ATL,MIL,8,7,1,-135.0,120.0
2018-08-12,2018,COL,LAD,4,3,1,169.0,-189.0
2018-08-12,2018,SDP,PHI,9,3,1,109.0,-119.0
2018-08-12,2018,SFG,PIT,4,3,1,-107.0,-103.0
2018-08-12,2018,CHC,WSN,4,3,1,118.0,-133.0
2018-08-12,2018,NYY,TEX,7,2,1,-210.0,180.0
2018-08-12,2018,BAL,BOS,1,4,0,289.0,-339.0
2018-08-12,2018,TOR,TBR,2,1,1,-132.0,117.0
2018-08-12,2018,DET,MIN,4,2,1,102.0,-112.0
2018-08-12,2018,CHW,CLE,7,9,0,190.0,-220.0
2018-08-12,2018,HOU,SEA,3,4,0,-191.0,171.0
2018-08-12,2018,LAA,ATH,7,8,0,125.0,-140.0
2018-08-12,2018,KCR,STL,2,8,0,128.0,-143.0
2018-08-13,2018,ATL,MIA,6,1,1,-310.0,260.0
2018-08-13,2018,STL,WSN,7,6,1,-131.0,116.0
2018-08-13,2018,LAD,SFG,2,5,0,-200.0,170.0
2018-08-13,2018,DET,CHW,9,5,1,-105.0,-105.0
2018-08-13,2018,KCR,TOR,3,1,1,116.0,-131.0
2018-08-13,2018,ATH,SEA,7,6,1,-136.0,121.0
2018-08-13,2018,CIN,CLE,3,10,0,159.0,-179.0
2018-08-13,2018,TEX,ARI,5,3,1,152.0,-172.0
2018-08-13,2018,SDP,LAA,3,6,0,-324.0,274.0
2018-08-13,2018,ATL,MIA,9,1,1,-195.0,175.0
2018-08-13,2018,NYY,NYM,5,8,0,-210.0,180.0
2018-08-14,2018,CHC,MIL,0,7,0,-136.0,121.0
2018-08-14,2018,ATL,MIA,10,6,1,-200.0,170.0
2018-08-14,2018,STL,WSN,6,4,1,-108.0,-102.0
2018-08-14,2018,LAD,SFG,1,2,0,-192.0,172.0
2018-08-14,2018,NYY,TBR,4,1,1,-205.0,175.0
2018-08-14,2018,DET,CHW,3,6,0,-131.0,116.0
2018-08-14,2018,KCR,TOR,5,6,0,132.0,-147.0
2018-08-14,2018,ATH,SEA,3,2,1,120.0,-135.0
2018-08-14,2018,PHI,BOS,1,2,0,108.0,-118.0
2018-08-14,2018,BAL,NYM,6,3,1,261.0,-311.0
2018-08-14,2018,CIN,CLE,1,8,0,175.0,-205.0
2018-08-14,2018,TEX,ARI,4,6,0,154.0,-174.0
2018-08-14,2018,MIN,PIT,5,2,1,119.0,-129.0
2018-08-14,2018,HOU,COL,1,5,0,-202.0,172.0
2018-08-14,2018,SDP,LAA,3,7,0,-131.0,116.0
2018-08-15,2018,CHC,MIL,8,4,1,-140.0,125.0
2018-08-15,2018,ATL,MIA,5,2,1,-240.0,200.0
2018-08-15,2018,STL,WSN,4,2,1,-115.0,105.0
2018-08-15,2018,LAD,SFG,4,3,1,-180.0,160.0
2018-08-15,2018,DET,CHW,5,6,0,-115.0,105.0
2018-08-15,2018,ATH,SEA,0,2,0,-111.0,101.0
2018-08-15,2018,NYY,TBR,1,6,0,-185.0,165.0
2018-08-15,2018,KCR,TOR,5,6,0,114.0,-124.0
2018-08-15,2018,MIN,PIT,6,4,1,-115.0,105.0
2018-08-15,2018,BAL,NYM,5,16,0,116.0,-126.0
2018-08-15,2018,PHI,BOS,7,4,1,-105.0,-105.0
2018-08-15,2018,CIN,CLE,3,4,0,153.0,-168.0
2018-08-15,2018,HOU,COL,12,1,1,-203.0,173.0
2018-08-15,2018,SDP,LAA,2,3,0,-127.0,117.0
2018-08-16,2018,PHI,NYM,4,24,0,-152.0,137.0
2018-08-16,2018,PHI,NYM,9,6,1,-190.0,170.0
2018-08-16,2018,PIT,CHC,0,1,0,109.0,-119.0
2018-08-16,2018,STL,WSN,4,5,0,-112.0,102.0
2018-08-16,2018,ATL,COL,3,5,0,-311.0,261.0
2018-08-16,2018,SDP,ARI,1,5,0,125.0,-140.0
2018-08-16,2018,NYY,TBR,1,3,0,-171.0,151.0
2018-08-16,2018,TEX,LAA,8,6,1,-111.0,101.0
2018-08-16,2018,MIN,DET,15,8,1,-171.0,151.0
2018-08-16,2018,KCR,TOR,6,2,1,118.0,-133.0
2018-08-17,2018,PHI,NYM,4,2,1,-160.0,145.0
2018-08-17,2018,WSN,MIA,8,2,1,-380.0,320.0
2018-08-17,2018,PIT,CHC,0,1,0,117.0,-127.0
2018-08-17,2018,CIN,SFG,2,1,1,-110.0,100.0
2018-08-17,2018,ATL,COL,5,11,0,-127.0,117.0
2018-08-17,2018,STL,MIL,5,2,1,-121.0,111.0
2018-08-17,2018,SDP,ARI,4,9,0,116.0,-126.0
2018-08-17,2018,NYY,TOR,6,5,1,-180.0,160.0
2018-08-17,2018,CLE,BAL,2,1,1,-357.0,297.0
2018-08-17,2018,BOS,TBR,7,3,1,-185.0,165.0
2018-08-17,2018,TEX,LAA,6,4,1,-111.0,101.0
2018-08-17,2018,MIN,DET,5,4,1,-174.0,154.0
2018-08-17,2018,CHW,KCR,9,3,1,-141.0,126.0
2018-08-17,2018,ATH,HOU,4,3,1,133.0,-148.0
2018-08-17,2018,SEA,LAD,1,11,0,119.0,-134.0
2018-08-18,2018,PHI,NYM,1,3,0,-105.0,-105.0
2018-08-18,2018,WSN,MIA,5,7,0,-195.0,175.0
2018-08-18,2018,PIT,CHC,3,1,1,-150.0,135.0
2018-08-18,2018,CIN,SFG,7,1,1,152.0,-167.0
2018-08-18,2018,ATL,COL,3,5,0,-162.0,147.0
2018-08-18,2018,STL,MIL,7,2,1,-152.0,137.0
2018-08-18,2018,SDP,ARI,7,6,1,145.0,-160.0
2018-08-18,2018,NYY,TOR,11,6,1,-330.0,280.0
2018-08-18,2018,CLE,BAL,2,4,0,-185.0,165.0
2018-08-18,2018,ATH,HOU,7,1,1,-103.0,-107.0
2018-08-18,2018,BOS,TBR,5,2,1,-215.0,185.0
2018-08-18,2018,CHW,KCR,1,3,0,-129.0,119.0
2018-08-18,2018,MIN,DET,5,7,0,-172.0,152.0
2018-08-18,2018,TEX,LAA,7,11,0,121.0,-136.0
2018-08-18,2018,SEA,LAD,5,4,1,135.0,-150.0
2018-08-19,2018,CIN,SFG,11,4,1,-104.0,-106.0
2018-08-19,2018,PIT,CHC,2,1,1,-119.0,109.0
2018-08-19,2018,WSN,MIA,1,12,0,-234.0,204.0
2018-08-19,2018,ATL,COL,2,4,0,-131.0,116.0
2018-08-19,2018,STL,MIL,1,2,0,-109.0,-101.0
2018-08-19,2018,SDP,ARI,3,4,0,170.0,-200.0
2018-08-19,2018,PHI,NYM,2,8,0,-190.0,170.0
2018-08-19,2018,BOS,TBR,0,2,0,-190.0,170.0
2018-08-19,2018,NYY,TOR,10,2,1,-234.0,204.0
2018-08-19,2018,CLE,BAL,8,0,1,-253.0,213.0
2018-08-19,2018,MIN,DET,5,4,1,-185.0,165.0
2018-08-19,2018,CHW,KCR,7,6,1,-151.0,136.0
2018-08-19,2018,TEX,LAA,4,2,1,-105.0,-105.0
2018-08-19,2018,ATH,HOU,4,9,0,154.0,-169.0
2018-08-19,2018,SEA,LAD,1,12,0,175.0,-195.0
2018-08-20,2018,PIT,ATL,0,1,0,-126.0,116.0
2018-08-20,2018,NYM,SFG,1,2,0,101.0,-111.0
2018-08-20,2018,MIL,CIN,5,2,1,-230.0,200.0
2018-08-20,2018,LAD,STL,3,5,0,-205.0,175.0
2018-08-20,2018,TOR,BAL,5,3,1,-175.0,155.0
2018-08-20,2018,TBR,KCR,1,0,1,-209.0,179.0
2018-08-20,2018,BOS,CLE,4,5,0,-311.0,261.0
2018-08-20,2018,MIN,CHW,5,8,0,-163.0,148.0
2018-08-20,2018,ATH,TEX,9,0,1,-190.0,170.0
2018-08-20,2018,SEA,HOU,7,4,1,150.0,-170.0
2018-08-21,2018,PIT,ATL,1,6,0,106.0,-116.0
2018-08-21,2018,WSN,PHI,10,4,1,-129.0,119.0
2018-08-21,2018,NYM,SFG,6,3,1,-110.0,100.0
2018-08-21,2018,MIL,CIN,7,9,0,-200.0,170.0
2018-08-21,2018,COL,SDP,3,4,0,-175.0,155.0
2018-08-21,2018,LAD,STL,2,5,0,-175.0,155.0
2018-08-21,2018,TOR,BAL,8,2,1,-139.0,124.0
2018-08-21,2018,BOS,CLE,3,6,0,-157.0,142.0
2018-08-21,2018,TBR,KCR,4,1,1,-280.0,240.0
2018-08-21,2018,CHW,MIN,2,5,0,101.0,-111.0
2018-08-21,2018,ATH,TEX,6,0,1,-220.0,190.0
2018-08-21,2018,SEA,HOU,2,3,0,116.0,-131.0
2018-08-21,2018,DET,CHC,2,1,1,175.0,-205.0
2018-08-21,2018,MIA,NYY,1,2,0,190.0,-220.0
2018-08-21,2018,ARI,LAA,5,4,1,-215.0,185.0
2018-08-22,2018,MIL,CIN,4,0,1,-271.0,231.0
2018-08-22,2018,PIT,ATL,1,2,0,-101.0,-109.0
2018-08-22,2018,WSN,PHI,8,7,1,-153.0,138.0
2018-08-22,2018,NYM,SFG,5,3,1,-156.0,141.0
2018-08-22,2018,COL,SDP,6,2,1,-275.0,235.0
2018-08-22,2018,LAD,STL,1,3,0,-176.0,156.0
2018-08-22,2018,TOR,BAL,6,0,1,-170.0,150.0
2018-08-22,2018,CHW,MIN,7,3,1,-109.0,-101.0
2018-08-22,2018,ATH,TEX,2,4,0,-154.0,139.0
2018-08-22,2018,SEA,HOU,7,10,0,137.0,-152.0
2018-08-22,2018,TBR,KCR,6,3,1,-180.0,160.0
2018-08-22,2018,BOS,CLE,10,4,1,114.0,-124.0
2018-08-22,2018,MIA,NYY,9,3,1,150.0,-170.0
2018-08-22,2018,DET,CHC,2,8,0,160.0,-180.0
2018-08-22,2018,ARI,LAA,5,1,1,-218.0,188.0
2018-08-23,2018,WSN,PHI,0,2,0,-161.0,146.0
2018-08-23,2018,NYM,SFG,1,3,0,-147.0,132.0
2018-08-23,2018,COL,SDP,4,3,1,-207.0,177.0
2018-08-23,2018,MIA,ATL,0,5,0,170.0,-190.0
2018-08-23,2018,CHC,CIN,7,1,1,-205.0,175.0
2018-08-23,2018,BOS,CLE,7,0,1,-200.0,170.0
2018-08-23,2018,DET,CHW,7,2,1,-129.0,119.0
2018-08-23,2018,TBR,KCR,4,3,1,-175.0,155.0
2018-08-23,2018,MIN,ATH,6,4,1,152.0,-172.0
2018-08-24,2018,CHC,CIN,3,2,1,-202.0,172.0
2018-08-24,2018,NYM,WSN,3,0,1,129.0,-144.0
2018-08-24,2018,MIA,ATL,1,0,1,172.0,-192.0
2018-08-24,2018,MIL,PIT,7,6,1,-126.0,116.0
2018-08-24,2018,COL,STL,5,7,0,106.0,-116.0
2018-08-24,2018,LAD,SDP,11,1,1,-248.0,208.0
2018-08-24,2018,BAL,NYY,5,7,0,164.0,-184.0
2018-08-24,2018,TBR,BOS,10,3,1,109.0,-119.0
2018-08-24,2018,DET,CHW,3,6,0,-140.0,125.0
2018-08-24,2018,MIN,ATH,1,7,0,118.0,-133.0
2018-08-24,2018,KCR,CLE,5,4,1,181.0,-211.0
2018-08-24,2018,LAA,HOU,3,9,0,119.0,-134.0
2018-08-24,2018,TOR,PHI,4,2,1,119.0,-129.0
2018-08-24,2018,ARI,SEA,3,6,0,-165.0,150.0
2018-08-24,2018,SFG,TEX,6,7,0,-174.0,154.0
2018-08-25,2018,CHC,CIN,10,6,1,-174.0,154.0
2018-08-25,2018,NYM,WSN,3,0,1,-108.0,-102.0
2018-08-25,2018,MIA,ATL,3,1,1,155.0,-175.0
2018-08-25,2018,MIL,PIT,1,9,0,-137.0,122.0
2018-08-25,2018,COL,STL,9,1,1,-163.0,148.0
2018-08-25,2018,LAD,SDP,5,4,1,-375.0,315.0
2018-08-25,2018,BAL,NYY,3,10,0,210.0,-250.0
2018-08-25,2018,DET,CHW,1,6,0,-119.0,109.0
2018-08-25,2018,TBR,BOS,5,1,1,144.0,-159.0
2018-08-25,2018,BAL,NYY,1,5,0,170.0,-190.0
2018-08-25,2018,MIN,ATH,2,6,0,143.0,-158.0
2018-08-25,2018,KCR,CLE,7,1,1,253.0,-303.0
2018-08-25,2018,LAA,HOU,3,8,0,183.0,-213.0
2018-08-25,2018,SFG,TEX,5,3,1,-150.0,135.0
2018-08-25,2018,TOR,PHI,8,6,1,121.0,-136.0
2018-08-25,2018,ARI,SEA,3,4,0,-151.0,136.0
2018-08-26,2018,NYM,WSN,0,15,0,-105.0,-105.0
2018-08-26,2018,MIA,ATL,0,4,0,165.0,-185.0
2018-08-26,2018,MIL,PIT,7,4,1,-134.0,119.0
2018-08-26,2018,CHC,CIN,9,0,1,-285.0,245.0
2018-08-26,2018,COL,STL,3,12,0,-148.0,133.0
2018-08-26,2018,LAD,SDP,7,3,1,-230.0,200.0
2018-08-26,2018,BAL,NYY,3,5,0,235.0,-275.0
2018-08-26,2018,TBR,BOS,9,1,1,-113.0,103.0
2018-08-26,2018,DET,CHW,2,7,0,105.0,-115.0
2018-08-26,2018,MIN,ATH,2,6,0,-124.0,114.0
2018-08-26,2018,KCR,CLE,5,12,0,200.0,-230.0
2018-08-26,2018,LAA,HOU,1,3,0,114.0,-124.0
2018-08-26,2018,TOR,PHI,3,8,0,108.0,-118.0
2018-08-26,2018,SFG,TEX,3,1,1,-151.0,136.0
2018-08-26,2018,ARI,SEA,5,2,1,-167.0,152.0
2018-08-27,2018,PHI,WSN,3,5,0,100.0,-110.0
2018-08-27,2018,CHC,NYM,7,4,1,-129.0,119.0
2018-08-27,2018,SFG,ARI,2,0,1,154.0,-174.0
2018-08-27,2018,NYY,CHW,2,6,0,-255.0,215.0
2018-08-27,2018,BAL,TOR,7,0,1,116.0,-131.0
2018-08-27,2018,HOU,ATH,11,4,1,-200.0,170.0
2018-08-27,2018,LAA,COL,10,7,1,130.0,-145.0
2018-08-28,2018,PHI,WSN,4,5,0,100.0,-110.0
2018-08-28,2018,CIN,MIL,9,7,1,113.0,-123.0
2018-08-28,2018,CHC,NYM,1,1,0,-117.0,107.0
2018-08-28,2018,STL,PIT,5,2,1,-167.0,152.0
2018-08-28,2018,SFG,ARI,1,0,1,-105.0,-105.0
2018-08-28,2018,NYY,CHW,5,4,1,-247.0,207.0
2018-08-28,2018,BAL,TOR,12,5,1,108.0,-118.0
2018-08-28,2018,CLE,MIN,8,1,1,-233.0,203.0
2018-08-28,2018,HOU,ATH,3,4,0,-226.0,196.0
2018-08-28,2018,KCR,DET,6,2,1,-118.0,108.0
2018-08-28,2018,BOS,MIA,8,7,1,-260.0,220.0
2018-08-28,2018,ATL,TBR,9,5,1,-127.0,117.0
2018-08-28,2018,TEX,LAD,4,8,0,200.0,-240.0
2018-08-28,2018,LAA,COL,2,3,0,112.0,-122.0
2018-08-28,2018,SDP,SEA,2,1,1,102.0,-112.0
2018-08-29,2018,CHC,NYM,3,10,0,-183.0,163.0
2018-08-29,2018,PHI,WSN,8,6,1,-139.0,124.0
2018-08-29,2018,CIN,MIL,12,13,0,135.0,-150.0
2018-08-29,2018,STL,PIT,0,2,0,-157.0,142.0
2018-08-29,2018,SFG,ARI,1,3,0,109.0,-119.0
2018-08-29,2018,HOU,ATH,5,4,1,-150.0,135.0
2018-08-29,2018,KCR,DET,9,2,1,-109.0,-101.0
2018-08-29,2018,NYY,CHW,1,4,0,-275.0,235.0
2018-08-29,2018,BAL,TOR,10,5,1,104.0,-114.0
2018-08-29,2018,CLE,MIN,3,4,0,-183.0,163.0
2018-08-29,2018,SDP,SEA,8,3,1,-218.0,188.0
2018-08-29,2018,BOS,MIA,14,6,1,-360.0,300.0
2018-08-29,2018,ATL,TBR,5,8,0,-129.0,119.0
2018-08-29,2018,TEX,LAD,1,3,0,150.0,-165.0
2018-08-30,2018,CIN,MIL,1,2,0,130.0,-145.0
2018-08-30,2018,STL,PIT,5,0,1,-115.0,105.0
2018-08-30,2018,ATL,CHC,4,5,0,-132.0,117.0
2018-08-30,2018,LAD,ARI,1,3,0,-155.0,140.0
2018-08-30,2018,SDP,COL,3,2,1,128.0,-143.0
2018-08-30,2018,CLE,MIN,5,3,1,-210.0,180.0
2018-08-30,2018,NYY,DET,7,8,0,-340.0,290.0
2018-08-30,2018,HOU,LAA,2,5,0,-265.0,225.0
2018-08-30,2018,CHW,BOS,4,9,0,185.0,-215.0
2018-08-30,2018,ATH,SEA,1,7,0,-136.0,121.0
2018-08-31,2018,WSN,MIL,1,4,0,-121.0,111.0
2018-08-31,2018,PHI,CHC,2,1,1,-124.0,114.0
2018-08-31,2018,ATL,PIT,2,3,0,-127.0,117.0
2018-08-31,2018,STL,CIN,12,5,1,-180.0,160.0
2018-08-31,2018,LAD,ARI,3,2,1,-140.0,125.0
2018-08-31,2018,SDP,COL,7,0,1,105.0,-115.0
2018-08-31,2018,SFG,NYM,7,0,1,-105.0,-105.0
2018-08-31,2018,NYY,DET,7,5,1,-362.0,302.0
2018-08-31,2018,CLE,TBR,3,0,1,-185.0,165.0
2018-08-31,2018,TEX,MIN,7,10,0,-115.0,105.0
2018-08-31,2018,CHW,BOS,6,1,1,150.0,-165.0
2018-08-31,2018,HOU,LAA,0,3,0,-190.0,170.0
2018-08-31,2018,KCR,BAL,9,2,1,-124.0,114.0
2018-08-31,2018,ATH,SEA,7,5,1,-134.0,119.0
2018-08-31,2018,MIA,TOR,5,6,0,103.0,-113.0
2018-09-01,2018,SFG,NYM,1,2,0,-128.0,118.0
2018-09-01,2018,PHI,CHC,1,7,0,117.0,-127.0
2018-09-01,2018,WSN,MIL,5,4,1,-134.0,119.0
2018-09-01,2018,ATL,PIT,5,3,1,-117.0,107.0
2018-09-01,2018,STL,CIN,0,4,0,-124.0,114.0
2018-09-01,2018,SDP,COL,2,4,0,121.0,-136.0
2018-09-01,2018,LAD,ARI,3,2,1,-155.0,140.0
2018-09-01,2018,NYY,DET,2,1,1,-360.0,300.0
2018-09-01,2018,HOU,LAA,7,3,1,-187.0,167.0
2018-09-01,2018,CHW,BOS,1,6,0,184.0,-214.0
2018-09-01,2018,CLE,TBR,3,5,0,-134.0,119.0
2018-09-01,2018,KCR,BAL,5,4,1,106.0,-116.0
2018-09-01,2018,TEX,MIN,7,4,1,109.0,-119.0
2018-09-01,2018,ATH,SEA,7,8,0,116.0,-126.0
2018-09-01,2018,MIA,TOR,6,3,1,-101.0,-109.0
2018-09-02,2018,WSN,MIL,4,9,0,-101.0,-109.0
2018-09-02,2018,PHI,CHC,1,8,0,-126.0,116.0
2018-09-02,2018,STL,CIN,4,6,0,-150.0,135.0
2018-09-02,2018,SFG,NYM,1,4,0,133.0,-148.0
2018-09-02,2018,LAD,ARI,3,2,1,-200.0,170.0
2018-09-02,2018,SDP,COL,3,7,0,126.0,-141.0
2018-09-02,2018,ATL,PIT,5,1,1,-182.0,162.0
2018-09-02,2018,NYY,DET,7,11,0,-256.0,216.0
2018-09-02,2018,CHW,BOS,8,0,1,170.0,-200.0
2018-09-02,2018,KCR,BAL,9,1,1,-127.0,117.0
2018-09-02,2018,TEX,MIN,18,4,1,-109.0,-101.0
2018-09-02,2018,ATH,SEA,8,2,1,-112.0,102.0
2018-09-02,2018,CLE,TBR,4,6,0,-205.0,175.0
2018-09-02,2018,HOU,LAA,4,2,1,-222.0,192.0
2018-09-02,2018,MIA,TOR,1,6,0,-107.0,-103.0
2018-09-03,2018,WSN,STL,4,3,1,-190.0,170.0
2018-09-03,2018,MIA,PHI,3,1,1,125.0,-140.0
2018-09-03,2018,PIT,CIN,5,1,1,-129.0,119.0
2018-09-03,2018,MIL,CHC,4,3,1,116.0,-126.0
2018-09-03,2018,COL,SFG,9,8,1,-151.0,136.0
2018-09-03,2018,LAD,NYM,2,4,0,-140.0,125.0
2018-09-03,2018,ARI,SDP,2,6,0,-214.0,184.0
2018-09-03,2018,CHW,DET,4,2,1,-119.0,109.0
2018-09-03,2018,HOU,MIN,4,1,1,-240.0,200.0
2018-09-03,2018,ATH,NYY,6,3,1,-114.0,104.0
2018-09-03,2018,CLE,KCR,1,5,0,-200.0,170.0
2018-09-03,2018,TOR,TBR,1,7,0,-107.0,-103.0
2018-09-03,2018,TEX,LAA,1,3,0,-137.0,122.0
2018-09-03,2018,SEA,BAL,2,1,1,-240.0,200.0
2018-09-03,2018,ATL,BOS,2,8,0,119.0,-129.0
2018-09-04,2018,WSN,STL,8,11,0,-119.0,109.0
2018-09-04,2018,PIT,CIN,7,3,1,-140.0,125.0
2018-09-04,2018,MIA,PHI,4,9,0,119.0,-134.0
2018-09-04,2018,MIL,CHC,11,1,1,100.0,-110.0
2018-09-04,2018,COL,SFG,6,2,1,-195.0,175.0
2018-09-04,2018,ARI,SDP,6,0,1,-184.0,164.0
2018-09-04,2018,LAD,NYM,11,4,1,-245.0,205.0
2018-09-04,2018,TOR,TBR,0,4,0,111.0,-121.0
2018-09-04,2018,CLE,KCR,9,3,1,-240.0,200.0
2018-09-04,2018,TEX,LAA,4,2,1,101.0,-111.0
2018-09-04,2018,CHW,DET,3,8,0,-161.0,146.0
2018-09-04,2018,HOU,MIN,5,2,1,-300.0,250.0
2018-09-04,2018,ATH,NYY,1,5,0,113.0,-123.0
2018-09-04,2018,SEA,BAL,3,5,0,-202.0,172.0
2018-09-04,2018,ATL,BOS,1,5,0,116.0,-126.0
2018-09-05,2018,WSN,STL,6,7,0,-107.0,-103.0
2018-09-05,2018,PIT,CIN,3,2,1,-190.0,170.0
2018-09-05,2018,MIA,PHI,2,1,1,170.0,-190.0
2018-09-05,2018,LAD,NYM,3,7,0,-187.0,167.0
2018-09-05,2018,MIL,CHC,4,6,0,-107.0,-103.0
2018-09-05,2018,COL,SFG,5,3,1,-160.0,145.0
2018-09-05,2018,CLE,KCR,3,1,1,-326.0,276.0
2018-09-05,2018,TOR,TBR,10,3,1,125.0,-140.0
2018-09-05,2018,TEX,LAA,3,9,0,-126.0,116.0
2018-09-05,2018,HOU,MIN,9,1,1,-230.0,200.0
2018-09-05,2018,CHW,DET,2,10,0,-151.0,136.0
2018-09-05,2018,ATH,NYY,8,2,1,138.0,-153.0
2018-09-05,2018,SEA,BAL,5,2,1,-238.0,208.0
2018-09-05,2018,ATL,BOS,8,9,0,-173.0,153.0
2018-09-06,2018,CIN,SDP,2,6,0,-165.0,150.0
2018-09-06,2018,WSN,CHC,4,6,0,-105.0,-105.0
2018-09-06,2018,ARI,ATL,6,7,0,-164.0,149.0
2018-09-06,2018,TOR,CLE,4,9,0,145.0,-160.0
2018-09-07,2018,CIN,SDP,12,6,1,-153.0,138.0
2018-09-07,2018,PIT,MIA,5,3,1,-210.0,180.0
2018-09-07,2018,NYM,PHI,3,4,0,140.0,-155.0
2018-09-07,2018,MIL,SFG,4,2,1,-178.0,158.0
2018-09-07,2018,COL,LAD,2,4,0,135.0,-150.0
2018-09-07,2018,ARI,ATL,5,3,1,-195.0,175.0
2018-09-07,2018,TOR,CLE,3,2,1,200.0,-240.0
2018-09-07,2018,TBR,BAL,14,2,1,-275.0,235.0
2018-09-07,2018,BOS,HOU,3,6,0,105.0,-115.0
2018-09-07,2018,MIN,KCR,10,6,1,-170.0,150.0
2018-09-07,2018,CHW,LAA,2,5,0,107.0,-117.0
2018-09-07,2018,ATH,TEX,8,4,1,-186.0,166.0
2018-09-07,2018,SEA,NYY,0,4,0,-111.0,101.0
2018-09-07,2018,DET,STL,5,3,1,121.0,-136.0
2018-09-08,2018,PIT,MIA,5,1,1,-160.0,145.0
2018-09-08,2018,CIN,SDP,7,2,1,-119.0,109.0
2018-09-08,2018,WSN,CHC,10,3,1,-200.0,170.0
2018-09-08,2018,MIL,SFG,4,3,1,-194.0,174.0
2018-09-08,2018,NYM,PHI,10,5,1,-146.0,131.0
2018-09-08,2018,ARI,ATL,4,5,0,-134.0,119.0
2018-09-08,2018,COL,LAD,4,2,1,116.0,-126.0
2018-09-08,2018,BOS,HOU,3,5,0,-121.0,111.0
2018-09-08,2018,ATH,TEX,8,6,1,-180.0,160.0
2018-09-08,2018,TOR,CLE,8,9,0,119.0,-134.0
2018-09-08,2018,TBR,BAL,10,5,1,-245.0,205.0
2018-09-08,2018,MIN,KCR,1,4,0,-210.0,180.0
2018-09-08,2018,CHW,LAA,3,12,0,127.0,-142.0
2018-09-08,2018,SEA,NYY,2,4,0,103.0,-113.0
2018-09-08,2018,DET,STL,4,3,1,152.0,-172.0
2018-09-08,2018,WSN,CHC,6,5,1,158.0,-178.0
2018-09-09,2018,NYM,PHI,6,4,1,115.0,-130.0
2018-09-09,2018,CIN,SDP,6,7,0,-140.0,125.0
2018-09-09,2018,MIL,SFG,6,3,1,-150.0,135.0
2018-09-09,2018,COL,LAD,6,9,0,101.0,-111.0
2018-09-09,2018,ARI,ATL,5,9,0,-139.0,124.0
2018-09-09,2018,TOR,CLE,6,2,1,165.0,-185.0
2018-09-09,2018,TBR,BAL,8,3,1,-260.0,220.0
2018-09-09,2018,MIN,KCR,3,1,1,-134.0,119.0
2018-09-09,2018,CHW,LAA,0,1,0,144.0,-159.0
2018-09-09,2018,ATH,TEX,7,3,1,-224.0,194.0
2018-09-09,2018,SEA,NYY,3,2,1,115.0,-125.0
2018-09-09,2018,BOS,HOU,6,5,1,-105.0,-105.0
2018-09-09,2018,DET,STL,2,5,0,117.0,-132.0
2018-09-10,2018,CIN,LAD,10,6,1,175.0,-205.0
2018-09-10,2018,CHC,MIL,2,3,0,-131.0,116.0
2018-09-10,2018,STL,PIT,8,7,1,-136.0,121.0
2018-09-10,2018,COL,ARI,13,2,1,-150.0,135.0
2018-09-10,2018,SFG,ATL,1,4,0,108.0,-118.0
2018-09-10,2018,DET,HOU,2,3,0,300.0,-360.0
2018-09-10,2018,TBR,CLE,6,5,1,135.0,-150.0
2018-09-10,2018,MIN,NYY,2,7,0,169.0,-189.0
2018-09-10,2018,KCR,CHW,4,3,1,-131.0,116.0
2018-09-10,2018,LAA,TEX,2,5,0,-126.0,116.0
2018-09-11,2018,CIN,LAD,3,1,1,155.0,-175.0
2018-09-11,2018,PHI,WSN,6,7,0,-133.0,118.0
2018-09-11,2018,NYM,MIA,3,5,0,-270.0,230.0
2018-09-11,2018,CHC,MIL,3,0,1,-124.0,114.0
2018-09-11,2018,STL,PIT,11,5,1,-140.0,125.0
2018-09-11,2018,COL,ARI,3,6,0,109.0,-119.0
2018-09-11,2018,SFG,ATL,1,4,0,130.0,-145.0
2018-09-11,2018,DET,HOU,4,5,0,163.0,-183.0
2018-09-11,2018,BAL,ATH,2,3,0,169.0,-189.0
2018-09-11,2018,TBR,CLE,0,2,0,120.0,-135.0
2018-09-11,2018,BOS,TOR,7,2,1,-330.0,280.0
2018-09-11,2018,MIN,NYY,10,5,1,162.0,-182.0
2018-09-11,2018,KCR,CHW,6,3,1,-117.0,107.0
2018-09-11,2018,LAA,TEX,1,0,1,-174.0,154.0
2018-09-11,2018,SEA,SDP,1,2,0,-210.0,180.0
2018-09-11,2018,PHI,WSN,1,3,0,-142.0,127.0
2018-09-12,2018,CIN,LAD,1,8,0,163.0,-183.0
2018-09-12,2018,STL,PIT,3,4,0,-116.0,106.0
2018-09-12,2018,SFG,ATL,1,2,0,126.0,-141.0
2018-09-12,2018,PHI,WSN,1,5,0,-126.0,116.0
2018-09-12,2018,CHC,MIL,1,5,0,-161.0,146.0
2018-09-12,2018,COL,ARI,5,4,1,109.0,-119.0
2018-09-12,2018,DET,HOU,4,5,0,240.0,-280.0
2018-09-12,2018,TBR,CLE,3,1,1,-107.0,-103.0
2018-09-12,2018,BAL,ATH,0,10,0,180.0,-210.0
2018-09-12,2018,BOS,TOR,1,0,1,-295.0,255.0
2018-09-12,2018,MIN,NYY,3,1,1,185.0,-215.0
2018-09-12,2018,KCR,CHW,2,4,0,103.0,-113.0
2018-09-12,2018,LAA,TEX,8,1,1,-182.0,162.0
2018-09-12,2018,SEA,SDP,4,5,0,-138.0,123.0
2018-09-12,2018,NYM,MIA,13,0,1,-190.0,170.0
2018-09-13,2018,COL,ARI,10,3,1,-119.0,109.0
2018-09-13,2018,NYM,MIA,4,3,1,-177.0,157.0
2018-09-13,2018,STL,LAD,7,9,0,170.0,-190.0
2018-09-13,2018,BAL,ATH,5,3,1,158.0,-178.0
2018-09-13,2018,BOS,TOR,4,3,1,-220.0,190.0
2018-09-13,2018,KCR,MIN,6,4,1,116.0,-126.0
2018-09-13,2018,LAA,SEA,2,8,0,-113.0,103.0
2018-09-13,2018,WSN,CHC,3,4,0,101.0,-111.0
2018-09-13,2018,NYM,MIA,5,2,1,-175.0,155.0
2018-09-14,2018,CHC,CIN,3,2,1,-205.0,175.0
2018-09-14,2018,PHI,MIA,14,2,1,-185.0,165.0
2018-09-14,2018,ATL,WSN,10,5,1,137.0,-152.0
2018-09-14,2018,MIL,PIT,7,4,1,-142.0,127.0
2018-09-14,2018,STL,LAD,0,3,0,113.0,-123.0
2018-09-14,2018,SFG,COL,2,0,1,101.0,-111.0
2018-09-14,2018,BAL,CHW,6,8,0,102.0,-112.0
2018-09-14,2018,NYY,TOR,11,0,1,-308.0,258.0
2018-09-14,2018,TBR,ATH,1,2,0,-131.0,116.0
2018-09-14,2018,CLE,DET,4,5,0,-194.0,174.0
2018-09-14,2018,KCR,MIN,8,4,1,123.0,-138.0
2018-09-14,2018,LAA,SEA,0,5,0,-149.0,134.0
2018-09-14,2018,BOS,NYM,0,8,0,-112.0,102.0
2018-09-14,2018,HOU,ARI,2,4,0,-178.0,158.0
2018-09-14,2018,SDP,TEX,0,4,0,-142.0,127.0
2018-09-15,2018,STL,LAD,4,17,0,140.0,-155.0
2018-09-15,2018,CHC,CIN,1,0,1,-215.0,185.0
2018-09-15,2018,PHI,MIA,5,4,1,-215.0,185.0
2018-09-15,2018,ATL,WSN,1,7,0,-125.0,115.0
2018-09-15,2018,MIL,PIT,1,3,0,-174.0,154.0
2018-09-15,2018,SFG,COL,3,0,1,142.0,-157.0
2018-09-15,2018,CLE,DET,15,0,1,-280.0,240.0
2018-09-15,2018,NYY,TOR,7,8,0,-220.0,190.0
2018-09-15,2018,TBR,ATH,7,5,1,-113.0,103.0
2018-09-15,2018,BAL,CHW,0,2,0,-101.0,-109.0
2018-09-15,2018,KCR,MIN,10,3,1,-112.0,102.0
2018-09-15,2018,LAA,SEA,5,6,0,-150.0,135.0
2018-09-15,2018,BOS,NYM,5,3,1,-260.0,220.0
2018-09-15,2018,HOU,ARI,10,4,1,-178.0,158.0
2018-09-15,2018,SDP,TEX,3,6,0,-138.0,123.0
2018-09-16,2018,PHI,MIA,4,6,0,-215.0,185.0
2018-09-16,2018,ATL,WSN,4,6,0,-131.0,116.0
2018-09-16,2018,MIL,PIT,2,3,0,-168.0,153.0
2018-09-16,2018,STL,LAD,5,0,1,136.0,-151.0
2018-09-16,2018,CHC,CIN,1,2,0,-153.0,138.0
2018-09-16,2018,SFG,COL,2,3,0,115.0,-125.0
2018-09-16,2018,BAL,CHW,8,4,1,109.0,-119.0
2018-09-16,2018,NYY,TOR,2,3,0,-220.0,190.0
2018-09-16,2018,TBR,ATH,5,4,1,260.0,-310.0
2018-09-16,2018,CLE,DET,4,6,0,-190.0,170.0
2018-09-16,2018,KCR,MIN,6,9,0,-105.0,-105.0
2018-09-16,2018,LAA,SEA,4,3,1,107.0,-117.0
2018-09-16,2018,HOU,ARI,5,4,1,-195.0,175.0
2018-09-16,2018,SDP,TEX,7,3,1,112.0,-122.0
2018-09-16,2018,BOS,NYM,4,3,1,-178.0,158.0
2018-09-17,2018,PHI,NYM,4,9,0,-155.0,140.0
2018-09-17,2018,MIA,WSN,8,5,1,145.0,-160.0
2018-09-17,2018,ATL,STL,6,11,0,-142.0,127.0
2018-09-17,2018,MIL,CIN,8,0,1,-192.0,172.0
2018-09-17,2018,ARI,CHC,1,5,0,-143.0,128.0
2018-09-17,2018,SDP,SFG,2,4,0,-111.0,101.0
2018-09-17,2018,LAD,COL,8,2,1,-157.0,142.0
2018-09-17,2018,BAL,TOR,0,5,0,116.0,-126.0
2018-09-17,2018,DET,MIN,1,6,0,108.0,-118.0
2018-09-17,2018,TEX,TBR,0,3,0,127.0,-142.0
2018-09-17,2018,HOU,SEA,1,4,0,-155.0,140.0
2018-09-17,2018,PIT,KCR,7,6,1,-170.0,150.0
2018-09-18,2018,PHI,NYM,5,2,1,-190.0,170.0
2018-09-18,2018,MIA,WSN,2,4,0,205.0,-235.0
2018-09-18,2018,ATL,STL,1,8,0,-126.0,116.0
2018-09-18,2018,MIL,CIN,1,3,0,-205.0,175.0
2018-09-18,2018,ARI,CHC,1,9,0,-113.0,103.0
2018-09-18,2018,SDP,SFG,4,5,0,-185.0,165.0
2018-09-18,2018,LAD,COL,3,2,1,-225.0,195.0
2018-09-18,2018,NYY,BOS,3,2,1,-167.0,152.0
2018-09-18,2018,BAL,TOR,4,6,0,106.0,-116.0
2018-09-18,2018,DET,MIN,3,5,0,-102.0,-108.0
2018-09-18,2018,CLE,CHW,5,3,1,-290.0,250.0
2018-09-18,2018,TEX,TBR,0,4,0,177.0,-197.0
2018-09-18,2018,HOU,SEA,7,0,1,-167.0,152.0
2018-09-18,2018,ATH,LAA,7,9,0,-143.0,128.0
2018-09-18,2018,PIT,KCR,2,1,1,-226.0,196.0
2018-09-19,2018,ATL,STL,7,3,1,106.0,-116.0
2018-09-19,2018,PHI,NYM,4,0,1,109.0,-119.0
2018-09-19,2018,MIL,CIN,7,0,1,-165.0,150.0
2018-09-19,2018,SDP,SFG,8,4,1,-165.0,150.0
2018-09-19,2018,ARI,CHC,9,0,1,140.0,-155.0
2018-09-19,2018,LAD,COL,5,2,1,-215.0,185.0
2018-09-19,2018,DET,MIN,2,8,0,103.0,-113.0
2018-09-19,2018,TEX,TBR,3,9,0,135.0,-150.0
2018-09-19,2018,BAL,TOR,2,1,1,111.0,-121.0
2018-09-19,2018,NYY,BOS,10,1,1,-160.0,145.0
2018-09-19,2018,CLE,CHW,4,1,1,-370.0,310.0
2018-09-19,2018,HOU,SEA,0,9,0,-199.0,179.0
2018-09-19,2018,ATH,LAA,10,0,1,-145.0,130.0
2018-09-19,2018,PIT,KCR,2,1,1,-226.0,196.0
2018-09-20,2018,WSN,NYM,4,5,0,-295.0,255.0
2018-09-20,2018,MIA,CIN,2,4,0,119.0,-129.0
2018-09-20,2018,ATL,PHI,8,3,1,-143.0,128.0
2018-09-20,2018,ATH,LAA,21,3,1,-129.0,119.0
2018-09-20,2018,NYY,BOS,6,11,0,-153.0,138.0
2018-09-20,2018,TOR,TBR,9,8,1,138.0,-153.0
2018-09-20,2018,CLE,CHW,4,5,0,-215.0,185.0
2018-09-20,2018,DET,KCR,11,8,1,-142.0,127.0
2018-09-21,2018,WSN,NYM,2,4,0,150.0,-170.0
2018-09-21,2018,PIT,MIL,3,8,0,123.0,-138.0
2018-09-21,2018,MIA,CIN,1,0,1,123.0,-138.0
2018-09-21,2018,ATL,PHI,6,5,1,-122.0,112.0
2018-09-21,2018,STL,SFG,5,3,1,-176.0,156.0
2018-09-21,2018,ARI,COL,2,6,0,-118.0,108.0
2018-09-21,2018,LAD,SDP,3,5,0,-270.0,230.0
2018-09-21,2018,NYY,BAL,10,8,1,-333.0,283.0
2018-09-21,2018,TOR,TBR,3,11,0,137.0,-152.0
2018-09-21,2018,CLE,BOS,5,7,0,-155.0,140.0
2018-09-21,2018,DET,KCR,3,4,0,-105.0,-105.0
2018-09-21,2018,TEX,SEA,8,2,1,108.0,-118.0
2018-09-21,2018,HOU,LAA,11,3,1,-195.0,175.0
2018-09-21,2018,ATH,MIN,7,6,1,-178.0,158.0
2018-09-21,2018,CHW,CHC,10,4,1,170.0,-190.0
2018-09-22,2018,WSN,NYM,6,0,1,-146.0,131.0
2018-09-22,2018,PIT,MIL,3,0,1,109.0,-119.0
2018-09-22,2018,MIA,CIN,5,1,1,105.0,-115.0
2018-09-22,2018,ATL,PHI,5,3,1,-155.0,140.0
2018-09-22,2018,STL,SFG,5,4,1,-179.0,159.0
2018-09-22,2018,ARI,COL,1,5,0,-178.0,158.0
2018-09-22,2018,LAD,SDP,7,2,1,-325.0,275.0
2018-09-22,2018,NYY,BAL,3,2,1,-327.0,277.0
2018-09-22,2018,TOR,TBR,5,2,1,136.0,-151.0
2018-09-22,2018,DET,KCR,5,4,1,188.0,-218.0
2018-09-22,2018,HOU,LAA,10,5,1,-283.0,243.0
2018-09-22,2018,CLE,BOS,5,4,1,-149.0,134.0
2018-09-22,2018,TEX,SEA,0,13,0,-109.0,-101.0
2018-09-22,2018,ATH,MIN,3,2,1,-252.0,212.0
2018-09-22,2018,CHW,CHC,3,8,0,175.0,-205.0
2018-09-23,2018,MIA,CIN,6,0,1,111.0,-121.0
2018-09-23,2018,PIT,MIL,6,13,0,141.0,-156.0
2018-09-23,2018,ATL,PHI,2,1,1,140.0,-155.0
2018-09-23,2018,WSN,NYM,6,8,0,-126.0,116.0
2018-09-23,2018,STL,SFG,9,2,1,-200.0,170.0
2018-09-23,2018,LAD,SDP,14,0,1,-230.0,200.0
2018-09-23,2018,ARI,COL,0,2,0,-107.0,-103.0
2018-09-23,2018,NYY,BAL,3,6,0,-305.0,255.0
2018-09-23,2018,TOR,TBR,2,5,0,165.0,-185.0
2018-09-23,2018,CLE,BOS,4,3,1,107.0,-117.0
2018-09-23,2018,DET,KCR,2,3,0,-120.0,110.0
2018-09-23,2018,HOU,LAA,6,2,1,-210.0,180.0
2018-09-23,2018,TEX,SEA,6,1,1,119.0,-129.0
2018-09-23,2018,ATH,MIN,1,5,0,-185.0,165.0
2018-09-23,2018,CHW,CHC,1,6,0,170.0,-190.0
2018-09-24,2018,WSN,MIA,7,3,1,-271.0,231.0
2018-09-24,2018,CHC,PIT,1,5,0,-159.0,144.0
2018-09-24,2018,STL,MIL,4,6,0,-142.0,127.0
2018-09-24,2018,COL,PHI,10,1,1,-177.0,157.0
2018-09-24,2018,ARI,LAD,4,7,0,176.0,-196.0
2018-09-24,2018,SFG,SDP,0,5,0,-140.0,125.0
2018-09-24,2018,TOR,HOU,3,5,0,163.0,-183.0
2018-09-24,2018,TBR,NYY,1,4,0,113.0,-123.0
2018-09-24,2018,BOS,BAL,6,2,1,-250.0,210.0
2018-09-24,2018,CHW,CLE,0,4,0,180.0,-210.0
2018-09-24,2018,LAA,TEX,5,4,1,-145.0,130.0
2018-09-24,2018,SEA,ATH,3,7,0,-160.0,145.0
2018-09-25,2018,WSN,MIA,9,4,1,-385.0,325.0
2018-09-25,2018,NYM,ATL,3,7,0,-145.0,130.0
2018-09-25,2018,CHC,PIT,0,6,0,-172.0,152.0
2018-09-25,2018,STL,MIL,4,12,0,-109.0,-101.0
2018-09-25,2018,COL,PHI,10,3,1,-153.0,138.0
2018-09-25,2018,ARI,LAD,4,3,1,194.0,-224.0
2018-09-25,2018,SFG,SDP,5,4,1,-105.0,-105.0
2018-09-25,2018,TOR,HOU,1,4,0,165.0,-185.0
2018-09-25,2018,TBR,NYY,2,9,0,170.0,-200.0
2018-09-25,2018,MIN,DET,2,4,0,-143.0,128.0
2018-09-25,2018,CHW,CLE,5,4,1,193.0,-223.0
2018-09-25,2018,LAA,TEX,4,1,1,-160.0,145.0
2018-09-25,2018,SEA,ATH,10,8,1,-107.0,-103.0
2018-09-25,2018,CIN,KCR,3,4,0,-155.0,140.0
2018-09-26,2018,WSN,MIA,9,3,1,-181.0,161.0
2018-09-26,2018,NYM,ATL,3,0,1,-168.0,153.0
2018-09-26,2018,STL,MIL,1,2,0,-101.0,-109.0
2018-09-26,2018,CHC,PIT,7,6,1,-190.0,170.0
2018-09-26,2018,COL,PHI,14,0,1,-205.0,175.0
2018-09-26,2018,ARI,LAD,7,2,1,114.0,-124.0
2018-09-26,2018,SFG,SDP,2,3,0,-105.0,-105.0
2018-09-26,2018,TOR,HOU,3,1,1,100.0,-110.0
2018-09-26,2018,TBR,NYY,8,7,1,153.0,-168.0
2018-09-26,2018,BOS,BAL,3,10,0,-350.0,290.0
2018-09-26,2018,CHW,CLE,2,10,0,165.0,-185.0
2018-09-26,2018,MIN,DET,11,4,1,-140.0,125.0
2018-09-26,2018,LAA,TEX,3,2,1,-175.0,155.0
2018-09-26,2018,SEA,ATH,3,9,0,-101.0,-109.0
2018-09-26,2018,CIN,KCR,1,6,0,-165.0,150.0
2018-09-26,2018,BOS,BAL,19,3,1,-320.0,270.0
2018-09-27,2018,COL,PHI,5,3,1,-180.0,160.0
2018-09-27,2018,NYM,ATL,4,1,1,111.0,-121.0
2018-09-27,2018,CHC,PIT,3,0,1,-170.0,150.0
2018-09-27,2018,TBR,NYY,1,12,0,132.0,-147.0
2018-09-27,2018,MIN,DET,9,3,1,-131.0,116.0
2018-09-27,2018,KCR,CLE,2,1,1,121.0,-136.0
2018-09-27,2018,SEA,TEX,0,2,0,-195.0,175.0
2018-09-28,2018,CHC,STL,8,4,1,-148.0,133.0
2018-09-28,2018,CIN,PIT,4,8,0,-131.0,116.0
2018-09-28,2018,PHI,ATL,2,10,0,127.0,-142.0
2018-09-28,2018,NYM,MIA,1,8,0,-135.0,120.0
2018-09-28,2018,COL,WSN,5,2,1,-212.0,182.0
2018-09-28,2018,SDP,ARI,3,2,1,140.0,-155.0
2018-09-28,2018,SFG,LAD,1,3,0,170.0,-190.0
2018-09-28,2018,MIN,CHW,2,1,1,-169.0,154.0
2018-09-28,2018,BAL,HOU,1,2,0,232.0,-272.0
2018-09-28,2018,BOS,NYY,6,11,0,140.0,-155.0
2018-09-28,2018,TBR,TOR,6,7,0,-170.0,150.0
2018-09-28,2018,MIN,CHW,12,4,1,-137.0,122.0
2018-09-28,2018,KCR,CLE,6,14,0,170.0,-190.0
2018-09-28,2018,LAA,ATH,8,5,1,109.0,-119.0
2018-09-28,2018,SEA,TEX,12,6,1,-165.0,150.0
2018-09-28,2018,MIL,DET,6,5,1,-267.0,227.0
2018-09-29,2018,CHC,STL,1,2,0,-145.0,130.0
2018-09-29,2018,SFG,LAD,6,10,0,230.0,-270.0
2018-09-29,2018,CIN,PIT,3,0,1,120.0,-135.0
2018-09-29,2018,PHI,ATL,3,0,1,-142.0,127.0
2018-09-29,2018,NYM,MIA,1,0,1,-165.0,150.0
2018-09-29,2018,COL,WSN,2,12,0,-109.0,-101.0
2018-09-29,2018,SDP,ARI,4,5,0,116.0,-126.0
2018-09-29,2018,TBR,TOR,4,3,1,-231.0,201.0
2018-09-29,2018,BAL,HOU,3,4,0,230.0,-270.0
2018-09-29,2018,BOS,NYY,5,8,0,-162.0,147.0
2018-09-29,2018,MIN,CHW,8,3,1,-140.0,125.0
2018-09-29,2018,KCR,CLE,9,4,1,205.0,-245.0
2018-09-29,2018,LAA,ATH,2,5,0,-109.0,-101.0
2018-09-29,2018,SEA,TEX,4,1,1,-220.0,190.0
2018-09-29,2018,MIL,DET,6,5,1,-254.0,214.0
2018-09-29,2018,BAL,HOU,2,5,0,200.0,-240.0
2018-09-30,2018,PHI,ATL,3,1,1,130.0,-145.0
2018-09-30,2018,SFG,LAD,0,15,0,195.0,-225.0
2018-09-30,2018,SDP,ARI,4,3,1,105.0,-115.0
2018-09-30,2018,CIN,PIT,5,6,0,-124.0,114.0
2018-09-30,2018,COL,WSN,12,0,1,-182.0,162.0
2018-09-30,2018,NYM,MIA,1,0,1,-260.0,220.0
2018-09-30,2018,CHC,STL,10,5,1,-160.0,145.0
2018-09-30,2018,BAL,HOU,4,0,1,200.0,-230.0
2018-09-30,2018,BOS,NYY,10,2,1,-135.0,120.0
2018-09-30,2018,LAA,ATH,5,4,1,-108.0,-102.0
2018-09-30,2018,SEA,TEX,3,1,1,-160.0,145.0
2018-09-30,2018,TBR,TOR,9,4,1,-161.0,146.0
2018-09-30,2018,MIN,CHW,5,4,1,-132.0,117.0
2018-09-30,2018,KCR,CLE,1,2,0,200.0,-230.0
2018-09-30,2018,MIL,DET,11,0,1,-285.0,245.0
2018-10-01,2018,CHC,MIL,1,3,0,-122.0,112.0
2018-10-01,2018,LAD,COL,5,2,1,-170.0,150.0
2018-10-02,2018,CHC,COL,1,2,0,-143.0,128.0
2018-10-03,2018,NYY,ATH,7,2,1,-196.0,176.0
2018-10-04,2018,MIL,COL,3,2,1,-176.0,156.0
2018-10-04,2018,LAD,ATL,6,0,1,-175.0,155.0
2018-10-05,2018,BOS,NYY,5,4,1,-165.0,150.0
2018-10-05,2018,HOU,CLE,7,2,1,-135.0,120.0
2018-10-05,2018,MIL,COL,4,0,1,-164.0,149.0
2018-10-05,2018,LAD,ATL,3,0,1,-255.0,215.0
2018-10-06,2018,HOU,CLE,3,1,1,-121.0,111.0
2018-10-06,2018,BOS,NYY,2,6,0,111.0,-121.0
2018-10-07,2018,COL,MIL,0,6,0,-168.0,153.0
2018-10-07,2018,ATL,LAD,6,5,1,138.0,-153.0
2018-10-08,2018,NYY,BOS,1,16,0,-165.0,150.0
2018-10-08,2018,CLE,HOU,3,11,0,-124.0,114.0
2018-10-08,2018,ATL,LAD,2,6,0,137.0,-152.0
2018-10-09,2018,NYY,BOS,3,4,0,-142.0,127.0
2018-10-12,2018,MIL,LAD,6,5,1,116.0,-131.0
2018-10-13,2018,BOS,HOU,2,7,0,-126.0,116.0
2018-10-13,2018,MIL,LAD,3,4,0,113.0,-123.0
2018-10-14,2018,BOS,HOU,7,5,1,111.0,-121.0
2018-10-15,2018,LAD,MIL,0,4,0,-176.0,156.0
2018-10-16,2018,HOU,BOS,2,8,0,-124.0,114.0
2018-10-16,2018,LAD,MIL,2,1,1,-153.0,138.0
2018-10-17,2018,LAD,MIL,5,2,1,-180.0,160.0
2018-10-17,2018,HOU,BOS,6,8,0,-155.0,140.0
2018-10-18,2018,HOU,BOS,1,4,0,-184.0,164.0
2018-10-19,2018,MIL,LAD,7,2,1,102.0,-112.0
2018-10-20,2018,MIL,LAD,1,5,0,-105.0,-105.0
2018-10-23,2018,BOS,LAD,8,4,1,-178.0,158.0
2018-10-24,2018,BOS,LAD,4,2,1,-140.0,125.0
2018-10-26,2018,LAD,BOS,3,2,1,-175.0,155.0
2018-10-27,2018,LAD,BOS,6,9,0,-140.0,125.0
2018-10-28,2018,LAD,BOS,1,5,0,-145.0,130.0
2019-03-28,2019,WSN,NYM,0,2,0,-125.0,115.0
2019-03-28,2019,MIL,STL,5,4,1,-114.0,104.0
2019-03-28,2019,PHI,ATL,10,4,1,-185.0,170.0
2019-03-28,2019,CIN,PIT,5,3,1,-117.0,107.0
2019-03-28,2019,LAD,ARI,12,5,1,-165.0,155.0
2019-03-28,2019,SDP,SFG,2,0,1,-127.0,117.0
2019-03-28,2019,MIA,COL,3,6,0,125.0,-135.0
2019-03-28,2019,NYY,BAL,7,2,1,-380.0,320.0
2019-03-28,2019,TOR,DET,0,2,0,-142.0,132.0
2019-03-28,2019,TBR,HOU,1,5,0,118.0,-128.0
2019-03-28,2019,ATH,LAA,4,0,1,-102.0,-108.0
2019-03-28,2019,MIN,CLE,2,0,1,-117.0,107.0
2019-03-28,2019,KCR,CHW,5,3,1,-116.0,106.0
2019-03-28,2019,SEA,BOS,12,4,1,190.0,-210.0
2019-03-28,2019,TEX,CHC,4,12,0,105.0,-115.0
2019-03-29,2019,MIA,COL,1,6,0,142.0,-152.0
2019-03-29,2019,MIL,STL,5,9,0,-102.0,-108.0
2019-03-29,2019,SDP,SFG,4,1,1,-155.0,145.0
2019-03-29,2019,LAD,ARI,4,5,0,-170.0,160.0
2019-03-29,2019,TOR,DET,6,0,1,-121.0,111.0
2019-03-29,2019,TBR,HOU,4,2,1,128.0,-138.0
2019-03-29,2019,ATH,LAA,2,6,0,-101.0,-109.0
2019-03-29,2019,SEA,BOS,6,7,0,129.0,-139.0
2019-03-30,2019,WSN,NYM,8,11,0,-112.0,102.0
2019-03-30,2019,PHI,ATL,8,6,1,-145.0,135.0
2019-03-30,2019,MIA,COL,7,3,1,118.0,-128.0
2019-03-30,2019,MIL,STL,4,2,1,-132.0,122.0
2019-03-30,2019,SDP,SFG,2,3,0,-130.0,120.0
2019-03-30,2019,LAD,ARI,18,5,1,-194.0,177.0
2019-03-30,2019,NYY,BAL,3,5,0,-410.0,340.0
2019-03-30,2019,MIN,CLE,1,2,0,110.0,-120.0
2019-03-30,2019,KCR,CHW,8,6,1,-130.0,120.0
2019-03-30,2019,TOR,DET,3,0,1,-126.0,116.0
2019-03-30,2019,TBR,HOU,3,1,1,108.0,-118.0
2019-03-30,2019,ATH,LAA,4,2,1,-119.0,109.0
2019-03-30,2019,SEA,BOS,6,5,1,148.0,-158.0
2019-03-30,2019,TEX,CHC,8,6,1,145.0,-155.0
2019-03-31,2019,CIN,PIT,0,5,0,-135.0,125.0
2019-03-31,2019,MIA,COL,3,0,1,148.0,-158.0
2019-03-31,2019,WSN,NYM,6,5,1,-165.0,155.0
2019-03-31,2019,MIL,STL,5,4,1,-110.0,100.0
2019-03-31,2019,LAD,ARI,8,7,1,-194.0,177.0
2019-03-31,2019,SDP,SFG,3,1,1,-174.0,162.0
2019-03-31,2019,PHI,ATL,5,1,1,-140.0,130.0
2019-03-31,2019,NYY,BAL,5,7,0,-320.0,280.0
2019-03-31,2019,TOR,DET,3,4,0,-152.0,142.0
2019-03-31,2019,TBR,HOU,3,1,1,103.0,-113.0
2019-03-31,2019,MIN,CLE,9,3,1,100.0,-110.0
2019-03-31,2019,KCR,CHW,3,6,0,-127.0,117.0
2019-03-31,2019,ATH,LAA,2,1,1,-124.0,114.0
2019-03-31,2019,SEA,BOS,10,8,1,126.0,-136.0
2019-03-31,2019,TEX,CHC,11,10,1,120.0,-130.0
2019-04-01,2019,PIT,STL,5,6,0,-126.0,116.0
2019-04-01,2019,CIN,MIL,3,4,0,-101.0,-109.0
2019-04-01,2019,ATL,CHC,8,0,1,-110.0,100.0
2019-04-01,2019,MIA,NYM,3,7,0,115.0,-125.0
2019-04-01,2019,LAD,SFG,2,4,0,-205.0,185.0
2019-04-01,2019,SDP,ARI,3,10,0,-165.0,155.0
2019-04-01,2019,CLE,CHW,5,3,1,-160.0,150.0
2019-04-01,2019,NYY,DET,3,1,1,-210.0,190.0
2019-04-01,2019,TOR,BAL,5,6,0,-176.0,163.0
2019-04-01,2019,TEX,HOU,1,2,0,155.0,-165.0
2019-04-01,2019,ATH,BOS,7,0,1,130.0,-140.0
2019-04-01,2019,SEA,LAA,6,3,1,-107.0,-103.0
2019-04-01,2019,TBR,COL,7,1,1,-145.0,135.0
2019-04-02,2019,CIN,MIL,3,4,0,100.0,-110.0
2019-04-02,2019,WSN,PHI,2,8,0,-180.0,165.0
2019-04-02,2019,MIA,NYM,5,6,0,126.0,-136.0
2019-04-02,2019,SDP,ARI,5,8,0,-116.0,106.0
2019-04-02,2019,LAD,SFG,6,5,1,-156.0,146.0
2019-04-02,2019,NYY,DET,1,3,0,-230.0,205.0
2019-04-02,2019,TOR,BAL,1,2,0,-174.0,162.0
2019-04-02,2019,TEX,HOU,6,4,1,200.0,-220.0
2019-04-02,2019,KCR,MIN,4,5,0,135.0,-145.0
2019-04-02,2019,ATH,BOS,1,0,1,160.0,-170.0
2019-04-02,2019,SEA,LAA,2,1,1,-110.0,100.0
2019-04-02,2019,TBR,COL,4,0,1,-170.0,160.0
2019-04-03,2019,CIN,MIL,0,1,0,-128.0,118.0
2019-04-03,2019,WSN,PHI,9,8,1,125.0,-135.0
2019-04-03,2019,SDP,ARI,4,1,1,-142.0,132.0
2019-04-03,2019,MIA,NYM,4,6,0,190.0,-210.0
2019-04-03,2019,PIT,STL,4,5,0,-106.0,-104.0
2019-04-03,2019,ATL,CHC,6,4,1,-130.0,120.0
2019-04-03,2019,LAD,SFG,5,3,1,-190.0,175.0
2019-04-03,2019,CLE,CHW,3,8,0,-185.0,170.0
2019-04-03,2019,KCR,MIN,6,7,0,120.0,-130.0
2019-04-03,2019,NYY,DET,1,2,0,-176.0,163.0
2019-04-03,2019,TOR,BAL,5,3,1,-150.0,140.0
2019-04-03,2019,TEX,HOU,4,0,1,190.0,-210.0
2019-04-03,2019,ATH,BOS,3,6,0,130.0,-140.0
2019-04-03,2019,TBR,COL,0,1,0,-124.0,114.0
2019-04-04,2019,NYM,WSN,0,4,0,-130.0,120.0
2019-04-04,2019,PIT,CIN,2,0,1,100.0,-110.0
2019-04-04,2019,ATL,CHC,9,4,1,-122.0,112.0
2019-04-04,2019,DET,KCR,5,4,1,-101.0,-109.0
2019-04-04,2019,BAL,NYY,4,8,0,195.0,-215.0
2019-04-04,2019,ATH,BOS,7,3,1,108.0,-118.0
2019-04-04,2019,CLE,TOR,4,1,1,-200.0,180.0
2019-04-04,2019,LAA,TEX,4,11,0,-160.0,150.0
2019-04-05,2019,COL,LAD,6,10,0,120.0,-130.0
2019-04-05,2019,PIT,CIN,2,0,1,-136.0,126.0
2019-04-05,2019,ATL,MIA,4,0,1,-160.0,150.0
2019-04-05,2019,MIL,CHC,13,10,1,-125.0,115.0
2019-04-05,2019,CLE,TOR,3,2,1,-140.0,130.0
2019-04-05,2019,HOU,ATH,3,2,1,-155.0,145.0
2019-04-05,2019,LAA,TEX,3,1,1,-117.0,107.0
2019-04-05,2019,SFG,TBR,2,5,0,103.0,-113.0
2019-04-05,2019,PHI,MIN,10,4,1,-156.0,146.0
2019-04-05,2019,ARI,BOS,15,8,1,117.0,-127.0
2019-04-05,2019,CHW,SEA,10,8,1,115.0,-125.0
2019-04-05,2019,STL,SDP,3,5,0,-176.0,163.0
2019-04-06,2019,NYM,WSN,6,5,1,118.0,-128.0
2019-04-06,2019,PIT,CIN,6,5,1,-111.0,101.0
2019-04-06,2019,STL,SDP,4,6,0,-120.0,110.0
2019-04-06,2019,MIL,CHC,8,14,0,-129.0,119.0
2019-04-06,2019,ATL,MIA,2,4,0,-172.0,161.0
2019-04-06,2019,COL,LAD,2,7,0,106.0,-116.0
2019-04-06,2019,DET,KCR,7,4,1,-122.0,112.0
2019-04-06,2019,CHW,SEA,2,9,0,-105.0,-105.0
2019-04-06,2019,LAA,TEX,5,1,1,-160.0,150.0
2019-04-06,2019,CLE,TOR,7,2,1,-194.0,177.0
2019-04-06,2019,BAL,NYY,4,6,0,165.0,-180.0
2019-04-06,2019,HOU,ATH,6,0,1,-135.0,125.0
2019-04-06,2019,PHI,MIN,2,6,0,-148.0,138.0
2019-04-06,2019,SFG,TBR,6,4,1,122.0,-132.0
2019-04-06,2019,ARI,BOS,5,4,1,122.0,-132.0
2019-04-07,2019,NYM,WSN,9,12,0,118.0,-128.0
2019-04-07,2019,ATL,MIA,4,3,1,-170.0,160.0
2019-04-07,2019,PIT,CIN,7,5,1,-150.0,140.0
2019-04-07,2019,MIL,CHC,4,2,1,-106.0,-104.0
2019-04-07,2019,STL,SDP,4,1,1,-120.0,110.0
2019-04-07,2019,COL,LAD,6,12,0,160.0,-170.0
2019-04-07,2019,BAL,NYY,3,15,0,170.0,-185.0
2019-04-07,2019,CLE,TOR,3,1,1,-160.0,150.0
2019-04-07,2019,DET,KCR,3,1,1,-104.0,-106.0
2019-04-07,2019,HOU,ATH,9,8,1,-180.0,165.0
2019-04-07,2019,CHW,SEA,5,12,0,-116.0,106.0
2019-04-07,2019,LAA,TEX,7,2,1,-117.0,107.0
2019-04-07,2019,PHI,MIN,2,1,1,-134.0,124.0
2019-04-07,2019,SFG,TBR,0,3,0,105.0,-115.0
2019-04-07,2019,ARI,BOS,0,1,0,-104.0,-106.0
2019-04-08,2019,CHC,PIT,10,0,1,-130.0,120.0
2019-04-08,2019,PHI,WSN,4,3,1,-145.0,135.0
2019-04-08,2019,STL,LAD,4,3,1,-107.0,-103.0
2019-04-08,2019,COL,ATL,6,8,0,-110.0,100.0
2019-04-08,2019,SFG,SDP,5,6,0,-130.0,120.0
2019-04-08,2019,CHW,TBR,1,5,0,158.0,-168.0
2019-04-08,2019,BAL,ATH,12,4,1,152.0,-162.0
2019-04-08,2019,HOU,NYY,4,3,1,-148.0,138.0
2019-04-08,2019,KCR,SEA,5,13,0,100.0,-110.0
2019-04-08,2019,LAA,MIL,5,2,1,-104.0,-106.0
2019-04-09,2019,CIN,MIA,14,0,1,-185.0,170.0
2019-04-09,2019,PHI,WSN,6,10,0,-143.0,133.0
2019-04-09,2019,STL,LAD,4,0,1,110.0,-120.0
2019-04-09,2019,COL,ATL,1,7,0,-108.0,-102.0
2019-04-09,2019,SFG,SDP,7,2,1,122.0,-132.0
2019-04-09,2019,DET,CLE,2,8,0,125.0,-135.0
2019-04-09,2019,BOS,TOR,5,7,0,-255.0,225.0
2019-04-09,2019,CHW,TBR,5,10,0,160.0,-170.0
2019-04-09,2019,BAL,ATH,2,13,0,165.0,-180.0
2019-04-09,2019,HOU,NYY,6,3,1,-196.0,178.0
2019-04-09,2019,KCR,SEA,3,6,0,-110.0,100.0
2019-04-09,2019,NYM,MIN,8,14,0,-260.0,230.0
2019-04-09,2019,ARI,TEX,5,4,1,-145.0,135.0
2019-04-09,2019,LAA,MIL,11,8,1,128.0,-138.0
2019-04-10,2019,SFG,SDP,1,3,0,-105.0,-105.0
2019-04-10,2019,CIN,MIA,2,1,1,-155.0,145.0
2019-04-10,2019,PHI,WSN,1,15,0,-157.0,147.0
2019-04-10,2019,STL,LAD,7,2,1,-105.0,-105.0
2019-04-10,2019,CHC,PIT,2,5,0,-167.0,157.0
2019-04-10,2019,DET,CLE,4,1,1,135.0,-145.0
2019-04-10,2019,CHW,TBR,1,9,0,160.0,-170.0
2019-04-10,2019,BAL,ATH,3,10,0,165.0,-180.0
2019-04-10,2019,HOU,NYY,8,6,1,-120.0,110.0
2019-04-10,2019,KCR,SEA,5,6,0,145.0,-155.0
2019-04-10,2019,NYM,MIN,9,6,1,-190.0,175.0
2019-04-10,2019,ARI,TEX,2,5,0,-130.0,120.0
2019-04-10,2019,LAA,MIL,4,2,1,160.0,-170.0
2019-04-11,2019,CIN,MIA,5,0,1,-167.0,157.0
2019-04-11,2019,STL,LAD,11,7,1,124.0,-134.0
2019-04-11,2019,ATL,NYM,3,6,0,-132.0,122.0
2019-04-11,2019,CHC,PIT,2,0,1,-126.0,116.0
2019-04-11,2019,ARI,SDP,6,7,0,-118.0,108.0
2019-04-11,2019,SFG,COL,1,0,1,101.0,-111.0
2019-04-11,2019,BAL,ATH,5,8,0,140.0,-150.0
2019-04-11,2019,DET,CLE,0,4,0,125.0,-135.0
2019-04-11,2019,KCR,SEA,6,7,0,134.0,-144.0
2019-04-11,2019,BOS,TOR,7,6,1,-180.0,165.0
2019-04-12,2019,WSN,PIT,3,6,0,-190.0,175.0
2019-04-12,2019,MIA,PHI,1,9,0,148.0,-158.0
2019-04-12,2019,ATL,NYM,2,6,0,-110.0,100.0
2019-04-12,2019,ARI,SDP,1,2,0,110.0,-120.0
2019-04-12,2019,LAD,MIL,5,8,0,-155.0,145.0
2019-04-12,2019,SFG,COL,3,2,1,-140.0,130.0
2019-04-12,2019,NYY,CHW,6,7,0,-205.0,185.0
2019-04-12,2019,TOR,TBR,7,11,0,135.0,-145.0
2019-04-12,2019,BOS,BAL,6,4,1,-250.0,220.0
2019-04-12,2019,TEX,ATH,6,8,0,105.0,-115.0
2019-04-12,2019,KCR,CLE,8,1,1,148.0,-158.0
2019-04-12,2019,SEA,HOU,6,10,0,130.0,-140.0
2019-04-12,2019,CHC,LAA,5,1,1,-166.0,156.0
2019-04-13,2019,WSN,PIT,3,2,1,-119.0,109.0
2019-04-13,2019,SFG,COL,5,2,1,-113.0,103.0
2019-04-13,2019,MIA,PHI,10,3,1,155.0,-165.0
2019-04-13,2019,CIN,STL,5,2,1,101.0,-111.0
2019-04-13,2019,ATL,NYM,11,7,1,-150.0,140.0
2019-04-13,2019,ARI,SDP,4,5,0,-110.0,100.0
2019-04-13,2019,LAD,MIL,1,4,0,-147.0,137.0
2019-04-13,2019,NYY,CHW,4,0,1,-155.0,145.0
2019-04-13,2019,BOS,BAL,5,9,0,-270.0,240.0
2019-04-13,2019,MIN,DET,4,3,1,-200.0,180.0
2019-04-13,2019,TOR,TBR,3,1,1,180.0,-200.0
2019-04-13,2019,KCR,CLE,3,0,1,-104.0,-106.0
2019-04-13,2019,SEA,HOU,1,3,0,173.0,-188.0
2019-04-13,2019,CHC,LAA,5,6,0,-205.0,185.0
2019-04-14,2019,MIA,PHI,1,3,0,140.0,-150.0
2019-04-14,2019,WSN,PIT,3,4,0,-180.0,165.0
2019-04-14,2019,CIN,STL,5,9,0,110.0,-120.0
2019-04-14,2019,SFG,COL,0,4,0,-102.0,-108.0
2019-04-14,2019,ARI,SDP,8,4,1,-135.0,125.0
2019-04-14,2019,LAD,MIL,7,1,1,-140.0,130.0
2019-04-14,2019,ATL,NYM,7,3,1,140.0,-150.0
2019-04-14,2019,NYY,CHW,2,5,0,-200.0,180.0
2019-04-14,2019,BOS,BAL,4,0,1,-260.0,230.0
2019-04-14,2019,TOR,TBR,4,8,0,118.0,-128.0
2019-04-14,2019,MIN,DET,6,4,1,-240.0,210.0
2019-04-14,2019,KCR,CLE,9,8,1,120.0,-130.0
2019-04-14,2019,TEX,ATH,8,7,1,135.0,-145.0
2019-04-14,2019,SEA,HOU,2,3,0,170.0,-185.0
2019-04-15,2019,PHI,NYM,6,7,0,-113.0,103.0
2019-04-15,2019,MIA,CHC,2,7,0,125.0,-135.0
2019-04-15,2019,MIL,STL,10,7,1,-135.0,125.0
2019-04-15,2019,LAD,CIN,4,3,1,-185.0,170.0
2019-04-15,2019,SDP,COL,2,5,0,-160.0,150.0
2019-04-15,2019,BOS,BAL,1,8,0,-260.0,230.0
2019-04-15,2019,MIN,TOR,3,5,0,-120.0,110.0
2019-04-15,2019,TEX,LAA,12,7,1,112.0,-122.0
2019-04-15,2019,CHW,KCR,5,4,1,-116.0,106.0
2019-04-15,2019,SEA,CLE,4,6,0,103.0,-113.0
2019-04-16,2019,PHI,NYM,14,3,1,-115.0,105.0
2019-04-16,2019,WSN,SFG,3,7,0,-174.0,162.0
2019-04-16,2019,MIA,CHC,0,4,0,120.0,-130.0
2019-04-16,2019,ATL,ARI,6,9,0,-135.0,125.0
2019-04-16,2019,MIL,STL,8,4,1,-121.0,111.0
2019-04-16,2019,SDP,COL,2,8,0,-107.0,-103.0
2019-04-16,2019,LAD,CIN,6,1,1,-168.0,158.0
2019-04-16,2019,NYY,BOS,8,0,1,-107.0,-103.0
2019-04-16,2019,TBR,BAL,4,2,1,-245.0,215.0
2019-04-16,2019,MIN,TOR,5,6,0,-150.0,140.0
2019-04-16,2019,TEX,LAA,5,0,1,-115.0,105.0
2019-04-16,2019,CHW,KCR,5,1,1,-120.0,110.0
2019-04-16,2019,ATH,HOU,1,9,0,138.0,-148.0
2019-04-16,2019,SEA,CLE,2,4,0,115.0,-125.0
2019-04-16,2019,DET,PIT,3,5,0,-112.0,102.0
2019-04-17,2019,PHI,NYM,3,2,1,-110.0,100.0
2019-04-17,2019,MIL,STL,3,6,0,-130.0,120.0
2019-04-17,2019,LAD,CIN,3,2,1,-170.0,160.0
2019-04-17,2019,WSN,SFG,9,6,1,-145.0,135.0
2019-04-17,2019,MIA,CHC,0,6,0,155.0,-165.0
2019-04-17,2019,ATL,ARI,2,3,0,-165.0,155.0
2019-04-17,2019,CHW,KCR,3,4,0,105.0,-115.0
2019-04-17,2019,NYY,BOS,5,3,1,-114.0,104.0
2019-04-17,2019,SEA,CLE,0,1,0,118.0,-128.0
2019-04-17,2019,TBR,BAL,8,1,1,-250.0,220.0
2019-04-17,2019,MIN,TOR,4,1,1,-160.0,150.0
2019-04-17,2019,TEX,LAA,5,4,1,-125.0,115.0
2019-04-17,2019,ATH,HOU,2,1,1,-109.0,-101.0
2019-04-17,2019,DET,PIT,2,3,0,-102.0,-108.0
2019-04-18,2019,ATL,ARI,1,4,0,-168.0,158.0
2019-04-18,2019,WSN,SFG,4,2,1,-194.0,177.0
2019-04-18,2019,MIL,LAD,1,3,0,-102.0,-108.0
2019-04-18,2019,COL,PHI,6,2,1,-118.0,108.0
2019-04-18,2019,SDP,CIN,1,4,0,-170.0,160.0
2019-04-18,2019,DET,CHW,9,7,1,-105.0,-105.0
2019-04-18,2019,MIN,TOR,4,7,0,-172.0,161.0
2019-04-18,2019,NYY,KCR,1,6,0,-200.0,180.0
2019-04-18,2019,TBR,BAL,5,6,0,-250.0,220.0
2019-04-18,2019,LAA,SEA,10,11,0,-120.0,110.0
2019-04-19,2019,CHC,ARI,5,1,1,-164.0,154.0
2019-04-19,2019,PIT,SFG,4,1,1,105.0,-115.0
2019-04-19,2019,MIA,WSN,3,2,1,113.0,-123.0
2019-04-19,2019,MIL,LAD,3,5,0,104.0,-114.0
2019-04-19,2019,STL,NYM,4,5,0,-149.0,139.0
2019-04-19,2019,COL,PHI,4,3,1,-148.0,138.0
2019-04-19,2019,SDP,CIN,2,3,0,-128.0,118.0
2019-04-19,2019,NYY,KCR,6,2,1,-160.0,150.0
2019-04-19,2019,DET,CHW,3,7,0,-106.0,-104.0
2019-04-19,2019,TBR,BOS,4,6,0,102.0,-112.0
2019-04-19,2019,TEX,HOU,2,7,0,200.0,-220.0
2019-04-19,2019,LAA,SEA,3,5,0,-120.0,110.0
2019-04-19,2019,ATH,TOR,1,5,0,-132.0,122.0
2019-04-20,2019,STL,NYM,10,2,1,-144.0,134.0
2019-04-20,2019,CHC,ARI,0,6,0,-133.0,123.0
2019-04-20,2019,PIT,SFG,3,1,1,-132.0,122.0
2019-04-20,2019,MIA,WSN,9,3,1,225.0,-255.0
2019-04-20,2019,MIL,LAD,5,0,1,113.0,-123.0
2019-04-20,2019,COL,PHI,5,8,0,132.0,-142.0
2019-04-20,2019,SDP,CIN,2,4,0,-106.0,-104.0
2019-04-20,2019,NYY,KCR,9,2,1,-250.0,220.0
2019-04-20,2019,ATH,TOR,1,10,0,-147.0,137.0
2019-04-20,2019,TBR,BOS,5,6,0,-138.0,128.0
2019-04-20,2019,BAL,MIN,7,16,0,128.0,-138.0
2019-04-20,2019,TEX,HOU,9,4,1,225.0,-255.0
2019-04-20,2019,LAA,SEA,5,6,0,-116.0,106.0
2019-04-20,2019,CLE,ATL,8,4,1,-134.0,124.0
2019-04-20,2019,CLE,ATL,7,8,0,-160.0,150.0
2019-04-20,2019,BAL,MIN,5,6,0,180.0,-200.0
2019-04-21,2019,MIA,WSN,0,5,0,150.0,-160.0
2019-04-21,2019,PIT,SFG,2,3,0,-142.0,132.0
2019-04-21,2019,MIL,LAD,5,6,0,119.0,-129.0
2019-04-21,2019,STL,NYM,6,4,1,122.0,-132.0
2019-04-21,2019,CHC,ARI,2,1,1,-107.0,-103.0
2019-04-21,2019,COL,PHI,4,1,1,-142.0,132.0
2019-04-21,2019,SDP,CIN,4,3,1,-162.0,152.0
2019-04-21,2019,BAL,MIN,3,4,0,140.0,-150.0
2019-04-21,2019,NYY,KCR,7,6,1,-200.0,180.0
2019-04-21,2019,DET,CHW,4,3,1,-110.0,100.0
2019-04-21,2019,TBR,BOS,3,4,0,-110.0,100.0
2019-04-21,2019,TEX,HOU,11,10,1,170.0,-185.0
2019-04-21,2019,ATH,TOR,4,5,0,-150.0,140.0
2019-04-21,2019,LAA,SEA,8,6,1,-119.0,109.0
2019-04-21,2019,CLE,ATL,5,11,0,-110.0,100.0
2019-04-22,2019,PIT,ARI,4,12,0,-133.0,123.0
2019-04-22,2019,NYM,PHI,5,1,1,-108.0,-102.0
2019-04-22,2019,STL,MIL,13,5,1,-145.0,135.0
2019-04-22,2019,COL,WSN,7,5,1,-122.0,112.0
2019-04-22,2019,BAL,CHW,2,12,0,110.0,-120.0
2019-04-22,2019,TBR,KCR,6,3,1,-170.0,160.0
2019-04-22,2019,HOU,MIN,5,9,0,-168.0,158.0
2019-04-22,2019,LAA,NYY,3,4,0,-115.0,105.0
2019-04-22,2019,ATH,TEX,6,1,1,-140.0,130.0
2019-04-23,2019,CIN,ATL,7,6,1,112.0,-122.0
2019-04-23,2019,PIT,ARI,1,2,0,-106.0,-104.0
2019-04-23,2019,NYM,PHI,9,0,1,-123.0,113.0
2019-04-23,2019,STL,MIL,4,3,1,-117.0,107.0
2019-04-23,2019,CHC,LAD,7,2,1,-110.0,100.0
2019-04-23,2019,COL,WSN,3,6,0,144.0,-154.0
2019-04-23,2019,BAL,CHW,9,1,1,126.0,-136.0
2019-04-23,2019,TBR,KCR,5,2,1,-185.0,170.0
2019-04-23,2019,BOS,DET,2,4,0,-180.0,165.0
2019-04-23,2019,HOU,MIN,10,4,1,-150.0,140.0
2019-04-23,2019,LAA,NYY,5,7,0,-105.0,-105.0
2019-04-23,2019,ATH,TEX,11,5,1,-140.0,130.0
2019-04-23,2019,TOR,SFG,6,7,0,-106.0,-104.0
2019-04-23,2019,CLE,MIA,1,3,0,-230.0,205.0
2019-04-23,2019,SDP,SEA,6,3,1,-132.0,122.0
2019-04-23,2019,BOS,DET,4,7,0,-220.0,200.0
2019-04-24,2019,STL,MIL,5,2,1,-125.0,115.0
2019-04-24,2019,COL,WSN,9,5,1,-160.0,150.0
2019-04-24,2019,CIN,ATL,1,3,0,103.0,-113.0
2019-04-24,2019,PIT,ARI,2,11,0,-110.0,100.0
2019-04-24,2019,NYM,PHI,0,6,0,116.0,-126.0
2019-04-24,2019,CHC,LAD,7,6,1,106.0,-116.0
2019-04-24,2019,TBR,KCR,2,10,0,-240.0,210.0
2019-04-24,2019,ATH,TEX,6,5,1,-160.0,150.0
2019-04-24,2019,BAL,CHW,4,3,1,-125.0,115.0
2019-04-24,2019,BOS,DET,11,4,1,-215.0,195.0
2019-04-24,2019,HOU,MIN,7,1,1,-240.0,210.0
2019-04-24,2019,LAA,NYY,5,6,0,104.0,-114.0
2019-04-24,2019,CLE,MIA,6,2,1,-157.0,147.0
2019-04-24,2019,SDP,SEA,1,0,1,-158.0,148.0
2019-04-24,2019,TOR,SFG,0,4,0,112.0,-122.0
2019-04-25,2019,PIT,ARI,0,5,0,-105.0,-105.0
2019-04-25,2019,CHC,LAD,1,2,0,106.0,-116.0
2019-04-25,2019,CIN,ATL,4,2,1,-138.0,128.0
2019-04-25,2019,PHI,MIA,1,3,0,-190.0,175.0
2019-04-25,2019,BOS,DET,7,3,1,-230.0,205.0
2019-04-25,2019,HOU,CLE,1,2,0,-145.0,135.0
2019-04-25,2019,LAA,NYY,11,5,1,102.0,-112.0
2019-04-25,2019,SEA,TEX,14,2,1,-143.0,133.0
2019-04-26,2019,PHI,MIA,4,0,1,-170.0,160.0
2019-04-26,2019,WSN,SDP,3,4,0,-210.0,190.0
2019-04-26,2019,NYM,MIL,2,10,0,-174.0,162.0
2019-04-26,2019,ATL,COL,4,8,0,-160.0,150.0
2019-04-26,2019,STL,CIN,1,12,0,-145.0,135.0
2019-04-26,2019,ARI,CHC,8,3,1,-108.0,-102.0
2019-04-26,2019,LAD,PIT,6,2,1,-180.0,165.0
2019-04-26,2019,TOR,ATH,4,2,1,-124.0,114.0
2019-04-26,2019,MIN,BAL,6,1,1,-185.0,170.0
2019-04-26,2019,CHW,DET,12,11,1,-127.0,117.0
2019-04-26,2019,HOU,CLE,3,6,0,-123.0,113.0
2019-04-26,2019,KCR,LAA,1,5,0,-105.0,-105.0
2019-04-26,2019,SEA,TEX,5,4,1,-140.0,130.0
2019-04-26,2019,SFG,NYY,3,7,0,100.0,-110.0
2019-04-27,2019,STL,CIN,6,3,1,-123.0,113.0
2019-04-27,2019,WSN,SDP,3,8,0,-162.0,152.0
2019-04-27,2019,PHI,MIA,12,9,1,-200.0,180.0
2019-04-27,2019,NYM,MIL,6,8,0,-132.0,122.0
2019-04-27,2019,ATL,COL,5,9,0,-112.0,102.0
2019-04-27,2019,ARI,CHC,1,9,0,-114.0,104.0
2019-04-27,2019,LAD,PIT,3,1,1,-210.0,190.0
2019-04-27,2019,MIN,BAL,9,2,1,-255.0,225.0
2019-04-27,2019,TOR,ATH,7,1,1,-105.0,-105.0
2019-04-27,2019,HOU,CLE,4,3,1,-150.0,140.0
2019-04-27,2019,BOS,TBR,1,2,0,-130.0,120.0
2019-04-27,2019,KCR,LAA,9,4,1,106.0,-116.0
2019-04-27,2019,SEA,TEX,1,15,0,-103.0,-107.0
2019-04-27,2019,SFG,NYY,4,6,0,-106.0,-104.0
2019-04-28,2019,PHI,MIA,5,1,1,-170.0,160.0
2019-04-28,2019,NYM,MIL,5,2,1,-122.0,112.0
2019-04-28,2019,ATL,COL,8,7,1,-165.0,155.0
2019-04-28,2019,WSN,SDP,7,6,1,111.0,-121.0
2019-04-28,2019,STL,CIN,5,2,1,-140.0,130.0
2019-04-28,2019,ARI,CHC,5,6,0,100.0,-110.0
2019-04-28,2019,LAD,PIT,7,6,1,-185.0,170.0
2019-04-28,2019,BOS,TBR,2,5,0,-130.0,120.0
2019-04-28,2019,TOR,ATH,5,4,1,115.0,-125.0
2019-04-28,2019,CHW,DET,4,1,1,110.0,-120.0
2019-04-28,2019,MIN,BAL,4,1,1,-210.0,190.0
2019-04-28,2019,KCR,LAA,3,7,0,100.0,-110.0
2019-04-28,2019,SEA,TEX,1,14,0,-127.0,117.0
2019-04-28,2019,HOU,CLE,4,1,1,-108.0,-102.0
2019-04-28,2019,SFG,NYY,5,11,0,115.0,-125.0
2019-04-29,2019,WSN,STL,3,6,0,-134.0,124.0
2019-04-29,2019,NYM,CIN,4,5,0,-152.0,142.0
2019-04-29,2019,ATL,SDP,3,1,1,-160.0,150.0
2019-04-29,2019,MIL,COL,5,1,1,-105.0,-105.0
2019-04-29,2019,SFG,LAD,3,2,1,140.0,-150.0
2019-04-29,2019,BOS,ATH,9,4,1,-134.0,124.0
2019-04-29,2019,MIN,HOU,1,0,1,155.0,-165.0
2019-04-29,2019,CHW,BAL,5,3,1,-128.0,118.0
2019-04-29,2019,KCR,TBR,5,8,0,138.0,-148.0
2019-04-30,2019,WSN,STL,2,3,0,108.0,-118.0
2019-04-30,2019,NYM,CIN,4,3,1,-104.0,-106.0
2019-04-30,2019,ATL,SDP,3,4,0,-110.0,100.0
2019-04-30,2019,MIL,COL,4,3,1,-103.0,-107.0
2019-04-30,2019,SFG,LAD,3,10,0,135.0,-145.0
2019-04-30,2019,BOS,ATH,5,1,1,-160.0,150.0
2019-04-30,2019,MIN,HOU,0,11,0,150.0,-160.0
2019-04-30,2019,LAA,TOR,4,3,1,-148.0,138.0
2019-04-30,2019,PHI,DET,1,3,0,-190.0,175.0
2019-04-30,2019,MIA,CLE,4,7,0,180.0,-200.0
2019-04-30,2019,TEX,PIT,4,6,0,-110.0,100.0
2019-04-30,2019,ARI,NYY,3,1,1,-145.0,135.0
2019-04-30,2019,SEA,CHC,5,6,0,119.0,-129.0
2019-05-01,2019,WSN,STL,1,5,0,-140.0,130.0
2019-05-01,2019,NYM,CIN,0,1,0,-185.0,170.0
2019-05-01,2019,ATL,SDP,5,1,1,-140.0,130.0
2019-05-01,2019,MIL,COL,4,11,0,-145.0,135.0
2019-05-01,2019,SFG,LAD,2,1,1,120.0,-130.0
2019-05-01,2019,BOS,ATH,7,3,1,-136.0,126.0
2019-05-01,2019,MIN,HOU,6,2,1,137.0,-147.0
2019-05-01,2019,CHW,BAL,4,5,0,-180.0,165.0
2019-05-01,2019,KCR,TBR,8,2,1,200.0,-220.0
2019-05-01,2019,LAA,TOR,6,3,1,-109.0,-101.0
2019-05-01,2019,TEX,PIT,5,7,0,126.0,-136.0
2019-05-01,2019,ARI,NYY,3,2,1,105.0,-115.0
2019-05-01,2019,SEA,CHC,0,11,0,-108.0,-102.0
2019-05-01,2019,PHI,DET,7,3,1,-240.0,210.0
2019-05-01,2019,MIA,CLE,4,2,1,110.0,-120.0
2019-05-01,2019,CHW,BAL,7,6,1,-142.0,132.0
2019-05-01,2019,KCR,TBR,3,2,1,125.0,-135.0
2019-05-02,2019,NYM,CIN,1,0,1,-178.0,164.0
2019-05-02,2019,ATL,SDP,2,11,0,-147.0,137.0
2019-05-02,2019,MIL,COL,6,11,0,-116.0,106.0
2019-05-02,2019,WSN,STL,2,1,1,-150.0,140.0
2019-05-02,2019,MIN,HOU,8,2,1,-115.0,105.0
2019-05-02,2019,KCR,TBR,1,3,0,152.0,-162.0
2019-05-02,2019,CHW,BOS,6,4,1,164.0,-178.0
2019-05-02,2019,LAA,TOR,6,2,1,-162.0,152.0
2019-05-03,2019,CHC,STL,4,0,1,-102.0,-108.0
2019-05-03,2019,PHI,WSN,4,2,1,-176.0,163.0
2019-05-03,2019,MIA,ATL,2,7,0,148.0,-158.0
2019-05-03,2019,CIN,SFG,11,12,0,-145.0,135.0
2019-05-03,2019,MIL,NYM,3,1,1,-125.0,115.0
2019-05-03,2019,COL,ARI,9,10,0,-105.0,-105.0
2019-05-03,2019,SDP,LAD,3,4,0,143.0,-153.0
2019-05-03,2019,BAL,TBR,0,7,0,210.0,-240.0
2019-05-03,2019,NYY,MIN,6,3,1,-150.0,140.0
2019-05-03,2019,DET,KCR,4,3,1,-145.0,135.0
2019-05-03,2019,CLE,SEA,2,1,1,-143.0,133.0
2019-05-03,2019,TEX,TOR,0,1,0,-140.0,130.0
2019-05-03,2019,CHW,BOS,1,6,0,161.0,-172.0
2019-05-03,2019,PIT,ATH,1,14,0,-120.0,110.0
2019-05-04,2019,CHC,STL,6,5,1,-117.0,107.0
2019-05-04,2019,MIA,ATL,2,9,0,146.0,-156.0
2019-05-04,2019,PHI,WSN,8,10,0,-110.0,100.0
2019-05-04,2019,MIL,NYM,4,3,1,-114.0,104.0
2019-05-04,2019,CIN,SFG,9,2,1,-124.0,114.0
2019-05-04,2019,COL,ARI,2,9,0,-134.0,124.0
2019-05-04,2019,SDP,LAD,6,7,0,-110.0,100.0
2019-05-04,2019,NYY,MIN,3,7,0,-117.0,107.0
2019-05-04,2019,CLE,SEA,5,4,1,-192.0,176.0
2019-05-04,2019,DET,KCR,3,15,0,-107.0,-103.0
2019-05-04,2019,BAL,TBR,3,0,1,160.0,-170.0
2019-05-04,2019,LAA,HOU,2,14,0,126.0,-136.0
2019-05-04,2019,CHW,BOS,2,15,0,159.0,-169.0
2019-05-04,2019,TEX,TOR,8,5,1,-120.0,110.0
2019-05-04,2019,PIT,ATH,6,4,1,-105.0,-105.0
2019-05-05,2019,MIA,ATL,1,3,0,106.0,-116.0
2019-05-05,2019,PHI,WSN,7,1,1,-170.0,160.0
2019-05-05,2019,MIL,NYM,3,2,1,-170.0,160.0
2019-05-05,2019,COL,ARI,8,7,1,-139.0,129.0
2019-05-05,2019,SDP,LAD,8,5,1,113.0,-123.0
2019-05-05,2019,CIN,SFG,5,6,0,-176.0,163.0
2019-05-05,2019,CHC,STL,13,5,1,-123.0,113.0
2019-05-05,2019,NYY,MIN,4,1,1,-139.0,129.0
2019-05-05,2019,CLE,SEA,0,10,0,-142.0,132.0
2019-05-05,2019,DET,KCR,5,2,1,-118.0,108.0
2019-05-05,2019,CHW,BOS,2,9,0,130.0,-140.0
2019-05-05,2019,TEX,TOR,10,2,1,-134.0,124.0
2019-05-05,2019,LAA,HOU,4,10,0,195.0,-215.0
2019-05-05,2019,PIT,ATH,5,3,1,102.0,-112.0
2019-05-06,2019,CIN,SFG,12,4,1,-135.0,125.0
2019-05-06,2019,MIL,WSN,5,3,1,-110.0,100.0
2019-05-06,2019,STL,PHI,6,0,1,-125.0,115.0
2019-05-06,2019,CHC,MIA,5,6,0,-270.0,240.0
2019-05-06,2019,LAD,ATL,5,3,1,-155.0,145.0
2019-05-06,2019,SDP,NYM,4,0,1,105.0,-115.0
2019-05-06,2019,CLE,CHW,1,9,0,-250.0,220.0
2019-05-06,2019,NYY,SEA,7,3,1,-138.0,128.0
2019-05-06,2019,BAL,BOS,4,1,1,153.0,-163.0
2019-05-06,2019,TOR,MIN,0,8,0,-115.0,105.0
2019-05-06,2019,HOU,KCR,6,4,1,-290.0,250.0
2019-05-06,2019,TBR,ARI,12,1,1,-210.0,190.0
2019-05-07,2019,MIL,WSN,6,0,1,-112.0,102.0
2019-05-07,2019,STL,PHI,1,11,0,105.0,-115.0
2019-05-07,2019,CHC,MIA,5,2,1,-165.0,155.0
2019-05-07,2019,COL,SFG,4,14,0,-124.0,114.0
2019-05-07,2019,LAD,ATL,9,0,1,-132.0,122.0
2019-05-07,2019,SDP,NYM,6,7,0,140.0,-150.0
2019-05-07,2019,CLE,CHW,0,2,0,-137.0,127.0
2019-05-07,2019,NYY,SEA,5,4,1,-152.0,142.0
2019-05-07,2019,BAL,BOS,5,8,0,185.0,-205.0
2019-05-07,2019,TOR,MIN,0,3,0,130.0,-140.0
2019-05-07,2019,DET,LAA,2,5,0,127.0,-137.0
2019-05-07,2019,HOU,KCR,2,12,0,-240.0,210.0
2019-05-07,2019,PIT,TEX,5,4,1,-142.0,132.0
2019-05-07,2019,TBR,ARI,6,3,1,-172.0,161.0
2019-05-07,2019,ATH,CIN,2,0,1,-122.0,112.0
2019-05-08,2019,MIL,WSN,7,3,1,-190.0,175.0
2019-05-08,2019,STL,PHI,0,5,0,-148.0,138.0
2019-05-08,2019,SDP,NYM,3,2,1,-130.0,120.0
2019-05-08,2019,CHC,MIA,3,2,1,-230.0,205.0
2019-05-08,2019,LAD,ATL,9,4,1,-210.0,190.0
2019-05-08,2019,CLE,CHW,5,3,1,-200.0,180.0
2019-05-08,2019,NYY,SEA,1,10,0,-115.0,105.0
2019-05-08,2019,BAL,BOS,1,2,0,245.0,-280.0
2019-05-08,2019,TOR,MIN,1,9,0,123.0,-133.0
2019-05-08,2019,DET,LAA,10,3,1,-110.0,100.0
2019-05-08,2019,HOU,KCR,9,0,1,-230.0,205.0
2019-05-08,2019,PIT,TEX,6,9,0,-121.0,111.0
2019-05-08,2019,TBR,ARI,2,3,0,-155.0,145.0
2019-05-08,2019,ATH,CIN,5,4,1,-122.0,112.0
2019-05-09,2019,CHC,MIA,4,1,1,-210.0,190.0
2019-05-09,2019,COL,SFG,12,11,1,-158.0,148.0
2019-05-09,2019,STL,PIT,17,4,1,-145.0,135.0
2019-05-09,2019,ARI,ATL,3,2,1,100.0,-110.0
2019-05-09,2019,LAD,WSN,0,6,0,-150.0,140.0
2019-05-09,2019,CLE,CHW,5,0,1,-240.0,210.0
2019-05-09,2019,DET,LAA,0,13,0,162.0,-174.0
2019-05-09,2019,NYY,SEA,3,1,1,-140.0,130.0
2019-05-09,2019,HOU,TEX,4,2,1,-182.0,167.0
2019-05-09,2019,ATH,CIN,0,3,0,-166.0,156.0
2019-05-10,2019,CHC,MIL,0,7,0,-116.0,106.0
2019-05-10,2019,NYM,MIA,11,2,1,-176.0,163.0
2019-05-10,2019,STL,PIT,1,2,0,-160.0,150.0
2019-05-10,2019,COL,SDP,12,2,1,-172.0,161.0
2019-05-10,2019,ARI,ATL,1,2,0,-130.0,120.0
2019-05-10,2019,LAD,WSN,5,0,1,-220.0,200.0
2019-05-10,2019,SFG,CIN,0,7,0,140.0,-150.0
2019-05-10,2019,BAL,LAA,3,8,0,170.0,-185.0
2019-05-10,2019,TOR,CHW,4,3,1,-126.0,116.0
2019-05-10,2019,BOS,SEA,14,1,1,-205.0,185.0
2019-05-10,2019,TBR,NYY,3,4,0,-166.0,156.0
2019-05-10,2019,MIN,DET,6,0,1,-210.0,190.0
2019-05-10,2019,HOU,TEX,3,0,1,-260.0,230.0
2019-05-10,2019,ATH,CLE,4,3,1,-138.0,128.0
2019-05-10,2019,KCR,PHI,5,1,1,133.0,-143.0
2019-05-11,2019,STL,PIT,1,2,0,-180.0,165.0
2019-05-11,2019,CHC,MIL,2,1,1,-122.0,112.0
2019-05-11,2019,NYM,MIA,4,1,1,-310.0,270.0
2019-05-11,2019,ARI,ATL,4,6,0,115.0,-125.0
2019-05-11,2019,COL,SDP,3,4,0,-135.0,125.0
2019-05-11,2019,SFG,CIN,4,5,0,125.0,-135.0
2019-05-11,2019,LAD,WSN,2,5,0,-135.0,125.0
2019-05-11,2019,BOS,SEA,9,5,1,-172.0,161.0
2019-05-11,2019,MIN,DET,3,5,0,-158.0,148.0
2019-05-11,2019,TOR,CHW,2,7,0,-156.0,146.0
2019-05-11,2019,BAL,LAA,2,7,0,124.0,-134.0
2019-05-11,2019,ATH,CLE,3,2,1,108.0,-118.0
2019-05-11,2019,TBR,NYY,7,2,1,-135.0,125.0
2019-05-11,2019,HOU,TEX,11,4,1,-290.0,250.0
2019-05-11,2019,KCR,PHI,0,7,0,120.0,-130.0
2019-05-11,2019,MIN,DET,8,3,1,-210.0,190.0
2019-05-12,2019,STL,PIT,6,10,0,-170.0,160.0
2019-05-12,2019,COL,SDP,10,7,1,-110.0,100.0
2019-05-12,2019,SFG,CIN,6,5,1,-111.0,101.0
2019-05-12,2019,LAD,WSN,6,0,1,-142.0,132.0
2019-05-12,2019,ARI,ATL,3,5,0,105.0,-115.0
2019-05-12,2019,CHC,MIL,4,1,1,-118.0,108.0
2019-05-12,2019,BAL,LAA,5,1,1,145.0,-155.0
2019-05-12,2019,BOS,SEA,11,2,1,-130.0,120.0
2019-05-12,2019,TOR,CHW,1,5,0,-112.0,102.0
2019-05-12,2019,TBR,NYY,1,7,0,-185.0,170.0
2019-05-12,2019,MIN,DET,3,5,0,-172.0,161.0
2019-05-12,2019,HOU,TEX,15,5,1,-210.0,190.0
2019-05-12,2019,ATH,CLE,3,5,0,-120.0,110.0
2019-05-12,2019,KCR,PHI,1,6,0,-105.0,-105.0
2019-05-13,2019,PHI,MIL,7,4,1,-143.0,133.0
2019-05-13,2019,ARI,PIT,9,3,1,-180.0,165.0
2019-05-13,2019,DET,HOU,1,8,0,152.0,-162.0
2019-05-13,2019,MIN,LAA,4,5,0,-128.0,118.0
2019-05-13,2019,CHW,CLE,5,2,1,145.0,-155.0
2019-05-13,2019,SEA,ATH,6,5,1,-115.0,105.0
2019-05-14,2019,CIN,CHC,1,3,0,100.0,-110.0
2019-05-14,2019,PHI,MIL,1,6,0,105.0,-115.0
2019-05-14,2019,WSN,NYM,2,6,0,134.0,-144.0
2019-05-14,2019,ATL,STL,3,14,0,115.0,-125.0
2019-05-14,2019,ARI,PIT,2,6,0,-158.0,148.0
2019-05-14,2019,LAD,SDP,6,3,1,-157.0,147.0
2019-05-14,2019,CHW,CLE,0,9,0,178.0,-196.0
2019-05-14,2019,DET,HOU,4,11,0,200.0,-220.0
2019-05-14,2019,MIN,LAA,4,3,1,-128.0,118.0
2019-05-14,2019,KCR,TEX,11,5,1,-143.0,133.0
2019-05-14,2019,SEA,ATH,4,3,1,105.0,-115.0
2019-05-14,2019,MIA,TBR,0,4,0,133.0,-143.0
2019-05-14,2019,BOS,COL,4,5,0,-250.0,220.0
2019-05-14,2019,SFG,TOR,3,7,0,-125.0,115.0
2019-05-15,2019,ARI,PIT,11,1,1,-157.0,147.0
2019-05-15,2019,CIN,CHC,6,5,1,-134.0,124.0
2019-05-15,2019,PHI,MIL,2,5,0,-122.0,112.0
2019-05-15,2019,WSN,NYM,5,1,1,-147.0,137.0
2019-05-15,2019,ATL,STL,4,0,1,-134.0,124.0
2019-05-15,2019,LAD,SDP,2,0,1,-158.0,148.0
2019-05-15,2019,MIN,LAA,8,7,1,-135.0,125.0
2019-05-15,2019,NYY,BAL,3,1,1,-240.0,210.0
2019-05-15,2019,DET,HOU,1,5,0,320.0,-380.0
2019-05-15,2019,KCR,TEX,1,6,0,108.0,-118.0
2019-05-15,2019,SFG,TOR,4,3,1,-140.0,130.0
2019-05-15,2019,MIA,TBR,0,1,0,163.0,-176.0
2019-05-15,2019,BOS,COL,6,5,1,-146.0,136.0
2019-05-15,2019,NYY,BAL,5,3,1,-270.0,240.0
2019-05-16,2019,WSN,NYM,7,6,1,115.0,-125.0
2019-05-16,2019,PHI,MIL,3,11,0,-121.0,111.0
2019-05-16,2019,CIN,CHC,4,2,1,-136.0,126.0
2019-05-16,2019,ATL,STL,10,2,1,-112.0,102.0
2019-05-16,2019,SDP,PIT,4,3,1,-144.0,134.0
2019-05-16,2019,DET,ATH,3,17,0,138.0,-148.0
2019-05-16,2019,KCR,TEX,1,16,0,-112.0,102.0
2019-05-16,2019,CLE,BAL,14,7,1,-340.0,290.0
2019-05-16,2019,CHW,TOR,4,2,1,106.0,-116.0
2019-05-16,2019,SEA,MIN,6,11,0,-103.0,-107.0
2019-05-17,2019,WSN,CHC,6,14,0,-158.0,148.0
2019-05-17,2019,PHI,COL,5,4,1,-119.0,109.0
2019-05-17,2019,CIN,LAD,0,6,0,127.0,-137.0
2019-05-17,2019,MIA,NYM,8,6,1,205.0,-230.0
2019-05-17,2019,ATL,MIL,12,8,1,-128.0,118.0
2019-05-17,2019,ARI,SFG,7,0,1,-141.0,131.0
2019-05-17,2019,SDP,PIT,3,5,0,-168.0,158.0
2019-05-17,2019,NYY,TBR,4,3,1,-107.0,-103.0
2019-05-17,2019,CLE,BAL,1,5,0,-170.0,160.0
2019-05-17,2019,DET,ATH,2,7,0,176.0,-192.0
2019-05-17,2019,BOS,HOU,1,3,0,131.0,-141.0
2019-05-17,2019,CHW,TOR,2,10,0,-116.0,106.0
2019-05-17,2019,LAA,KCR,5,2,1,-185.0,170.0
2019-05-17,2019,SEA,MIN,1,7,0,-112.0,102.0
2019-05-17,2019,TEX,STL,7,3,1,147.0,-157.0
2019-05-18,2019,PHI,COL,2,1,1,-176.0,163.0
2019-05-18,2019,CIN,LAD,4,0,1,157.0,-167.0
2019-05-18,2019,MIA,NYM,2,0,1,116.0,-126.0
2019-05-18,2019,WSN,CHC,5,2,1,-135.0,125.0
2019-05-18,2019,ATL,MIL,4,3,1,-120.0,110.0
2019-05-18,2019,SDP,PIT,2,7,0,-150.0,140.0
2019-05-18,2019,ARI,SFG,5,8,0,106.0,-116.0
2019-05-18,2019,NYY,TBR,1,2,0,107.0,-117.0
2019-05-18,2019,CHW,TOR,4,1,1,-155.0,145.0
2019-05-18,2019,DET,ATH,1,4,0,108.0,-118.0
2019-05-18,2019,CLE,BAL,4,1,1,-150.0,140.0
2019-05-18,2019,BOS,HOU,3,7,0,100.0,-110.0
2019-05-18,2019,LAA,KCR,6,3,1,-190.0,175.0
2019-05-18,2019,SEA,MIN,4,18,0,122.0,-132.0
2019-05-18,2019,TEX,STL,2,8,0,100.0,-110.0
2019-05-19,2019,PHI,COL,7,5,1,-113.0,103.0
2019-05-19,2019,MIA,NYM,3,0,1,178.0,-196.0
2019-05-19,2019,CIN,LAD,3,8,0,160.0,-170.0
2019-05-19,2019,ATL,MIL,2,3,0,130.0,-140.0
2019-05-19,2019,ARI,SFG,2,3,0,-200.0,180.0
2019-05-19,2019,SDP,PIT,4,6,0,-112.0,102.0
2019-05-19,2019,WSN,CHC,5,6,0,140.0,-150.0
2019-05-19,2019,BOS,HOU,4,3,1,-192.0,176.0
2019-05-19,2019,NYY,TBR,13,5,1,-109.0,-101.0
2019-05-19,2019,CLE,BAL,10,0,1,-240.0,210.0
2019-05-19,2019,DET,ATH,3,7,0,180.0,-200.0
2019-05-19,2019,CHW,TOR,2,5,0,-110.0,100.0
2019-05-19,2019,LAA,KCR,1,5,0,-167.0,157.0
2019-05-19,2019,SEA,MIN,7,4,1,-120.0,110.0
2019-05-19,2019,TEX,STL,5,4,1,148.0,-158.0
2019-05-20,2019,NYM,WSN,5,3,1,145.0,-155.0
2019-05-20,2019,CHC,PHI,4,5,0,-118.0,108.0
2019-05-20,2019,SFG,ATL,1,4,0,140.0,-150.0
2019-05-20,2019,SDP,ARI,2,1,1,-145.0,135.0
2019-05-20,2019,TOR,BOS,2,12,0,200.0,-220.0
2019-05-20,2019,CLE,ATH,4,6,0,-180.0,165.0
2019-05-20,2019,BAL,NYY,7,10,0,165.0,-180.0
2019-05-20,2019,TEX,SEA,10,9,1,-142.0,132.0
2019-05-20,2019,HOU,CHW,3,0,1,-230.0,205.0
2019-05-20,2019,LAA,MIN,1,3,0,-140.0,130.0
2019-05-21,2019,CHC,PHI,3,2,1,-125.0,115.0
2019-05-21,2019,PIT,COL,0,5,0,110.0,-120.0
2019-05-21,2019,NYM,WSN,6,5,1,-135.0,125.0
2019-05-21,2019,MIL,CIN,0,3,0,-132.0,122.0
2019-05-21,2019,SFG,ATL,4,3,1,105.0,-115.0
2019-05-21,2019,SDP,ARI,3,2,1,-105.0,-105.0
2019-05-21,2019,CLE,ATH,3,5,0,-120.0,110.0
2019-05-21,2019,BAL,NYY,4,11,0,230.0,-260.0
2019-05-21,2019,TOR,BOS,10,3,1,130.0,-140.0
2019-05-21,2019,TEX,SEA,5,3,1,-120.0,110.0
2019-05-21,2019,HOU,CHW,5,1,1,-350.0,300.0
2019-05-21,2019,LAA,MIN,3,8,0,-114.0,104.0
2019-05-21,2019,DET,MIA,4,5,0,-112.0,102.0
2019-05-21,2019,TBR,LAD,3,7,0,130.0,-140.0
2019-05-22,2019,MIL,CIN,11,9,1,-101.0,-109.0
2019-05-22,2019,SDP,ARI,5,2,1,-134.0,124.0
2019-05-22,2019,PIT,COL,3,9,0,102.0,-112.0
2019-05-22,2019,NYM,WSN,6,1,1,113.0,-123.0
2019-05-22,2019,CHC,PHI,8,4,1,-162.0,152.0
2019-05-22,2019,SFG,ATL,2,9,0,147.0,-157.0
2019-05-22,2019,CLE,ATH,2,7,0,110.0,-120.0
2019-05-22,2019,TEX,SEA,2,1,1,112.0,-122.0
2019-05-22,2019,BAL,NYY,5,7,0,220.0,-250.0
2019-05-22,2019,TOR,BOS,5,6,0,134.0,-144.0
2019-05-22,2019,HOU,CHW,4,9,0,-360.0,310.0
2019-05-22,2019,STL,KCR,2,8,0,-180.0,165.0
2019-05-22,2019,DET,MIA,3,6,0,-115.0,105.0
2019-05-22,2019,TBR,LAD,8,1,1,113.0,-123.0
2019-05-22,2019,STL,KCR,10,3,1,-200.0,180.0
2019-05-23,2019,NYM,WSN,6,4,1,153.0,-163.0
2019-05-23,2019,PIT,COL,14,6,1,-132.0,122.0
2019-05-23,2019,CHC,PHI,7,9,0,115.0,-125.0
2019-05-23,2019,SFG,ATL,4,5,0,104.0,-114.0
2019-05-23,2019,BAL,NYY,5,6,0,180.0,-200.0
2019-05-23,2019,TOR,BOS,2,8,0,122.0,-132.0
2019-05-23,2019,CLE,TBR,2,7,0,114.0,-124.0
2019-05-23,2019,HOU,CHW,0,4,0,-185.0,170.0
2019-05-23,2019,DET,MIA,2,5,0,-145.0,135.0
2019-05-23,2019,LAA,MIN,7,16,0,124.0,-134.0
2019-05-24,2019,CHC,CIN,5,6,0,-180.0,165.0
2019-05-24,2019,WSN,MIA,12,10,1,-148.0,138.0
2019-05-24,2019,PIT,LAD,2,10,0,175.0,-190.0
2019-05-24,2019,MIL,PHI,4,6,0,-142.0,132.0
2019-05-24,2019,STL,ATL,2,5,0,-148.0,138.0
2019-05-24,2019,SFG,ARI,2,18,0,128.0,-138.0
2019-05-24,2019,CLE,TBR,3,1,1,120.0,-130.0
2019-05-24,2019,MIN,CHW,11,4,1,-205.0,185.0
2019-05-24,2019,HOU,BOS,4,3,1,140.0,-150.0
2019-05-24,2019,ATH,SEA,6,2,1,-158.0,148.0
2019-05-24,2019,LAA,TEX,3,4,0,-162.0,152.0
2019-05-24,2019,TOR,SDP,3,6,0,110.0,-120.0
2019-05-24,2019,NYM,DET,8,9,0,-290.0,250.0
2019-05-24,2019,COL,BAL,8,6,1,-145.0,135.0
2019-05-25,2019,CHC,CIN,8,6,1,-141.0,131.0
2019-05-25,2019,WSN,MIA,5,0,1,-230.0,205.0
2019-05-25,2019,SFG,ARI,4,10,0,-115.0,105.0
2019-05-25,2019,MIL,PHI,2,7,0,-133.0,123.0
2019-05-25,2019,STL,ATL,6,3,1,108.0,-118.0
2019-05-25,2019,PIT,LAD,2,7,0,170.0,-185.0
2019-05-25,2019,MIN,CHW,8,1,1,-215.0,195.0
2019-05-25,2019,KCR,NYY,3,7,0,122.0,-132.0
2019-05-25,2019,ATH,SEA,6,5,1,-119.0,109.0
2019-05-25,2019,CLE,TBR,2,6,0,-120.0,110.0
2019-05-25,2019,HOU,BOS,4,3,1,-130.0,120.0
2019-05-25,2019,LAA,TEX,3,2,1,-105.0,-105.0
2019-05-25,2019,TOR,SDP,4,19,0,-101.0,-109.0
2019-05-25,2019,NYM,DET,5,4,1,-180.0,165.0
2019-05-25,2019,COL,BAL,6,9,0,-168.0,158.0
2019-05-25,2019,KCR,NYY,5,6,0,145.0,-155.0
2019-05-26,2019,WSN,MIA,9,6,1,-130.0,120.0
2019-05-26,2019,PIT,LAD,7,11,0,149.0,-159.0
2019-05-26,2019,MIL,PHI,9,1,1,-155.0,145.0
2019-05-26,2019,CHC,CIN,2,10,0,-160.0,150.0
2019-05-26,2019,SFG,ARI,2,6,0,-105.0,-105.0
2019-05-26,2019,STL,ATL,3,4,0,-138.0,128.0
2019-05-26,2019,CLE,TBR,3,6,0,-106.0,-104.0
2019-05-26,2019,MIN,CHW,7,0,1,-250.0,220.0
2019-05-26,2019,HOU,BOS,1,4,0,-160.0,150.0
2019-05-26,2019,KCR,NYY,8,7,1,150.0,-160.0
2019-05-26,2019,LAA,TEX,7,6,1,-160.0,150.0
2019-05-26,2019,ATH,SEA,7,1,1,-135.0,125.0
2019-05-26,2019,TOR,SDP,10,1,1,-115.0,105.0
2019-05-26,2019,NYM,DET,4,3,1,-165.0,155.0
2019-05-26,2019,COL,BAL,8,7,1,-340.0,290.0
2019-05-27,2019,WSN,MIA,2,3,0,-310.0,270.0
2019-05-27,2019,CIN,PIT,5,8,0,-205.0,185.0
2019-05-27,2019,COL,ARI,4,3,1,-106.0,-107.0
2019-05-27,2019,LAD,NYM,9,5,1,-185.0,170.0
2019-05-27,2019,BAL,DET,5,3,1,-106.0,-104.0
2019-05-27,2019,TBR,TOR,8,3,1,-180.0,165.0
2019-05-27,2019,CHW,KCR,2,1,1,-114.0,104.0
2019-05-27,2019,BOS,CLE,12,5,1,-180.0,165.0
2019-05-27,2019,ATH,LAA,8,5,1,-150.0,140.0
2019-05-27,2019,SEA,TEX,6,2,1,-123.0,113.0
2019-05-27,2019,NYY,SDP,5,2,1,-125.0,115.0
2019-05-27,2019,HOU,CHC,6,5,1,-174.0,162.0
2019-05-27,2019,MIN,MIL,4,5,0,110.0,-120.0
2019-05-27,2019,CIN,PIT,8,1,1,-165.0,155.0
2019-05-28,2019,CIN,PIT,11,6,1,-102.0,-108.0
2019-05-28,2019,PHI,STL,4,3,1,-115.0,105.0
2019-05-28,2019,MIA,SFG,11,3,1,-107.0,-103.0
2019-05-28,2019,ATL,WSN,4,5,0,-120.0,110.0
2019-05-28,2019,COL,ARI,6,2,1,-138.0,128.0
2019-05-28,2019,LAD,NYM,3,7,0,-200.0,180.0
2019-05-28,2019,BAL,DET,0,3,0,102.0,-112.0
2019-05-28,2019,BOS,CLE,5,7,0,-200.0,180.0
2019-05-28,2019,TBR,TOR,3,1,1,-196.0,178.0
2019-05-28,2019,CHW,KCR,4,3,1,-159.0,149.0
2019-05-28,2019,ATH,LAA,4,6,0,-180.0,165.0
2019-05-28,2019,SEA,TEX,4,11,0,-155.0,145.0
2019-05-28,2019,NYY,SDP,4,5,0,-190.0,175.0
2019-05-28,2019,HOU,CHC,9,6,1,-132.0,122.0
2019-05-28,2019,MIN,MIL,5,3,1,105.0,-115.0
2019-05-29,2019,CIN,PIT,2,7,0,-145.0,135.0
2019-05-29,2019,PHI,STL,11,4,1,-180.0,165.0
2019-05-29,2019,MIA,SFG,4,2,1,110.0,-120.0
2019-05-29,2019,ATL,WSN,4,14,0,-164.0,154.0
2019-05-29,2019,COL,ARI,5,4,1,105.0,-115.0
2019-05-29,2019,LAD,NYM,9,8,1,-180.0,165.0
2019-05-29,2019,ATH,LAA,7,12,0,-134.0,124.0
2019-05-29,2019,SEA,TEX,7,8,0,-135.0,125.0
2019-05-29,2019,BAL,DET,2,4,0,-128.0,118.0
2019-05-29,2019,BOS,CLE,9,14,0,-109.0,-101.0
2019-05-29,2019,TBR,TOR,4,3,1,-240.0,210.0
2019-05-29,2019,CHW,KCR,8,7,1,-120.0,110.0
2019-05-29,2019,NYY,SDP,7,0,1,-135.0,125.0
2019-05-29,2019,HOU,CHC,1,2,0,-105.0,-105.0
2019-05-30,2019,PHI,STL,3,5,0,-103.0,-107.0
2019-05-30,2019,MIA,SFG,1,3,0,-105.0,-105.0
2019-05-30,2019,COL,ARI,11,10,1,-120.0,110.0
2019-05-30,2019,PIT,MIL,5,11,0,110.0,-120.0
2019-05-30,2019,LAD,NYM,2,0,1,-250.0,220.0
2019-05-30,2019,TBR,MIN,14,3,1,-153.0,143.0
2019-05-30,2019,TEX,KCR,2,4,0,-168.0,158.0
2019-05-30,2019,CHW,CLE,10,4,1,175.0,-190.0
2019-05-30,2019,SEA,LAA,3,9,0,-134.0,124.0
2019-05-31,2019,PIT,MIL,9,4,1,123.0,-133.0
2019-05-31,2019,CIN,WSN,9,3,1,115.0,-125.0
2019-05-31,2019,STL,CHC,2,1,1,-127.0,117.0
2019-05-31,2019,ARI,NYM,4,5,0,105.0,-115.0
2019-05-31,2019,LAD,PHI,6,3,1,-151.0,141.0
2019-05-31,2019,SDP,MIA,5,2,1,-165.0,155.0
2019-05-31,2019,NYY,BOS,4,1,1,132.0,-142.0
2019-05-31,2019,TBR,MIN,3,5,0,-125.0,115.0
2019-05-31,2019,TEX,KCR,6,2,1,-108.0,-102.0
2019-05-31,2019,CHW,CLE,6,1,1,150.0,-160.0
2019-05-31,2019,ATH,HOU,2,3,0,112.0,-122.0
2019-05-31,2019,SEA,LAA,4,3,1,115.0,-125.0
2019-05-31,2019,BAL,SFG,9,6,1,-102.0,-108.0
2019-05-31,2019,ATL,DET,2,8,0,-190.0,175.0
2019-05-31,2019,COL,TOR,13,6,1,-295.0,255.0
2019-06-01,2019,PIT,MIL,10,12,0,180.0,-200.0
2019-06-01,2019,CIN,WSN,2,5,0,-125.0,115.0
2019-06-01,2019,STL,CHC,7,4,1,-153.0,143.0
2019-06-01,2019,SDP,MIA,3,9,0,-152.0,142.0
2019-06-01,2019,LAD,PHI,4,3,1,-196.0,178.0
2019-06-01,2019,ARI,NYM,6,5,1,-112.0,102.0
2019-06-01,2019,TBR,MIN,2,6,0,-114.0,104.0
2019-06-01,2019,CHW,CLE,2,5,0,-105.0,-105.0
2019-06-01,2019,TEX,KCR,6,2,1,-172.0,161.0
2019-06-01,2019,SEA,LAA,3,6,0,110.0,-120.0
2019-06-01,2019,NYY,BOS,5,3,1,-126.0,116.0
2019-06-01,2019,ATH,HOU,1,5,0,137.0,-147.0
2019-06-01,2019,BAL,SFG,2,8,0,126.0,-136.0
2019-06-01,2019,ATL,DET,10,5,1,-280.0,245.0
2019-06-01,2019,COL,TOR,4,2,1,-150.0,140.0
2019-06-02,2019,CIN,WSN,1,4,0,120.0,-130.0
2019-06-02,2019,PIT,MIL,2,4,0,102.0,-112.0
2019-06-02,2019,STL,CHC,2,1,1,-105.0,-105.0
2019-06-02,2019,ARI,NYM,7,1,1,-108.0,-102.0
2019-06-02,2019,LAD,PHI,8,0,1,-176.0,163.0
2019-06-02,2019,SDP,MIA,3,9,0,-180.0,165.0
2019-06-02,2019,TBR,MIN,7,9,0,-121.0,111.0
2019-06-02,2019,CHW,CLE,2,0,1,-113.0,103.0
2019-06-02,2019,TEX,KCR,5,1,1,-120.0,110.0
2019-06-02,2019,ATH,HOU,4,6,0,122.0,-132.0
2019-06-02,2019,SEA,LAA,3,13,0,-120.0,110.0
2019-06-02,2019,NYY,BOS,5,8,0,110.0,-120.0
2019-06-02,2019,BAL,SFG,1,8,0,-102.0,-108.0
2019-06-02,2019,ATL,DET,7,4,1,-174.0,162.0
2019-06-02,2019,COL,TOR,5,1,1,-142.0,132.0
2019-06-03,2019,ARI,LAD,1,3,0,120.0,-130.0
2019-06-03,2019,SDP,PHI,8,2,1,123.0,-133.0
2019-06-03,2019,SEA,HOU,2,4,0,112.0,-122.0
2019-06-03,2019,CHC,LAA,8,1,1,-170.0,160.0
2019-06-04,2019,PIT,ATL,5,12,0,180.0,-200.0
2019-06-04,2019,NYM,SFG,3,9,0,-147.0,137.0
2019-06-04,2019,MIL,MIA,0,16,0,-192.0,176.0
2019-06-04,2019,CHC,COL,6,3,1,-210.0,190.0
2019-06-04,2019,STL,CIN,1,4,0,-108.0,-102.0
2019-06-04,2019,ARI,LAD,0,9,0,195.0,-215.0
2019-06-04,2019,SDP,PHI,3,9,0,-150.0,140.0
2019-06-04,2019,TOR,NYY,4,3,1,175.0,-190.0
2019-06-04,2019,CLE,MIN,5,2,1,-128.0,118.0
2019-06-04,2019,DET,TBR,9,6,1,235.0,-265.0
2019-06-04,2019,TEX,BAL,11,12,0,-131.0,121.0
2019-06-04,2019,KCR,BOS,3,8,0,180.0,-200.0
2019-06-04,2019,LAA,ATH,2,4,0,-108.0,-102.0
2019-06-04,2019,SEA,HOU,5,7,0,150.0,-160.0
2019-06-04,2019,WSN,CHW,9,5,1,-250.0,220.0
2019-06-05,2019,SDP,PHI,5,7,0,104.0,-114.0
2019-06-05,2019,ARI,LAD,3,2,1,154.0,-164.0
2019-06-05,2019,PIT,ATL,7,4,1,118.0,-128.0
2019-06-05,2019,NYM,SFG,7,0,1,-158.0,148.0
2019-06-05,2019,MIL,MIA,3,8,0,-260.0,230.0
2019-06-05,2019,CHC,COL,9,8,1,-122.0,112.0
2019-06-05,2019,TOR,NYY,11,7,1,175.0,-190.0
2019-06-05,2019,CLE,MIN,9,7,1,108.0,-118.0
2019-06-05,2019,DET,TBR,0,4,0,180.0,-200.0
2019-06-05,2019,TEX,BAL,2,1,1,-170.0,160.0
2019-06-05,2019,KCR,BOS,0,8,0,220.0,-250.0
2019-06-05,2019,LAA,ATH,10,9,1,-126.0,116.0
2019-06-05,2019,SEA,HOU,14,1,1,146.0,-156.0
2019-06-05,2019,WSN,CHW,6,4,1,-185.0,170.0
2019-06-06,2019,NYM,SFG,7,3,1,-165.0,155.0
2019-06-06,2019,PIT,ATL,6,1,1,103.0,-113.0
2019-06-06,2019,STL,CIN,3,1,1,-150.0,140.0
2019-06-06,2019,MIL,MIA,5,1,1,-178.0,164.0
2019-06-06,2019,CHC,COL,1,3,0,-190.0,175.0
2019-06-06,2019,SDP,WSN,5,4,1,-112.0,102.0
2019-06-06,2019,DET,TBR,1,6,0,163.0,-176.0
2019-06-06,2019,KCR,BOS,5,7,0,124.0,-134.0
2019-06-06,2019,SEA,HOU,7,8,0,178.0,-196.0
2019-06-06,2019,TOR,NYY,2,6,0,190.0,-210.0
2019-06-06,2019,CLE,MIN,4,5,0,-117.0,107.0
2019-06-06,2019,TEX,BAL,4,3,1,-174.0,162.0
2019-06-06,2019,LAA,ATH,4,7,0,-120.0,110.0
2019-06-07,2019,CHC,STL,3,1,1,-123.0,113.0
2019-06-07,2019,PHI,CIN,4,2,1,-120.0,110.0
2019-06-07,2019,MIA,ATL,1,7,0,170.0,-185.0
2019-06-07,2019,NYM,COL,1,5,0,-205.0,185.0
2019-06-07,2019,MIL,PIT,10,4,1,-230.0,205.0
2019-06-07,2019,SDP,WSN,5,4,1,100.0,-110.0
2019-06-07,2019,SFG,LAD,2,1,1,205.0,-230.0
2019-06-07,2019,BOS,TBR,1,5,0,-114.0,104.0
2019-06-07,2019,DET,MIN,3,6,0,118.0,-128.0
2019-06-07,2019,CLE,NYY,5,2,1,109.0,-119.0
2019-06-07,2019,TEX,ATH,3,5,0,-110.0,100.0
2019-06-07,2019,HOU,BAL,4,3,1,-360.0,310.0
2019-06-07,2019,KCR,CHW,6,4,1,-118.0,108.0
2019-06-07,2019,LAA,SEA,2,6,0,-180.0,165.0
2019-06-07,2019,TOR,ARI,2,8,0,-130.0,120.0
2019-06-08,2019,PHI,CIN,4,1,1,-131.0,121.0
2019-06-08,2019,MIL,PIT,5,3,1,-170.0,160.0
2019-06-08,2019,MIA,ATL,0,1,0,130.0,-140.0
2019-06-08,2019,CHC,STL,9,4,1,-102.0,-108.0
2019-06-08,2019,SFG,LAD,2,7,0,190.0,-210.0
2019-06-08,2019,NYM,COL,5,3,1,-114.0,104.0
2019-06-08,2019,SDP,WSN,1,4,0,170.0,-185.0
2019-06-08,2019,BOS,TBR,2,9,0,110.0,-120.0
2019-06-08,2019,KCR,CHW,0,2,0,135.0,-145.0
2019-06-08,2019,DET,MIN,9,3,1,210.0,-240.0
2019-06-08,2019,HOU,BAL,1,4,0,-240.0,210.0
2019-06-08,2019,CLE,NYY,8,4,1,118.0,-128.0
2019-06-08,2019,TEX,ATH,3,1,1,130.0,-140.0
2019-06-08,2019,LAA,SEA,12,3,1,-135.0,125.0
2019-06-08,2019,TOR,ARI,0,6,0,123.0,-133.0
2019-06-08,2019,BOS,TBR,5,1,1,-154.0,144.0
2019-06-08,2019,TEX,ATH,10,5,1,124.0,-134.0
2019-06-09,2019,PHI,CIN,3,4,0,-138.0,128.0
2019-06-09,2019,MIA,ATL,6,7,0,125.0,-135.0
2019-06-09,2019,NYM,COL,6,1,1,-158.0,148.0
2019-06-09,2019,MIL,PIT,5,2,1,-194.0,177.0
2019-06-09,2019,CHC,STL,5,1,1,-176.0,163.0
2019-06-09,2019,SFG,LAD,0,1,0,147.0,-157.0
2019-06-09,2019,SDP,WSN,2,5,0,143.0,-153.0
2019-06-09,2019,BOS,TBR,1,6,0,119.0,-129.0
2019-06-09,2019,DET,MIN,2,12,0,200.0,-220.0
2019-06-09,2019,CLE,NYY,6,7,0,-133.0,123.0
2019-06-09,2019,HOU,BAL,4,0,1,-190.0,175.0
2019-06-09,2019,KCR,CHW,2,5,0,-124.0,114.0
2019-06-09,2019,TEX,ATH,8,9,0,175.0,-190.0
2019-06-09,2019,LAA,SEA,3,9,0,-152.0,142.0
2019-06-09,2019,TOR,ARI,2,8,0,135.0,-145.0
2019-06-10,2019,PHI,ARI,8,13,0,-134.0,124.0
2019-06-10,2019,MIA,STL,1,4,0,116.0,-126.0
2019-06-10,2019,ATL,PIT,13,7,1,-143.0,133.0
2019-06-10,2019,COL,CHC,6,5,1,-129.0,119.0
2019-06-10,2019,BOS,TEX,3,4,0,-250.0,220.0
2019-06-10,2019,TBR,ATH,6,2,1,-230.0,205.0
2019-06-10,2019,CHW,WSN,1,12,0,135.0,-145.0
2019-06-10,2019,LAA,LAD,5,3,1,170.0,-185.0
2019-06-11,2019,PHI,ARI,7,4,1,-140.0,130.0
2019-06-11,2019,MIA,STL,1,7,0,135.0,-145.0
2019-06-11,2019,ATL,PIT,7,5,1,-148.0,138.0
2019-06-11,2019,COL,CHC,10,3,1,118.0,-128.0
2019-06-11,2019,SFG,SDP,6,5,1,135.0,-145.0
2019-06-11,2019,BAL,TOR,4,2,1,106.0,-116.0
2019-06-11,2019,TBR,ATH,3,4,0,-150.0,140.0
2019-06-11,2019,BOS,TEX,5,9,0,-170.0,160.0
2019-06-11,2019,MIN,SEA,6,5,1,-194.0,177.0
2019-06-11,2019,KCR,DET,3,2,1,-140.0,130.0
2019-06-11,2019,NYY,NYM,4,10,0,-210.0,190.0
2019-06-11,2019,CLE,CIN,2,1,1,-126.0,116.0
2019-06-11,2019,HOU,MIL,10,8,1,-118.0,108.0
2019-06-11,2019,CHW,WSN,7,5,1,165.0,-180.0
2019-06-11,2019,LAA,LAD,5,3,1,150.0,-160.0
2019-06-11,2019,NYY,NYM,12,5,1,-150.0,140.0
2019-06-12,2019,COL,CHC,1,10,0,108.0,-118.0
2019-06-12,2019,PHI,ARI,0,2,0,-140.0,130.0
2019-06-12,2019,MIA,STL,9,0,1,165.0,-180.0
2019-06-12,2019,ATL,PIT,8,7,1,-200.0,179.0
2019-06-12,2019,SFG,SDP,4,2,1,120.0,-130.0
2019-06-12,2019,TBR,ATH,2,6,0,-150.0,140.0
2019-06-12,2019,BAL,TOR,6,8,0,106.0,-116.0
2019-06-12,2019,BOS,TEX,4,3,1,-155.0,145.0
2019-06-12,2019,MIN,SEA,6,9,0,-220.0,200.0
2019-06-12,2019,KCR,DET,2,3,0,-125.0,115.0
2019-06-12,2019,CLE,CIN,2,7,0,-152.0,142.0
2019-06-12,2019,HOU,MIL,3,6,0,-140.0,130.0
2019-06-13,2019,ATL,PIT,6,5,1,-147.0,137.0
2019-06-13,2019,WSN,ARI,0,5,0,109.0,-119.0
2019-06-13,2019,NYM,STL,4,2,1,-140.0,130.0
2019-06-13,2019,COL,SDP,9,6,1,-148.0,138.0
2019-06-13,2019,LAD,CHC,7,3,1,-170.0,160.0
2019-06-13,2019,MIN,SEA,10,5,1,-168.0,158.0
2019-06-13,2019,BAL,TOR,3,12,0,120.0,-130.0
2019-06-13,2019,BOS,TEX,7,6,1,-240.0,210.0
2019-06-13,2019,TBR,LAA,3,5,0,-135.0,125.0
2019-06-13,2019,KCR,DET,7,3,1,125.0,-135.0
2019-06-13,2019,CHW,NYY,5,4,1,155.0,-165.0
2019-06-14,2019,WSN,ARI,7,3,1,-170.0,160.0
2019-06-14,2019,NYM,STL,5,9,0,-132.0,122.0
2019-06-14,2019,MIA,PIT,0,11,0,-118.0,108.0
2019-06-14,2019,ATL,PHI,9,8,1,-135.0,125.0
2019-06-14,2019,COL,SDP,12,16,0,-110.0,100.0
2019-06-14,2019,LAD,CHC,5,3,1,-152.0,142.0
2019-06-14,2019,SFG,MIL,5,3,1,144.0,-154.0
2019-06-14,2019,BAL,BOS,2,13,0,220.0,-250.0
2019-06-14,2019,TBR,LAA,9,4,1,-168.0,158.0
2019-06-14,2019,DET,CLE,4,13,0,150.0,-160.0
2019-06-14,2019,MIN,KCR,2,0,1,-240.0,210.0
2019-06-14,2019,CHW,NYY,10,2,1,-101.0,-109.0
2019-06-14,2019,HOU,TOR,15,2,1,-300.0,260.0
2019-06-14,2019,ATH,SEA,2,9,0,-185.0,170.0
2019-06-14,2019,CIN,TEX,1,7,0,-162.0,152.0
2019-06-15,2019,SFG,MIL,8,7,1,-114.0,104.0
2019-06-15,2019,WSN,ARI,3,10,0,-215.0,195.0
2019-06-15,2019,MIA,PIT,4,3,1,-116.0,106.0
2019-06-15,2019,NYM,STL,8,7,1,-145.0,135.0
2019-06-15,2019,ATL,PHI,5,6,0,-108.0,-102.0
2019-06-15,2019,COL,SDP,14,8,1,-165.0,155.0
2019-06-15,2019,LAD,CHC,1,2,0,-190.0,175.0
2019-06-15,2019,TBR,LAA,3,5,0,-200.0,180.0
2019-06-15,2019,BAL,BOS,2,7,0,280.0,-320.0
2019-06-15,2019,HOU,TOR,7,2,1,-230.0,205.0
2019-06-15,2019,DET,CLE,2,4,0,215.0,-245.0
2019-06-15,2019,MIN,KCR,5,4,1,-255.0,225.0
2019-06-15,2019,CHW,NYY,4,8,0,170.0,-185.0
2019-06-15,2019,ATH,SEA,11,2,1,-220.0,200.0
2019-06-15,2019,CIN,TEX,3,4,0,-116.0,106.0
2019-06-16,2019,NYM,STL,3,4,0,113.0,-123.0
2019-06-16,2019,MIA,PIT,4,5,0,120.0,-130.0
2019-06-16,2019,ATL,PHI,15,1,1,-161.0,151.0
2019-06-16,2019,WSN,ARI,15,5,1,-147.0,137.0
2019-06-16,2019,COL,SDP,13,14,0,-148.0,138.0
2019-06-16,2019,SFG,MIL,3,5,0,145.0,-155.0
2019-06-16,2019,LAD,CHC,3,2,1,-168.0,158.0
2019-06-16,2019,BAL,BOS,6,8,0,142.0,-152.0
2019-06-16,2019,TBR,LAA,6,5,1,-137.0,127.0
2019-06-16,2019,DET,CLE,0,8,0,165.0,-180.0
2019-06-16,2019,MIN,KCR,6,8,0,-200.0,180.0
2019-06-16,2019,CHW,NYY,3,10,0,205.0,-230.0
2019-06-16,2019,HOU,TOR,0,12,0,-230.0,205.0
2019-06-16,2019,ATH,SEA,3,6,0,-150.0,140.0
2019-06-16,2019,CIN,TEX,11,3,1,-170.0,160.0
2019-06-17,2019,ATL,NYM,12,3,1,-135.0,125.0
2019-06-17,2019,STL,MIA,5,0,1,-220.0,200.0
2019-06-17,2019,SDP,MIL,2,0,1,-120.0,110.0
2019-06-17,2019,LAD,SFG,2,3,0,-250.0,220.0
2019-06-17,2019,NYY,TBR,3,0,1,-133.0,123.0
2019-06-17,2019,TOR,LAA,5,10,0,148.0,-158.0
2019-06-17,2019,TEX,CLE,7,2,1,110.0,-120.0
2019-06-17,2019,MIN,BOS,0,2,0,-145.0,135.0
2019-06-17,2019,ATH,BAL,3,2,1,-220.0,200.0
2019-06-17,2019,SEA,KCR,4,6,0,-112.0,-102.0
2019-06-17,2019,CIN,HOU,3,2,1,-117.0,107.0
2019-06-18,2019,ATL,NYM,2,10,0,110.0,-120.0
2019-06-18,2019,STL,MIA,0,6,0,-260.0,230.0
2019-06-18,2019,ARI,COL,1,8,0,-155.0,145.0
2019-06-18,2019,LAD,SFG,9,0,1,-260.0,230.0
2019-06-18,2019,SDP,MIL,4,1,1,156.0,-166.0
2019-06-18,2019,NYY,TBR,6,3,1,-147.0,137.0
2019-06-18,2019,TOR,LAA,1,3,0,112.0,-122.0
2019-06-18,2019,TEX,CLE,3,10,0,104.0,-114.0
2019-06-18,2019,MIN,BOS,4,3,1,113.0,-123.0
2019-06-18,2019,ATH,BAL,16,2,1,-220.0,200.0
2019-06-18,2019,SEA,KCR,0,9,0,-134.0,124.0
2019-06-18,2019,PIT,DET,4,5,0,-155.0,145.0
2019-06-18,2019,CIN,HOU,4,3,1,165.0,-180.0
2019-06-18,2019,CHC,CHW,1,3,0,-215.0,195.0
2019-06-19,2019,SDP,MIL,8,7,1,104.0,-114.0
2019-06-19,2019,WSN,PHI,2,0,1,-210.0,190.0
2019-06-19,2019,ATL,NYM,7,2,1,-142.0,132.0
2019-06-19,2019,STL,MIA,2,1,1,-168.0,158.0
2019-06-19,2019,ARI,COL,4,6,0,-150.0,140.0
2019-06-19,2019,LAD,SFG,9,2,1,-250.0,220.0
2019-06-19,2019,NYY,TBR,12,1,1,115.0,-125.0
2019-06-19,2019,ATH,BAL,8,3,1,-300.0,260.0
2019-06-19,2019,SEA,KCR,8,2,1,-125.0,115.0
2019-06-19,2019,TOR,LAA,6,11,0,175.0,-190.0
2019-06-19,2019,TEX,CLE,4,10,0,113.0,-123.0
2019-06-19,2019,MIN,BOS,4,9,0,-113.0,103.0
2019-06-19,2019,CIN,HOU,3,2,1,180.0,-200.0
2019-06-19,2019,PIT,DET,8,7,1,-200.0,180.0
2019-06-19,2019,CHC,CHW,7,3,1,-138.0,128.0
2019-06-19,2019,WSN,PHI,6,2,1,-150.0,140.0
2019-06-20,2019,ARI,COL,4,6,0,-172.0,161.0
2019-06-20,2019,WSN,PHI,7,4,1,-102.0,-108.0
2019-06-20,2019,STL,MIA,6,7,0,-176.0,163.0
2019-06-20,2019,CHC,NYM,7,4,1,-150.0,140.0
2019-06-20,2019,MIL,CIN,1,7,0,-153.0,143.0
2019-06-20,2019,LAD,SFG,9,8,1,-160.0,150.0
2019-06-20,2019,TEX,CLE,4,2,1,107.0,-117.0
2019-06-20,2019,NYY,HOU,10,6,1,-128.0,118.0
2019-06-20,2019,TOR,LAA,7,5,1,136.0,-146.0
2019-06-20,2019,KCR,MIN,4,1,1,175.0,-190.0
2019-06-20,2019,ATH,TBR,5,4,1,-110.0,100.0
2019-06-20,2019,SEA,BAL,5,2,1,-138.0,128.0
2019-06-21,2019,CHC,NYM,4,5,0,-160.0,150.0
2019-06-21,2019,PHI,MIA,1,2,0,140.0,-150.0
2019-06-21,2019,WSN,ATL,4,3,1,125.0,-135.0
2019-06-21,2019,PIT,SDP,2,1,1,-192.0,176.0
2019-06-21,2019,MIL,CIN,7,11,0,-105.0,-105.0
2019-06-21,2019,ARI,SFG,5,11,0,-250.0,220.0
2019-06-21,2019,LAD,COL,4,2,1,-141.0,131.0
2019-06-21,2019,NYY,HOU,4,1,1,-160.0,150.0
2019-06-21,2019,BOS,TOR,7,5,1,-180.0,165.0
2019-06-21,2019,CLE,DET,7,6,1,115.0,-125.0
2019-06-21,2019,TEX,CHW,4,5,0,130.0,-140.0
2019-06-21,2019,KCR,MIN,7,8,0,-125.0,115.0
2019-06-21,2019,ATH,TBR,3,5,0,-122.0,112.0
2019-06-21,2019,SEA,BAL,10,9,1,-172.0,161.0
2019-06-21,2019,STL,LAA,5,1,1,-143.0,133.0
2019-06-22,2019,CHC,NYM,2,10,0,-130.0,120.0
2019-06-22,2019,PHI,MIA,3,5,0,-200.0,180.0
2019-06-22,2019,PIT,SDP,6,3,1,101.0,-111.0
2019-06-22,2019,MIL,CIN,6,5,1,-120.0,110.0
2019-06-22,2019,WSN,ATL,9,13,0,-105.0,-105.0
2019-06-22,2019,LAD,COL,5,4,1,-260.0,230.0
2019-06-22,2019,ARI,SFG,4,7,0,-127.0,117.0
2019-06-22,2019,KCR,MIN,3,5,0,156.0,-166.0
2019-06-22,2019,BOS,TOR,7,8,0,-174.0,162.0
2019-06-22,2019,ATH,TBR,4,2,1,-105.0,-105.0
2019-06-22,2019,SEA,BAL,4,8,0,-174.0,162.0
2019-06-22,2019,CLE,DET,2,0,1,-190.0,175.0
2019-06-22,2019,NYY,HOU,7,5,1,-164.0,154.0
2019-06-22,2019,TEX,CHW,6,5,1,-185.0,170.0
2019-06-22,2019,STL,LAA,4,2,1,-136.0,126.0
2019-06-23,2019,PHI,MIA,4,6,0,-160.0,150.0
2019-06-23,2019,WSN,ATL,3,4,0,140.0,-150.0
2019-06-23,2019,PIT,SDP,11,10,1,125.0,-135.0
2019-06-23,2019,MIL,CIN,7,5,1,-192.0,176.0
2019-06-23,2019,CHC,NYM,5,3,1,-105.0,-105.0
2019-06-23,2019,LAD,COL,6,3,1,-250.0,220.0
2019-06-23,2019,ARI,SFG,3,2,1,-141.0,131.0
2019-06-23,2019,BOS,TOR,1,6,0,-160.0,150.0
2019-06-23,2019,CLE,DET,8,3,1,-180.0,165.0
2019-06-23,2019,NYY,HOU,4,9,0,115.0,-125.0
2019-06-23,2019,KCR,MIN,6,1,1,130.0,-140.0
2019-06-23,2019,TEX,CHW,7,4,1,-125.0,115.0
2019-06-23,2019,ATH,TBR,2,8,0,-122.0,112.0
2019-06-23,2019,SEA,BAL,13,3,1,-172.0,161.0
2019-06-23,2019,STL,LAA,4,6,0,-143.0,133.0
2019-06-24,2019,PHI,NYM,13,7,1,-133.0,123.0
2019-06-24,2019,CHC,ATL,8,3,1,-132.0,122.0
2019-06-24,2019,ARI,LAD,8,5,1,115.0,-125.0
2019-06-24,2019,SFG,COL,0,2,0,109.0,-119.0
2019-06-24,2019,NYY,TOR,10,8,1,-250.0,220.0
2019-06-24,2019,BOS,CHW,6,5,1,-167.0,157.0
2019-06-24,2019,CLE,KCR,3,2,1,-185.0,170.0
2019-06-25,2019,PHI,NYM,7,5,1,-156.0,146.0
2019-06-25,2019,MIA,WSN,1,6,0,210.0,-240.0
2019-06-25,2019,CHC,ATL,2,3,0,-105.0,-105.0
2019-06-25,2019,ARI,LAD,2,3,0,-120.0,110.0
2019-06-25,2019,SFG,COL,4,2,1,-156.0,146.0
2019-06-25,2019,NYY,TOR,4,3,1,-310.0,270.0
2019-06-25,2019,CLE,KCR,6,8,0,-250.0,220.0
2019-06-25,2019,BOS,CHW,6,3,1,-280.0,245.0
2019-06-25,2019,DET,TEX,3,5,0,140.0,-150.0
2019-06-25,2019,MIN,TBR,9,4,1,-104.0,-106.0
2019-06-25,2019,BAL,SDP,3,8,0,175.0,-190.0
2019-06-25,2019,MIL,SEA,3,8,0,-170.0,160.0
2019-06-25,2019,HOU,PIT,5,1,1,-280.0,245.0
2019-06-25,2019,STL,ATH,3,7,0,-160.0,150.0
2019-06-25,2019,LAA,CIN,5,1,1,-140.0,130.0
2019-06-26,2019,ARI,LAD,8,2,1,140.0,-150.0
2019-06-26,2019,SFG,COL,3,6,0,130.0,-140.0
2019-06-26,2019,PHI,NYM,5,4,1,-150.0,140.0
2019-06-26,2019,MIA,WSN,5,7,0,132.0,-142.0
2019-06-26,2019,CHC,ATL,3,5,0,-123.0,113.0
2019-06-26,2019,BOS,CHW,7,8,0,-380.0,320.0
2019-06-26,2019,NYY,TOR,8,7,1,-255.0,225.0
2019-06-26,2019,CLE,KCR,5,3,1,-230.0,205.0
2019-06-26,2019,DET,TEX,1,4,0,104.0,-114.0
2019-06-26,2019,MIN,TBR,6,4,1,103.0,-113.0
2019-06-26,2019,BAL,SDP,5,10,0,112.0,-122.0
2019-06-26,2019,STL,ATH,0,2,0,-140.0,130.0
2019-06-26,2019,LAA,CIN,5,1,1,-118.0,108.0
2019-06-26,2019,HOU,PIT,2,14,0,-240.0,210.0
2019-06-26,2019,MIL,SEA,2,4,0,-210.0,190.0
2019-06-27,2019,PHI,NYM,6,3,1,-132.0,122.0
2019-06-27,2019,CHC,ATL,9,7,1,-108.0,-102.0
2019-06-27,2019,MIA,WSN,5,8,0,180.0,-200.0
2019-06-27,2019,COL,LAD,8,12,0,200.0,-220.0
2019-06-27,2019,SFG,ARI,1,5,0,-104.0,-106.0
2019-06-27,2019,DET,TEX,1,3,0,107.0,-117.0
2019-06-27,2019,MIN,TBR,2,5,0,-110.0,100.0
2019-06-27,2019,LAA,ATH,8,3,1,-157.0,147.0
2019-06-27,2019,MIL,SEA,4,2,1,-196.0,178.0
2019-06-27,2019,HOU,PIT,0,10,0,-205.0,185.0
2019-06-28,2019,CIN,CHC,6,3,1,118.0,-128.0
2019-06-28,2019,NYM,ATL,2,6,0,-144.0,134.0
2019-06-28,2019,MIA,PHI,6,2,1,133.0,-143.0
2019-06-28,2019,MIL,PIT,2,3,0,-150.0,140.0
2019-06-28,2019,COL,LAD,13,9,1,178.0,-196.0
2019-06-28,2019,SDP,STL,3,1,1,-132.0,122.0
2019-06-28,2019,SFG,ARI,6,3,1,115.0,-125.0
2019-06-28,2019,BAL,CLE,13,0,1,180.0,-200.0
2019-06-28,2019,TOR,KCR,6,2,1,-128.0,118.0
2019-06-28,2019,TBR,TEX,0,5,0,-128.0,118.0
2019-06-28,2019,HOU,SEA,2,1,1,-220.0,200.0
2019-06-28,2019,CHW,MIN,6,4,1,170.0,-185.0
2019-06-28,2019,LAA,ATH,2,7,0,-135.0,125.0
2019-06-28,2019,DET,WSN,1,3,0,161.0,-172.0
2019-06-29,2019,MIA,PHI,9,6,1,130.0,-140.0
2019-06-29,2019,NYM,ATL,4,5,0,-103.0,-107.0
2019-06-29,2019,CIN,CHC,0,6,0,-123.0,113.0
2019-06-29,2019,MIL,PIT,3,1,1,-210.0,190.0
2019-06-29,2019,COL,LAD,5,3,1,149.0,-159.0
2019-06-29,2019,SFG,ARI,3,4,0,143.0,-153.0
2019-06-29,2019,SDP,STL,12,2,1,-124.0,114.0
2019-06-29,2019,BOS,NYY,13,17,0,133.0,-143.0
2019-06-29,2019,BAL,CLE,13,0,1,170.0,-185.0
2019-06-29,2019,TOR,KCR,7,5,1,-185.0,170.0
2019-06-29,2019,TBR,TEX,5,2,1,-190.0,175.0
2019-06-29,2019,CHW,MIN,3,10,0,134.0,-144.0
2019-06-29,2019,HOU,SEA,6,5,1,-300.0,260.0
2019-06-29,2019,LAA,ATH,0,4,0,-140.0,130.0
2019-06-29,2019,DET,WSN,7,5,1,180.0,-200.0
2019-06-30,2019,MIA,PHI,6,13,0,127.0,-137.0
2019-06-30,2019,CIN,CHC,8,6,1,103.0,-113.0
2019-06-30,2019,MIL,PIT,2,1,1,-158.0,148.0
2019-06-30,2019,COL,LAD,5,10,0,145.0,-155.0
2019-06-30,2019,SFG,ARI,10,4,1,103.0,-113.0
2019-06-30,2019,SDP,STL,3,5,0,-120.0,110.0
2019-06-30,2019,NYM,ATL,8,5,1,-102.0,-108.0
2019-06-30,2019,BOS,NYY,8,12,0,-107.0,-103.0
2019-06-30,2019,BAL,CLE,0,2,0,225.0,-255.0
2019-06-30,2019,TOR,KCR,6,7,0,-119.0,109.0
2019-06-30,2019,TBR,TEX,6,2,1,-205.0,185.0
2019-06-30,2019,HOU,SEA,6,1,1,-290.0,250.0
2019-06-30,2019,CHW,MIN,4,3,1,-116.0,106.0
2019-06-30,2019,LAA,ATH,3,12,0,-138.0,128.0
2019-06-30,2019,DET,WSN,1,2,0,285.0,-330.0
2019-07-01,2019,PIT,CHC,18,5,1,115.0,-125.0
2019-07-01,2019,CIN,MIL,6,8,0,-101.0,-109.0
2019-07-01,2019,SDP,SFG,2,13,0,-165.0,155.0
2019-07-01,2019,TOR,KCR,11,4,1,-144.0,134.0
2019-07-01,2019,TBR,BAL,6,3,1,-260.0,230.0
2019-07-02,2019,PIT,CHC,5,1,1,114.0,-124.0
2019-07-02,2019,WSN,MIA,3,2,1,-205.0,185.0
2019-07-02,2019,CIN,MIL,5,4,1,-105.0,-105.0
2019-07-02,2019,ATL,PHI,0,2,0,-105.0,-105.0
2019-07-02,2019,LAD,ARI,5,4,1,-230.0,205.0
2019-07-02,2019,SDP,SFG,4,10,0,-150.0,140.0
2019-07-02,2019,TOR,BOS,6,10,0,148.0,-158.0
2019-07-02,2019,TBR,BAL,6,3,1,-300.0,260.0
2019-07-02,2019,TEX,LAA,4,9,0,-136.0,126.0
2019-07-02,2019,KCR,CLE,5,9,0,169.0,-184.0
2019-07-02,2019,ATH,MIN,8,6,1,-102.0,-108.0
2019-07-02,2019,NYM,NYY,4,2,1,122.0,-132.0
2019-07-02,2019,COL,HOU,8,9,0,-128.0,118.0
2019-07-02,2019,SEA,STL,5,4,1,138.0,-148.0
2019-07-03,2019,WSN,MIA,3,1,1,-280.0,245.0
2019-07-03,2019,PIT,CHC,6,5,1,104.0,-114.0
2019-07-03,2019,CIN,MIL,3,0,1,-146.0,136.0
2019-07-03,2019,ATL,PHI,9,2,1,-138.0,128.0
2019-07-03,2019,SDP,SFG,5,7,0,-135.0,125.0
2019-07-03,2019,LAD,ARI,5,4,1,-230.0,205.0
2019-07-03,2019,TOR,BOS,6,3,1,230.0,-260.0
2019-07-03,2019,TBR,BAL,6,9,0,-205.0,185.0
2019-07-03,2019,TEX,LAA,2,6,0,-102.0,-108.0
2019-07-03,2019,CHW,DET,9,6,1,-126.0,116.0
2019-07-03,2019,KCR,CLE,0,4,0,138.0,-148.0
2019-07-03,2019,ATH,MIN,3,4,0,-110.0,100.0
2019-07-03,2019,NYM,NYY,1,5,0,130.0,-140.0
2019-07-03,2019,COL,HOU,2,4,0,121.0,-131.0
2019-07-03,2019,SEA,STL,2,5,0,103.0,-113.0
2019-07-03,2019,CHW,DET,7,5,1,-155.0,145.0
2019-07-04,2019,WSN,MIA,5,2,1,-185.0,170.0
2019-07-04,2019,CIN,MIL,1,0,1,101.0,-111.0
2019-07-04,2019,PIT,CHC,3,11,0,107.0,-117.0
2019-07-04,2019,ATL,PHI,12,6,1,-160.0,150.0
2019-07-04,2019,LAD,SDP,5,1,1,-220.0,200.0
2019-07-04,2019,KCR,CLE,4,8,0,113.0,-123.0
2019-07-04,2019,CHW,DET,5,11,0,-110.0,100.0
2019-07-04,2019,ATH,MIN,7,2,1,120.0,-130.0
2019-07-04,2019,TBR,NYY,4,8,0,-111.0,101.0
2019-07-04,2019,TOR,BOS,7,8,0,117.0,-127.0
2019-07-04,2019,TEX,LAA,9,3,1,-116.0,106.0
2019-07-04,2019,SEA,STL,4,5,0,-102.0,-108.0
2019-07-05,2019,PIT,MIL,6,7,0,102.0,-112.0
2019-07-05,2019,NYM,PHI,2,7,0,-183.0,168.0
2019-07-05,2019,ATL,MIA,1,0,1,-185.0,170.0
2019-07-05,2019,ARI,COL,8,0,1,-164.0,154.0
2019-07-05,2019,LAD,SDP,2,3,0,-198.0,179.0
2019-07-05,2019,SFG,STL,4,9,0,-120.0,110.0
2019-07-05,2019,TOR,BAL,1,4,0,-130.0,120.0
2019-07-05,2019,DET,BOS,6,9,0,205.0,-230.0
2019-07-05,2019,TBR,NYY,4,8,0,-104.0,-106.0
2019-07-05,2019,HOU,LAA,4,5,0,-230.0,205.0
2019-07-05,2019,MIN,TEX,15,6,1,-172.0,161.0
2019-07-05,2019,SEA,ATH,2,5,0,135.0,-145.0
2019-07-05,2019,WSN,KCR,4,7,0,-185.0,170.0
2019-07-06,2019,PIT,MIL,12,2,1,116.0,-126.0
2019-07-06,2019,ATL,MIA,4,5,0,-198.0,179.0
2019-07-06,2019,NYM,PHI,6,5,1,-135.0,125.0
2019-07-06,2019,SFG,STL,8,4,1,-124.0,114.0
2019-07-06,2019,LAD,SDP,1,3,0,-165.0,155.0
2019-07-06,2019,ARI,COL,4,2,1,-108.0,-102.0
2019-07-06,2019,MIN,TEX,7,4,1,-153.0,143.0
2019-07-06,2019,TOR,BAL,1,8,0,-138.0,128.0
2019-07-06,2019,TBR,NYY,4,3,1,-136.0,126.0
2019-07-06,2019,DET,BOS,6,10,0,162.0,-174.0
2019-07-06,2019,HOU,LAA,4,0,1,-240.0,210.0
2019-07-06,2019,SEA,ATH,6,3,1,135.0,-145.0
2019-07-06,2019,WSN,KCR,6,0,1,-410.0,340.0
2019-07-06,2019,CIN,CLE,2,7,0,118.0,-128.0
2019-07-06,2019,CHW,CHC,3,6,0,113.0,-123.0
2019-07-07,2019,NYM,PHI,3,8,0,104.0,-114.0
2019-07-07,2019,ATL,MIA,4,3,1,-210.0,190.0
2019-07-07,2019,PIT,MIL,6,5,1,-118.0,108.0
2019-07-07,2019,SFG,STL,1,0,1,111.0,-121.0
2019-07-07,2019,ARI,COL,5,3,1,137.0,-147.0
2019-07-07,2019,LAD,SDP,3,5,0,-156.0,146.0
2019-07-07,2019,TOR,BAL,6,1,1,-185.0,170.0
2019-07-07,2019,DET,BOS,3,6,0,260.0,-300.0
2019-07-07,2019,TBR,NYY,2,1,1,-123.0,113.0
2019-07-07,2019,HOU,LAA,11,10,1,-160.0,150.0
2019-07-07,2019,MIN,TEX,1,4,0,-180.0,165.0
2019-07-07,2019,SEA,ATH,4,7,0,120.0,-130.0
2019-07-07,2019,CIN,CLE,1,11,0,112.0,-122.0
2019-07-07,2019,WSN,KCR,5,2,1,-245.0,215.0
2019-07-07,2019,CHW,CHC,3,1,1,165.0,-180.0
2019-07-11,2019,TEX,HOU,5,0,1,125.0,-135.0
2019-07-12,2019,CHC,PIT,4,3,1,-165.0,155.0
2019-07-12,2019,PHI,WSN,0,4,0,137.0,-147.0
2019-07-12,2019,MIA,NYM,8,4,1,100.0,-110.0
2019-07-12,2019,MIL,SFG,7,10,0,-180.0,165.0
2019-07-12,2019,STL,ARI,2,4,0,-122.0,112.0
2019-07-12,2019,COL,CIN,3,2,1,-137.0,127.0
2019-07-12,2019,SDP,ATL,3,5,0,-105.0,-105.0
2019-07-12,2019,NYY,TOR,4,0,1,-280.0,245.0
2019-07-12,2019,BAL,TBR,4,16,0,152.0,-162.0
2019-07-12,2019,CLE,MIN,3,5,0,-150.0,140.0
2019-07-12,2019,TEX,HOU,9,8,1,190.0,-210.0
2019-07-12,2019,KCR,DET,8,5,1,-138.0,128.0
2019-07-12,2019,LAA,SEA,13,0,1,-160.0,150.0
2019-07-12,2019,ATH,CHW,5,1,1,-200.0,180.0
2019-07-12,2019,BOS,LAD,8,1,1,-111.0,101.0
2019-07-13,2019,CHC,PIT,10,4,1,-180.0,165.0
2019-07-13,2019,MIA,NYM,2,4,0,129.0,-139.0
2019-07-13,2019,PHI,WSN,3,4,0,-116.0,106.0
2019-07-13,2019,STL,ARI,4,2,1,-138.0,128.0
2019-07-13,2019,MIL,SFG,5,4,1,-127.0,117.0
2019-07-13,2019,COL,CIN,9,17,0,-111.0,101.0
2019-07-13,2019,SDP,ATL,5,7,0,-116.0,106.0
2019-07-13,2019,NYY,TOR,1,2,0,-280.0,245.0
2019-07-13,2019,ATH,CHW,13,2,1,-210.0,190.0
2019-07-13,2019,BAL,TBR,4,12,0,200.0,-220.0
2019-07-13,2019,CLE,MIN,2,6,0,-141.0,131.0
2019-07-13,2019,KCR,DET,4,1,1,-101.0,-109.0
2019-07-13,2019,TEX,HOU,6,7,0,125.0,-135.0
2019-07-13,2019,LAA,SEA,9,2,1,-160.0,150.0
2019-07-13,2019,BOS,LAD,2,11,0,-167.0,157.0
2019-07-13,2019,BAL,TBR,2,1,1,210.0,-240.0
2019-07-14,2019,PHI,WSN,4,3,1,-113.0,103.0
2019-07-14,2019,MIA,NYM,2,6,0,210.0,-240.0
2019-07-14,2019,MIL,SFG,3,8,0,-180.0,165.0
2019-07-14,2019,STL,ARI,5,2,1,105.0,-115.0
2019-07-14,2019,CHC,PIT,8,3,1,-174.0,162.0
2019-07-14,2019,COL,CIN,10,9,1,-112.0,102.0
2019-07-14,2019,SDP,ATL,1,4,0,143.0,-153.0
2019-07-14,2019,BAL,TBR,1,4,0,200.0,-220.0
2019-07-14,2019,NYY,TOR,4,2,1,-220.0,200.0
2019-07-14,2019,CLE,MIN,4,3,1,-145.0,135.0
2019-07-14,2019,KCR,DET,8,12,0,-138.0,128.0
2019-07-14,2019,TEX,HOU,4,12,0,195.0,-215.0
2019-07-14,2019,LAA,SEA,6,3,1,-170.0,160.0
2019-07-14,2019,ATH,CHW,3,2,1,-185.0,170.0
2019-07-14,2019,BOS,LAD,4,7,0,-109.0,-101.0
2019-07-15,2019,PHI,LAD,2,16,0,161.0,-172.0
2019-07-15,2019,CHC,CIN,3,6,0,-149.0,139.0
2019-07-15,2019,MIL,ATL,2,4,0,-108.0,-102.0
2019-07-15,2019,STL,PIT,7,0,1,-135.0,125.0
2019-07-15,2019,COL,SFG,1,2,0,-138.0,128.0
2019-07-15,2019,NYY,TBR,4,5,0,-145.0,135.0
2019-07-15,2019,BOS,TOR,10,8,1,-180.0,165.0
2019-07-15,2019,CLE,DET,8,6,1,-205.0,185.0
2019-07-15,2019,KCR,CHW,5,2,1,112.0,-122.0
2019-07-15,2019,LAA,HOU,9,6,1,122.0,-132.0
2019-07-15,2019,COL,SFG,2,19,0,-205.0,185.0
2019-07-16,2019,PHI,LAD,9,8,1,180.0,-200.0
2019-07-16,2019,MIA,SDP,12,7,1,-104.0,-106.0
2019-07-16,2019,CHC,CIN,4,3,1,-125.0,115.0
2019-07-16,2019,MIL,ATL,13,1,1,-176.0,163.0
2019-07-16,2019,STL,PIT,1,3,0,-180.0,165.0
2019-07-16,2019,COL,SFG,4,8,0,-130.0,120.0
2019-07-16,2019,NYY,TBR,8,3,1,-148.0,138.0
2019-07-16,2019,BOS,TOR,4,10,0,-186.0,171.0
2019-07-16,2019,CLE,DET,8,0,1,-245.0,215.0
2019-07-16,2019,KCR,CHW,11,0,1,109.0,-119.0
2019-07-16,2019,ATH,SEA,9,2,1,-165.0,155.0
2019-07-16,2019,LAA,HOU,7,2,1,120.0,-130.0
2019-07-16,2019,BAL,WSN,1,8,0,176.0,-192.0
2019-07-16,2019,TEX,ARI,2,9,0,-163.0,153.0
2019-07-16,2019,MIN,NYM,2,3,0,-166.0,156.0
2019-07-17,2019,STL,PIT,6,5,1,-143.0,133.0
2019-07-17,2019,MIL,ATL,5,4,1,102.0,-112.0
2019-07-17,2019,CHC,CIN,5,2,1,-130.0,120.0
2019-07-17,2019,COL,SFG,8,11,0,-205.0,185.0
2019-07-17,2019,PHI,LAD,2,7,0,154.0,-164.0
2019-07-17,2019,MIA,SDP,2,3,0,157.0,-167.0
2019-07-17,2019,ATH,SEA,10,2,1,-200.0,180.0
2019-07-17,2019,BOS,TOR,5,4,1,-250.0,220.0
2019-07-17,2019,CLE,DET,7,2,1,-290.0,250.0
2019-07-17,2019,KCR,CHW,7,5,1,-130.0,120.0
2019-07-17,2019,LAA,HOU,2,11,0,180.0,-200.0
2019-07-17,2019,MIN,NYM,4,14,0,-178.0,164.0
2019-07-17,2019,BAL,WSN,9,2,1,162.0,-174.0
2019-07-17,2019,TEX,ARI,4,19,0,115.0,-125.0
2019-07-18,2019,MIA,SDP,4,3,1,117.0,-127.0
2019-07-18,2019,PHI,LAD,7,6,1,-103.0,-107.0
2019-07-18,2019,CIN,STL,4,7,0,-118.0,108.0
2019-07-18,2019,ATL,WSN,4,13,0,140.0,-150.0
2019-07-18,2019,ARI,MIL,1,5,0,-107.0,-103.0
2019-07-18,2019,SFG,NYM,3,2,1,-118.0,108.0
2019-07-18,2019,KCR,CHW,6,5,1,-160.0,144.0
2019-07-18,2019,NYY,TBR,5,1,1,-118.0,108.0
2019-07-18,2019,BOS,TOR,5,0,1,-275.0,243.0
2019-07-18,2019,CLE,DET,6,3,1,-210.0,190.0
2019-07-18,2019,MIN,ATH,6,3,1,-126.0,116.0
2019-07-18,2019,LAA,HOU,2,6,0,142.0,-152.0
2019-07-19,2019,CHC,SDP,6,5,1,-165.0,155.0
2019-07-19,2019,PIT,PHI,1,6,0,-115.0,105.0
2019-07-19,2019,CIN,STL,11,12,0,-104.0,-106.0
2019-07-19,2019,ATL,WSN,4,3,1,110.0,-120.0
2019-07-19,2019,ARI,MIL,10,7,1,122.0,-132.0
2019-07-19,2019,LAD,MIA,2,1,1,-335.0,290.0
2019-07-19,2019,SFG,NYM,1,0,1,157.0,-167.0
2019-07-19,2019,BAL,BOS,11,2,1,210.0,-240.0
2019-07-19,2019,DET,TOR,1,12,0,150.0,-160.0
2019-07-19,2019,TBR,CHW,2,9,0,-240.0,210.0
2019-07-19,2019,CLE,KCR,10,5,1,-300.0,260.0
2019-07-19,2019,MIN,ATH,3,5,0,-130.0,120.0
2019-07-19,2019,HOU,TEX,4,3,1,-210.0,190.0
2019-07-19,2019,SEA,LAA,10,0,1,113.0,-123.0
2019-07-19,2019,NYY,COL,8,2,1,-220.0,200.0
2019-07-20,2019,CHC,SDP,6,5,1,-135.0,125.0
2019-07-20,2019,SFG,NYM,4,11,0,-150.0,140.0
2019-07-20,2019,PIT,PHI,5,1,1,-130.0,120.0
2019-07-20,2019,CIN,STL,3,2,1,-142.0,132.0
2019-07-20,2019,ATL,WSN,3,5,0,-166.0,156.0
2019-07-20,2019,ARI,MIL,3,8,0,-153.0,143.0
2019-07-20,2019,LAD,MIA,10,6,1,-320.0,280.0
2019-07-20,2019,TBR,CHW,1,2,0,-155.0,145.0
2019-07-20,2019,DET,TOR,5,7,0,112.0,-122.0
2019-07-20,2019,BAL,BOS,6,17,0,200.0,-220.0
2019-07-20,2019,MIN,ATH,4,5,0,-138.0,128.0
2019-07-20,2019,CLE,KCR,0,1,0,-164.0,154.0
2019-07-20,2019,HOU,TEX,6,1,1,-190.0,175.0
2019-07-20,2019,SEA,LAA,2,6,0,132.0,-142.0
2019-07-20,2019,NYY,COL,11,5,1,-260.0,230.0
2019-07-21,2019,CIN,STL,1,3,0,-110.0,100.0
2019-07-21,2019,ATL,WSN,7,1,1,-170.0,160.0
2019-07-21,2019,PIT,PHI,1,2,0,-132.0,122.0
2019-07-21,2019,CHC,SDP,1,5,0,-170.0,160.0
2019-07-21,2019,SFG,NYM,3,2,1,-110.0,100.0
2019-07-21,2019,LAD,MIA,9,0,1,-320.0,280.0
2019-07-21,2019,ARI,MIL,4,7,0,115.0,-125.0
2019-07-21,2019,BAL,BOS,5,0,1,195.0,-215.0
2019-07-21,2019,DET,TOR,4,3,1,108.0,-118.0
2019-07-21,2019,TBR,CHW,4,2,1,-270.0,240.0
2019-07-21,2019,CLE,KCR,5,4,1,-210.0,190.0
2019-07-21,2019,MIN,ATH,7,6,1,-130.0,120.0
2019-07-21,2019,HOU,TEX,5,3,1,-135.0,125.0
2019-07-21,2019,SEA,LAA,3,9,0,128.0,-138.0
2019-07-21,2019,NYY,COL,4,8,0,-190.0,175.0
2019-07-22,2019,PIT,STL,5,6,0,-102.0,-108.0
2019-07-22,2019,MIL,CIN,5,6,0,-113.0,103.0
2019-07-22,2019,SFG,CHC,5,4,1,-102.0,-108.0
2019-07-22,2019,TOR,CLE,3,7,0,161.0,-172.0
2019-07-22,2019,TBR,BOS,4,9,0,112.0,-122.0
2019-07-22,2019,MIN,NYY,8,6,1,105.0,-115.0
2019-07-22,2019,HOU,ATH,11,1,1,-270.0,240.0
2019-07-22,2019,SEA,TEX,7,3,1,-113.0,103.0
2019-07-22,2019,CHW,MIA,9,1,1,-108.0,-102.0
2019-07-22,2019,ARI,BAL,6,3,1,-245.0,215.0
2019-07-23,2019,PIT,STL,3,4,0,-137.0,127.0
2019-07-23,2019,WSN,COL,11,1,1,-230.0,205.0
2019-07-23,2019,NYM,SDP,5,2,1,127.0,-137.0
2019-07-23,2019,MIL,CIN,6,14,0,-149.0,139.0
2019-07-23,2019,SFG,CHC,5,4,1,-108.0,-102.0
2019-07-23,2019,TOR,CLE,2,1,1,162.0,-174.0
2019-07-23,2019,TBR,BOS,4,5,0,145.0,-155.0
2019-07-23,2019,MIN,NYY,12,14,0,112.0,-122.0
2019-07-23,2019,HOU,ATH,3,4,0,-155.0,145.0
2019-07-23,2019,SEA,TEX,2,7,0,-120.0,110.0
2019-07-23,2019,DET,PHI,2,3,0,127.0,-137.0
2019-07-23,2019,ATL,KCR,4,5,0,-240.0,210.0
2019-07-23,2019,CHW,MIA,1,5,0,112.0,-122.0
2019-07-23,2019,ARI,BAL,2,7,0,-185.0,170.0
2019-07-23,2019,LAD,LAA,4,5,0,-210.0,190.0
2019-07-24,2019,MIL,CIN,5,4,1,-157.0,147.0
2019-07-24,2019,SFG,CHC,1,4,0,138.0,-148.0
2019-07-24,2019,PIT,STL,8,14,0,-105.0,-105.0
2019-07-24,2019,WSN,COL,2,0,1,-230.0,205.0
2019-07-24,2019,NYM,SDP,2,7,0,-150.0,140.0
2019-07-24,2019,TBR,BOS,3,2,1,-110.0,100.0
2019-07-24,2019,HOU,ATH,4,2,1,-220.0,200.0
2019-07-24,2019,SEA,TEX,5,3,1,135.0,-145.0
2019-07-24,2019,TOR,CLE,0,4,0,124.0,-134.0
2019-07-24,2019,MIN,NYY,7,10,0,109.0,-119.0
2019-07-24,2019,DET,PHI,0,4,0,142.0,-152.0
2019-07-24,2019,ARI,BAL,5,2,1,-134.0,124.0
2019-07-24,2019,ATL,KCR,0,2,0,-185.0,170.0
2019-07-24,2019,CHW,MIA,0,2,0,-121.0,111.0
2019-07-24,2019,LAD,LAA,2,3,0,-210.0,190.0
2019-07-24,2019,WSN,COL,3,2,1,-111.0,101.0
2019-07-25,2019,NYM,SDP,4,0,1,-205.0,185.0
2019-07-25,2019,PIT,STL,3,6,0,-118.0,108.0
2019-07-25,2019,WSN,COL,7,8,0,-320.0,280.0
2019-07-25,2019,BOS,NYY,19,3,1,-101.0,-109.0
2019-07-25,2019,CHW,MIN,3,10,0,140.0,-150.0
2019-07-25,2019,KCR,CLE,4,5,0,144.0,-154.0
2019-07-25,2019,LAA,BAL,8,10,0,-240.0,210.0
2019-07-25,2019,ATH,TEX,3,11,0,-190.0,175.0
2019-07-25,2019,SEA,DET,10,2,1,-155.0,145.0
2019-07-26,2019,CIN,COL,2,12,0,-140.0,130.0
2019-07-26,2019,WSN,LAD,2,4,0,150.0,-160.0
2019-07-26,2019,PHI,ATL,2,9,0,115.0,-125.0
2019-07-26,2019,NYM,PIT,6,3,1,-170.0,160.0
2019-07-26,2019,MIA,ARI,3,2,1,170.0,-185.0
2019-07-26,2019,MIL,CHC,3,2,1,-119.0,109.0
2019-07-26,2019,SDP,SFG,1,2,0,-132.0,122.0
2019-07-26,2019,TOR,TBR,1,3,0,126.0,-136.0
2019-07-26,2019,BOS,NYY,10,5,1,116.0,-126.0
2019-07-26,2019,CHW,MIN,2,6,0,167.0,-182.0
2019-07-26,2019,KCR,CLE,3,8,0,101.0,-111.0
2019-07-26,2019,ATH,TEX,2,5,0,-115.0,105.0
2019-07-26,2019,LAA,BAL,3,9,0,-186.0,171.0
2019-07-26,2019,SEA,DET,3,2,1,-128.0,118.0
2019-07-26,2019,STL,HOU,5,3,1,100.0,-110.0
2019-07-27,2019,WSN,LAD,3,9,0,170.0,-185.0
2019-07-27,2019,MIA,ARI,2,9,0,107.0,-117.0
2019-07-27,2019,PHI,ATL,7,15,0,123.0,-133.0
2019-07-27,2019,NYM,PIT,3,0,1,-134.0,124.0
2019-07-27,2019,MIL,CHC,5,3,1,-107.0,-103.0
2019-07-27,2019,CIN,COL,3,1,1,-156.0,146.0
2019-07-27,2019,SDP,SFG,5,1,1,-137.0,127.0
2019-07-27,2019,TOR,TBR,10,9,1,119.0,-129.0
2019-07-27,2019,BOS,NYY,9,5,1,-147.0,137.0
2019-07-27,2019,SEA,DET,8,1,1,-159.0,149.0
2019-07-27,2019,CHW,MIN,5,1,1,162.0,-174.0
2019-07-27,2019,KCR,CLE,1,9,0,190.0,-210.0
2019-07-27,2019,ATH,TEX,5,4,1,-180.0,165.0
2019-07-27,2019,LAA,BAL,7,8,0,-240.0,210.0
2019-07-27,2019,STL,HOU,2,8,0,180.0,-200.0
2019-07-28,2019,PHI,ATL,9,4,1,-139.0,129.0
2019-07-28,2019,MIA,ARI,5,1,1,146.0,-156.0
2019-07-28,2019,NYM,PIT,8,7,1,-132.0,122.0
2019-07-28,2019,CIN,COL,3,2,1,-152.0,142.0
2019-07-28,2019,WSN,LAD,11,4,1,104.0,-114.0
2019-07-28,2019,MIL,CHC,4,11,0,-114.0,104.0
2019-07-28,2019,SDP,SFG,6,7,0,-118.0,108.0
2019-07-28,2019,TOR,TBR,9,10,0,142.0,-152.0
2019-07-28,2019,CHW,MIN,1,11,0,185.0,-205.0
2019-07-28,2019,KCR,CLE,9,6,1,158.0,-168.0
2019-07-28,2019,ATH,TEX,6,5,1,-200.0,180.0
2019-07-28,2019,LAA,BAL,5,4,1,-250.0,220.0
2019-07-28,2019,SEA,DET,3,2,1,-115.0,105.0
2019-07-28,2019,BOS,NYY,6,9,0,-164.0,154.0
2019-07-28,2019,STL,HOU,2,6,0,122.0,-132.0
2019-07-29,2019,WSN,ATL,6,3,1,-150.0,140.0
2019-07-29,2019,MIA,ARI,11,6,1,-110.0,100.0
2019-07-29,2019,CIN,PIT,11,6,1,-185.0,170.0
2019-07-29,2019,COL,LAD,9,1,1,115.0,-125.0
2019-07-29,2019,KCR,TOR,3,7,0,-128.0,118.0
2019-07-29,2019,LAA,DET,2,7,0,-240.0,210.0
2019-07-29,2019,SDP,BAL,8,1,1,-285.0,251.0
2019-07-30,2019,PHI,SFG,4,2,1,-130.0,120.0
2019-07-30,2019,WSN,ATL,8,11,0,-105.0,-105.0
2019-07-30,2019,CIN,PIT,4,11,0,-130.0,120.0
2019-07-30,2019,STL,CHC,2,1,1,115.0,-125.0
2019-07-30,2019,COL,LAD,4,9,0,135.0,-145.0
2019-07-30,2019,CLE,HOU,0,2,0,128.0,-138.0
2019-07-30,2019,BOS,TBR,5,6,0,-137.0,127.0
2019-07-30,2019,TEX,SEA,5,8,0,-122.0,112.0
2019-07-30,2019,KCR,TOR,2,9,0,-102.0,-108.0
2019-07-30,2019,LAA,DET,6,1,1,-290.0,250.0
2019-07-30,2019,SDP,BAL,5,8,0,-240.0,210.0
2019-07-30,2019,NYY,ARI,2,4,0,-240.0,210.0
2019-07-30,2019,MIA,MIN,1,2,0,133.0,-143.0
2019-07-30,2019,CHW,NYM,2,5,0,135.0,-145.0
2019-07-30,2019,ATH,MIL,3,2,1,-115.0,105.0
2019-07-31,2019,WSN,ATL,4,5,0,120.0,-130.0
2019-07-31,2019,CIN,PIT,4,1,1,-190.0,175.0
2019-07-31,2019,COL,LAD,1,5,0,130.0,-140.0
2019-07-31,2019,PHI,SFG,1,5,0,-128.0,118.0
2019-07-31,2019,STL,CHC,0,2,0,-102.0,-108.0
2019-07-31,2019,KCR,TOR,1,4,0,-133.0,123.0
2019-07-31,2019,LAA,DET,1,9,0,-190.0,175.0
2019-07-31,2019,BOS,TBR,5,8,0,-131.0,121.0
2019-07-31,2019,CLE,HOU,10,4,1,137.0,-147.0
2019-07-31,2019,TEX,SEA,9,7,1,-155.0,145.0
2019-07-31,2019,NYY,ARI,7,5,1,-130.0,120.0
2019-07-31,2019,MIA,MIN,4,7,0,170.0,-185.0
2019-07-31,2019,CHW,NYM,2,4,0,178.0,-196.0
2019-07-31,2019,ATH,MIL,2,4,0,-118.0,108.0
2019-08-01,2019,PHI,SFG,10,2,1,-160.0,150.0
2019-08-01,2019,STL,CHC,8,0,1,-115.0,105.0
2019-08-01,2019,ATL,CIN,4,1,1,-165.0,155.0
2019-08-01,2019,LAD,SDP,8,2,1,-200.0,180.0
2019-08-01,2019,BAL,TOR,2,11,0,-107.0,-103.0
2019-08-01,2019,BOS,TBR,4,9,0,-116.0,106.0
2019-08-01,2019,CLE,HOU,1,7,0,175.0,-190.0
2019-08-01,2019,MIA,MIN,5,4,1,154.0,-164.0
2019-08-01,2019,CHW,NYM,0,4,0,177.0,-194.0
2019-08-01,2019,ATH,MIL,5,3,1,-108.0,-102.0
2019-08-02,2019,CHC,MIL,6,2,1,-143.0,133.0
2019-08-02,2019,PIT,NYM,8,4,1,110.0,-120.0
2019-08-02,2019,ATL,CIN,2,5,0,-165.0,155.0
2019-08-02,2019,COL,SFG,5,4,1,-140.0,130.0
2019-08-02,2019,ARI,WSN,0,3,0,-116.0,106.0
2019-08-02,2019,LAD,SDP,2,5,0,-160.0,150.0
2019-08-02,2019,BAL,TOR,2,5,0,118.0,-128.0
2019-08-02,2019,NYY,BOS,4,2,1,-130.0,120.0
2019-08-02,2019,CLE,LAA,7,3,1,-220.0,200.0
2019-08-02,2019,TEX,DET,5,4,1,-240.0,210.0
2019-08-02,2019,HOU,SEA,10,2,1,-300.0,260.0
2019-08-02,2019,MIN,KCR,11,9,1,-220.0,200.0
2019-08-02,2019,PHI,CHW,3,4,0,-180.0,165.0
2019-08-03,2019,CHC,MIL,4,1,1,-140.0,130.0
2019-08-03,2019,PIT,NYM,5,7,0,122.0,-132.0
2019-08-03,2019,ATL,CIN,5,4,1,-136.0,126.0
2019-08-03,2019,ARI,WSN,18,7,1,118.0,-128.0
2019-08-03,2019,COL,SFG,5,6,0,-122.0,112.0
2019-08-03,2019,LAD,SDP,4,1,1,-260.0,230.0
2019-08-03,2019,NYY,BOS,9,2,1,114.0,-124.0
2019-08-03,2019,BAL,TOR,6,4,1,100.0,-110.0
2019-08-03,2019,NYY,BOS,6,4,1,-139.0,129.0
2019-08-03,2019,CLE,LAA,7,2,1,-120.0,110.0
2019-08-03,2019,HOU,SEA,9,0,1,-215.0,195.0
2019-08-03,2019,MIN,KCR,11,3,1,-230.0,205.0
2019-08-03,2019,TEX,DET,5,4,1,-107.0,-103.0
2019-08-03,2019,TBR,MIA,8,6,1,-220.0,200.0
2019-08-03,2019,PHI,CHW,3,2,1,-300.0,260.0
2019-08-03,2019,ATH,STL,8,3,1,-155.0,145.0
2019-08-04,2019,ATL,CIN,4,6,0,-121.0,110.0
2019-08-04,2019,PIT,NYM,2,13,0,108.0,-118.0
2019-08-04,2019,CHC,MIL,7,2,1,-129.0,117.0
2019-08-04,2019,COL,SFG,6,2,1,-134.0,121.0
2019-08-04,2019,ARI,WSN,7,5,1,145.0,-160.0
2019-08-04,2019,LAD,SDP,11,10,1,-150.0,135.0
2019-08-04,2019,BAL,TOR,6,5,1,136.0,-151.0
2019-08-04,2019,CLE,LAA,6,2,1,-236.0,210.0
2019-08-04,2019,MIN,KCR,3,0,1,-190.0,170.0
2019-08-04,2019,HOU,SEA,3,1,1,-420.0,360.0
2019-08-04,2019,TEX,DET,9,4,1,-200.0,179.0
2019-08-04,2019,NYY,BOS,7,4,1,123.0,-136.0
2019-08-04,2019,PHI,CHW,5,10,0,-160.0,144.0
2019-08-04,2019,TBR,MIA,7,2,1,-190.0,170.0
2019-08-04,2019,ATH,STL,4,2,1,-136.0,123.0
2019-08-05,2019,NYM,MIA,6,2,1,-360.0,310.0
2019-08-05,2019,PIT,MIL,7,9,0,137.0,-147.0
2019-08-05,2019,NYM,MIA,5,4,1,-180.0,165.0
2019-08-05,2019,ARI,PHI,3,7,0,-105.0,-105.0
2019-08-05,2019,SFG,WSN,0,4,0,-132.0,122.0
2019-08-05,2019,LAD,STL,8,0,1,-148.0,138.0
2019-08-05,2019,BAL,NYY,6,9,0,220.0,-250.0
2019-08-05,2019,DET,CHW,4,7,0,118.0,-128.0
2019-08-05,2019,BOS,KCR,7,5,1,-230.0,205.0
2019-08-05,2019,TBR,TOR,0,2,0,-290.0,250.0
2019-08-05,2019,CLE,TEX,0,1,0,-160.0,150.0
2019-08-05,2019,CIN,LAA,7,4,1,-190.0,175.0
2019-08-05,2019,CHC,ATH,6,5,1,-155.0,145.0
2019-08-05,2019,MIN,ATL,5,3,1,-108.0,-102.0
2019-08-06,2019,PIT,MIL,3,4,0,135.0,-145.0
2019-08-06,2019,NYM,MIA,5,0,1,-255.0,225.0
2019-08-06,2019,ARI,PHI,8,4,1,-128.0,118.0
2019-08-06,2019,SFG,WSN,3,5,0,101.0,-111.0
2019-08-06,2019,LAD,STL,3,1,1,-200.0,180.0
2019-08-06,2019,DET,CHW,3,5,0,-105.0,-105.0
2019-08-06,2019,BAL,NYY,4,9,0,178.0,-196.0
2019-08-06,2019,DET,CHW,10,6,1,-115.0,105.0
2019-08-06,2019,BOS,KCR,2,6,0,-190.0,175.0
2019-08-06,2019,TBR,TOR,7,6,1,-200.0,180.0
2019-08-06,2019,CIN,LAA,8,4,1,-130.0,120.0
2019-08-06,2019,CHC,ATH,4,11,0,-140.0,130.0
2019-08-06,2019,MIN,ATL,7,12,0,-154.0,144.0
2019-08-06,2019,HOU,COL,11,6,1,-215.0,195.0
2019-08-06,2019,SEA,SDP,4,9,0,115.0,-125.0
2019-08-07,2019,NYM,MIA,7,2,1,-195.0,175.0
2019-08-07,2019,LAD,STL,2,1,1,-130.0,120.0
2019-08-07,2019,SFG,WSN,1,4,0,101.0,-111.0
2019-08-07,2019,PIT,MIL,3,8,0,120.0,-130.0
2019-08-07,2019,ARI,PHI,6,1,1,-142.0,128.0
2019-08-07,2019,TBR,TOR,3,4,0,-219.0,195.0
2019-08-07,2019,CLE,TEX,2,0,1,-190.0,175.0
2019-08-07,2019,DET,CHW,1,8,0,-101.0,-109.0
2019-08-07,2019,BAL,NYY,2,14,0,230.0,-260.0
2019-08-07,2019,MIN,ATL,7,11,0,105.0,-115.0
2019-08-07,2019,HOU,COL,14,3,1,-360.0,310.0
2019-08-07,2019,CHC,ATH,10,1,1,-137.0,127.0
2019-08-07,2019,SEA,SDP,3,2,1,140.0,-150.0
2019-08-07,2019,CLE,TEX,5,1,1,-103.0,-107.0
2019-08-08,2019,MIA,ATL,9,2,1,185.0,-205.0
2019-08-08,2019,CIN,CHC,5,12,0,115.0,-125.0
2019-08-08,2019,SFG,PHI,5,0,1,-104.0,-106.0
2019-08-08,2019,SDP,COL,9,3,1,-105.0,-105.0
2019-08-08,2019,TOR,NYY,6,12,0,175.0,-190.0
2019-08-08,2019,BOS,LAA,3,0,1,-250.0,220.0
2019-08-08,2019,DET,KCR,10,8,1,-153.0,143.0
2019-08-08,2019,MIN,CLE,5,7,0,108.0,-118.0
2019-08-09,2019,MIA,ATL,4,8,0,135.0,-145.0
2019-08-09,2019,CIN,CHC,5,2,1,110.0,-120.0
2019-08-09,2019,NYM,WSN,7,6,1,120.0,-130.0
2019-08-09,2019,STL,PIT,6,2,1,-146.0,136.0
2019-08-09,2019,LAD,ARI,2,3,0,-180.0,165.0
2019-08-09,2019,SDP,COL,7,1,1,-146.0,136.0
2019-08-09,2019,SFG,PHI,6,9,0,118.0,-128.0
2019-08-09,2019,CHW,ATH,0,7,0,230.0,-260.0
2019-08-09,2019,BAL,HOU,2,3,0,240.0,-270.0
2019-08-09,2019,TOR,NYY,8,2,1,135.0,-145.0
2019-08-09,2019,BOS,LAA,16,4,1,-153.0,143.0
2019-08-09,2019,DET,KCR,5,2,1,155.0,-165.0
2019-08-09,2019,MIN,CLE,2,6,0,128.0,-138.0
2019-08-09,2019,SEA,TBR,3,5,0,125.0,-135.0
2019-08-09,2019,MIL,TEX,6,5,1,-205.0,185.0
2019-08-10,2019,SFG,PHI,3,1,1,-103.0,-107.0
2019-08-10,2019,MIA,ATL,7,6,1,230.0,-260.0
2019-08-10,2019,CIN,CHC,10,1,1,-108.0,-102.0
2019-08-10,2019,NYM,WSN,4,3,1,-130.0,120.0
2019-08-10,2019,STL,PIT,3,1,1,-170.0,160.0
2019-08-10,2019,SDP,COL,8,5,1,-210.0,190.0
2019-08-10,2019,LAD,ARI,4,0,1,-162.0,152.0
2019-08-10,2019,TOR,NYY,5,4,1,148.0,-158.0
2019-08-10,2019,BOS,LAA,4,12,0,-141.0,131.0
2019-08-10,2019,DET,KCR,0,7,0,-125.0,115.0
2019-08-10,2019,BAL,HOU,2,23,0,230.0,-260.0
2019-08-10,2019,MIN,CLE,4,1,1,-152.0,142.0
2019-08-10,2019,CHW,ATH,3,2,1,156.0,-166.0
2019-08-10,2019,SEA,TBR,4,5,0,180.0,-200.0
2019-08-10,2019,MIL,TEX,3,2,1,-190.0,175.0
2019-08-11,2019,MIA,ATL,4,5,0,180.0,-200.0
2019-08-11,2019,CIN,CHC,3,6,0,-142.0,132.0
2019-08-11,2019,NYM,WSN,4,7,0,-210.0,190.0
2019-08-11,2019,STL,PIT,11,9,1,-194.0,177.0
2019-08-11,2019,SDP,COL,3,8,0,-132.0,122.0
2019-08-11,2019,SFG,PHI,9,6,1,115.0,-127.0
2019-08-11,2019,LAD,ARI,9,3,1,-220.0,200.0
2019-08-11,2019,BOS,LAA,4,5,0,-125.0,115.0
2019-08-11,2019,BAL,HOU,8,7,1,400.0,-500.0
2019-08-11,2019,TOR,NYY,0,1,0,165.0,-180.0
2019-08-11,2019,DET,KCR,2,10,0,113.0,-123.0
2019-08-11,2019,MIN,CLE,3,7,0,-145.0,135.0
2019-08-11,2019,CHW,ATH,0,2,0,119.0,-129.0
2019-08-11,2019,SEA,TBR,0,1,0,163.0,-175.0
2019-08-11,2019,MIL,TEX,0,1,0,-124.0,114.0
2019-08-12,2019,WSN,CIN,7,6,1,108.0,-118.0
2019-08-12,2019,COL,ARI,6,8,0,-111.0,101.0
2019-08-12,2019,NYY,BAL,8,5,1,-350.0,300.0
2019-08-12,2019,NYY,BAL,11,8,1,-325.0,284.0
2019-08-12,2019,TOR,TEX,19,4,1,-122.0,112.0
2019-08-12,2019,CLE,BOS,6,5,1,105.0,-115.0
2019-08-12,2019,LAA,PIT,2,10,0,-145.0,135.0
2019-08-12,2019,SDP,TBR,4,10,0,-126.0,116.0
2019-08-13,2019,WSN,CIN,3,1,1,-128.0,118.0
2019-08-13,2019,PHI,CHC,4,2,1,117.0,-127.0
2019-08-13,2019,MIA,LAD,1,15,0,190.0,-210.0
2019-08-13,2019,ATL,NYM,5,3,1,-125.0,115.0
2019-08-13,2019,COL,ARI,3,9,0,120.0,-130.0
2019-08-13,2019,NYY,BAL,8,3,1,-300.0,260.0
2019-08-13,2019,TOR,TEX,3,0,1,120.0,-130.0
2019-08-13,2019,CLE,BOS,6,7,0,-101.0,-109.0
2019-08-13,2019,DET,SEA,6,11,0,-157.0,147.0
2019-08-13,2019,CHW,HOU,4,1,1,300.0,-350.0
2019-08-13,2019,MIL,MIN,5,7,0,-158.0,148.0
2019-08-13,2019,KCR,STL,0,2,0,210.0,-240.0
2019-08-13,2019,SFG,ATH,3,2,1,-105.0,-105.0
2019-08-13,2019,LAA,PIT,7,10,0,-165.0,155.0
2019-08-13,2019,SDP,TBR,5,7,0,108.0,-118.0
2019-08-13,2019,CHW,HOU,2,6,0,280.0,-320.0
2019-08-14,2019,COL,ARI,7,6,1,142.0,-152.0
2019-08-14,2019,WSN,CIN,17,7,1,-168.0,158.0
2019-08-14,2019,PHI,CHC,11,1,1,-120.0,110.0
2019-08-14,2019,MIA,LAD,1,9,0,250.0,-290.0
2019-08-14,2019,ATL,NYM,6,4,1,-144.0,134.0
2019-08-14,2019,TOR,TEX,3,7,0,-142.0,132.0
2019-08-14,2019,NYY,BAL,6,5,1,-240.0,210.0
2019-08-14,2019,CLE,BOS,1,5,0,-185.0,170.0
2019-08-14,2019,CHW,HOU,13,9,1,270.0,-310.0
2019-08-14,2019,DET,SEA,3,2,1,160.0,-170.0
2019-08-14,2019,MIL,MIN,6,5,1,-116.0,106.0
2019-08-14,2019,SDP,TBR,7,2,1,-112.0,102.0
2019-08-14,2019,SFG,ATH,5,9,0,105.0,-115.0
2019-08-14,2019,LAA,PIT,7,4,1,-127.0,117.0
2019-08-14,2019,KCR,STL,0,6,0,118.0,-128.0
2019-08-15,2019,MIA,LAD,13,7,1,220.0,-250.0
2019-08-15,2019,PHI,CHC,7,5,1,128.0,-138.0
2019-08-15,2019,CIN,STL,2,1,1,-140.0,130.0
2019-08-15,2019,ATL,NYM,8,10,0,-123.0,113.0
2019-08-15,2019,ARI,SFG,0,7,0,-160.0,150.0
2019-08-15,2019,DET,SEA,2,7,0,-101.0,-111.0
2019-08-15,2019,NYY,CLE,5,19,0,-160.0,150.0
2019-08-15,2019,TEX,MIN,6,13,0,145.0,-155.0
2019-08-15,2019,LAA,CHW,8,7,1,-154.0,144.0
2019-08-15,2019,ATH,HOU,7,6,1,102.0,-112.0
2019-08-16,2019,WSN,MIL,2,1,1,-155.0,145.0
2019-08-16,2019,PHI,SDP,8,4,1,-112.0,102.0
2019-08-16,2019,PIT,CHC,3,2,1,125.0,-135.0
2019-08-16,2019,CIN,STL,4,13,0,-132.0,122.0
2019-08-16,2019,ATL,LAD,3,8,0,-115.0,105.0
2019-08-16,2019,COL,MIA,3,0,1,-245.0,215.0
2019-08-16,2019,ARI,SFG,9,10,0,-132.0,122.0
2019-08-16,2019,NYY,CLE,3,2,1,-140.0,130.0
2019-08-16,2019,TOR,SEA,7,3,1,-145.0,135.0
2019-08-16,2019,BOS,BAL,9,1,1,-280.0,245.0
2019-08-16,2019,TBR,DET,0,2,0,-330.0,285.0
2019-08-16,2019,TEX,MIN,3,4,0,-106.0,-104.0
2019-08-16,2019,ATH,HOU,3,2,1,170.0,-185.0
2019-08-16,2019,LAA,CHW,2,7,0,-115.0,105.0
2019-08-16,2019,KCR,NYM,4,1,1,163.0,-176.0
2019-08-17,2019,PIT,CHC,0,2,0,133.0,-143.0
2019-08-17,2019,CIN,STL,6,1,1,120.0,-130.0
2019-08-17,2019,PHI,SDP,3,5,0,-112.0,102.0
2019-08-17,2019,WSN,MIL,14,15,0,-114.0,104.0
2019-08-17,2019,ATL,LAD,4,3,1,145.0,-155.0
2019-08-17,2019,ARI,SFG,6,11,0,-115.0,105.0
2019-08-17,2019,COL,MIA,11,4,1,-270.0,240.0
2019-08-17,2019,NYY,CLE,6,5,1,-165.0,155.0
2019-08-17,2019,TOR,SEA,3,4,0,-165.0,155.0
2019-08-17,2019,ATH,HOU,8,4,1,102.0,-112.0
2019-08-17,2019,TBR,DET,1,0,1,-310.0,270.0
2019-08-17,2019,BOS,BAL,4,0,1,-320.0,280.0
2019-08-17,2019,TEX,MIN,7,12,0,160.0,-170.0
2019-08-17,2019,LAA,CHW,6,5,1,-185.0,170.0
2019-08-17,2019,KCR,NYM,1,4,0,180.0,-200.0
2019-08-18,2019,PHI,SDP,2,3,0,-119.0,109.0
2019-08-18,2019,CIN,STL,4,5,0,157.0,-167.0
2019-08-18,2019,ATL,LAD,5,3,1,-127.0,117.0
2019-08-18,2019,WSN,MIL,16,8,1,-105.0,-105.0
2019-08-18,2019,COL,MIA,7,6,1,-168.0,158.0
2019-08-18,2019,ARI,SFG,6,1,1,-108.0,-102.0
2019-08-18,2019,PIT,CHC,1,7,0,150.0,-160.0
2019-08-18,2019,BOS,BAL,13,7,1,-300.0,260.0
2019-08-18,2019,NYY,CLE,4,8,0,110.0,-120.0
2019-08-18,2019,TOR,SEA,0,7,0,-165.0,155.0
2019-08-18,2019,TBR,DET,5,4,1,-190.0,175.0
2019-08-18,2019,TEX,MIN,3,6,0,-134.0,124.0
2019-08-18,2019,LAA,CHW,9,2,1,-155.0,145.0
2019-08-18,2019,ATH,HOU,1,4,0,176.0,-192.0
2019-08-18,2019,KCR,NYM,5,11,0,164.0,-178.0
2019-08-19,2019,PIT,WSN,0,13,0,108.0,-118.0
2019-08-19,2019,CIN,SDP,2,3,0,-140.0,130.0
2019-08-19,2019,STL,MIL,3,0,1,-118.0,108.0
2019-08-19,2019,ARI,COL,5,3,1,-210.0,190.0
2019-08-19,2019,BAL,KCR,4,5,0,-130.0,120.0
2019-08-19,2019,TBR,SEA,3,9,0,-190.0,175.0
2019-08-19,2019,TEX,LAA,8,7,1,108.0,-118.0
2019-08-19,2019,MIN,CHW,4,6,0,-220.0,200.0
2019-08-19,2019,HOU,DET,5,4,1,-420.0,350.0
2019-08-20,2019,PIT,WSN,4,1,1,145.0,-155.0
2019-08-20,2019,CIN,SDP,3,2,1,-150.0,140.0
2019-08-20,2019,ATL,MIA,5,1,1,-275.0,245.0
2019-08-20,2019,STL,MIL,9,4,1,-105.0,-105.0
2019-08-20,2019,CHC,SFG,5,3,1,-200.0,180.0
2019-08-20,2019,ARI,COL,8,7,1,-148.0,138.0
2019-08-20,2019,BAL,KCR,4,1,1,-117.0,107.0
2019-08-20,2019,TBR,SEA,4,7,0,-196.0,178.0
2019-08-20,2019,TEX,LAA,3,2,1,118.0,-128.0
2019-08-20,2019,MIN,CHW,14,4,1,-230.0,205.0
2019-08-20,2019,HOU,DET,6,3,1,-270.0,240.0
2019-08-20,2019,ATH,NYY,6,2,1,120.0,-130.0
2019-08-20,2019,BOS,PHI,2,3,0,-110.0,100.0
2019-08-20,2019,NYM,CLE,9,2,1,135.0,-145.0
2019-08-20,2019,LAD,TOR,16,3,1,-330.0,285.0
2019-08-20,2019,TEX,LAA,1,5,0,127.0,-137.0
2019-08-21,2019,CIN,SDP,4,2,1,-160.0,150.0
2019-08-21,2019,ARI,COL,2,7,0,-178.0,164.0
2019-08-21,2019,PIT,WSN,1,11,0,127.0,-137.0
2019-08-21,2019,ATL,MIA,5,0,1,-180.0,165.0
2019-08-21,2019,STL,MIL,3,5,0,-102.0,-108.0
2019-08-21,2019,CHC,SFG,12,11,1,-250.0,220.0
2019-08-21,2019,MIN,CHW,0,4,0,-170.0,160.0
2019-08-21,2019,TBR,SEA,7,6,1,-320.0,280.0
2019-08-21,2019,TEX,LAA,8,7,1,-118.0,108.0
2019-08-21,2019,BAL,KCR,8,1,1,110.0,-120.0
2019-08-21,2019,HOU,DET,1,2,0,-550.0,425.0
2019-08-21,2019,ATH,NYY,6,4,1,-122.0,112.0
2019-08-21,2019,BOS,PHI,2,5,0,-160.0,150.0
2019-08-21,2019,NYM,CLE,4,3,1,-150.0,140.0
2019-08-21,2019,LAD,TOR,2,1,1,-380.0,320.0
2019-08-22,2019,CHC,SFG,1,0,1,-185.0,170.0
2019-08-22,2019,PIT,WSN,1,7,0,185.0,-205.0
2019-08-22,2019,ATL,MIA,3,2,1,-280.0,245.0
2019-08-22,2019,STL,COL,6,5,1,-128.0,118.0
2019-08-22,2019,BAL,TBR,2,5,0,190.0,-210.0
2019-08-22,2019,HOU,DET,6,3,1,-550.0,425.0
2019-08-22,2019,CHW,TEX,6,1,1,106.0,-116.0
2019-08-22,2019,ATH,NYY,5,3,1,110.0,-120.0
2019-08-22,2019,NYM,CLE,2,0,1,-125.0,115.0
2019-08-22,2019,LAD,TOR,3,2,1,-240.0,210.0
2019-08-23,2019,CHC,WSN,3,9,0,-127.0,117.0
2019-08-23,2019,PIT,CIN,3,2,1,-115.0,105.0
2019-08-23,2019,MIA,PHI,19,11,1,150.0,-160.0
2019-08-23,2019,NYM,ATL,1,2,0,-176.0,163.0
2019-08-23,2019,MIL,ARI,6,1,1,-148.0,138.0
2019-08-23,2019,STL,COL,8,3,1,-250.0,220.0
2019-08-23,2019,BAL,TBR,1,7,0,180.0,-200.0
2019-08-23,2019,CLE,KCR,4,1,1,-190.0,175.0
2019-08-23,2019,MIN,DET,6,9,0,-330.0,285.0
2019-08-23,2019,CHW,TEX,8,3,1,128.0,-138.0
2019-08-23,2019,HOU,LAA,5,4,1,-250.0,220.0
2019-08-23,2019,SEA,TOR,7,4,1,-108.0,-102.0
2019-08-23,2019,LAD,NYY,2,10,0,-145.0,135.0
2019-08-23,2019,SDP,BOS,0,11,0,107.0,-117.0
2019-08-24,2019,CHC,WSN,2,7,0,-165.0,155.0
2019-08-24,2019,MIA,PHI,3,9,0,122.0,-132.0
2019-08-24,2019,PIT,CIN,14,0,1,-102.0,-108.0
2019-08-24,2019,MIL,ARI,4,0,1,-128.0,118.0
2019-08-24,2019,NYM,ATL,5,9,0,-108.0,-102.0
2019-08-24,2019,STL,COL,6,0,1,-185.0,170.0
2019-08-24,2019,BAL,TBR,7,1,1,170.0,-185.0
2019-08-24,2019,HOU,LAA,5,2,1,-190.0,175.0
2019-08-24,2019,MIN,DET,8,5,1,-350.0,300.0
2019-08-24,2019,CLE,KCR,4,2,1,-350.0,300.0
2019-08-24,2019,CHW,TEX,0,4,0,-130.0,120.0
2019-08-24,2019,SEA,TOR,5,7,0,-112.0,102.0
2019-08-24,2019,LAD,NYY,2,1,1,-136.0,126.0
2019-08-24,2019,SDP,BOS,4,5,0,110.0,-120.0
2019-08-24,2019,ATH,SFG,5,10,0,-145.0,135.0
2019-08-25,2019,MIA,PHI,3,2,1,179.0,-198.0
2019-08-25,2019,NYM,ATL,1,2,0,-106.0,-104.0
2019-08-25,2019,PIT,CIN,9,8,1,124.0,-134.0
2019-08-25,2019,MIL,ARI,2,5,0,-115.0,105.0
2019-08-25,2019,STL,COL,11,4,1,-180.0,165.0
2019-08-25,2019,CHC,WSN,5,7,0,117.0,-127.0
2019-08-25,2019,BAL,TBR,8,3,1,155.0,-165.0
2019-08-25,2019,CLE,KCR,8,9,0,-360.0,310.0
2019-08-25,2019,CHW,TEX,2,0,1,-122.0,112.0
2019-08-25,2019,HOU,LAA,11,2,1,-185.0,170.0
2019-08-25,2019,MIN,DET,7,4,1,-210.0,190.0
2019-08-25,2019,SEA,TOR,3,1,1,-146.0,136.0
2019-08-25,2019,ATH,SFG,4,5,0,-163.0,153.0
2019-08-25,2019,SDP,BOS,3,1,1,-112.0,102.0
2019-08-25,2019,LAD,NYY,1,5,0,-152.0,142.0
2019-08-26,2019,COL,ATL,3,1,1,140.0,-150.0
2019-08-26,2019,PHI,PIT,6,5,1,-142.0,132.0
2019-08-26,2019,MIA,CIN,3,6,0,145.0,-155.0
2019-08-26,2019,MIL,STL,2,12,0,-138.0,128.0
2019-08-26,2019,SFG,ARI,4,6,0,-105.0,-105.0
2019-08-26,2019,SDP,LAD,4,3,1,135.0,-145.0
2019-08-26,2019,KCR,ATH,4,19,0,144.0,-154.0
2019-08-26,2019,SEA,NYY,4,5,0,160.0,-170.0
2019-08-27,2019,PHI,PIT,4,5,0,-140.0,130.0
2019-08-27,2019,MIA,CIN,5,8,0,150.0,-160.0
2019-08-27,2019,NYM,CHC,2,5,0,-102.0,-108.0
2019-08-27,2019,MIL,STL,3,6,0,-135.0,125.0
2019-08-27,2019,SFG,ARI,2,3,0,-129.0,119.0
2019-08-27,2019,SDP,LAD,0,9,0,175.0,-190.0
2019-08-27,2019,DET,CLE,1,10,0,145.0,-155.0
2019-08-27,2019,CHW,MIN,1,3,0,100.0,-110.0
2019-08-27,2019,HOU,TBR,15,1,1,-192.0,176.0
2019-08-27,2019,KCR,ATH,1,2,0,190.0,-210.0
2019-08-27,2019,LAA,TEX,5,2,1,-160.0,150.0
2019-08-27,2019,SEA,NYY,0,7,0,164.0,-178.0
2019-08-27,2019,WSN,BAL,0,2,0,-350.0,300.0
2019-08-27,2019,TOR,ATL,3,1,1,170.0,-185.0
2019-08-27,2019,COL,BOS,6,10,0,135.0,-145.0
2019-08-28,2019,MIL,STL,4,1,1,115.0,-125.0
2019-08-28,2019,PHI,PIT,12,3,1,-146.0,136.0
2019-08-28,2019,MIA,CIN,0,5,0,144.0,-154.0
2019-08-28,2019,NYM,CHC,7,10,0,-119.0,109.0
2019-08-28,2019,SDP,LAD,4,6,0,165.0,-180.0
2019-08-28,2019,SEA,NYY,3,7,0,230.0,-260.0
2019-08-28,2019,DET,CLE,2,4,0,205.0,-230.0
2019-08-28,2019,CHW,MIN,2,8,0,180.0,-200.0
2019-08-28,2019,HOU,TBR,8,6,1,-230.0,205.0
2019-08-28,2019,KCR,ATH,6,4,1,152.0,-162.0
2019-08-28,2019,LAA,TEX,0,3,0,-159.0,149.0
2019-08-28,2019,WSN,BAL,8,4,1,-400.0,330.0
2019-08-28,2019,TOR,ATL,4,9,0,116.0,-126.0
2019-08-28,2019,COL,BOS,4,7,0,170.0,-185.0
2019-08-29,2019,MIA,CIN,4,3,1,150.0,-160.0
2019-08-29,2019,NYM,CHC,1,4,0,-185.0,170.0
2019-08-29,2019,COL,PIT,8,11,0,-102.0,-108.0
2019-08-29,2019,ARI,LAD,11,5,1,180.0,-200.0
2019-08-29,2019,SFG,SDP,3,5,0,105.0,-115.0
2019-08-29,2019,DET,CLE,0,2,0,245.0,-280.0
2019-08-29,2019,KCR,ATH,8,9,0,210.0,-240.0
2019-08-29,2019,HOU,TBR,8,9,0,-230.0,205.0
2019-08-29,2019,CHW,MIN,5,10,0,163.0,-176.0
2019-08-29,2019,TEX,SEA,3,5,0,-176.0,163.0
2019-08-30,2019,CHC,MIL,7,1,1,-126.0,116.0
2019-08-30,2019,PHI,NYM,5,11,0,-148.0,138.0
2019-08-30,2019,WSN,MIA,7,6,1,-260.0,230.0
2019-08-30,2019,COL,PIT,4,9,0,-133.0,123.0
2019-08-30,2019,ARI,LAD,5,4,1,108.0,-118.0
2019-08-30,2019,SFG,SDP,8,3,1,-127.0,117.0
2019-08-30,2019,NYY,ATH,2,8,0,-134.0,124.0
2019-08-30,2019,TOR,HOU,4,7,0,180.0,-200.0
2019-08-30,2019,TBR,CLE,4,0,1,122.0,-132.0
2019-08-30,2019,DET,MIN,5,13,0,245.0,-280.0
2019-08-30,2019,TEX,SEA,6,3,1,-112.0,102.0
2019-08-30,2019,KCR,BAL,2,14,0,-108.0,-102.0
2019-08-30,2019,LAA,BOS,6,7,0,113.0,-123.0
2019-08-30,2019,ATL,CHW,10,7,1,-210.0,190.0
2019-08-31,2019,STL,CIN,10,6,1,-130.0,120.0
2019-08-31,2019,CHC,MIL,0,2,0,-169.0,159.0
2019-08-31,2019,PHI,NYM,3,6,0,106.0,-116.0
2019-08-31,2019,WSN,MIA,7,0,1,-320.0,280.0
2019-08-31,2019,STL,CIN,3,2,1,100.0,-110.0
2019-08-31,2019,ARI,LAD,6,5,1,132.0,-142.0
2019-08-31,2019,COL,PIT,4,11,0,120.0,-130.0
2019-08-31,2019,SFG,SDP,1,4,0,-112.0,102.0
2019-08-31,2019,NYY,ATH,4,3,1,-205.0,185.0
2019-08-31,2019,TOR,HOU,6,4,1,157.0,-167.0
2019-08-31,2019,DET,MIN,10,7,1,145.0,-155.0
2019-08-31,2019,TBR,CLE,9,6,1,-128.0,118.0
2019-08-31,2019,KCR,BAL,7,5,1,106.0,-116.0
2019-08-31,2019,TEX,SEA,3,2,1,-130.0,120.0
2019-08-31,2019,LAA,BOS,10,4,1,-102.0,-108.0
2019-08-31,2019,ATL,CHW,11,5,1,-210.0,190.0
2019-09-01,2019,WSN,MIA,9,3,1,-310.0,270.0
2019-09-01,2019,STL,CIN,4,3,1,-160.0,150.0
2019-09-01,2019,CHC,MIL,0,4,0,-137.0,127.0
2019-09-01,2019,COL,PIT,2,6,0,-118.0,108.0
2019-09-01,2019,SFG,SDP,4,8,0,-122.0,112.0
2019-09-01,2019,ARI,LAD,3,4,0,152.0,-162.0
2019-09-01,2019,PHI,NYM,5,2,1,100.0,-110.0
2019-09-01,2019,NYY,ATH,5,4,1,-120.0,110.0
2019-09-01,2019,TOR,HOU,0,2,0,250.0,-290.0
2019-09-01,2019,DET,MIN,3,8,0,180.0,-200.0
2019-09-01,2019,TBR,CLE,8,2,1,-196.0,178.0
2019-09-01,2019,KCR,BAL,6,4,1,-140.0,130.0
2019-09-01,2019,TEX,SEA,3,11,0,-127.0,117.0
2019-09-01,2019,LAA,BOS,3,4,0,100.0,-110.0
2019-09-01,2019,ATL,CHW,5,3,1,-136.0,126.0
2019-09-01,2019,STL,CIN,3,5,0,100.0,-110.0
2019-09-02,2019,WSN,NYM,3,7,0,100.0,-110.0
2019-09-02,2019,CIN,PHI,1,7,0,-136.0,126.0
2019-09-02,2019,STL,SFG,3,1,1,-190.0,175.0
2019-09-02,2019,ARI,SDP,14,7,1,-127.0,117.0
2019-09-02,2019,LAD,COL,16,9,1,-350.0,300.0
2019-09-02,2019,NYY,TEX,0,7,0,-210.0,190.0
2019-09-02,2019,DET,MIN,3,4,0,195.0,-215.0
2019-09-02,2019,TBR,BAL,5,4,1,-290.0,250.0
2019-09-02,2019,CLE,CHW,11,3,1,-230.0,205.0
2019-09-02,2019,ATL,TOR,6,3,1,-280.0,245.0
2019-09-02,2019,CHC,SEA,5,1,1,-300.0,260.0
2019-09-02,2019,MIL,HOU,2,3,0,163.0,-176.0
2019-09-03,2019,CIN,PHI,2,6,0,100.0,-110.0
2019-09-03,2019,PIT,MIA,4,5,0,-168.0,158.0
2019-09-03,2019,WSN,NYM,11,10,1,-115.0,105.0
2019-09-03,2019,STL,SFG,1,0,1,-290.0,250.0
2019-09-03,2019,ARI,SDP,2,1,1,-150.0,140.0
2019-09-03,2019,LAD,COL,5,3,1,-300.0,260.0
2019-09-03,2019,NYY,TEX,10,1,1,-320.0,280.0
2019-09-03,2019,CLE,CHW,5,6,0,-320.0,280.0
2019-09-03,2019,TBR,BAL,2,4,0,-280.0,245.0
2019-09-03,2019,BOS,MIN,5,6,0,-140.0,130.0
2019-09-03,2019,KCR,DET,6,5,1,-145.0,135.0
2019-09-03,2019,ATH,LAA,7,5,1,-165.0,155.0
2019-09-03,2019,ATL,TOR,7,2,1,-200.0,180.0
2019-09-03,2019,MIL,HOU,4,2,1,140.0,-150.0
2019-09-03,2019,CHC,SEA,6,1,1,-250.0,220.0
2019-09-03,2019,TBR,BAL,2,0,1,-270.0,240.0
2019-09-04,2019,WSN,NYM,4,8,0,-110.0,100.0
2019-09-04,2019,CIN,PHI,8,5,1,142.0,-152.0
2019-09-04,2019,PIT,MIA,6,5,1,-172.0,161.0
2019-09-04,2019,STL,SFG,8,9,0,-130.0,120.0
2019-09-04,2019,ARI,SDP,4,1,1,-138.0,128.0
2019-09-04,2019,LAD,COL,7,3,1,-300.0,260.0
2019-09-04,2019,NYY,TEX,4,1,1,-160.0,150.0
2019-09-04,2019,CLE,CHW,8,6,1,-290.0,250.0
2019-09-04,2019,BOS,MIN,6,2,1,-152.0,142.0
2019-09-04,2019,KCR,DET,5,4,1,-220.0,200.0
2019-09-04,2019,ATH,LAA,4,0,1,-158.0,148.0
2019-09-05,2019,CIN,PHI,4,3,1,-144.0,134.0
2019-09-05,2019,STL,SFG,10,0,1,-190.0,175.0
2019-09-05,2019,PIT,MIA,7,10,0,-145.0,135.0
2019-09-05,2019,MIL,CHC,5,10,0,110.0,-120.0
2019-09-05,2019,ATL,WSN,4,2,1,-101.0,-109.0
2019-09-05,2019,CLE,CHW,1,7,0,-180.0,165.0
2019-09-05,2019,KCR,DET,4,6,0,-110.0,100.0
2019-09-05,2019,ATH,LAA,10,6,1,-160.0,150.0
2019-09-05,2019,BAL,TEX,1,3,0,-124.0,114.0
2019-09-05,2019,TBR,TOR,6,4,1,-170.0,160.0
2019-09-05,2019,BOS,MIN,1,2,0,-140.0,130.0
2019-09-05,2019,HOU,SEA,11,9,1,-260.0,230.0
2019-09-06,2019,PIT,STL,9,4,1,150.0,-160.0
2019-09-06,2019,CIN,ARI,5,7,0,108.0,-118.0
2019-09-06,2019,NYM,PHI,5,4,1,-152.0,142.0
2019-09-06,2019,ATL,WSN,4,3,1,-105.0,-105.0
2019-09-06,2019,MIL,CHC,7,1,1,102.0,-112.0
2019-09-06,2019,LAD,SFG,4,5,0,-310.0,270.0
2019-09-06,2019,SDP,COL,2,3,0,-168.0,158.0
2019-09-06,2019,BAL,TEX,6,7,0,-132.0,122.0
2019-09-06,2019,BOS,NYY,6,1,1,115.0,-125.0
2019-09-06,2019,TBR,TOR,5,0,1,-170.0,160.0
2019-09-06,2019,CHW,LAA,4,5,0,-149.0,139.0
2019-09-06,2019,MIN,CLE,2,6,0,-167.0,157.0
2019-09-06,2019,HOU,SEA,7,4,1,-240.0,210.0
2019-09-06,2019,ATH,DET,4,5,0,-320.0,280.0
2019-09-06,2019,MIA,KCR,0,3,0,-120.0,110.0
2019-09-07,2019,CIN,ARI,0,2,0,-155.0,145.0
2019-09-07,2019,PIT,STL,1,10,0,135.0,-145.0
2019-09-07,2019,MIL,CHC,3,2,1,112.0,-122.0
2019-09-07,2019,NYM,PHI,0,5,0,-156.0,146.0
2019-09-07,2019,ATL,WSN,5,4,1,-130.0,120.0
2019-09-07,2019,SDP,COL,3,0,1,-158.0,148.0
2019-09-07,2019,LAD,SFG,0,1,0,-240.0,210.0
2019-09-07,2019,BOS,NYY,1,5,0,110.0,-120.0
2019-09-07,2019,TBR,TOR,5,3,1,-260.0,230.0
2019-09-07,2019,BAL,TEX,4,9,0,-105.0,-105.0
2019-09-07,2019,MIN,CLE,5,3,1,-135.0,125.0
2019-09-07,2019,CHW,LAA,7,8,0,130.0,-140.0
2019-09-07,2019,HOU,SEA,2,1,1,-420.0,350.0
2019-09-07,2019,ATH,DET,10,2,1,-320.0,280.0
2019-09-07,2019,MIA,KCR,2,7,0,-106.0,-104.0
2019-09-08,2019,CIN,ARI,4,3,1,-126.0,116.0
2019-09-08,2019,NYM,PHI,7,10,0,-190.0,175.0
2019-09-08,2019,ATL,WSN,4,9,0,108.0,-118.0
2019-09-08,2019,PIT,STL,0,2,0,195.0,-215.0
2019-09-08,2019,MIL,CHC,8,5,1,-128.0,118.0
2019-09-08,2019,LAD,SFG,5,0,1,-240.0,210.0
2019-09-08,2019,SDP,COL,2,1,1,-141.0,131.0
2019-09-08,2019,BAL,TEX,4,10,0,125.0,-135.0
2019-09-08,2019,TBR,TOR,8,3,1,-210.0,190.0
2019-09-08,2019,CHW,LAA,5,1,1,100.0,-110.0
2019-09-08,2019,MIN,CLE,2,5,0,140.0,-150.0
2019-09-08,2019,HOU,SEA,21,1,1,-420.0,350.0
2019-09-08,2019,ATH,DET,3,1,1,-320.0,280.0
2019-09-08,2019,BOS,NYY,5,10,0,107.0,-117.0
2019-09-08,2019,MIA,KCR,9,0,1,-101.0,-109.0
2019-09-09,2019,PHI,ATL,2,7,0,-137.0,127.0
2019-09-09,2019,MIA,MIL,3,8,0,195.0,-215.0
2019-09-09,2019,NYM,ARI,3,1,1,-240.0,210.0
2019-09-09,2019,SFG,PIT,4,6,0,-174.0,162.0
2019-09-09,2019,SDP,CHC,2,10,0,140.0,-150.0
2019-09-09,2019,BOS,NYY,0,5,0,102.0,-112.0
2019-09-09,2019,HOU,ATH,15,0,1,-190.0,175.0
2019-09-09,2019,LAA,CLE,2,6,0,178.0,-196.0
2019-09-10,2019,PHI,ATL,6,5,1,163.0,-176.0
2019-09-10,2019,MIA,MIL,3,4,0,160.0,-170.0
2019-09-10,2019,NYM,ARI,3,2,1,-118.0,108.0
2019-09-10,2019,COL,STL,2,1,1,150.0,-160.0
2019-09-10,2019,SFG,PIT,5,4,1,-119.0,109.0
2019-09-10,2019,SDP,CHC,9,8,1,163.0,-176.0
2019-09-10,2019,DET,NYY,12,11,1,270.0,-310.0
2019-09-10,2019,TOR,BOS,4,3,1,135.0,-145.0
2019-09-10,2019,TEX,TBR,3,5,0,124.0,-134.0
2019-09-10,2019,CHW,KCR,7,3,1,-118.0,108.0
2019-09-10,2019,HOU,ATH,7,21,0,-156.0,146.0
2019-09-10,2019,LAA,CLE,0,8,0,140.0,-150.0
2019-09-10,2019,BAL,LAD,3,7,0,300.0,-350.0
2019-09-10,2019,MIN,WSN,5,0,1,-140.0,130.0
2019-09-10,2019,SEA,CIN,4,3,1,110.0,-120.0
2019-09-11,2019,PHI,ATL,1,3,0,137.0,-147.0
2019-09-11,2019,MIA,MIL,5,7,0,122.0,-132.0
2019-09-11,2019,NYM,ARI,9,0,1,-115.0,105.0
2019-09-11,2019,COL,STL,2,1,1,165.0,-180.0
2019-09-11,2019,SFG,PIT,3,6,0,-143.0,133.0
2019-09-11,2019,SDP,CHC,4,0,1,-110.0,100.0
2019-09-11,2019,TOR,BOS,8,0,1,120.0,-130.0
2019-09-11,2019,TEX,TBR,10,9,1,140.0,-150.0
2019-09-11,2019,LAA,CLE,3,4,0,142.0,-152.0
2019-09-11,2019,CHW,KCR,6,8,0,-154.0,144.0
2019-09-11,2019,HOU,ATH,3,5,0,-148.0,138.0
2019-09-11,2019,BAL,LAD,7,3,1,200.0,-220.0
2019-09-11,2019,MIN,WSN,2,6,0,138.0,-148.0
2019-09-11,2019,SEA,CIN,5,3,1,140.0,-150.0
2019-09-12,2019,MIA,MIL,2,3,0,125.0,-135.0
2019-09-12,2019,NYM,ARI,11,1,1,-147.0,137.0
2019-09-12,2019,COL,STL,3,10,0,170.0,-185.0
2019-09-12,2019,SDP,CHC,1,4,0,144.0,-154.0
2019-09-12,2019,SFG,PIT,2,4,0,-112.0,102.0
2019-09-12,2019,PHI,ATL,9,5,1,110.0,-120.0
2019-09-12,2019,DET,NYY,4,10,0,200.0,-220.0
2019-09-12,2019,CHW,KCR,3,6,0,-200.0,180.0
2019-09-12,2019,TOR,BOS,4,7,0,122.0,-132.0
2019-09-12,2019,TEX,TBR,6,4,1,146.0,-156.0
2019-09-12,2019,HOU,ATH,2,3,0,-290.0,250.0
2019-09-12,2019,BAL,LAD,2,4,0,200.0,-220.0
2019-09-12,2019,MIN,WSN,6,12,0,122.0,-132.0
2019-09-12,2019,SEA,CIN,5,11,0,110.0,-120.0
2019-09-12,2019,DET,NYY,4,6,0,240.0,-270.0
2019-09-13,2019,CHC,PIT,17,8,1,-200.0,180.0
2019-09-13,2019,WSN,ATL,0,5,0,-150.0,140.0
2019-09-13,2019,NYM,LAD,2,9,0,122.0,-132.0
2019-09-13,2019,STL,MIL,10,0,1,-128.0,118.0
2019-09-13,2019,COL,SDP,10,8,1,110.0,-120.0
2019-09-13,2019,ARI,CIN,3,4,0,103.0,-113.0
2019-09-13,2019,SFG,MIA,1,0,1,-160.0,150.0
2019-09-13,2019,TOR,NYY,6,5,1,175.0,-190.0
2019-09-13,2019,DET,BAL,2,6,0,-113.0,103.0
2019-09-13,2019,TEX,ATH,9,14,0,165.0,-180.0
2019-09-13,2019,KCR,HOU,1,4,0,320.0,-380.0
2019-09-13,2019,LAA,TBR,4,11,0,140.0,-150.0
2019-09-13,2019,SEA,CHW,7,9,0,-130.0,120.0
2019-09-14,2019,CHC,PIT,14,1,1,-280.0,245.0
2019-09-14,2019,WSN,ATL,1,10,0,-107.0,-103.0
2019-09-14,2019,NYM,LAD,3,0,1,-140.0,130.0
2019-09-14,2019,STL,MIL,2,5,0,-215.0,195.0
2019-09-14,2019,ARI,CIN,1,0,1,-126.0,116.0
2019-09-14,2019,COL,SDP,11,10,1,-106.0,-104.0
2019-09-14,2019,SFG,MIA,2,4,0,-250.0,220.0
2019-09-14,2019,TOR,NYY,3,13,0,200.0,-220.0
2019-09-14,2019,DET,BAL,8,4,1,-112.0,102.0
2019-09-14,2019,CLE,MIN,5,9,0,-138.0,128.0
2019-09-14,2019,KCR,HOU,1,6,0,290.0,-340.0
2019-09-14,2019,TEX,ATH,6,8,0,113.0,-123.0
2019-09-14,2019,LAA,TBR,1,3,0,175.0,-190.0
2019-09-14,2019,SEA,CHW,2,1,1,-104.0,-106.0
2019-09-14,2019,PHI,BOS,1,2,0,-120.0,110.0
2019-09-14,2019,CLE,MIN,0,2,0,-190.0,175.0
2019-09-15,2019,NYM,LAD,2,3,0,132.0,-142.0
2019-09-15,2019,WSN,ATL,7,0,1,106.0,-116.0
2019-09-15,2019,STL,MIL,6,7,0,-139.0,129.0
2019-09-15,2019,CHC,PIT,16,6,1,-250.0,220.0
2019-09-15,2019,COL,SDP,10,5,1,100.0,-110.0
2019-09-15,2019,SFG,MIA,2,1,1,-160.0,150.0
2019-09-15,2019,ARI,CIN,1,3,0,-158.0,148.0
2019-09-15,2019,TOR,NYY,6,4,1,195.0,-215.0
2019-09-15,2019,DET,BAL,2,8,0,136.0,-146.0
2019-09-15,2019,CLE,MIN,7,5,1,-200.0,180.0
2019-09-15,2019,KCR,HOU,3,12,0,195.0,-215.0
2019-09-15,2019,TEX,ATH,1,6,0,180.0,-200.0
2019-09-15,2019,LAA,TBR,6,4,1,163.0,-176.0
2019-09-15,2019,SEA,CHW,11,10,1,-117.0,107.0
2019-09-15,2019,PHI,BOS,3,6,0,-104.0,-106.0
2019-09-16,2019,MIL,SDP,5,1,1,-148.0,138.0
2019-09-16,2019,STL,WSN,4,2,1,130.0,-140.0
2019-09-16,2019,CHC,CIN,8,2,1,-168.0,158.0
2019-09-16,2019,COL,NYM,9,4,1,150.0,-160.0
2019-09-16,2019,ARI,MIA,7,5,1,-205.0,185.0
2019-09-16,2019,DET,BAL,5,2,1,135.0,-145.0
2019-09-16,2019,MIN,CHW,5,3,1,-240.0,210.0
2019-09-16,2019,ATH,KCR,5,6,0,-310.0,270.0
2019-09-17,2019,ATL,PHI,4,5,0,-185.0,170.0
2019-09-17,2019,MIL,SDP,3,1,1,-135.0,125.0
2019-09-17,2019,STL,WSN,2,6,0,-116.0,106.0
2019-09-17,2019,CHC,CIN,2,4,0,-155.0,145.0
2019-09-17,2019,COL,NYM,1,6,0,142.0,-152.0
2019-09-17,2019,ARI,MIA,6,12,0,-168.0,158.0
2019-09-17,2019,NYY,LAA,8,0,1,-360.0,310.0
2019-09-17,2019,BAL,TOR,5,8,0,126.0,-136.0
2019-09-17,2019,CLE,DET,7,2,1,-290.0,250.0
2019-09-17,2019,MIN,CHW,9,8,1,-205.0,185.0
2019-09-17,2019,HOU,TEX,4,1,1,-350.0,300.0
2019-09-17,2019,ATH,KCR,2,1,1,-260.0,230.0
2019-09-17,2019,PIT,SEA,0,6,0,-118.0,108.0
2019-09-17,2019,BOS,SFG,6,7,0,-205.0,185.0
2019-09-17,2019,LAD,TBR,7,5,1,-117.0,107.0
2019-09-18,2019,STL,WSN,5,1,1,147.0,-157.0
2019-09-18,2019,COL,NYM,4,7,0,155.0,-165.0
2019-09-18,2019,ARI,MIA,5,4,1,-152.0,142.0
2019-09-18,2019,ATL,PHI,1,4,0,-154.0,144.0
2019-09-18,2019,MIL,SDP,1,2,0,-160.0,150.0
2019-09-18,2019,CHC,CIN,2,3,0,-160.0,150.0
2019-09-18,2019,ATH,KCR,1,0,1,-270.0,240.0
2019-09-18,2019,NYY,LAA,2,3,0,-280.0,245.0
2019-09-18,2019,BAL,TOR,10,11,0,-102.0,-108.0
2019-09-18,2019,CLE,DET,2,1,1,-300.0,260.0
2019-09-18,2019,MIN,CHW,1,3,0,-270.0,240.0
2019-09-18,2019,HOU,TEX,3,2,1,-500.0,400.0
2019-09-18,2019,PIT,SEA,1,4,0,-104.0,-106.0
2019-09-18,2019,BOS,SFG,3,11,0,-160.0,150.0
2019-09-18,2019,LAD,TBR,7,8,0,-130.0,120.0
2019-09-19,2019,ATL,PHI,5,4,1,-140.0,130.0
2019-09-19,2019,MIL,SDP,5,1,1,-174.0,162.0
2019-09-19,2019,CHC,STL,4,5,0,-105.0,-105.0
2019-09-19,2019,NYY,LAA,9,1,1,-230.0,205.0
2019-09-19,2019,BAL,TOR,4,8,0,118.0,-128.0
2019-09-19,2019,CLE,DET,7,0,1,-420.0,350.0
2019-09-19,2019,MIN,KCR,8,5,1,-250.0,220.0
2019-09-19,2019,PIT,SEA,5,6,0,-135.0,125.0
2019-09-19,2019,BOS,SFG,5,4,1,-147.0,137.0
2019-09-20,2019,CHC,STL,1,2,0,-130.0,120.0
2019-09-20,2019,CIN,NYM,1,8,0,160.0,-170.0
2019-09-20,2019,MIA,WSN,4,6,0,210.0,-240.0
2019-09-20,2019,ATL,SFG,6,0,1,-220.0,200.0
2019-09-20,2019,MIL,PIT,10,1,1,-205.0,185.0
2019-09-20,2019,SDP,ARI,0,9,0,-110.0,100.0
2019-09-20,2019,LAD,COL,12,5,1,-400.0,330.0
2019-09-20,2019,NYY,TOR,3,4,0,-180.0,165.0
2019-09-20,2019,BAL,SEA,5,3,1,100.0,-110.0
2019-09-20,2019,DET,CHW,1,10,0,127.0,-137.0
2019-09-20,2019,TBR,BOS,5,4,1,-174.0,162.0
2019-09-20,2019,MIN,KCR,4,3,1,-280.0,245.0
2019-09-20,2019,HOU,LAA,6,4,1,-360.0,310.0
2019-09-20,2019,ATH,TEX,8,0,1,-190.0,175.0
2019-09-20,2019,CLE,PHI,5,2,1,-190.0,175.0
2019-09-21,2019,CHC,STL,8,9,0,-135.0,125.0
2019-09-21,2019,CIN,NYM,3,2,1,140.0,-150.0
2019-09-21,2019,MIA,WSN,4,10,0,300.0,-350.0
2019-09-21,2019,MIL,PIT,10,1,1,-250.0,220.0
2019-09-21,2019,ATL,SFG,8,1,1,-145.0,135.0
2019-09-21,2019,SDP,ARI,2,4,0,111.0,-121.0
2019-09-21,2019,LAD,COL,2,4,0,-420.0,350.0
2019-09-21,2019,NYY,TOR,7,2,1,-350.0,300.0
2019-09-21,2019,DET,CHW,3,5,0,118.0,-128.0
2019-09-21,2019,TBR,BOS,5,4,1,-200.0,180.0
2019-09-21,2019,BAL,SEA,6,7,0,-102.0,-108.0
2019-09-21,2019,MIN,KCR,5,12,0,-340.0,290.0
2019-09-21,2019,HOU,LAA,4,8,0,-300.0,260.0
2019-09-21,2019,ATH,TEX,12,3,1,-320.0,280.0
2019-09-21,2019,CLE,PHI,4,9,0,-150.0,140.0
2019-09-22,2019,CIN,NYM,3,6,0,128.0,-138.0
2019-09-22,2019,MIA,WSN,5,3,1,175.0,-190.0
2019-09-22,2019,ATL,SFG,1,4,0,-200.0,180.0
2019-09-22,2019,MIL,PIT,4,3,1,-280.0,245.0
2019-09-22,2019,CHC,STL,2,3,0,-172.0,161.0
2019-09-22,2019,LAD,COL,7,4,1,-360.0,310.0
2019-09-22,2019,SDP,ARI,6,4,1,110.0,-120.0
2019-09-22,2019,NYY,TOR,8,3,1,-310.0,270.0
2019-09-22,2019,BAL,SEA,2,1,1,-121.0,111.0
2019-09-22,2019,DET,CHW,6,3,1,-105.0,-105.0
2019-09-22,2019,TBR,BOS,4,7,0,-157.0,147.0
2019-09-22,2019,MIN,KCR,12,8,1,-230.0,205.0
2019-09-22,2019,HOU,LAA,13,5,1,-550.0,425.0
2019-09-22,2019,ATH,TEX,3,8,0,-169.0,159.0
2019-09-22,2019,CLE,PHI,10,1,1,-127.0,117.0
2019-09-23,2019,WSN,PHI,7,2,1,-210.0,190.0
2019-09-23,2019,NYM,MIA,4,8,0,-260.0,230.0
2019-09-23,2019,ARI,STL,7,9,0,125.0,-135.0
2019-09-23,2019,TOR,BAL,11,10,1,-170.0,160.0
2019-09-23,2019,TBR,BOS,7,4,1,-200.0,180.0
2019-09-24,2019,WSN,PHI,4,1,1,-155.0,145.0
2019-09-24,2019,CIN,MIL,2,4,0,-110.0,100.0
2019-09-24,2019,PIT,CHC,9,2,1,175.0,-190.0
2019-09-24,2019,WSN,PHI,6,5,1,-220.0,200.0
2019-09-24,2019,NYM,MIA,5,4,1,-300.0,260.0
2019-09-24,2019,ARI,STL,3,2,1,180.0,-200.0
2019-09-24,2019,SFG,COL,5,8,0,-180.0,165.0
2019-09-24,2019,SDP,LAD,3,6,0,200.0,-220.0
2019-09-24,2019,DET,MIN,2,4,0,210.0,-240.0
2019-09-24,2019,TOR,BAL,4,11,0,-112.0,102.0
2019-09-24,2019,TBR,NYY,2,1,1,-123.0,113.0
2019-09-24,2019,TEX,BOS,10,12,0,200.0,-220.0
2019-09-24,2019,CHW,CLE,0,11,0,260.0,-300.0
2019-09-24,2019,LAA,ATH,3,2,1,220.0,-250.0
2019-09-24,2019,SEA,HOU,0,3,0,375.0,-450.0
2019-09-24,2019,KCR,ATL,9,6,1,150.0,-160.0
2019-09-25,2019,ARI,STL,9,7,1,-113.0,103.0
2019-09-25,2019,CIN,MIL,2,9,0,128.0,-138.0
2019-09-25,2019,PIT,CHC,4,2,1,190.0,-210.0
2019-09-25,2019,WSN,PHI,5,2,1,-160.0,150.0
2019-09-25,2019,NYM,MIA,10,3,1,-500.0,400.0
2019-09-25,2019,SFG,COL,2,1,1,-160.0,150.0
2019-09-25,2019,SDP,LAD,4,6,0,163.0,-176.0
2019-09-25,2019,DET,MIN,1,5,0,178.0,-196.0
2019-09-25,2019,TOR,BAL,3,2,1,-148.0,138.0
2019-09-25,2019,TBR,NYY,4,0,1,-145.0,135.0
2019-09-25,2019,TEX,BOS,3,10,0,112.0,-122.0
2019-09-25,2019,CHW,CLE,8,3,1,290.0,-340.0
2019-09-25,2019,LAA,ATH,2,3,0,205.0,-230.0
2019-09-25,2019,SEA,HOU,0,3,0,270.0,-310.0
2019-09-25,2019,KCR,ATL,2,10,0,125.0,-135.0
2019-09-26,2019,CIN,MIL,3,5,0,-116.0,106.0
2019-09-26,2019,SDP,LAD,0,1,0,175.0,-190.0
2019-09-26,2019,SFG,COL,8,3,1,-122.0,112.0
2019-09-26,2019,WSN,PHI,6,3,1,-270.0,240.0
2019-09-26,2019,PIT,CHC,9,5,1,-106.0,-104.0
2019-09-26,2019,NYM,MIA,2,4,0,-270.0,240.0
2019-09-26,2019,DET,MIN,4,10,0,123.0,-133.0
2019-09-26,2019,TEX,BOS,7,5,1,-126.0,116.0
2019-09-26,2019,CHW,CLE,8,0,1,163.0,-176.0
2019-09-26,2019,LAA,HOU,4,3,1,175.0,-190.0
2019-09-26,2019,SEA,ATH,1,3,0,210.0,-240.0
2019-09-27,2019,PHI,MIA,5,4,1,-185.0,170.0
2019-09-27,2019,PIT,CIN,6,5,1,145.0,-155.0
2019-09-27,2019,NYM,ATL,4,2,1,-105.0,-105.0
2019-09-27,2019,COL,MIL,11,7,1,142.0,-152.0
2019-09-27,2019,STL,CHC,2,8,0,-205.0,185.0
2019-09-27,2019,ARI,SDP,6,3,1,-127.0,117.0
2019-09-27,2019,SFG,LAD,2,9,0,180.0,-200.0
2019-09-27,2019,TOR,TBR,2,6,0,205.0,-230.0
2019-09-27,2019,BOS,BAL,1,4,0,-200.0,180.0
2019-09-27,2019,TEX,NYY,7,14,0,245.0,-280.0
2019-09-27,2019,KCR,MIN,2,6,0,210.0,-240.0
2019-09-27,2019,LAA,HOU,0,4,0,190.0,-210.0
2019-09-27,2019,SEA,ATH,4,3,1,180.0,-200.0
2019-09-27,2019,WSN,CLE,8,2,1,-140.0,130.0
2019-09-28,2019,SFG,LAD,0,2,0,185.0,-205.0
2019-09-28,2019,PHI,MIA,9,3,1,-180.0,165.0
2019-09-28,2019,PIT,CIN,2,4,0,128.0,-138.0
2019-09-28,2019,NYM,ATL,3,0,1,-110.0,100.0
2019-09-28,2019,STL,CHC,6,8,0,-190.0,175.0
2019-09-28,2019,ARI,SDP,6,5,1,-150.0,140.0
2019-09-28,2019,COL,MIL,3,2,1,150.0,-160.0
2019-09-28,2019,BOS,BAL,4,9,0,-152.0,142.0
2019-09-28,2019,TOR,TBR,4,1,1,175.0,-190.0
2019-09-28,2019,CHW,DET,3,4,0,-158.0,148.0
2019-09-28,2019,KCR,MIN,3,4,0,170.0,-185.0
2019-09-28,2019,TEX,NYY,9,4,1,245.0,-280.0
2019-09-28,2019,LAA,HOU,3,6,0,360.0,-430.0
2019-09-28,2019,SEA,ATH,0,1,0,165.0,-180.0
2019-09-28,2019,WSN,CLE,10,7,1,-270.0,240.0
2019-09-28,2019,CHW,DET,7,1,1,-122.0,112.0
2019-09-29,2019,SFG,LAD,0,9,0,155.0,-165.0
2019-09-29,2019,PHI,MIA,3,4,0,-165.0,155.0
2019-09-29,2019,PIT,CIN,1,3,0,105.0,-115.0
2019-09-29,2019,COL,MIL,4,3,1,170.0,-185.0
2019-09-29,2019,NYM,ATL,7,6,1,-115.0,105.0
2019-09-29,2019,ARI,SDP,1,0,1,-130.0,120.0
2019-09-29,2019,STL,CHC,9,0,1,-300.0,260.0
2019-09-29,2019,TEX,NYY,6,1,1,129.0,-139.0
2019-09-29,2019,BOS,BAL,5,4,1,-300.0,260.0
2019-09-29,2019,TOR,TBR,8,3,1,195.0,-215.0
2019-09-29,2019,LAA,HOU,5,8,0,340.0,-410.0
2019-09-29,2019,SEA,ATH,3,1,1,130.0,-140.0
2019-09-29,2019,CHW,DET,5,3,1,-150.0,140.0
2019-09-29,2019,KCR,MIN,5,4,1,125.0,-135.0
2019-09-29,2019,WSN,CLE,8,2,1,155.0,-165.0
2019-10-01,2019,WSN,MIL,4,3,1,-170.0,160.0
2019-10-02,2019,ATH,TBR,1,5,0,-125.0,115.0
2019-10-03,2019,ATL,STL,6,7,0,-148.0,138.0
2019-10-03,2019,LAD,WSN,6,0,1,-174.0,162.0
2019-10-04,2019,ATL,STL,3,0,1,101.0,-111.0
2019-10-04,2019,LAD,WSN,2,4,0,-158.0,148.0
2019-10-04,2019,NYY,MIN,10,4,1,-190.0,175.0
2019-10-04,2019,HOU,TBR,6,2,1,-250.0,220.0
2019-10-05,2019,NYY,MIN,8,2,1,-180.0,165.0
2019-10-05,2019,HOU,TBR,3,1,1,-280.0,245.0
2019-10-06,2019,WSN,LAD,4,10,0,150.0,-160.0
2019-10-06,2019,STL,ATL,1,3,0,110.0,-120.0
2019-10-07,2019,STL,ATL,5,4,1,-111.0,101.0
2019-10-07,2019,WSN,LAD,6,1,1,-120.0,110.0
2019-10-07,2019,TBR,HOU,10,3,1,105.0,-115.0
2019-10-07,2019,MIN,NYY,1,5,0,130.0,-140.0
2019-10-08,2019,TBR,HOU,4,1,1,210.0,-240.0
2019-10-09,2019,ATL,STL,1,13,0,-106.0,-104.0
2019-10-09,2019,LAD,WSN,3,7,0,-167.0,157.0
2019-10-10,2019,HOU,TBR,6,1,1,-280.0,245.0
2019-10-11,2019,STL,WSN,0,2,0,-142.0,128.0
2019-10-12,2019,HOU,NYY,0,7,0,-145.0,135.0
2019-10-12,2019,STL,WSN,1,3,0,118.0,-128.0
2019-10-13,2019,HOU,NYY,3,2,1,-174.0,162.0
2019-10-14,2019,WSN,STL,8,1,1,-126.0,116.0
2019-10-15,2019,NYY,HOU,1,4,0,145.0,-155.0
2019-10-15,2019,WSN,STL,7,4,1,-160.0,150.0
2019-10-17,2019,NYY,HOU,3,8,0,-133.0,123.0
2019-10-18,2019,NYY,HOU,4,1,1,130.0,-140.0
2019-10-19,2019,HOU,NYY,6,4,1,-118.0,108.0
2019-10-22,2019,HOU,WSN,4,5,0,-200.0,180.0
2019-10-23,2019,HOU,WSN,3,12,0,-172.0,161.0
2019-10-25,2019,WSN,HOU,1,4,0,140.0,-150.0
2019-10-26,2019,WSN,HOU,1,8,0,-108.0,-102.0
2019-10-27,2019,WSN,HOU,1,7,0,190.0,-210.0
2019-10-29,2019,HOU,WSN,2,7,0,-176.0,163.0
2019-10-30,2019,HOU,WSN,2,6,0,-138.0,128.0
2020-07-23,2020,WSN,NYY,1,4,0,160.0,-170.0
2020-07-23,2020,LAD,SFG,8,1,1,-290.0,250.0
2020-07-24,2020,NYM,ATL,1,0,1,-167.0,157.0
2020-07-24,2020,CIN,DET,7,1,1,-176.0,163.0
2020-07-24,2020,TBR,TOR,4,6,0,-145.0,135.0
2020-07-24,2020,PHI,MIA,2,5,0,-205.0,185.0
2020-07-24,2020,CLE,KCR,2,0,1,-225.0,205.0
2020-07-24,2020,CHC,MIL,3,0,1,-115.0,105.0
2020-07-24,2020,BOS,BAL,13,2,1,-215.0,195.0
2020-07-24,2020,TEX,COL,1,0,1,-105.0,-105.0
2020-07-24,2020,CHW,MIN,5,10,0,107.0,-117.0
2020-07-24,2020,STL,PIT,5,4,1,-180.0,165.0
2020-07-24,2020,HOU,SEA,8,2,1,-290.0,250.0
2020-07-24,2020,SDP,ARI,7,2,1,-140.0,130.0
2020-07-24,2020,LAD,SFG,9,1,1,-330.0,285.0
2020-07-24,2020,ATH,LAA,7,3,1,-146.0,136.0
2020-07-25,2020,CHC,MIL,3,8,0,-150.0,140.0
2020-07-25,2020,BOS,BAL,2,7,0,-200.0,180.0
2020-07-25,2020,CHW,MIN,10,3,1,100.0,-110.0
2020-07-25,2020,STL,PIT,9,1,1,-151.0,141.0
2020-07-25,2020,TBR,TOR,4,1,1,-145.0,135.0
2020-07-25,2020,PHI,MIA,7,1,1,-185.0,170.0
2020-07-25,2020,TEX,COL,2,3,0,-120.0,110.0
2020-07-25,2020,HOU,SEA,7,2,1,-300.0,260.0
2020-07-25,2020,ATH,LAA,1,4,0,-124.0,114.0
2020-07-25,2020,LAD,SFG,4,5,0,-380.0,320.0
2020-07-25,2020,NYM,ATL,3,5,0,106.0,-116.0
2020-07-25,2020,CIN,DET,4,6,0,-280.0,245.0
2020-07-25,2020,CLE,KCR,2,3,0,-260.0,230.0
2020-07-25,2020,WSN,NYY,9,2,1,200.0,-220.0
2020-07-25,2020,SDP,ARI,5,1,1,-128.0,118.0
2020-07-26,2020,PHI,MIA,6,11,0,-205.0,185.0
2020-07-26,2020,WSN,NYY,2,3,0,110.0,-120.0
2020-07-26,2020,TBR,TOR,6,5,1,-185.0,170.0
2020-07-26,2020,CIN,DET,2,3,0,-194.0,177.0
2020-07-26,2020,CLE,KCR,9,2,1,-220.0,200.0
2020-07-26,2020,BOS,BAL,4,7,0,-196.0,178.0
2020-07-26,2020,CHW,MIN,2,14,0,140.0,-150.0
2020-07-26,2020,HOU,SEA,6,7,0,-265.0,235.0
2020-07-26,2020,STL,PIT,1,5,0,-140.0,130.0
2020-07-26,2020,CHC,MIL,9,1,1,-105.0,-105.0
2020-07-26,2020,TEX,COL,2,5,0,-140.0,130.0
2020-07-26,2020,ATH,LAA,6,4,1,-110.0,100.0
2020-07-26,2020,SDP,ARI,3,4,0,-125.0,115.0
2020-07-26,2020,NYM,ATL,1,14,0,-105.0,-105.0
2020-07-26,2020,LAD,SFG,1,3,0,-310.0,270.0
2020-07-27,2020,ATH,LAA,3,0,1,-120.0,110.0
2020-07-27,2020,SDP,ARI,6,2,1,-117.0,107.0
2020-07-27,2020,WSN,TOR,1,4,0,-120.0,110.0
2020-07-27,2020,CIN,CHC,7,8,0,105.0,-115.0
2020-07-27,2020,TBR,ATL,14,5,1,-140.0,130.0
2020-07-27,2020,PIT,MIL,5,6,0,158.0,-168.0
2020-07-27,2020,HOU,SEA,8,5,1,-240.0,210.0
2020-07-27,2020,DET,KCR,6,14,0,-117.0,107.0
2020-07-27,2020,BOS,NYM,4,7,0,103.0,-113.0
2020-07-28,2020,WSN,TOR,1,5,0,-139.0,129.0
2020-07-28,2020,TBR,ATL,5,2,1,-130.0,120.0
2020-07-28,2020,CIN,CHC,5,8,0,-129.0,119.0
2020-07-28,2020,PIT,MIL,8,6,1,165.0,-180.0
2020-07-28,2020,CLE,CHW,5,3,1,-128.0,118.0
2020-07-28,2020,DET,KCR,4,3,1,-105.0,-105.0
2020-07-28,2020,BOS,NYM,3,8,0,102.0,-112.0
2020-07-28,2020,MIN,STL,6,3,1,-142.0,132.0
2020-07-28,2020,TEX,ARI,1,4,0,-104.0,-106.0
2020-07-28,2020,HOU,LAD,2,5,0,134.0,-144.0
2020-07-28,2020,LAA,SEA,10,2,1,-185.0,170.0
2020-07-28,2020,ATH,COL,3,8,0,-158.0,148.0
2020-07-28,2020,SFG,SDP,3,5,0,138.0,-148.0
2020-07-28,2020,CLE,CHW,4,3,1,-129.0,119.0
2020-07-29,2020,ATH,COL,1,5,0,-137.0,127.0
2020-07-29,2020,TEX,ARI,7,4,1,-120.0,110.0
2020-07-29,2020,CLE,CHW,0,4,0,104.0,-114.0
2020-07-29,2020,TOR,WSN,0,4,0,162.0,-174.0
2020-07-29,2020,CIN,CHC,12,7,1,-110.0,100.0
2020-07-29,2020,PIT,MIL,0,3,0,133.0,-143.0
2020-07-29,2020,HOU,LAD,2,4,0,130.0,-140.0
2020-07-29,2020,NYM,BOS,5,6,0,-200.0,180.0
2020-07-29,2020,ATL,TBR,7,4,1,-125.0,115.0
2020-07-29,2020,DET,KCR,5,4,1,-120.0,110.0
2020-07-29,2020,MIN,STL,3,0,1,-156.0,146.0
2020-07-29,2020,SFG,SDP,7,6,1,165.0,-180.0
2020-07-29,2020,LAA,SEA,7,10,0,-270.0,240.0
2020-07-29,2020,BAL,NYY,3,9,0,310.0,-360.0
2020-07-30,2020,TOR,WSN,4,6,0,-150.0,140.0
2020-07-30,2020,DET,KCR,3,5,0,139.0,-149.0
2020-07-30,2020,ATL,TBR,2,1,1,-149.0,139.0
2020-07-30,2020,NYM,BOS,2,4,0,-162.0,152.0
2020-07-30,2020,MIN,CLE,0,2,0,-123.0,113.0
2020-07-30,2020,ARI,LAD,3,6,0,147.0,-157.0
2020-07-30,2020,LAA,SEA,5,8,0,-175.0,163.0
2020-07-30,2020,SFG,SDP,7,12,0,150.0,-160.0
2020-07-30,2020,BAL,NYY,6,8,0,210.0,-240.0
2020-07-31,2020,BAL,TBR,6,3,1,173.0,-188.0
2020-07-31,2020,NYY,BOS,5,1,1,-180.0,165.0
2020-07-31,2020,DET,CIN,7,2,1,160.0,-170.0
2020-07-31,2020,ATL,NYM,11,10,1,-127.0,117.0
2020-07-31,2020,KCR,CHW,2,3,0,150.0,-160.0
2020-07-31,2020,MIN,CLE,4,1,1,104.0,-114.0
2020-07-31,2020,COL,SDP,7,8,0,-102.0,-108.0
2020-07-31,2020,CHC,PIT,6,3,1,-200.0,180.0
2020-07-31,2020,LAA,HOU,6,9,0,165.0,-180.0
2020-07-31,2020,SFG,TEX,9,2,1,112.0,-122.0
2020-07-31,2020,ARI,LAD,5,3,1,112.0,-122.0
2020-07-31,2020,SEA,ATH,5,3,1,177.0,-194.0
2020-08-01,2020,KCR,CHW,5,11,0,125.0,-135.0
2020-08-01,2020,BAL,TBR,5,4,1,210.0,-240.0
2020-08-01,2020,MIN,CLE,3,0,1,-126.0,116.0
2020-08-01,2020,ATL,NYM,7,1,1,-113.0,103.0
2020-08-01,2020,LAA,HOU,5,4,1,135.0,-145.0
2020-08-01,2020,NYY,BOS,5,2,1,-185.0,170.0
2020-08-01,2020,ARI,LAD,2,11,0,145.0,-155.0
2020-08-01,2020,COL,SDP,6,1,1,100.0,-110.0
2020-08-01,2020,CHC,PIT,4,3,1,-180.0,165.0
2020-08-01,2020,SEA,ATH,2,3,0,138.0,-148.0
2020-08-01,2020,SFG,TEX,7,3,1,-123.0,113.0
2020-08-02,2020,BAL,TBR,5,1,1,180.0,-200.0
2020-08-02,2020,DET,CIN,3,4,0,140.0,-150.0
2020-08-02,2020,ATL,NYM,4,0,1,-115.0,105.0
2020-08-02,2020,KCR,CHW,2,9,0,110.0,-120.0
2020-08-02,2020,MIN,CLE,3,1,1,-114.0,104.0
2020-08-02,2020,CHC,PIT,2,1,1,-180.0,165.0
2020-08-02,2020,COL,SDP,9,6,1,107.0,-117.0
2020-08-02,2020,SFG,TEX,5,9,0,-110.0,100.0
2020-08-02,2020,LAA,HOU,5,6,0,135.0,-145.0
2020-08-02,2020,ARI,LAD,0,3,0,170.0,-185.0
2020-08-02,2020,SEA,ATH,2,3,0,150.0,-160.0
2020-08-02,2020,NYY,BOS,9,7,1,-220.0,200.0
2020-08-02,2020,DET,CIN,0,4,0,163.0,-176.0
2020-08-03,2020,CIN,CLE,3,2,1,-154.0,144.0
2020-08-03,2020,ATL,NYM,2,7,0,116.0,-126.0
2020-08-03,2020,MIN,PIT,5,4,1,-200.0,180.0
2020-08-03,2020,MIL,CHW,4,6,0,-116.0,106.0
2020-08-03,2020,CHC,KCR,2,0,1,-149.0,139.0
2020-08-03,2020,COL,SFG,7,6,1,-125.0,115.0
2020-08-03,2020,SEA,ATH,1,11,0,170.0,-185.0
2020-08-03,2020,SDP,LAD,5,4,1,123.0,-133.0
2020-08-03,2020,NYY,PHI,6,3,1,-280.0,245.0
2020-08-04,2020,MIN,PIT,7,3,1,-194.0,177.0
2020-08-04,2020,CIN,CLE,2,4,0,150.0,-160.0
2020-08-04,2020,TBR,BOS,5,1,1,-135.0,125.0
2020-08-04,2020,WSN,NYM,5,3,1,-160.0,150.0
2020-08-04,2020,ATL,TOR,10,1,1,-176.0,163.0
2020-08-04,2020,MIL,CHW,2,3,0,-124.0,114.0
2020-08-04,2020,CHC,KCR,5,4,1,-215.0,195.0
2020-08-04,2020,COL,SFG,5,2,1,-170.0,160.0
2020-08-04,2020,ATH,TEX,5,1,1,-160.0,150.0
2020-08-04,2020,SDP,LAD,2,5,0,106.0,-116.0
2020-08-04,2020,ARI,HOU,2,8,0,120.0,-130.0
2020-08-04,2020,SEA,LAA,3,5,0,170.0,-185.0
2020-08-04,2020,BAL,MIA,0,4,0,-115.0,105.0
2020-08-05,2020,WSN,NYM,1,3,0,-215.0,195.0
2020-08-05,2020,TBR,BOS,0,5,0,-140.0,130.0
2020-08-05,2020,PIT,MIN,2,5,0,153.0,-163.0
2020-08-05,2020,CLE,CIN,2,0,1,-162.0,152.0
2020-08-05,2020,ATL,TOR,1,2,0,-118.0,108.0
2020-08-05,2020,KCR,CHC,1,6,0,179.0,-198.0
2020-08-05,2020,CHW,MIL,0,1,0,-132.0,122.0
2020-08-05,2020,COL,SFG,3,4,0,-168.0,158.0
2020-08-05,2020,ATH,TEX,6,4,1,-163.0,153.0
2020-08-05,2020,SDP,LAD,6,7,0,115.0,-125.0
2020-08-05,2020,ARI,HOU,14,7,1,135.0,-145.0
2020-08-05,2020,SEA,LAA,7,6,1,109.0,-119.0
2020-08-05,2020,NYY,PHI,7,11,0,-115.0,105.0
2020-08-05,2020,PHI,NYY,1,3,0,130.0,-140.0
2020-08-05,2020,BAL,MIA,0,1,0,-114.0,104.0
2020-08-05,2020,MIA,BAL,2,1,1,-110.0,100.0
2020-08-06,2020,PIT,MIN,6,5,1,195.0,-215.0
2020-08-06,2020,COL,SFG,6,4,1,-162.0,152.0
2020-08-06,2020,ATH,TEX,6,4,1,-160.0,150.0
2020-08-06,2020,SEA,LAA,1,6,0,145.0,-155.0
2020-08-06,2020,CLE,CIN,13,0,1,-113.0,103.0
2020-08-06,2020,ATL,TOR,4,3,1,-120.0,110.0
2020-08-06,2020,KCR,CHC,13,2,1,155.0,-165.0
2020-08-06,2020,ARI,HOU,5,4,1,-115.0,105.0
2020-08-06,2020,CHW,MIL,3,8,0,-110.0,100.0
2020-08-06,2020,PHI,NYY,5,4,1,126.0,-136.0
2020-08-06,2020,MIA,BAL,8,7,1,-118.0,108.0
2020-08-07,2020,WSN,BAL,0,11,0,-178.0,164.0
2020-08-07,2020,TBR,NYY,1,0,1,-105.0,-105.0
2020-08-07,2020,PIT,DET,13,17,0,-103.0,-107.0
2020-08-07,2020,NYM,MIA,3,4,0,-190.0,175.0
2020-08-07,2020,BOS,TOR,5,3,1,-103.0,-107.0
2020-08-07,2020,KCR,MIN,3,2,1,125.0,-135.0
2020-08-07,2020,CHW,CLE,2,0,1,123.0,-133.0
2020-08-07,2020,MIL,CIN,3,8,0,-104.0,-106.0
2020-08-07,2020,TEX,LAA,4,3,1,161.0,-172.0
2020-08-07,2020,SDP,ARI,3,0,1,-121.0,111.0
2020-08-07,2020,ATH,HOU,3,2,1,-122.0,112.0
2020-08-07,2020,SEA,COL,4,8,0,-123.0,113.0
2020-08-07,2020,LAD,SFG,7,2,1,-275.0,245.0
2020-08-08,2020,CHW,CLE,1,7,0,122.0,-132.0
2020-08-08,2020,PIT,DET,5,11,0,-132.0,122.0
2020-08-08,2020,ATH,HOU,3,1,1,-174.0,162.0
2020-08-08,2020,PHI,ATL,5,0,1,-114.0,104.0
2020-08-08,2020,WSN,BAL,3,5,0,-185.0,170.0
2020-08-08,2020,TBR,NYY,5,3,1,115.0,-125.0
2020-08-08,2020,KCR,MIN,9,6,1,143.0,-153.0
2020-08-08,2020,TEX,LAA,2,0,1,126.0,-136.0
2020-08-08,2020,MIL,CIN,1,4,0,-116.0,106.0
2020-08-08,2020,NYM,MIA,8,4,1,-165.0,155.0
2020-08-08,2020,BOS,TOR,1,2,0,-125.0,115.0
2020-08-08,2020,SDP,ARI,2,3,0,-180.0,165.0
2020-08-08,2020,SEA,COL,0,5,0,-114.0,104.0
2020-08-08,2020,LAD,SFG,4,5,0,-310.0,270.0
2020-08-08,2020,TBR,NYY,4,8,0,136.0,-146.0
2020-08-09,2020,WSN,BAL,2,5,0,-220.0,200.0
2020-08-09,2020,PHI,ATL,2,5,0,-102.0,-108.0
2020-08-09,2020,TBR,NYY,4,3,1,-110.0,100.0
2020-08-09,2020,NYM,MIA,4,2,1,-245.0,215.0
2020-08-09,2020,PIT,DET,1,2,0,130.0,-140.0
2020-08-09,2020,BOS,TOR,5,3,1,-155.0,145.0
2020-08-09,2020,KCR,MIN,4,2,1,145.0,-155.0
2020-08-09,2020,CHW,CLE,4,5,0,150.0,-160.0
2020-08-09,2020,MIL,CIN,9,3,1,-117.0,107.0
2020-08-09,2020,TEX,LAA,7,3,1,104.0,-114.0
2020-08-09,2020,SEA,COL,5,3,1,137.0,-147.0
2020-08-09,2020,LAD,SFG,6,2,1,-250.0,220.0
2020-08-09,2020,SDP,ARI,9,5,1,-180.0,165.0
2020-08-09,2020,ATH,HOU,7,2,1,-148.0,138.0
2020-08-09,2020,PHI,ATL,0,8,0,135.0,-145.0
2020-08-10,2020,PHI,ATL,13,8,1,-140.0,130.0
2020-08-10,2020,DET,CHW,5,1,1,120.0,-130.0
2020-08-10,2020,NYM,WSN,4,16,0,110.0,-120.0
2020-08-10,2020,BOS,TBR,7,8,0,115.0,-125.0
2020-08-10,2020,MIL,MIN,2,4,0,-110.0,100.0
2020-08-10,2020,COL,ARI,8,12,0,-127.0,117.0
2020-08-10,2020,TEX,SEA,2,10,0,-180.0,165.0
2020-08-10,2020,HOU,SFG,6,4,1,-210.0,190.0
2020-08-10,2020,LAA,ATH,10,9,1,112.0,-122.0
2020-08-10,2020,LAD,SDP,1,2,0,-205.0,185.0
2020-08-11,2020,TOR,MIA,5,4,1,-154.0,144.0
2020-08-11,2020,CIN,KCR,6,5,1,-172.0,161.0
2020-08-11,2020,NYY,ATL,9,6,1,-137.0,127.0
2020-08-11,2020,PHI,BAL,9,10,0,-180.0,165.0
2020-08-11,2020,CLE,CHC,1,7,0,-102.0,-108.0
2020-08-11,2020,DET,CHW,4,8,0,112.0,-122.0
2020-08-11,2020,NYM,WSN,1,2,0,145.0,-155.0
2020-08-11,2020,BOS,TBR,2,8,0,103.0,-113.0
2020-08-11,2020,MIL,MIN,6,4,1,-114.0,104.0
2020-08-11,2020,COL,ARI,8,7,1,104.0,-114.0
2020-08-11,2020,TEX,SEA,4,2,1,-130.0,120.0
2020-08-11,2020,HOU,SFG,6,7,0,-167.0,157.0
2020-08-11,2020,LAA,ATH,6,0,1,-155.0,145.0
2020-08-11,2020,LAD,SDP,2,6,0,-158.0,148.0
2020-08-12,2020,DET,CHW,5,7,0,123.0,-133.0
2020-08-12,2020,COL,ARI,7,13,0,-101.0,-109.0
2020-08-12,2020,LAA,ATH,4,8,0,-101.0,-109.0
2020-08-12,2020,CLE,CHC,2,7,0,-120.0,110.0
2020-08-12,2020,TOR,MIA,11,14,0,-158.0,148.0
2020-08-12,2020,CIN,KCR,4,5,0,-115.0,105.0
2020-08-12,2020,NYY,ATL,6,3,1,-165.0,155.0
2020-08-12,2020,PHI,BAL,4,5,0,-185.0,170.0
2020-08-12,2020,NYM,WSN,11,6,1,-127.0,117.0
2020-08-12,2020,MIL,MIN,2,12,0,125.0,-135.0
2020-08-12,2020,HOU,SFG,5,1,1,-194.0,177.0
2020-08-12,2020,BOS,TBR,5,9,0,133.0,-143.0
2020-08-12,2020,TEX,SEA,7,4,1,-118.0,108.0
2020-08-12,2020,LAD,SDP,6,0,1,-168.0,158.0
2020-08-13,2020,NYM,WSN,8,2,1,-127.0,117.0
2020-08-13,2020,CHC,MIL,4,2,1,-165.0,155.0
2020-08-13,2020,PHI,BAL,4,11,0,-200.0,180.0
2020-08-13,2020,BOS,TBR,8,17,0,149.0,-159.0
2020-08-13,2020,CIN,PIT,6,9,0,-167.0,157.0
2020-08-13,2020,LAD,SDP,11,2,1,-147.0,137.0
2020-08-14,2020,TOR,TBR,12,4,1,130.0,-140.0
2020-08-14,2020,BAL,WSN,3,15,0,152.0,-162.0
2020-08-14,2020,NYY,BOS,10,3,1,-300.0,260.0
2020-08-14,2020,PHI,NYM,6,5,1,-125.0,115.0
2020-08-14,2020,DET,CLE,5,10,0,180.0,-200.0
2020-08-14,2020,CIN,PIT,8,1,1,-205.0,185.0
2020-08-14,2020,MIA,ATL,8,2,1,-106.0,-104.0
2020-08-14,2020,CHC,MIL,3,4,0,115.0,-125.0
2020-08-14,2020,COL,TEX,2,3,0,119.0,-129.0
2020-08-14,2020,HOU,SEA,11,1,1,-250.0,220.0
2020-08-14,2020,LAA,LAD,4,7,0,158.0,-168.0
2020-08-14,2020,ARI,SDP,5,1,1,138.0,-148.0
2020-08-14,2020,SFG,ATH,7,8,0,180.0,-200.0
2020-08-15,2020,CHW,STL,3,6,0,-142.0,132.0
2020-08-15,2020,PHI,NYM,6,2,1,-165.0,155.0
2020-08-15,2020,DET,CLE,1,3,0,165.0,-180.0
2020-08-15,2020,MIA,ATL,1,2,0,180.0,-200.0
2020-08-15,2020,BAL,WSN,7,3,1,162.0,-174.0
2020-08-15,2020,MIN,KCR,2,4,0,-185.0,170.0
2020-08-15,2020,HOU,SEA,2,1,1,-230.0,205.0
2020-08-15,2020,SFG,ATH,6,7,0,103.0,-113.0
2020-08-15,2020,NYY,BOS,11,5,1,-155.0,145.0
2020-08-15,2020,COL,TEX,4,6,0,-170.0,160.0
2020-08-15,2020,ARI,SDP,7,6,1,102.0,-112.0
2020-08-15,2020,CHC,MIL,5,6,0,-103.0,-107.0
2020-08-15,2020,LAA,LAD,5,6,0,135.0,-145.0
2020-08-15,2020,CHW,STL,1,5,0,-155.0,145.0
2020-08-15,2020,MIN,KCR,4,2,1,-180.0,165.0
2020-08-16,2020,BAL,WSN,5,6,0,162.0,-174.0
2020-08-16,2020,PHI,NYM,6,2,1,-142.0,132.0
2020-08-16,2020,DET,CLE,5,8,0,125.0,-135.0
2020-08-16,2020,MIA,ATL,0,4,0,115.0,-125.0
2020-08-16,2020,MIN,KCR,4,2,1,-176.0,163.0
2020-08-16,2020,CHW,STL,7,2,1,-145.0,135.0
2020-08-16,2020,HOU,SEA,3,2,1,-220.0,200.0
2020-08-16,2020,CHC,MIL,5,6,0,-123.0,113.0
2020-08-16,2020,TOR,TBR,5,7,0,107.0,-117.0
2020-08-16,2020,COL,TEX,10,6,1,-138.0,128.0
2020-08-16,2020,SFG,ATH,3,15,0,112.0,-122.0
2020-08-16,2020,LAA,LAD,3,8,0,175.0,-190.0
2020-08-16,2020,ARI,SDP,5,4,1,107.0,-117.0
2020-08-16,2020,NYY,BOS,4,2,1,-157.0,147.0
2020-08-17,2020,BAL,TOR,2,7,0,120.0,-130.0
2020-08-17,2020,NYY,BOS,6,3,1,-155.0,145.0
2020-08-17,2020,ATL,WSN,7,6,1,-160.0,150.0
2020-08-17,2020,MIA,NYM,4,11,0,145.0,-155.0
2020-08-17,2020,CHW,DET,7,2,1,-165.0,155.0
2020-08-17,2020,MIN,KCR,4,1,1,-170.0,160.0
2020-08-17,2020,CHC,STL,1,3,0,-160.0,150.0
2020-08-17,2020,TEX,SDP,4,14,0,130.0,-140.0
2020-08-17,2020,HOU,COL,2,1,1,-155.0,145.0
2020-08-17,2020,ARI,ATH,4,3,1,-112.0,102.0
2020-08-17,2020,LAA,SFG,7,6,1,-172.0,161.0
2020-08-17,2020,LAD,SEA,11,9,1,-315.0,275.0
2020-08-17,2020,STL,CHC,4,5,0,108.0,-118.0
2020-08-18,2020,HOU,COL,2,1,1,-190.0,175.0
2020-08-18,2020,TEX,SDP,4,6,0,106.0,-116.0
2020-08-18,2020,LAA,SFG,2,8,0,-240.0,210.0
2020-08-18,2020,ARI,ATH,10,1,1,139.0,-149.0
2020-08-18,2020,BAL,TOR,7,8,0,110.0,-120.0
2020-08-18,2020,NYY,TBR,3,6,0,113.0,-123.0
2020-08-18,2020,PIT,CLE,3,6,0,170.0,-185.0
2020-08-18,2020,MIA,NYM,3,8,0,145.0,-155.0
2020-08-18,2020,ATL,WSN,5,8,0,-128.0,118.0
2020-08-18,2020,LAD,SEA,2,1,1,-240.0,210.0
2020-08-18,2020,BOS,PHI,6,13,0,120.0,-130.0
2020-08-18,2020,MIN,MIL,4,3,1,-145.0,135.0
2020-08-18,2020,CHW,DET,10,4,1,-162.0,152.0
2020-08-18,2020,CHC,STL,6,3,1,-176.0,163.0
2020-08-19,2020,NYY,TBR,2,4,0,-182.0,167.0
2020-08-19,2020,BAL,TOR,2,5,0,-119.0,109.0
2020-08-19,2020,PIT,CLE,1,6,0,170.0,-185.0
2020-08-19,2020,MIA,NYM,3,5,0,190.0,-210.0
2020-08-19,2020,BOS,PHI,6,3,1,156.0,-166.0
2020-08-19,2020,KCR,CIN,0,5,0,185.0,-205.0
2020-08-19,2020,MIN,MIL,3,9,0,-153.0,143.0
2020-08-19,2020,CHW,DET,5,3,1,-154.0,144.0
2020-08-19,2020,CHC,STL,3,9,0,122.0,-132.0
2020-08-19,2020,COL,HOU,6,13,0,133.0,-143.0
2020-08-19,2020,SDP,TEX,6,3,1,-136.0,126.0
2020-08-19,2020,ATH,ARI,4,1,1,-160.0,150.0
2020-08-19,2020,SEA,LAD,6,4,1,210.0,-240.0
2020-08-19,2020,SFG,LAA,7,2,1,135.0,-145.0
2020-08-19,2020,STL,CHC,2,4,0,115.0,-125.0
2020-08-19,2020,KCR,CIN,4,0,1,133.0,-143.0
2020-08-20,2020,NYY,TBR,5,10,0,-139.0,129.0
2020-08-20,2020,CHW,DET,9,0,1,-160.0,150.0
2020-08-20,2020,COL,HOU,8,10,0,-124.0,114.0
2020-08-20,2020,BAL,BOS,1,7,0,135.0,-145.0
2020-08-20,2020,PIT,CLE,0,2,0,245.0,-280.0
2020-08-20,2020,SEA,LAD,1,6,0,285.0,-330.0
2020-08-20,2020,MIN,MIL,7,1,1,-105.0,-105.0
2020-08-20,2020,SDP,TEX,8,7,1,-200.0,180.0
2020-08-20,2020,STL,CIN,5,4,1,120.0,-130.0
2020-08-20,2020,ATH,ARI,5,1,1,-158.0,148.0
2020-08-20,2020,SFG,LAA,10,5,1,-125.0,115.0
2020-08-20,2020,TOR,PHI,3,2,1,105.0,-115.0
2020-08-20,2020,TOR,PHI,9,8,1,103.0,-113.0
2020-08-21,2020,WSN,MIA,2,3,0,-196.0,178.0
2020-08-21,2020,TBR,TOR,5,6,0,-153.0,143.0
2020-08-21,2020,BAL,BOS,5,8,0,110.0,-120.0
2020-08-21,2020,PIT,MIL,7,2,1,128.0,-138.0
2020-08-21,2020,CLE,DET,5,10,0,-200.0,180.0
2020-08-21,2020,ATL,PHI,11,2,1,-114.0,104.0
2020-08-21,2020,KCR,MIN,7,2,1,128.0,-138.0
2020-08-21,2020,CHC,CHW,1,10,0,-101.0,-109.0
2020-08-21,2020,STL,CIN,2,4,0,-115.0,105.0
2020-08-21,2020,SEA,TEX,7,4,1,110.0,-120.0
2020-08-21,2020,SDP,HOU,4,3,1,-116.0,106.0
2020-08-21,2020,ATH,LAA,5,3,1,101.0,-111.0
2020-08-21,2020,LAD,COL,5,1,1,-230.0,205.0
2020-08-21,2020,SFG,ARI,6,2,1,105.0,-115.0
2020-08-22,2020,PIT,MIL,12,5,1,150.0,-160.0
2020-08-22,2020,ATH,LAA,3,4,0,-147.0,137.0
2020-08-22,2020,WSN,MIA,5,4,1,-260.0,230.0
2020-08-22,2020,TBR,TOR,2,1,1,105.0,-115.0
2020-08-22,2020,BAL,BOS,5,4,1,103.0,-113.0
2020-08-22,2020,KCR,MIN,2,7,0,138.0,-148.0
2020-08-22,2020,CLE,DET,6,1,1,-165.0,155.0
2020-08-22,2020,ATL,PHI,6,5,1,103.0,-113.0
2020-08-22,2020,CHC,CHW,4,7,0,-180.0,165.0
2020-08-22,2020,STL,CIN,3,0,1,-136.0,126.0
2020-08-22,2020,SDP,HOU,13,2,1,-120.0,110.0
2020-08-22,2020,SEA,TEX,10,1,1,-137.0,127.0
2020-08-22,2020,LAD,COL,4,3,1,-220.0,200.0
2020-08-22,2020,SFG,ARI,5,1,1,150.0,-160.0
2020-08-22,2020,MIA,WSN,5,3,1,120.0,-130.0
2020-08-23,2020,WSN,MIA,9,3,1,-148.0,138.0
2020-08-23,2020,BAL,BOS,5,4,1,112.0,-122.0
2020-08-23,2020,CLE,DET,4,7,0,-260.0,230.0
2020-08-23,2020,TBR,TOR,5,4,1,-142.0,132.0
2020-08-23,2020,PIT,MIL,5,4,1,165.0,-180.0
2020-08-23,2020,KCR,MIN,4,5,0,130.0,-140.0
2020-08-23,2020,STL,CIN,6,2,1,-115.0,105.0
2020-08-23,2020,CHC,CHW,2,1,1,-176.0,163.0
2020-08-23,2020,ATH,LAA,5,4,1,-140.0,130.0
2020-08-23,2020,SEA,TEX,4,1,1,115.0,-125.0
2020-08-23,2020,SDP,HOU,5,3,1,108.0,-118.0
2020-08-23,2020,SFG,ARI,6,1,1,108.0,-118.0
2020-08-23,2020,ATL,PHI,4,5,0,-110.0,100.0
2020-08-23,2020,LAD,COL,11,3,1,-250.0,220.0
2020-08-24,2020,TBR,TOR,4,6,0,-220.0,200.0
2020-08-24,2020,WSN,MIA,8,11,0,-112.0,102.0
2020-08-24,2020,DET,CHC,3,9,0,112.0,-122.0
2020-08-24,2020,CLE,MIN,2,3,0,113.0,-123.0
2020-08-24,2020,MIL,CIN,4,2,1,137.0,-147.0
2020-08-24,2020,STL,KCR,9,3,1,-174.0,162.0
2020-08-24,2020,TEX,ATH,3,2,1,135.0,-145.0
2020-08-24,2020,HOU,LAA,11,4,1,-160.0,150.0
2020-08-24,2020,ARI,COL,2,3,0,-140.0,130.0
2020-08-25,2020,WSN,PHI,3,8,0,112.0,-122.0
2020-08-25,2020,TOR,BOS,7,9,0,-118.0,108.0
2020-08-25,2020,TBR,BAL,4,2,1,-210.0,190.0
2020-08-25,2020,CLE,MIN,4,2,1,-170.0,160.0
2020-08-25,2020,DET,CHC,7,1,1,126.0,-136.0
2020-08-25,2020,NYM,MIA,0,4,0,-190.0,175.0
2020-08-25,2020,CHW,PIT,4,0,1,-250.0,220.0
2020-08-25,2020,MIL,CIN,3,2,1,-113.0,103.0
2020-08-25,2020,STL,KCR,4,5,0,-188.0,173.0
2020-08-25,2020,TEX,ATH,3,10,0,145.0,-155.0
2020-08-25,2020,HOU,LAA,6,3,1,-142.0,132.0
2020-08-25,2020,SDP,SEA,3,8,0,-200.0,180.0
2020-08-25,2020,ARI,COL,4,5,0,101.0,-111.0
2020-08-25,2020,SFG,LAD,10,8,1,185.0,-205.0
2020-08-25,2020,MIA,NYM,3,0,1,175.0,-190.0
2020-08-25,2020,HOU,LAA,5,12,0,-140.0,130.0
2020-08-26,2020,CHW,PIT,10,3,1,-215.0,195.0
2020-08-26,2020,WSN,PHI,2,3,0,114.0,-124.0
2020-08-26,2020,TOR,BOS,9,1,1,-118.0,108.0
2020-08-26,2020,TBR,BAL,4,3,1,-163.0,153.0
2020-08-26,2020,CLE,MIN,6,3,1,-105.0,-105.0
2020-08-26,2020,DET,CHC,7,6,1,130.0,-140.0
2020-08-26,2020,ATL,NYY,2,1,1,-132.0,122.0
2020-08-26,2020,NYM,MIA,5,4,1,-270.0,240.0
2020-08-26,2020,STL,KCR,6,5,1,-165.0,155.0
2020-08-26,2020,TEX,ATH,1,3,0,123.0,-133.0
2020-08-26,2020,ARI,COL,7,8,0,-130.0,120.0
2020-08-26,2020,ATL,NYY,5,1,1,159.0,-169.0
2020-08-27,2020,SDP,SEA,10,7,1,-255.0,225.0
2020-08-27,2020,MIL,CIN,1,6,0,115.0,-125.0
2020-08-27,2020,SFG,LAD,0,7,0,215.0,-245.0
2020-08-27,2020,STL,PIT,3,4,0,-154.0,144.0
2020-08-27,2020,STL,PIT,0,2,0,-170.0,160.0
2020-08-27,2020,SDP,SEA,3,8,0,-190.0,175.0
2020-08-27,2020,SFG,LAD,0,2,0,148.0,-158.0
2020-08-27,2020,MIL,CIN,0,6,0,-162.0,152.0
2020-08-28,2020,TOR,BAL,5,4,1,-205.0,185.0
2020-08-28,2020,NYY,NYM,4,6,0,-130.0,120.0
2020-08-28,2020,PHI,ATL,7,4,1,-140.0,130.0
2020-08-28,2020,MIA,TBR,0,2,0,118.0,-128.0
2020-08-28,2020,CIN,CHC,6,5,1,134.0,-144.0
2020-08-28,2020,BOS,WSN,2,10,0,142.0,-152.0
2020-08-28,2020,CHW,KCR,6,5,1,-140.0,130.0
2020-08-28,2020,MIL,PIT,9,1,1,-210.0,190.0
2020-08-28,2020,STL,CLE,2,14,0,120.0,-130.0
2020-08-28,2020,COL,SDP,4,10,0,-110.0,100.0
2020-08-28,2020,TEX,LAD,6,2,1,200.0,-220.0
2020-08-28,2020,LAA,SEA,3,2,1,-205.0,185.0
2020-08-28,2020,ARI,SFG,7,4,1,-188.0,173.0
2020-08-28,2020,NYM,NYY,4,3,1,120.0,-130.0
2020-08-29,2020,NYY,NYM,2,1,1,-105.0,-105.0
2020-08-29,2020,STL,CLE,1,2,0,-133.0,123.0
2020-08-29,2020,PHI,ATL,4,1,1,-119.0,109.0
2020-08-29,2020,CHW,KCR,6,9,0,-156.0,146.0
2020-08-29,2020,MIA,TBR,0,4,0,-114.0,104.0
2020-08-29,2020,DET,MIN,8,2,1,138.0,-148.0
2020-08-29,2020,CIN,CHC,0,3,0,-101.0,-109.0
2020-08-29,2020,TOR,BAL,5,0,1,-150.0,140.0
2020-08-29,2020,TEX,LAD,4,7,0,145.0,-155.0
2020-08-29,2020,MIL,PIT,7,6,1,-190.0,175.0
2020-08-29,2020,HOU,ATH,6,3,1,-129.0,119.0
2020-08-29,2020,BOS,WSN,5,3,1,102.0,-112.0
2020-08-29,2020,COL,SDP,4,3,1,100.0,-110.0
2020-08-29,2020,ARI,SFG,2,5,0,-156.0,146.0
2020-08-29,2020,LAA,SEA,16,3,1,-185.0,170.0
2020-08-29,2020,CIN,CHC,6,5,1,-118.0,108.0
2020-08-29,2020,DET,MIN,4,2,1,139.0,-149.0
2020-08-29,2020,HOU,ATH,4,2,1,-110.0,100.0
2020-08-30,2020,NYY,NYM,8,7,1,101.0,-111.0
2020-08-30,2020,MIA,TBR,7,12,0,160.0,-170.0
2020-08-30,2020,CIN,CHC,1,10,0,-162.0,152.0
2020-08-30,2020,DET,MIN,3,2,1,190.0,-210.0
2020-08-30,2020,BOS,WSN,9,5,1,-112.0,102.0
2020-08-30,2020,CHW,KCR,5,2,1,-172.0,161.0
2020-08-30,2020,MIL,PIT,1,5,0,-270.0,240.0
2020-08-30,2020,STL,CLE,7,2,1,110.0,-120.0
2020-08-30,2020,TEX,LAD,2,7,0,200.0,-220.0
2020-08-30,2020,TOR,BAL,6,5,1,-145.0,135.0
2020-08-30,2020,COL,SDP,2,13,0,155.0,-165.0
2020-08-30,2020,LAA,SEA,1,2,0,-200.0,180.0
2020-08-30,2020,ARI,SFG,1,4,0,-120.0,110.0
2020-08-30,2020,PHI,ATL,10,12,0,104.0,-114.0
2020-08-30,2020,NYM,NYY,2,5,0,-145.0,135.0
2020-08-31,2020,TOR,BAL,3,4,0,-161.0,151.0
2020-08-31,2020,LAA,SEA,1,2,0,-150.0,140.0
2020-08-31,2020,CIN,STL,5,7,0,-110.0,100.0
2020-08-31,2020,NYY,TBR,3,5,0,-146.0,136.0
2020-08-31,2020,PHI,WSN,8,6,1,-138.0,128.0
2020-08-31,2020,BOS,ATL,3,6,0,178.0,-196.0
2020-08-31,2020,MIL,PIT,6,5,1,-200.0,180.0
2020-08-31,2020,KCR,CLE,2,1,1,210.0,-240.0
2020-08-31,2020,MIN,CHW,5,8,0,102.0,-112.0
2020-08-31,2020,COL,SDP,0,6,0,-112.0,102.0
2020-08-31,2020,NYM,MIA,3,5,0,-270.0,240.0
2020-09-01,2020,CIN,STL,2,16,0,-164.0,154.0
2020-09-01,2020,MIA,TOR,3,2,1,-122.0,112.0
2020-09-01,2020,PIT,CHC,7,8,0,153.0,-163.0
2020-09-01,2020,BAL,NYM,9,5,1,122.0,-132.0
2020-09-01,2020,NYY,TBR,5,3,1,-149.0,139.0
2020-09-01,2020,PHI,WSN,6,0,1,-148.0,138.0
2020-09-01,2020,BOS,ATL,3,10,0,158.0,-168.0
2020-09-01,2020,MIL,DET,1,12,0,-190.0,175.0
2020-09-01,2020,KCR,CLE,1,10,0,180.0,-200.0
2020-09-01,2020,MIN,CHW,3,2,1,-109.0,-101.0
2020-09-01,2020,HOU,TEX,5,6,0,-260.0,230.0
2020-09-01,2020,COL,SFG,5,23,0,100.0,-110.0
2020-09-01,2020,LAD,ARI,6,3,1,-220.0,200.0
2020-09-02,2020,COL,SFG,9,6,1,-118.0,108.0
2020-09-02,2020,CIN,STL,4,3,1,-145.0,135.0
2020-09-02,2020,MIA,TOR,1,2,0,102.0,-112.0
2020-09-02,2020,PIT,CHC,2,8,0,160.0,-170.0
2020-09-02,2020,BAL,NYM,4,9,0,132.0,-142.0
2020-09-02,2020,NYY,TBR,2,5,0,-128.0,118.0
2020-09-02,2020,PHI,WSN,3,0,1,107.0,-117.0
2020-09-02,2020,BOS,ATL,5,7,0,137.0,-147.0
2020-09-02,2020,MIL,DET,8,5,1,-172.0,161.0
2020-09-02,2020,KCR,CLE,0,5,0,150.0,-160.0
2020-09-02,2020,MIN,CHW,8,1,1,-157.0,147.0
2020-09-02,2020,HOU,TEX,2,1,1,-180.0,165.0
2020-09-02,2020,LAA,SDP,4,11,0,175.0,-190.0
2020-09-02,2020,LAD,ARI,3,2,1,-200.0,180.0
2020-09-03,2020,PIT,CHC,6,2,1,145.0,-155.0
2020-09-03,2020,HOU,TEX,8,4,1,-160.0,150.0
2020-09-03,2020,PHI,WSN,6,5,1,-174.0,162.0
2020-09-03,2020,LAA,SDP,2,0,1,128.0,-138.0
2020-09-03,2020,BOS,TOR,2,6,0,110.0,-120.0
2020-09-03,2020,KCR,CHW,6,11,0,125.0,-135.0
2020-09-03,2020,LAD,ARI,5,1,1,-300.0,260.0
2020-09-03,2020,NYM,NYY,9,7,1,-115.0,105.0
2020-09-04,2020,TBR,MIA,5,4,1,-130.0,120.0
2020-09-04,2020,BAL,NYY,5,6,0,138.0,-148.0
2020-09-04,2020,PIT,CIN,2,4,0,170.0,-185.0
2020-09-04,2020,NYM,PHI,3,5,0,-135.0,125.0
2020-09-04,2020,CLE,MIL,1,7,0,-140.0,130.0
2020-09-04,2020,ATL,WSN,9,10,0,-180.0,165.0
2020-09-04,2020,BOS,TOR,7,8,0,102.0,-112.0
2020-09-04,2020,KCR,CHW,4,7,0,150.0,-160.0
2020-09-04,2020,MIN,DET,2,0,1,-161.0,151.0
2020-09-04,2020,CHC,STL,4,1,1,-140.0,130.0
2020-09-04,2020,LAA,HOU,6,5,1,105.0,-115.0
2020-09-04,2020,SEA,TEX,6,3,1,-125.0,115.0
2020-09-04,2020,ATH,SDP,0,7,0,-145.0,135.0
2020-09-04,2020,LAD,COL,10,6,1,-250.0,220.0
2020-09-04,2020,SFG,ARI,5,6,0,-150.0,140.0
2020-09-04,2020,CIN,PIT,3,4,0,-200.0,180.0
2020-09-04,2020,ATL,WSN,7,1,1,-165.0,155.0
2020-09-04,2020,BAL,NYY,6,3,1,160.0,-170.0
2020-09-04,2020,DET,MIN,2,3,0,142.0,-152.0
2020-09-04,2020,TOR,BOS,2,3,0,-140.0,130.0
2020-09-05,2020,ATH,SDP,8,4,1,-112.0,102.0
2020-09-05,2020,TBR,MIA,3,7,0,-210.0,190.0
2020-09-05,2020,BAL,NYY,6,1,1,210.0,-240.0
2020-09-05,2020,PIT,CIN,2,6,0,112.0,-122.0
2020-09-05,2020,KCR,CHW,3,5,0,205.0,-230.0
2020-09-05,2020,MIN,DET,4,3,1,-280.0,245.0
2020-09-05,2020,NYM,PHI,5,1,1,-155.0,145.0
2020-09-05,2020,CLE,MIL,4,3,1,-114.0,104.0
2020-09-05,2020,ATL,WSN,4,10,0,-270.0,240.0
2020-09-05,2020,BOS,TOR,9,8,1,115.0,-125.0
2020-09-05,2020,CHC,STL,2,4,0,-113.0,103.0
2020-09-05,2020,LAA,HOU,10,9,1,-107.0,-103.0
2020-09-05,2020,SEA,TEX,5,3,1,-139.0,129.0
2020-09-05,2020,LAD,COL,2,5,0,-176.0,163.0
2020-09-05,2020,SFG,ARI,4,3,1,-138.0,128.0
2020-09-05,2020,STL,CHC,5,1,1,-102.0,-108.0
2020-09-05,2020,HOU,LAA,6,7,0,-164.0,154.0
2020-09-06,2020,BAL,NYY,5,1,1,180.0,-200.0
2020-09-06,2020,NYM,PHI,14,1,1,-157.0,147.0
2020-09-06,2020,CLE,MIL,4,1,1,-260.0,230.0
2020-09-06,2020,ATL,WSN,10,3,1,-137.0,127.0
2020-09-06,2020,TBR,MIA,5,4,1,-220.0,200.0
2020-09-06,2020,BOS,TOR,8,10,0,110.0,-120.0
2020-09-06,2020,PIT,CIN,3,2,1,145.0,-155.0
2020-09-06,2020,KCR,CHW,2,8,0,190.0,-210.0
2020-09-06,2020,MIN,DET,8,10,0,-185.0,170.0
2020-09-06,2020,SFG,ARI,4,2,1,-150.0,140.0
2020-09-06,2020,LAA,HOU,9,5,1,160.0,-170.0
2020-09-06,2020,ATH,SDP,3,5,0,-103.0,-107.0
2020-09-06,2020,SEA,TEX,4,3,1,-125.0,115.0
2020-09-06,2020,CHC,STL,3,7,0,-108.0,-102.0
2020-09-06,2020,LAD,COL,6,7,0,-270.0,240.0
2020-09-07,2020,ATL,MIA,4,5,0,-220.0,200.0
2020-09-07,2020,NYM,PHI,8,9,0,115.0,-125.0
2020-09-07,2020,MIN,DET,6,2,1,-200.0,180.0
2020-09-07,2020,SEA,TEX,8,4,1,-150.0,140.0
2020-09-07,2020,CHC,STL,5,1,1,-182.0,167.0
2020-09-07,2020,WSN,TBR,6,1,1,-110.0,100.0
2020-09-07,2020,CLE,KCR,5,2,1,-210.0,190.0
2020-09-07,2020,TOR,NYY,12,7,1,-125.0,115.0
2020-09-07,2020,SDP,COL,1,0,1,-185.0,170.0
2020-09-07,2020,ATH,HOU,6,0,1,-130.0,120.0
2020-09-07,2020,SFG,ARI,4,2,1,-110.0,100.0
2020-09-08,2020,WSN,TBR,5,3,1,138.0,-148.0
2020-09-08,2020,CLE,KCR,6,8,0,-205.0,185.0
2020-09-08,2020,TOR,NYY,2,1,1,-101.0,-109.0
2020-09-08,2020,PHI,BOS,6,5,1,-185.0,170.0
2020-09-08,2020,PIT,CHW,5,4,1,124.0,-134.0
2020-09-08,2020,DET,MIL,8,3,1,138.0,-148.0
2020-09-08,2020,ATL,MIA,0,8,0,-117.0,107.0
2020-09-08,2020,NYM,BAL,2,11,0,-180.0,165.0
2020-09-08,2020,CHC,CIN,3,0,1,-103.0,-107.0
2020-09-08,2020,STL,MIN,3,7,0,115.0,-125.0
2020-09-08,2020,TEX,LAA,7,1,1,118.0,-128.0
2020-09-08,2020,SDP,COL,14,5,1,-240.0,210.0
2020-09-08,2020,ATH,HOU,4,5,0,-146.0,136.0
2020-09-08,2020,ARI,LAD,9,10,0,225.0,-255.0
2020-09-08,2020,SFG,SEA,6,5,1,-160.0,150.0
2020-09-08,2020,STL,MIN,6,4,1,124.0,-134.0
2020-09-08,2020,PHI,BOS,2,5,0,-160.0,150.0
2020-09-08,2020,HOU,ATH,2,4,0,-128.0,118.0
2020-09-09,2020,CLE,KCR,0,3,0,-210.0,190.0
2020-09-09,2020,TOR,NYY,2,7,0,137.0,-147.0
2020-09-09,2020,PIT,CHW,1,8,0,143.0,-153.0
2020-09-09,2020,ATL,MIA,29,9,1,-138.0,128.0
2020-09-09,2020,DET,MIL,0,19,0,142.0,-152.0
2020-09-09,2020,NYM,BAL,7,6,1,-194.0,177.0
2020-09-09,2020,SDP,COL,5,3,1,-174.0,162.0
2020-09-09,2020,CHC,CIN,0,3,0,-150.0,140.0
2020-09-09,2020,TEX,LAA,7,3,1,106.0,-116.0
2020-09-09,2020,ATH,HOU,3,2,1,-180.0,165.0
2020-09-09,2020,ARI,LAD,4,6,0,270.0,-310.0
2020-09-09,2020,SFG,SEA,10,1,1,-135.0,125.0
2020-09-10,2020,ATH,HOU,3,1,1,-147.0,137.0
2020-09-10,2020,TEX,LAA,2,6,0,149.0,-159.0
2020-09-10,2020,WSN,ATL,6,7,0,136.0,-146.0
2020-09-10,2020,CLE,KCR,1,11,0,-220.0,200.0
2020-09-10,2020,MIA,PHI,7,6,1,-105.0,-105.0
2020-09-10,2020,TBR,BOS,3,4,0,-198.0,179.0
2020-09-10,2020,CHC,CIN,8,5,1,115.0,-125.0
2020-09-10,2020,SDP,SFG,6,1,1,-180.0,165.0
2020-09-10,2020,ARI,LAD,5,2,1,210.0,-240.0
2020-09-10,2020,STL,DET,12,2,1,-230.0,205.0
2020-09-10,2020,STL,DET,3,6,0,-190.0,175.0
2020-09-11,2020,WSN,ATL,8,7,1,145.0,-155.0
2020-09-11,2020,TOR,NYM,1,18,0,195.0,-215.0
2020-09-11,2020,TBR,BOS,11,1,1,-270.0,240.0
2020-09-11,2020,NYY,BAL,10,1,1,-190.0,175.0
2020-09-11,2020,MIA,PHI,0,11,0,150.0,-160.0
2020-09-11,2020,KCR,PIT,4,3,1,-138.0,128.0
2020-09-11,2020,CHW,DET,4,3,1,-255.0,225.0
2020-09-11,2020,MIL,CHC,1,0,1,-166.0,156.0
2020-09-11,2020,MIN,CLE,3,1,1,105.0,-115.0
2020-09-11,2020,STL,CIN,1,3,0,102.0,-112.0
2020-09-11,2020,COL,LAA,8,4,1,-134.0,124.0
2020-09-11,2020,TEX,ATH,6,10,0,163.0,-176.0
2020-09-11,2020,ARI,SEA,4,3,1,100.0,-110.0
2020-09-11,2020,MIA,PHI,5,3,1,110.0,-120.0
2020-09-11,2020,NYY,BAL,6,0,1,-250.0,220.0
2020-09-12,2020,NYY,BAL,2,1,1,-185.0,170.0
2020-09-12,2020,WSN,ATL,1,2,0,135.0,-145.0
2020-09-12,2020,MIA,PHI,6,12,0,110.0,-120.0
2020-09-12,2020,TOR,NYM,3,2,1,151.0,-161.0
2020-09-12,2020,TBR,BOS,5,4,1,-210.0,190.0
2020-09-12,2020,KCR,PIT,7,4,1,-112.0,102.0
2020-09-12,2020,TEX,ATH,5,2,1,178.0,-196.0
2020-09-12,2020,CHW,DET,14,0,1,-190.0,175.0
2020-09-12,2020,MIL,CHC,2,4,0,-104.0,-106.0
2020-09-12,2020,COL,LAA,2,5,0,-135.0,125.0
2020-09-12,2020,ARI,SEA,3,7,0,-151.0,141.0
2020-09-12,2020,STL,CIN,7,1,1,-128.0,118.0
2020-09-12,2020,LAD,HOU,5,7,0,-155.0,145.0
2020-09-12,2020,MIN,CLE,8,4,1,100.0,-110.0
2020-09-12,2020,TEX,ATH,1,10,0,190.0,-210.0
2020-09-13,2020,WSN,ATL,4,8,0,-165.0,155.0
2020-09-13,2020,NYY,BAL,3,1,1,-170.0,160.0
2020-09-13,2020,MIA,PHI,2,1,1,-165.0,155.0
2020-09-13,2020,TBR,BOS,3,6,0,-200.0,180.0
2020-09-13,2020,KCR,PIT,11,0,1,-132.0,122.0
2020-09-13,2020,CHW,DET,5,2,1,-170.0,160.0
2020-09-13,2020,MIL,CHC,0,12,0,-124.0,114.0
2020-09-13,2020,STL,CIN,5,10,0,-105.0,-105.0
2020-09-13,2020,TEX,ATH,6,3,1,130.0,-140.0
2020-09-13,2020,LAD,HOU,8,1,1,-137.0,127.0
2020-09-13,2020,TOR,NYM,7,3,1,-154.0,144.0
2020-09-13,2020,COL,LAA,3,5,0,145.0,-155.0
2020-09-13,2020,MIN,CLE,7,5,1,-135.0,125.0
2020-09-13,2020,SDP,SFG,6,0,1,-174.0,162.0
2020-09-13,2020,ARI,SEA,3,7,0,-150.0,140.0
2020-09-13,2020,MIA,PHI,8,1,1,140.0,-150.0
2020-09-13,2020,SDP,SFG,3,1,1,-160.0,150.0
2020-09-14,2020,CIN,PIT,3,1,1,-255.0,225.0
2020-09-14,2020,BAL,ATL,14,1,1,154.0,-164.0
2020-09-14,2020,MIL,STL,2,1,1,-114.0,104.0
2020-09-14,2020,CHW,MIN,3,1,1,126.0,-136.0
2020-09-14,2020,SDP,LAD,7,2,1,130.0,-140.0
2020-09-14,2020,CIN,PIT,9,4,1,-148.0,138.0
2020-09-14,2020,SEA,ATH,6,5,1,142.0,-152.0
2020-09-14,2020,SEA,ATH,0,9,0,160.0,-170.0
2020-09-14,2020,MIL,STL,2,3,0,-200.0,180.0
2020-09-14,2020,MIA,PHI,6,2,1,-119.0,109.0
2020-09-15,2020,TBR,WSN,6,1,1,-176.0,163.0
2020-09-15,2020,CIN,PIT,4,1,1,-136.0,126.0
2020-09-15,2020,MIA,BOS,0,2,0,-158.0,148.0
2020-09-15,2020,BAL,ATL,1,5,0,160.0,-170.0
2020-09-15,2020,NYY,TOR,20,6,1,-160.0,150.0
2020-09-15,2020,PHI,NYM,4,1,1,107.0,-117.0
2020-09-15,2020,DET,KCR,6,0,1,-115.0,105.0
2020-09-15,2020,MIL,STL,18,3,1,123.0,-133.0
2020-09-15,2020,HOU,TEX,4,1,1,-196.0,178.0
2020-09-15,2020,CHW,MIN,6,2,1,-124.0,114.0
2020-09-15,2020,CHC,CLE,6,5,1,-154.0,144.0
2020-09-15,2020,COL,ATH,3,1,1,122.0,-132.0
2020-09-15,2020,SDP,LAD,1,3,0,118.0,-128.0
2020-09-15,2020,LAA,ARI,8,9,0,-145.0,135.0
2020-09-16,2020,TBR,WSN,2,4,0,-178.0,164.0
2020-09-16,2020,COL,ATH,1,3,0,-125.0,115.0
2020-09-16,2020,SDP,LAD,5,7,0,104.0,-114.0
2020-09-16,2020,CIN,PIT,1,0,1,-250.0,220.0
2020-09-16,2020,MIA,BOS,8,4,1,-125.0,115.0
2020-09-16,2020,BAL,ATL,5,1,1,165.0,-180.0
2020-09-16,2020,NYY,TOR,13,2,1,-270.0,240.0
2020-09-16,2020,PHI,NYM,4,5,0,163.0,-176.0
2020-09-16,2020,DET,KCR,0,4,0,104.0,-114.0
2020-09-16,2020,MIL,STL,2,4,0,-150.0,140.0
2020-09-16,2020,CHW,MIN,1,5,0,-153.0,143.0
2020-09-16,2020,HOU,TEX,0,1,0,-230.0,205.0
2020-09-16,2020,CHC,CLE,3,2,1,-103.0,-107.0
2020-09-16,2020,LAA,ARI,6,9,0,-190.0,175.0
2020-09-16,2020,MIL,STL,6,0,1,-170.0,160.0
2020-09-16,2020,SEA,SFG,3,9,0,142.0,-152.0
2020-09-17,2020,CHW,MIN,4,3,1,151.0,-161.0
2020-09-17,2020,LAA,ARI,7,3,1,-165.0,155.0
2020-09-17,2020,BAL,TBR,1,3,0,165.0,-180.0
2020-09-17,2020,NYY,TOR,10,7,1,-220.0,200.0
2020-09-17,2020,PHI,NYM,6,10,0,-115.0,105.0
2020-09-17,2020,PIT,STL,5,1,1,142.0,-152.0
2020-09-17,2020,HOU,TEX,2,1,1,-250.0,220.0
2020-09-17,2020,DET,CLE,3,10,0,240.0,-270.0
2020-09-17,2020,COL,LAD,3,9,0,147.0,-157.0
2020-09-17,2020,SEA,SFG,4,6,0,114.0,-124.0
2020-09-17,2020,TBR,BAL,10,6,1,-172.0,161.0
2020-09-17,2020,MIA,BOS,3,5,0,-102.0,-108.0
2020-09-18,2020,PHI,TOR,8,7,1,175.0,200.0
2020-09-18,2020,BAL,TBR,1,2,0,-210.0,-190.0
2020-09-18,2020,PIT,STL,5,6,0,145.0,190.0
2020-09-18,2020,CIN,CHW,7,1,1,161.0,-155.0
2020-09-18,2020,NYM,ATL,2,15,0,-220.0,-172.0
2020-09-18,2020,DET,CLE,0,1,0,105.0,200.0
2020-09-18,2020,MIA,WSN,0,5,0,175.0,-115.0
2020-09-18,2020,BOS,NYY,5,6,0,148.0,-190.0
2020-09-18,2020,MIL,KCR,9,5,1,-180.0,-158.0
2020-09-18,2020,HOU,ARI,3,6,0,142.0,165.0
2020-09-18,2020,COL,LAD,6,15,0,-123.0,-152.0
2020-09-18,2020,CHC,MIN,1,0,1,116.0,113.0
2020-09-18,2020,LAA,TEX,6,2,1,143.0,-126.0
2020-09-18,2020,ATH,SFG,6,0,1,-140.0,-153.0
2020-09-18,2020,SEA,SDP,1,6,0,118.0,130.0
2020-09-18,2020,STL,PIT,7,2,1,111.0,-128.0
2020-09-18,2020,TOR,PHI,0,7,0,-185.0,-121.0
2020-09-18,2020,MIA,WSN,14,3,1,-176.0,170.0
2020-09-19,2020,ATH,SFG,6,0,1,-102.0,-106.0
2020-09-19,2020,PHI,TOR,3,1,1,180.0,-200.0
2020-09-19,2020,CIN,CHW,0,5,0,160.0,-170.0
2020-09-19,2020,MIA,WSN,7,3,1,-123.0,113.0
2020-09-19,2020,DET,CLE,5,2,1,148.0,-158.0
2020-09-19,2020,BAL,TBR,1,3,0,163.0,-220.0
2020-09-19,2020,PIT,STL,4,5,0,154.0,-164.0
2020-09-19,2020,MIL,KCR,5,0,1,-200.0,180.0
2020-09-19,2020,HOU,ARI,3,2,1,-166.0,156.0
2020-09-19,2020,NYM,ATL,7,2,1,139.0,-149.0
2020-09-19,2020,LAA,TEX,4,3,1,-155.0,145.0
2020-09-19,2020,BOS,NYY,0,8,0,185.0,-205.0
2020-09-19,2020,COL,LAD,1,6,0,245.0,-280.0
2020-09-19,2020,CHC,MIN,1,8,0,113.0,-123.0
2020-09-19,2020,SEA,SDP,4,1,1,150.0,-160.0
2020-09-20,2020,PHI,TOR,3,6,0,100.0,-110.0
2020-09-20,2020,PIT,STL,1,2,0,150.0,-160.0
2020-09-20,2020,BAL,TBR,2,1,1,142.0,-152.0
2020-09-20,2020,CIN,CHW,7,3,1,-130.0,120.0
2020-09-20,2020,NYM,ATL,0,7,0,-118.0,108.0
2020-09-20,2020,DET,CLE,4,7,0,177.0,-194.0
2020-09-20,2020,MIA,WSN,2,1,1,130.0,-140.0
2020-09-20,2020,BOS,NYY,10,2,1,178.0,-196.0
2020-09-20,2020,MIL,KCR,5,3,1,-155.0,145.0
2020-09-20,2020,HOU,ARI,3,2,1,-200.0,180.0
2020-09-20,2020,CHC,MIN,0,4,0,-153.0,143.0
2020-09-20,2020,COL,LAD,6,3,1,180.0,-200.0
2020-09-20,2020,ATH,SFG,2,14,0,-174.0,162.0
2020-09-20,2020,SEA,SDP,4,7,0,245.0,-280.0
2020-09-20,2020,LAA,TEX,2,7,0,-150.0,140.0
2020-09-20,2020,MIA,WSN,0,15,0,-135.0,125.0
2020-09-21,2020,LAA,TEX,8,5,1,-210.0,190.0
2020-09-21,2020,WSN,PHI,5,1,1,145.0,-155.0
2020-09-21,2020,CLE,CHW,7,4,1,-109.0,-101.0
2020-09-21,2020,TOR,NYY,11,5,1,133.0,-143.0
2020-09-21,2020,CIN,MIL,6,3,1,-124.0,114.0
2020-09-21,2020,PIT,CHC,0,5,0,136.0,-146.0
2020-09-21,2020,ATL,MIA,5,4,1,-161.0,151.0
2020-09-21,2020,NYM,TBR,1,2,0,-180.0,165.0
2020-09-21,2020,KCR,STL,4,1,1,170.0,-185.0
2020-09-21,2020,SEA,HOU,6,1,1,114.0,-124.0
2020-09-21,2020,SFG,COL,2,7,0,-118.0,108.0
2020-09-22,2020,WSN,PHI,5,1,1,180.0,-200.0
2020-09-22,2020,CLE,CHW,5,3,1,-122.0,112.0
2020-09-22,2020,TOR,NYY,1,12,0,240.0,-270.0
2020-09-22,2020,CIN,MIL,2,3,0,-152.0,142.0
2020-09-22,2020,PIT,CHC,3,2,1,145.0,-155.0
2020-09-22,2020,ATL,MIA,11,1,1,-160.0,150.0
2020-09-22,2020,NYM,TBR,5,2,1,125.0,-135.0
2020-09-22,2020,BOS,BAL,8,3,1,-111.0,101.0
2020-09-22,2020,MIN,DET,5,4,1,-180.0,165.0
2020-09-22,2020,KCR,STL,0,5,0,-107.0,-103.0
2020-09-22,2020,SDP,LAA,2,4,0,-159.0,149.0
2020-09-22,2020,SEA,HOU,1,6,0,178.0,-196.0
2020-09-22,2020,ARI,TEX,7,0,1,-157.0,147.0
2020-09-22,2020,LAD,ATH,7,2,1,-176.0,163.0
2020-09-22,2020,SFG,COL,5,2,1,-160.0,150.0
2020-09-22,2020,WSN,PHI,8,7,1,117.0,-127.0
2020-09-23,2020,SDP,LAA,2,5,0,-162.0,152.0
2020-09-23,2020,WSN,PHI,3,12,0,150.0,-160.0
2020-09-23,2020,CLE,CHW,3,2,1,-164.0,154.0
2020-09-23,2020,ARI,TEX,7,3,1,-149.0,139.0
2020-09-23,2020,TOR,NYY,14,1,1,195.0,-215.0
2020-09-23,2020,SEA,HOU,3,2,1,185.0,-205.0
2020-09-23,2020,CIN,MIL,6,1,1,-168.0,158.0
2020-09-23,2020,PIT,CHC,2,1,1,210.0,-240.0
2020-09-23,2020,ATL,MIA,9,4,1,-168.0,158.0
2020-09-23,2020,NYM,TBR,5,8,0,135.0,-145.0
2020-09-23,2020,BOS,BAL,9,1,1,-165.0,155.0
2020-09-23,2020,MIN,DET,7,6,1,-330.0,285.0
2020-09-23,2020,KCR,STL,12,3,1,117.0,-127.0
2020-09-23,2020,LAD,ATH,4,6,0,-164.0,154.0
2020-09-23,2020,SFG,COL,7,2,1,-185.0,170.0
2020-09-24,2020,SFG,COL,4,5,0,-240.0,210.0
2020-09-24,2020,WSN,NYM,2,3,0,-128.0,118.0
2020-09-24,2020,CLE,CHW,5,4,1,-130.0,120.0
2020-09-24,2020,TOR,NYY,4,1,1,103.0,-113.0
2020-09-24,2020,PIT,CHC,7,0,1,147.0,-157.0
2020-09-24,2020,ATL,MIA,2,4,0,-164.0,154.0
2020-09-24,2020,BOS,BAL,1,13,0,-155.0,145.0
2020-09-24,2020,KCR,DET,8,7,1,-156.0,146.0
2020-09-24,2020,TEX,HOU,4,12,0,109.0,-119.0
2020-09-24,2020,STL,MIL,4,2,1,130.0,-140.0
2020-09-24,2020,LAD,ATH,5,1,1,-220.0,200.0
2020-09-25,2020,TOR,BAL,10,5,1,-164.0,154.0
2020-09-25,2020,TBR,PHI,6,4,1,-125.0,115.0
2020-09-25,2020,NYY,MIA,3,4,0,-180.0,165.0
2020-09-25,2020,CLE,PIT,4,3,1,-240.0,210.0
2020-09-25,2020,ATL,BOS,8,7,1,-166.0,156.0
2020-09-25,2020,TEX,HOU,5,4,1,155.0,-165.0
2020-09-25,2020,KCR,DET,3,2,1,-150.0,140.0
2020-09-25,2020,CHW,CHC,0,10,0,156.0,-166.0
2020-09-25,2020,MIN,CIN,2,7,0,-154.0,144.0
2020-09-25,2020,ATH,SEA,3,1,1,-210.0,190.0
2020-09-25,2020,LAD,LAA,9,5,1,-210.0,190.0
2020-09-25,2020,ARI,COL,11,5,1,-135.0,125.0
2020-09-25,2020,SFG,SDP,5,4,1,140.0,-150.0
2020-09-25,2020,MIL,STL,3,0,1,100.0,-110.0
2020-09-25,2020,ARI,COL,4,0,1,-166.0,156.0
2020-09-25,2020,SDP,SFG,6,5,1,-210.0,190.0
2020-09-25,2020,MIL,STL,1,9,0,-105.0,-105.0
2020-09-26,2020,NYY,MIA,11,4,1,-230.0,205.0
2020-09-26,2020,TOR,BAL,5,2,1,-119.0,109.0
2020-09-26,2020,TBR,PHI,4,3,1,-102.0,-108.0
2020-09-26,2020,TEX,HOU,6,1,1,128.0,-138.0
2020-09-26,2020,KCR,DET,3,4,0,-125.0,115.0
2020-09-26,2020,CLE,PIT,0,8,0,-160.0,150.0
2020-09-26,2020,ATL,BOS,2,8,0,-150.0,140.0
2020-09-26,2020,CHW,CHC,9,5,1,-152.0,142.0
2020-09-26,2020,MIN,CIN,7,3,1,-120.0,110.0
2020-09-26,2020,WSN,NYM,5,3,1,120.0,-130.0
2020-09-26,2020,STL,MIL,0,3,0,107.0,-117.0
2020-09-26,2020,ARI,COL,3,10,0,-105.0,-105.0
2020-09-26,2020,LAD,LAA,7,6,1,-300.0,260.0
2020-09-26,2020,SFG,SDP,2,6,0,120.0,-130.0
2020-09-26,2020,WSN,NYM,4,3,1,121.0,-131.0
2020-09-26,2020,ATH,SEA,1,5,0,-144.0,134.0
2020-09-26,2020,SEA,ATH,12,3,1,128.0,-138.0
2020-09-27,2020,TEX,HOU,8,4,1,114.0,-124.0
2020-09-27,2020,KCR,DET,3,1,1,-170.0,160.0
2020-09-27,2020,NYY,MIA,0,5,0,-174.0,162.0
2020-09-27,2020,WSN,NYM,15,5,1,118.0,-128.0
2020-09-27,2020,SFG,SDP,4,5,0,-119.0,109.0
2020-09-27,2020,TOR,BAL,5,7,0,-126.0,116.0
2020-09-27,2020,CHW,CHC,8,10,0,-150.0,140.0
2020-09-27,2020,CLE,PIT,8,6,1,-146.0,136.0
2020-09-27,2020,ATL,BOS,1,9,0,-143.0,133.0
2020-09-27,2020,MIN,CIN,3,5,0,-125.0,115.0
2020-09-27,2020,ATH,SEA,6,2,1,-123.0,113.0
2020-09-27,2020,LAD,LAA,5,0,1,-210.0,190.0
2020-09-27,2020,ARI,COL,11,3,1,-108.0,-102.0
2020-09-27,2020,TBR,PHI,5,0,1,135.0,-145.0
2020-09-27,2020,STL,MIL,5,2,1,-105.0,-105.0
2021-04-01,2021,CHC,PIT,3,5,0,-210.0,190.0
2021-04-01,2021,PHI,ATL,3,2,1,-127.0,117.0
2021-04-01,2021,SDP,ARI,8,7,1,-230.0,205.0
2021-04-01,2021,COL,LAD,8,5,1,195.0,-215.0
2021-04-01,2021,CIN,STL,6,11,0,-122.0,112.0
2021-04-01,2021,NYY,TOR,2,3,0,-185.0,170.0
2021-04-01,2021,DET,CLE,3,2,1,165.0,-180.0
2021-04-01,2021,KCR,TEX,14,10,1,-150.0,140.0
2021-04-01,2021,LAA,CHW,4,3,1,108.0,-118.0
2021-04-01,2021,ATH,HOU,1,8,0,-108.0,-102.0
2021-04-01,2021,MIL,MIN,6,5,1,-109.0,-101.0
2021-04-01,2021,MIA,TBR,0,1,0,140.0,-150.0
2021-04-01,2021,SEA,SFG,8,7,1,108.0,-118.0
2021-04-02,2021,COL,LAD,6,11,0,210.0,-240.0
2021-04-02,2021,SDP,ARI,4,2,1,-210.0,190.0
2021-04-02,2021,LAA,CHW,8,12,0,-119.0,109.0
2021-04-02,2021,ATH,HOU,5,9,0,-124.0,114.0
2021-04-02,2021,MIA,TBR,4,6,0,-109.0,-101.0
2021-04-02,2021,SEA,SFG,3,6,0,-114.0,104.0
2021-04-02,2021,BOS,BAL,0,3,0,-172.0,161.0
2021-04-03,2021,CHC,PIT,5,1,1,-159.0,149.0
2021-04-03,2021,PHI,ATL,4,0,1,102.0,-112.0
2021-04-03,2021,CIN,STL,9,6,1,-118.0,108.0
2021-04-03,2021,COL,LAD,5,6,0,200.0,-220.0
2021-04-03,2021,SDP,ARI,7,0,1,-210.0,190.0
2021-04-03,2021,NYY,TOR,5,3,1,-162.0,152.0
2021-04-03,2021,DET,CLE,5,2,1,142.0,-152.0
2021-04-03,2021,BOS,BAL,2,4,0,-166.0,156.0
2021-04-03,2021,KCR,TEX,11,4,1,-162.0,152.0
2021-04-03,2021,ATH,HOU,1,9,0,118.0,-128.0
2021-04-03,2021,LAA,CHW,5,3,1,105.0,-115.0
2021-04-03,2021,MIA,TBR,12,7,1,-104.0,-106.0
2021-04-03,2021,MIL,MIN,0,2,0,-130.0,120.0
2021-04-03,2021,SEA,SFG,4,0,1,105.0,-115.0
2021-04-04,2021,PHI,ATL,2,1,1,102.0,-112.0
2021-04-04,2021,CIN,STL,12,1,1,102.0,-112.0
2021-04-04,2021,CHC,PIT,4,3,1,-186.0,171.0
2021-04-04,2021,COL,LAD,2,4,0,190.0,-210.0
2021-04-04,2021,SDP,ARI,1,3,0,-200.0,180.0
2021-04-04,2021,NYY,TOR,1,3,0,-178.0,164.0
2021-04-04,2021,DET,CLE,3,9,0,120.0,-130.0
2021-04-04,2021,BOS,BAL,3,11,0,-170.0,160.0
2021-04-04,2021,KCR,TEX,3,7,0,-160.0,150.0
2021-04-04,2021,ATH,HOU,2,9,0,-116.0,106.0
2021-04-04,2021,LAA,CHW,7,4,1,-124.0,114.0
2021-04-04,2021,MIL,MIN,2,8,0,-105.0,-105.0
2021-04-05,2021,MIA,STL,1,4,0,-116.0,106.0
2021-04-05,2021,CIN,PIT,5,3,1,-151.0,141.0
2021-04-05,2021,PHI,NYM,5,3,1,173.0,-188.0
2021-04-05,2021,CHC,MIL,5,3,1,-110.0,100.0
2021-04-05,2021,SDP,SFG,2,3,0,-142.0,132.0
2021-04-05,2021,DET,MIN,6,15,0,142.0,-152.0
2021-04-05,2021,TEX,TOR,2,6,0,135.0,-145.0
2021-04-05,2021,CLE,KCR,0,3,0,-125.0,115.0
2021-04-05,2021,NYY,BAL,7,0,1,-230.0,205.0
2021-04-05,2021,BOS,TBR,11,2,1,103.0,-113.0
2021-04-05,2021,LAA,HOU,7,6,1,-115.0,105.0
2021-04-05,2021,SEA,CHW,0,6,0,113.0,-123.0
2021-04-05,2021,ATH,LAD,3,10,0,145.0,-155.0
2021-04-06,2021,WSN,ATL,6,5,1,-116.0,106.0
2021-04-06,2021,MIA,STL,2,4,0,-127.0,117.0
2021-04-06,2021,CIN,PIT,14,1,1,-155.0,145.0
2021-04-06,2021,PHI,NYM,4,8,0,113.0,-123.0
2021-04-06,2021,CHC,MIL,0,4,0,-113.0,103.0
2021-04-06,2021,COL,ARI,8,10,0,-123.0,113.0
2021-04-06,2021,SDP,SFG,3,1,1,-185.0,170.0
2021-04-06,2021,DET,MIN,4,3,1,130.0,-140.0
2021-04-06,2021,LAA,HOU,2,4,0,-108.0,-102.0
2021-04-06,2021,NYY,BAL,7,2,1,-280.0,245.0
2021-04-06,2021,BOS,TBR,6,5,1,145.0,-155.0
2021-04-06,2021,TEX,TOR,7,4,1,127.0,-137.0
2021-04-06,2021,SEA,CHW,4,10,0,140.0,-150.0
2021-04-06,2021,ATH,LAD,1,5,0,158.0,-168.0
2021-04-07,2021,CIN,PIT,11,4,1,-200.0,180.0
2021-04-07,2021,CHC,MIL,2,4,0,-102.0,-108.0
2021-04-07,2021,WSN,ATL,6,7,0,160.0,-170.0
2021-04-07,2021,PHI,NYM,8,2,1,-164.0,154.0
2021-04-07,2021,MIA,STL,0,7,0,105.0,-115.0
2021-04-07,2021,SDP,SFG,2,3,0,-148.0,138.0
2021-04-07,2021,COL,ARI,8,0,1,108.0,-118.0
2021-04-07,2021,DET,MIN,2,3,0,160.0,-170.0
2021-04-07,2021,BOS,TBR,9,2,1,-112.0,102.0
2021-04-07,2021,CLE,KCR,4,2,1,-185.0,170.0
2021-04-07,2021,TEX,TOR,2,1,1,170.0,-185.0
2021-04-07,2021,SEA,CHW,8,4,1,132.0,-142.0
2021-04-07,2021,NYY,BAL,3,4,0,-190.0,175.0
2021-04-07,2021,ATH,LAD,4,3,1,155.0,-165.0
2021-04-07,2021,WSN,ATL,0,2,0,-132.0,122.0
2021-04-08,2021,NYM,MIA,3,2,1,-180.0,165.0
2021-04-08,2021,PIT,CHC,2,4,0,140.0,-150.0
2021-04-08,2021,COL,ARI,7,3,1,-127.0,117.0
2021-04-08,2021,STL,MIL,3,1,1,130.0,-140.0
2021-04-08,2021,BAL,BOS,3,7,0,138.0,-148.0
2021-04-08,2021,MIN,SEA,10,2,1,-216.0,196.0
2021-04-08,2021,CHW,KCR,6,0,1,-165.0,155.0
2021-04-08,2021,TOR,LAA,5,7,0,-109.0,-101.0
2021-04-08,2021,HOU,ATH,6,2,1,-166.0,156.0
2021-04-09,2021,SFG,COL,3,1,1,-151.0,141.0
2021-04-09,2021,LAD,WSN,1,0,1,-280.0,245.0
2021-04-09,2021,ATL,PHI,8,1,1,-125.0,115.0
2021-04-09,2021,ARI,CIN,5,6,0,133.0,-143.0
2021-04-09,2021,TBR,NYY,10,5,1,119.0,-129.0
2021-04-09,2021,TOR,LAA,1,7,0,115.0,-125.0
2021-04-09,2021,CLE,DET,4,1,1,-185.0,170.0
2021-04-09,2021,HOU,ATH,2,6,0,-172.0,161.0
2021-04-09,2021,TEX,SDP,0,3,0,172.0,-187.0
2021-04-10,2021,NYM,MIA,0,3,0,-270.0,240.0
2021-04-10,2021,STL,MIL,5,9,0,-112.0,102.0
2021-04-10,2021,SFG,COL,4,3,1,-170.0,160.0
2021-04-10,2021,PIT,CHC,8,2,1,147.0,-157.0
2021-04-10,2021,ATL,PHI,5,4,1,-134.0,124.0
2021-04-10,2021,ARI,CIN,8,3,1,112.0,-122.0
2021-04-10,2021,LAD,WSN,9,5,1,-167.0,157.0
2021-04-10,2021,TBR,NYY,4,0,1,128.0,-138.0
2021-04-10,2021,MIN,SEA,3,4,0,-185.0,170.0
2021-04-10,2021,TOR,LAA,15,1,1,-109.0,-101.0
2021-04-10,2021,HOU,ATH,3,7,0,-151.0,141.0
2021-04-10,2021,CLE,DET,11,3,1,-160.0,150.0
2021-04-10,2021,BAL,BOS,4,6,0,117.0,-127.0
2021-04-10,2021,TEX,SDP,4,7,0,143.0,-153.0
2021-04-11,2021,PIT,CHC,7,1,1,122.0,-132.0
2021-04-11,2021,STL,MIL,3,9,0,-130.0,120.0
2021-04-11,2021,SFG,COL,4,0,1,-125.0,115.0
2021-04-11,2021,LAD,WSN,3,0,1,-150.0,140.0
2021-04-11,2021,ARI,CIN,7,0,1,-102.0,-108.0
2021-04-11,2021,ATL,PHI,6,7,0,-163.0,153.0
2021-04-11,2021,BAL,BOS,9,14,0,130.0,-140.0
2021-04-11,2021,CLE,DET,5,2,1,-160.0,150.0
2021-04-11,2021,TBR,NYY,4,8,0,128.0,-138.0
2021-04-11,2021,MIN,SEA,6,8,0,-180.0,165.0
2021-04-11,2021,CHW,KCR,3,4,0,-112.0,102.0
2021-04-11,2021,TEX,SDP,0,2,0,150.0,-160.0
2021-04-12,2021,PIT,SDP,2,6,0,178.0,-196.0
2021-04-12,2021,ATL,MIA,3,5,0,-134.0,124.0
2021-04-12,2021,MIL,CHC,6,3,1,-126.0,116.0
2021-04-12,2021,STL,WSN,2,5,0,-138.0,128.0
2021-04-12,2021,SFG,CIN,0,3,0,-111.0,101.0
2021-04-12,2021,TOR,NYY,1,3,0,176.0,-192.0
2021-04-12,2021,TBR,TEX,1,0,1,-205.0,185.0
2021-04-12,2021,CHW,CLE,4,3,1,-125.0,115.0
2021-04-12,2021,KCR,LAA,3,10,0,101.0,-111.0
2021-04-12,2021,HOU,DET,2,6,0,-250.0,220.0
2021-04-12,2021,ARI,ATH,5,9,0,115.0,-125.0
2021-04-13,2021,PIT,SDP,8,4,1,210.0,-240.0
2021-04-13,2021,NYM,PHI,4,3,1,-150.0,140.0
2021-04-13,2021,ATL,MIA,8,14,0,-158.0,148.0
2021-04-13,2021,MIL,CHC,2,3,0,-143.0,133.0
2021-04-13,2021,STL,WSN,14,3,1,-104.0,-106.0
2021-04-13,2021,SFG,CIN,7,6,1,-109.0,-101.0
2021-04-13,2021,LAD,COL,7,0,1,-320.0,280.0
2021-04-13,2021,MIN,BOS,2,4,0,-122.0,112.0
2021-04-13,2021,BAL,SEA,7,6,1,-130.0,120.0
2021-04-13,2021,TOR,NYY,7,3,1,-113.0,103.0
2021-04-13,2021,TBR,TEX,3,8,0,-163.0,153.0
2021-04-13,2021,KCR,LAA,3,2,1,122.0,-132.0
2021-04-13,2021,CHW,CLE,0,2,0,-113.0,103.0
2021-04-13,2021,HOU,DET,2,8,0,-176.0,163.0
2021-04-13,2021,ARI,ATH,5,7,0,-105.0,-105.0
2021-04-13,2021,NYM,PHI,4,0,1,109.0,-119.0
2021-04-13,2021,BAL,SEA,3,4,0,-136.0,126.0
2021-04-14,2021,STL,WSN,0,6,0,-116.0,106.0
2021-04-14,2021,MIL,CHC,7,0,1,-174.0,162.0
2021-04-14,2021,SFG,CIN,3,0,1,108.0,-118.0
2021-04-14,2021,PIT,SDP,5,1,1,176.0,-192.0
2021-04-14,2021,NYM,PHI,5,1,1,104.0,-114.0
2021-04-14,2021,ATL,MIA,5,6,0,-250.0,220.0
2021-04-14,2021,LAD,COL,4,2,1,-255.0,225.0
2021-04-14,2021,TOR,NYY,5,4,1,130.0,-140.0
2021-04-14,2021,KCR,LAA,6,1,1,116.0,-126.0
2021-04-14,2021,MIN,BOS,2,3,0,-130.0,120.0
2021-04-14,2021,TBR,TEX,1,5,0,-189.0,174.0
2021-04-14,2021,HOU,DET,4,6,0,-183.0,168.0
2021-04-14,2021,CHW,CLE,8,0,1,-111.0,101.0
2021-04-14,2021,MIN,BOS,1,7,0,-145.0,135.0
2021-04-15,2021,ATL,MIA,7,6,1,-157.0,147.0
2021-04-15,2021,PIT,SDP,3,8,0,135.0,-145.0
2021-04-15,2021,WSN,ARI,6,11,0,-172.0,161.0
2021-04-15,2021,LAD,COL,7,5,1,-270.0,240.0
2021-04-15,2021,MIN,BOS,4,3,1,-135.0,125.0
2021-04-15,2021,CHW,CLE,2,4,0,-155.0,145.0
2021-04-15,2021,TBR,TEX,4,6,0,-180.0,165.0
2021-04-15,2021,KCR,TOR,7,5,1,-115.0,105.0
2021-04-15,2021,ATH,DET,8,4,1,-176.0,163.0
2021-04-15,2021,BAL,SEA,2,4,0,-102.0,-108.0
2021-04-15,2021,BAL,SEA,1,2,0,-135.0,125.0
2021-04-16,2021,CHC,ATL,2,5,0,-110.0,100.0
2021-04-16,2021,WSN,ARI,1,0,1,-192.0,176.0
2021-04-16,2021,PHI,STL,9,2,1,-144.0,134.0
2021-04-16,2021,MIA,SFG,4,1,1,120.0,-130.0
2021-04-16,2021,MIL,PIT,1,6,0,-141.0,131.0
2021-04-16,2021,SDP,LAD,6,11,0,137.0,-147.0
2021-04-16,2021,NYY,TBR,2,8,0,-159.0,149.0
2021-04-16,2021,TEX,BAL,2,5,0,-119.0,109.0
2021-04-16,2021,LAA,MIN,10,3,1,-126.0,116.0
2021-04-16,2021,ATH,DET,3,0,1,-185.0,170.0
2021-04-16,2021,SEA,HOU,6,5,1,-102.0,-108.0
2021-04-16,2021,CIN,CLE,10,3,1,-117.0,107.0
2021-04-17,2021,WSN,ARI,6,2,1,-113.0,103.0
2021-04-17,2021,CHC,ATL,13,4,1,101.0,-111.0
2021-04-17,2021,PHI,STL,4,9,0,-108.0,-102.0
2021-04-17,2021,MIA,SFG,7,6,1,-130.0,120.0
2021-04-17,2021,MIL,PIT,7,1,1,-129.0,119.0
2021-04-17,2021,COL,NYM,7,2,1,108.0,-118.0
2021-04-17,2021,SDP,LAD,0,2,0,106.0,-116.0
2021-04-17,2021,NYY,TBR,3,6,0,-105.0,-105.0
2021-04-17,2021,KCR,TOR,1,5,0,-105.0,-105.0
2021-04-17,2021,BOS,CHW,7,4,1,-127.0,117.0
2021-04-17,2021,ATH,DET,7,0,1,-128.0,118.0
2021-04-17,2021,TEX,BAL,1,6,0,-135.0,125.0
2021-04-17,2021,SEA,HOU,0,1,0,118.0,-128.0
2021-04-17,2021,CIN,CLE,3,2,1,-137.0,127.0
2021-04-17,2021,COL,NYM,3,4,0,245.0,-280.0
2021-04-17,2021,KCR,TOR,3,2,1,105.0,-115.0
2021-04-18,2021,PHI,STL,2,0,1,-176.0,163.0
2021-04-18,2021,WSN,ARI,2,5,0,-142.0,132.0
2021-04-18,2021,MIA,SFG,0,1,0,-138.0,128.0
2021-04-18,2021,MIL,PIT,5,6,0,-200.0,180.0
2021-04-18,2021,COL,NYM,1,2,0,165.0,-180.0
2021-04-18,2021,SDP,LAD,5,2,1,115.0,-125.0
2021-04-18,2021,CHC,ATL,4,13,0,-140.0,130.0
2021-04-18,2021,NYY,TBR,2,4,0,-250.0,220.0
2021-04-18,2021,BOS,CHW,2,3,0,-108.0,-102.0
2021-04-18,2021,KCR,TOR,2,0,1,-112.0,102.0
2021-04-18,2021,TEX,BAL,1,0,1,100.0,-110.0
2021-04-18,2021,ATH,DET,3,2,1,-150.0,140.0
2021-04-18,2021,SEA,HOU,7,2,1,112.0,-122.0
2021-04-18,2021,CIN,CLE,3,6,0,145.0,-155.0
2021-04-18,2021,BOS,CHW,1,5,0,105.0,-115.0
2021-04-19,2021,WSN,STL,5,12,0,-102.0,-108.0
2021-04-19,2021,PHI,SFG,0,2,0,-105.0,-105.0
2021-04-19,2021,SDP,MIL,1,3,0,-165.0,155.0
2021-04-19,2021,BOS,CHW,11,4,1,105.0,-115.0
2021-04-19,2021,KCR,TBR,1,4,0,-108.0,-102.0
2021-04-19,2021,LAA,TEX,4,6,0,-220.0,200.0
2021-04-19,2021,SEA,LAD,4,3,1,178.0,-196.0
2021-04-20,2021,CIN,ARI,4,3,1,-142.0,132.0
2021-04-20,2021,WSN,STL,3,2,1,-111.0,101.0
2021-04-20,2021,PHI,SFG,7,10,0,-145.0,135.0
2021-04-20,2021,CHC,NYM,3,1,1,115.0,-125.0
2021-04-20,2021,SDP,MIL,0,6,0,102.0,-112.0
2021-04-20,2021,CLE,CHW,5,8,0,-102.0,-108.0
2021-04-20,2021,BOS,TOR,4,2,1,-103.0,-107.0
2021-04-20,2021,KCR,TBR,7,14,0,-105.0,-105.0
2021-04-20,2021,LAA,TEX,6,2,1,-184.0,169.0
2021-04-20,2021,ATH,MIN,1,0,1,106.0,-116.0
2021-04-20,2021,SEA,LAD,0,1,0,175.0,-190.0
2021-04-20,2021,NYY,ATL,3,1,1,-118.0,108.0
2021-04-20,2021,MIA,BAL,5,7,0,-118.0,108.0
2021-04-20,2021,COL,HOU,6,2,1,102.0,-112.0
2021-04-20,2021,ATH,MIN,7,0,1,-115.0,105.0
2021-04-21,2021,PHI,SFG,6,5,1,-120.0,110.0
2021-04-21,2021,WSN,STL,1,0,1,-159.0,149.0
2021-04-21,2021,SDP,MIL,2,4,0,-196.0,178.0
2021-04-21,2021,CIN,ARI,5,8,0,-168.0,158.0
2021-04-21,2021,CHC,NYM,16,4,1,113.0,-123.0
2021-04-21,2021,ATH,MIN,13,12,1,-112.0,102.0
2021-04-21,2021,LAA,TEX,4,7,0,-172.0,161.0
2021-04-21,2021,BOS,TOR,3,6,0,-128.0,118.0
2021-04-21,2021,KCR,TBR,9,8,1,100.0,-110.0
2021-04-21,2021,MIA,BAL,3,0,1,-155.0,145.0
2021-04-21,2021,COL,HOU,6,3,1,130.0,-140.0
2021-04-21,2021,NYY,ATL,1,4,0,-140.0,130.0
2021-04-21,2021,DET,PIT,2,3,0,-123.0,113.0
2021-04-21,2021,DET,PIT,5,2,1,-133.0,123.0
2021-04-22,2021,CIN,ARI,11,14,0,-142.0,132.0
2021-04-22,2021,CHC,NYM,4,3,1,-110.0,100.0
2021-04-22,2021,SFG,MIA,3,0,1,-140.0,130.0
2021-04-22,2021,LAD,SDP,2,3,0,-169.0,159.0
2021-04-22,2021,CLE,NYY,3,6,0,-112.0,102.0
2021-04-22,2021,BOS,SEA,3,7,0,-164.0,154.0
2021-04-22,2021,HOU,LAA,8,2,1,-124.0,114.0
2021-04-22,2021,DET,PIT,2,4,0,-115.0,105.0
2021-04-23,2021,CHC,MIL,15,2,1,-158.0,148.0
2021-04-23,2021,NYM,WSN,6,0,1,-300.0,260.0
2021-04-23,2021,ATL,ARI,5,4,1,-155.0,145.0
2021-04-23,2021,STL,CIN,5,4,1,-104.0,-106.0
2021-04-23,2021,COL,PHI,5,4,1,-123.0,113.0
2021-04-23,2021,SFG,MIA,5,3,1,-134.0,124.0
2021-04-23,2021,LAD,SDP,1,6,0,-146.0,136.0
2021-04-23,2021,BAL,ATH,1,3,0,117.0,-127.0
2021-04-23,2021,BOS,SEA,6,5,1,-141.0,131.0
2021-04-23,2021,CLE,NYY,3,5,0,144.0,-154.0
2021-04-23,2021,DET,KCR,2,6,0,100.0,-110.0
2021-04-23,2021,TBR,TOR,3,5,0,-161.0,151.0
2021-04-23,2021,HOU,LAA,5,4,1,-160.0,150.0
2021-04-23,2021,CHW,TEX,9,7,1,-139.0,129.0
2021-04-23,2021,MIN,PIT,2,0,1,-153.0,143.0
2021-04-24,2021,STL,CIN,2,0,1,-110.0,100.0
2021-04-24,2021,CHC,MIL,3,4,0,-105.0,-105.0
2021-04-24,2021,NYM,WSN,1,7,0,-186.0,171.0
2021-04-24,2021,COL,PHI,5,7,0,162.0,-174.0
2021-04-24,2021,SFG,MIA,2,5,0,-147.0,137.0
2021-04-24,2021,LAD,SDP,5,4,1,-146.0,136.0
2021-04-24,2021,BOS,SEA,2,8,0,-194.0,177.0
2021-04-24,2021,DET,KCR,1,2,0,104.0,-114.0
2021-04-24,2021,HOU,LAA,16,2,1,-147.0,137.0
2021-04-24,2021,CLE,NYY,1,2,0,110.0,-120.0
2021-04-24,2021,TBR,TOR,5,3,1,-137.0,127.0
2021-04-24,2021,BAL,ATH,2,7,0,148.0,-158.0
2021-04-24,2021,CHW,TEX,2,1,1,-170.0,160.0
2021-04-24,2021,MIN,PIT,2,6,0,-210.0,190.0
2021-04-25,2021,NYM,WSN,4,0,1,-145.0,135.0
2021-04-25,2021,STL,CIN,5,2,1,-125.0,115.0
2021-04-25,2021,CHC,MIL,0,6,0,122.0,-132.0
2021-04-25,2021,COL,PHI,12,2,1,-110.0,100.0
2021-04-25,2021,SFG,MIA,4,3,1,-156.0,146.0
2021-04-25,2021,LAD,SDP,7,8,0,-124.0,114.0
2021-04-25,2021,BAL,ATH,8,1,1,113.0,-123.0
2021-04-25,2021,BOS,SEA,5,3,1,-190.0,175.0
2021-04-25,2021,CLE,NYY,7,3,1,116.0,-126.0
2021-04-25,2021,DET,KCR,0,4,0,105.0,-115.0
2021-04-25,2021,TBR,TOR,0,1,0,106.0,-116.0
2021-04-25,2021,CHW,TEX,8,4,1,-180.0,165.0
2021-04-25,2021,HOU,LAA,2,4,0,-138.0,128.0
2021-04-25,2021,MIN,PIT,2,6,0,-185.0,170.0
2021-04-25,2021,ATL,ARI,0,5,0,-129.0,119.0
2021-04-25,2021,ATL,ARI,0,7,0,-185.0,170.0
2021-04-26,2021,ATL,CHC,8,7,1,-198.0,179.0
2021-04-26,2021,MIL,MIA,0,8,0,-163.0,153.0
2021-04-26,2021,STL,PHI,1,2,0,-103.0,-107.0
2021-04-26,2021,SFG,COL,12,0,1,-165.0,155.0
2021-04-26,2021,LAD,CIN,3,5,0,-185.0,170.0
2021-04-26,2021,DET,KCR,2,3,0,-105.0,-105.0
2021-04-26,2021,CLE,MIN,5,3,1,109.0,-119.0
2021-04-26,2021,BAL,NYY,4,2,1,150.0,-160.0
2021-04-26,2021,TBR,ATH,1,2,0,-102.0,-108.0
2021-04-26,2021,TEX,LAA,4,9,0,150.0,-160.0
2021-04-26,2021,HOU,SEA,5,2,1,-177.0,164.0
2021-04-27,2021,ATL,CHC,5,0,1,-160.0,150.0
2021-04-27,2021,MIL,MIA,5,4,1,-145.0,135.0
2021-04-27,2021,STL,PHI,5,2,1,-101.0,-109.0
2021-04-27,2021,ARI,SDP,5,1,1,138.0,-148.0
2021-04-27,2021,SFG,COL,5,7,0,-165.0,155.0
2021-04-27,2021,LAD,CIN,5,6,0,-260.0,230.0
2021-04-27,2021,CLE,MIN,7,4,1,103.0,-113.0
2021-04-27,2021,BAL,NYY,1,5,0,163.0,-176.0
2021-04-27,2021,TBR,ATH,4,3,1,-112.0,102.0
2021-04-27,2021,TEX,LAA,6,1,1,142.0,-152.0
2021-04-27,2021,CHW,DET,2,5,0,-245.0,215.0
2021-04-27,2021,HOU,SEA,2,0,1,-190.0,175.0
2021-04-27,2021,PIT,KCR,2,1,1,-113.0,103.0
2021-04-27,2021,TOR,WSN,9,5,1,107.0,-117.0
2021-04-27,2021,NYM,BOS,1,2,0,-146.0,136.0
2021-04-28,2021,MIL,MIA,2,6,0,103.0,-113.0
2021-04-28,2021,LAD,CIN,8,0,1,-210.0,190.0
2021-04-28,2021,ATL,CHC,10,0,1,-133.0,123.0
2021-04-28,2021,STL,PHI,3,5,0,-105.0,-105.0
2021-04-28,2021,ARI,SDP,3,12,0,146.0,-156.0
2021-04-28,2021,SFG,COL,7,3,1,-142.0,132.0
2021-04-28,2021,CLE,MIN,2,10,0,112.0,-122.0
2021-04-28,2021,BAL,NYY,0,7,0,137.0,-147.0
2021-04-28,2021,TBR,ATH,2,0,1,-170.0,160.0
2021-04-28,2021,TEX,LAA,3,4,0,115.0,-125.0
2021-04-28,2021,HOU,SEA,7,5,1,-210.0,190.0
2021-04-28,2021,PIT,KCR,6,9,0,115.0,-125.0
2021-04-28,2021,NYM,BOS,0,1,0,-270.0,240.0
2021-04-28,2021,TOR,WSN,2,8,0,-176.0,163.0
2021-04-29,2021,STL,PHI,4,3,1,107.0,-117.0
2021-04-29,2021,ATL,CHC,3,9,0,-130.0,120.0
2021-04-29,2021,MIL,LAD,2,1,1,180.0,-200.0
2021-04-29,2021,ARI,COL,5,3,1,-128.0,118.0
2021-04-29,2021,BAL,NYY,4,3,1,165.0,-180.0
2021-04-29,2021,TBR,ATH,2,3,0,-112.0,102.0
2021-04-29,2021,HOU,SEA,0,1,0,-160.0,150.0
2021-04-29,2021,TEX,BOS,4,1,1,-101.0,-109.0
2021-04-29,2021,CHW,DET,3,1,1,-200.0,180.0
2021-04-29,2021,CHW,DET,11,0,1,-146.0,136.0
2021-04-30,2021,PIT,STL,3,7,0,-116.0,106.0
2021-04-30,2021,PHI,NYM,2,1,1,150.0,-160.0
2021-04-30,2021,WSN,MIA,2,1,1,115.0,-125.0
2021-04-30,2021,CIN,CHC,8,6,1,-120.0,110.0
2021-04-30,2021,MIL,LAD,3,1,1,-108.0,-102.0
2021-04-30,2021,ARI,COL,7,2,1,-125.0,115.0
2021-04-30,2021,SDP,SFG,3,2,1,-196.0,178.0
2021-04-30,2021,NYY,DET,10,0,1,-400.0,330.0
2021-04-30,2021,TBR,HOU,2,9,0,116.0,-126.0
2021-04-30,2021,TEX,BOS,1,6,0,145.0,-155.0
2021-04-30,2021,MIN,KCR,9,1,1,-140.0,130.0
2021-04-30,2021,CHW,CLE,3,5,0,128.0,-138.0
2021-04-30,2021,ATH,BAL,2,3,0,-129.0,119.0
2021-04-30,2021,SEA,LAA,7,4,1,138.0,-148.0
2021-04-30,2021,TOR,ATL,13,5,1,-120.0,110.0
2021-05-01,2021,WSN,MIA,7,2,1,-147.0,137.0
2021-05-01,2021,CIN,CHC,2,3,0,-155.0,145.0
2021-05-01,2021,PHI,NYM,4,5,0,-107.0,-103.0
2021-05-01,2021,PIT,STL,5,12,0,140.0,-150.0
2021-05-01,2021,MIL,LAD,6,5,1,115.0,-125.0
2021-05-01,2021,ARI,COL,6,14,0,-172.0,161.0
2021-05-01,2021,SDP,SFG,6,2,1,-174.0,162.0
2021-05-01,2021,NYY,DET,6,4,1,-215.0,195.0
2021-05-01,2021,MIN,KCR,3,11,0,-144.0,134.0
2021-05-01,2021,CHW,CLE,7,3,1,-162.0,152.0
2021-05-01,2021,ATH,BAL,4,8,0,-185.0,170.0
2021-05-01,2021,TBR,HOU,1,3,0,-101.0,-109.0
2021-05-01,2021,TEX,BOS,8,6,1,162.0,-174.0
2021-05-01,2021,SEA,LAA,5,10,0,126.0,-136.0
2021-05-01,2021,TOR,ATL,6,5,1,128.0,-138.0
2021-05-02,2021,WSN,MIA,3,1,1,-153.0,143.0
2021-05-02,2021,PIT,STL,0,3,0,120.0,-130.0
2021-05-02,2021,CIN,CHC,13,12,1,-162.0,152.0
2021-05-02,2021,MIL,LAD,4,16,0,180.0,-200.0
2021-05-02,2021,ARI,COL,8,4,1,-142.0,132.0
2021-05-02,2021,SDP,SFG,1,7,0,-180.0,165.0
2021-05-02,2021,PHI,NYM,7,8,0,-125.0,115.0
2021-05-02,2021,NYY,DET,2,0,1,-240.0,210.0
2021-05-02,2021,TBR,HOU,5,4,1,115.0,-125.0
2021-05-02,2021,CHW,CLE,0,5,0,-158.0,148.0
2021-05-02,2021,MIN,KCR,13,4,1,-210.0,190.0
2021-05-02,2021,TEX,BOS,5,3,1,110.0,-120.0
2021-05-02,2021,ATH,BAL,7,5,1,-200.0,180.0
2021-05-02,2021,SEA,LAA,2,0,1,144.0,-154.0
2021-05-02,2021,TOR,ATL,7,2,1,115.0,-125.0
2021-05-03,2021,PHI,MIL,4,3,1,100.0,-110.0
2021-05-03,2021,STL,NYM,6,5,1,-130.0,120.0
2021-05-03,2021,SDP,PIT,2,0,1,-178.0,164.0
2021-05-03,2021,MIN,TEX,6,5,1,-176.0,163.0
2021-05-03,2021,KCR,CLE,6,8,0,102.0,-112.0
2021-05-03,2021,LAA,TBR,3,7,0,138.0,-148.0
2021-05-03,2021,ATH,TOR,5,4,1,-120.0,110.0
2021-05-03,2021,SEA,BAL,3,5,0,-125.0,115.0
2021-05-04,2021,MIA,ARI,9,3,1,-145.0,135.0
2021-05-04,2021,WSN,ATL,1,6,0,114.0,-124.0
2021-05-04,2021,PHI,MIL,6,5,1,-165.0,155.0
2021-05-04,2021,SDP,PIT,1,2,0,-245.0,215.0
2021-05-04,2021,NYY,HOU,7,3,1,-115.0,105.0
2021-05-04,2021,BOS,DET,11,7,1,-170.0,160.0
2021-05-04,2021,MIN,TEX,3,6,0,-155.0,145.0
2021-05-04,2021,KCR,CLE,3,7,0,-137.0,127.0
2021-05-04,2021,LAA,TBR,3,8,0,-113.0,103.0
2021-05-04,2021,ATH,TOR,4,1,1,-120.0,110.0
2021-05-04,2021,SEA,BAL,5,2,1,-121.0,111.0
2021-05-04,2021,CIN,CHW,0,9,0,-111.0,101.0
2021-05-04,2021,COL,SFG,4,12,0,-125.0,115.0
2021-05-04,2021,CHC,LAD,7,1,1,160.0,-170.0
2021-05-04,2021,CHC,LAD,4,3,1,205.0,-230.0
2021-05-04,2021,COL,SFG,8,6,1,143.0,-153.0
2021-05-05,2021,COL,SFG,6,5,1,-112.0,102.0
2021-05-05,2021,MIA,ARI,8,0,1,-111.0,101.0
2021-05-05,2021,WSN,ATL,3,5,0,121.0,-131.0
2021-05-05,2021,PHI,MIL,5,4,1,122.0,-132.0
2021-05-05,2021,CHC,LAD,6,5,1,149.0,-159.0
2021-05-05,2021,SDP,PIT,4,2,1,-222.0,202.0
2021-05-05,2021,SEA,BAL,0,6,0,-112.0,102.0
2021-05-05,2021,NYY,HOU,6,3,1,-131.0,121.0
2021-05-05,2021,BOS,DET,5,6,0,-178.0,164.0
2021-05-05,2021,MIN,TEX,1,3,0,-176.0,163.0
2021-05-05,2021,KCR,CLE,4,5,0,144.0,-154.0
2021-05-05,2021,LAA,TBR,1,3,0,-106.0,-104.0
2021-05-05,2021,ATH,TOR,4,9,0,-132.0,122.0
2021-05-05,2021,CIN,CHW,1,0,1,-126.0,116.0
2021-05-05,2021,STL,NYM,4,1,1,106.0,-116.0
2021-05-05,2021,STL,NYM,2,7,0,-115.0,105.0
2021-05-06,2021,PHI,MIL,2,0,1,109.0,-119.0
2021-05-06,2021,STL,NYM,1,4,0,-102.0,-108.0
2021-05-06,2021,WSN,ATL,2,3,0,103.0,-113.0
2021-05-06,2021,MIA,ARI,3,1,1,-137.0,127.0
2021-05-06,2021,NYY,HOU,4,7,0,-190.0,175.0
2021-05-06,2021,BOS,DET,12,9,1,-194.0,177.0
2021-05-06,2021,MIN,TEX,3,4,0,-174.0,162.0
2021-05-06,2021,KCR,CLE,0,4,0,-133.0,123.0
2021-05-06,2021,ATH,TOR,4,10,0,120.0,-130.0
2021-05-06,2021,LAA,TBR,3,8,0,-144.0,134.0
2021-05-07,2021,CHC,PIT,3,2,1,-148.0,138.0
2021-05-07,2021,MIA,MIL,6,1,1,-128.0,118.0
2021-05-07,2021,NYM,ARI,5,4,1,-128.0,118.0
2021-05-07,2021,ATL,PHI,2,12,0,-142.0,132.0
2021-05-07,2021,STL,COL,5,0,1,-210.0,190.0
2021-05-07,2021,SFG,SDP,5,4,1,132.0,-142.0
2021-05-07,2021,BAL,BOS,2,6,0,142.0,-152.0
2021-05-07,2021,DET,MIN,3,7,0,136.0,-146.0
2021-05-07,2021,TEX,SEA,4,5,0,-119.0,109.0
2021-05-07,2021,KCR,CHW,0,3,0,134.0,-144.0
2021-05-07,2021,HOU,TOR,10,4,1,-141.0,131.0
2021-05-07,2021,ATH,TBR,2,1,1,-127.0,117.0
2021-05-07,2021,NYY,WSN,4,11,0,-170.0,160.0
2021-05-07,2021,CLE,CIN,0,3,0,-139.0,129.0
2021-05-07,2021,LAA,LAD,9,2,1,156.0,-166.0
2021-05-08,2021,STL,COL,9,8,1,-185.0,170.0
2021-05-08,2021,CHC,PIT,3,2,1,-190.0,175.0
2021-05-08,2021,SFG,SDP,7,1,1,123.0,-133.0
2021-05-08,2021,MIA,MIL,2,6,0,105.0,-115.0
2021-05-08,2021,NYM,ARI,4,2,1,-145.0,135.0
2021-05-08,2021,ATL,PHI,8,7,1,-157.0,147.0
2021-05-08,2021,ATH,TBR,6,3,1,115.0,-125.0
2021-05-08,2021,DET,MIN,7,3,1,165.0,-180.0
2021-05-08,2021,TEX,SEA,9,8,1,-108.0,-102.0
2021-05-08,2021,BAL,BOS,6,11,0,124.0,-134.0
2021-05-08,2021,HOU,TOR,4,8,0,-140.0,130.0
2021-05-08,2021,KCR,CHW,1,9,0,156.0,-166.0
2021-05-08,2021,NYY,WSN,4,3,1,-112.0,102.0
2021-05-08,2021,CLE,CIN,9,2,1,-111.0,101.0
2021-05-08,2021,LAA,LAD,11,14,0,133.0,-143.0
2021-05-09,2021,MIA,MIL,1,2,0,-137.0,127.0
2021-05-09,2021,NYM,ARI,4,2,1,-310.0,270.0
2021-05-09,2021,STL,COL,2,0,1,-146.0,136.0
2021-05-09,2021,CHC,PIT,5,6,0,-159.0,149.0
2021-05-09,2021,SFG,SDP,1,11,0,120.0,-130.0
2021-05-09,2021,ATL,PHI,6,1,1,-105.0,-105.0
2021-05-09,2021,BAL,BOS,3,4,0,120.0,-130.0
2021-05-09,2021,KCR,CHW,3,9,0,132.0,-142.0
2021-05-09,2021,HOU,TOR,7,4,1,-150.0,140.0
2021-05-09,2021,TEX,SEA,10,2,1,-130.0,120.0
2021-05-09,2021,ATH,TBR,3,4,0,-120.0,110.0
2021-05-09,2021,NYY,WSN,3,2,1,-150.0,140.0
2021-05-09,2021,LAA,LAD,2,1,1,165.0,-180.0
2021-05-10,2021,PIT,CIN,1,14,0,145.0,-155.0
2021-05-10,2021,ARI,MIA,5,2,1,-118.0,108.0
2021-05-10,2021,BAL,BOS,4,1,1,122.0,-132.0
2021-05-10,2021,HOU,LAA,4,5,0,-180.0,165.0
2021-05-10,2021,SFG,TEX,3,1,1,-138.0,128.0
2021-05-11,2021,PIT,CIN,7,2,1,-118.0,108.0
2021-05-11,2021,WSN,PHI,2,6,0,-120.0,110.0
2021-05-11,2021,MIL,STL,1,6,0,-125.0,115.0
2021-05-11,2021,COL,SDP,1,8,0,153.0,-163.0
2021-05-11,2021,ARI,MIA,11,3,1,-111.0,101.0
2021-05-11,2021,DET,KCR,8,7,1,119.0,-129.0
2021-05-11,2021,BOS,ATH,2,3,0,-120.0,110.0
2021-05-11,2021,TBR,NYY,1,3,0,109.0,-119.0
2021-05-11,2021,CHW,MIN,9,3,1,-112.0,102.0
2021-05-11,2021,HOU,LAA,5,1,1,-148.0,138.0
2021-05-11,2021,SFG,TEX,4,2,1,-145.0,135.0
2021-05-11,2021,CLE,CHC,3,2,1,-185.0,170.0
2021-05-11,2021,NYM,BAL,3,2,1,-156.0,146.0
2021-05-11,2021,ATL,TOR,3,5,0,-103.0,-107.0
2021-05-11,2021,LAD,SEA,6,4,1,-240.0,210.0
2021-05-12,2021,PIT,CIN,1,5,0,157.0,-167.0
2021-05-12,2021,COL,SDP,3,5,0,138.0,-148.0
2021-05-12,2021,WSN,PHI,2,5,0,116.0,-126.0
2021-05-12,2021,MIL,STL,4,1,1,-177.0,164.0
2021-05-12,2021,ARI,MIA,2,3,0,-125.0,115.0
2021-05-12,2021,DET,KCR,4,2,1,140.0,-150.0
2021-05-12,2021,BOS,ATH,1,4,0,-146.0,136.0
2021-05-12,2021,TBR,NYY,0,1,0,175.0,-190.0
2021-05-12,2021,CHW,MIN,13,8,1,-130.0,120.0
2021-05-12,2021,HOU,LAA,9,1,1,-160.0,150.0
2021-05-12,2021,NYM,BAL,7,1,1,-172.0,161.0
2021-05-12,2021,CLE,CHC,2,1,1,-130.0,120.0
2021-05-12,2021,ATL,TOR,1,4,0,-110.0,100.0
2021-05-12,2021,LAD,SEA,7,1,1,-260.0,230.0
2021-05-12,2021,COL,SDP,3,2,1,146.0,-156.0
2021-05-13,2021,WSN,PHI,5,1,1,-110.0,100.0
2021-05-13,2021,MIL,STL,0,2,0,-135.0,125.0
2021-05-13,2021,PIT,SFG,1,3,0,135.0,-145.0
2021-05-13,2021,COL,CIN,13,8,1,147.0,-157.0
2021-05-13,2021,ARI,MIA,1,5,0,115.0,-125.0
2021-05-13,2021,DET,KCR,4,3,1,-105.0,-105.0
2021-05-13,2021,CHW,MIN,4,2,1,-126.0,116.0
2021-05-13,2021,BOS,ATH,8,1,1,-109.0,-101.0
2021-05-13,2021,TBR,NYY,9,1,1,106.0,-116.0
2021-05-13,2021,HOU,TEX,4,3,1,-200.0,180.0
2021-05-13,2021,SEA,CLE,2,4,0,110.0,-120.0
2021-05-13,2021,ATL,TOR,4,8,0,-155.0,145.0
2021-05-14,2021,PIT,SFG,3,2,1,169.0,-184.0
2021-05-14,2021,MIL,ATL,3,6,0,-134.0,124.0
2021-05-14,2021,COL,CIN,9,6,1,-105.0,-105.0
2021-05-14,2021,ARI,WSN,2,17,0,171.0,-186.0
2021-05-14,2021,LAD,MIA,9,6,1,-229.0,209.0
2021-05-14,2021,SDP,STL,5,4,1,-168.0,158.0
2021-05-14,2021,CHW,KCR,2,6,0,-192.0,176.0
2021-05-14,2021,BAL,NYY,4,5,0,158.0,-168.0
2021-05-14,2021,BOS,LAA,4,3,1,-111.0,101.0
2021-05-14,2021,HOU,TEX,10,4,1,-216.0,196.0
2021-05-14,2021,CHW,KCR,3,1,1,-166.0,156.0
2021-05-14,2021,MIN,ATH,1,6,0,102.0,-112.0
2021-05-14,2021,SEA,CLE,7,3,1,102.0,-112.0
2021-05-14,2021,DET,CHC,2,4,0,136.0,-146.0
2021-05-14,2021,TBR,NYM,3,2,1,-157.0,147.0
2021-05-14,2021,TOR,PHI,1,5,0,-144.0,134.0
2021-05-15,2021,PIT,SFG,8,6,1,110.0,-120.0
2021-05-15,2021,MIL,ATL,1,5,0,100.0,-110.0
2021-05-15,2021,COL,CIN,5,6,0,159.0,-169.0
2021-05-15,2021,ARI,WSN,11,4,1,114.0,-124.0
2021-05-15,2021,SDP,STL,13,3,1,-117.0,107.0
2021-05-15,2021,LAD,MIA,7,0,1,-290.0,250.0
2021-05-15,2021,MIN,ATH,5,4,1,-135.0,125.0
2021-05-15,2021,BOS,LAA,9,0,1,103.0,-113.0
2021-05-15,2021,BAL,NYY,2,8,0,144.0,-154.0
2021-05-15,2021,CHW,KCR,1,5,0,-189.0,174.0
2021-05-15,2021,HOU,TEX,6,5,1,-155.0,145.0
2021-05-15,2021,SEA,CLE,7,3,1,-101.0,-109.0
2021-05-15,2021,TBR,NYM,12,5,1,-142.0,132.0
2021-05-15,2021,DET,CHC,9,8,1,142.0,-152.0
2021-05-15,2021,TOR,PHI,4,0,1,133.0,-143.0
2021-05-16,2021,PIT,SFG,1,4,0,160.0,-170.0
2021-05-16,2021,MIL,ATL,10,9,1,-130.0,120.0
2021-05-16,2021,COL,CIN,6,7,0,-105.0,-105.0
2021-05-16,2021,LAD,MIA,2,3,0,-145.0,135.0
2021-05-16,2021,ARI,WSN,0,3,0,-105.0,-105.0
2021-05-16,2021,SDP,STL,5,3,1,-110.0,100.0
2021-05-16,2021,BAL,NYY,10,6,1,150.0,-160.0
2021-05-16,2021,BOS,LAA,5,6,0,-154.0,144.0
2021-05-16,2021,HOU,TEX,6,2,1,-165.0,155.0
2021-05-16,2021,MIN,ATH,6,7,0,-112.0,102.0
2021-05-16,2021,CHW,KCR,4,3,1,-170.0,160.0
2021-05-16,2021,SEA,CLE,3,2,1,180.0,-200.0
2021-05-16,2021,TOR,PHI,10,8,1,-192.0,176.0
2021-05-16,2021,DET,CHC,1,5,0,132.0,-142.0
2021-05-16,2021,TBR,NYM,7,1,1,-105.0,-105.0
2021-05-17,2021,CIN,SFG,3,6,0,-130.0,120.0
2021-05-17,2021,ATL,NYM,1,3,0,-158.0,148.0
2021-05-17,2021,CHC,WSN,7,3,1,-154.0,144.0
2021-05-17,2021,LAD,ARI,3,1,1,-207.0,187.0
2021-05-17,2021,SDP,COL,7,0,1,-215.0,195.0
2021-05-17,2021,MIN,CHW,4,16,0,-110.0,100.0
2021-05-17,2021,TEX,NYY,5,2,1,230.0,-260.0
2021-05-17,2021,LAA,CLE,7,4,1,-135.0,125.0
2021-05-17,2021,SEA,DET,1,4,0,-170.0,160.0
2021-05-18,2021,CIN,SFG,2,4,0,-117.0,107.0
2021-05-18,2021,PHI,MIA,8,3,1,-174.0,162.0
2021-05-18,2021,ATL,NYM,3,4,0,-147.0,137.0
2021-05-18,2021,CHC,WSN,6,3,1,-105.0,-105.0
2021-05-18,2021,STL,PIT,5,2,1,-120.0,110.0
2021-05-18,2021,LAD,ARI,9,1,1,-260.0,230.0
2021-05-18,2021,SDP,COL,2,1,1,-210.0,190.0
2021-05-18,2021,BAL,TBR,6,13,0,140.0,-150.0
2021-05-18,2021,TOR,BOS,8,0,1,-122.0,112.0
2021-05-18,2021,MIN,CHW,5,4,1,135.0,-145.0
2021-05-18,2021,TEX,NYY,4,7,0,133.0,-143.0
2021-05-18,2021,LAA,CLE,5,6,0,-110.0,100.0
2021-05-18,2021,ATH,HOU,6,5,1,106.0,-116.0
2021-05-18,2021,SEA,DET,0,5,0,-113.0,103.0
2021-05-18,2021,KCR,MIL,2,0,1,160.0,-170.0
2021-05-19,2021,SDP,COL,3,0,1,-300.0,260.0
2021-05-19,2021,CIN,SFG,0,4,0,108.0,-118.0
2021-05-19,2021,PHI,MIA,1,3,0,-119.0,109.0
2021-05-19,2021,ATL,NYM,5,4,1,-194.0,177.0
2021-05-19,2021,CHC,WSN,3,4,0,146.0,-156.0
2021-05-19,2021,STL,PIT,8,5,1,-220.0,200.0
2021-05-19,2021,LAD,ARI,4,2,1,-310.0,270.0
2021-05-19,2021,MIN,CHW,1,2,0,115.0,-125.0
2021-05-19,2021,BAL,TBR,7,9,0,-104.0,-106.0
2021-05-19,2021,TOR,BOS,3,7,0,-113.0,103.0
2021-05-19,2021,TEX,NYY,0,2,0,158.0,-168.0
2021-05-19,2021,LAA,CLE,2,3,0,-116.0,106.0
2021-05-19,2021,ATH,HOU,1,8,0,111.0,-121.0
2021-05-19,2021,SEA,DET,2,6,0,-148.0,138.0
2021-05-19,2021,KCR,MIL,6,4,1,178.0,-196.0
2021-05-20,2021,CIN,SFG,4,19,0,-145.0,135.0
2021-05-20,2021,CHC,WSN,5,2,1,-108.0,-102.0
2021-05-20,2021,PHI,MIA,0,6,0,-103.0,-107.0
2021-05-20,2021,ATL,PIT,4,6,0,-209.0,189.0
2021-05-20,2021,LAD,ARI,3,2,1,-200.0,180.0
2021-05-20,2021,BAL,TBR,1,10,0,140.0,-150.0
2021-05-20,2021,TEX,NYY,0,2,0,105.0,-115.0
2021-05-20,2021,ATH,HOU,4,8,0,107.0,-117.0
2021-05-20,2021,LAA,MIN,7,1,1,-110.0,100.0
2021-05-20,2021,LAA,MIN,3,6,0,109.0,-119.0
2021-05-20,2021,TOR,BOS,7,8,0,-119.0,109.0
2021-05-21,2021,MIA,NYM,5,6,0,-105.0,-105.0
2021-05-21,2021,CIN,MIL,9,4,1,119.0,-129.0
2021-05-21,2021,ATL,PIT,20,1,1,-190.0,175.0
2021-05-21,2021,STL,CHC,3,12,0,114.0,-124.0
2021-05-21,2021,COL,ARI,7,1,1,-149.0,139.0
2021-05-21,2021,SFG,LAD,1,2,0,111.0,-121.0
2021-05-21,2021,NYY,CHW,2,1,1,-110.0,100.0
2021-05-21,2021,CLE,MIN,0,10,0,-129.0,119.0
2021-05-21,2021,TOR,TBR,7,9,0,144.0,-154.0
2021-05-21,2021,TEX,HOU,7,5,1,114.0,-124.0
2021-05-21,2021,KCR,DET,5,7,0,-164.0,154.0
2021-05-21,2021,LAA,ATH,4,8,0,-110.0,100.0
2021-05-21,2021,WSN,BAL,4,2,1,-192.0,176.0
2021-05-21,2021,PHI,BOS,3,11,0,-146.0,136.0
2021-05-21,2021,SDP,SEA,16,1,1,-215.0,195.0
2021-05-22,2021,COL,ARI,7,6,1,102.0,-112.0
2021-05-22,2021,CIN,MIL,3,4,0,-154.0,144.0
2021-05-22,2021,ATL,PIT,6,1,1,-200.0,180.0
2021-05-22,2021,MIA,NYM,3,1,1,-151.0,141.0
2021-05-22,2021,SFG,LAD,3,6,0,141.0,-151.0
2021-05-22,2021,STL,CHC,2,1,1,111.0,-121.0
2021-05-22,2021,NYY,CHW,7,0,1,-200.0,180.0
2021-05-22,2021,TEX,HOU,8,4,1,160.0,-170.0
2021-05-22,2021,KCR,DET,7,5,1,-145.0,135.0
2021-05-22,2021,CLE,MIN,5,3,1,-162.0,152.0
2021-05-22,2021,TOR,TBR,1,3,0,-115.0,105.0
2021-05-22,2021,LAA,ATH,2,6,0,124.0,-134.0
2021-05-22,2021,WSN,BAL,12,9,1,-147.0,137.0
2021-05-22,2021,PHI,BOS,3,4,0,120.0,-130.0
2021-05-22,2021,SDP,SEA,6,4,1,-194.0,177.0
2021-05-23,2021,MIA,NYM,5,1,1,-146.0,136.0
2021-05-23,2021,CIN,MIL,4,9,0,105.0,-115.0
2021-05-23,2021,ATL,PIT,7,1,1,-210.0,190.0
2021-05-23,2021,COL,ARI,4,3,1,-130.0,120.0
2021-05-23,2021,SFG,LAD,5,11,0,120.0,-130.0
2021-05-23,2021,STL,CHC,1,2,0,-129.0,119.0
2021-05-23,2021,NYY,CHW,5,4,1,-149.0,139.0
2021-05-23,2021,TOR,TBR,4,6,0,-166.0,156.0
2021-05-23,2021,CLE,MIN,5,8,0,-137.0,127.0
2021-05-23,2021,KCR,DET,3,2,1,-142.0,132.0
2021-05-23,2021,TEX,HOU,3,2,1,132.0,-142.0
2021-05-23,2021,LAA,ATH,6,5,1,110.0,-120.0
2021-05-23,2021,PHI,BOS,6,2,1,-125.0,115.0
2021-05-23,2021,WSN,BAL,6,5,1,-180.0,165.0
2021-05-23,2021,SDP,SEA,9,2,1,-280.0,245.0
2021-05-24,2021,MIA,PHI,9,6,1,-135.0,125.0
2021-05-24,2021,NYM,COL,2,3,0,-137.0,127.0
2021-05-24,2021,MIL,SDP,5,3,1,-115.0,105.0
2021-05-24,2021,TOR,TBR,8,14,0,-102.0,-108.0
2021-05-24,2021,DET,CLE,5,6,0,-126.0,116.0
2021-05-24,2021,MIN,BAL,8,3,1,-104.0,-106.0
2021-05-24,2021,ATH,SEA,2,4,0,-168.0,158.0
2021-05-24,2021,CHW,STL,5,1,1,-180.0,165.0
2021-05-25,2021,PIT,CHC,3,4,0,124.0,-134.0
2021-05-25,2021,MIA,PHI,0,2,0,-143.0,133.0
2021-05-25,2021,WSN,CIN,1,2,0,-205.0,185.0
2021-05-25,2021,NYM,COL,3,1,1,-240.0,210.0
2021-05-25,2021,MIL,SDP,1,7,0,-125.0,115.0
2021-05-25,2021,ARI,SFG,0,8,0,147.0,-157.0
2021-05-25,2021,NYY,TOR,2,6,0,-163.0,153.0
2021-05-25,2021,DET,CLE,1,4,0,132.0,-142.0
2021-05-25,2021,TBR,KCR,1,2,0,-185.0,170.0
2021-05-25,2021,MIN,BAL,7,4,1,-186.0,171.0
2021-05-25,2021,LAA,TEX,11,5,1,-170.0,160.0
2021-05-25,2021,ATH,SEA,3,4,0,-166.0,156.0
2021-05-25,2021,BOS,ATL,1,3,0,-102.0,-108.0
2021-05-25,2021,HOU,LAD,2,9,0,104.0,-114.0
2021-05-25,2021,CHW,STL,8,3,1,-128.0,118.0
2021-05-26,2021,PIT,CHC,1,4,0,114.0,-124.0
2021-05-26,2021,MIA,PHI,4,2,1,148.0,-158.0
2021-05-26,2021,MIL,SDP,1,2,0,107.0,-117.0
2021-05-26,2021,ARI,SFG,4,5,0,104.0,-114.0
2021-05-26,2021,MIN,BAL,3,2,1,-190.0,175.0
2021-05-26,2021,ATH,SEA,6,3,1,-174.0,162.0
2021-05-26,2021,LAA,TEX,9,8,1,102.0,-112.0
2021-05-26,2021,DET,CLE,1,0,1,113.0,-123.0
2021-05-26,2021,TBR,KCR,2,1,1,-200.0,180.0
2021-05-26,2021,CHW,STL,0,4,0,-215.0,195.0
2021-05-26,2021,BOS,ATL,9,5,1,-137.0,127.0
2021-05-26,2021,HOU,LAD,5,2,1,146.0,-156.0
2021-05-27,2021,MIA,PHI,2,3,0,-140.0,130.0
2021-05-27,2021,PIT,CHC,3,5,0,132.0,-142.0
2021-05-27,2021,MIL,SDP,6,5,1,105.0,-115.0
2021-05-27,2021,ARI,STL,4,5,0,105.0,-115.0
2021-05-27,2021,LAD,SFG,4,3,1,-143.0,133.0
2021-05-27,2021,DET,CLE,2,5,0,150.0,-160.0
2021-05-27,2021,TBR,KCR,7,2,1,-162.0,152.0
2021-05-27,2021,CHW,BAL,5,1,1,-210.0,190.0
2021-05-27,2021,ATH,LAA,5,0,1,-198.0,179.0
2021-05-27,2021,SEA,TEX,5,0,1,-105.0,-105.0
2021-05-27,2021,NYY,TOR,0,2,0,-120.0,110.0
2021-05-27,2021,NYY,TOR,5,3,1,-124.0,114.0
2021-05-27,2021,NYM,COL,1,0,1,-125.0,115.0
2021-05-27,2021,NYM,COL,4,2,1,-138.0,128.0
2021-05-27,2021,WSN,CIN,0,3,0,-126.0,116.0
2021-05-28,2021,CHC,CIN,1,0,1,-180.0,165.0
2021-05-28,2021,ARI,STL,6,8,0,-127.0,117.0
2021-05-28,2021,LAD,SFG,5,8,0,-209.0,189.0
2021-05-28,2021,CLE,TOR,2,11,0,154.0,-164.0
2021-05-28,2021,DET,NYY,3,2,1,245.0,-280.0
2021-05-28,2021,MIN,KCR,3,8,0,-158.0,148.0
2021-05-28,2021,ATH,LAA,3,1,1,-145.0,135.0
2021-05-28,2021,SEA,TEX,3,2,1,-116.0,106.0
2021-05-28,2021,BOS,MIA,5,2,1,-158.0,148.0
2021-05-28,2021,HOU,SDP,3,10,0,-116.0,106.0
2021-05-29,2021,CHC,CIN,10,2,1,-109.0,-101.0
2021-05-29,2021,LAD,SFG,6,11,0,-186.0,171.0
2021-05-29,2021,NYM,ATL,13,2,1,135.0,-145.0
2021-05-29,2021,ARI,STL,4,7,0,133.0,-143.0
2021-05-29,2021,MIN,KCR,6,5,1,-153.0,143.0
2021-05-29,2021,ATH,LAA,0,4,0,-130.0,120.0
2021-05-29,2021,DET,NYY,6,1,1,115.0,-125.0
2021-05-29,2021,SEA,TEX,3,2,1,-104.0,-106.0
2021-05-29,2021,TBR,PHI,5,3,1,-116.0,106.0
2021-05-29,2021,BOS,MIA,3,1,1,-163.0,153.0
2021-05-29,2021,HOU,SDP,8,11,0,138.0,-148.0
2021-05-29,2021,WSN,MIL,1,4,0,111.0,-121.0
2021-05-29,2021,WSN,MIL,2,6,0,-120.0,110.0
2021-05-29,2021,PIT,COL,7,0,1,-134.0,124.0
2021-05-29,2021,PIT,COL,4,0,1,100.0,-110.0
2021-05-29,2021,CHW,BAL,7,4,1,-210.0,190.0
2021-05-29,2021,CHW,BAL,3,1,1,-174.0,162.0
2021-05-30,2021,WSN,MIL,0,3,0,-112.0,102.0
2021-05-30,2021,PIT,COL,3,4,0,-118.0,108.0
2021-05-30,2021,CHC,CIN,1,5,0,-113.0,103.0
2021-05-30,2021,LAD,SFG,4,5,0,-160.0,150.0
2021-05-30,2021,ARI,STL,9,2,1,-112.0,102.0
2021-05-30,2021,DET,NYY,6,2,1,170.0,-185.0
2021-05-30,2021,MIN,KCR,3,6,0,-128.0,118.0
2021-05-30,2021,CHW,BAL,3,1,1,-205.0,185.0
2021-05-30,2021,ATH,LAA,2,4,0,-136.0,126.0
2021-05-30,2021,SEA,TEX,4,2,1,-140.0,130.0
2021-05-30,2021,TBR,PHI,6,2,1,-140.0,130.0
2021-05-30,2021,HOU,SDP,7,4,1,-115.0,105.0
2021-05-30,2021,CLE,TOR,1,4,0,-105.0,-105.0
2021-05-30,2021,CLE,TOR,6,5,1,148.0,-158.0
2021-05-31,2021,CIN,PHI,11,1,1,-108.0,-102.0
2021-05-31,2021,CHC,SDP,7,2,1,127.0,-137.0
2021-05-31,2021,ATL,WSN,5,3,1,-190.0,175.0
2021-05-31,2021,LAD,STL,9,4,1,-182.0,167.0
2021-05-31,2021,ARI,NYM,2,6,0,155.0,-165.0
2021-05-31,2021,BAL,MIN,2,3,0,144.0,-154.0
2021-05-31,2021,NYY,TBR,1,3,0,-131.0,121.0
2021-05-31,2021,CLE,CHW,6,8,0,155.0,-165.0
2021-05-31,2021,SEA,ATH,6,5,1,124.0,-134.0
2021-05-31,2021,HOU,BOS,11,2,1,-102.0,-108.0
2021-05-31,2021,CLE,CHW,3,1,1,100.0,-110.0
2021-05-31,2021,MIL,DET,3,2,1,-290.0,250.0
2021-05-31,2021,SFG,LAA,6,1,1,-148.0,138.0
2021-05-31,2021,KCR,PIT,7,3,1,-192.0,176.0
2021-06-01,2021,CIN,PHI,3,17,0,-111.0,101.0
2021-06-01,2021,ATL,WSN,6,11,0,-137.0,127.0
2021-06-01,2021,CHC,SDP,4,3,1,-123.0,113.0
2021-06-01,2021,ARI,NYM,6,5,1,104.0,-114.0
2021-06-01,2021,LAD,STL,2,3,0,-192.0,176.0
2021-06-01,2021,CLE,CHW,6,5,1,-153.0,143.0
2021-06-01,2021,BAL,MIN,7,4,1,156.0,-166.0
2021-06-01,2021,NYY,TBR,5,3,1,122.0,-132.0
2021-06-01,2021,HOU,BOS,5,1,1,-160.0,150.0
2021-06-01,2021,SEA,ATH,6,12,0,138.0,-148.0
2021-06-01,2021,TOR,MIA,5,1,1,-152.0,142.0
2021-06-01,2021,MIL,DET,7,10,0,-162.0,152.0
2021-06-01,2021,KCR,PIT,10,5,1,-162.0,152.0
2021-06-01,2021,COL,TEX,3,2,1,-104.0,-106.0
2021-06-01,2021,SFG,LAA,1,8,0,-150.0,140.0
2021-06-02,2021,CHC,SDP,6,1,1,-118.0,108.0
2021-06-02,2021,ARI,NYM,6,7,0,-113.0,103.0
2021-06-02,2021,ATL,WSN,3,5,0,-151.0,141.0
2021-06-02,2021,LAD,STL,14,3,1,-230.0,205.0
2021-06-02,2021,BAL,MIN,6,3,1,121.0,-131.0
2021-06-02,2021,NYY,TBR,4,3,1,-130.0,120.0
2021-06-02,2021,HOU,BOS,2,1,1,-132.0,122.0
2021-06-02,2021,SEA,ATH,0,6,0,145.0,-155.0
2021-06-02,2021,TOR,MIA,6,5,1,-162.0,152.0
2021-06-02,2021,COL,TEX,6,3,1,100.0,-110.0
2021-06-03,2021,ATL,WSN,5,1,1,-130.0,120.0
2021-06-03,2021,PIT,MIA,5,3,1,-105.0,-105.0
2021-06-03,2021,MIL,ARI,7,4,1,-172.0,161.0
2021-06-03,2021,STL,CIN,2,4,0,-141.0,131.0
2021-06-03,2021,SFG,CHC,7,2,1,-122.0,112.0
2021-06-03,2021,SDP,NYM,4,3,1,-187.0,172.0
2021-06-03,2021,NYY,TBR,2,9,0,-196.0,178.0
2021-06-03,2021,HOU,BOS,1,5,0,-113.0,103.0
2021-06-03,2021,CHW,DET,4,1,1,-206.0,186.0
2021-06-03,2021,KCR,MIN,6,5,1,-118.0,108.0
2021-06-03,2021,LAA,SEA,2,6,0,-153.0,143.0
2021-06-03,2021,COL,TEX,11,6,1,-130.0,120.0
2021-06-04,2021,PHI,WSN,1,2,0,-103.0,-107.0
2021-06-04,2021,PIT,MIA,9,2,1,-104.0,-106.0
2021-06-04,2021,ATL,LAD,5,9,0,126.0,-136.0
2021-06-04,2021,MIL,ARI,5,1,1,-201.0,181.0
2021-06-04,2021,STL,CIN,4,6,0,-128.0,118.0
2021-06-04,2021,SFG,CHC,8,5,1,-107.0,-103.0
2021-06-04,2021,SDP,NYM,2,0,1,-180.0,165.0
2021-06-04,2021,NYY,BOS,2,5,0,-103.0,-107.0
2021-06-04,2021,BAL,CLE,3,1,1,-104.0,-106.0
2021-06-04,2021,TOR,HOU,1,13,0,-132.0,122.0
2021-06-04,2021,TEX,TBR,5,4,1,114.0,-124.0
2021-06-04,2021,KCR,MIN,14,5,1,-127.0,117.0
2021-06-04,2021,CHW,DET,9,8,1,-153.0,143.0
2021-06-04,2021,LAA,SEA,3,2,1,-165.0,155.0
2021-06-04,2021,COL,ATH,5,9,0,129.0,-139.0
2021-06-05,2021,STL,CIN,2,5,0,104.0,-114.0
2021-06-05,2021,PIT,MIA,8,7,1,110.0,-120.0
2021-06-05,2021,PHI,WSN,5,2,1,-115.0,105.0
2021-06-05,2021,MIL,ARI,7,5,1,-230.0,205.0
2021-06-05,2021,ATL,LAD,6,4,1,119.0,-129.0
2021-06-05,2021,SFG,CHC,4,3,1,-158.0,148.0
2021-06-05,2021,SDP,NYM,0,4,0,109.0,-119.0
2021-06-05,2021,CHW,DET,3,4,0,-230.0,205.0
2021-06-05,2021,TOR,HOU,6,2,1,-103.0,-107.0
2021-06-05,2021,TEX,TBR,0,3,0,135.0,-145.0
2021-06-05,2021,BAL,CLE,4,10,0,-125.0,115.0
2021-06-05,2021,KCR,MIN,4,5,0,-109.0,-101.0
2021-06-05,2021,NYY,BOS,3,7,0,-136.0,126.0
2021-06-05,2021,LAA,SEA,12,5,1,-150.0,140.0
2021-06-05,2021,COL,ATH,3,6,0,115.0,-125.0
2021-06-06,2021,PHI,WSN,12,6,1,-122.0,112.0
2021-06-06,2021,PIT,MIA,1,3,0,112.0,-122.0
2021-06-06,2021,ATL,LAD,4,2,1,125.0,-135.0
2021-06-06,2021,MIL,ARI,2,0,1,-250.0,220.0
2021-06-06,2021,STL,CIN,7,8,0,-120.0,110.0
2021-06-06,2021,SFG,CHC,3,4,0,100.0,-110.0
2021-06-06,2021,SDP,NYM,2,6,0,-148.0,138.0
2021-06-06,2021,BAL,CLE,18,5,1,102.0,-112.0
2021-06-06,2021,TOR,HOU,3,6,0,-108.0,-102.0
2021-06-06,2021,KCR,MIN,1,2,0,-135.0,125.0
2021-06-06,2021,CHW,DET,3,0,1,-205.0,185.0
2021-06-06,2021,TEX,TBR,1,7,0,117.0,-127.0
2021-06-06,2021,LAA,SEA,5,9,0,-150.0,140.0
2021-06-06,2021,NYY,BOS,5,6,0,-145.0,135.0
2021-06-06,2021,COL,ATH,3,1,1,-105.0,-105.0
2021-06-07,2021,SDP,CHC,9,4,1,-115.0,105.0
2021-06-07,2021,LAA,KCR,8,3,1,-147.0,137.0
2021-06-07,2021,BOS,MIA,5,3,1,-185.0,170.0
2021-06-08,2021,PIT,LAD,3,5,0,172.0,-187.0
2021-06-08,2021,PHI,ATL,5,9,0,-156.0,146.0
2021-06-08,2021,CIN,MIL,1,5,0,-141.0,131.0
2021-06-08,2021,MIA,COL,6,2,1,-185.0,170.0
2021-06-08,2021,SDP,CHC,1,7,0,-183.0,168.0
2021-06-08,2021,DET,SEA,5,3,1,-130.0,120.0
2021-06-08,2021,BOS,HOU,1,7,0,111.0,-121.0
2021-06-08,2021,CHW,TOR,6,1,1,-143.0,133.0
2021-06-08,2021,MIN,NYY,4,8,0,101.0,-111.0
2021-06-08,2021,LAA,KCR,8,1,1,-159.0,149.0
2021-06-08,2021,BAL,NYM,10,3,1,102.0,-112.0
2021-06-08,2021,TBR,WSN,3,1,1,-230.0,205.0
2021-06-08,2021,TEX,SFG,4,9,0,130.0,-140.0
2021-06-08,2021,STL,CLE,1,10,0,150.0,-160.0
2021-06-08,2021,ATH,ARI,5,2,1,-230.0,205.0
2021-06-09,2021,SDP,CHC,1,3,0,-260.0,230.0
2021-06-09,2021,PHI,ATL,2,1,1,-128.0,118.0
2021-06-09,2021,PIT,LAD,1,2,0,164.0,-178.0
2021-06-09,2021,CIN,MIL,7,3,1,-117.0,107.0
2021-06-09,2021,MIA,COL,3,4,0,-113.0,103.0
2021-06-09,2021,BOS,HOU,3,8,0,-131.0,121.0
2021-06-09,2021,DET,SEA,6,9,0,-125.0,115.0
2021-06-09,2021,MIN,NYY,6,9,0,169.0,-184.0
2021-06-09,2021,CHW,TOR,2,6,0,-149.0,139.0
2021-06-09,2021,LAA,KCR,6,1,1,-149.0,139.0
2021-06-09,2021,TEX,SFG,4,3,1,-108.0,-102.0
2021-06-09,2021,ATH,ARI,4,0,1,-190.0,175.0
2021-06-09,2021,BAL,NYM,1,14,0,117.0,-127.0
2021-06-09,2021,TBR,WSN,7,9,0,-167.0,157.0
2021-06-09,2021,STL,CLE,8,2,1,-130.0,120.0
2021-06-10,2021,PIT,LAD,3,5,0,205.0,-230.0
2021-06-10,2021,CIN,MIL,2,7,0,-102.0,-108.0
2021-06-10,2021,PHI,ATL,4,3,1,-132.0,122.0
2021-06-10,2021,MIA,COL,11,4,1,-203.0,183.0
2021-06-10,2021,DET,SEA,8,3,1,-117.0,107.0
2021-06-10,2021,BOS,HOU,12,8,1,-104.0,-106.0
2021-06-10,2021,CHW,TOR,5,2,1,102.0,-112.0
2021-06-10,2021,MIN,NYY,7,5,1,128.0,-138.0
2021-06-10,2021,ATH,KCR,1,6,0,-142.0,132.0
2021-06-11,2021,CHC,STL,8,5,1,-147.0,137.0
2021-06-11,2021,WSN,SFG,0,1,0,-168.0,158.0
2021-06-11,2021,MIA,ATL,4,3,1,106.0,-116.0
2021-06-11,2021,NYM,SDP,3,2,1,-165.0,155.0
2021-06-11,2021,CIN,COL,11,5,1,-200.0,180.0
2021-06-11,2021,MIL,PIT,7,4,1,-300.0,260.0
2021-06-11,2021,TBR,BAL,4,2,1,-178.0,164.0
2021-06-11,2021,DET,CHW,4,5,0,136.0,-146.0
2021-06-11,2021,CLE,SEA,7,0,1,-154.0,144.0
2021-06-11,2021,BOS,TOR,6,5,1,-110.0,100.0
2021-06-11,2021,MIN,HOU,4,6,0,127.0,-137.0
2021-06-11,2021,ATH,KCR,4,3,1,-128.0,118.0
2021-06-11,2021,ARI,LAA,5,6,0,129.0,-139.0
2021-06-11,2021,LAD,TEX,12,1,1,-310.0,270.0
2021-06-12,2021,CIN,COL,10,3,1,-150.0,140.0
2021-06-12,2021,MIL,PIT,7,4,1,-290.0,250.0
2021-06-12,2021,MIA,ATL,4,2,1,145.0,-155.0
2021-06-12,2021,NYM,SDP,4,1,1,128.0,-138.0
2021-06-12,2021,CHC,STL,7,2,1,-172.0,161.0
2021-06-12,2021,WSN,SFG,1,2,0,105.0,-115.0
2021-06-12,2021,ATH,KCR,11,2,1,-150.0,140.0
2021-06-12,2021,DET,CHW,2,15,0,162.0,-174.0
2021-06-12,2021,BOS,TOR,2,7,0,-118.0,108.0
2021-06-12,2021,CLE,SEA,5,4,1,-115.0,105.0
2021-06-12,2021,TBR,BAL,5,4,1,-210.0,190.0
2021-06-12,2021,MIN,HOU,5,2,1,-101.0,-109.0
2021-06-12,2021,PHI,NYY,8,7,1,111.0,-121.0
2021-06-12,2021,ARI,LAA,7,8,0,107.0,-117.0
2021-06-12,2021,LAD,TEX,1,12,0,-266.0,236.0
2021-06-12,2021,WSN,SFG,2,0,1,152.0,-162.0
2021-06-13,2021,WSN,SFG,5,0,1,-104.0,-106.0
2021-06-13,2021,NYM,SDP,3,7,0,116.0,-126.0
2021-06-13,2021,MIA,ATL,4,6,0,-126.0,116.0
2021-06-13,2021,CIN,COL,6,2,1,-154.0,144.0
2021-06-13,2021,MIL,PIT,5,2,1,-178.0,164.0
2021-06-13,2021,CHC,STL,2,0,1,-124.0,114.0
2021-06-13,2021,CLE,SEA,2,6,0,-230.0,205.0
2021-06-13,2021,BOS,TOR,4,18,0,119.0,-129.0
2021-06-13,2021,DET,CHW,1,4,0,200.0,-220.0
2021-06-13,2021,TBR,BAL,7,1,1,-178.0,164.0
2021-06-13,2021,MIN,HOU,3,14,0,135.0,-145.0
2021-06-13,2021,ATH,KCR,6,3,1,-192.0,176.0
2021-06-13,2021,PHI,NYY,7,0,1,-126.0,116.0
2021-06-13,2021,LAD,TEX,5,3,1,-200.0,180.0
2021-06-13,2021,ARI,LAA,3,10,0,119.0,-129.0
2021-06-14,2021,WSN,PIT,3,2,1,-125.0,115.0
2021-06-14,2021,NYM,CHC,5,2,1,-130.0,120.0
2021-06-14,2021,MIL,CIN,2,10,0,-135.0,125.0
2021-06-14,2021,STL,MIA,4,2,1,-200.0,180.0
2021-06-14,2021,COL,SDP,3,2,1,140.0,-150.0
2021-06-14,2021,SFG,ARI,5,2,1,-174.0,162.0
2021-06-14,2021,LAD,PHI,3,1,1,-168.0,158.0
2021-06-14,2021,CLE,BAL,4,3,1,-158.0,148.0
2021-06-14,2021,BOS,TOR,2,1,1,-134.0,124.0
2021-06-14,2021,CHW,TBR,2,5,0,112.0,-122.0
2021-06-14,2021,KCR,DET,3,10,0,-144.0,134.0
2021-06-14,2021,ATH,LAA,8,5,1,-140.0,130.0
2021-06-14,2021,SEA,MIN,4,3,1,130.0,-140.0
2021-06-15,2021,WSN,PIT,8,1,1,-160.0,150.0
2021-06-15,2021,NYM,CHC,3,2,1,-132.0,122.0
2021-06-15,2021,MIL,CIN,1,2,0,-107.0,-103.0
2021-06-15,2021,STL,MIA,2,1,1,-125.0,115.0
2021-06-15,2021,COL,SDP,8,4,1,210.0,-240.0
2021-06-15,2021,SFG,ARI,9,8,1,-176.0,163.0
2021-06-15,2021,LAD,PHI,5,3,1,-153.0,143.0
2021-06-15,2021,TOR,NYY,5,6,0,-122.0,112.0
2021-06-15,2021,CLE,BAL,7,2,1,-165.0,155.0
2021-06-15,2021,KCR,DET,3,4,0,-130.0,120.0
2021-06-15,2021,HOU,TEX,6,3,1,-185.0,170.0
2021-06-15,2021,CHW,TBR,3,0,1,-114.0,104.0
2021-06-15,2021,ATH,LAA,6,4,1,-128.0,118.0
2021-06-15,2021,SEA,MIN,10,0,1,120.0,-130.0
2021-06-15,2021,ATL,BOS,8,10,0,-115.0,105.0
2021-06-16,2021,STL,MIA,1,0,1,-113.0,103.0
2021-06-16,2021,MIL,CIN,1,2,0,-136.0,126.0
2021-06-16,2021,COL,SDP,8,7,1,180.0,-200.0
2021-06-16,2021,WSN,PIT,3,1,1,-162.0,152.0
2021-06-16,2021,NYM,CHC,6,3,1,-295.0,255.0
2021-06-16,2021,SFG,ARI,13,7,1,-170.0,160.0
2021-06-16,2021,LAD,PHI,0,2,0,-147.0,137.0
2021-06-16,2021,CHW,TBR,8,7,1,-125.0,115.0
2021-06-16,2021,KCR,DET,5,6,0,-142.0,132.0
2021-06-16,2021,ATH,LAA,8,4,1,-118.0,108.0
2021-06-16,2021,TOR,NYY,2,3,0,148.0,-158.0
2021-06-16,2021,CLE,BAL,8,7,1,-158.0,148.0
2021-06-16,2021,HOU,TEX,8,4,1,-224.0,204.0
2021-06-16,2021,SEA,MIN,2,7,0,122.0,-132.0
2021-06-16,2021,ATL,BOS,8,10,0,-147.0,137.0
2021-06-17,2021,SFG,ARI,10,3,1,-210.0,190.0
2021-06-17,2021,NYM,CHC,0,2,0,-113.0,103.0
2021-06-17,2021,ATL,STL,4,0,1,-182.0,167.0
2021-06-17,2021,COL,MIL,7,3,1,144.0,-154.0
2021-06-17,2021,SDP,CIN,6,4,1,-176.0,163.0
2021-06-17,2021,CLE,BAL,10,3,1,-116.0,106.0
2021-06-17,2021,TOR,NYY,4,8,0,-104.0,-106.0
2021-06-17,2021,HOU,CHW,10,2,1,-130.0,120.0
2021-06-17,2021,LAA,DET,7,5,1,-219.0,199.0
2021-06-17,2021,SEA,TBR,6,5,1,160.0,-170.0
2021-06-18,2021,WSN,NYM,1,0,1,-129.0,119.0
2021-06-18,2021,ATL,STL,9,1,1,-151.0,141.0
2021-06-18,2021,CHC,MIA,2,10,0,-159.0,149.0
2021-06-18,2021,COL,MIL,6,5,1,166.0,-181.0
2021-06-18,2021,ARI,LAD,0,3,0,178.0,-196.0
2021-06-18,2021,SFG,PHI,5,3,1,-138.0,128.0
2021-06-18,2021,SDP,CIN,8,2,1,-186.0,171.0
2021-06-18,2021,NYY,ATH,3,5,0,-138.0,128.0
2021-06-18,2021,BAL,TOR,7,1,1,180.0,-200.0
2021-06-18,2021,TEX,MIN,5,7,0,145.0,-155.0
2021-06-18,2021,KCR,BOS,5,3,1,137.0,-147.0
2021-06-18,2021,HOU,CHW,2,1,1,-107.0,-103.0
2021-06-18,2021,LAA,DET,11,3,1,-205.0,185.0
2021-06-18,2021,SEA,TBR,5,1,1,-109.0,-101.0
2021-06-18,2021,PIT,CLE,11,10,1,119.0,-129.0
2021-06-19,2021,WSN,NYM,1,5,0,-125.0,115.0
2021-06-19,2021,CHC,MIA,1,11,0,-126.0,116.0
2021-06-19,2021,SFG,PHI,6,13,0,-115.0,105.0
2021-06-19,2021,WSN,NYM,6,2,1,-116.0,106.0
2021-06-19,2021,SDP,CIN,7,5,1,-149.0,139.0
2021-06-19,2021,COL,MIL,5,6,0,-115.0,105.0
2021-06-19,2021,ARI,LAD,3,9,0,205.0,-230.0
2021-06-19,2021,NYY,ATH,7,5,1,-125.0,115.0
2021-06-19,2021,TEX,MIN,2,3,0,-108.0,-102.0
2021-06-19,2021,BAL,TOR,7,10,0,145.0,-155.0
2021-06-19,2021,KCR,BOS,1,7,0,104.0,-114.0
2021-06-19,2021,HOU,CHW,7,3,1,-123.0,113.0
2021-06-19,2021,LAA,DET,8,3,1,-206.0,186.0
2021-06-19,2021,SEA,TBR,6,5,1,130.0,-140.0
2021-06-19,2021,PIT,CLE,6,3,1,103.0,-113.0
2021-06-20,2021,WSN,NYM,5,2,1,-114.0,104.0
2021-06-20,2021,CHC,MIA,2,0,1,-143.0,133.0
2021-06-20,2021,COL,MIL,6,7,0,122.0,-132.0
2021-06-20,2021,SFG,PHI,11,2,1,-122.0,112.0
2021-06-20,2021,SDP,CIN,3,2,1,-127.0,117.0
2021-06-20,2021,ARI,LAD,8,9,0,161.0,-172.0
2021-06-20,2021,BAL,TOR,4,7,0,163.0,-176.0
2021-06-20,2021,NYY,ATH,2,1,1,-139.0,129.0
2021-06-20,2021,KCR,BOS,7,3,1,122.0,-132.0
2021-06-20,2021,HOU,CHW,8,2,1,-136.0,126.0
2021-06-20,2021,TEX,MIN,2,4,0,112.0,-122.0
2021-06-20,2021,LAA,DET,3,5,0,-160.0,150.0
2021-06-20,2021,SEA,TBR,6,2,1,145.0,-155.0
2021-06-20,2021,PIT,CLE,1,2,0,-132.0,122.0
2021-06-20,2021,ATL,STL,1,9,0,-114.0,104.0
2021-06-20,2021,ATL,STL,1,0,1,-130.0,120.0
2021-06-21,2021,NYM,ATL,4,2,1,-260.0,230.0
2021-06-21,2021,NYM,ATL,0,1,0,129.0,-139.0
2021-06-21,2021,ARI,MIL,5,1,1,112.0,-122.0
2021-06-21,2021,SDP,LAD,6,2,1,-132.0,122.0
2021-06-21,2021,BAL,HOU,2,10,0,153.0,-163.0
2021-06-21,2021,TEX,ATH,8,3,1,108.0,-118.0
2021-06-21,2021,CHC,CLE,0,4,0,-138.0,128.0
2021-06-21,2021,MIN,CIN,7,5,1,102.0,-112.0
2021-06-22,2021,PHI,WSN,2,3,0,-109.0,-101.0
2021-06-22,2021,NYM,ATL,0,3,0,-104.0,-106.0
2021-06-22,2021,ARI,MIL,0,5,0,129.0,-139.0
2021-06-22,2021,SDP,LAD,3,2,1,114.0,-124.0
2021-06-22,2021,NYY,KCR,5,6,0,-265.0,235.0
2021-06-22,2021,BAL,HOU,1,3,0,173.0,-188.0
2021-06-22,2021,TBR,BOS,5,9,0,-116.0,106.0
2021-06-22,2021,TEX,ATH,6,13,0,118.0,-128.0
2021-06-22,2021,MIN,CIN,7,10,0,-122.0,112.0
2021-06-22,2021,PIT,CHW,6,3,1,154.0,-164.0
2021-06-22,2021,MIA,TOR,1,2,0,-113.0,103.0
2021-06-22,2021,DET,STL,8,2,1,105.0,-115.0
2021-06-22,2021,CHC,CLE,7,1,1,-200.0,180.0
2021-06-22,2021,LAA,SFG,0,5,0,-124.0,114.0
2021-06-22,2021,SEA,COL,2,1,1,-158.0,148.0
2021-06-23,2021,PHI,WSN,12,13,0,-109.0,-101.0
2021-06-23,2021,ARI,MIL,2,3,0,195.0,-215.0
2021-06-23,2021,NYM,ATL,7,3,1,-138.0,128.0
2021-06-23,2021,SDP,LAD,5,3,1,-112.0,102.0
2021-06-23,2021,BAL,HOU,0,13,0,185.0,-205.0
2021-06-23,2021,NYY,KCR,6,5,1,-174.0,162.0
2021-06-23,2021,TBR,BOS,8,2,1,-144.0,134.0
2021-06-23,2021,TEX,ATH,5,3,1,128.0,-138.0
2021-06-23,2021,PIT,CHW,3,4,0,147.0,-157.0
2021-06-23,2021,DET,STL,6,2,1,105.0,-115.0
2021-06-23,2021,LAA,SFG,3,9,0,108.0,-118.0
2021-06-23,2021,SEA,COL,2,5,0,100.0,-110.0
2021-06-23,2021,MIA,TOR,1,3,0,107.0,-117.0
2021-06-24,2021,MIA,WSN,3,7,0,109.0,-119.0
2021-06-24,2021,CIN,ATL,5,3,1,-131.0,121.0
2021-06-24,2021,STL,PIT,2,8,0,-154.0,144.0
2021-06-24,2021,LAD,CHC,0,4,0,-250.0,220.0
2021-06-24,2021,NYY,KCR,8,1,1,-200.0,180.0
2021-06-24,2021,TEX,ATH,1,5,0,135.0,-145.0
2021-06-24,2021,TOR,BAL,9,0,1,-188.0,173.0
2021-06-24,2021,DET,HOU,3,12,0,205.0,-230.0
2021-06-24,2021,TBR,BOS,1,0,1,-111.0,101.0
2021-06-24,2021,MIN,CLE,1,4,0,-183.0,168.0
2021-06-25,2021,MIL,COL,5,4,1,-280.0,245.0
2021-06-25,2021,NYM,PHI,2,1,1,-120.0,110.0
2021-06-25,2021,NYM,PHI,1,2,0,-145.0,135.0
2021-06-25,2021,MIA,WSN,11,2,1,-140.0,130.0
2021-06-25,2021,CIN,ATL,2,3,0,-111.0,101.0
2021-06-25,2021,STL,PIT,4,5,0,-168.0,158.0
2021-06-25,2021,SDP,ARI,11,5,1,-310.0,270.0
2021-06-25,2021,LAD,CHC,6,2,1,-174.0,162.0
2021-06-25,2021,TOR,BAL,5,6,0,-255.0,225.0
2021-06-25,2021,TBR,LAA,4,3,1,-162.0,152.0
2021-06-25,2021,BOS,NYY,5,3,1,113.0,-123.0
2021-06-25,2021,TEX,KCR,9,4,1,-120.0,110.0
2021-06-25,2021,MIN,CLE,8,7,1,-122.0,112.0
2021-06-25,2021,CHW,SEA,3,9,0,-200.0,180.0
2021-06-25,2021,SFG,ATH,2,0,1,101.0,-111.0
2021-06-26,2021,STL,PIT,3,1,1,-155.0,145.0
2021-06-26,2021,MIL,COL,10,4,1,-172.0,161.0
2021-06-26,2021,MIA,WSN,3,2,1,-107.0,-103.0
2021-06-26,2021,CIN,ATL,4,1,1,-120.0,110.0
2021-06-26,2021,NYM,PHI,4,3,1,-255.0,225.0
2021-06-26,2021,LAD,CHC,3,2,1,-204.0,184.0
2021-06-26,2021,SDP,ARI,1,10,0,-260.0,230.0
2021-06-26,2021,TOR,BAL,12,4,1,-270.0,240.0
2021-06-26,2021,TEX,KCR,8,0,1,-149.0,139.0
2021-06-26,2021,TBR,LAA,13,3,1,-153.0,143.0
2021-06-26,2021,BOS,NYY,4,2,1,-119.0,109.0
2021-06-26,2021,SFG,ATH,6,5,1,-118.0,108.0
2021-06-26,2021,DET,HOU,3,1,1,185.0,-205.0
2021-06-26,2021,DET,HOU,2,3,0,205.0,-230.0
2021-06-27,2021,CIN,ATL,0,4,0,-140.0,130.0
2021-06-27,2021,NYM,PHI,2,4,0,-118.0,108.0
2021-06-27,2021,MIA,WSN,1,5,0,114.0,-124.0
2021-06-27,2021,MIL,COL,5,0,1,-180.0,165.0
2021-06-27,2021,STL,PIT,2,7,0,-140.0,130.0
2021-06-27,2021,SDP,ARI,5,4,1,-270.0,240.0
2021-06-27,2021,LAD,CHC,7,1,1,-200.0,180.0
2021-06-27,2021,TOR,BAL,5,2,1,-250.0,220.0
2021-06-27,2021,DET,HOU,2,1,1,155.0,-165.0
2021-06-27,2021,TBR,LAA,4,6,0,-147.0,137.0
2021-06-27,2021,BOS,NYY,9,2,1,140.0,-150.0
2021-06-27,2021,MIN,CLE,8,2,1,-130.0,120.0
2021-06-27,2021,TEX,KCR,4,1,1,-107.0,-103.0
2021-06-27,2021,SFG,ATH,2,6,0,-160.0,150.0
2021-06-27,2021,CHW,SEA,7,5,1,-166.0,156.0
2021-06-28,2021,COL,PIT,2,0,1,-113.0,103.0
2021-06-28,2021,CIN,PHI,12,4,1,-155.0,145.0
2021-06-28,2021,WSN,NYM,8,4,1,-130.0,120.0
2021-06-28,2021,MIL,CHC,14,4,1,-145.0,135.0
2021-06-28,2021,STL,ARI,7,1,1,-165.0,155.0
2021-06-28,2021,LAD,SFG,3,2,1,-169.0,159.0
2021-06-28,2021,NYY,LAA,3,5,0,-154.0,144.0
2021-06-28,2021,CLE,DET,13,5,1,-158.0,148.0
2021-06-28,2021,BOS,KCR,6,5,1,-150.0,140.0
2021-06-28,2021,HOU,BAL,7,9,0,-350.0,300.0
2021-06-29,2021,PHI,MIA,4,3,1,-105.0,-105.0
2021-06-29,2021,CIN,SDP,4,5,0,124.0,-134.0
2021-06-29,2021,ATL,NYM,3,4,0,-157.0,147.0
2021-06-29,2021,MIL,CHC,2,1,1,-245.0,215.0
2021-06-29,2021,STL,ARI,3,2,1,-155.0,145.0
2021-06-29,2021,COL,PIT,8,0,1,-172.0,161.0
2021-06-29,2021,LAD,SFG,3,1,1,-150.0,140.0
2021-06-29,2021,NYY,LAA,11,5,1,-151.0,141.0
2021-06-29,2021,TOR,SEA,9,3,1,-220.0,200.0
2021-06-29,2021,BOS,KCR,7,6,1,-220.0,200.0
2021-06-29,2021,CHW,MIN,7,6,1,-128.0,118.0
2021-06-29,2021,HOU,BAL,3,13,0,-300.0,260.0
2021-06-29,2021,ATH,TEX,4,5,0,-190.0,175.0
2021-06-29,2021,WSN,TBR,4,3,1,-109.0,-101.0
2021-06-30,2021,STL,ARI,7,4,1,-210.0,190.0
2021-06-30,2021,MIL,CHC,15,7,1,-150.0,140.0
2021-06-30,2021,COL,PIT,6,2,1,-160.0,150.0
2021-06-30,2021,PHI,MIA,6,11,0,-220.0,200.0
2021-06-30,2021,CIN,SDP,5,7,0,171.0,-186.0
2021-06-30,2021,ATL,NYM,20,2,1,-148.0,138.0
2021-06-30,2021,NYY,LAA,8,11,0,-116.0,106.0
2021-06-30,2021,TOR,SEA,7,9,0,-245.0,215.0
2021-06-30,2021,BOS,KCR,6,2,1,-144.0,134.0
2021-06-30,2021,CHW,MIN,13,3,1,-120.0,110.0
2021-06-30,2021,HOU,BAL,2,5,0,-290.0,250.0
2021-06-30,2021,ATH,TEX,3,1,1,-190.0,175.0
2021-06-30,2021,WSN,TBR,15,6,1,113.0,-123.0
2021-06-30,2021,CLE,DET,4,9,0,-180.0,165.0
2021-06-30,2021,CLE,DET,1,7,0,-139.0,129.0
2021-07-01,2021,WSN,LAD,2,6,0,129.0,-139.0
2021-07-01,2021,PIT,MIL,2,7,0,210.0,-240.0
2021-07-01,2021,CIN,SDP,5,4,1,-125.0,115.0
2021-07-01,2021,ATL,NYM,4,3,1,153.0,-163.0
2021-07-01,2021,COL,STL,5,2,1,120.0,-130.0
2021-07-01,2021,ARI,SFG,5,3,1,137.0,-147.0
2021-07-01,2021,TOR,SEA,2,7,0,-185.0,170.0
2021-07-01,2021,BOS,KCR,15,1,1,-240.0,210.0
2021-07-01,2021,CHW,MIN,8,5,1,-143.0,133.0
2021-07-01,2021,ATH,TEX,3,8,0,-180.0,165.0
2021-07-01,2021,CLE,HOU,2,7,0,160.0,-170.0
2021-07-02,2021,PHI,SDP,4,3,1,-116.0,106.0
2021-07-02,2021,PIT,MIL,2,7,0,106.0,-116.0
2021-07-02,2021,WSN,LAD,5,10,0,108.0,-118.0
2021-07-02,2021,CIN,CHC,2,1,1,-146.0,136.0
2021-07-02,2021,ATL,MIA,1,0,1,-108.0,-102.0
2021-07-02,2021,COL,STL,3,9,0,-101.0,-109.0
2021-07-02,2021,ARI,SFG,4,11,0,136.0,-146.0
2021-07-02,2021,TOR,TBR,11,1,1,-119.0,109.0
2021-07-02,2021,CLE,HOU,3,6,0,148.0,-158.0
2021-07-02,2021,DET,CHW,2,8,0,134.0,-144.0
2021-07-02,2021,KCR,MIN,7,4,1,-106.0,-104.0
2021-07-02,2021,LAA,BAL,8,7,1,-174.0,162.0
2021-07-02,2021,ATH,BOS,2,3,0,102.0,-112.0
2021-07-02,2021,SEA,TEX,5,4,1,-116.0,106.0
2021-07-03,2021,PHI,SDP,4,2,1,143.0,-153.0
2021-07-03,2021,PIT,MIL,2,11,0,140.0,-150.0
2021-07-03,2021,CIN,CHC,3,2,1,-125.0,115.0
2021-07-03,2021,ATL,MIA,2,3,0,-118.0,108.0
2021-07-03,2021,WSN,LAD,3,5,0,207.0,-232.0
2021-07-03,2021,COL,STL,3,2,1,-111.0,101.0
2021-07-03,2021,ARI,SFG,5,6,0,143.0,-153.0
2021-07-03,2021,TOR,TBR,6,3,1,-120.0,110.0
2021-07-03,2021,KCR,MIN,6,3,1,-116.0,106.0
2021-07-03,2021,DET,CHW,11,5,1,-104.0,-106.0
2021-07-03,2021,CLE,HOU,2,3,0,128.0,-138.0
2021-07-03,2021,ATH,BOS,7,6,1,-139.0,129.0
2021-07-03,2021,LAA,BAL,4,1,1,-200.0,180.0
2021-07-03,2021,SEA,TEX,3,7,0,-157.0,147.0
2021-07-03,2021,NYY,NYM,3,8,0,-145.0,135.0
2021-07-04,2021,WSN,LAD,1,5,0,125.0,-135.0
2021-07-04,2021,PIT,MIL,2,0,1,168.0,-183.0
2021-07-04,2021,PHI,SDP,1,11,0,120.0,-130.0
2021-07-04,2021,CIN,CHC,3,2,1,-115.0,105.0
2021-07-04,2021,ATL,MIA,8,7,1,-170.0,160.0
2021-07-04,2021,COL,STL,3,2,1,-153.0,143.0
2021-07-04,2021,ARI,SFG,2,5,0,175.0,-190.0
2021-07-04,2021,TOR,TBR,1,5,0,-168.0,158.0
2021-07-04,2021,CLE,HOU,3,4,0,130.0,-140.0
2021-07-04,2021,DET,CHW,6,5,1,163.0,-175.0
2021-07-04,2021,KCR,MIN,2,6,0,125.0,-135.0
2021-07-04,2021,ATH,BOS,0,1,0,-112.0,102.0
2021-07-04,2021,LAA,BAL,6,5,1,-240.0,210.0
2021-07-04,2021,SEA,TEX,4,1,1,-138.0,128.0
2021-07-04,2021,NYY,NYM,4,2,1,-143.0,133.0
2021-07-04,2021,NYY,NYM,5,10,0,-170.0,160.0
2021-07-05,2021,SFG,STL,3,5,0,-210.0,190.0
2021-07-05,2021,MIA,LAD,5,4,1,112.0,-122.0
2021-07-05,2021,PIT,ATL,11,1,1,175.0,-190.0
2021-07-05,2021,NYM,MIL,4,2,1,115.0,-125.0
2021-07-05,2021,CHC,PHI,3,13,0,-150.0,140.0
2021-07-05,2021,SDP,WSN,5,7,0,-250.0,220.0
2021-07-05,2021,MIN,CHW,8,5,1,115.0,-125.0
2021-07-05,2021,TBR,CLE,9,8,1,-192.0,176.0
2021-07-05,2021,TEX,DET,3,7,0,-160.0,150.0
2021-07-05,2021,LAA,BOS,4,5,0,114.0,-124.0
2021-07-05,2021,KCR,CIN,2,6,0,-130.0,120.0
2021-07-06,2021,PIT,ATL,2,1,1,169.0,-184.0
2021-07-06,2021,MIA,LAD,2,1,1,124.0,-134.0
2021-07-06,2021,CHC,PHI,10,15,0,126.0,-136.0
2021-07-06,2021,ARI,COL,4,3,1,-126.0,116.0
2021-07-06,2021,SFG,STL,5,6,0,-130.0,120.0
2021-07-06,2021,SDP,WSN,7,4,1,-162.0,152.0
2021-07-06,2021,BAL,TOR,7,5,1,170.0,-185.0
2021-07-06,2021,TEX,DET,10,5,1,-167.0,157.0
2021-07-06,2021,MIN,CHW,1,4,0,108.0,-118.0
2021-07-06,2021,HOU,ATH,9,6,1,-156.0,146.0
2021-07-06,2021,LAA,BOS,5,3,1,103.0,-113.0
2021-07-06,2021,SEA,NYY,1,12,0,153.0,-163.0
2021-07-06,2021,KCR,CIN,7,6,1,143.0,-153.0
2021-07-07,2021,PIT,ATL,3,14,0,141.0,-151.0
2021-07-07,2021,MIA,LAD,9,6,1,150.0,-160.0
2021-07-07,2021,CHC,PHI,8,3,1,128.0,-138.0
2021-07-07,2021,ARI,COL,6,4,1,-104.0,-106.0
2021-07-07,2021,SFG,STL,5,2,1,-168.0,158.0
2021-07-07,2021,SDP,WSN,5,15,0,-170.0,160.0
2021-07-07,2021,TBR,CLE,8,1,1,-150.0,140.0
2021-07-07,2021,MIN,CHW,1,6,0,-112.0,102.0
2021-07-07,2021,TEX,DET,3,5,0,-142.0,132.0
2021-07-07,2021,LAA,BOS,5,4,1,119.0,-129.0
2021-07-07,2021,BAL,TOR,2,10,0,169.0,-184.0
2021-07-07,2021,HOU,ATH,4,3,1,-154.0,144.0
2021-07-07,2021,SEA,NYY,4,5,0,-118.0,108.0
2021-07-07,2021,KCR,CIN,2,5,0,116.0,-126.0
2021-07-07,2021,TBR,CLE,4,0,1,-200.0,180.0
2021-07-07,2021,NYM,MIL,4,3,1,-170.0,160.0
2021-07-07,2021,NYM,MIL,0,5,0,-117.0,107.0
2021-07-08,2021,MIA,LAD,1,6,0,146.0,-156.0
2021-07-08,2021,ARI,COL,3,9,0,-115.0,105.0
2021-07-08,2021,CHC,PHI,0,8,0,-106.0,-104.0
2021-07-08,2021,MIL,CIN,5,3,1,-111.0,101.0
2021-07-08,2021,SDP,WSN,9,8,1,-148.0,138.0
2021-07-08,2021,HOU,ATH,1,2,0,-172.0,161.0
2021-07-08,2021,SEA,NYY,4,0,1,124.0,-134.0
2021-07-08,2021,CLE,KCR,7,4,1,-137.0,127.0
2021-07-08,2021,MIN,DET,5,3,1,-134.0,124.0
2021-07-09,2021,CHC,STL,10,5,1,-148.0,138.0
2021-07-09,2021,MIA,ATL,0,5,0,142.0,-152.0
2021-07-09,2021,NYM,PIT,13,4,1,-200.0,180.0
2021-07-09,2021,MIL,CIN,0,2,0,-117.0,107.0
2021-07-09,2021,SFG,WSN,5,3,1,-143.0,133.0
2021-07-09,2021,LAD,ARI,2,5,0,-270.0,240.0
2021-07-09,2021,SDP,COL,4,2,1,-192.0,176.0
2021-07-09,2021,BAL,CHW,1,12,0,122.0,-132.0
2021-07-09,2021,TBR,TOR,7,1,1,-122.0,112.0
2021-07-09,2021,CLE,KCR,2,1,1,-140.0,130.0
2021-07-09,2021,TEX,ATH,3,2,1,116.0,-126.0
2021-07-09,2021,HOU,NYY,0,4,0,-132.0,122.0
2021-07-09,2021,MIN,DET,4,2,1,-230.0,205.0
2021-07-09,2021,SEA,LAA,7,3,1,108.0,-118.0
2021-07-09,2021,BOS,PHI,11,5,1,-128.0,118.0
2021-07-10,2021,SFG,WSN,10,4,1,-185.0,170.0
2021-07-10,2021,NYM,PIT,2,6,0,-185.0,170.0
2021-07-10,2021,MIA,ATL,4,5,0,-110.0,100.0
2021-07-10,2021,CHC,STL,0,6,0,-111.0,101.0
2021-07-10,2021,MIL,CIN,3,4,0,-205.0,185.0
2021-07-10,2021,LAD,ARI,22,1,1,-296.0,256.0
2021-07-10,2021,SDP,COL,0,3,0,-208.0,188.0
2021-07-10,2021,TBR,TOR,5,2,1,-112.0,102.0
2021-07-10,2021,MIN,DET,9,4,1,-180.0,165.0
2021-07-10,2021,TEX,ATH,4,8,0,116.0,-126.0
2021-07-10,2021,BAL,CHW,3,8,0,180.0,-200.0
2021-07-10,2021,CLE,KCR,14,6,1,-127.0,117.0
2021-07-10,2021,HOU,NYY,0,1,0,-104.0,-106.0
2021-07-10,2021,SEA,LAA,2,0,1,-107.0,-103.0
2021-07-10,2021,BOS,PHI,2,11,0,-155.0,145.0
2021-07-10,2021,NYM,PIT,4,2,1,-219.0,199.0
2021-07-11,2021,MIA,ATL,7,4,1,-128.0,118.0
2021-07-11,2021,NYM,PIT,5,6,0,-220.0,200.0
2021-07-11,2021,MIL,CIN,1,3,0,-169.0,159.0
2021-07-11,2021,SFG,WSN,3,1,1,-190.0,175.0
2021-07-11,2021,LAD,ARI,7,4,1,-300.0,260.0
2021-07-11,2021,SDP,COL,1,3,0,-186.0,171.0
2021-07-11,2021,BAL,CHW,5,7,0,161.0,-172.0
2021-07-11,2021,TBR,TOR,1,3,0,109.0,-119.0
2021-07-11,2021,MIN,DET,12,9,1,-220.0,200.0
2021-07-11,2021,HOU,NYY,8,7,1,-130.0,120.0
2021-07-11,2021,TEX,ATH,1,4,0,125.0,-135.0
2021-07-11,2021,SEA,LAA,1,7,0,-109.0,-101.0
2021-07-11,2021,BOS,PHI,4,5,0,-200.0,180.0
2021-07-16,2021,PHI,MIA,5,2,1,118.0,-128.0
2021-07-16,2021,PIT,NYM,4,1,1,148.0,-158.0
2021-07-16,2021,WSN,SDP,8,24,0,138.0,-148.0
2021-07-16,2021,CIN,MIL,6,11,0,-127.0,117.0
2021-07-16,2021,PHI,MIA,0,7,0,-162.0,152.0
2021-07-16,2021,STL,SFG,2,7,0,-112.0,102.0
2021-07-16,2021,COL,LAD,4,10,0,217.0,-247.0
2021-07-16,2021,ARI,CHC,1,5,0,142.0,-152.0
2021-07-16,2021,NYY,BOS,0,4,0,101.0,-111.0
2021-07-16,2021,TOR,TEX,10,2,1,-270.0,240.0
2021-07-16,2021,KCR,BAL,9,2,1,-149.0,139.0
2021-07-16,2021,CHW,HOU,1,7,0,114.0,-124.0
2021-07-16,2021,LAA,SEA,5,6,0,-143.0,133.0
2021-07-16,2021,ATH,CLE,5,4,1,-188.0,173.0
2021-07-16,2021,ATL,TBR,6,7,0,-126.0,116.0
2021-07-17,2021,PHI,MIA,2,2,0,-121.0,111.0
2021-07-17,2021,WSN,SDP,4,5,0,120.0,-130.0
2021-07-17,2021,PIT,NYM,9,7,1,153.0,-163.0
2021-07-17,2021,CIN,MIL,4,7,0,126.0,-136.0
2021-07-17,2021,STL,SFG,3,1,1,100.0,-110.0
2021-07-17,2021,ARI,CHC,2,4,0,111.0,-121.0
2021-07-17,2021,COL,LAD,2,9,0,210.0,-240.0
2021-07-17,2021,ATH,CLE,2,3,0,-168.0,158.0
2021-07-17,2021,KCR,BAL,4,8,0,-155.0,145.0
2021-07-17,2021,CHW,HOU,10,1,1,-109.0,-101.0
2021-07-17,2021,NYY,BOS,3,1,1,-131.0,121.0
2021-07-17,2021,LAA,SEA,9,4,1,-130.0,120.0
2021-07-17,2021,ATL,TBR,9,0,1,-115.0,105.0
2021-07-17,2021,DET,MIN,1,0,1,114.0,-124.0
2021-07-17,2021,DET,MIN,5,4,1,157.0,-167.0
2021-07-18,2021,PIT,NYM,6,7,0,126.0,-137.0
2021-07-18,2021,WSN,SDP,8,7,1,-106.0,-102.0
2021-07-18,2021,PHI,MIA,7,4,1,-230.0,205.0
2021-07-18,2021,CIN,MIL,0,8,0,107.0,-116.0
2021-07-18,2021,STL,SFG,2,1,1,104.0,-112.0
2021-07-18,2021,COL,LAD,6,5,1,140.0,-153.0
2021-07-18,2021,ARI,CHC,6,4,1,-102.0,-106.0
2021-07-18,2021,DET,MIN,7,0,1,117.0,-126.0
2021-07-18,2021,CHW,HOU,4,0,1,-138.0,128.0
2021-07-18,2021,KCR,BAL,0,5,0,-147.0,135.0
2021-07-18,2021,LAA,SEA,4,7,0,-134.0,124.0
2021-07-18,2021,ATH,CLE,2,4,0,-170.0,155.0
2021-07-18,2021,NYY,BOS,9,1,1,-118.0,109.0
2021-07-18,2021,ATL,TBR,5,7,0,-109.0,101.0
2021-07-18,2021,TOR,TEX,5,0,1,-229.0,207.0
2021-07-18,2021,TOR,TEX,10,0,1,-206.0,187.0
2021-07-19,2021,WSN,MIA,18,1,1,-132.0,122.0
2021-07-19,2021,CIN,NYM,11,15,0,-108.0,-101.0
2021-07-19,2021,STL,CHC,8,3,1,103.0,-111.0
2021-07-19,2021,ARI,PIT,4,2,1,-117.0,108.0
2021-07-19,2021,LAD,SFG,2,7,0,-124.0,115.0
2021-07-19,2021,CHW,MIN,2,3,0,-220.0,199.0
2021-07-19,2021,TOR,BOS,4,13,0,-124.0,115.0
2021-07-19,2021,TBR,BAL,1,6,0,-277.0,247.0
2021-07-19,2021,DET,TEX,14,0,1,-102.0,-106.0
2021-07-19,2021,HOU,CLE,4,3,1,-214.0,194.0
2021-07-19,2021,CHW,MIN,5,3,1,106.0,-114.0
2021-07-19,2021,ATH,LAA,4,1,1,-122.0,113.0
2021-07-20,2021,WSN,MIA,6,3,1,-105.0,-105.0
2021-07-20,2021,CIN,NYM,4,3,1,-147.0,137.0
2021-07-20,2021,ATL,SDP,2,1,1,156.0,-166.0
2021-07-20,2021,STL,CHC,6,7,0,-109.0,-101.0
2021-07-20,2021,ARI,PIT,11,6,1,-103.0,-107.0
2021-07-20,2021,LAD,SFG,8,6,1,-137.0,127.0
2021-07-20,2021,ATH,LAA,6,0,1,-150.0,140.0
2021-07-20,2021,TBR,BAL,9,3,1,-200.0,180.0
2021-07-20,2021,DET,TEX,4,1,1,-115.0,105.0
2021-07-20,2021,HOU,CLE,9,3,1,-205.0,185.0
2021-07-20,2021,CHW,MIN,9,5,1,-136.0,126.0
2021-07-20,2021,NYY,PHI,6,4,1,118.0,-128.0
2021-07-20,2021,MIL,KCR,2,5,0,-155.0,145.0
2021-07-20,2021,COL,SEA,4,6,0,-180.0,165.0
2021-07-21,2021,ATL,SDP,2,3,0,108.0,-118.0
2021-07-21,2021,CIN,NYM,0,7,0,123.0,-133.0
2021-07-21,2021,ARI,PIT,6,4,1,-128.0,118.0
2021-07-21,2021,WSN,MIA,1,3,0,-154.0,144.0
2021-07-21,2021,STL,CHC,3,2,1,-131.0,121.0
2021-07-21,2021,LAD,SFG,2,4,0,-159.0,149.0
2021-07-21,2021,TBR,BAL,5,4,1,-230.0,205.0
2021-07-21,2021,DET,TEX,4,2,1,-116.0,106.0
2021-07-21,2021,HOU,CLE,4,5,0,-244.0,214.0
2021-07-21,2021,CHW,MIN,2,7,0,-154.0,144.0
2021-07-21,2021,MIL,KCR,3,6,0,-176.0,163.0
2021-07-21,2021,COL,SEA,6,3,1,-138.0,128.0
2021-07-21,2021,NYY,PHI,6,5,1,-102.0,-108.0
2021-07-21,2021,ATL,SDP,4,5,0,-123.0,113.0
2021-07-21,2021,TOR,BOS,4,7,0,-200.0,180.0
2021-07-22,2021,PHI,ATL,2,7,0,130.0,-140.0
2021-07-22,2021,MIA,SDP,2,3,0,141.0,-151.0
2021-07-22,2021,STL,CHC,3,2,1,-132.0,122.0
2021-07-22,2021,LAD,SFG,3,5,0,-188.0,173.0
2021-07-22,2021,DET,TEX,7,5,1,-138.0,128.0
2021-07-22,2021,CLE,TBR,4,5,0,121.0,-131.0
2021-07-22,2021,BOS,NYY,5,4,1,-148.0,138.0
2021-07-22,2021,MIN,LAA,2,3,0,-123.0,113.0
2021-07-22,2021,SEA,ATH,1,4,0,128.0,-138.0
2021-07-23,2021,CHC,ARI,8,3,1,-125.0,115.0
2021-07-23,2021,PHI,ATL,5,1,1,-152.0,142.0
2021-07-23,2021,MIA,SDP,2,5,0,128.0,-138.0
2021-07-23,2021,CIN,STL,6,5,1,-156.0,146.0
2021-07-23,2021,SFG,PIT,4,6,0,-185.0,170.0
2021-07-23,2021,LAD,COL,6,9,0,-270.0,240.0
2021-07-23,2021,BOS,NYY,6,2,1,-109.0,-101.0
2021-07-23,2021,CLE,TBR,5,10,0,115.0,-125.0
2021-07-23,2021,MIN,LAA,5,4,1,-105.0,-105.0
2021-07-23,2021,HOU,TEX,7,3,1,-206.0,186.0
2021-07-23,2021,KCR,DET,5,3,1,-114.0,104.0
2021-07-23,2021,SEA,ATH,4,3,1,110.0,-120.0
2021-07-23,2021,BAL,WSN,6,1,1,117.0,-127.0
2021-07-23,2021,NYM,TOR,3,0,1,-107.0,-103.0
2021-07-23,2021,MIL,CHW,7,1,1,-131.0,121.0
2021-07-24,2021,CHC,ARI,3,7,0,-168.0,158.0
2021-07-24,2021,PHI,ATL,3,15,0,-122.0,112.0
2021-07-24,2021,MIA,SDP,3,2,1,142.0,-152.0
2021-07-24,2021,CIN,STL,5,3,1,-176.0,163.0
2021-07-24,2021,SFG,PIT,2,10,0,-264.0,234.0
2021-07-24,2021,LAD,COL,1,0,1,-201.0,181.0
2021-07-24,2021,BOS,NYY,3,4,0,-167.0,157.0
2021-07-24,2021,HOU,TEX,4,1,1,-210.0,190.0
2021-07-24,2021,CLE,TBR,2,8,0,140.0,-150.0
2021-07-24,2021,MIN,LAA,1,2,0,-126.0,116.0
2021-07-24,2021,KCR,DET,9,8,1,-136.0,126.0
2021-07-24,2021,SEA,ATH,5,4,1,103.0,-113.0
2021-07-24,2021,BAL,WSN,5,3,1,121.0,-131.0
2021-07-24,2021,MIL,CHW,6,1,1,-126.0,116.0
2021-07-24,2021,NYM,TOR,3,10,0,106.0,-116.0
2021-07-25,2021,PHI,ATL,2,1,1,-162.0,152.0
2021-07-25,2021,MIA,SDP,9,3,1,190.0,-210.0
2021-07-25,2021,CIN,STL,6,10,0,-160.0,150.0
2021-07-25,2021,CHC,ARI,5,1,1,-180.0,165.0
2021-07-25,2021,SFG,PIT,6,1,1,-188.0,173.0
2021-07-25,2021,LAD,COL,3,2,1,-167.0,157.0
2021-07-25,2021,BOS,NYY,5,4,1,-137.0,127.0
2021-07-25,2021,CLE,TBR,3,2,1,158.0,-168.0
2021-07-25,2021,MIN,LAA,2,6,0,-120.0,110.0
2021-07-25,2021,KCR,DET,6,1,1,-106.0,-104.0
2021-07-25,2021,HOU,TEX,3,1,1,-260.0,230.0
2021-07-25,2021,SEA,ATH,4,3,1,121.0,-131.0
2021-07-25,2021,BAL,WSN,5,4,1,104.0,-114.0
2021-07-25,2021,NYM,TOR,5,4,1,105.0,-115.0
2021-07-25,2021,MIL,CHW,1,3,0,-154.0,144.0
2021-07-26,2021,NYM,ATL,0,2,0,-145.0,135.0
2021-07-26,2021,PHI,WSN,6,5,1,-124.0,114.0
2021-07-26,2021,CHC,CIN,6,5,1,-132.0,122.0
2021-07-26,2021,NYM,ATL,1,0,1,-167.0,157.0
2021-07-26,2021,BOS,TOR,5,4,1,-132.0,122.0
2021-07-26,2021,KCR,CHW,4,3,1,109.0,-119.0
2021-07-26,2021,MIN,DET,6,5,1,-172.0,161.0
2021-07-26,2021,SEA,HOU,11,8,1,155.0,-165.0
2021-07-26,2021,LAA,COL,6,2,1,-150.0,140.0
2021-07-27,2021,PIT,MIL,0,9,0,137.0,-140.0
2021-07-27,2021,PHI,WSN,4,6,0,-122.0,112.0
2021-07-27,2021,NYM,ATL,5,12,0,130.0,-140.0
2021-07-27,2021,CHC,CIN,4,7,0,-160.0,150.0
2021-07-27,2021,SFG,LAD,2,1,1,107.0,-117.0
2021-07-27,2021,TBR,NYY,3,4,0,-136.0,126.0
2021-07-27,2021,MIN,DET,5,6,0,-185.0,170.0
2021-07-27,2021,KCR,CHW,3,5,0,135.0,-145.0
2021-07-27,2021,SEA,HOU,6,8,0,148.0,-158.0
2021-07-27,2021,BAL,MIA,3,7,0,117.0,-127.0
2021-07-27,2021,CLE,STL,2,4,0,107.0,-117.0
2021-07-27,2021,TEX,ARI,5,4,1,-136.0,126.0
2021-07-27,2021,LAA,COL,3,12,0,-134.0,124.0
2021-07-27,2021,SDP,ATH,7,4,1,-152.0,142.0
2021-07-28,2021,PIT,MIL,3,7,0,134.0,-144.0
2021-07-28,2021,NYM,ATL,2,1,1,-119.0,109.0
2021-07-28,2021,CHC,CIN,2,8,0,100.0,-110.0
2021-07-28,2021,SFG,LAD,0,8,0,119.0,-129.0
2021-07-28,2021,MIN,DET,14,17,0,-138.0,128.0
2021-07-28,2021,SEA,HOU,4,11,0,100.0,-110.0
2021-07-28,2021,TBR,NYY,1,3,0,-134.0,124.0
2021-07-28,2021,KCR,CHW,3,2,1,160.0,-170.0
2021-07-28,2021,CLE,STL,7,2,1,101.0,-111.0
2021-07-28,2021,SDP,ATH,4,10,0,-127.0,117.0
2021-07-28,2021,BAL,MIA,8,7,1,-129.0,119.0
2021-07-28,2021,TEX,ARI,2,3,0,-117.0,107.0
2021-07-28,2021,LAA,COL,8,7,1,-213.0,193.0
2021-07-28,2021,BOS,TOR,1,4,0,140.0,-150.0
2021-07-28,2021,BOS,TOR,4,1,1,-130.0,120.0
2021-07-29,2021,NYM,ATL,3,6,0,-128.0,118.0
2021-07-29,2021,CHC,CIN,4,7,0,120.0,-130.0
2021-07-29,2021,SFG,LAD,5,0,1,111.0,-121.0
2021-07-29,2021,PIT,MIL,0,12,0,175.0,-190.0
2021-07-29,2021,SDP,COL,3,0,1,-266.0,236.0
2021-07-29,2021,TBR,NYY,14,0,1,112.0,-122.0
2021-07-29,2021,KCR,CHW,5,0,1,160.0,-170.0
2021-07-29,2021,DET,BAL,6,2,1,-150.0,140.0
2021-07-29,2021,BOS,TOR,1,13,0,-117.0,107.0
2021-07-29,2021,LAA,ATH,0,4,0,139.0,-149.0
2021-07-29,2021,PHI,WSN,1,3,0,-152.0,142.0
2021-07-29,2021,PHI,WSN,11,8,1,-142.0,132.0
2021-07-30,2021,PIT,PHI,7,0,1,120.0,-130.0
2021-07-30,2021,WSN,CHC,4,3,1,-131.0,121.0
2021-07-30,2021,NYM,CIN,2,6,0,-135.0,125.0
2021-07-30,2021,ATL,MIL,5,9,0,130.0,-140.0
2021-07-30,2021,ARI,LAD,6,5,1,177.0,-194.0
2021-07-30,2021,SDP,COL,4,9,0,-190.0,175.0
2021-07-30,2021,TOR,KCR,6,4,1,-230.0,205.0
2021-07-30,2021,DET,BAL,3,4,0,-148.0,138.0
2021-07-30,2021,TBR,BOS,7,3,1,-139.0,129.0
2021-07-30,2021,TEX,SEA,5,9,0,144.0,-154.0
2021-07-30,2021,CHW,CLE,6,4,1,-224.0,204.0
2021-07-30,2021,LAA,ATH,0,2,0,105.0,-115.0
2021-07-30,2021,MIA,NYY,1,3,0,150.0,-160.0
2021-07-30,2021,STL,MIN,5,1,1,-149.0,139.0
2021-07-30,2021,SFG,HOU,6,9,0,-123.0,113.0
2021-07-31,2021,WSN,CHC,3,6,0,-117.0,107.0
2021-07-31,2021,PIT,PHI,3,2,1,167.0,-182.0
2021-07-31,2021,NYM,CIN,5,4,1,-121.0,111.0
2021-07-31,2021,ATL,MIL,8,1,1,129.0,-139.0
2021-07-31,2021,ARI,LAD,3,8,0,159.0,-169.0
2021-07-31,2021,SDP,COL,3,5,0,-187.0,172.0
2021-07-31,2021,TOR,KCR,4,0,1,-240.0,210.0
2021-07-31,2021,LAA,ATH,1,0,1,135.0,-145.0
2021-07-31,2021,TBR,BOS,9,5,1,-113.0,103.0
2021-07-31,2021,DET,BAL,2,5,0,-110.0,100.0
2021-07-31,2021,TEX,SEA,5,4,1,123.0,-133.0
2021-07-31,2021,CHW,CLE,11,12,0,-153.0,143.0
2021-07-31,2021,SFG,HOU,8,6,1,-114.0,104.0
2021-07-31,2021,MIA,NYY,2,4,0,122.0,-132.0
2021-07-31,2021,STL,MIN,1,8,0,-126.0,116.0
2021-08-01,2021,WSN,CHC,6,5,1,-112.0,102.0
2021-08-01,2021,PIT,PHI,4,15,0,142.0,-152.0
2021-08-01,2021,NYM,CIN,1,7,0,-185.0,170.0
2021-08-01,2021,ATL,MIL,1,2,0,-162.0,152.0
2021-08-01,2021,SDP,COL,8,1,1,-152.0,142.0
2021-08-01,2021,ARI,LAD,0,13,0,216.0,-246.0
2021-08-01,2021,TOR,KCR,5,1,1,-250.0,220.0
2021-08-01,2021,DET,BAL,6,2,1,-144.0,134.0
2021-08-01,2021,CHW,CLE,2,1,1,-166.0,156.0
2021-08-01,2021,TEX,SEA,4,3,1,132.0,-142.0
2021-08-01,2021,LAA,ATH,3,8,0,-115.0,105.0
2021-08-01,2021,TBR,BOS,3,2,1,-156.0,146.0
2021-08-01,2021,MIA,NYY,1,3,0,149.0,-159.0
2021-08-01,2021,STL,MIN,7,3,1,-156.0,146.0
2021-08-01,2021,SFG,HOU,5,3,1,-118.0,108.0
2021-08-02,2021,WSN,PHI,5,7,0,107.0,-117.0
2021-08-02,2021,MIA,NYM,6,3,1,150.0,-160.0
2021-08-02,2021,MIL,PIT,6,2,1,-205.0,185.0
2021-08-02,2021,ARI,SFG,8,11,0,185.0,-205.0
2021-08-02,2021,TOR,CLE,2,5,0,-250.0,220.0
2021-08-02,2021,NYY,BAL,1,7,0,-290.0,250.0
2021-08-02,2021,TBR,SEA,2,8,0,-190.0,175.0
2021-08-02,2021,TEX,LAA,4,1,1,-108.0,-102.0
2021-08-03,2021,WSN,PHI,4,5,0,158.0,-168.0
2021-08-03,2021,MIA,NYM,5,4,1,170.0,-185.0
2021-08-03,2021,MIL,PIT,5,8,0,-230.0,205.0
2021-08-03,2021,STL,ATL,1,6,0,118.0,-128.0
2021-08-03,2021,COL,CHC,13,6,1,-138.0,128.0
2021-08-03,2021,ARI,SFG,3,1,1,162.0,-174.0
2021-08-03,2021,NYY,BAL,13,1,1,-250.0,220.0
2021-08-03,2021,TOR,CLE,7,2,1,-200.0,180.0
2021-08-03,2021,TBR,SEA,2,4,0,-153.0,143.0
2021-08-03,2021,DET,BOS,4,2,1,131.0,-141.0
2021-08-03,2021,TEX,LAA,3,11,0,118.0,-128.0
2021-08-03,2021,CHW,KCR,7,1,1,-250.0,220.0
2021-08-03,2021,CIN,MIN,5,7,0,-135.0,125.0
2021-08-03,2021,ATH,SDP,1,8,0,-163.0,153.0
2021-08-03,2021,LAD,HOU,0,3,0,-176.0,163.0
2021-08-04,2021,MIL,PIT,4,2,1,-255.0,225.0
2021-08-04,2021,WSN,PHI,5,9,0,-114.0,104.0
2021-08-04,2021,MIA,NYM,3,5,0,139.0,-149.0
2021-08-04,2021,STL,ATL,4,7,0,-102.0,-108.0
2021-08-04,2021,COL,CHC,2,3,0,-172.0,161.0
2021-08-04,2021,ARI,SFG,1,7,0,164.0,-178.0
2021-08-04,2021,TBR,SEA,4,3,1,-154.0,144.0
2021-08-04,2021,NYY,BAL,10,3,1,-254.0,224.0
2021-08-04,2021,TOR,CLE,8,6,1,-205.0,185.0
2021-08-04,2021,DET,BOS,1,4,0,135.0,-145.0
2021-08-04,2021,TEX,LAA,1,2,0,161.0,-172.0
2021-08-04,2021,CHW,KCR,1,9,0,-260.0,230.0
2021-08-04,2021,CIN,MIN,6,5,1,-240.0,210.0
2021-08-04,2021,ATH,SDP,5,4,1,-120.0,110.0
2021-08-04,2021,LAD,HOU,7,5,1,-230.0,205.0
2021-08-05,2021,MIA,NYM,4,2,1,119.0,-129.0
2021-08-05,2021,COL,CHC,6,5,1,-151.0,141.0
2021-08-05,2021,ARI,SFG,4,5,0,147.0,-157.0
2021-08-05,2021,WSN,PHI,6,7,0,136.0,-146.0
2021-08-05,2021,CIN,PIT,7,4,1,-246.0,216.0
2021-08-05,2021,STL,ATL,4,8,0,109.0,-119.0
2021-08-05,2021,DET,BOS,8,1,1,114.0,-124.0
2021-08-05,2021,TEX,LAA,0,5,0,-103.0,-107.0
2021-08-05,2021,NYY,SEA,5,3,1,-196.0,178.0
2021-08-05,2021,TOR,CLE,3,0,1,-200.0,180.0
2021-08-05,2021,CHW,KCR,2,3,0,-188.0,173.0
2021-08-05,2021,HOU,MIN,3,5,0,-240.0,210.0
2021-08-06,2021,PHI,NYM,4,2,1,-112.0,102.0
2021-08-06,2021,CIN,PIT,10,0,1,-185.0,170.0
2021-08-06,2021,ATL,WSN,8,4,1,-192.0,176.0
2021-08-06,2021,MIL,SFG,2,1,1,-143.0,133.0
2021-08-06,2021,COL,MIA,14,2,1,-159.0,149.0
2021-08-06,2021,SDP,ARI,5,8,0,-210.0,190.0
2021-08-06,2021,BAL,TBR,6,10,0,133.0,-143.0
2021-08-06,2021,NYY,SEA,3,2,1,-168.0,158.0
2021-08-06,2021,TOR,BOS,12,4,1,-143.0,133.0
2021-08-06,2021,CLE,DET,6,1,1,-134.0,124.0
2021-08-06,2021,HOU,MIN,4,5,0,-196.0,178.0
2021-08-06,2021,ATH,TEX,4,1,1,-300.0,260.0
2021-08-06,2021,CHC,CHW,6,8,0,180.0,-200.0
2021-08-06,2021,STL,KCR,4,2,1,-182.0,167.0
2021-08-06,2021,LAD,LAA,3,4,0,-212.0,192.0
2021-08-07,2021,PHI,NYM,5,3,1,-112.0,102.0
2021-08-07,2021,MIL,SFG,6,9,0,-186.0,171.0
2021-08-07,2021,CIN,PIT,11,3,1,-190.0,175.0
2021-08-07,2021,ATL,WSN,2,3,0,-260.0,230.0
2021-08-07,2021,COL,MIA,7,4,1,-158.0,148.0
2021-08-07,2021,SDP,ARI,6,2,1,-300.0,260.0
2021-08-07,2021,NYY,SEA,5,4,1,-198.0,179.0
2021-08-07,2021,TOR,BOS,1,0,1,-185.0,170.0
2021-08-07,2021,ATH,TEX,12,3,1,-240.0,210.0
2021-08-07,2021,BAL,TBR,3,12,0,205.0,-230.0
2021-08-07,2021,TOR,BOS,1,2,0,-159.0,149.0
2021-08-07,2021,CLE,DET,1,2,0,-143.0,133.0
2021-08-07,2021,HOU,MIN,4,0,1,-230.0,205.0
2021-08-07,2021,CHC,CHW,0,4,0,176.0,-192.0
2021-08-07,2021,STL,KCR,5,2,1,-151.0,141.0
2021-08-07,2021,LAD,LAA,5,3,1,-360.0,310.0
2021-08-08,2021,PHI,NYM,3,0,1,-180.0,165.0
2021-08-08,2021,CIN,PIT,3,2,1,-260.0,230.0
2021-08-08,2021,ATL,WSN,5,4,1,-210.0,190.0
2021-08-08,2021,MIL,SFG,4,5,0,-108.0,-102.0
2021-08-08,2021,COL,MIA,13,8,1,-163.0,153.0
2021-08-08,2021,SDP,ARI,2,0,1,-210.0,190.0
2021-08-08,2021,BAL,TBR,6,9,0,163.0,-176.0
2021-08-08,2021,NYY,SEA,0,2,0,-136.0,126.0
2021-08-08,2021,TOR,BOS,9,8,1,-180.0,165.0
2021-08-08,2021,CLE,DET,7,5,1,-154.0,144.0
2021-08-08,2021,HOU,MIN,5,7,0,-178.0,164.0
2021-08-08,2021,ATH,TEX,6,3,1,-260.0,230.0
2021-08-08,2021,STL,KCR,5,6,0,-130.0,120.0
2021-08-08,2021,LAD,LAA,8,2,1,-350.0,300.0
2021-08-08,2021,CHC,CHW,3,9,0,162.0,-174.0
2021-08-09,2021,SDP,MIA,8,3,1,-250.0,220.0
2021-08-09,2021,MIN,CHW,1,11,0,188.0,-208.0
2021-08-09,2021,KCR,NYY,6,8,0,155.0,-165.0
2021-08-09,2021,CLE,CIN,9,3,1,162.0,-174.0
2021-08-10,2021,PIT,STL,1,4,0,121.0,-131.0
2021-08-10,2021,PHI,LAD,0,5,0,135.0,-145.0
2021-08-10,2021,ATL,CIN,3,2,1,-120.0,110.0
2021-08-10,2021,CHC,MIL,3,6,0,138.0,-148.0
2021-08-10,2021,SFG,ARI,8,7,1,-220.0,200.0
2021-08-10,2021,SDP,MIA,6,5,1,-240.0,210.0
2021-08-10,2021,TOR,LAA,3,6,0,-163.0,153.0
2021-08-10,2021,BAL,DET,4,9,0,115.0,-125.0
2021-08-10,2021,BOS,TBR,4,8,0,-122.0,112.0
2021-08-10,2021,CLE,ATH,3,4,0,132.0,-142.0
2021-08-10,2021,MIN,CHW,4,3,1,140.0,-150.0
2021-08-10,2021,KCR,NYY,8,4,1,137.0,-147.0
2021-08-10,2021,LAA,TOR,0,4,0,160.0,-170.0
2021-08-10,2021,SEA,TEX,4,5,0,-210.0,190.0
2021-08-10,2021,HOU,COL,5,0,1,-182.0,167.0
2021-08-10,2021,CHC,MIL,2,4,0,173.0,-188.0
2021-08-11,2021,SDP,MIA,0,7,0,-155.0,145.0
2021-08-11,2021,PIT,STL,0,4,0,153.0,-163.0
2021-08-11,2021,PHI,LAD,2,8,0,142.0,-152.0
2021-08-11,2021,ATL,CIN,8,6,1,-122.0,112.0
2021-08-11,2021,CHC,MIL,0,10,0,230.0,-260.0
2021-08-11,2021,SFG,ARI,7,2,1,-269.0,239.0
2021-08-11,2021,MIN,CHW,1,0,1,135.0,-145.0
2021-08-11,2021,KCR,NYY,2,5,0,124.0,-134.0
2021-08-11,2021,BAL,DET,2,5,0,100.0,-110.0
2021-08-11,2021,CLE,ATH,3,6,0,137.0,-147.0
2021-08-11,2021,BOS,TBR,20,8,1,-113.0,103.0
2021-08-11,2021,LAA,TOR,2,10,0,167.0,-182.0
2021-08-11,2021,SEA,TEX,2,1,1,-200.0,180.0
2021-08-11,2021,HOU,COL,5,1,1,-250.0,220.0
2021-08-12,2021,PIT,STL,6,7,0,119.0,-129.0
2021-08-12,2021,PHI,LAD,2,1,1,120.0,-130.0
2021-08-12,2021,CHC,MIL,4,17,0,195.0,-215.0
2021-08-12,2021,ATL,CIN,3,12,0,-156.0,146.0
2021-08-12,2021,ARI,SDP,12,3,1,210.0,-240.0
2021-08-12,2021,SFG,COL,7,0,1,-190.0,175.0
2021-08-12,2021,CLE,ATH,0,17,0,158.0,-168.0
2021-08-12,2021,BAL,DET,4,6,0,-144.0,134.0
2021-08-12,2021,SEA,TEX,3,1,1,-215.0,195.0
2021-08-12,2021,BOS,TBR,1,8,0,-118.0,108.0
2021-08-12,2021,CHW,NYY,9,8,1,-174.0,162.0
2021-08-12,2021,LAA,TOR,6,3,1,123.0,-133.0
2021-08-12,2021,NYM,WSN,4,1,1,-220.0,200.0
2021-08-12,2021,NYM,WSN,5,4,1,-156.0,146.0
2021-08-13,2021,PHI,CIN,1,6,0,-159.0,149.0
2021-08-13,2021,WSN,ATL,2,4,0,154.0,-164.0
2021-08-13,2021,MIA,CHC,14,10,1,-114.0,104.0
2021-08-13,2021,NYM,LAD,5,6,0,154.0,-164.0
2021-08-13,2021,ARI,SDP,3,2,1,162.0,-174.0
2021-08-13,2021,SFG,COL,5,4,1,-218.0,198.0
2021-08-13,2021,DET,CLE,4,7,0,105.0,-115.0
2021-08-13,2021,BOS,BAL,8,1,1,-245.0,215.0
2021-08-13,2021,TEX,ATH,8,6,1,147.0,-157.0
2021-08-13,2021,MIN,TBR,4,10,0,154.0,-164.0
2021-08-13,2021,LAA,HOU,1,4,0,126.0,-136.0
2021-08-13,2021,SEA,TOR,3,2,1,148.0,-158.0
2021-08-13,2021,KCR,STL,0,6,0,127.0,-137.0
2021-08-14,2021,PHI,CIN,6,1,1,116.0,-126.0
2021-08-14,2021,WSN,ATL,2,12,0,154.0,-164.0
2021-08-14,2021,MIA,CHC,5,4,1,-155.0,145.0
2021-08-14,2021,NYM,LAD,1,2,0,174.0,-189.0
2021-08-14,2021,ARI,SDP,7,0,1,195.0,-215.0
2021-08-14,2021,SFG,COL,1,4,0,-210.0,190.0
2021-08-14,2021,BOS,BAL,16,2,1,-320.0,280.0
2021-08-14,2021,DET,CLE,6,4,1,-127.0,117.0
2021-08-14,2021,TEX,ATH,3,8,0,200.0,-220.0
2021-08-14,2021,MIN,TBR,12,0,1,-105.0,-105.0
2021-08-14,2021,CHW,NYY,5,7,0,-135.0,125.0
2021-08-14,2021,LAA,HOU,2,8,0,181.0,-201.0
2021-08-14,2021,SEA,TOR,9,3,1,128.0,-138.0
2021-08-14,2021,KCR,STL,4,9,0,-115.0,105.0
2021-08-14,2021,PIT,MIL,14,4,1,177.0,-194.0
2021-08-14,2021,PIT,MIL,0,6,0,176.0,-192.0
2021-08-15,2021,PHI,CIN,4,7,0,-135.0,125.0
2021-08-15,2021,WSN,ATL,5,6,0,137.0,-147.0
2021-08-15,2021,PIT,MIL,1,2,0,178.0,-196.0
2021-08-15,2021,MIA,CHC,4,1,1,-143.0,133.0
2021-08-15,2021,SFG,COL,5,2,1,-186.0,171.0
2021-08-15,2021,ARI,SDP,2,8,0,155.0,-165.0
2021-08-15,2021,NYM,LAD,4,14,0,169.0,-184.0
2021-08-15,2021,BOS,BAL,6,2,1,-290.0,250.0
2021-08-15,2021,DET,CLE,0,11,0,123.0,-133.0
2021-08-15,2021,MIN,TBR,5,4,1,141.0,-151.0
2021-08-15,2021,CHW,NYY,3,5,0,-176.0,163.0
2021-08-15,2021,TEX,ATH,7,4,1,205.0,-225.0
2021-08-15,2021,LAA,HOU,3,1,1,169.0,-184.0
2021-08-15,2021,SEA,TOR,3,8,0,-103.0,-107.0
2021-08-15,2021,KCR,STL,2,7,0,105.0,-115.0
2021-08-16,2021,MIA,ATL,2,12,0,145.0,-155.0
2021-08-16,2021,CIN,CHC,14,5,1,-201.0,181.0
2021-08-16,2021,COL,SDP,6,5,1,115.0,-125.0
2021-08-16,2021,SFG,NYM,7,5,1,-223.0,203.0
2021-08-16,2021,LAD,PIT,2,1,1,-260.0,230.0
2021-08-16,2021,NYY,LAA,2,1,1,-274.0,244.0
2021-08-16,2021,TBR,BAL,9,2,1,-255.0,225.0
2021-08-16,2021,KCR,HOU,7,6,1,140.0,-150.0
2021-08-16,2021,MIN,CLE,5,4,1,-123.0,113.0
2021-08-16,2021,CHW,ATH,5,2,1,108.0,-118.0
2021-08-17,2021,CIN,CHC,1,2,0,-180.0,165.0
2021-08-17,2021,MIA,ATL,0,2,0,125.0,-135.0
2021-08-17,2021,STL,MIL,0,2,0,148.0,-158.0
2021-08-17,2021,COL,SDP,7,3,1,100.0,-110.0
2021-08-17,2021,ARI,PHI,3,2,1,136.0,-146.0
2021-08-17,2021,SFG,NYM,3,2,1,-147.0,137.0
2021-08-17,2021,LAD,PIT,4,3,1,-320.0,280.0
2021-08-17,2021,NYY,BOS,5,3,1,-112.0,102.0
2021-08-17,2021,NYY,BOS,2,0,1,-103.0,-107.0
2021-08-17,2021,DET,LAA,2,8,0,-140.0,130.0
2021-08-17,2021,TBR,BAL,10,0,1,-250.0,220.0
2021-08-17,2021,TEX,SEA,1,3,0,120.0,-130.0
2021-08-17,2021,CHW,ATH,9,0,1,100.0,-110.0
2021-08-17,2021,MIN,CLE,1,3,0,-170.0,160.0
2021-08-17,2021,KCR,HOU,3,1,1,160.0,-170.0
2021-08-17,2021,WSN,TOR,12,6,1,178.0,-196.0
2021-08-18,2021,CIN,CHC,1,7,0,-320.0,280.0
2021-08-18,2021,COL,SDP,7,5,1,137.0,-147.0
2021-08-18,2021,SFG,NYM,2,6,0,-138.0,128.0
2021-08-18,2021,MIA,ATL,9,11,0,200.0,-220.0
2021-08-18,2021,STL,MIL,4,6,0,111.0,-121.0
2021-08-18,2021,ARI,PHI,4,2,1,159.0,-169.0
2021-08-18,2021,LAD,PIT,9,0,1,-302.0,262.0
2021-08-18,2021,MIN,CLE,8,7,1,-112.0,102.0
2021-08-18,2021,NYY,BOS,5,2,1,-114.0,104.0
2021-08-18,2021,TBR,BAL,8,4,1,-320.0,280.0
2021-08-18,2021,DET,LAA,1,3,0,115.0,-125.0
2021-08-18,2021,TEX,SEA,1,3,0,146.0,-156.0
2021-08-18,2021,CHW,ATH,3,2,1,-198.0,179.0
2021-08-18,2021,KCR,HOU,3,2,1,162.0,-174.0
2021-08-18,2021,WSN,TOR,8,5,1,150.0,-160.0
2021-08-19,2021,ARI,PHI,6,2,1,178.0,-196.0
2021-08-19,2021,CIN,MIA,6,1,1,-290.0,250.0
2021-08-19,2021,STL,MIL,8,4,1,175.0,-190.0
2021-08-19,2021,LAD,NYM,4,1,1,-196.0,178.0
2021-08-19,2021,DET,LAA,10,13,0,-101.0,-109.0
2021-08-19,2021,TBR,BAL,7,2,1,-360.0,310.0
2021-08-19,2021,TEX,SEA,8,9,0,124.0,-134.0
2021-08-19,2021,CHW,ATH,4,5,0,-150.0,140.0
2021-08-19,2021,KCR,HOU,3,6,0,155.0,-165.0
2021-08-19,2021,NYY,MIN,7,5,1,-240.0,210.0
2021-08-20,2021,CIN,MIA,5,3,1,-183.0,168.0
2021-08-20,2021,MIL,WSN,1,4,0,-188.0,173.0
2021-08-20,2021,STL,PIT,0,4,0,-210.0,190.0
2021-08-20,2021,COL,ARI,9,4,1,-192.0,176.0
2021-08-20,2021,LAD,NYM,3,2,1,-240.0,210.0
2021-08-20,2021,SDP,PHI,3,4,0,-202.0,182.0
2021-08-20,2021,NYY,MIN,10,2,1,-230.0,205.0
2021-08-20,2021,TOR,DET,1,4,0,-264.0,234.0
2021-08-20,2021,CLE,LAA,9,1,1,-121.0,111.0
2021-08-20,2021,BOS,TEX,6,0,1,-300.0,260.0
2021-08-20,2021,TBR,CHW,5,7,0,-102.0,-108.0
2021-08-20,2021,HOU,SEA,12,3,1,-178.0,164.0
2021-08-20,2021,CHC,KCR,2,6,0,-108.0,-102.0
2021-08-20,2021,BAL,ATL,0,3,0,212.0,-242.0
2021-08-20,2021,ATH,SFG,4,1,1,-103.0,-107.0
2021-08-21,2021,LAD,NYM,4,3,1,-260.0,230.0
2021-08-21,2021,MIL,WSN,9,6,1,-230.0,205.0
2021-08-21,2021,CIN,MIA,7,4,1,-196.0,178.0
2021-08-21,2021,STL,PIT,4,5,0,-200.0,180.0
2021-08-21,2021,COL,ARI,5,2,1,-146.0,136.0
2021-08-21,2021,SDP,PHI,4,3,1,-151.0,141.0
2021-08-21,2021,NYY,MIN,7,1,1,-240.0,210.0
2021-08-21,2021,TBR,CHW,8,4,1,-147.0,137.0
2021-08-21,2021,TOR,DET,3,0,1,-245.0,215.0
2021-08-21,2021,CLE,LAA,5,1,1,-128.0,118.0
2021-08-21,2021,HOU,SEA,15,1,1,-142.0,132.0
2021-08-21,2021,BOS,TEX,1,10,0,-340.0,290.0
2021-08-21,2021,CHC,KCR,2,4,0,-126.0,116.0
2021-08-21,2021,ATH,SFG,5,6,0,100.0,-110.0
2021-08-21,2021,BAL,ATL,4,5,0,157.0,-167.0
2021-08-22,2021,CIN,MIA,3,1,1,-130.0,120.0
2021-08-22,2021,MIL,WSN,7,3,1,-220.0,200.0
2021-08-22,2021,STL,PIT,3,0,1,-240.0,210.0
2021-08-22,2021,COL,ARI,4,8,0,-178.0,164.0
2021-08-22,2021,SDP,PHI,4,7,0,-153.0,143.0
2021-08-22,2021,LAD,NYM,2,7,0,-174.0,162.0
2021-08-22,2021,TOR,DET,3,5,0,-270.0,240.0
2021-08-22,2021,TBR,CHW,9,0,1,-120.0,110.0
2021-08-22,2021,HOU,SEA,3,6,0,-196.0,178.0
2021-08-22,2021,CLE,LAA,3,0,1,-118.0,108.0
2021-08-22,2021,BAL,ATL,1,3,0,150.0,-160.0
2021-08-22,2021,CHC,KCR,1,9,0,-113.0,103.0
2021-08-22,2021,ATH,SFG,1,2,0,104.0,-114.0
2021-08-23,2021,PIT,ARI,6,5,1,-116.0,106.0
2021-08-23,2021,CHC,COL,6,4,1,-124.0,114.0
2021-08-23,2021,TOR,CHW,2,1,1,-114.0,104.0
2021-08-23,2021,HOU,KCR,1,7,0,-250.0,220.0
2021-08-23,2021,ATH,SEA,3,5,0,-134.0,124.0
2021-08-23,2021,ATL,NYY,1,5,0,-105.0,-105.0
2021-08-23,2021,BOS,TEX,8,4,1,-290.0,250.0
2021-08-24,2021,PIT,ARI,4,2,1,104.0,-114.0
2021-08-24,2021,NYM,SFG,0,8,0,-119.0,109.0
2021-08-24,2021,MIA,WSN,1,5,0,-111.0,101.0
2021-08-24,2021,MIL,CIN,7,4,1,-198.0,179.0
2021-08-24,2021,SDP,LAD,2,5,0,129.0,-139.0
2021-08-24,2021,ATH,SEA,1,5,0,-152.0,142.0
2021-08-24,2021,BAL,LAA,8,14,0,116.0,-126.0
2021-08-24,2021,TOR,CHW,2,5,0,-127.0,117.0
2021-08-24,2021,BOS,MIN,11,9,1,-216.0,196.0
2021-08-24,2021,CLE,TEX,3,7,0,-165.0,155.0
2021-08-24,2021,HOU,KCR,4,0,1,-248.0,218.0
2021-08-24,2021,PHI,TBR,1,3,0,103.0,-113.0
2021-08-24,2021,ATL,NYY,4,5,0,-135.0,125.0
2021-08-24,2021,STL,DET,3,4,0,-222.0,202.0
2021-08-25,2021,PIT,ARI,2,5,0,103.0,-113.0
2021-08-25,2021,MIA,WSN,4,3,1,-105.0,-105.0
2021-08-25,2021,NYM,SFG,2,3,0,-103.0,-107.0
2021-08-25,2021,MIL,CIN,4,1,1,-155.0,145.0
2021-08-25,2021,SDP,LAD,3,5,0,126.0,-136.0
2021-08-25,2021,HOU,KCR,6,5,1,-260.0,230.0
2021-08-25,2021,BAL,LAA,10,6,1,187.0,-207.0
2021-08-25,2021,TOR,CHW,3,1,1,-119.0,109.0
2021-08-25,2021,BOS,MIN,6,9,0,-153.0,143.0
2021-08-25,2021,CLE,TEX,7,2,1,-194.0,177.0
2021-08-25,2021,STL,DET,3,2,1,-120.0,110.0
2021-08-25,2021,PHI,TBR,4,7,0,-153.0,143.0
2021-08-25,2021,CHC,COL,5,2,1,124.0,-134.0
2021-08-25,2021,CHC,COL,10,13,0,132.0,-142.0
2021-08-26,2021,MIL,CIN,1,5,0,100.0,-110.0
2021-08-26,2021,PIT,STL,11,7,1,149.0,-159.0
2021-08-26,2021,PHI,ARI,7,8,0,-139.0,129.0
2021-08-26,2021,NYM,SFG,2,3,0,104.0,-114.0
2021-08-26,2021,MIA,WSN,7,5,1,-117.0,107.0
2021-08-26,2021,SDP,LAD,0,4,0,129.0,-139.0
2021-08-26,2021,BAL,LAA,13,1,1,-105.0,-105.0
2021-08-26,2021,TOR,CHW,7,10,0,-103.0,-107.0
2021-08-26,2021,CLE,TEX,10,6,1,-152.0,142.0
2021-08-26,2021,BOS,MIN,12,2,1,-254.0,224.0
2021-08-26,2021,ATH,NYY,6,7,0,106.0,-116.0
2021-08-26,2021,SEA,KCR,4,6,0,-164.0,154.0
2021-08-27,2021,PHI,ARI,7,6,1,-247.0,217.0
2021-08-27,2021,PIT,STL,3,4,0,154.0,-164.0
2021-08-27,2021,NYM,WSN,1,2,0,-186.0,171.0
2021-08-27,2021,MIA,CIN,0,6,0,119.0,-129.0
2021-08-27,2021,ATL,SFG,6,5,1,-124.0,114.0
2021-08-27,2021,LAD,COL,2,4,0,-263.0,233.0
2021-08-27,2021,BAL,TBR,3,6,0,205.0,-230.0
2021-08-27,2021,CLE,BOS,3,4,0,156.0,-166.0
2021-08-27,2021,DET,TOR,2,1,1,150.0,-160.0
2021-08-27,2021,TEX,HOU,4,5,0,171.0,-186.0
2021-08-27,2021,ATH,NYY,2,8,0,154.0,-164.0
2021-08-27,2021,SEA,KCR,7,8,0,-174.0,162.0
2021-08-27,2021,MIN,MIL,2,0,1,117.0,-127.0
2021-08-27,2021,CHW,CHC,17,13,1,-211.0,191.0
2021-08-27,2021,LAA,SDP,0,5,0,181.0,-201.0
2021-08-28,2021,PHI,ARI,7,0,1,-192.0,176.0
2021-08-28,2021,MIA,CIN,6,1,1,-105.0,-105.0
2021-08-28,2021,PIT,STL,0,13,0,170.0,-185.0
2021-08-28,2021,NYM,WSN,5,3,1,-214.0,194.0
2021-08-28,2021,ATL,SFG,0,5,0,-108.0,-102.0
2021-08-28,2021,LAD,COL,5,2,1,-241.0,211.0
2021-08-28,2021,CLE,BOS,3,5,0,126.0,-136.0
2021-08-28,2021,ATH,NYY,3,2,1,-123.0,113.0
2021-08-28,2021,SEA,KCR,2,4,0,-153.0,143.0
2021-08-28,2021,DET,TOR,2,3,0,168.0,-183.0
2021-08-28,2021,BAL,TBR,3,4,0,147.0,-157.0
2021-08-28,2021,TEX,HOU,2,5,0,205.0,-230.0
2021-08-28,2021,CHW,CHC,0,7,0,-300.0,260.0
2021-08-28,2021,MIN,MIL,6,4,1,132.0,-142.0
2021-08-28,2021,LAA,SDP,10,2,1,115.0,-125.0
2021-08-29,2021,PHI,ARI,7,4,1,-174.0,162.0
2021-08-29,2021,PIT,STL,4,3,1,140.0,-150.0
2021-08-29,2021,NYM,WSN,9,4,1,-186.0,171.0
2021-08-29,2021,MIA,CIN,2,1,1,170.0,-185.0
2021-08-29,2021,ATL,SFG,9,0,1,-127.0,117.0
2021-08-29,2021,LAD,COL,0,5,0,-240.0,210.0
2021-08-29,2021,BAL,TBR,8,12,0,210.0,-240.0
2021-08-29,2021,CLE,BOS,7,5,1,139.0,-149.0
2021-08-29,2021,DET,TOR,1,2,0,158.0,-168.0
2021-08-29,2021,TEX,HOU,13,2,1,180.0,-200.0
2021-08-29,2021,SEA,KCR,4,3,1,-140.0,130.0
2021-08-29,2021,ATH,NYY,3,1,1,137.0,-147.0
2021-08-29,2021,CHW,CHC,13,1,1,-250.0,220.0
2021-08-29,2021,MIN,MIL,2,6,0,133.0,-143.0
2021-08-30,2021,CIN,STL,1,3,0,-205.0,185.0
2021-08-30,2021,WSN,PHI,4,7,0,125.0,-135.0
2021-08-30,2021,ARI,SDP,5,7,0,160.0,-170.0
2021-08-30,2021,SFG,MIL,1,3,0,124.0,-134.0
2021-08-30,2021,LAD,ATL,5,3,1,-200.0,180.0
2021-08-30,2021,DET,MIN,2,3,0,114.0,-124.0
2021-08-30,2021,TOR,BAL,7,3,1,-340.0,290.0
2021-08-30,2021,TBR,BOS,6,1,1,-144.0,134.0
2021-08-30,2021,LAA,NYY,8,7,1,175.0,-190.0
2021-08-30,2021,SEA,HOU,3,4,0,139.0,-149.0
2021-08-30,2021,TEX,COL,4,3,1,135.0,-145.0
2021-08-31,2021,WSN,PHI,6,12,0,-128.0,118.0
2021-08-31,2021,NYM,MIA,3,1,1,-172.0,161.0
2021-08-31,2021,ARI,SDP,0,3,0,144.0,-154.0
2021-08-31,2021,SFG,MIL,2,6,0,114.0,-124.0
2021-08-31,2021,LAD,ATL,3,2,1,-185.0,170.0
2021-08-31,2021,TOR,BAL,2,4,0,-300.0,260.0
2021-08-31,2021,DET,ATH,3,9,0,102.0,-112.0
2021-08-31,2021,TBR,BOS,8,5,1,-155.0,145.0
2021-08-31,2021,KCR,CLE,2,7,0,-116.0,106.0
2021-08-31,2021,LAA,NYY,6,4,1,171.0,-186.0
2021-08-31,2021,SEA,HOU,4,0,1,144.0,-154.0
2021-08-31,2021,TEX,COL,4,3,1,118.0,-128.0
2021-08-31,2021,CHW,PIT,4,2,1,-340.0,290.0
2021-08-31,2021,MIN,CHC,1,3,0,-149.0,139.0
2021-09-01,2021,ARI,SDP,8,3,1,180.0,-200.0
2021-09-01,2021,SFG,MIL,2,5,0,-178.0,164.0
2021-09-01,2021,LAD,ATL,4,3,1,-205.0,185.0
2021-09-01,2021,SEA,HOU,1,0,1,122.0,-132.0
2021-09-01,2021,LAA,NYY,1,4,0,240.0,-270.0
2021-09-01,2021,TOR,BAL,5,4,1,-240.0,210.0
2021-09-01,2021,DET,ATH,8,6,1,161.0,-172.0
2021-09-01,2021,TBR,BOS,2,3,0,-114.0,104.0
2021-09-01,2021,KCR,CLE,3,5,0,-125.0,115.0
2021-09-01,2021,TEX,COL,5,9,0,130.0,-140.0
2021-09-01,2021,CHW,PIT,6,3,1,-350.0,300.0
2021-09-01,2021,MIN,CHC,0,3,0,-174.0,162.0
2021-09-01,2021,CIN,STL,4,5,0,-122.0,112.0
2021-09-01,2021,CIN,STL,12,2,1,-164.0,154.0
2021-09-02,2021,SFG,MIL,5,1,1,-176.0,163.0
2021-09-02,2021,NYM,MIA,4,3,1,-153.0,143.0
2021-09-02,2021,CHC,PIT,6,5,1,-130.0,120.0
2021-09-02,2021,COL,ATL,5,6,0,137.0,-147.0
2021-09-02,2021,DET,ATH,6,8,0,180.0,-200.0
2021-09-02,2021,TBR,BOS,0,4,0,-159.0,149.0
2021-09-02,2021,KCR,CLE,2,4,0,-112.0,102.0
2021-09-02,2021,WSN,PHI,6,7,0,140.0,-150.0
2021-09-03,2021,CHC,PIT,6,5,1,-144.0,134.0
2021-09-03,2021,WSN,NYM,2,6,0,115.0,-125.0
2021-09-03,2021,MIA,PHI,10,3,1,129.0,-139.0
2021-09-03,2021,MIL,STL,4,15,0,-162.0,152.0
2021-09-03,2021,COL,ATL,4,3,1,121.0,-131.0
2021-09-03,2021,SFG,LAD,3,2,1,109.0,-119.0
2021-09-03,2021,NYY,BAL,4,3,1,-230.0,205.0
2021-09-03,2021,TOR,ATH,11,10,1,-147.0,137.0
2021-09-03,2021,TBR,MIN,5,3,1,-188.0,173.0
2021-09-03,2021,BOS,CLE,8,5,1,-167.0,157.0
2021-09-03,2021,KCR,CHW,7,2,1,110.0,-120.0
2021-09-03,2021,LAA,TEX,3,2,1,-178.0,164.0
2021-09-03,2021,CIN,DET,5,15,0,-172.0,161.0
2021-09-03,2021,ARI,SEA,5,6,0,-102.0,-108.0
2021-09-03,2021,SDP,HOU,3,6,0,108.0,-118.0
2021-09-04,2021,WSN,NYM,9,11,0,140.0,-150.0
2021-09-04,2021,CHC,PIT,7,6,1,-148.0,138.0
2021-09-04,2021,WSN,NYM,4,3,1,143.0,-153.0
2021-09-04,2021,MIA,PHI,3,2,1,108.0,-118.0
2021-09-04,2021,MIL,STL,4,0,1,-119.0,109.0
2021-09-04,2021,COL,ATL,7,6,1,100.0,-110.0
2021-09-04,2021,SFG,LAD,1,6,0,151.0,-161.0
2021-09-04,2021,NYY,BAL,3,4,0,-350.0,300.0
2021-09-04,2021,TOR,ATH,10,8,1,-178.0,164.0
2021-09-04,2021,TBR,MIN,11,4,1,-210.0,190.0
2021-09-04,2021,BOS,CLE,4,3,1,-190.0,175.0
2021-09-04,2021,KCR,CHW,7,10,0,138.0,-148.0
2021-09-04,2021,LAA,TEX,4,1,1,-145.0,135.0
2021-09-04,2021,CIN,DET,7,4,1,-188.0,173.0
2021-09-04,2021,ARI,SEA,5,8,0,117.0,-127.0
2021-09-04,2021,SDP,HOU,10,2,1,-111.0,101.0
2021-09-05,2021,WSN,NYM,6,13,0,112.0,-122.0
2021-09-05,2021,MIA,PHI,3,4,0,-106.0,-104.0
2021-09-05,2021,MIL,STL,6,5,1,-210.0,190.0
2021-09-05,2021,CHC,PIT,11,8,1,-140.0,130.0
2021-09-05,2021,COL,ATL,2,9,0,180.0,-200.0
2021-09-05,2021,SFG,LAD,6,4,1,170.0,-185.0
2021-09-05,2021,NYY,BAL,7,8,0,-330.0,285.0
2021-09-05,2021,TOR,ATH,8,0,1,-210.0,190.0
2021-09-05,2021,TBR,MIN,5,6,0,-210.0,190.0
2021-09-05,2021,BOS,CLE,5,11,0,-134.0,124.0
2021-09-05,2021,KCR,CHW,6,0,1,130.0,-140.0
2021-09-05,2021,LAA,TEX,3,7,0,-124.0,114.0
2021-09-05,2021,CIN,DET,1,4,0,-210.0,190.0
2021-09-05,2021,ARI,SEA,4,10,0,110.0,-120.0
2021-09-05,2021,SDP,HOU,4,3,1,-105.0,-105.0
2021-09-06,2021,WSN,NYM,4,3,1,112.0,-122.0
2021-09-06,2021,MIL,PHI,0,12,0,-128.0,118.0
2021-09-06,2021,CHC,CIN,4,3,1,140.0,-150.0
2021-09-06,2021,COL,SFG,5,10,0,134.0,-144.0
2021-09-06,2021,STL,LAD,1,5,0,190.0,-210.0
2021-09-06,2021,BAL,KCR,2,3,0,100.0,-110.0
2021-09-06,2021,NYY,TOR,0,8,0,-138.0,128.0
2021-09-06,2021,BOS,TBR,10,11,0,-140.0,130.0
2021-09-06,2021,CLE,MIN,2,5,0,110.0,-120.0
2021-09-06,2021,HOU,SEA,11,2,1,-215.0,195.0
2021-09-06,2021,LAA,TEX,0,4,0,-132.0,122.0
2021-09-06,2021,PIT,DET,6,3,1,120.0,-130.0
2021-09-07,2021,MIA,NYM,4,9,0,162.0,-174.0
2021-09-07,2021,ATL,WSN,8,5,1,-260.0,230.0
2021-09-07,2021,MIL,PHI,10,0,1,-110.0,100.0
2021-09-07,2021,CHC,CIN,3,4,0,129.0,-139.0
2021-09-07,2021,STL,LAD,2,7,0,135.0,-145.0
2021-09-07,2021,COL,SFG,3,12,0,200.0,-220.0
2021-09-07,2021,CLE,MIN,0,3,0,-128.0,118.0
2021-09-07,2021,BAL,KCR,7,3,1,110.0,-120.0
2021-09-07,2021,NYY,TOR,1,5,0,-220.0,200.0
2021-09-07,2021,BOS,TBR,7,12,0,-112.0,102.0
2021-09-07,2021,HOU,SEA,5,4,1,-163.0,153.0
2021-09-07,2021,ATH,CHW,3,6,0,-127.0,117.0
2021-09-07,2021,PIT,DET,3,2,1,-110.0,100.0
2021-09-07,2021,ARI,TEX,1,3,0,-170.0,160.0
2021-09-07,2021,SDP,LAA,0,4,0,-310.0,270.0
2021-09-08,2021,COL,SFG,4,7,0,127.0,-137.0
2021-09-08,2021,MIA,NYM,2,1,1,-105.0,-105.0
2021-09-08,2021,ATL,WSN,2,4,0,-200.0,180.0
2021-09-08,2021,CHC,CIN,4,1,1,100.0,-110.0
2021-09-08,2021,MIL,PHI,4,3,1,-160.0,150.0
2021-09-08,2021,STL,LAD,5,4,1,117.0,-127.0
2021-09-08,2021,HOU,SEA,5,8,0,-160.0,150.0
2021-09-08,2021,CLE,MIN,0,3,0,-124.0,114.0
2021-09-08,2021,BAL,KCR,9,8,1,111.0,-121.0
2021-09-08,2021,NYY,TOR,3,6,0,-126.0,116.0
2021-09-08,2021,BOS,TBR,2,1,1,-109.0,-101.0
2021-09-08,2021,ATH,CHW,5,1,1,-149.0,139.0
2021-09-08,2021,ARI,TEX,5,8,0,-153.0,143.0
2021-09-08,2021,PIT,DET,1,5,0,-122.0,112.0
2021-09-08,2021,SDP,LAA,8,5,1,-270.0,240.0
2021-09-09,2021,STL,LAD,2,1,1,145.0,-155.0
2021-09-09,2021,MIA,NYM,3,2,1,157.0,-167.0
2021-09-09,2021,PHI,COL,3,4,0,-174.0,162.0
2021-09-09,2021,ATL,WSN,7,6,1,-210.0,190.0
2021-09-09,2021,ATH,CHW,3,1,1,-145.0,135.0
2021-09-09,2021,CLE,MIN,4,1,1,-158.0,148.0
2021-09-09,2021,BAL,KCR,0,6,0,-116.0,106.0
2021-09-09,2021,NYY,TOR,4,6,0,-111.0,101.0
2021-09-10,2021,CHC,SFG,1,6,0,133.0,-143.0
2021-09-10,2021,PIT,WSN,4,3,1,-123.0,113.0
2021-09-10,2021,PHI,COL,2,11,0,-150.0,140.0
2021-09-10,2021,ATL,MIA,6,2,1,-182.0,167.0
2021-09-10,2021,STL,CIN,2,4,0,108.0,-118.0
2021-09-10,2021,LAD,SDP,3,0,1,-156.0,146.0
2021-09-10,2021,BAL,TOR,6,3,1,255.0,-295.0
2021-09-10,2021,DET,TBR,10,4,1,144.0,-154.0
2021-09-10,2021,MIN,KCR,4,6,0,-129.0,119.0
2021-09-10,2021,HOU,LAA,10,5,1,-196.0,178.0
2021-09-10,2021,CHW,BOS,4,3,1,-151.0,141.0
2021-09-10,2021,ATH,TEX,10,5,1,-170.0,160.0
2021-09-10,2021,CLE,MIL,3,10,0,124.0,-134.0
2021-09-10,2021,NYM,NYY,10,3,1,106.0,-116.0
2021-09-10,2021,SEA,ARI,5,4,1,-149.0,139.0
2021-09-11,2021,CHC,SFG,4,15,0,180.0,-200.0
2021-09-11,2021,PHI,COL,6,1,1,-215.0,195.0
2021-09-11,2021,PIT,WSN,10,7,1,122.0,-132.0
2021-09-11,2021,STL,CIN,6,4,1,103.0,-113.0
2021-09-11,2021,ATL,MIA,4,6,0,-245.0,215.0
2021-09-11,2021,LAD,SDP,5,4,1,-210.0,190.0
2021-09-11,2021,ATH,TEX,6,8,0,-192.0,176.0
2021-09-11,2021,BAL,TOR,10,11,0,210.0,-240.0
2021-09-11,2021,DET,TBR,2,7,0,142.0,-152.0
2021-09-11,2021,HOU,LAA,2,4,0,-240.0,210.0
2021-09-11,2021,CHW,BOS,8,9,0,-174.0,162.0
2021-09-11,2021,MIN,KCR,9,2,1,-138.0,128.0
2021-09-11,2021,BAL,TOR,2,11,0,175.0,-190.0
2021-09-11,2021,CLE,MIL,0,3,0,176.0,-192.0
2021-09-11,2021,NYM,NYY,7,8,0,101.0,-111.0
2021-09-11,2021,SEA,ARI,3,7,0,-170.0,160.0
2021-09-12,2021,PIT,WSN,2,6,0,112.0,-122.0
2021-09-12,2021,PHI,COL,4,5,0,-275.0,245.0
2021-09-12,2021,ATL,MIA,5,3,1,-280.0,245.0
2021-09-12,2021,STL,CIN,2,0,1,105.0,-115.0
2021-09-12,2021,CHC,SFG,5,6,0,190.0,-210.0
2021-09-12,2021,LAD,SDP,8,0,1,-162.0,152.0
2021-09-12,2021,BAL,TOR,7,22,0,180.0,-200.0
2021-09-12,2021,DET,TBR,8,7,1,135.0,-145.0
2021-09-12,2021,CHW,BOS,2,1,1,-160.0,150.0
2021-09-12,2021,MIN,KCR,3,5,0,-162.0,152.0
2021-09-12,2021,HOU,LAA,3,1,1,-290.0,250.0
2021-09-12,2021,ATH,TEX,3,4,0,-180.0,165.0
2021-09-12,2021,CLE,MIL,1,11,0,100.0,-110.0
2021-09-12,2021,SEA,ARI,4,5,0,-160.0,150.0
2021-09-12,2021,NYM,NYY,7,6,1,-115.0,105.0
2021-09-13,2021,WSN,MIA,0,3,0,-102.0,-108.0
2021-09-13,2021,NYM,STL,0,7,0,-107.0,-103.0
2021-09-13,2021,SFG,SDP,9,1,1,-104.0,-106.0
2021-09-13,2021,LAD,ARI,5,1,1,-298.0,258.0
2021-09-13,2021,NYY,MIN,6,5,1,-166.0,156.0
2021-09-13,2021,TOR,TBR,8,1,1,-130.0,120.0
2021-09-13,2021,TEX,HOU,1,15,0,164.0,-178.0
2021-09-13,2021,SEA,BOS,5,4,1,110.0,-120.0
2021-09-14,2021,PIT,CIN,6,5,1,144.0,-154.0
2021-09-14,2021,PHI,CHC,3,6,0,-188.0,173.0
2021-09-14,2021,WSN,MIA,8,2,1,-144.0,134.0
2021-09-14,2021,NYM,STL,6,7,0,-170.0,160.0
2021-09-14,2021,ATL,COL,4,5,0,-147.0,137.0
2021-09-14,2021,SFG,SDP,6,1,1,-190.0,175.0
2021-09-14,2021,LAD,ARI,8,4,1,-250.0,220.0
2021-09-14,2021,MIN,CLE,1,3,0,-120.0,110.0
2021-09-14,2021,BAL,NYY,2,7,0,290.0,-340.0
2021-09-14,2021,TOR,TBR,0,2,0,-140.0,130.0
2021-09-14,2021,MIN,CLE,6,3,1,-126.0,116.0
2021-09-14,2021,TEX,HOU,8,1,1,175.0,-190.0
2021-09-14,2021,KCR,ATH,10,7,1,148.0,-158.0
2021-09-14,2021,CHW,LAA,9,3,1,-260.0,230.0
2021-09-14,2021,SEA,BOS,4,8,0,126.0,-136.0
2021-09-14,2021,DET,MIL,1,0,1,190.0,-210.0
2021-09-15,2021,WSN,MIA,6,8,0,110.0,-120.0
2021-09-15,2021,PIT,CIN,5,4,1,119.0,-129.0
2021-09-15,2021,PHI,CHC,6,5,1,-196.0,178.0
2021-09-15,2021,NYM,STL,4,11,0,-168.0,158.0
2021-09-15,2021,ATL,COL,2,3,0,-206.0,186.0
2021-09-15,2021,SFG,SDP,6,9,0,-108.0,-102.0
2021-09-15,2021,LAD,ARI,5,3,1,-380.0,320.0
2021-09-15,2021,TOR,TBR,6,3,1,-174.0,162.0
2021-09-15,2021,SEA,BOS,4,9,0,118.0,-128.0
2021-09-15,2021,BAL,NYY,3,4,0,149.0,-159.0
2021-09-15,2021,MIN,CLE,3,12,0,-112.0,102.0
2021-09-15,2021,TEX,HOU,2,7,0,169.0,-184.0
2021-09-15,2021,CHW,LAA,2,3,0,-220.0,200.0
2021-09-15,2021,KCR,ATH,10,12,0,121.0,-131.0
2021-09-15,2021,DET,MIL,4,1,1,210.0,-240.0
2021-09-16,2021,PIT,CIN,0,1,0,147.0,-157.0
2021-09-16,2021,SFG,SDP,4,7,0,-180.0,165.0
2021-09-16,2021,PHI,CHC,17,8,1,-150.0,140.0
2021-09-16,2021,KCR,ATH,2,7,0,106.0,-116.0
2021-09-16,2021,CHW,LAA,3,9,0,-170.0,160.0
2021-09-16,2021,BAL,NYY,3,2,1,205.0,-230.0
2021-09-16,2021,TBR,DET,5,2,1,-200.0,180.0
2021-09-16,2021,TEX,HOU,1,12,0,151.0,-161.0
2021-09-17,2021,WSN,COL,8,9,0,106.0,-116.0
2021-09-17,2021,NYM,PHI,3,4,0,117.0,-127.0
2021-09-17,2021,MIA,PIT,1,2,0,-150.0,140.0
2021-09-17,2021,CIN,LAD,3,1,1,153.0,-163.0
2021-09-17,2021,MIL,CHC,8,5,1,-220.0,200.0
2021-09-17,2021,STL,SDP,8,2,1,-115.0,105.0
2021-09-17,2021,SFG,ATL,6,5,1,-159.0,149.0
2021-09-17,2021,NYY,CLE,8,0,1,-202.0,182.0
2021-09-17,2021,TOR,MIN,3,7,0,-202.0,182.0
2021-09-17,2021,TBR,DET,7,4,1,-198.0,179.0
2021-09-17,2021,BOS,BAL,7,1,1,-314.0,274.0
2021-09-17,2021,TEX,CHW,0,8,0,165.0,-179.0
2021-09-17,2021,KCR,SEA,2,6,0,100.0,-110.0
2021-09-17,2021,LAA,ATH,4,5,0,124.0,-134.0
2021-09-17,2021,HOU,ARI,4,3,1,-216.0,196.0
2021-09-18,2021,CIN,LAD,1,5,0,185.0,-205.0
2021-09-18,2021,WSN,COL,0,6,0,-130.0,120.0
2021-09-18,2021,MIA,PIT,3,6,0,-129.0,119.0
2021-09-18,2021,NYM,PHI,3,5,0,-102.0,-108.0
2021-09-18,2021,MIL,CHC,6,4,1,-315.0,275.0
2021-09-18,2021,STL,SDP,3,2,1,-118.0,108.0
2021-09-18,2021,SFG,ATL,2,0,1,-106.0,-104.0
2021-09-18,2021,NYY,CLE,3,11,0,-190.0,175.0
2021-09-18,2021,BOS,BAL,9,3,1,-280.0,245.0
2021-09-18,2021,TOR,MIN,6,2,1,-162.0,152.0
2021-09-18,2021,TBR,DET,3,4,0,-178.0,164.0
2021-09-18,2021,TEX,CHW,2,1,1,204.0,-224.0
2021-09-18,2021,KCR,SEA,8,1,1,-110.0,100.0
2021-09-18,2021,LAA,ATH,1,3,0,104.0,-114.0
2021-09-18,2021,HOU,ARI,4,6,0,-280.0,245.0
2021-09-19,2021,WSN,COL,3,0,1,-106.0,-104.0
2021-09-19,2021,CIN,LAD,5,8,0,175.0,-190.0
2021-09-19,2021,MIA,PIT,6,5,1,-205.0,185.0
2021-09-19,2021,MIL,CHC,4,6,0,-220.0,200.0
2021-09-19,2021,STL,SDP,8,7,1,-114.0,104.0
2021-09-19,2021,SFG,ATL,0,3,0,-126.0,116.0
2021-09-19,2021,NYM,PHI,3,2,1,-128.0,118.0
2021-09-19,2021,NYY,CLE,1,11,0,-330.0,285.0
2021-09-19,2021,TOR,MIN,5,3,1,-210.0,190.0
2021-09-19,2021,TBR,DET,0,2,0,-270.0,240.0
2021-09-19,2021,BOS,BAL,8,6,1,-330.0,285.0
2021-09-19,2021,KCR,SEA,1,7,0,108.0,-118.0
2021-09-19,2021,TEX,CHW,2,7,0,180.0,-200.0
2021-09-19,2021,LAA,ATH,2,3,0,118.0,-128.0
2021-09-19,2021,HOU,ARI,7,6,1,-190.0,175.0
2021-09-20,2021,CIN,PIT,9,5,1,-158.0,148.0
2021-09-20,2021,MIA,WSN,8,7,1,-105.0,-105.0
2021-09-20,2021,MIL,STL,2,5,0,-182.0,167.0
2021-09-20,2021,ARI,ATL,4,11,0,171.0,-186.0
2021-09-20,2021,CLE,KCR,2,7,0,-156.0,146.0
2021-09-20,2021,DET,CHW,4,3,1,205.0,-230.0
2021-09-20,2021,NYY,TEX,4,3,1,-260.0,230.0
2021-09-20,2021,TBR,TOR,6,4,1,115.0,-125.0
2021-09-20,2021,CLE,KCR,2,4,0,-129.0,119.0
2021-09-20,2021,LAA,HOU,0,10,0,190.0,-210.0
2021-09-20,2021,ATH,SEA,2,4,0,-168.0,158.0
2021-09-20,2021,PHI,BAL,0,2,0,-200.0,180.0
2021-09-21,2021,CIN,PIT,2,6,0,-210.0,190.0
2021-09-21,2021,MIA,WSN,1,7,0,-142.0,132.0
2021-09-21,2021,MIL,STL,1,2,0,-198.0,179.0
2021-09-21,2021,COL,LAD,4,5,0,190.0,-210.0
2021-09-21,2021,ARI,ATL,1,6,0,132.0,-142.0
2021-09-21,2021,SDP,SFG,5,6,0,-110.0,100.0
2021-09-21,2021,CLE,KCR,4,1,1,-158.0,148.0
2021-09-21,2021,DET,CHW,5,3,1,146.0,-156.0
2021-09-21,2021,NYY,TEX,7,1,1,-260.0,230.0
2021-09-21,2021,TBR,TOR,2,4,0,-107.0,-103.0
2021-09-21,2021,LAA,HOU,5,10,0,173.0,-188.0
2021-09-21,2021,ATH,SEA,2,5,0,-130.0,120.0
2021-09-21,2021,PHI,BAL,3,2,1,-200.0,180.0
2021-09-21,2021,BOS,NYM,6,3,1,-131.0,121.0
2021-09-21,2021,CHC,MIN,5,9,0,-118.0,108.0
2021-09-22,2021,MIA,WSN,5,7,0,-132.0,122.0
2021-09-22,2021,MIL,STL,2,10,0,-129.0,119.0
2021-09-22,2021,COL,LAD,10,5,1,171.0,-186.0
2021-09-22,2021,ARI,ATL,2,9,0,154.0,-164.0
2021-09-22,2021,SDP,SFG,6,8,0,-114.0,104.0
2021-09-22,2021,TBR,TOR,7,1,1,-110.0,100.0
2021-09-22,2021,NYY,TEX,7,3,1,-260.0,230.0
2021-09-22,2021,LAA,HOU,5,9,0,180.0,-200.0
2021-09-22,2021,ATH,SEA,1,4,0,-146.0,136.0
2021-09-22,2021,PHI,BAL,4,3,1,-330.0,285.0
2021-09-22,2021,BOS,NYM,12,5,1,-176.0,163.0
2021-09-22,2021,CHC,MIN,4,5,0,101.0,-111.0
2021-09-23,2021,MIL,STL,5,8,0,-117.0,107.0
2021-09-23,2021,COL,LAD,5,7,0,220.0,-250.0
2021-09-23,2021,ARI,ATL,6,4,1,177.0,-194.0
2021-09-23,2021,SDP,SFG,7,6,1,-101.0,-109.0
2021-09-23,2021,CIN,WSN,2,3,0,-186.0,171.0
2021-09-23,2021,PHI,PIT,12,6,1,-270.0,240.0
2021-09-23,2021,CLE,CHW,2,7,0,125.0,-135.0
2021-09-23,2021,ATH,SEA,5,6,0,-166.0,156.0
2021-09-23,2021,CLE,CHW,5,3,1,113.0,-123.0
2021-09-23,2021,BAL,TEX,3,0,1,116.0,-126.0
2021-09-23,2021,MIN,TOR,7,2,1,126.0,-136.0
2021-09-23,2021,LAA,HOU,3,2,1,140.0,-150.0
2021-09-24,2021,CHC,STL,5,8,0,128.0,-138.0
2021-09-24,2021,PHI,PIT,8,6,1,-220.0,200.0
2021-09-24,2021,CIN,WSN,8,7,1,-161.0,151.0
2021-09-24,2021,CHC,STL,4,12,0,165.0,-180.0
2021-09-24,2021,MIL,NYM,5,1,1,-134.0,124.0
2021-09-24,2021,COL,SFG,2,7,0,175.0,-190.0
2021-09-24,2021,ARI,LAD,2,4,0,205.0,-230.0
2021-09-24,2021,SDP,ATL,0,4,0,117.0,-127.0
2021-09-24,2021,BAL,TEX,5,8,0,-107.0,-103.0
2021-09-24,2021,BOS,NYY,3,8,0,105.0,-115.0
2021-09-24,2021,CLE,CHW,0,1,0,102.0,-112.0
2021-09-24,2021,DET,KCR,1,3,0,-103.0,-107.0
2021-09-24,2021,MIN,TOR,3,1,1,134.0,-144.0
2021-09-24,2021,LAA,SEA,5,6,0,118.0,-128.0
2021-09-24,2021,ATH,HOU,14,2,1,-129.0,119.0
2021-09-24,2021,TBR,MIA,8,0,1,-247.0,217.0
2021-09-25,2021,CHC,STL,5,8,0,132.0,-142.0
2021-09-25,2021,PHI,PIT,3,0,1,-270.0,240.0
2021-09-25,2021,CIN,WSN,7,6,1,-117.0,107.0
2021-09-25,2021,MIL,NYM,2,1,1,-205.0,185.0
2021-09-25,2021,SDP,ATL,8,10,0,105.0,-115.0
2021-09-25,2021,COL,SFG,2,7,0,130.0,-140.0
2021-09-25,2021,ARI,LAD,7,2,1,215.0,-245.0
2021-09-25,2021,ATH,HOU,2,1,1,-103.0,-107.0
2021-09-25,2021,BOS,NYY,3,5,0,-110.0,100.0
2021-09-25,2021,DET,KCR,5,1,1,-130.0,120.0
2021-09-25,2021,BAL,TEX,3,2,1,-108.0,-102.0
2021-09-25,2021,MIN,TOR,1,6,0,165.0,-180.0
2021-09-25,2021,CLE,CHW,6,0,1,175.0,-190.0
2021-09-25,2021,LAA,SEA,14,1,1,128.0,-138.0
2021-09-25,2021,TBR,MIA,7,3,1,-200.0,180.0
2021-09-26,2021,PHI,PIT,0,6,0,-230.0,205.0
2021-09-26,2021,CIN,WSN,9,2,1,-180.0,165.0
2021-09-26,2021,MIL,NYM,8,4,1,-155.0,145.0
2021-09-26,2021,CHC,STL,2,4,0,135.0,-145.0
2021-09-26,2021,COL,SFG,2,6,0,152.0,-162.0
2021-09-26,2021,ARI,LAD,0,3,0,240.0,-270.0
2021-09-26,2021,SDP,ATL,3,4,0,-125.0,115.0
2021-09-26,2021,DET,KCR,1,2,0,-102.0,-108.0
2021-09-26,2021,BAL,TEX,4,7,0,-122.0,112.0
2021-09-26,2021,CLE,CHW,2,5,0,140.0,-150.0
2021-09-26,2021,MIN,TOR,2,5,0,156.0,-166.0
2021-09-26,2021,LAA,SEA,1,5,0,-130.0,120.0
2021-09-26,2021,ATH,HOU,4,3,1,102.0,-112.0
2021-09-26,2021,BOS,NYY,3,6,0,-107.0,-103.0
2021-09-26,2021,TBR,MIA,3,2,1,-260.0,230.0
2021-09-27,2021,CIN,PIT,13,1,1,-172.0,161.0
2021-09-27,2021,COL,WSN,4,5,0,-162.0,152.0
2021-09-27,2021,DET,CHW,7,8,0,135.0,-145.0
2021-09-27,2021,SEA,ATH,13,4,1,-122.0,112.0
2021-09-27,2021,CLE,KCR,8,3,1,-169.0,159.0
2021-09-28,2021,NYM,MIA,5,2,1,-200.0,180.0
2021-09-28,2021,PIT,CHC,8,6,1,-105.0,-105.0
2021-09-28,2021,NYM,MIA,2,1,1,-138.0,128.0
2021-09-28,2021,ATL,PHI,2,1,1,-121.0,111.0
2021-09-28,2021,STL,MIL,6,2,1,103.0,-113.0
2021-09-28,2021,COL,WSN,3,1,1,-132.0,122.0
2021-09-28,2021,SFG,ARI,6,4,1,-255.0,225.0
2021-09-28,2021,LAD,SDP,2,1,1,-190.0,175.0
2021-09-28,2021,BAL,BOS,4,2,1,230.0,-260.0
2021-09-28,2021,TOR,NYY,2,7,0,-120.0,110.0
2021-09-28,2021,MIN,DET,3,2,1,-140.0,130.0
2021-09-28,2021,TEX,LAA,5,2,1,100.0,-110.0
2021-09-28,2021,KCR,CLE,6,4,1,-120.0,110.0
2021-09-28,2021,HOU,TBR,4,3,1,-130.0,120.0
2021-09-28,2021,SEA,ATH,4,2,1,100.0,-110.0
2021-09-28,2021,CHW,CIN,7,1,1,-180.0,165.0
2021-09-29,2021,COL,WSN,10,5,1,-118.0,108.0
2021-09-29,2021,PIT,CHC,2,3,0,110.0,-120.0
2021-09-29,2021,NYM,MIA,2,3,0,-172.0,161.0
2021-09-29,2021,ATL,PHI,7,2,1,-146.0,136.0
2021-09-29,2021,STL,MIL,0,4,0,-113.0,103.0
2021-09-29,2021,SFG,ARI,1,0,1,-260.0,230.0
2021-09-29,2021,LAD,SDP,11,9,1,-310.0,270.0
2021-09-29,2021,BAL,BOS,0,6,0,224.0,-254.0
2021-09-29,2021,TOR,NYY,6,5,1,104.0,-114.0
2021-09-29,2021,MIN,DET,5,2,1,-168.0,158.0
2021-09-29,2021,TEX,LAA,2,7,0,-119.0,109.0
2021-09-29,2021,KCR,CLE,10,5,1,-101.0,-109.0
2021-09-29,2021,HOU,TBR,0,7,0,-135.0,125.0
2021-09-29,2021,SEA,ATH,4,2,1,-111.0,101.0
2021-09-29,2021,CHW,CIN,6,1,1,-182.0,167.0
2021-09-30,2021,STL,MIL,4,3,1,-113.0,103.0
2021-09-30,2021,PIT,CHC,0,9,0,101.0,-111.0
2021-09-30,2021,NYM,MIA,12,3,1,-210.0,190.0
2021-09-30,2021,ATL,PHI,5,3,1,-149.0,139.0
2021-09-30,2021,SFG,ARI,5,4,1,-216.0,196.0
2021-09-30,2021,LAD,SDP,8,3,1,-230.0,205.0
2021-09-30,2021,TEX,LAA,7,6,1,122.0,-132.0
2021-09-30,2021,BAL,BOS,6,2,1,195.0,-215.0
2021-09-30,2021,TOR,NYY,2,6,0,-145.0,135.0
2021-09-30,2021,HOU,TBR,3,2,1,-146.0,136.0
2021-09-30,2021,MIN,DET,7,10,0,-178.0,164.0
2021-09-30,2021,KCR,CLE,1,6,0,140.0,-150.0
2021-10-01,2021,PIT,CIN,9,2,1,178.0,-193.0
2021-10-01,2021,MIA,PHI,0,5,0,105.0,-113.0
2021-10-01,2021,ATL,NYM,3,4,0,-115.0,106.0
2021-10-01,2021,STL,CHC,4,3,1,-204.0,184.0
2021-10-01,2021,ARI,COL,7,9,0,105.0,-113.0
2021-10-01,2021,SFG,SDP,3,0,1,-200.0,180.0
2021-10-01,2021,LAD,MIL,8,6,1,-224.0,199.0
2021-10-01,2021,NYY,TBR,3,4,0,-127.0,118.0
2021-10-01,2021,TOR,BAL,6,4,1,-379.0,319.0
2021-10-01,2021,TEX,CLE,6,9,0,103.0,-111.0
2021-10-01,2021,KCR,MIN,11,6,1,101.0,-109.0
2021-10-01,2021,CHW,DET,8,1,1,-266.0,236.0
2021-10-01,2021,HOU,ATH,6,8,0,-135.0,125.0
2021-10-01,2021,SEA,LAA,1,2,0,-157.0,147.0
2021-10-01,2021,WSN,BOS,2,4,0,179.0,-194.0
2021-10-02,2021,SFG,SDP,2,3,0,-150.0,140.0
2021-10-02,2021,MIA,PHI,3,1,1,112.0,-122.0
2021-10-02,2021,PIT,CIN,8,6,1,138.0,-148.0
2021-10-02,2021,STL,CHC,5,6,0,-172.0,161.0
2021-10-02,2021,ATL,NYM,6,5,1,-123.0,113.0
2021-10-02,2021,ARI,COL,11,2,1,-134.0,124.0
2021-10-02,2021,LAD,MIL,8,3,1,-146.0,136.0
2021-10-02,2021,NYY,TBR,2,12,0,-129.0,119.0
2021-10-02,2021,TOR,BAL,10,1,1,-260.0,230.0
2021-10-02,2021,TEX,CLE,7,2,1,132.0,-142.0
2021-10-02,2021,HOU,ATH,10,4,1,-162.0,152.0
2021-10-02,2021,CHW,DET,5,4,1,-270.0,240.0
2021-10-02,2021,KCR,MIN,0,4,0,-120.0,110.0
2021-10-02,2021,SEA,LAA,6,4,1,-176.0,163.0
2021-10-02,2021,WSN,BOS,3,5,0,135.0,-145.0
2021-10-03,2021,PIT,CIN,3,6,0,145.0,-155.0
2021-10-03,2021,SFG,SDP,11,4,1,-220.0,200.0
2021-10-03,2021,MIA,PHI,5,4,1,100.0,-110.0
2021-10-03,2021,ARI,COL,5,4,1,-110.0,100.0
2021-10-03,2021,LAD,MIL,10,3,1,-280.0,245.0
2021-10-03,2021,STL,CHC,2,3,0,-158.0,148.0
2021-10-03,2021,ATL,NYM,5,0,1,-166.0,156.0
2021-10-03,2021,TEX,CLE,0,6,0,-112.0,102.0
2021-10-03,2021,NYY,TBR,1,0,1,-124.0,114.0
2021-10-03,2021,TOR,BAL,12,4,1,-350.0,300.0
2021-10-03,2021,SEA,LAA,3,7,0,-164.0,154.0
2021-10-03,2021,CHW,DET,2,5,0,-250.0,220.0
2021-10-03,2021,KCR,MIN,3,7,0,101.0,-111.0
2021-10-03,2021,HOU,ATH,7,6,1,-161.0,151.0
2021-10-03,2021,WSN,BOS,5,7,0,190.0,-210.0
2021-10-05,2021,BOS,NYY,6,2,1,122.0,-132.0
2021-10-06,2021,LAD,STL,3,1,1,-230.0,205.0
2021-10-07,2021,HOU,CHW,6,1,1,-130.0,120.0
2021-10-07,2021,TBR,BOS,5,0,1,-159.0,149.0
2021-10-08,2021,HOU,CHW,9,4,1,-106.0,-104.0
2021-10-08,2021,TBR,BOS,6,14,0,-142.0,132.0
2021-10-08,2021,MIL,ATL,2,1,1,-154.0,144.0
2021-10-08,2021,SFG,LAD,4,0,1,105.0,-115.0
2021-10-09,2021,MIL,ATL,0,3,0,-116.0,106.0
2021-10-09,2021,SFG,LAD,2,9,0,109.0,-119.0
2021-10-10,2021,BOS,TBR,6,4,1,-118.0,108.0
2021-10-10,2021,CHW,HOU,12,6,1,-116.0,106.0
2021-10-11,2021,ATL,MIL,3,0,1,-110.0,100.0
2021-10-11,2021,BOS,TBR,6,5,1,-108.0,-102.0
2021-10-11,2021,LAD,SFG,0,1,0,-200.0,180.0
2021-10-12,2021,ATL,MIL,5,4,1,-155.0,145.0
2021-10-12,2021,LAD,SFG,7,2,1,-190.0,175.0
2021-10-12,2021,CHW,HOU,1,10,0,100.0,-110.0
2021-10-14,2021,SFG,LAD,1,2,0,-110.0,100.0
2021-10-15,2021,HOU,BOS,5,4,1,-141.0,131.0
2021-10-16,2021,HOU,BOS,5,9,0,-115.0,105.0
2021-10-16,2021,ATL,LAD,3,2,1,-106.0,-104.0
2021-10-17,2021,ATL,LAD,5,4,1,160.0,-170.0
2021-10-18,2021,BOS,HOU,12,3,1,-120.0,110.0
2021-10-19,2021,BOS,HOU,2,9,0,-128.0,118.0
2021-10-19,2021,LAD,ATL,6,5,1,-176.0,163.0
2021-10-20,2021,BOS,HOU,1,9,0,-121.0,111.0
2021-10-20,2021,LAD,ATL,2,9,0,-220.0,200.0
2021-10-21,2021,LAD,ATL,11,2,1,-132.0,122.0
2021-10-22,2021,HOU,BOS,5,0,1,-111.0,101.0
2021-10-23,2021,ATL,LAD,4,2,1,135.0,-145.0
2021-10-26,2021,HOU,ATL,2,6,0,-117.0,112.0
2021-10-27,2021,HOU,ATL,7,2,1,-117.0,112.0
2021-10-29,2021,ATL,HOU,2,0,1,-120.0,115.0
2021-10-30,2021,ATL,HOU,3,2,1,-101.0,-104.0
2021-10-31,2021,ATL,HOU,5,9,0,116.0,-121.0
2021-11-02,2021,HOU,ATL,0,7,0,-124.0,119.0
