Date,year,home_team,away_team,game_pk,home_lineup_ops_vs_sp,away_lineup_ops_vs_sp,home_opp_sp_is_lhp,away_opp_sp_is_lhp
2015-04-11,2015,SDP,SFG,413721.0,0.6969430894308943,,1.0,
2015-04-13,2015,BAL,NYY,413749.0,,0.6996752175904719,,1.0
2015-04-13,2015,LAD,SEA,413752.0,,0.7515792951541851,,0.0
2015-04-13,2015,SDP,ARI,413742.0,0.7166010733452595,,0.0,
2015-04-14,2015,BOS,WSN,413767.0,,0.7382559339525283,,0.0
2015-04-14,2015,TOR,TBR,413766.0,0.816485626508668,,0.0,
2015-04-14,2015,CHC,CIN,413758.0,,0.7259325867861142,,0.0
2015-04-15,2015,TEX,LAA,413768.0,0.7292255225522553,,1.0,
2015-04-16,2015,STL,MIL,413786.0,,0.768119087484303,,0.0
2015-04-17,2015,STL,CIN,413794.0,0.7563933771723814,,0.0,
2015-04-17,2015,CHC,SDP,413802.0,,0.7025232425005724,,0.0
2015-04-19,2015,TBR,NYY,413829.0,,0.7187553095345686,,0.0
2015-04-19,2015,CHC,SDP,413832.0,,0.7067468852459017,,1.0
2015-04-19,2015,SEA,TEX,413833.0,0.7479852996607614,,1.0,
2015-04-19,2015,TOR,ATL,413821.0,0.8040127317400044,,0.0,
2015-04-19,2015,WSN,PHI,413831.0,0.743932625863771,,0.0,
2015-04-20,2015,MIL,CIN,413836.0,,0.7316929115128449,,0.0
2015-04-21,2015,MIL,CIN,413847.0,0.744351343283582,,0.0,
2015-04-22,2015,COL,SDP,413870.0,,0.7166010733452595,,0.0
2015-04-23,2015,WSN,STL,413884.0,,0.7570478155339806,,0.0
2015-04-24,2015,CHW,KCR,413890.0,,0.7350239646836242,,0.0
2015-04-24,2015,SDP,LAD,413891.0,0.7152833092833093,,0.0,
2015-04-24,2015,NYY,NYM,413893.0,0.7190214460784314,,0.0,
2015-04-25,2015,SEA,MIN,413907.0,0.7348514357053684,,0.0,
2015-04-25,2015,TBR,TOR,413913.0,,0.7956829268292682,,0.0
2015-04-25,2015,MIA,WSN,413914.0,,0.7411328143430055,,0.0
2015-04-26,2015,CIN,CHC,413917.0,0.7189674796747967,,0.0,
2015-04-26,2015,MIL,STL,413926.0,0.7292168905950095,,0.0,
2015-04-27,2015,SDP,HOU,413933.0,0.7186411752448427,,0.0,
2015-04-28,2015,STL,PHI,413952.0,0.7468514824797844,,0.0,
2015-04-29,2015,SDP,HOU,413963.0,0.716307251908397,,1.0,
2015-04-29,2015,CIN,MIL,413965.0,0.6974580725907383,,0.0,
2015-04-29,2015,NYY,TBR,413971.0,0.7419538400318344,,1.0,
2015-04-30,2015,NYM,WSN,413981.0,,0.7365478664603139,,0.0
2015-04-30,2015,CLE,TOR,413980.0,,0.8516728791773779,,1.0
2015-04-30,2015,HOU,SEA,413979.0,,0.7481981469783112,,0.0
2015-05-01,2015,ATL,CIN,413985.0,,0.7384198062432722,,0.0
2015-05-01,2015,HOU,SEA,413993.0,0.756401469912724,,1.0,
2015-05-01,2015,TBR,BAL,,,,0.0,0.0
2015-05-02,2015,CHC,MIL,414003.0,,0.7290045610034207,,0.0
2015-05-02,2015,TBR,BAL,,,,0.0,0.0
2015-05-03,2015,TBR,BAL,,,,1.0,0.0
2015-05-03,2015,SDP,COL,414016.0,0.7161454248366014,,0.0,
2015-05-03,2015,STL,PIT,414022.0,0.7153816244239631,,0.0,
2015-05-05,2015,LAA,SEA,414050.0,,0.7588141552511416,,0.0
2015-05-05,2015,SFG,SDP,414049.0,,0.71333190433213,,0.0
2015-05-05,2015,WSN,MIA,414045.0,0.7444411971007716,,0.0,
2015-05-05,2015,TOR,NYY,414046.0,,0.7253382698636577,,0.0
2015-05-05,2015,PIT,CIN,414041.0,,0.7349985228951257,,1.0
2015-05-06,2015,HOU,TEX,414067.0,0.7382722077922078,,0.0,
2015-05-07,2015,PIT,CIN,414070.0,,0.7440345626975764,,0.0
2015-05-07,2015,MIL,LAD,414074.0,0.7519205091258404,,0.0,
2015-05-08,2015,ARI,SDP,414091.0,,0.7078078853046594,,0.0
2015-05-08,2015,PIT,STL,414092.0,,0.6646732729331823,,1.0
2015-05-10,2015,CHW,CIN,414113.0,,0.7494692960559161,,1.0
2015-05-10,2015,NYY,BAL,414110.0,0.7190214460784314,,0.0,
2015-05-10,2015,ARI,SDP,414121.0,,,,
2015-05-12,2015,ARI,WSN,414148.0,,0.7287676505312869,,0.0
2015-05-12,2015,MIL,CHW,414136.0,0.7341252624212736,,1.0,
2015-05-12,2015,CIN,ATL,414134.0,0.7388691817736404,,0.0,
2015-05-12,2015,SEA,SDP,414144.0,0.7230650263620386,,0.0,
2015-05-13,2015,SEA,SDP,414159.0,,0.7216864064602961,,0.0
2015-05-14,2015,CLE,STL,414172.0,,0.7565897191813422,,0.0
2015-05-15,2015,KCR,NYY,414184.0,,0.7032052777777779,,0.0
2015-05-16,2015,SDP,WSN,414204.0,0.71333190433213,,0.0,
2015-05-17,2015,SEA,BOS,414208.0,,,,
2015-05-17,2015,SDP,WSN,414219.0,,0.7374091483447055,,0.0
2015-05-17,2015,CIN,SFG,414216.0,0.7350666950777753,,0.0,
2015-05-18,2015,DET,MIL,414223.0,,0.7491658925016589,,1.0
2015-05-19,2015,NYM,STL,414239.0,,0.663557320441989,,1.0
2015-05-19,2015,SDP,CHC,414229.0,0.7262303567265097,,0.0,
2015-05-22,2015,NYY,TEX,414283.0,0.7297959777718973,,0.0,
2015-05-22,2015,LAD,SDP,414279.0,,0.7240116335433834,,0.0
2015-05-23,2015,BOS,LAA,414284.0,0.81174704595186,,1.0,
2015-05-23,2015,CLE,CIN,414287.0,,0.7140383795309168,,0.0
2015-05-23,2015,WSN,PHI,414293.0,0.7376245353159852,,1.0,
2015-05-23,2015,ATL,MIL,414289.0,,0.7585221763795771,,0.0
2015-05-23,2015,TOR,SEA,414295.0,,0.7548350604490501,,1.0
2015-05-24,2015,LAD,SDP,414309.0,,0.6698189727757508,,0.0
2015-05-24,2015,KCR,STL,414312.0,,0.749314882252974,,0.0
2015-05-26,2015,CIN,COL,414333.0,0.7441428571428572,,1.0,
2015-05-27,2015,LAA,SDP,414354.0,,0.7081841234840133,,0.0
2015-05-27,2015,MIL,SFG,414356.0,0.7639624261943101,,0.0,
2015-05-27,2015,NYY,KCR,414351.0,0.7266764505119453,,0.0,
2015-05-28,2015,SEA,CLE,414361.0,0.7577762645914398,,0.0,
2015-05-29,2015,TEX,BOS,414367.0,,0.7398867595818815,,0.0
2015-05-29,2015,SDP,PIT,414376.0,0.7232994818652849,,1.0,
2015-05-29,2015,CIN,WSN,414379.0,,,,
2015-05-30,2015,STL,LAD,414388.0,0.7606737442922374,,0.0,
2015-05-31,2015,CIN,WSN,414409.0,0.7351606309708953,,0.0,
2015-06-01,2015,SDP,NYM,414417.0,0.6842207298530157,,0.0,
2015-06-01,2015,STL,MIL,414414.0,,0.7127774919614147,,1.0
2015-06-01,2015,SEA,NYY,414416.0,,0.7214357516488514,,0.0
2015-06-03,2015,SDP,NYM,414446.0,0.7122516833062456,,0.0,
2015-06-04,2015,LAD,STL,414459.0,,0.7590860482467048,,0.0
2015-06-04,2015,PHI,CIN,414454.0,,0.7247222344888496,,0.0
2015-06-04,2015,BOS,MIN,414456.0,0.7713126072041165,,1.0,
2015-06-06,2015,CIN,SDP,414486.0,,,,
2015-06-07,2015,MIN,MIL,414497.0,,0.7465411365564038,,0.0
2015-06-09,2015,ATL,SDP,414523.0,,0.7216604967197751,,0.0
2015-06-09,2015,CIN,PHI,414522.0,0.7236808846761453,,0.0,
2015-06-09,2015,COL,STL,414526.0,,0.6903880017263703,,1.0
2015-06-11,2015,ATL,SDP,414548.0,,0.7301080648846242,,0.0
2015-06-11,2015,CHC,CIN,414546.0,,0.7406109643328931,,1.0
2015-06-12,2015,BAL,NYY,414562.0,,0.7130740643120717,,0.0
2015-06-12,2015,MIL,WSN,414567.0,0.7571536737235367,,0.0,
2015-06-14,2015,CHC,CIN,414586.0,,0.725604090194022,,1.0
2015-06-14,2015,SDP,LAD,414590.0,0.728288306010929,,0.0,
2015-06-16,2015,DET,CIN,414616.0,,0.7215275766016713,,1.0
2015-06-16,2015,SDP,ATH,414623.0,0.719840077071291,,1.0,
2015-06-16,2015,STL,MIN,414621.0,0.7647204751921732,,0.0,
2015-06-17,2015,NYY,MIA,414634.0,0.7057264509990485,,0.0,
2015-06-17,2015,KCR,MIL,414635.0,,0.7180297567954219,,0.0
2015-06-18,2015,LAD,TEX,414657.0,,0.7360505050505051,,0.0
2015-06-19,2015,ARI,SDP,414668.0,,0.7306889239792466,,0.0
2015-06-20,2015,CIN,MIA,414679.0,0.7352014995313965,,1.0,
2015-06-21,2015,CIN,MIA,414694.0,0.7415366410629022,,0.0,
2015-06-21,2015,PHI,STL,414700.0,,0.6887005227781926,,1.0
2015-06-21,2015,ARI,SDP,414698.0,,0.723973348783314,,0.0
2015-06-22,2015,NYY,PHI,414708.0,0.7176403361344539,,0.0,
2015-06-23,2015,WSN,ATL,414711.0,0.7623291962174942,,1.0,
2015-06-23,2015,MIL,NYM,414719.0,0.7038098471986417,,1.0,
2015-06-24,2015,LAA,HOU,414731.0,0.7489307768924303,,0.0,
2015-06-25,2015,SFG,SDP,414749.0,,0.7128811188811189,,0.0
2015-06-25,2015,PIT,CIN,414744.0,,0.7405249015520036,,0.0
2015-06-27,2015,NYM,CIN,414771.0,,0.7490465411466046,,0.0
2015-06-27,2015,SDP,ARI,414766.0,0.7217231321516716,,0.0,
2015-06-27,2015,STL,CHC,414770.0,0.7602433264887064,,0.0,
2015-06-28,2015,PHI,WSN,414780.0,,0.7277982832618025,,0.0
2015-06-28,2015,PHI,WSN,414795.0,,0.7277982832618025,,0.0
2015-06-28,2015,PHI,WSN,414780.0,,0.7277982832618025,,0.0
2015-06-28,2015,PHI,WSN,414795.0,,0.7277982832618025,,0.0
2015-06-28,2015,PHI,WSN,414780.0,,0.7277982832618025,,0.0
2015-06-28,2015,PHI,WSN,414795.0,,0.7277982832618025,,0.0
2015-06-28,2015,PHI,WSN,414780.0,,0.7277982832618025,,0.0
2015-06-28,2015,PHI,WSN,414795.0,,0.7277982832618025,,0.0
2015-06-28,2015,NYM,CIN,414786.0,0.7253289124668435,,0.0,
2015-06-28,2015,PHI,WSN,414780.0,,0.7277982832618025,,0.0
2015-06-28,2015,PHI,WSN,414795.0,,0.7277982832618025,,0.0
2015-06-28,2015,PHI,WSN,414780.0,,0.7277982832618025,,0.0
2015-06-28,2015,PHI,WSN,414795.0,,0.7277982832618025,,0.0
2015-06-28,2015,PHI,WSN,414780.0,,0.7277982832618025,,0.0
2015-06-28,2015,PHI,WSN,414795.0,,0.7277982832618025,,0.0
2015-06-28,2015,PHI,WSN,414780.0,,0.7277982832618025,,0.0
2015-06-28,2015,PHI,WSN,414795.0,,0.7277982832618025,,0.0
2015-06-28,2015,MIL,MIN,414791.0,0.706693820224719,,1.0,
2015-06-28,2015,HOU,NYY,414792.0,,0.7304244006646095,,0.0
2015-06-30,2015,CIN,MIN,414813.0,0.7425240524781339,,0.0,
2015-06-30,2015,LAA,NYY,414814.0,0.7560502250651504,,0.0,
2015-07-01,2015,SDP,SEA,414831.0,0.6983554006968642,,0.0,
2015-07-03,2015,STL,SDP,414857.0,,,,
2015-07-03,2015,CIN,MIL,414853.0,,,,
2015-07-04,2015,WSN,SFG,414874.0,0.7794074803149607,,1.0,
2015-07-04,2015,NYY,TBR,414875.0,0.6949143351600807,,0.0,
2015-07-05,2015,LAD,NYM,414885.0,,0.7447291311754685,,0.0
2015-07-06,2015,WSN,CIN,414894.0,,0.7415366410629022,,0.0
2015-07-06,2015,PIT,SDP,414899.0,,0.7032777903554448,,0.0
2015-07-07,2015,COL,LAA,414903.0,,0.7604011834319527,,0.0
2015-07-08,2015,PIT,SDP,414929.0,,0.68191181736795,,0.0
2015-07-08,2015,MIL,ATL,414920.0,0.7528115209701869,,0.0,
2015-07-08,2015,CHC,STL,414930.0,,0.7293856068743287,,0.0
2015-07-09,2015,MIA,CIN,414935.0,,0.7418966486486487,,0.0
2015-07-10,2015,BOS,NYY,414951.0,,0.7249393869019972,,0.0
2015-07-11,2015,TEX,SDP,414969.0,,0.7226838830118233,,0.0
2015-07-12,2015,SEA,LAA,414973.0,,0.7534662983425414,,0.0
2015-07-17,2015,SDP,COL,414993.0,0.7400608604407135,,1.0,
2015-07-17,2015,MIL,PIT,414999.0,0.7638476052249636,,0.0,
2015-07-18,2015,NYY,SEA,415015.0,0.7395184729064039,,0.0,
2015-07-18,2015,CIN,CLE,415007.0,0.7391404460518384,,0.0,
2015-07-20,2015,CIN,CHC,415035.0,0.7449443616492797,,1.0,
2015-07-20,2015,LAA,BOS,415020.0,,,,
2015-07-20,2015,LAA,BOS,415034.0,,,,
2015-07-20,2015,LAA,BOS,415020.0,,,,
2015-07-20,2015,LAA,BOS,415034.0,,,,
2015-07-20,2015,LAA,BOS,415020.0,,,,
2015-07-20,2015,LAA,BOS,415034.0,,,,
2015-07-20,2015,LAA,BOS,415020.0,,,,
2015-07-20,2015,LAA,BOS,415034.0,,,,
2015-07-20,2015,LAA,BOS,415020.0,,,,
2015-07-20,2015,LAA,BOS,415034.0,,,,
2015-07-20,2015,LAA,BOS,415020.0,,,,
2015-07-20,2015,LAA,BOS,415034.0,,,,
2015-07-20,2015,LAA,BOS,415020.0,,,,
2015-07-20,2015,LAA,BOS,415034.0,,,,
2015-07-20,2015,LAA,BOS,415020.0,,,,
2015-07-20,2015,LAA,BOS,415034.0,,,,
2015-07-21,2015,CHW,STL,415055.0,,0.7137171758876961,,1.0
2015-07-22,2015,SDP,SFG,415069.0,0.6988570055275175,,0.0,
2015-07-23,2015,ARI,MIL,415079.0,,0.7622633371169125,,0.0
2015-07-24,2015,COL,CIN,415087.0,,0.7427220283786927,,0.0
2015-07-24,2015,MIN,NYY,415093.0,,0.7343540848389631,,0.0
2015-07-24,2015,SDP,MIA,415091.0,0.7086574386133847,,0.0,
2015-07-25,2015,BOS,DET,415103.0,0.7604735077129442,,0.0,
2015-07-26,2015,LAA,TEX,415126.0,0.7761296089385477,,0.0,
2015-07-26,2015,STL,ATL,415114.0,0.7588407879490151,,0.0,
2015-07-26,2015,COL,CIN,415117.0,,0.6688908010012514,,0.0
2015-07-28,2015,NYM,SDP,415151.0,,0.7148408290965975,,0.0
2015-07-29,2015,STL,CIN,415157.0,,0.7415366410629022,,0.0
2015-07-29,2015,SFG,MIL,415161.0,,0.7716112128146453,,0.0
2015-07-30,2015,NYM,SDP,415178.0,,0.729335059554635,,1.0
2015-07-30,2015,BOS,CHW,415170.0,0.8068290398126463,,1.0,
2015-07-31,2015,STL,COL,415186.0,0.7524278096800656,,0.0,
2015-07-31,2015,CIN,PIT,415190.0,0.7502940170940171,,1.0,
2015-08-01,2015,LAD,LAA,415196.0,,0.7131166854565952,,1.0
2015-08-02,2015,MIA,SDP,415221.0,,0.7160723244147157,,0.0
2015-08-02,2015,BAL,DET,415217.0,,0.71378383749172,,0.0
2015-08-04,2015,CIN,STL,415250.0,0.7415366410629022,,0.0,
2015-08-04,2015,MIL,SDP,415247.0,,0.6948999322340186,,0.0
2015-08-05,2015,NYY,BOS,415254.0,,0.7413518910030538,,0.0
2015-08-06,2015,CIN,STL,415276.0,,,,
2015-08-07,2015,SDP,PHI,415287.0,0.7175946771378708,,0.0,
2015-08-07,2015,LAA,BAL,415277.0,0.7515587676725047,,0.0,
2015-08-07,2015,DET,BOS,415278.0,0.7197308090213118,,0.0,
2015-08-08,2015,WSN,COL,415296.0,0.7382343936857211,,0.0,
2015-08-09,2015,ATH,HOU,415312.0,,0.73138750887154,,0.0
2015-08-09,2015,ARI,CIN,415310.0,,0.7291789354473386,,1.0
2015-08-09,2015,SDP,PHI,415317.0,0.71367030823254,,0.0,
2015-08-11,2015,MIA,BOS,415332.0,,0.7370886157826649,,1.0
2015-08-11,2015,SDP,CIN,415333.0,,0.7275962473940236,,0.0
2015-08-12,2015,CHW,LAA,415344.0,,0.7324716786817714,,1.0
2015-08-12,2015,KCR,DET,415350.0,,0.7181938468656026,,0.0
2015-08-12,2015,SDP,CIN,415348.0,0.7163718109577581,,0.0,
2015-08-12,2015,STL,PIT,415356.0,0.7614469047619047,,0.0,
2015-08-13,2015,SFG,WSN,415367.0,,0.7377653163041309,,0.0
2015-08-15,2015,COL,SDP,415394.0,,0.7199004653567734,,0.0
2015-08-16,2015,HOU,DET,415403.0,0.8057710344827586,,1.0,
2015-08-16,2015,LAD,CIN,415401.0,,0.7418966486486487,,0.0
2015-08-17,2015,STL,SFG,415421.0,0.7521391891891892,,0.0,
2015-08-17,2015,LAA,CHW,415415.0,0.7208442993470617,,1.0,
2015-08-18,2015,SDP,ATL,415424.0,0.7336188420518029,,0.0,
2015-08-19,2015,CHC,DET,415442.0,,0.827760837070254,,1.0
2015-08-19,2015,COL,WSN,415452.0,,0.8069904761904763,,1.0
2015-08-21,2015,HOU,LAD,415469.0,0.7809328081556995,,1.0,
2015-08-21,2015,SDP,STL,415475.0,0.7183707995365006,,0.0,
2015-08-22,2015,LAA,TOR,415493.0,0.6884385313531353,,0.0,
2015-08-22,2015,CIN,ARI,415479.0,0.7464512521274008,,0.0,
2015-08-23,2015,SDP,STL,415505.0,,0.7425164545853445,,0.0
2015-08-25,2015,WSN,SDP,415529.0,,,,
2015-08-26,2015,NYY,HOU,415537.0,0.7520244493392071,,0.0,
2015-08-27,2015,WSN,SDP,415554.0,,0.7325123456790125,,0.0
2015-08-27,2015,CIN,LAD,415550.0,0.7477431906614785,,0.0,
2015-08-28,2015,SFG,STL,415572.0,,0.7578807339449541,,0.0
2015-08-28,2015,CLE,LAA,415558.0,,0.7850116161616161,,0.0
2015-08-29,2015,MIN,HOU,415580.0,,0.7415255033557047,,0.0
2015-08-30,2015,PHI,SDP,415600.0,,0.715579392338177,,0.0
2015-08-30,2015,WSN,MIA,415597.0,0.8045561224489797,,1.0,
2015-08-31,2015,CHC,CIN,415605.0,,0.7594807796426638,,0.0
2015-09-01,2015,BOS,NYY,415622.0,,0.7081471305118547,,0.0
2015-09-01,2015,SDP,TEX,415628.0,0.7434865972879218,,0.0,
2015-09-01,2015,CHC,CIN,415618.0,,0.759085356303837,,0.0
2015-09-02,2015,ATH,LAA,415630.0,,0.751044546436285,,0.0
2015-09-04,2015,SDP,LAD,415656.0,0.7325958376156217,,0.0,
2015-09-06,2015,MIA,NYM,415689.0,,0.7310513824321018,,0.0
2015-09-06,2015,SDP,LAD,415686.0,0.7270378214826021,,1.0,
2015-09-06,2015,CIN,MIL,415687.0,0.7581657231085949,,0.0,
2015-09-07,2015,ATH,HOU,415701.0,,0.811068862275449,,1.0
2015-09-07,2015,CIN,PIT,415706.0,0.7423487282463186,,1.0,
2015-09-07,2015,NYY,BAL,415697.0,0.7248430890309888,,1.0,
2015-09-08,2015,LAA,LAD,415717.0,0.7151851239669421,,1.0,
2015-09-08,2015,STL,CHC,415713.0,0.7659552028218696,,0.0,
2015-09-09,2015,WSN,NYM,415735.0,0.7510221393034826,,0.0,
2015-09-09,2015,SDP,COL,415730.0,0.6362110009017132,,1.0,
2015-09-11,2015,ATL,NYM,415757.0,,0.7935507626310773,,0.0
2015-09-11,2015,SFG,SDP,415759.0,,0.7410484061393152,,0.0
2015-09-12,2015,NYY,TOR,415747.0,0.719662038126618,,0.0,
2015-09-12,2015,NYY,TOR,415776.0,0.719662038126618,,0.0,
2015-09-12,2015,NYY,TOR,415747.0,0.719662038126618,,0.0,
2015-09-12,2015,NYY,TOR,415776.0,0.719662038126618,,0.0,
2015-09-12,2015,NYY,TOR,415747.0,0.719662038126618,,0.0,
2015-09-12,2015,NYY,TOR,415776.0,0.719662038126618,,0.0,
2015-09-12,2015,NYY,TOR,415747.0,0.719662038126618,,0.0,
2015-09-12,2015,NYY,TOR,415776.0,0.719662038126618,,0.0,
2015-09-12,2015,NYY,TOR,415747.0,0.719662038126618,,0.0,
2015-09-12,2015,NYY,TOR,415776.0,0.719662038126618,,0.0,
2015-09-12,2015,NYY,TOR,415747.0,0.719662038126618,,0.0,
2015-09-12,2015,NYY,TOR,415776.0,0.719662038126618,,0.0,
2015-09-12,2015,NYY,TOR,415747.0,0.719662038126618,,0.0,
2015-09-12,2015,NYY,TOR,415776.0,0.719662038126618,,0.0,
2015-09-12,2015,NYY,TOR,415747.0,0.719662038126618,,0.0,
2015-09-12,2015,NYY,TOR,415776.0,0.719662038126618,,0.0,
2015-09-12,2015,CIN,STL,415775.0,0.7407056641108087,,0.0,
2015-09-13,2015,SEA,COL,415780.0,0.7604239444765761,,0.0,
2015-09-13,2015,CIN,STL,415790.0,,0.755327842290035,,0.0
2015-09-13,2015,LAA,HOU,415782.0,,,,
2015-09-14,2015,ARI,SDP,415803.0,,0.7305744058500915,,0.0
2015-09-15,2015,PHI,WSN,415819.0,,0.751147604859042,,0.0
2015-09-16,2015,ARI,SDP,415831.0,,0.7086836808051761,,1.0
2015-09-16,2015,SFG,CIN,415823.0,,0.7325159491412,,0.0
2015-09-16,2015,MIN,DET,415825.0,,0.7208768138314293,,0.0
2015-09-18,2015,NYM,NYY,415852.0,0.7585638677981242,,0.0,
2015-09-18,2015,TEX,SEA,415857.0,,0.7550148834597024,,0.0
2015-09-18,2015,HOU,ATH,415853.0,0.7815164296223639,,1.0,
2015-09-19,2015,CHC,STL,415873.0,,0.6890603123317178,,1.0
2015-09-19,2015,MIN,LAA,415844.0,,0.7510445464362852,,0.0
2015-09-19,2015,MIN,LAA,415859.0,,0.7510445464362852,,0.0
2015-09-19,2015,MIN,LAA,415844.0,,0.7510445464362852,,0.0
2015-09-19,2015,MIN,LAA,415859.0,,0.7510445464362852,,0.0
2015-09-19,2015,MIN,LAA,415844.0,,0.7510445464362852,,0.0
2015-09-19,2015,MIN,LAA,415859.0,,0.7510445464362852,,0.0
2015-09-19,2015,MIN,LAA,415844.0,,0.7510445464362852,,0.0
2015-09-19,2015,MIN,LAA,415859.0,,0.7510445464362852,,0.0
2015-09-19,2015,MIN,LAA,415844.0,,0.7510445464362852,,0.0
2015-09-19,2015,MIN,LAA,415859.0,,0.7510445464362852,,0.0
2015-09-19,2015,MIN,LAA,415844.0,,0.7510445464362852,,0.0
2015-09-19,2015,MIN,LAA,415859.0,,0.7510445464362852,,0.0
2015-09-19,2015,MIN,LAA,415844.0,,0.7510445464362852,,0.0
2015-09-19,2015,MIN,LAA,415859.0,,0.7510445464362852,,0.0
2015-09-19,2015,MIN,LAA,415844.0,,0.7510445464362852,,0.0
2015-09-19,2015,MIN,LAA,415859.0,,0.7510445464362852,,0.0
2015-09-19,2015,NYM,NYY,415867.0,,0.711776157082749,,0.0
2015-09-20,2015,COL,SDP,415886.0,,0.7327164253619571,,0.0
2015-09-20,2015,WSN,MIA,415881.0,0.7769027027027027,,1.0,
2015-09-20,2015,MIL,CIN,415879.0,,0.7387612738853503,,0.0
2015-09-22,2015,DET,CHW,415903.0,0.8567149245388486,,1.0,
2015-09-23,2015,HOU,LAA,415914.0,0.7394413601665509,,0.0,
2015-09-23,2015,SDP,SFG,415926.0,0.7328539429272783,,0.0,
2015-09-24,2015,NYY,CHW,415930.0,0.7299412429378531,,1.0,
2015-09-24,2015,CIN,NYM,415933.0,,0.7746831882116544,,0.0
2015-09-24,2015,STL,MIL,415932.0,0.7724147883452447,,0.0,
2015-09-24,2015,KCR,SEA,415936.0,,0.7856878534268266,,0.0
2015-09-25,2015,CIN,NYM,415948.0,0.7483697513249081,,0.0,
2015-09-26,2015,WSN,PHI,415964.0,0.7638378957391097,,0.0,
2015-09-26,2015,LAA,SEA,415966.0,0.7624630793401415,,0.0,
2015-09-27,2015,SDP,ARI,415970.0,0.7342862272377533,,0.0,
2015-09-29,2015,SEA,HOU,415997.0,,0.800105388650453,,1.0
2015-09-29,2015,TEX,DET,415996.0,,0.7999126394052043,,1.0
2015-09-29,2015,NYY,BOS,415993.0,0.7393529921942757,,0.0,
2015-09-30,2015,CIN,CHC,416009.0,0.6266147473073738,,1.0,
2015-09-30,2015,SDP,MIL,416016.0,0.6906906598114824,,0.0,
2015-09-30,2015,PIT,STL,416005.0,,0.7000873258579681,,0.0
2015-09-30,2015,PIT,STL,416020.0,,0.7000873258579681,,0.0
2015-09-30,2015,PIT,STL,416005.0,,0.7000873258579681,,0.0
2015-09-30,2015,PIT,STL,416020.0,,0.7000873258579681,,0.0
2015-09-30,2015,PIT,STL,416005.0,,0.7000873258579681,,0.0
2015-09-30,2015,PIT,STL,416020.0,,0.7000873258579681,,0.0
2015-09-30,2015,PIT,STL,416005.0,,0.7000873258579681,,0.0
2015-09-30,2015,PIT,STL,416020.0,,0.7000873258579681,,0.0
2015-09-30,2015,PIT,STL,416005.0,,0.7000873258579681,,0.0
2015-09-30,2015,PIT,STL,416020.0,,0.7000873258579681,,0.0
2015-09-30,2015,PIT,STL,416005.0,,0.7000873258579681,,0.0
2015-09-30,2015,PIT,STL,416020.0,,0.7000873258579681,,0.0
2015-09-30,2015,PIT,STL,416005.0,,0.7000873258579681,,0.0
2015-09-30,2015,PIT,STL,416020.0,,0.7000873258579681,,0.0
2015-09-30,2015,PIT,STL,416005.0,,0.7000873258579681,,0.0
2015-09-30,2015,PIT,STL,416020.0,,0.7000873258579681,,0.0
2015-10-01,2015,TEX,LAA,416023.0,,0.7284190124596216,,1.0
2015-10-01,2015,ATL,WSN,416034.0,,0.759599825885084,,0.0
2016-04-05,2016,PIT,STL,446910.0,,0.7453055961070559,,1.0
2016-04-05,2016,SDP,LAD,446884.0,0.7411818710052295,,1.0,
2016-04-05,2016,LAA,CHC,446880.0,0.7488889411764705,,1.0,
2016-04-06,2016,NYY,HOU,446893.0,0.7173417498532002,,0.0,
2016-04-06,2016,ATL,WSN,446902.0,,0.7584319306930694,,0.0
2016-04-06,2016,SDP,LAD,446894.0,0.6990817069997398,,0.0,
2016-04-07,2016,CIN,PHI,446909.0,0.7757049353391395,,0.0,
2016-04-07,2016,NYY,HOU,446906.0,,0.7584439741035855,,0.0
2016-04-10,2016,TOR,BOS,446942.0,,0.836396004480956,,0.0
2016-04-10,2016,COL,SDP,446953.0,,0.6912162822252375,,0.0
2016-04-11,2016,PHI,SDP,446966.0,,0.6610075167785234,,0.0
2016-04-11,2016,NYM,MIA,446963.0,0.7579425087108014,,0.0,
2016-04-11,2016,STL,MIL,446964.0,0.783393181818182,,0.0,
2016-04-12,2016,HOU,KCR,446972.0,0.7635231153685964,,0.0,
2016-04-13,2016,TOR,NYY,446992.0,,0.7296939748591244,,1.0
2016-04-14,2016,WSN,ATL,446997.0,0.7866185466112062,,0.0,
2016-04-15,2016,SDP,ARI,447007.0,0.6764515760621288,,0.0,
2016-04-16,2016,SDP,ARI,447022.0,0.6608515118790497,,0.0,
2016-04-17,2016,BOS,TOR,447050.0,0.8244825470700234,,0.0,
2016-04-17,2016,CLE,NYM,447047.0,,0.7597041793135652,,0.0
2016-04-17,2016,STL,CIN,447041.0,0.8109174828599411,,0.0,
2016-04-17,2016,HOU,DET,447043.0,0.7465839538794139,,0.0,
2016-04-19,2016,CIN,COL,447061.0,0.7512266591676041,,1.0,
2016-04-19,2016,MIA,WSN,447073.0,,0.755659969088099,,1.0
2016-04-19,2016,NYY,ATH,447068.0,0.7290364321608042,,1.0,
2016-04-21,2016,SDP,PIT,447098.0,0.6791841155234657,,0.0,
2016-04-22,2016,SDP,STL,447115.0,0.6685990566037736,,0.0,
2016-04-22,2016,HOU,BOS,447104.0,,0.82423877987177,,0.0
2016-04-23,2016,HOU,BOS,447119.0,0.7797790118728456,,0.0,
2016-04-23,2016,ATL,NYM,447125.0,,0.7647607242339833,,0.0
2016-04-23,2016,SDP,STL,447130.0,,0.8189029657356752,,0.0
2016-04-24,2016,NYY,TBR,447146.0,0.6888227790432802,,1.0,
2016-04-24,2016,WSN,MIN,447139.0,0.7391812315138477,,0.0,
2016-04-26,2016,SFG,SDP,447174.0,,0.6825590194511059,,0.0
2016-04-27,2016,SFG,SDP,447189.0,,0.7063327433628318,,0.0
2016-04-27,2016,BOS,ATL,447176.0,0.8010750448028675,,0.0,
2016-04-28,2016,ARI,STL,447198.0,,0.8036888145315487,,0.0
2016-04-29,2016,NYM,SFG,447211.0,0.75184375,,0.0,
2016-04-29,2016,ATH,HOU,447205.0,,0.7859120443740095,,1.0
2016-04-29,2016,MIN,DET,447204.0,,0.8016962818849979,,0.0
2016-04-29,2016,STL,WSN,447213.0,,0.7552768576544315,,0.0
2016-04-30,2016,BOS,NYY,447224.0,,0.7105669093648004,,0.0
2016-05-02,2016,SDP,COL,447246.0,0.6685990566037736,,0.0,
2016-05-03,2016,SDP,COL,447258.0,0.6685990566037736,,0.0,
2016-05-03,2016,STL,PHI,447264.0,0.8055658914728682,,0.0,
2016-05-03,2016,CHW,BOS,447256.0,,0.8344268669907203,,1.0
2016-05-04,2016,HOU,MIN,447277.0,0.7556730192719486,,0.0,
2016-05-04,2016,NYM,ATL,447270.0,0.7743656044757965,,0.0,
2016-05-04,2016,KCR,WSN,447283.0,,0.7379992105263159,,0.0
2016-05-05,2016,CLE,DET,447287.0,,0.7968901443816698,,0.0
2016-05-06,2016,NYY,BOS,447296.0,0.7419853739089408,,0.0,
2016-05-07,2016,SDP,NYM,447317.0,0.6939279962103269,,0.0,
2016-05-08,2016,STL,PIT,447335.0,0.8116068702290077,,0.0,
2016-05-08,2016,NYY,BOS,447326.0,,0.8262869907076483,,0.0
2016-05-08,2016,SDP,NYM,447332.0,0.6739306759098788,,0.0,
2016-05-09,2016,WSN,DET,447344.0,0.7534818020853826,,0.0,
2016-05-09,2016,LAD,NYM,447347.0,,0.7876991260923843,,1.0
2016-05-09,2016,HOU,CLE,447343.0,0.7748706656038262,,0.0,
2016-05-10,2016,WSN,DET,447357.0,,0.7646924939467313,,0.0
2016-05-11,2016,NYY,KCR,447373.0,0.7291614949037373,,0.0,
2016-05-12,2016,MIL,SDP,447388.0,,0.6689312202852615,,0.0
2016-05-13,2016,BOS,HOU,447395.0,0.8262869907076483,,0.0,
2016-05-13,2016,LAD,STL,447404.0,,0.800628039754705,,0.0
2016-05-14,2016,WSN,MIA,446932.0,0.7113228782287824,,1.0,
2016-05-14,2016,WSN,MIA,447412.0,0.7113228782287824,,1.0,
2016-05-14,2016,WSN,MIA,446932.0,0.7113228782287824,,1.0,
2016-05-14,2016,WSN,MIA,447412.0,0.7113228782287824,,1.0,
2016-05-14,2016,WSN,MIA,446932.0,0.7113228782287824,,1.0,
2016-05-14,2016,WSN,MIA,447412.0,0.7113228782287824,,1.0,
2016-05-14,2016,WSN,MIA,446932.0,0.7113228782287824,,1.0,
2016-05-14,2016,WSN,MIA,447412.0,0.7113228782287824,,1.0,
2016-05-14,2016,WSN,MIA,446932.0,0.7113228782287824,,1.0,
2016-05-14,2016,WSN,MIA,447412.0,0.7113228782287824,,1.0,
2016-05-14,2016,WSN,MIA,446932.0,0.7113228782287824,,1.0,
2016-05-14,2016,WSN,MIA,447412.0,0.7113228782287824,,1.0,
2016-05-14,2016,WSN,MIA,446932.0,0.7113228782287824,,1.0,
2016-05-14,2016,WSN,MIA,447412.0,0.7113228782287824,,1.0,
2016-05-14,2016,WSN,MIA,446932.0,0.7113228782287824,,1.0,
2016-05-14,2016,WSN,MIA,447412.0,0.7113228782287824,,1.0,
2016-05-15,2016,BAL,DET,447424.0,,0.7743266311038162,,0.0
2016-05-17,2016,ARI,NYY,447453.0,,0.7369225108225109,,0.0
2016-05-18,2016,KCR,BOS,447437.0,,0.835915125739645,,0.0
2016-05-18,2016,KCR,BOS,447460.0,,0.835915125739645,,0.0
2016-05-18,2016,KCR,BOS,447437.0,,0.835915125739645,,0.0
2016-05-18,2016,KCR,BOS,447460.0,,0.835915125739645,,0.0
2016-05-18,2016,KCR,BOS,447437.0,,0.835915125739645,,0.0
2016-05-18,2016,KCR,BOS,447460.0,,0.835915125739645,,0.0
2016-05-18,2016,KCR,BOS,447437.0,,0.835915125739645,,0.0
2016-05-18,2016,KCR,BOS,447460.0,,0.835915125739645,,0.0
2016-05-18,2016,KCR,BOS,447437.0,,0.835915125739645,,0.0
2016-05-18,2016,KCR,BOS,447460.0,,0.835915125739645,,0.0
2016-05-18,2016,KCR,BOS,447437.0,,0.835915125739645,,0.0
2016-05-18,2016,KCR,BOS,447460.0,,0.835915125739645,,0.0
2016-05-18,2016,KCR,BOS,447437.0,,0.835915125739645,,0.0
2016-05-18,2016,KCR,BOS,447460.0,,0.835915125739645,,0.0
2016-05-18,2016,KCR,BOS,447437.0,,0.835915125739645,,0.0
2016-05-18,2016,KCR,BOS,447460.0,,0.835915125739645,,0.0
2016-05-19,2016,NYM,WSN,447485.0,,0.735963445029078,,0.0
2016-05-19,2016,STL,COL,447477.0,0.7962125170068027,,0.0,
2016-05-19,2016,SDP,SFG,447482.0,0.6760569895221058,,0.0,
2016-05-20,2016,NYM,MIL,447494.0,0.7652207453739901,,0.0,
2016-05-21,2016,HOU,TEX,447513.0,0.7875442546583851,,1.0,
2016-05-21,2016,DET,TBR,447512.0,0.8195864661654135,,1.0,
2016-05-22,2016,ATH,NYY,447525.0,,0.7374756283320641,,0.0
2016-05-24,2016,LAD,CIN,447543.0,,0.7806050332778702,,0.0
2016-05-24,2016,WSN,NYM,447549.0,0.7555396286683969,,0.0,
2016-05-24,2016,STL,CHC,447542.0,0.7707455516014236,,0.0,
2016-05-24,2016,SFG,SDP,447552.0,,0.6747647058823529,,0.0
2016-05-25,2016,WSN,NYM,447565.0,,0.7481403162055336,,0.0
2016-05-25,2016,SFG,SDP,447568.0,,0.6837442222799274,,0.0
2016-05-25,2016,BOS,COL,447560.0,0.8410843589743591,,0.0,
2016-05-27,2016,ATH,DET,447583.0,,0.8195864661654135,,1.0
2016-05-27,2016,LAA,HOU,447584.0,,0.715839059114825,,0.0
2016-05-28,2016,TBR,NYY,447603.0,,0.7071523472099203,,1.0
2016-05-29,2016,WSN,STL,447623.0,,,,
2016-05-30,2016,BAL,BOS,447624.0,,0.835471602860749,,0.0
2016-05-30,2016,SEA,SDP,447633.0,,0.692297490263955,,0.0
2016-05-31,2016,SEA,SDP,447648.0,,0.6788622623870365,,0.0
2016-05-31,2016,NYM,CHW,447640.0,0.7738612945838836,,0.0,
2016-06-01,2016,LAA,DET,447658.0,,0.7866509321697739,,0.0
2016-06-01,2016,HOU,ARI,447654.0,0.7918480255285201,,1.0,
2016-06-01,2016,SDP,SEA,447664.0,,0.7769863301787592,,1.0
2016-06-02,2016,DET,NYY,446949.0,,0.7136181545386346,,1.0
2016-06-04,2016,BOS,TOR,447707.0,0.8276819286114746,,0.0,
2016-06-04,2016,STL,SFG,447704.0,0.8064858051884484,,0.0,
2016-06-04,2016,SDP,COL,447697.0,0.6776135517498139,,0.0,
2016-06-04,2016,CIN,WSN,447708.0,,0.7636911612502588,,0.0
2016-06-06,2016,SEA,CLE,447726.0,0.7913186389899421,,0.0,
2016-06-06,2016,DET,TOR,447733.0,0.7594290691886512,,1.0,
2016-06-06,2016,TEX,HOU,447728.0,,0.7797790118728456,,0.0
2016-06-07,2016,PIT,NYM,447731.0,,0.7421887147335423,,1.0
2016-06-07,2016,PIT,NYM,447743.0,,0.7421887147335423,,1.0
2016-06-07,2016,PIT,NYM,447731.0,,0.7421887147335423,,1.0
2016-06-07,2016,PIT,NYM,447743.0,,0.7421887147335423,,1.0
2016-06-07,2016,PIT,NYM,447731.0,,0.7421887147335423,,1.0
2016-06-07,2016,PIT,NYM,447743.0,,0.7421887147335423,,1.0
2016-06-07,2016,PIT,NYM,447731.0,,0.7421887147335423,,1.0
2016-06-07,2016,PIT,NYM,447743.0,,0.7421887147335423,,1.0
2016-06-07,2016,PIT,NYM,447731.0,,0.7421887147335423,,1.0
2016-06-07,2016,PIT,NYM,447743.0,,0.7421887147335423,,1.0
2016-06-07,2016,PIT,NYM,447731.0,,0.7421887147335423,,1.0
2016-06-07,2016,PIT,NYM,447743.0,,0.7421887147335423,,1.0
2016-06-07,2016,PIT,NYM,447731.0,,0.7421887147335423,,1.0
2016-06-07,2016,PIT,NYM,447743.0,,0.7421887147335423,,1.0
2016-06-07,2016,PIT,NYM,447731.0,,0.7421887147335423,,1.0
2016-06-07,2016,PIT,NYM,447743.0,,0.7421887147335423,,1.0
2016-06-07,2016,NYY,LAA,447741.0,0.7100358034970857,,1.0,
2016-06-08,2016,CHW,WSN,447763.0,0.7444817677368213,,0.0,
2016-06-10,2016,WSN,PHI,447783.0,0.7567584451642758,,0.0,
2016-06-10,2016,COL,SDP,447784.0,,0.6888066059225513,,0.0
2016-06-10,2016,MIN,BOS,447773.0,,0.7765556795981021,,0.0
2016-06-10,2016,CIN,ATH,447782.0,0.7905815842924848,,0.0,
2016-06-10,2016,PIT,STL,447785.0,,0.8069446971510654,,0.0
2016-06-11,2016,CIN,ATH,447797.0,,0.696523600722208,,0.0
2016-06-11,2016,TBR,HOU,447792.0,,0.7641232237539768,,0.0
2016-06-11,2016,SEA,TEX,447801.0,0.7874168336673346,,0.0,
2016-06-12,2016,MIL,NYM,447811.0,,0.7630099177552008,,0.0
2016-06-12,2016,NYY,DET,447806.0,,,,
2016-06-13,2016,ATL,CIN,447818.0,,0.7905815842924848,,0.0
2016-06-13,2016,CHW,DET,447820.0,0.7519490043710538,,1.0,
2016-06-15,2016,BOS,BAL,447842.0,0.8278990053557767,,0.0,
2016-06-15,2016,WSN,CHC,447843.0,0.7585217303822938,,0.0,
2016-06-15,2016,ATL,CIN,447844.0,,0.788944985522506,,0.0
2016-06-16,2016,TBR,SEA,447863.0,,0.7855300525920361,,1.0
2016-06-16,2016,ATH,TEX,447864.0,0.7161432712215321,,0.0,
2016-06-17,2016,KCR,DET,447872.0,,0.7500368112543963,,0.0
2016-06-17,2016,STL,TEX,447879.0,0.7675598687807544,,1.0,
2016-06-18,2016,CLE,CHW,447884.0,,0.7341661363636364,,0.0
2016-06-18,2016,ATH,LAA,447888.0,0.6984181860143088,,0.0,
2016-06-18,2016,MIN,NYY,447890.0,,0.7192607275103464,,0.0
2016-06-18,2016,NYM,ATL,447883.0,0.7731338965693804,,0.0,
2016-06-19,2016,HOU,CIN,447900.0,0.7923033080908728,,1.0,
2016-06-20,2016,BOS,CHW,447913.0,0.8357802951569322,,0.0,
2016-06-21,2016,DET,SEA,447932.0,,0.7927157851409754,,0.0
2016-06-21,2016,TEX,CIN,447924.0,,0.739378091056159,,0.0
2016-06-22,2016,CHC,STL,447948.0,,0.7969985429820301,,0.0
2016-06-22,2016,DET,SEA,447947.0,0.7723079268292683,,0.0,
2016-06-22,2016,ATH,MIL,447943.0,0.7227178810635275,,0.0,
2016-06-23,2016,DET,SEA,447959.0,0.7700509523809524,,1.0,
2016-06-23,2016,BOS,CHW,447953.0,,0.7390932857991681,,0.0
2016-06-24,2016,ATL,NYM,447967.0,,0.7707824480369515,,0.0
2016-06-25,2016,KCR,HOU,447979.0,,0.7407395042994436,,0.0
2016-06-25,2016,NYY,MIN,447981.0,0.7271466897446993,,0.0,
2016-06-25,2016,TEX,BOS,447976.0,,0.8391464203233256,,0.0
2016-06-26,2016,CIN,SDP,448000.0,0.7809364185949552,,0.0,
2016-06-26,2016,SEA,STL,448001.0,0.7650849282296651,,1.0,
2016-06-27,2016,SFG,ATH,448011.0,,0.7215060975609756,,0.0
2016-06-28,2016,KCR,STL,448028.0,,0.7900399634619776,,0.0
2016-06-29,2016,CHW,MIN,448039.0,0.7252042920260887,,0.0,
2016-06-29,2016,DET,MIA,448038.0,0.7319975733509817,,0.0,
2016-06-30,2016,NYM,CHC,448047.0,0.7661163204747774,,0.0,
2016-06-30,2016,NYY,TEX,448056.0,0.725393817743878,,0.0,
2016-07-01,2016,HOU,CHW,448059.0,0.7645515342250198,,0.0,
2016-07-01,2016,TBR,DET,448063.0,,0.7664347571679344,,1.0
2016-07-01,2016,WSN,CIN,448060.0,,0.7844254742547425,,0.0
2016-07-01,2016,BOS,LAA,448065.0,0.8353534358974359,,0.0,
2016-07-02,2016,SEA,BAL,448072.0,0.7683214026602176,,0.0,
2016-07-03,2016,ATH,PIT,448099.0,0.7243439291297551,,1.0,
2016-07-03,2016,WSN,CIN,448090.0,0.7375615079365079,,1.0,
2016-07-03,2016,SDP,NYY,448098.0,0.7111733931240657,,0.0,
2016-07-03,2016,STL,MIL,448097.0,0.8061679005817027,,0.0,
2016-07-04,2016,CLE,DET,448106.0,,0.7715834371108343,,0.0
2016-07-04,2016,CHW,NYY,448111.0,0.7563442136498516,,1.0,
2016-07-05,2016,NYM,MIA,448124.0,0.7795237215033888,,1.0,
2016-07-05,2016,STL,PIT,448128.0,,0.7373725089422586,,0.0
2016-07-06,2016,HOU,SEA,448145.0,0.796088637435172,,1.0,
2016-07-06,2016,CLE,DET,448136.0,,0.6934620523784074,,0.0
2016-07-06,2016,CHW,NYY,448141.0,,0.7374756283320641,,0.0
2016-07-06,2016,CHC,CIN,448134.0,,0.7710214416058395,,0.0
2016-07-06,2016,BOS,TEX,448146.0,0.821003227541689,,1.0,
2016-07-07,2016,KCR,SEA,448155.0,,0.7820839580209895,,1.0
2016-07-08,2016,NYM,WSN,448171.0,,0.763849275362319,,0.0
2016-07-08,2016,LAD,SDP,448167.0,,0.7743984915147705,,1.0
2016-07-08,2016,HOU,ATH,448165.0,,0.7534369932062239,,0.0
2016-07-08,2016,MIL,STL,448169.0,,0.7854232444202504,,0.0
2016-07-10,2016,NYM,WSN,448201.0,0.7760518313752591,,1.0,
2016-07-10,2016,CHW,ATL,448188.0,0.7390932857991681,,0.0,
2016-07-15,2016,WSN,PIT,448214.0,0.8145216572504708,,1.0,
2016-07-15,2016,CIN,MIL,448212.0,0.7833928325292902,,0.0,
2016-07-15,2016,SDP,SFG,448215.0,0.7466172393007836,,1.0,
2016-07-15,2016,ATH,TOR,448217.0,0.7530188126068899,,0.0,
2016-07-15,2016,SEA,HOU,448208.0,0.7825578587699317,,0.0,
2016-07-15,2016,NYY,BOS,448204.0,,,,
2016-07-16,2016,LAA,CHW,448220.0,,0.7330233737596471,,0.0
2016-07-17,2016,STL,MIA,448241.0,0.7611778501628665,,1.0,
2016-07-17,2016,DET,KCR,448239.0,0.7827181599035757,,0.0,
2016-07-18,2016,ATH,HOU,448252.0,,0.7735891633796969,,0.0
2016-07-18,2016,CHC,NYM,448255.0,,0.7891103117505994,,1.0
2016-07-20,2016,NYY,BAL,448275.0,0.7422217616580311,,0.0,
2016-07-20,2016,CIN,ATL,448274.0,0.7761843163538874,,0.0,
2016-07-20,2016,ATH,HOU,448278.0,0.7409159101767798,,0.0,
2016-07-21,2016,STL,SDP,448296.0,,0.7131408086506817,,0.0
2016-07-21,2016,BOS,MIN,448295.0,0.824102195306586,,0.0,
2016-07-21,2016,CHW,DET,448291.0,0.7447609200253219,,0.0,
2016-07-21,2016,WSN,LAD,448292.0,0.7859748096074985,,1.0,
2016-07-22,2016,TOR,SEA,448311.0,,0.7903254687170845,,0.0
2016-07-22,2016,CHW,DET,448303.0,,0.7699637392580172,,0.0
2016-07-22,2016,STL,LAD,448305.0,0.784708938547486,,0.0,
2016-07-23,2016,CHW,DET,448318.0,,0.7834957939011565,,1.0
2016-07-24,2016,HOU,LAA,448334.0,0.7747145242070116,,0.0,
2016-07-24,2016,MIA,NYM,448337.0,,0.7472875311720697,,0.0
2016-07-25,2016,TEX,ATH,448351.0,,0.7470389261744967,,1.0
2016-07-25,2016,HOU,NYY,448350.0,,0.6944024590163935,,1.0
2016-07-25,2016,SFG,CIN,448346.0,,0.7809364185949552,,0.0
2016-07-26,2016,BOS,DET,448360.0,0.8304157382847038,,0.0,
2016-07-26,2016,CHW,CHC,448357.0,0.7447609200253217,,0.0,
2016-07-26,2016,TOR,SDP,448365.0,,0.7294134568503169,,0.0
2016-07-27,2016,CHC,CHW,448372.0,,0.7483516793066088,,0.0
2016-07-27,2016,PIT,SEA,448381.0,,0.7784016593460225,,0.0
2016-07-27,2016,BOS,DET,448375.0,,0.7470292129932418,,0.0
2016-07-27,2016,CLE,WSN,448384.0,,0.7656663523198793,,0.0
2016-07-28,2016,MIA,STL,448391.0,,0.7786256143394045,,0.0
2016-07-29,2016,MIL,PIT,448404.0,,0.75918316008316,,0.0
2016-07-29,2016,NYM,COL,448398.0,0.7824031885397412,,0.0,
2016-07-30,2016,SDP,CIN,448412.0,,0.7239296155928533,,1.0
2016-07-30,2016,DET,HOU,448414.0,,0.7830840606338998,,0.0
2016-07-31,2016,LAA,BOS,448425.0,,0.7942558758314855,,1.0
2016-07-31,2016,TBR,NYY,448431.0,,0.7343059805285118,,1.0
2016-07-31,2016,MIA,STL,448436.0,0.7489421788244305,,0.0,
2016-08-01,2016,SEA,BOS,448438.0,0.7903254687170845,,0.0,
2016-08-01,2016,ARI,WSN,448445.0,,0.7798243364151507,,0.0
2016-08-02,2016,DET,CHW,448447.0,,0.7490249088699878,,0.0
2016-08-03,2016,DET,CHW,448462.0,0.7727883522727272,,1.0,
2016-08-03,2016,CIN,STL,448472.0,,0.7367129217059197,,1.0
2016-08-03,2016,NYY,NYM,448468.0,,0.7684071413479823,,0.0
2016-08-04,2016,HOU,TOR,448487.0,0.8111465020576132,,1.0,
2016-08-05,2016,LAD,BOS,448490.0,,0.791837085308057,,1.0
2016-08-05,2016,NYY,CLE,448493.0,0.7372021595680864,,0.0,
2016-08-05,2016,PIT,CIN,448492.0,,0.7754191589835845,,0.0
2016-08-06,2016,WSN,SFG,448515.0,0.7503397649146153,,0.0,
2016-08-06,2016,COL,MIA,448510.0,,0.7407206487533285,,0.0
2016-08-07,2016,CHW,BAL,448519.0,0.7300941962229386,,0.0,
2016-08-07,2016,SEA,LAA,448524.0,0.7661030115395441,,0.0,
2016-08-08,2016,STL,CIN,448535.0,0.7102184734513275,,1.0,
2016-08-08,2016,SEA,DET,448536.0,,0.7816586578293289,,0.0
2016-08-09,2016,NYM,ARI,448541.0,0.7812788538073759,,0.0,
2016-08-09,2016,MIN,HOU,448548.0,,0.793944201843765,,1.0
2016-08-09,2016,SEA,DET,448547.0,,0.8062829896907217,,1.0
2016-08-10,2016,STL,CIN,448560.0,,0.7630028348688873,,1.0
2016-08-11,2016,BOS,NYY,448578.0,,0.7334093900833699,,0.0
2016-08-11,2016,ATH,BAL,448573.0,0.7252439390152461,,0.0,
2016-08-12,2016,MIA,CHW,448585.0,0.8093074679113186,,1.0,
2016-08-12,2016,WSN,ATL,448583.0,0.767431279620853,,0.0,
2016-08-13,2016,MIA,CHW,448600.0,,0.7450896391152504,,1.0
2016-08-14,2016,TEX,DET,448618.0,,0.776889562581204,,0.0
2016-08-14,2016,TOR,HOU,448619.0,,0.7875634298079524,,0.0
2016-08-14,2016,NYM,SDP,448623.0,0.757446511627907,,1.0,
2016-08-15,2016,DET,KCR,448627.0,0.7238577130781874,,0.0,
2016-08-16,2016,NYY,TOR,448648.0,0.7382978271138404,,0.0,
2016-08-16,2016,CIN,MIA,448639.0,0.7701867833433917,,0.0,
2016-08-16,2016,TEX,ATH,448658.0,,0.7440512756997771,,0.0
2016-08-17,2016,COL,WSN,448664.0,,0.7959861904761906,,0.0
2016-08-17,2016,CIN,MIA,448654.0,,0.70751518414818,,0.0
2016-08-17,2016,CLE,CHW,448651.0,,0.7561077372919478,,0.0
2016-08-19,2016,DET,BOS,448678.0,0.6762487692812603,,0.0,
2016-08-19,2016,CHW,ATH,448687.0,0.7543057545643632,,0.0,
2016-08-20,2016,BAL,HOU,448695.0,,0.7591747888239115,,0.0
2016-08-20,2016,DET,BOS,448693.0,0.7746131979695432,,1.0,
2016-08-21,2016,CIN,LAD,448711.0,0.6881624326404927,,1.0,
2016-08-22,2016,ATH,CLE,448725.0,0.720404776484997,,0.0,
2016-08-22,2016,SEA,NYY,448729.0,,0.7512352059925094,,0.0
2016-08-23,2016,MIA,KCR,448738.0,0.7066253279274982,,0.0,
2016-08-24,2016,CHW,PHI,448758.0,0.7490249088699878,,0.0,
2016-08-25,2016,MIN,DET,448765.0,,0.7322937878448083,,0.0
2016-08-25,2016,CHW,SEA,448771.0,,,,
2016-08-26,2016,HOU,TBR,448786.0,0.8223879151291512,,1.0,
2016-08-26,2016,BOS,KCR,448778.0,0.8243737486095662,,0.0,
2016-08-27,2016,DET,LAA,448794.0,0.7591764705882352,,1.0,
2016-08-27,2016,ARI,CIN,448790.0,,0.7055162337662337,,0.0
2016-08-28,2016,STL,ATH,448811.0,,0.7633471615720524,,1.0
2016-08-28,2016,NYM,PHI,448812.0,0.7321237801746276,,0.0,
2016-08-29,2016,CHC,PIT,448824.0,,0.7317057513163225,,0.0
2016-08-29,2016,DET,CHW,448817.0,,0.742386232264845,,1.0
2016-08-29,2016,KCR,NYY,448822.0,,0.7396763416162039,,0.0
2016-08-30,2016,DET,CHW,448831.0,,,,
2016-08-30,2016,TEX,SEA,448840.0,,0.6880473157415834,,1.0
2016-08-30,2016,CLE,MIN,448835.0,,0.7511975308641975,,0.0
2016-08-31,2016,BOS,TBR,448857.0,0.7978464893153074,,1.0,
2016-08-31,2016,HOU,ATH,448852.0,0.828813953488372,,1.0,
2016-09-02,2016,CLE,MIA,448871.0,,0.7162019763798505,,0.0
2016-09-02,2016,ATH,BOS,448866.0,0.7435768261964735,,1.0,
2016-09-02,2016,CIN,STL,448876.0,0.719207729468599,,0.0,
2016-09-03,2016,MIN,CHW,448882.0,,0.721475797579758,,1.0
2016-09-03,2016,ATH,BOS,448881.0,0.6570135900339751,,0.0,
2016-09-03,2016,NYM,WSN,448893.0,0.7595686369119421,,0.0,
2016-09-03,2016,KCR,DET,448883.0,,0.7870195185426153,,0.0
2016-09-04,2016,MIN,CHW,448897.0,,,,
2016-09-04,2016,KCR,DET,448898.0,,0.7762481692432871,,0.0
2016-09-04,2016,PIT,MIL,448902.0,0.7683202457264957,,0.0,
2016-09-04,2016,BAL,NYY,448903.0,,0.695212962962963,,1.0
2016-09-05,2016,CLE,HOU,448915.0,,0.7696307234432234,,0.0
2016-09-05,2016,CIN,NYM,448918.0,0.791397376730629,,0.0,
2016-09-06,2016,SEA,TEX,448937.0,0.7477902270483713,,1.0,
2016-09-07,2016,MIA,PHI,448949.0,0.7081252425091615,,0.0,
2016-09-07,2016,WSN,ATL,448940.0,0.7791786307053942,,0.0,
2016-09-07,2016,CIN,NYM,448948.0,0.7905038801177415,,0.0,
2016-09-09,2016,DET,BAL,448961.0,0.7756271653543306,,0.0,
2016-09-09,2016,PIT,CIN,448964.0,0.7432235510579577,,0.0,
2016-09-09,2016,NYY,TBR,448974.0,0.7081357738646895,,1.0,
2016-09-09,2016,ATH,SEA,448973.0,0.7270087744126805,,0.0,
2016-09-09,2016,ATL,NYM,448970.0,,0.778655601659751,,0.0
2016-09-10,2016,CHW,KCR,448982.0,0.7428147540983606,,0.0,
2016-09-10,2016,PIT,CIN,448979.0,,0.7792914452709884,,0.0
2016-09-10,2016,LAA,TEX,448990.0,0.7738963486454653,,1.0,
2016-09-11,2016,ATH,SEA,449003.0,,0.770532830399553,,0.0
2016-09-11,2016,HOU,CHC,448993.0,0.7548640402843602,,0.0,
2016-09-12,2016,DET,MIN,449013.0,0.7717849671612746,,0.0,
2016-09-12,2016,ATL,MIA,449011.0,,0.7493316937553465,,0.0
2016-09-14,2016,NYY,LAD,449040.0,0.7070517766497464,,1.0,
2016-09-14,2016,WSN,NYM,449044.0,,0.7771344644213725,,0.0
2016-09-14,2016,PHI,PIT,449046.0,,0.7397319804058782,,0.0
2016-09-15,2016,LAA,TOR,449060.0,0.7672885196374623,,1.0,
2016-09-15,2016,KCR,ATH,449056.0,,0.6669314903846153,,0.0
2016-09-15,2016,CHW,CLE,449051.0,0.7526037448290877,,0.0,
2016-09-16,2016,CIN,PIT,449070.0,0.8049071626191208,,0.0,
2016-09-16,2016,CLE,DET,449062.0,,0.7744879356568364,,0.0
2016-09-17,2016,CIN,PIT,447363.0,0.8054818785094435,,0.0,
2016-09-17,2016,CIN,PIT,449085.0,0.8054818785094435,,0.0,
2016-09-17,2016,CIN,PIT,447363.0,0.8054818785094435,,0.0,
2016-09-17,2016,CIN,PIT,449085.0,0.8054818785094435,,0.0,
2016-09-17,2016,CIN,PIT,447363.0,0.8054818785094435,,0.0,
2016-09-17,2016,CIN,PIT,449085.0,0.8054818785094435,,0.0,
2016-09-17,2016,CIN,PIT,447363.0,0.8054818785094435,,0.0,
2016-09-17,2016,CIN,PIT,449085.0,0.8054818785094435,,0.0,
2016-09-17,2016,CIN,PIT,447363.0,0.8054818785094435,,0.0,
2016-09-17,2016,CIN,PIT,449085.0,0.8054818785094435,,0.0,
2016-09-17,2016,CIN,PIT,447363.0,0.8054818785094435,,0.0,
2016-09-17,2016,CIN,PIT,449085.0,0.8054818785094435,,0.0,
2016-09-17,2016,CIN,PIT,447363.0,0.8054818785094435,,0.0,
2016-09-17,2016,CIN,PIT,449085.0,0.8054818785094435,,0.0,
2016-09-17,2016,CIN,PIT,447363.0,0.8054818785094435,,0.0,
2016-09-17,2016,CIN,PIT,449085.0,0.8054818785094435,,0.0,
2016-09-17,2016,SEA,HOU,449078.0,,,,
2016-09-18,2016,PHI,MIA,449095.0,,0.7074856396866841,,0.0
2016-09-18,2016,CLE,DET,449092.0,,0.7594244516653127,,0.0
2016-09-20,2016,NYM,ATL,449117.0,0.7842787550744249,,0.0,
2016-09-20,2016,MIL,PIT,449126.0,,0.7506515976331362,,0.0
2016-09-20,2016,TEX,LAA,449124.0,,0.774937239738251,,0.0
2016-09-20,2016,TBR,NYY,449125.0,,0.7002860478692353,,1.0
2016-09-20,2016,PHI,CHW,449119.0,,0.7666190970420341,,0.0
2016-09-21,2016,ATH,HOU,449137.0,0.7233917396745932,,0.0,
2016-09-21,2016,CHC,CIN,449135.0,,0.7352865517241379,,0.0
2016-09-22,2016,HOU,LAA,449151.0,0.7836871704745165,,0.0,
2016-09-23,2016,MIA,ATL,449157.0,0.7310398964847963,,0.0,
2016-09-23,2016,MIL,CIN,449160.0,,0.7990353715382507,,0.0
2016-09-23,2016,MIN,SEA,449167.0,,0.7256638626007711,,0.0
2016-09-23,2016,DET,KCR,449162.0,0.7080642458100559,,1.0,
2016-09-24,2016,DET,KCR,449177.0,0.7843361917326297,,0.0,
2016-09-25,2016,TOR,NYY,449194.0,,0.739737218813906,,0.0
2016-09-25,2016,NYM,PHI,449195.0,0.7018694665153236,,0.0,
2016-09-25,2016,HOU,LAA,449193.0,,0.7734515557804199,,0.0
2016-09-26,2016,CHW,TBR,449210.0,0.7426218543046359,,1.0,
2016-09-27,2016,HOU,SEA,449224.0,0.7733925848014725,,0.0,
2016-09-27,2016,STL,CIN,449215.0,,0.7835934318555009,,0.0
2016-09-27,2016,LAA,ATH,449222.0,,0.7626293823038397,,0.0
2016-09-28,2016,STL,CIN,449230.0,,0.7916166727338917,,0.0
2016-09-28,2016,HOU,SEA,449239.0,,0.7833946369845687,,0.0
2016-09-28,2016,DET,CLE,449231.0,0.7874144127104217,,0.0,
2016-09-30,2016,ATL,DET,449256.0,,0.7771897135122942,,0.0
2016-09-30,2016,PHI,NYM,449262.0,,0.7646508720930232,,0.0
2016-09-30,2016,LAA,HOU,449257.0,0.7533170163170163,,0.0,
2016-09-30,2016,NYY,BAL,449253.0,0.6946592317224288,,0.0,
2016-09-30,2016,WSN,MIA,449259.0,,0.7253937635968093,,0.0
2016-10-01,2016,CHW,MIN,449276.0,0.727644927536232,,1.0,
2016-10-01,2016,STL,PIT,449279.0,0.8087374526515152,,0.0,
2017-04-03,2017,WSN,MIA,490105.0,0.8407167805618829,,0.0,
2017-04-05,2017,HOU,SEA,490133.0,,0.809059509202454,,0.0
2017-04-05,2017,TBR,NYY,490128.0,,0.8161663400827346,,0.0
2017-04-06,2017,ATH,LAA,490140.0,0.7210775995861356,,1.0,
2017-04-06,2017,CHW,DET,490138.0,0.8196235595390524,,1.0,
2017-04-07,2017,DET,BOS,490149.0,,,,
2017-04-07,2017,HOU,KCR,490153.0,0.8139320309320309,,1.0,
2017-04-08,2017,STL,CIN,490166.0,0.7856795091324201,,0.0,
2017-04-08,2017,NYM,MIA,490170.0,0.7779999999999998,,1.0,
2017-04-09,2017,PHI,WSN,490192.0,,0.8370207976510887,,0.0
2017-04-09,2017,DET,BOS,490179.0,0.7392996770721206,,0.0,
2017-04-10,2017,NYY,TBR,490202.0,0.7876316294696425,,0.0,
2017-04-10,2017,SEA,HOU,490196.0,0.796621108412453,,0.0,
2017-04-11,2017,CLE,CHW,490206.0,,0.730770983492211,,0.0
2017-04-12,2017,KCR,ATH,490225.0,,0.774598094497375,,0.0
2017-04-12,2017,BOS,BAL,490217.0,0.7683367094305649,,0.0,
2017-04-12,2017,DET,MIN,490223.0,0.724688995215311,,0.0,
2017-04-12,2017,SEA,HOU,490220.0,,0.825875366282477,,0.0
2017-04-13,2017,MIA,NYM,490236.0,,0.8184779987944545,,1.0
2017-04-14,2017,CLE,DET,490244.0,,0.752545779835824,,0.0
2017-04-14,2017,WSN,PHI,490249.0,0.8243458303292477,,0.0,
2017-04-14,2017,NYY,STL,490252.0,,0.8050961670874455,,0.0
2017-04-15,2017,SEA,TEX,490269.0,,,,
2017-04-16,2017,NYY,STL,490282.0,0.7881452730801219,,0.0,
2017-04-16,2017,MIN,CHW,490272.0,,0.7562042360060515,,1.0
2017-04-17,2017,BOS,TBR,490293.0,0.8168955981941309,,1.0,
2017-04-18,2017,ATH,TEX,490308.0,0.7511542628356099,,0.0,
2017-04-18,2017,TBR,DET,490301.0,,0.7302819255627369,,0.0
2017-04-19,2017,STL,PIT,490321.0,0.7947973184357542,,0.0,
2017-04-19,2017,NYM,PHI,490320.0,0.7775623529411765,,0.0,
2017-04-20,2017,TBR,DET,490329.0,,0.720324603374465,,0.0
2017-04-20,2017,ATH,SEA,490333.0,,0.7966211084124529,,0.0
2017-04-20,2017,ATL,WSN,490335.0,,0.7985592509782001,,0.0
2017-04-20,2017,TEX,KCR,490330.0,0.710996340347667,,1.0,
2017-04-21,2017,TBR,HOU,490341.0,,0.825875366282477,,0.0
2017-04-22,2017,BAL,BOS,490352.0,,0.8179305957200694,,1.0
2017-04-22,2017,PIT,NYY,490360.0,,0.7828314220183487,,0.0
2017-04-23,2017,MIN,DET,490370.0,,0.759496672418043,,0.0
2017-04-23,2017,LAA,TOR,490379.0,0.7489733444398168,,0.0,
2017-04-23,2017,ATH,SEA,490377.0,0.768530995106036,,0.0,
2017-04-25,2017,STL,TOR,490403.0,0.7723208085612366,,0.0,
2017-04-25,2017,TEX,MIN,490397.0,0.758573189522342,,0.0,
2017-04-26,2017,DET,SEA,490416.0,,,,
2017-04-26,2017,NYM,ATL,490405.0,0.806120855148342,,0.0,
2017-04-27,2017,CLE,HOU,490421.0,,0.8367941061670571,,0.0
2017-04-29,2017,WSN,NYM,490453.0,0.833591990483743,,0.0,
2017-04-29,2017,HOU,ATH,490454.0,,0.7582599070784366,,0.0
2017-04-29,2017,DET,CHW,490448.0,0.7911597812879708,,1.0,
2017-04-29,2017,BOS,CHC,490447.0,0.7693672911787667,,0.0,
2017-04-29,2017,NYY,BAL,490446.0,0.7885864338866629,,0.0,
2017-05-01,2017,DET,CLE,490477.0,0.7393169877408056,,0.0,
2017-05-01,2017,HOU,TEX,490484.0,,0.7690869979059585,,0.0
2017-05-01,2017,STL,MIL,490478.0,0.7980096218393378,,0.0,
2017-05-01,2017,ATL,NYM,490479.0,,0.7896408111533586,,0.0
2017-05-02,2017,SEA,LAA,490491.0,0.7873888185654009,,0.0,
2017-05-02,2017,HOU,TEX,490499.0,0.8190213451469996,,1.0,
2017-05-05,2017,PHI,WSN,490543.0,,0.809857638888889,,0.0
2017-05-05,2017,CHC,NYY,490538.0,,0.8321842636180228,,0.0
2017-05-05,2017,ATH,DET,490533.0,,,,
2017-05-06,2017,NYM,MIA,490551.0,0.7893662824207494,,0.0,
2017-05-07,2017,ATL,STL,490570.0,,0.8087870346923272,,0.0
2017-05-07,2017,LAA,HOU,490564.0,,0.8282472842188426,,0.0
2017-05-07,2017,ATH,DET,490563.0,,0.7261924068432155,,0.0
2017-05-07,2017,SEA,TEX,490571.0,,0.7196967361740707,,1.0
2017-05-10,2017,WSN,BAL,490599.0,0.8381935309973046,,1.0,
2017-05-10,2017,ATH,LAA,490605.0,0.7506536839493921,,0.0,
2017-05-11,2017,NYY,HOU,490616.0,0.7289338474025975,,1.0,
2017-05-11,2017,LAA,DET,490615.0,,0.724688995215311,,0.0
2017-05-12,2017,TEX,ATH,490633.0,0.7589881588112376,,0.0,
2017-05-13,2017,LAA,DET,490643.0,,0.7602943681052836,,0.0
2017-05-13,2017,MIL,NYM,490647.0,,0.7976800712649528,,0.0
2017-05-14,2017,NYY,HOU,490644.0,,0.845887294297742,,0.0
2017-05-14,2017,NYY,HOU,490659.0,,0.845887294297742,,0.0
2017-05-14,2017,NYY,HOU,490644.0,,0.845887294297742,,0.0
2017-05-14,2017,NYY,HOU,490659.0,,0.845887294297742,,0.0
2017-05-14,2017,NYY,HOU,490644.0,,0.845887294297742,,0.0
2017-05-14,2017,NYY,HOU,490659.0,,0.845887294297742,,0.0
2017-05-14,2017,NYY,HOU,490644.0,,0.845887294297742,,0.0
2017-05-14,2017,NYY,HOU,490659.0,,0.845887294297742,,0.0
2017-05-14,2017,NYY,HOU,490644.0,,0.845887294297742,,0.0
2017-05-14,2017,NYY,HOU,490659.0,,0.845887294297742,,0.0
2017-05-14,2017,NYY,HOU,490644.0,,0.845887294297742,,0.0
2017-05-14,2017,NYY,HOU,490659.0,,0.845887294297742,,0.0
2017-05-14,2017,NYY,HOU,490644.0,,0.845887294297742,,0.0
2017-05-14,2017,NYY,HOU,490659.0,,0.845887294297742,,0.0
2017-05-14,2017,NYY,HOU,490644.0,,0.845887294297742,,0.0
2017-05-14,2017,NYY,HOU,490659.0,,0.845887294297742,,0.0
2017-05-16,2017,PIT,WSN,490691.0,,0.8090480981595092,,0.0
2017-05-16,2017,SEA,ATH,490688.0,,0.7735556069364162,,0.0
2017-05-17,2017,DET,BAL,490692.0,0.7652159921026654,,0.0,
2017-05-17,2017,KCR,NYY,490701.0,,0.7405345997286296,,1.0
2017-05-17,2017,TEX,PHI,490703.0,0.7523162993460887,,0.0,
2017-05-19,2017,STL,SFG,490729.0,0.7738825286212047,,1.0,
2017-05-19,2017,DET,TEX,490730.0,0.753079451502319,,0.0,
2017-05-20,2017,HOU,CLE,490736.0,0.8425838521033767,,0.0,
2017-05-21,2017,ATL,WSN,490762.0,,0.8451140350877193,,1.0
2017-05-21,2017,ATH,BOS,490749.0,0.7663052420366189,,0.0,
2017-05-22,2017,HOU,DET,490766.0,,0.7887233446689338,,0.0
2017-05-22,2017,NYY,KCR,490767.0,0.7280154912352221,,1.0,
2017-05-23,2017,BOS,TEX,490785.0,,0.7613911065149949,,0.0
2017-05-24,2017,NYM,SDP,490796.0,0.7617617033276931,,0.0,
2017-05-24,2017,HOU,DET,490790.0,,0.7308929631199661,,0.0
2017-05-25,2017,LAD,STL,490812.0,,0.80790843518333,,0.0
2017-05-25,2017,HOU,DET,490805.0,0.8353142496316565,,0.0,
2017-05-25,2017,TBR,LAA,490807.0,,0.7665697291824854,,0.0
2017-05-27,2017,CHW,DET,490124.0,,0.7761963636363637,,0.0
2017-05-27,2017,CHW,DET,490834.0,,0.7761963636363637,,0.0
2017-05-27,2017,CHW,DET,490124.0,,0.7761963636363637,,0.0
2017-05-27,2017,CHW,DET,490834.0,,0.7761963636363637,,0.0
2017-05-27,2017,CHW,DET,490124.0,,0.7761963636363637,,0.0
2017-05-27,2017,CHW,DET,490834.0,,0.7761963636363637,,0.0
2017-05-27,2017,CHW,DET,490124.0,,0.7761963636363637,,0.0
2017-05-27,2017,CHW,DET,490834.0,,0.7761963636363637,,0.0
2017-05-27,2017,WSN,SDP,490839.0,0.8302392749244714,,1.0,
2017-05-27,2017,CHW,DET,490124.0,,0.7761963636363637,,0.0
2017-05-27,2017,CHW,DET,490834.0,,0.7761963636363637,,0.0
2017-05-27,2017,CHW,DET,490124.0,,0.7761963636363637,,0.0
2017-05-27,2017,CHW,DET,490834.0,,0.7761963636363637,,0.0
2017-05-27,2017,CHW,DET,490124.0,,0.7761963636363637,,0.0
2017-05-27,2017,CHW,DET,490834.0,,0.7761963636363637,,0.0
2017-05-27,2017,CHW,DET,490124.0,,0.7761963636363637,,0.0
2017-05-27,2017,CHW,DET,490834.0,,0.7761963636363637,,0.0
2017-05-28,2017,TOR,TEX,490858.0,,0.7569097693351424,,0.0
2017-05-28,2017,NYY,ATH,490853.0,,,,
2017-05-29,2017,KCR,DET,490864.0,,0.7327737134207871,,0.0
2017-05-29,2017,CLE,ATH,490869.0,,0.7563668316831682,,0.0
2017-05-29,2017,NYM,MIL,490867.0,0.769544902605616,,0.0,
2017-05-30,2017,STL,LAD,490881.0,0.824447221483648,,0.0,
2017-05-30,2017,MIN,HOU,490880.0,,0.8401674444651858,,0.0
2017-05-31,2017,SEA,COL,490894.0,0.7959971762807584,,0.0,
2017-06-02,2017,TOR,NYY,490921.0,,0.7501929084001688,,1.0
2017-06-02,2017,ATH,WSN,490926.0,,,,
2017-06-02,2017,DET,CHW,490915.0,0.692274629468178,,1.0,
2017-06-03,2017,TEX,HOU,490933.0,0.7599369029104642,,0.0,
2017-06-03,2017,NYM,PIT,490937.0,0.790142310635042,,0.0,
2017-06-03,2017,ATH,WSN,490941.0,0.7744518264840182,,0.0,
2017-06-04,2017,CHC,STL,490954.0,,0.8168549348642085,,0.0
2017-06-05,2017,KCR,HOU,490957.0,,0.825875366282477,,0.0
2017-06-06,2017,DET,LAA,490968.0,0.7822134169517295,,0.0,
2017-06-06,2017,SEA,MIN,490970.0,0.7141164791528789,,1.0,
2017-06-07,2017,LAD,WSN,490993.0,,0.8099666276346605,,1.0
2017-06-08,2017,DET,LAA,490998.0,0.7567117327117326,,0.0,
2017-06-08,2017,NYY,BOS,490994.0,0.7306763875823141,,1.0,
2017-06-09,2017,TBR,ATH,491016.0,,0.7710526802218114,,0.0
2017-06-09,2017,STL,PHI,491017.0,0.812148379052369,,0.0,
2017-06-09,2017,WSN,TEX,491018.0,,0.7686972946624422,,0.0
2017-06-10,2017,ATL,NYM,490524.0,,0.7561514962593517,,1.0
2017-06-10,2017,ATL,NYM,491030.0,,0.7561514962593517,,1.0
2017-06-10,2017,ATL,NYM,490524.0,,0.7561514962593517,,1.0
2017-06-10,2017,ATL,NYM,491030.0,,0.7561514962593517,,1.0
2017-06-10,2017,ATL,NYM,490524.0,,0.7561514962593517,,1.0
2017-06-10,2017,ATL,NYM,491030.0,,0.7561514962593517,,1.0
2017-06-10,2017,ATL,NYM,490524.0,,0.7561514962593517,,1.0
2017-06-10,2017,ATL,NYM,491030.0,,0.7561514962593517,,1.0
2017-06-10,2017,ATL,NYM,490524.0,,0.7888834975369458,,0.0
2017-06-10,2017,ATL,NYM,491030.0,,0.7888834975369458,,0.0
2017-06-10,2017,ATL,NYM,490524.0,,0.7888834975369458,,0.0
2017-06-10,2017,ATL,NYM,491030.0,,0.7888834975369458,,0.0
2017-06-10,2017,ATL,NYM,490524.0,,0.7888834975369458,,0.0
2017-06-10,2017,ATL,NYM,491030.0,,0.7888834975369458,,0.0
2017-06-10,2017,ATL,NYM,490524.0,,0.7888834975369458,,0.0
2017-06-10,2017,ATL,NYM,491030.0,,0.7888834975369458,,0.0
2017-06-10,2017,ATL,NYM,490524.0,,0.7561514962593517,,1.0
2017-06-10,2017,ATL,NYM,491030.0,,0.7561514962593517,,1.0
2017-06-10,2017,ATL,NYM,490524.0,,0.7561514962593517,,1.0
2017-06-10,2017,ATL,NYM,491030.0,,0.7561514962593517,,1.0
2017-06-10,2017,ATL,NYM,490524.0,,0.7561514962593517,,1.0
2017-06-10,2017,ATL,NYM,491030.0,,0.7561514962593517,,1.0
2017-06-10,2017,ATL,NYM,490524.0,,0.7561514962593517,,1.0
2017-06-10,2017,ATL,NYM,491030.0,,0.7561514962593517,,1.0
2017-06-10,2017,ATL,NYM,490524.0,,0.7888834975369458,,0.0
2017-06-10,2017,ATL,NYM,491030.0,,0.7888834975369458,,0.0
2017-06-10,2017,ATL,NYM,490524.0,,0.7888834975369458,,0.0
2017-06-10,2017,ATL,NYM,491030.0,,0.7888834975369458,,0.0
2017-06-10,2017,ATL,NYM,490524.0,,0.7888834975369458,,0.0
2017-06-10,2017,ATL,NYM,491030.0,,0.7888834975369458,,0.0
2017-06-10,2017,ATL,NYM,490524.0,,0.7888834975369458,,0.0
2017-06-10,2017,ATL,NYM,491030.0,,0.7888834975369458,,0.0
2017-06-10,2017,HOU,LAA,491026.0,0.8275149999999999,,0.0,
2017-06-11,2017,SEA,TOR,491050.0,0.7702194296761722,,1.0,
2017-06-11,2017,BOS,DET,491040.0,,0.861566638725901,,1.0
2017-06-12,2017,WSN,ATL,491051.0,0.8456666666666667,,0.0,
2017-06-14,2017,HOU,TEX,491089.0,,0.7441329188869155,,0.0
2017-06-14,2017,LAA,NYY,491085.0,,0.8194163715892523,,0.0
2017-06-14,2017,MIA,ATH,491086.0,,0.764742950654582,,0.0
2017-06-15,2017,STL,MIL,491094.0,0.8064783366533863,,0.0,
2017-06-15,2017,NYM,WSN,491099.0,0.7928138020833334,,1.0,
2017-06-16,2017,DET,TBR,491113.0,0.7355804839558128,,0.0,
2017-06-16,2017,TEX,SEA,491111.0,,0.7775704521556256,,0.0
2017-06-16,2017,NYM,WSN,491114.0,0.803288260758849,,0.0,
2017-06-16,2017,HOU,BOS,491101.0,0.8091848934198331,,1.0,
2017-06-17,2017,NYM,WSN,491129.0,,0.861037558685446,,0.0
2017-06-17,2017,DET,TBR,491128.0,0.7758113502935421,,0.0,
2017-06-18,2017,TOR,CHW,491133.0,,0.8040292207792207,,1.0
2017-06-19,2017,ATH,HOU,491149.0,0.7907919699977939,,0.0,
2017-06-20,2017,LAD,NYM,491164.0,,0.8179022967553771,,0.0
2017-06-20,2017,NYY,LAA,491163.0,0.8149714518760196,,0.0,
2017-06-21,2017,SEA,DET,491176.0,0.8133416617093001,,0.0,
2017-06-21,2017,ATH,HOU,491177.0,,0.8214422572178477,,1.0
2017-06-21,2017,PHI,STL,491183.0,,0.8183991239371297,,0.0
2017-06-22,2017,LAD,NYM,491193.0,,0.7927912087912087,,1.0
2017-06-22,2017,SEA,DET,491190.0,,,,
2017-06-23,2017,WSN,CIN,491200.0,0.8395500108956199,,0.0,
2017-06-23,2017,SDP,DET,491202.0,,0.7388527519656898,,0.0
2017-06-24,2017,CHW,ATH,491223.0,,,,
2017-06-25,2017,NYY,TEX,491241.0,0.8202754182754183,,0.0,
2017-06-26,2017,STL,CIN,490449.0,0.7874523985239853,,1.0,
2017-06-27,2017,HOU,ATH,491260.0,0.8076492190797804,,1.0,
2017-06-27,2017,MIA,NYM,491258.0,,0.7831520607375272,,0.0
2017-06-27,2017,SEA,PHI,491261.0,0.8133416617093001,,0.0,
2017-06-28,2017,WSN,CHC,491267.0,0.8458744048968488,,0.0,
2017-06-28,2017,DET,KCR,491269.0,0.7777460915426634,,0.0,
2017-06-28,2017,MIA,NYM,491273.0,,0.8172809667673715,,1.0
2017-06-29,2017,CHW,NYY,491288.0,0.7293866886688668,,0.0,
2017-06-29,2017,HOU,ATH,491289.0,,0.798615665356541,,0.0
2017-06-29,2017,DET,KCR,491283.0,0.7497785316210323,,0.0,
2017-06-29,2017,CLE,TEX,491292.0,,0.7844368062317431,,0.0
2017-06-30,2017,HOU,NYY,491301.0,,0.7800062199604184,,0.0
2017-07-01,2017,STL,WSN,491322.0,0.8161667688534642,,1.0,
2017-07-02,2017,LAA,SEA,491334.0,,0.795040071237756,,0.0
2017-07-02,2017,HOU,NYY,491331.0,0.8044916235780767,,0.0,
2017-07-03,2017,SEA,KCR,491342.0,0.8133416617093,,0.0,
2017-07-03,2017,WSN,NYM,491345.0,,,,
2017-07-04,2017,DET,SFG,491360.0,0.7655504784221832,,0.0,
2017-07-04,2017,ATH,CHW,491351.0,,,,
2017-07-05,2017,TEX,BOS,491365.0,0.7721344436398745,,0.0,
2017-07-05,2017,NYY,TOR,491377.0,0.8247050872450232,,0.0,
2017-07-05,2017,DET,SFG,491375.0,0.85478231292517,,1.0,
2017-07-06,2017,STL,MIA,491384.0,0.7966048284625159,,0.0,
2017-07-07,2017,SEA,ATH,491401.0,0.7865131964809384,,1.0,
2017-07-08,2017,WSN,ATL,491404.0,0.8092984742530197,,0.0,
2017-07-08,2017,SEA,ATH,491416.0,0.8133416617093001,,0.0,
2017-07-08,2017,TOR,HOU,491410.0,,0.8238358298382265,,0.0
2017-07-09,2017,SEA,ATH,491431.0,,0.7741529301891197,,0.0
2017-07-09,2017,STL,NYM,491430.0,,0.7872155132373433,,0.0
2017-07-09,2017,CLE,DET,491424.0,,0.7644127942063971,,0.0
2017-07-14,2017,CHW,SEA,491444.0,,,,
2017-07-15,2017,DET,TOR,491463.0,0.738685993485342,,1.0,
2017-07-16,2017,CHW,SEA,491474.0,,0.7834146134239592,,1.0
2017-07-16,2017,NYM,COL,491468.0,0.8012696903856599,,0.0,
2017-07-16,2017,HOU,MIN,491470.0,0.8258015448603685,,0.0,
2017-07-17,2017,CIN,WSN,491492.0,,0.8429674455237596,,0.0
2017-07-17,2017,BAL,TEX,491490.0,,0.7661488608714886,,0.0
2017-07-17,2017,ATH,TBR,491489.0,0.7982526595744681,,0.0,
2017-07-18,2017,NYM,STL,491503.0,,0.8094645550527902,,0.0
2017-07-19,2017,HOU,SEA,491517.0,,0.7959971762807584,,0.0
2017-07-20,2017,KCR,DET,491525.0,,0.7376014040561623,,1.0
2017-07-21,2017,BAL,HOU,491536.0,,0.8331018076044048,,0.0
2017-07-21,2017,SEA,NYY,491539.0,0.7819823710885854,,1.0,
2017-07-21,2017,NYM,ATH,491540.0,0.8061404411764705,,0.0,
2017-07-21,2017,KCR,CHW,491534.0,,0.7409225517890772,,0.0
2017-07-22,2017,ARI,WSN,491561.0,0.803237037037037,,0.0,
2017-07-22,2017,TBR,TEX,491559.0,,0.7850465465465466,,0.0
2017-07-22,2017,CIN,MIA,491552.0,0.7704205655526991,,1.0,
2017-07-23,2017,NYM,ATH,491570.0,,0.7756353236607143,,0.0
2017-07-23,2017,CHC,STL,491573.0,,0.8061401440733466,,1.0
2017-07-23,2017,ARI,WSN,491576.0,,0.8459625498007968,,1.0
2017-07-24,2017,SEA,BOS,491579.0,0.80900806785271,,0.0,
2017-07-25,2017,DET,KCR,491596.0,0.8155012321340562,,1.0,
2017-07-26,2017,CHW,CHC,491607.0,0.7184288781535157,,0.0,
2017-07-26,2017,SEA,BOS,491606.0,0.7830759781619654,,1.0,
2017-07-26,2017,SDP,NYM,491616.0,,0.7828722667243992,,0.0
2017-07-26,2017,PHI,HOU,491610.0,,0.8219674342870434,,0.0
2017-07-27,2017,WSN,MIL,491623.0,,0.7533636363636362,,0.0
2017-07-27,2017,MIA,CIN,491621.0,,0.7616772655007948,,1.0
2017-07-28,2017,STL,ARI,491627.0,0.799411233053583,,1.0,
2017-07-28,2017,TEX,BAL,491629.0,0.7844368062317431,,0.0,
2017-07-28,2017,ATH,MIN,491637.0,0.7460205058099796,,1.0,
2017-07-30,2017,SEA,NYM,491668.0,0.7797864262990456,,0.0,
2017-07-31,2017,CHW,TOR,491679.0,0.6964434285714285,,0.0,
2017-07-31,2017,NYY,DET,491674.0,,0.7412694624652457,,0.0
2017-08-01,2017,COL,NYM,491688.0,,0.8145919496855346,,0.0
2017-08-01,2017,HOU,TBR,491693.0,0.8193207671957673,,0.0,
2017-08-02,2017,SFG,ATH,491704.0,,0.7050709484690068,,1.0
2017-08-02,2017,TEX,SEA,491706.0,0.8063147948164148,,1.0,
2017-08-02,2017,PIT,CIN,491697.0,,0.7993084849813638,,0.0
2017-08-03,2017,MIL,STL,491721.0,,0.8061800452232901,,0.0
2017-08-04,2017,SFG,ARI,491724.0,,0.8330423469387754,,1.0
2017-08-04,2017,KCR,SEA,491734.0,,0.7635864318330072,,0.0
2017-08-05,2017,BOS,CHW,491740.0,,0.759102024291498,,1.0
2017-08-06,2017,HOU,TOR,491767.0,0.8180631260191008,,0.0,
2017-08-06,2017,NYM,LAD,491757.0,0.8263870346598202,,1.0,
2017-08-08,2017,KCR,STL,491789.0,,0.835644510828977,,1.0
2017-08-10,2017,ARI,LAD,491811.0,0.8392417582417582,,0.0,
2017-08-10,2017,SEA,LAA,491810.0,0.7768936719758933,,1.0,
2017-08-12,2017,PHI,NYM,491844.0,,0.7658020028612303,,0.0
2017-08-12,2017,TEX,HOU,491840.0,,0.829855665143132,,0.0
2017-08-12,2017,CHW,KCR,491841.0,0.7265857491194797,,0.0,
2017-08-13,2017,STL,ATL,491848.0,0.8142545025095954,,0.0,
2017-08-13,2017,TEX,HOU,491855.0,0.721514705882353,,1.0,
2017-08-14,2017,TEX,DET,491866.0,,0.7836032202415182,,1.0
2017-08-15,2017,SEA,BAL,491874.0,0.7673500000000001,,1.0,
2017-08-15,2017,ARI,HOU,491879.0,0.8233590087073008,,0.0,
2017-08-16,2017,NYM,NYY,491897.0,0.7801629364368845,,1.0,
2017-08-17,2017,HOU,ARI,491903.0,0.831535162094763,,1.0,
2017-08-17,2017,NYM,NYY,491908.0,0.7684941695556256,,0.0,
2017-08-18,2017,TEX,CHW,491914.0,,,,
2017-08-18,2017,BAL,LAA,491917.0,,0.7555106940200785,,0.0
2017-08-19,2017,SDP,WSN,491942.0,,0.801624479600333,,1.0
2017-08-19,2017,DET,LAD,491933.0,0.829007702763933,,1.0,
2017-08-19,2017,ATL,CIN,491930.0,,0.7938523516570749,,0.0
2017-08-19,2017,PIT,STL,491940.0,,0.8144437482198803,,0.0
2017-08-21,2017,NYM,ARI,491958.0,0.7801837479270315,,0.0,
2017-08-21,2017,ATL,SEA,491964.0,,0.8019202244449866,,0.0
2017-08-23,2017,BAL,ATH,491990.0,,0.8024137841352406,,0.0
2017-08-23,2017,CHW,MIN,491988.0,0.7529913519746323,,0.0,
2017-08-23,2017,LAA,TEX,491993.0,,,,
2017-08-23,2017,HOU,WSN,491995.0,0.8269755574614065,,0.0,
2017-08-24,2017,DET,NYY,492003.0,0.795494451294698,,1.0,
2017-08-24,2017,HOU,WSN,492007.0,,0.8196812286689419,,1.0
2017-08-25,2017,CIN,PIT,492017.0,0.8141202531645572,,0.0,
2017-08-25,2017,STL,TBR,492021.0,0.7995066119471044,,0.0,
2017-08-26,2017,WSN,NYM,492031.0,,0.8301251149954001,,1.0
2017-08-27,2017,NYY,SEA,492050.0,,0.7956168001731977,,0.0
2017-08-28,2017,LAA,ATH,492058.0,,,,
2017-08-29,2017,COL,DET,492067.0,,0.6858927963698241,,0.0
2017-08-29,2017,MIN,CHW,492065.0,,0.7262134193548386,,0.0
2017-08-29,2017,HOU,TEX,492077.0,0.839692230576441,,1.0,
2017-08-30,2017,HOU,TEX,492092.0,,0.7765261641862699,,1.0
2017-08-30,2017,WSN,MIA,492084.0,0.7897212996389891,,1.0,
2017-08-31,2017,CIN,NYM,492097.0,0.7947233724120729,,0.0,
2017-08-31,2017,SFG,STL,492099.0,,0.819916001877053,,0.0
2017-09-03,2017,TEX,LAA,492139.0,,0.7384175999999999,,1.0
2017-09-03,2017,SEA,ATH,492142.0,,,,
2017-09-03,2017,HOU,NYM,492141.0,0.8228622615169847,,0.0,
2017-09-04,2017,CHW,CLE,492150.0,0.7386596919500145,,0.0,
2017-09-04,2017,ATL,TEX,492160.0,,0.7591693989071039,,0.0
2017-09-05,2017,PIT,CHC,492164.0,0.7455127892813642,,0.0,
2017-09-05,2017,MIA,WSN,492177.0,,0.8205287510029421,,0.0
2017-09-05,2017,SDP,STL,492174.0,,0.832593396226415,,1.0
2017-09-05,2017,CIN,MIL,492169.0,0.7859597651152674,,0.0,
2017-09-06,2017,NYM,PHI,492187.0,0.7167697325505543,,0.0,
2017-09-06,2017,SEA,HOU,492181.0,0.8234772542648253,,0.0,
2017-09-09,2017,TEX,NYY,492225.0,0.7575964667596466,,0.0,
2017-09-09,2017,CHW,SFG,492229.0,0.7281970233876682,,0.0,
2017-09-09,2017,ATH,HOU,490275.0,0.7492714971628108,,0.0,
2017-09-09,2017,ATH,HOU,492220.0,0.7492714971628108,,0.0,
2017-09-09,2017,ATH,HOU,490275.0,0.7492714971628108,,0.0,
2017-09-09,2017,ATH,HOU,492220.0,0.7492714971628108,,0.0,
2017-09-09,2017,ATH,HOU,490275.0,0.7492714971628108,,0.0,
2017-09-09,2017,ATH,HOU,492220.0,0.7492714971628108,,0.0,
2017-09-09,2017,ATH,HOU,490275.0,0.7492714971628108,,0.0,
2017-09-09,2017,ATH,HOU,492220.0,0.7492714971628108,,0.0,
2017-09-09,2017,ATH,HOU,490275.0,0.7492714971628108,,0.0,
2017-09-09,2017,ATH,HOU,492220.0,0.7492714971628108,,0.0,
2017-09-09,2017,ATH,HOU,490275.0,0.7492714971628108,,0.0,
2017-09-09,2017,ATH,HOU,492220.0,0.7492714971628108,,0.0,
2017-09-09,2017,ATH,HOU,490275.0,0.7492714971628108,,0.0,
2017-09-09,2017,ATH,HOU,492220.0,0.7492714971628108,,0.0,
2017-09-09,2017,ATH,HOU,490275.0,0.7492714971628108,,0.0,
2017-09-09,2017,ATH,HOU,492220.0,0.7492714971628108,,0.0,
2017-09-09,2017,ATH,HOU,490275.0,0.7492714971628108,,0.0,
2017-09-09,2017,ATH,HOU,492220.0,0.7492714971628108,,0.0,
2017-09-09,2017,ATH,HOU,490275.0,0.7492714971628108,,0.0,
2017-09-09,2017,ATH,HOU,492220.0,0.7492714971628108,,0.0,
2017-09-09,2017,ATH,HOU,490275.0,0.7492714971628108,,0.0,
2017-09-09,2017,ATH,HOU,492220.0,0.7492714971628108,,0.0,
2017-09-09,2017,ATH,HOU,490275.0,0.7492714971628108,,0.0,
2017-09-09,2017,ATH,HOU,492220.0,0.7492714971628108,,0.0,
2017-09-09,2017,ATH,HOU,490275.0,0.7492714971628108,,0.0,
2017-09-09,2017,ATH,HOU,492220.0,0.7492714971628108,,0.0,
2017-09-09,2017,ATH,HOU,490275.0,0.7492714971628108,,0.0,
2017-09-09,2017,ATH,HOU,492220.0,0.7492714971628108,,0.0,
2017-09-09,2017,ATH,HOU,490275.0,0.7492714971628108,,0.0,
2017-09-09,2017,ATH,HOU,492220.0,0.7492714971628108,,0.0,
2017-09-09,2017,ATH,HOU,490275.0,0.7492714971628108,,0.0,
2017-09-09,2017,ATH,HOU,492220.0,0.7492714971628108,,0.0,
2017-09-09,2017,SEA,LAA,492221.0,,,,
2017-09-10,2017,STL,PIT,492242.0,0.7382963743676223,,0.0,
2017-09-10,2017,WSN,PHI,492241.0,0.7859739583333334,,0.0,
2017-09-11,2017,MIL,PIT,492252.0,,0.7552574742268041,,0.0
2017-09-12,2017,CHC,NYM,492263.0,,0.7578491921005385,,1.0
2017-09-12,2017,STL,CIN,492257.0,,0.7660767603505592,,0.0
2017-09-13,2017,LAA,HOU,492275.0,,0.8138826907301067,,1.0
2017-09-14,2017,TEX,SEA,492294.0,0.6948076923076923,,0.0,
2017-09-14,2017,DET,CHW,492286.0,,0.7338713968957872,,1.0
2017-09-14,2017,BOS,ATH,492293.0,,0.7433012875536481,,1.0
2017-09-15,2017,HOU,SEA,492307.0,,0.8363545748116255,,0.0
2017-09-15,2017,MIL,MIA,,,,0.0,0.0
2017-09-15,2017,PHI,ATH,492304.0,,0.7898089041095889,,0.0
2017-09-16,2017,MIL,MIA,,,,1.0,0.0
2017-09-16,2017,CHC,STL,492323.0,,0.8171239606953893,,0.0
2017-09-17,2017,WSN,LAD,492331.0,0.8305341343528128,,1.0,
2017-09-17,2017,HOU,SEA,492337.0,,0.8363545748116255,,0.0
2017-09-17,2017,ATL,NYM,492333.0,,0.7161497900139991,,0.0
2017-09-17,2017,CIN,PIT,492335.0,0.8393016318204999,,0.0,
2017-09-17,2017,MIL,MIA,,,,1.0,0.0
2017-09-19,2017,DET,ATH,492359.0,,0.773931007751938,,1.0
2017-09-20,2017,DET,ATH,492374.0,,0.7715069013112491,,0.0
2017-09-20,2017,PIT,MIL,492371.0,0.7574660109289618,,0.0,
2017-09-20,2017,HOU,CHW,492366.0,,0.7321792300226464,,0.0
2017-09-20,2017,SEA,TEX,492376.0,,0.7645082329810764,,0.0
2017-09-21,2017,SEA,TEX,492387.0,0.7865131964809384,,1.0,
2017-09-22,2017,DET,MIN,492396.0,0.7088313924050633,,0.0,
2017-09-22,2017,PIT,STL,492400.0,,0.7966952675807165,,0.0
2017-09-22,2017,NYM,WSN,492403.0,0.7231195732155997,,0.0,
2017-09-23,2017,NYM,WSN,492418.0,,0.803617136940202,,0.0
2017-09-23,2017,SEA,CLE,492406.0,0.8193578104138851,,0.0,
2017-09-23,2017,CIN,BOS,492404.0,0.8338799097065464,,0.0,
2017-09-25,2017,ATH,SEA,492441.0,0.7540608132421734,,0.0,
2017-09-25,2017,CHW,LAA,492437.0,0.6885179786200194,,0.0,
2017-09-25,2017,TEX,HOU,492436.0,0.7349118607181719,,0.0,
2017-09-26,2017,ATH,SEA,492455.0,,,,
2017-09-27,2017,NYM,ATL,492459.0,0.7503353765323992,,1.0,
2017-09-27,2017,STL,CHC,492461.0,0.8098648974668274,,0.0,
2017-09-28,2017,KCR,DET,492477.0,,0.7318122775800712,,1.0
2017-09-29,2017,CHC,CIN,492488.0,,0.8237966573816154,,1.0
2017-09-29,2017,WSN,PIT,492495.0,0.8401376481312671,,0.0,
2017-09-30,2017,LAA,SEA,492512.0,,0.8233278154000502,,0.0
2017-09-30,2017,TEX,ATH,492509.0,,,,
2018-03-29,2018,KCR,CHW,529408.0,,0.7721754385964912,,1.0
2018-03-31,2018,SEA,CLE,529433.0,0.7330304173543976,,0.0,
2018-03-31,2018,CIN,WSN,529444.0,,0.7977333333333334,,0.0
2018-03-31,2018,ATH,LAA,529436.0,0.8115458023379384,,0.0,
2018-03-31,2018,BAL,MIN,529438.0,0.7344054820415878,,0.0,
2018-03-31,2018,NYM,STL,529443.0,,0.7962546216885839,,0.0
2018-03-31,2018,TBR,BOS,529430.0,0.7366751906684611,,0.0,
2018-04-01,2018,ATH,LAA,529450.0,0.8013963855421686,,0.0,
2018-04-01,2018,DET,PIT,529441.0,0.7023753588516747,,0.0,
2018-04-01,2018,DET,PIT,529453.0,0.7023753588516747,,0.0,
2018-04-01,2018,DET,PIT,529441.0,0.7023753588516747,,0.0,
2018-04-01,2018,DET,PIT,529453.0,0.7023753588516747,,0.0,
2018-04-01,2018,DET,PIT,529441.0,0.7023753588516747,,0.0,
2018-04-01,2018,DET,PIT,529453.0,0.7023753588516747,,0.0,
2018-04-01,2018,DET,PIT,529441.0,0.7023753588516747,,0.0,
2018-04-01,2018,DET,PIT,529453.0,0.7023753588516747,,0.0,
2018-04-01,2018,NYM,STL,529455.0,0.74263806352459,,0.0,
2018-04-01,2018,DET,PIT,529441.0,0.7023753588516747,,0.0,
2018-04-01,2018,DET,PIT,529453.0,0.7023753588516747,,0.0,
2018-04-01,2018,DET,PIT,529441.0,0.7023753588516747,,0.0,
2018-04-01,2018,DET,PIT,529453.0,0.7023753588516747,,0.0,
2018-04-01,2018,DET,PIT,529441.0,0.7023753588516747,,0.0,
2018-04-01,2018,DET,PIT,529453.0,0.7023753588516747,,0.0,
2018-04-01,2018,DET,PIT,529441.0,0.7023753588516747,,0.0,
2018-04-01,2018,DET,PIT,529453.0,0.7023753588516747,,0.0,
2018-04-02,2018,ATH,TEX,529469.0,0.7836597462514416,,0.0,
2018-04-05,2018,PIT,CIN,529500.0,0.7731677464136973,,0.0,
2018-04-05,2018,NYY,BAL,529498.0,,0.7329129818594103,,0.0
2018-04-05,2018,ATH,TEX,529507.0,0.740495269436446,,1.0,
2018-04-05,2018,WSN,NYM,529504.0,0.804876762275158,,0.0,
2018-04-05,2018,MIN,SEA,529505.0,,0.7421125998454007,,0.0
2018-04-05,2018,CHW,DET,529502.0,0.7180309930423783,,0.0,
2018-04-06,2018,LAA,ATH,529514.0,,0.8013963855421685,,0.0
2018-04-07,2018,STL,ARI,529517.0,0.8033987807441664,,0.0,
2018-04-07,2018,CHW,DET,529522.0,,0.6713411022092741,,0.0
2018-04-07,2018,LAA,ATH,529527.0,,0.811441298192115,,0.0
2018-04-07,2018,WSN,NYM,529526.0,,0.7308080326752894,,1.0
2018-04-08,2018,BOS,TBR,529545.0,,0.7383293801745358,,0.0
2018-04-08,2018,CHW,DET,529537.0,,0.7089982398793062,,0.0
2018-04-10,2018,WSN,ATL,529561.0,0.7914912496918906,,0.0,
2018-04-10,2018,BAL,TOR,529573.0,0.739789058649581,,0.0,
2018-04-11,2018,CHW,TBR,529587.0,0.7335173322521792,,0.0,
2018-04-11,2018,CHC,PIT,529584.0,,0.7428722627737228,,1.0
2018-04-11,2018,LAD,ATH,529583.0,,0.7075410225921522,,1.0
2018-04-11,2018,KCR,SEA,529586.0,,0.7197250233426703,,1.0
2018-04-11,2018,SFG,ARI,529574.0,0.7602947470817121,,1.0,
2018-04-12,2018,CLE,DET,529591.0,,0.6862160092807426,,0.0
2018-04-12,2018,CIN,STL,529596.0,,0.7792172604114399,,0.0
2018-04-13,2018,SEA,ATH,529605.0,,0.7981900728776836,,0.0
2018-04-13,2018,KCR,LAA,529602.0,,0.8252255458515284,,0.0
2018-04-13,2018,NYM,MIL,529603.0,0.7654190503432493,,0.0,
2018-04-13,2018,DET,NYY,529604.0,0.7847391882900865,,1.0,
2018-04-15,2018,WSN,COL,529631.0,0.7875319548872179,,1.0,
2018-04-16,2018,SEA,HOU,529646.0,0.7371234318089842,,1.0,
2018-04-16,2018,ATH,CHW,529643.0,0.7950196493931804,,0.0,
2018-04-16,2018,PIT,COL,529645.0,0.7913839652809502,,0.0,
2018-04-17,2018,DET,BAL,529654.0,,0.7194801610120759,,1.0
2018-04-18,2018,NYM,WSN,529682.0,0.757196261682243,,0.0,
2018-04-18,2018,ATH,CHW,529671.0,0.7933495145631068,,0.0,
2018-04-20,2018,DET,KCR,529488.0,0.6709687334393216,,0.0,
2018-04-20,2018,DET,KCR,529696.0,0.6709687334393216,,0.0,
2018-04-20,2018,DET,KCR,529488.0,0.6709687334393216,,0.0,
2018-04-20,2018,DET,KCR,529696.0,0.6709687334393216,,0.0,
2018-04-20,2018,DET,KCR,529488.0,0.6709687334393216,,0.0,
2018-04-20,2018,DET,KCR,529696.0,0.6709687334393216,,0.0,
2018-04-20,2018,DET,KCR,529488.0,0.6709687334393216,,0.0,
2018-04-20,2018,DET,KCR,529696.0,0.6709687334393216,,0.0,
2018-04-20,2018,DET,KCR,529488.0,0.6709687334393216,,0.0,
2018-04-20,2018,DET,KCR,529696.0,0.6709687334393216,,0.0,
2018-04-20,2018,DET,KCR,529488.0,0.6709687334393216,,0.0,
2018-04-20,2018,DET,KCR,529696.0,0.6709687334393216,,0.0,
2018-04-20,2018,DET,KCR,529488.0,0.6709687334393216,,0.0,
2018-04-20,2018,DET,KCR,529696.0,0.6709687334393216,,0.0,
2018-04-20,2018,DET,KCR,529488.0,0.6709687334393216,,0.0,
2018-04-20,2018,DET,KCR,529696.0,0.6709687334393216,,0.0,
2018-04-20,2018,DET,KCR,529488.0,0.6709687334393216,,0.0,
2018-04-20,2018,DET,KCR,529696.0,0.6709687334393216,,0.0,
2018-04-20,2018,DET,KCR,529488.0,0.6709687334393216,,0.0,
2018-04-20,2018,DET,KCR,529696.0,0.6709687334393216,,0.0,
2018-04-20,2018,DET,KCR,529488.0,0.6709687334393216,,0.0,
2018-04-20,2018,DET,KCR,529696.0,0.6709687334393216,,0.0,
2018-04-20,2018,DET,KCR,529488.0,0.6709687334393216,,0.0,
2018-04-20,2018,DET,KCR,529696.0,0.6709687334393216,,0.0,
2018-04-20,2018,DET,KCR,529488.0,0.6709687334393216,,0.0,
2018-04-20,2018,DET,KCR,529696.0,0.6709687334393216,,0.0,
2018-04-20,2018,DET,KCR,529488.0,0.6709687334393216,,0.0,
2018-04-20,2018,DET,KCR,529696.0,0.6709687334393216,,0.0,
2018-04-20,2018,DET,KCR,529488.0,0.6709687334393216,,0.0,
2018-04-20,2018,DET,KCR,529696.0,0.6709687334393216,,0.0,
2018-04-20,2018,DET,KCR,529488.0,0.6709687334393216,,0.0,
2018-04-20,2018,DET,KCR,529696.0,0.6709687334393216,,0.0,
2018-04-20,2018,LAA,SFG,529702.0,0.7456490444278977,,0.0,
2018-04-20,2018,STL,CIN,529693.0,0.8645295875672446,,1.0,
2018-04-20,2018,CHW,HOU,529695.0,0.7127720753025548,,0.0,
2018-04-21,2018,LAD,WSN,529720.0,,0.7854997011356845,,1.0
2018-04-21,2018,PHI,PIT,529715.0,,0.7655930169121657,,0.0
2018-04-21,2018,TEX,SEA,529718.0,,0.7532476910159529,,0.0
2018-04-21,2018,DET,KCR,529711.0,0.7555287009063445,,1.0,
2018-04-22,2018,BAL,CLE,529724.0,0.7103252766453116,,0.0,
2018-04-22,2018,ATH,BOS,529721.0,0.7510092850510679,,1.0,
2018-04-24,2018,TEX,ATH,529755.0,,0.743014450867052,,1.0
2018-04-25,2018,CHW,SEA,529772.0,0.7045118590467585,,0.0,
2018-04-25,2018,STL,NYM,529769.0,,,,
2018-04-26,2018,CLE,SEA,529783.0,,0.7463677889770535,,0.0
2018-04-26,2018,PIT,DET,529779.0,,0.6776901193802388,,0.0
2018-04-27,2018,WSN,ARI,529785.0,0.7814552036199095,,0.0,
2018-04-27,2018,PIT,STL,529797.0,0.7764277123527937,,0.0,
2018-04-27,2018,LAA,NYY,529794.0,0.7986806318681318,,0.0,
2018-04-27,2018,BAL,DET,529790.0,,0.6779056265411344,,0.0
2018-04-28,2018,BAL,DET,529805.0,0.7508802816901409,,1.0,
2018-04-28,2018,HOU,ATH,529810.0,,0.7898681672025724,,0.0
2018-04-29,2018,BAL,DET,529820.0,,0.6862160092807426,,0.0
2018-05-01,2018,SEA,ATH,529849.0,,0.7900476286579212,,0.0
2018-05-01,2018,STL,CHW,529843.0,,,,
2018-05-01,2018,SFG,SDP,529852.0,0.7260726823238566,,0.0,
2018-05-02,2018,WSN,PIT,529866.0,0.779618498734889,,0.0,
2018-05-02,2018,DET,TBR,529868.0,0.7725123652504755,,1.0,
2018-05-02,2018,LAA,BAL,529857.0,0.748980089153046,,0.0,
2018-05-02,2018,SEA,ATH,529864.0,0.7492094324540368,,1.0,
2018-05-03,2018,KCR,DET,529874.0,,0.7725123652504755,,1.0
2018-05-04,2018,ATH,BAL,529880.0,,,,
2018-05-04,2018,TBR,TOR,529894.0,0.7474342507645261,,1.0,
2018-05-05,2018,NYM,COL,529899.0,0.7702944052145573,,0.0,
2018-05-06,2018,CHW,MIN,529921.0,0.7073896724294814,,0.0,
2018-05-06,2018,ATH,BAL,529911.0,0.7845608810932082,,0.0,
2018-05-06,2018,STL,CHC,529913.0,0.8125971502590674,,1.0,
2018-05-06,2018,ATL,SFG,529924.0,,0.7189401554404146,,0.0
2018-05-07,2018,SDP,WSN,529932.0,,0.8044778576396939,,0.0
2018-05-07,2018,TEX,DET,529926.0,,0.7559993265993267,,1.0
2018-05-08,2018,COL,LAA,529940.0,,0.7967572304995617,,0.0
2018-05-08,2018,TEX,DET,529937.0,,0.7745602649006622,,1.0
2018-05-08,2018,TOR,SEA,529946.0,,0.7682613569321534,,0.0
2018-05-09,2018,ATH,HOU,529953.0,0.7976316942066493,,0.0,
2018-05-09,2018,BAL,KCR,529954.0,0.7501312949640287,,1.0,
2018-05-11,2018,PHI,NYM,529979.0,,0.7811200762388818,,0.0
2018-05-11,2018,PIT,SFG,529981.0,,0.7324982403217697,,0.0
2018-05-12,2018,NYY,ATH,529995.0,,0.7900476286579212,,0.0
2018-05-12,2018,ARI,WSN,530001.0,,0.8042186503067484,,0.0
2018-05-12,2018,DET,SEA,529982.0,0.6790723919625653,,0.0,
2018-05-12,2018,DET,SEA,529997.0,0.6790723919625653,,0.0,
2018-05-12,2018,DET,SEA,529982.0,0.6790723919625653,,0.0,
2018-05-12,2018,DET,SEA,529997.0,0.6790723919625653,,0.0,
2018-05-12,2018,DET,SEA,529982.0,0.6790723919625653,,0.0,
2018-05-12,2018,DET,SEA,529997.0,0.6790723919625653,,0.0,
2018-05-12,2018,DET,SEA,529982.0,0.6790723919625653,,0.0,
2018-05-12,2018,DET,SEA,529997.0,0.6790723919625653,,0.0,
2018-05-12,2018,DET,SEA,529982.0,0.6790723919625653,,0.0,
2018-05-12,2018,DET,SEA,529997.0,0.6790723919625653,,0.0,
2018-05-12,2018,DET,SEA,529982.0,0.6790723919625653,,0.0,
2018-05-12,2018,DET,SEA,529997.0,0.6790723919625653,,0.0,
2018-05-12,2018,DET,SEA,529982.0,0.6790723919625653,,0.0,
2018-05-12,2018,DET,SEA,529997.0,0.6790723919625653,,0.0,
2018-05-12,2018,DET,SEA,529982.0,0.6790723919625653,,0.0,
2018-05-12,2018,DET,SEA,529997.0,0.6790723919625653,,0.0,
2018-05-12,2018,CHC,CHW,529989.0,,0.7620392156862745,,1.0
2018-05-12,2018,SDP,STL,529998.0,,0.7689471421345473,,0.0
2018-05-13,2018,DET,SEA,530012.0,,0.7477547907704342,,1.0
2018-05-14,2018,DET,CLE,530018.0,0.6550625514403293,,0.0,
2018-05-14,2018,LAA,HOU,530020.0,0.7845666400638468,,0.0,
2018-05-15,2018,BOS,ATH,530033.0,,0.7959267362505017,,0.0
2018-05-15,2018,KCR,TBR,530036.0,,0.7176327098078867,,0.0
2018-05-16,2018,BAL,PHI,530048.0,0.7270608465608466,,0.0,
2018-05-16,2018,SFG,CIN,530041.0,0.7192667549668874,,0.0,
2018-05-17,2018,TOR,ATH,530057.0,,0.7976316942066493,,0.0
2018-05-17,2018,CHW,TEX,530061.0,0.6988575186321788,,0.0,
2018-05-18,2018,SEA,DET,530067.0,,0.6958502316006177,,0.0
2018-05-18,2018,STL,PHI,530073.0,0.7663802978235967,,0.0,
2018-05-19,2018,NYM,ARI,530077.0,0.7387505341880342,,1.0,
2018-05-19,2018,SEA,DET,530082.0,,,,
2018-05-19,2018,LAA,TBR,530090.0,0.7986806318681319,,0.0,
2018-05-20,2018,TOR,ATH,530102.0,,0.7613723669309173,,0.0
2018-05-20,2018,WSN,LAD,530098.0,0.7809908623643631,,1.0,
2018-05-21,2018,CHW,BAL,530109.0,,0.7338920758385998,,1.0
2018-05-22,2018,CHW,BAL,530118.0,0.7165234393976196,,0.0,
2018-05-22,2018,HOU,SFG,530129.0,,0.7339997306760033,,0.0
2018-05-23,2018,ATH,SEA,530145.0,0.7459991138679662,,1.0,
2018-05-23,2018,MIN,DET,530137.0,,0.6832652049073349,,0.0
2018-05-23,2018,STL,KCR,530138.0,0.8006787228030516,,0.0,
2018-05-24,2018,MIL,NYM,530151.0,,0.7832084893882647,,0.0
2018-05-25,2018,NYY,LAA,530161.0,,0.8098840489524994,,0.0
2018-05-25,2018,SEA,MIN,530162.0,0.7537077025823687,,0.0,
2018-05-25,2018,DET,CHW,530157.0,0.6786433944522803,,0.0,
2018-05-26,2018,ATH,ARI,530169.0,0.7880631176999101,,0.0,
2018-05-26,2018,TBR,BAL,530171.0,,0.7329168804515136,,0.0
2018-05-27,2018,DET,CHW,530187.0,,0.6954396766169154,,1.0
2018-05-27,2018,MIA,WSN,530198.0,,0.8121839598997493,,0.0
2018-05-28,2018,COL,SFG,530208.0,,0.7268383311603651,,0.0
2018-05-29,2018,DET,LAA,530218.0,0.6786433944522802,,0.0,
2018-05-29,2018,ATH,TBR,530225.0,0.7431185254316378,,1.0,
2018-05-29,2018,ATL,NYM,530221.0,,0.7676115660184237,,0.0
2018-05-29,2018,MIL,STL,530224.0,,0.7911773011132229,,0.0
2018-05-30,2018,SEA,TEX,530241.0,0.7425016835016836,,1.0,
2018-05-30,2018,DET,LAA,530233.0,0.679546879373076,,0.0,
2018-05-31,2018,DET,LAA,530247.0,,0.7373201235203294,,1.0
2018-05-31,2018,ATH,TBR,530252.0,0.813978986135182,,0.0,
2018-06-01,2018,BAL,NYY,530262.0,0.7390467153284671,,0.0,
2018-06-01,2018,ATL,WSN,530269.0,,0.814898789346247,,0.0
2018-06-02,2018,CHW,MIL,530276.0,0.741398071256362,,0.0,
2018-06-02,2018,SFG,PHI,530279.0,0.7106901756311745,,0.0,
2018-06-03,2018,DET,TOR,530298.0,0.6966730917501928,,0.0,
2018-06-03,2018,STL,PIT,530295.0,0.7911773011132229,,0.0,
2018-06-03,2018,NYM,CHC,530286.0,0.6962900136798905,,1.0,
2018-06-03,2018,KCR,ATH,530293.0,,0.7918360225897539,,0.0
2018-06-04,2018,DET,NYY,529619.0,0.6769715198296514,,0.0,
2018-06-04,2018,DET,NYY,529634.0,0.6769715198296514,,0.0,
2018-06-04,2018,DET,NYY,529619.0,0.6769715198296514,,0.0,
2018-06-04,2018,DET,NYY,529634.0,0.6769715198296514,,0.0,
2018-06-04,2018,DET,NYY,529619.0,0.6769715198296514,,0.0,
2018-06-04,2018,DET,NYY,529634.0,0.6769715198296514,,0.0,
2018-06-04,2018,DET,NYY,529619.0,0.6769715198296514,,0.0,
2018-06-04,2018,DET,NYY,529634.0,0.6769715198296514,,0.0,
2018-06-04,2018,DET,NYY,529619.0,0.6769715198296514,,0.0,
2018-06-04,2018,DET,NYY,529634.0,0.6769715198296514,,0.0,
2018-06-04,2018,DET,NYY,529619.0,0.6769715198296514,,0.0,
2018-06-04,2018,DET,NYY,529634.0,0.6769715198296514,,0.0,
2018-06-04,2018,DET,NYY,529619.0,0.6769715198296514,,0.0,
2018-06-04,2018,DET,NYY,529634.0,0.6769715198296514,,0.0,
2018-06-04,2018,DET,NYY,529619.0,0.6769715198296514,,0.0,
2018-06-04,2018,DET,NYY,529634.0,0.6769715198296514,,0.0,
2018-06-05,2018,CIN,COL,530307.0,0.8042298056155507,,1.0,
2018-06-05,2018,BOS,DET,530308.0,0.8059922194125656,,0.0,
2018-06-05,2018,HOU,SEA,530316.0,,0.7523013548150862,,1.0
2018-06-05,2018,LAA,KCR,530309.0,0.8000983875375786,,0.0,
2018-06-06,2018,TEX,ATH,530329.0,,0.7925147482812154,,0.0
2018-06-07,2018,PIT,LAD,530339.0,,0.8214879189399844,,0.0
2018-06-07,2018,MIN,CHW,530334.0,,0.7505287042099508,,0.0
2018-06-08,2018,TOR,BAL,530345.0,,0.7732713915298186,,1.0
2018-06-08,2018,WSN,SFG,530355.0,,,,
2018-06-08,2018,DET,CLE,530347.0,0.69862247446084,,0.0,
2018-06-09,2018,DET,CLE,530362.0,0.6732669616519175,,0.0,
2018-06-09,2018,CIN,STL,530372.0,,0.7864155844155845,,0.0
2018-06-09,2018,NYM,NYY,530367.0,0.7471714557112324,,0.0,
2018-06-10,2018,CIN,STL,530387.0,0.7735415701957483,,0.0,
2018-06-10,2018,TBR,SEA,530386.0,,0.7515458037257537,,0.0
2018-06-11,2018,BAL,BOS,530388.0,,0.8012837444163916,,0.0
2018-06-11,2018,SEA,LAA,530391.0,,0.7548545770567786,,1.0
2018-06-12,2018,CHW,CLE,530399.0,0.7094847553164233,,0.0,
2018-06-12,2018,ATH,HOU,530401.0,0.7918360225897539,,0.0,
2018-06-13,2018,MIA,SFG,530422.0,,0.7756041009463722,,1.0
2018-06-14,2018,DET,MIN,530430.0,0.6812329559142375,,0.0,
2018-06-15,2018,NYY,TBR,530448.0,0.8164787853577371,,0.0,
2018-06-15,2018,STL,CHC,530436.0,0.8379828660436136,,1.0,
2018-06-15,2018,CHW,DET,530439.0,,0.6879493670886077,,0.0
2018-06-15,2018,SEA,BOS,530435.0,0.7558216432865731,,0.0,
2018-06-16,2018,SEA,BOS,530450.0,,0.8100431722196151,,1.0
2018-06-16,2018,ARI,NYM,530459.0,,0.7199142692750288,,1.0
2018-06-17,2018,PIT,CIN,530467.0,,0.7573831624392877,,0.0
2018-06-17,2018,ATH,LAA,530471.0,,,,
2018-06-17,2018,CHW,DET,530469.0,0.6743962940824866,,1.0,
2018-06-18,2018,SFG,MIA,530483.0,0.7240978473581213,,1.0,
2018-06-20,2018,WSN,BAL,530505.0,,0.7767162891046387,,1.0
2018-06-20,2018,PHI,STL,530515.0,,0.7913565778517901,,0.0
2018-06-20,2018,CIN,DET,530508.0,,0.6878110831234258,,0.0
2018-06-20,2018,NYY,SEA,530514.0,0.8217020531964536,,0.0,
2018-06-21,2018,NYY,SEA,530525.0,,0.7394716147559091,,0.0
2018-06-21,2018,COL,NYM,530522.0,,0.7258158567774936,,1.0
2018-06-22,2018,CLE,DET,530531.0,,0.6393559273964832,,0.0
2018-06-22,2018,LAA,TOR,530542.0,0.7812354457572502,,0.0,
2018-06-22,2018,BOS,SEA,530539.0,0.806185,,1.0,
2018-06-22,2018,CHW,ATH,530523.0,0.7649166284928998,,1.0,
2018-06-22,2018,CHW,ATH,530536.0,0.7649166284928998,,1.0,
2018-06-22,2018,CHW,ATH,530523.0,0.7649166284928998,,1.0,
2018-06-22,2018,CHW,ATH,530536.0,0.7649166284928998,,1.0,
2018-06-22,2018,CHW,ATH,530523.0,0.7649166284928998,,1.0,
2018-06-22,2018,CHW,ATH,530536.0,0.7649166284928998,,1.0,
2018-06-22,2018,CHW,ATH,530523.0,0.7649166284928998,,1.0,
2018-06-22,2018,CHW,ATH,530536.0,0.7649166284928998,,1.0,
2018-06-22,2018,CHW,ATH,530523.0,0.7649166284928998,,1.0,
2018-06-22,2018,CHW,ATH,530536.0,0.7649166284928998,,1.0,
2018-06-22,2018,CHW,ATH,530523.0,0.7649166284928998,,1.0,
2018-06-22,2018,CHW,ATH,530536.0,0.7649166284928998,,1.0,
2018-06-22,2018,CHW,ATH,530523.0,0.7649166284928998,,1.0,
2018-06-22,2018,CHW,ATH,530536.0,0.7649166284928998,,1.0,
2018-06-22,2018,CHW,ATH,530523.0,0.7649166284928998,,1.0,
2018-06-22,2018,CHW,ATH,530536.0,0.7649166284928998,,1.0,
2018-06-23,2018,SFG,SDP,530553.0,0.7252083734359961,,1.0,
2018-06-23,2018,CIN,CHC,530545.0,0.7447262719428743,,0.0,
2018-06-23,2018,CHW,ATH,530551.0,,0.793263829787234,,0.0
2018-06-25,2018,PHI,NYY,530577.0,,0.8166551967947208,,0.0
2018-06-25,2018,BAL,SEA,530581.0,0.7311180642469753,,0.0,
2018-06-26,2018,NYM,PIT,530594.0,0.7571939377682403,,0.0,
2018-06-26,2018,BAL,SEA,530596.0,,0.737350775964982,,0.0
2018-06-27,2018,BOS,LAA,530605.0,,0.7864468798926414,,0.0
2018-06-27,2018,CHW,MIN,530606.0,0.7285431372549019,,0.0,
2018-06-27,2018,DET,ATH,530608.0,0.6902251833740831,,0.0,
2018-06-28,2018,DET,ATH,530620.0,0.7714720194647203,,1.0,
2018-06-28,2018,CIN,MIL,530618.0,0.7844599024390245,,0.0,
2018-06-29,2018,ARI,SFG,530636.0,,0.7444614243323442,,1.0
2018-06-30,2018,BAL,LAA,530646.0,0.7468081239978621,,1.0,
2018-07-01,2018,MIA,NYM,530664.0,,0.7777984720758694,,0.0
2018-07-01,2018,SEA,KCR,530660.0,0.7495059405940594,,0.0,
2018-07-02,2018,CIN,CHW,530670.0,,0.7138723693143246,,0.0
2018-07-02,2018,NYY,ATL,530668.0,0.8108500635324016,,0.0,
2018-07-02,2018,TOR,DET,530672.0,,0.7687119866814651,,1.0
2018-07-03,2018,SEA,LAA,530685.0,,0.7251334503950834,,1.0
2018-07-03,2018,CIN,CHW,530681.0,0.7693918856615952,,0.0,
2018-07-03,2018,CHC,DET,530683.0,,0.6924620957309185,,0.0
2018-07-04,2018,COL,SFG,530705.0,,0.7289876824817517,,1.0
2018-07-05,2018,MIN,BAL,530709.0,,0.7359252234575976,,0.0
2018-07-07,2018,HOU,CHW,530734.0,,0.7426507902143321,,0.0
2018-07-07,2018,DET,TEX,530745.0,0.7780292834890966,,1.0,
2018-07-07,2018,NYM,TBR,530744.0,0.7273531578947369,,1.0,
2018-07-07,2018,SEA,COL,530736.0,0.7493453670276775,,1.0,
2018-07-08,2018,DET,TEX,530760.0,0.6661828073993471,,0.0,
2018-07-08,2018,LAA,LAD,530752.0,0.7211893569844791,,1.0,
2018-07-09,2018,SFG,CHC,530761.0,0.7326409537166901,,0.0,
2018-07-09,2018,CLE,CIN,530762.0,,0.7844599024390245,,0.0
2018-07-10,2018,BAL,NYY,530779.0,0.7296340947546531,,0.0,
2018-07-12,2018,NYM,WSN,530810.0,0.7654817613340282,,0.0,
2018-07-12,2018,LAA,SEA,530807.0,,0.7255177829099306,,1.0
2018-07-13,2018,CHW,KCR,530815.0,0.711636191826128,,0.0,
2018-07-13,2018,HOU,DET,530814.0,,0.7688471720818292,,1.0
2018-07-14,2018,LAD,LAA,530831.0,,0.7327767676767677,,1.0
2018-07-14,2018,HOU,DET,530829.0,,0.6747100157315155,,0.0
2018-07-15,2018,STL,CIN,530843.0,,0.7933062381852553,,0.0
2018-07-15,2018,SFG,ATH,530849.0,0.7494606278950076,,1.0,
2018-07-20,2018,SEA,CHW,530861.0,,0.713894214876033,,1.0
2018-07-20,2018,WSN,ATL,530858.0,0.8431392918088737,,0.0,
2018-07-21,2018,DET,BOS,530875.0,0.7743972780298121,,1.0,
2018-07-21,2018,CIN,PIT,530884.0,0.7839799451129408,,0.0,
2018-07-21,2018,NYY,NYM,530883.0,,0.7573018172241244,,0.0
2018-07-22,2018,TOR,BAL,530889.0,,0.7376901197604792,,1.0
2018-07-22,2018,LAA,HOU,530894.0,0.7523210880538417,,0.0,
2018-07-23,2018,CIN,STL,530914.0,,0.7905077288941736,,0.0
2018-07-24,2018,SEA,SFG,530928.0,,0.755017275419546,,1.0
2018-07-25,2018,LAA,CHW,530933.0,,0.7569811853245532,,1.0
2018-07-26,2018,PIT,NYM,530951.0,,0.7514804530507856,,0.0
2018-07-27,2018,BAL,TBR,530967.0,0.703606476399561,,0.0,
2018-07-27,2018,DET,CLE,530958.0,0.6941221432199087,,0.0,
2018-07-27,2018,CIN,PHI,530965.0,0.7476740779492546,,0.0,
2018-07-27,2018,LAA,SEA,530966.0,0.7412681752527684,,1.0,
2018-07-29,2018,SFG,MIL,530991.0,0.6933306094654409,,0.0,
2018-07-30,2018,SEA,HOU,531003.0,0.7487546125461254,,0.0,
2018-07-31,2018,WSN,NYM,531020.0,,0.7614099714194982,,0.0
2018-07-31,2018,CHW,KCR,531016.0,0.7287459302325582,,1.0,
2018-08-01,2018,DET,CIN,531027.0,0.6806428934010152,,0.0,
2018-08-02,2018,TEX,BAL,531038.0,,0.7009832522960562,,0.0
2018-08-02,2018,TBR,LAA,531042.0,,0.7290525177633612,,0.0
2018-08-04,2018,WSN,CIN,531052.0,,0.7720074428495481,,1.0
2018-08-04,2018,WSN,CIN,531067.0,,0.7720074428495481,,1.0
2018-08-04,2018,WSN,CIN,531052.0,,0.7720074428495481,,1.0
2018-08-04,2018,WSN,CIN,531067.0,,0.7720074428495481,,1.0
2018-08-04,2018,WSN,CIN,531052.0,,0.7720074428495481,,1.0
2018-08-04,2018,WSN,CIN,531067.0,,0.7720074428495481,,1.0
2018-08-04,2018,WSN,CIN,531052.0,,0.7720074428495481,,1.0
2018-08-04,2018,WSN,CIN,531067.0,,0.7720074428495481,,1.0
2018-08-04,2018,SEA,TOR,531078.0,0.7603542262147815,,0.0,
2018-08-04,2018,ARI,SFG,531076.0,,0.6997721590909092,,0.0
2018-08-04,2018,WSN,CIN,531052.0,,0.7720074428495481,,1.0
2018-08-04,2018,WSN,CIN,531067.0,,0.7720074428495481,,1.0
2018-08-04,2018,WSN,CIN,531052.0,,0.7720074428495481,,1.0
2018-08-04,2018,WSN,CIN,531067.0,,0.7720074428495481,,1.0
2018-08-04,2018,WSN,CIN,531052.0,,0.7720074428495481,,1.0
2018-08-04,2018,WSN,CIN,531067.0,,0.7720074428495481,,1.0
2018-08-04,2018,WSN,CIN,531052.0,,0.7720074428495481,,1.0
2018-08-04,2018,WSN,CIN,531067.0,,0.7720074428495481,,1.0
2018-08-05,2018,TBR,CHW,531081.0,,0.7301039147366263,,0.0
2018-08-07,2018,LAA,DET,531109.0,0.7619184931506848,,0.0,
2018-08-08,2018,NYM,CIN,531123.0,,0.7516932784636489,,0.0
2018-08-08,2018,TBR,BAL,531120.0,,0.6997422116527944,,0.0
2018-08-08,2018,ATH,LAD,531125.0,0.7420606626224918,,1.0,
2018-08-09,2018,HOU,SEA,531140.0,,0.7449120398009951,,0.0
2018-08-09,2018,SFG,PIT,531138.0,0.7012000626174075,,0.0,
2018-08-10,2018,CIN,ARI,531142.0,0.7498893569222128,,0.0,
2018-08-11,2018,CHW,CLE,531159.0,0.7469937121041995,,0.0,
2018-08-13,2018,SDP,LAA,531189.0,,0.7141448992852502,,1.0
2018-08-14,2018,BAL,NYM,531203.0,0.6824190721649483,,1.0,
2018-08-14,2018,ATH,SEA,531206.0,,,,
2018-08-14,2018,LAD,SFG,531205.0,,0.7780086405529955,,1.0
2018-08-15,2018,CIN,CLE,531213.0,0.7510044792833146,,0.0,
2018-08-16,2018,PHI,NYM,529994.0,,0.7323495273109244,,0.0
2018-08-16,2018,PHI,NYM,531230.0,,0.7323495273109244,,0.0
2018-08-16,2018,PHI,NYM,529994.0,,0.7323495273109244,,0.0
2018-08-16,2018,PHI,NYM,531230.0,,0.7323495273109244,,0.0
2018-08-16,2018,PHI,NYM,529994.0,,0.7323495273109244,,0.0
2018-08-16,2018,PHI,NYM,531230.0,,0.7323495273109244,,0.0
2018-08-16,2018,PHI,NYM,529994.0,,0.7323495273109244,,0.0
2018-08-16,2018,PHI,NYM,531230.0,,0.7323495273109244,,0.0
2018-08-16,2018,PHI,NYM,529994.0,,0.7323495273109244,,0.0
2018-08-16,2018,PHI,NYM,531230.0,,0.7323495273109244,,0.0
2018-08-16,2018,PHI,NYM,529994.0,,0.7323495273109244,,0.0
2018-08-16,2018,PHI,NYM,531230.0,,0.7323495273109244,,0.0
2018-08-16,2018,PHI,NYM,529994.0,,0.7323495273109244,,0.0
2018-08-16,2018,PHI,NYM,531230.0,,0.7323495273109244,,0.0
2018-08-16,2018,PHI,NYM,529994.0,,0.7323495273109244,,0.0
2018-08-16,2018,PHI,NYM,531230.0,,0.7323495273109244,,0.0
2018-08-17,2018,CHW,KCR,531240.0,0.713808519188266,,0.0,
2018-08-17,2018,CIN,SFG,531246.0,0.7493465011286682,,0.0,
2018-08-18,2018,TEX,LAA,531256.0,,0.7030898550724637,,1.0
2018-08-19,2018,CIN,SFG,531276.0,,0.7046538821328344,,0.0
2018-08-20,2018,TOR,BAL,531280.0,,0.7099751651254954,,0.0
2018-08-20,2018,ATH,TEX,531287.0,0.7884922876384965,,0.0,
2018-08-20,2018,MIN,CHW,529630.0,0.7701102278749337,,0.0,
2018-08-21,2018,NYM,SFG,531300.0,0.7322964347326049,,0.0,
2018-08-21,2018,LAD,STL,531301.0,,0.8164803804994054,,1.0
2018-08-21,2018,CHW,MIN,531296.0,0.7120114917127073,,0.0,
2018-08-22,2018,WSN,PHI,531313.0,0.8234036031820309,,0.0,
2018-08-22,2018,MIL,CIN,531306.0,,0.7316570111915736,,0.0
2018-08-22,2018,TOR,BAL,531304.0,0.7714713763702802,,0.0,
2018-08-23,2018,DET,CHW,531319.0,,0.7208836302895324,,1.0
2018-08-23,2018,CHC,CIN,531320.0,,0.753279083094556,,1.0
2018-08-24,2018,LAA,HOU,531332.0,0.7118474275576582,,1.0,
2018-08-24,2018,DET,CHW,531329.0,0.6840819591434901,,0.0,
2018-08-25,2018,BAL,NYY,530292.0,0.693420064724919,,0.0,
2018-08-25,2018,BAL,NYY,531348.0,0.693420064724919,,0.0,
2018-08-25,2018,BAL,NYY,530292.0,0.693420064724919,,0.0,
2018-08-25,2018,BAL,NYY,531348.0,0.693420064724919,,0.0,
2018-08-25,2018,BAL,NYY,530292.0,0.693420064724919,,0.0,
2018-08-25,2018,BAL,NYY,531348.0,0.693420064724919,,0.0,
2018-08-25,2018,BAL,NYY,530292.0,0.693420064724919,,0.0,
2018-08-25,2018,BAL,NYY,531348.0,0.693420064724919,,0.0,
2018-08-25,2018,SFG,TEX,531355.0,0.7613845752996353,,1.0,
2018-08-25,2018,MIN,ATH,531349.0,,,,
2018-08-25,2018,BAL,NYY,530292.0,0.693420064724919,,0.0,
2018-08-25,2018,BAL,NYY,531348.0,0.693420064724919,,0.0,
2018-08-25,2018,BAL,NYY,530292.0,0.693420064724919,,0.0,
2018-08-25,2018,BAL,NYY,531348.0,0.693420064724919,,0.0,
2018-08-25,2018,BAL,NYY,530292.0,0.693420064724919,,0.0,
2018-08-25,2018,BAL,NYY,531348.0,0.693420064724919,,0.0,
2018-08-25,2018,BAL,NYY,530292.0,0.693420064724919,,0.0,
2018-08-25,2018,BAL,NYY,531348.0,0.693420064724919,,0.0,
2018-08-26,2018,NYM,WSN,531371.0,0.7217812587412588,,0.0,
2018-08-26,2018,DET,CHW,531359.0,,0.7160445276737412,,0.0
2018-08-27,2018,PHI,WSN,531378.0,,0.8093453871117292,,0.0
2018-08-28,2018,BAL,TOR,531392.0,,0.7699077225130889,,1.0
2018-08-28,2018,CIN,MIL,531385.0,0.752081744656268,,0.0,
2018-08-28,2018,CHC,NYM,531387.0,,0.7790592248908297,,0.0
2018-08-28,2018,NYY,CHW,531380.0,,0.7289005681818181,,0.0
2018-08-29,2018,KCR,DET,531396.0,,0.7810123131046613,,1.0
2018-08-30,2018,HOU,LAA,531412.0,,0.8345169689877121,,0.0
2018-08-31,2018,TEX,MIN,531426.0,,0.7478945078847199,,0.0
2018-08-31,2018,CHW,BOS,531419.0,0.7016080493940087,,0.0,
2018-08-31,2018,SFG,NYM,531427.0,0.7171641551779416,,0.0,
2018-08-31,2018,KCR,BAL,531418.0,,0.7052231530845392,,0.0
2018-08-31,2018,ATH,SEA,531429.0,0.8034708036622583,,0.0,
2018-09-01,2018,STL,CIN,531436.0,0.8002697027542951,,0.0,
2018-09-01,2018,SFG,NYM,531442.0,,0.7330876712328765,,1.0
2018-09-01,2018,WSN,MIL,531440.0,0.8093453871117293,,0.0,
2018-09-01,2018,ATH,SEA,531444.0,,0.7680045807608046,,0.0
2018-09-01,2018,NYY,DET,531438.0,,0.696959142857143,,0.0
2018-09-02,2018,CHW,BOS,531449.0,0.6926394874781597,,1.0,
2018-09-02,2018,STL,CIN,531451.0,,0.7907676486937188,,0.0
2018-09-03,2018,CHW,DET,531466.0,,0.6686527208094066,,0.0
2018-09-04,2018,TEX,LAA,531483.0,,0.7698273866923819,,1.0
2018-09-05,2018,COL,SFG,531503.0,,0.7132570093457945,,0.0
2018-09-05,2018,ATH,NYY,531501.0,0.8136779289161913,,0.0,
2018-09-05,2018,SEA,BAL,531492.0,,0.7052231530845392,,0.0
2018-09-05,2018,CHW,DET,531496.0,0.7425004243281471,,0.0,
2018-09-06,2018,WSN,CHC,531507.0,0.8243740266963293,,0.0,
2018-09-07,2018,SEA,NYY,531519.0,0.769725867989317,,0.0,
2018-09-07,2018,CIN,SDP,531521.0,0.7428136011275546,,0.0,
2018-09-07,2018,DET,STL,531523.0,0.7791591720199856,,1.0,
2018-09-07,2018,MIN,KCR,531515.0,0.752000242189392,,0.0,
2018-09-07,2018,NYM,PHI,531520.0,0.7821519524617997,,0.0,
2018-09-08,2018,CHW,LAA,531531.0,0.7194371757925071,,0.0,
2018-09-09,2018,CHW,LAA,531546.0,,0.8464713578500707,,0.0
2018-09-09,2018,DET,STL,531553.0,0.6967186499854525,,0.0,
2018-09-09,2018,TOR,CLE,531543.0,0.7684451841988459,,0.0,
2018-09-11,2018,BAL,ATH,531576.0,,0.799361071355551,,0.0
2018-09-11,2018,SFG,ATL,531568.0,0.6894268962990105,,0.0,
2018-09-12,2018,DET,HOU,531586.0,0.6914543596730246,,0.0,
2018-09-12,2018,PHI,WSN,531596.0,,0.8231282471331617,,0.0
2018-09-12,2018,STL,PIT,531592.0,0.7896522705620831,,0.0,
2018-09-12,2018,CIN,LAD,531587.0,0.7954909520062944,,0.0,
2018-09-12,2018,BAL,ATH,531591.0,0.6904310954063605,,0.0,
2018-09-13,2018,NYM,MIA,531561.0,0.791110685899323,,0.0,
2018-09-13,2018,NYM,MIA,531599.0,0.791110685899323,,0.0,
2018-09-13,2018,NYM,MIA,531561.0,0.791110685899323,,0.0,
2018-09-13,2018,NYM,MIA,531599.0,0.791110685899323,,0.0,
2018-09-13,2018,NYM,MIA,531561.0,0.791110685899323,,0.0,
2018-09-13,2018,NYM,MIA,531599.0,0.791110685899323,,0.0,
2018-09-13,2018,NYM,MIA,531561.0,0.791110685899323,,0.0,
2018-09-13,2018,NYM,MIA,531599.0,0.791110685899323,,0.0,
2018-09-13,2018,NYM,MIA,531561.0,0.791110685899323,,0.0,
2018-09-13,2018,NYM,MIA,531599.0,0.791110685899323,,0.0,
2018-09-13,2018,NYM,MIA,531561.0,0.791110685899323,,0.0,
2018-09-13,2018,NYM,MIA,531599.0,0.791110685899323,,0.0,
2018-09-13,2018,NYM,MIA,531561.0,0.791110685899323,,0.0,
2018-09-13,2018,NYM,MIA,531599.0,0.791110685899323,,0.0,
2018-09-13,2018,NYM,MIA,531561.0,0.791110685899323,,0.0,
2018-09-13,2018,NYM,MIA,531599.0,0.791110685899323,,0.0,
2018-09-14,2018,BOS,NYM,531612.0,0.7900364248546067,,0.0,
2018-09-14,2018,BAL,CHW,531605.0,,0.7209489351403678,,0.0
2018-09-15,2018,LAA,SEA,531630.0,0.8411765760382431,,0.0,
2018-09-15,2018,CLE,DET,531623.0,,0.6366714836223507,,0.0
2018-09-16,2018,TBR,ATH,531643.0,,0.8231289622231871,,0.0
2018-09-16,2018,NYY,TOR,531647.0,,0.7321574999999999,,0.0
2018-09-17,2018,SDP,SFG,531655.0,,0.6899305555555556,,0.0
2018-09-17,2018,MIL,CIN,531650.0,,0.7240209205020921,,1.0
2018-09-18,2018,PHI,NYM,531669.0,,0.7734432597105864,,0.0
2018-09-18,2018,DET,MIN,531668.0,0.6983967855349071,,0.0,
2018-09-18,2018,MIL,CIN,531664.0,,0.781228321756666,,0.0
2018-09-18,2018,MIA,WSN,531675.0,,0.8202426020408162,,0.0
2018-09-20,2018,CLE,CHW,531691.0,,0.6872477064220183,,0.0
2018-09-21,2018,HOU,LAA,531704.0,,0.8461569057312871,,0.0
2018-09-22,2018,ATH,MIN,531721.0,0.8091049978079788,,0.0,
2018-09-22,2018,MIA,CIN,531716.0,,0.7822740384615385,,0.0
2018-09-22,2018,TOR,TBR,531727.0,0.7601474671669795,,0.0,
2018-09-23,2018,DET,KCR,531733.0,0.7141049107142857,,0.0,
2018-09-23,2018,STL,SFG,531740.0,,0.6894331010452961,,0.0
2018-09-23,2018,MIA,CIN,531731.0,,0.7750074030204325,,0.0
2018-09-23,2018,WSN,NYM,531737.0,,0.7790592248908297,,0.0
2018-09-24,2018,SEA,ATH,531750.0,,,,
2018-09-24,2018,WSN,MIA,531747.0,0.8121920984149515,,0.0,
2018-09-24,2018,TBR,NYY,531749.0,,0.7900509623797026,,0.0
2018-09-25,2018,CHW,CLE,531757.0,0.7274131069249136,,0.0,
2018-09-26,2018,LAA,TEX,531784.0,0.7597527010804322,,1.0,
2018-09-28,2018,CIN,PIT,531803.0,0.7647637982195845,,0.0,
2018-09-28,2018,TBR,TOR,531806.0,,0.7388617131062951,,0.0
2018-09-29,2018,CIN,PIT,531818.0,0.7253117824773414,,0.0,
2018-09-29,2018,SEA,TEX,531820.0,0.7638699251083957,,0.0,
2018-09-29,2018,COL,WSN,531822.0,,0.7142725856697819,,0.0
2018-09-29,2018,NYM,MIA,531815.0,0.7342270903010033,,0.0,
2018-09-29,2018,MIL,DET,531812.0,,0.8195990836197021,,1.0
2019-03-20,2019,ATH,SEA,566083.0,0.8139474657787643,,1.0,
2019-03-28,2019,NYY,BAL,567456.0,,0.71999831593129,,0.0
2019-03-28,2019,ATH,LAA,566086.0,0.7533411042944784,,0.0,
2019-03-30,2019,WSN,NYM,565896.0,0.8280649977032614,,0.0,
2019-03-30,2019,NYY,BAL,567457.0,0.8125628181087597,,0.0,
2019-03-31,2019,MIN,CLE,566964.0,0.799497467071935,,0.0,
2019-03-31,2019,MIL,STL,567555.0,,0.7632701851122489,,0.0
2019-04-01,2019,MIA,NYM,567363.0,,0.7775352028639617,,1.0
2019-04-02,2019,ATH,BOS,566091.0,0.8089510739856802,,1.0,
2019-04-02,2019,TOR,BAL,566869.0,,0.7121421117249846,,0.0
2019-04-02,2019,CIN,MIL,565224.0,0.7818680358313306,,0.0,
2019-04-03,2019,NYY,DET,567461.0,0.8661189220855301,,1.0,
2019-04-04,2019,BAL,NYY,564930.0,,0.8080302365276761,,0.0
2019-04-04,2019,NYM,WSN,565990.0,,0.8075816790241569,,0.0
2019-04-06,2019,PHI,MIN,567063.0,,0.776983515090033,,0.0
2019-04-06,2019,NYM,WSN,565991.0,0.7618897526501768,,1.0,
2019-04-06,2019,CLE,TOR,565320.0,,0.734529546612328,,0.0
2019-04-06,2019,STL,SDP,566568.0,0.7564021185577511,,0.0,
2019-04-07,2019,HOU,ATH,565608.0,,0.7586143315508022,,0.0
2019-04-07,2019,PIT,CIN,566185.0,,0.7804618920880715,,0.0
2019-04-08,2019,BAL,ATH,564933.0,0.7036683082271148,,0.0,
2019-04-09,2019,HOU,NYY,565610.0,,0.8208576271186441,,0.0
2019-04-09,2019,PHI,WSN,567066.0,,0.8075816790241569,,0.0
2019-04-10,2019,HOU,NYY,565611.0,,0.8145610585093469,,0.0
2019-04-11,2019,STL,LAD,566573.0,0.7577125095153514,,0.0,
2019-04-11,2019,ATL,NYM,567163.0,,0.7849148256587704,,0.0
2019-04-12,2019,TEX,ATH,566769.0,,0.8089510739856802,,1.0
2019-04-13,2019,BOS,BAL,565030.0,,0.6878737541528238,,0.0
2019-04-13,2019,MIN,DET,566966.0,0.7926696747114376,,0.0,
2019-04-14,2019,CIN,STL,565230.0,0.801467429817389,,0.0,
2019-04-16,2019,WSN,SFG,565903.0,0.8270151946818614,,0.0,
2019-04-16,2019,PHI,NYM,567069.0,,0.7612730616864742,,0.0
2019-04-16,2019,NYY,BOS,567465.0,0.879246392303581,,1.0,
2019-04-17,2019,MIL,STL,567561.0,,0.7765407255304587,,0.0
2019-04-18,2019,MIN,TOR,566971.0,0.7925820354171111,,0.0,
2019-04-18,2019,TBR,BAL,566673.0,,0.7091227352425482,,0.0
2019-04-19,2019,SDP,CIN,566285.0,,0.779064055055585,,1.0
2019-04-20,2019,ATH,TOR,566097.0,0.7342816936488171,,0.0,
2019-04-21,2019,MIA,WSN,567374.0,,0.798628526645768,,0.0
2019-04-21,2019,NYY,KCR,567470.0,0.8172439759036144,,0.0,
2019-04-21,2019,DET,CHW,565521.0,0.7010247737017627,,0.0,
2019-04-22,2019,NYM,PHI,565995.0,0.8003195129022905,,0.0,
2019-04-23,2019,BAL,CHW,564941.0,0.7192809847198642,,0.0,
2019-04-23,2019,HOU,MIN,565613.0,,0.8359624505928854,,1.0
2019-04-23,2019,STL,MIL,566578.0,0.7658307567127747,,0.0,
2019-04-26,2019,CHW,DET,567272.0,,0.83155656424581,,1.0
2019-04-26,2019,TOR,ATH,566876.0,,0.7604402543301908,,0.0
2019-04-26,2019,SFG,NYY,566481.0,,0.847818065342729,,1.0
2019-04-26,2019,STL,CIN,566580.0,,0.7577895995218172,,0.0
2019-04-27,2019,WSN,SDP,565907.0,0.8302595372107567,,1.0,
2019-04-28,2019,NYM,MIL,566000.0,0.8126065659197499,,1.0,
2019-04-29,2019,WSN,STL,565909.0,,0.7944638619201726,,1.0
2019-04-30,2019,MIN,HOU,566976.0,0.7810252387448839,,0.0,
2019-05-01,2019,CHW,BAL,567276.0,,0.7083074712643678,,0.0
2019-05-01,2019,CHW,BAL,567277.0,,0.7083074712643678,,0.0
2019-05-01,2019,CHW,BAL,567276.0,,0.7083074712643678,,0.0
2019-05-01,2019,CHW,BAL,567277.0,,0.7083074712643678,,0.0
2019-05-01,2019,CHW,BAL,567276.0,,0.7083074712643678,,0.0
2019-05-01,2019,CHW,BAL,567277.0,,0.7083074712643678,,0.0
2019-05-01,2019,CHW,BAL,567276.0,,0.7083074712643678,,0.0
2019-05-01,2019,CHW,BAL,567277.0,,0.7083074712643678,,0.0
2019-05-01,2019,CHW,BAL,567276.0,,0.7083074712643678,,0.0
2019-05-01,2019,CHW,BAL,567277.0,,0.7083074712643678,,0.0
2019-05-01,2019,CHW,BAL,567276.0,,0.7083074712643678,,0.0
2019-05-01,2019,CHW,BAL,567277.0,,0.7083074712643678,,0.0
2019-05-01,2019,CHW,BAL,567276.0,,0.7083074712643678,,0.0
2019-05-01,2019,CHW,BAL,567277.0,,0.7083074712643678,,0.0
2019-05-01,2019,CHW,BAL,567276.0,,0.7083074712643678,,0.0
2019-05-01,2019,CHW,BAL,567277.0,,0.7083074712643678,,0.0
2019-05-01,2019,BOS,ATH,565042.0,,0.7564282034771411,,0.0
2019-05-01,2019,NYM,CIN,566003.0,,0.7882880787295908,,0.0
2019-05-01,2019,PHI,DET,567076.0,,0.705363950617284,,0.0
2019-05-02,2019,WSN,STL,565912.0,0.7522292588495575,,0.0,
2019-05-03,2019,NYY,MIN,567471.0,0.8178127828054299,,0.0,
2019-05-03,2019,MIL,NYM,567570.0,,0.8015405154399815,,0.0
2019-05-04,2019,TEX,TOR,566781.0,,0.7382329749103942,,0.0
2019-05-04,2019,CHC,STL,565137.0,,0.7685969649191958,,0.0
2019-05-05,2019,NYY,MIN,567473.0,,0.7954425374755594,,0.0
2019-05-06,2019,CIN,SFG,565237.0,0.7575665101721439,,1.0,
2019-05-07,2019,DET,LAA,565525.0,0.706049070986184,,0.0,
2019-05-07,2019,MIL,WSN,567574.0,,0.7320977683315621,,0.0
2019-05-07,2019,ATH,CIN,566102.0,0.7820360877588683,,0.0,
2019-05-07,2019,PIT,TEX,566196.0,0.8361845748187211,,0.0,
2019-05-08,2019,NYY,SEA,567476.0,0.8476772585669782,,1.0,
2019-05-08,2019,BAL,BOS,564948.0,0.6881322150962013,,1.0,
2019-05-09,2019,STL,PIT,566586.0,0.7412881313131312,,0.0,
2019-05-10,2019,TOR,CHW,566882.0,0.7411264126149801,,0.0,
2019-05-11,2019,MIN,DET,566965.0,0.8030156082959162,,0.0,
2019-05-11,2019,MIN,DET,566980.0,0.8030156082959162,,0.0,
2019-05-11,2019,MIN,DET,566965.0,0.8030156082959162,,0.0,
2019-05-11,2019,MIN,DET,566980.0,0.8030156082959162,,0.0,
2019-05-11,2019,MIN,DET,566965.0,0.8030156082959162,,0.0,
2019-05-11,2019,MIN,DET,566980.0,0.8030156082959162,,0.0,
2019-05-11,2019,MIN,DET,566965.0,0.8030156082959162,,0.0,
2019-05-11,2019,MIN,DET,566980.0,0.8030156082959162,,0.0,
2019-05-11,2019,MIN,DET,566965.0,,0.7123044929396662,,0.0
2019-05-11,2019,MIN,DET,566980.0,,0.7123044929396662,,0.0
2019-05-11,2019,MIN,DET,566965.0,,0.7123044929396662,,0.0
2019-05-11,2019,MIN,DET,566980.0,,0.7123044929396662,,0.0
2019-05-11,2019,MIN,DET,566965.0,,0.7123044929396662,,0.0
2019-05-11,2019,MIN,DET,566980.0,,0.7123044929396662,,0.0
2019-05-11,2019,MIN,DET,566965.0,,0.7123044929396662,,0.0
2019-05-11,2019,MIN,DET,566980.0,,0.7123044929396662,,0.0
2019-05-11,2019,MIN,DET,566965.0,0.8030156082959162,,0.0,
2019-05-11,2019,MIN,DET,566980.0,0.8030156082959162,,0.0,
2019-05-11,2019,MIN,DET,566965.0,0.8030156082959162,,0.0,
2019-05-11,2019,MIN,DET,566980.0,0.8030156082959162,,0.0,
2019-05-11,2019,MIN,DET,566965.0,0.8030156082959162,,0.0,
2019-05-11,2019,MIN,DET,566980.0,0.8030156082959162,,0.0,
2019-05-11,2019,MIN,DET,566965.0,0.8030156082959162,,0.0,
2019-05-11,2019,MIN,DET,566980.0,0.8030156082959162,,0.0,
2019-05-11,2019,MIN,DET,566965.0,,0.7123044929396662,,0.0
2019-05-11,2019,MIN,DET,566980.0,,0.7123044929396662,,0.0
2019-05-11,2019,MIN,DET,566965.0,,0.7123044929396662,,0.0
2019-05-11,2019,MIN,DET,566980.0,,0.7123044929396662,,0.0
2019-05-11,2019,MIN,DET,566965.0,,0.7123044929396662,,0.0
2019-05-11,2019,MIN,DET,566980.0,,0.7123044929396662,,0.0
2019-05-11,2019,MIN,DET,566965.0,,0.7123044929396662,,0.0
2019-05-11,2019,MIN,DET,566980.0,,0.7123044929396662,,0.0
2019-05-11,2019,SFG,CIN,566488.0,,0.7750179157204138,,0.0
2019-05-12,2019,LAD,WSN,565821.0,,0.778054760730143,,1.0
2019-05-12,2019,STL,PIT,566589.0,,0.8305724424865394,,0.0
2019-05-12,2019,ATH,CLE,566107.0,0.7573180389692018,,0.0,
2019-05-12,2019,MIN,DET,566981.0,,0.7957876213592232,,1.0
2019-05-13,2019,SEA,ATH,566390.0,,0.8186779467680608,,1.0
2019-05-15,2019,DET,HOU,565530.0,0.6944446564885497,,0.0,
2019-05-15,2019,NYY,BAL,567478.0,,0.7328643051771118,,0.0
2019-05-15,2019,NYY,BAL,567480.0,,0.7328643051771118,,0.0
2019-05-15,2019,NYY,BAL,567478.0,,0.7328643051771118,,0.0
2019-05-15,2019,NYY,BAL,567480.0,,0.7328643051771118,,0.0
2019-05-15,2019,NYY,BAL,567478.0,,0.7328643051771118,,0.0
2019-05-15,2019,NYY,BAL,567480.0,,0.7328643051771118,,0.0
2019-05-15,2019,NYY,BAL,567478.0,,0.7328643051771118,,0.0
2019-05-15,2019,NYY,BAL,567480.0,,0.7328643051771118,,0.0
2019-05-15,2019,NYY,BAL,567478.0,,0.7328643051771118,,0.0
2019-05-15,2019,NYY,BAL,567480.0,,0.7328643051771118,,0.0
2019-05-15,2019,NYY,BAL,567478.0,,0.7328643051771118,,0.0
2019-05-15,2019,NYY,BAL,567480.0,,0.7328643051771118,,0.0
2019-05-15,2019,NYY,BAL,567478.0,,0.7328643051771118,,0.0
2019-05-15,2019,NYY,BAL,567480.0,,0.7328643051771118,,0.0
2019-05-15,2019,NYY,BAL,567478.0,,0.7328643051771118,,0.0
2019-05-15,2019,NYY,BAL,567480.0,,0.7328643051771118,,0.0
2019-05-15,2019,ATL,STL,567183.0,,0.7650929047432379,,0.0
2019-05-16,2019,SEA,MIN,566392.0,,0.7795452998723946,,0.0
2019-05-17,2019,DET,ATH,565532.0,0.6958358718487395,,0.0,
2019-05-17,2019,CIN,LAD,565241.0,0.7984259067357513,,1.0,
2019-05-18,2019,MIA,NYM,567383.0,,0.7931677852348994,,0.0
2019-05-18,2019,WSN,CHC,565917.0,0.8279102316602316,,1.0,
2019-05-18,2019,DET,ATH,565533.0,,0.8070624518118737,,1.0
2019-05-19,2019,DET,ATH,565534.0,,,,
2019-05-20,2019,BAL,NYY,564952.0,0.711655919395466,,1.0,
2019-05-20,2019,SFG,ATL,566492.0,0.7079578970817554,,0.0,
2019-05-21,2019,LAA,MIN,564758.0,,0.781830672363391,,0.0
2019-05-22,2019,STL,KCR,566590.0,0.7554646093558659,,0.0,
2019-05-22,2019,STL,KCR,566591.0,0.7554646093558659,,0.0,
2019-05-22,2019,STL,KCR,566590.0,0.7554646093558659,,0.0,
2019-05-22,2019,STL,KCR,566591.0,0.7554646093558659,,0.0,
2019-05-22,2019,STL,KCR,566590.0,0.7554646093558659,,0.0,
2019-05-22,2019,STL,KCR,566591.0,0.7554646093558659,,0.0,
2019-05-22,2019,STL,KCR,566590.0,0.7554646093558659,,0.0,
2019-05-22,2019,STL,KCR,566591.0,0.7554646093558659,,0.0,
2019-05-22,2019,STL,KCR,566590.0,0.7554646093558659,,0.0,
2019-05-22,2019,STL,KCR,566591.0,0.7554646093558659,,0.0,
2019-05-22,2019,STL,KCR,566590.0,0.7554646093558659,,0.0,
2019-05-22,2019,STL,KCR,566591.0,0.7554646093558659,,0.0,
2019-05-22,2019,STL,KCR,566590.0,0.7554646093558659,,0.0,
2019-05-22,2019,STL,KCR,566591.0,0.7554646093558659,,0.0,
2019-05-22,2019,STL,KCR,566590.0,0.7554646093558659,,0.0,
2019-05-22,2019,STL,KCR,566591.0,0.7554646093558659,,0.0,
2019-05-22,2019,DET,MIA,565536.0,0.7011289847964689,,0.0,
2019-05-23,2019,NYM,WSN,566011.0,,,,
2019-05-24,2019,ATH,SEA,566108.0,0.8174649632210607,,1.0,
2019-05-24,2019,NYM,DET,566012.0,,0.703587170201759,,0.0
2019-05-24,2019,PIT,LAD,566201.0,0.8180569568755086,,0.0,
2019-05-24,2019,CHC,CIN,565150.0,,0.7837008059100068,,0.0
2019-05-25,2019,SFG,ARI,566497.0,0.7332462977396726,,0.0,
2019-05-25,2019,ATH,SEA,566109.0,0.808858774267225,,1.0,
2019-05-25,2019,COL,BAL,565436.0,,0.7271328751431845,,1.0
2019-05-26,2019,LAA,TEX,564762.0,0.8072444105691057,,0.0,
2019-05-27,2019,BAL,DET,564956.0,,0.7128480379905023,,0.0
2019-05-27,2019,CHW,KCR,567288.0,,0.7583649650061755,,0.0
2019-05-27,2019,MIN,MIL,566988.0,0.761480642115203,,1.0,
2019-05-28,2019,ATL,WSN,567188.0,,0.8385122070312501,,1.0
2019-05-28,2019,LAD,NYM,565825.0,,0.7687611673615247,,1.0
2019-05-29,2019,CIN,PIT,565246.0,,,,
2019-05-29,2019,NYY,SDP,567486.0,0.803484366117112,,0.0,
2019-05-31,2019,BAL,SFG,564959.0,0.7541136023916293,,1.0,
2019-05-31,2019,ATH,HOU,566114.0,0.7938882947118241,,0.0,
2019-06-01,2019,SEA,LAA,566401.0,,0.7443894736842106,,1.0
2019-06-01,2019,ATL,DET,567191.0,,0.7010767805136352,,0.0
2019-06-02,2019,ARI,NYM,564859.0,,0.7607977921378568,,0.0
2019-06-04,2019,PIT,ATL,566208.0,0.718581986143187,,1.0,
2019-06-04,2019,SEA,HOU,566404.0,0.7718809654415798,,1.0,
2019-06-04,2019,WSN,CHW,565923.0,0.8453164869721473,,0.0,
2019-06-05,2019,TOR,NYY,566893.0,,0.8158674319153724,,0.0
2019-06-06,2019,DET,TBR,565540.0,0.7071599785981808,,0.0,
2019-06-06,2019,STL,CIN,566600.0,,0.7891290453897822,,0.0
2019-06-06,2019,LAA,ATH,564765.0,,0.8139474657787643,,1.0
2019-06-07,2019,DET,MIN,565541.0,,0.8359624505928854,,1.0
2019-06-07,2019,LAA,SEA,564766.0,0.738152362584378,,1.0,
2019-06-08,2019,NYM,COL,566019.0,0.7750852156057495,,0.0,
2019-06-08,2019,HOU,BAL,565637.0,,0.7428589981447125,,1.0
2019-06-09,2019,MIL,PIT,567586.0,,0.8173526959421901,,0.0
2019-06-09,2019,SDP,WSN,566312.0,,0.8356872621446161,,0.0
2019-06-10,2019,MIA,STL,567391.0,,0.7584970812752582,,0.0
2019-06-11,2019,NYY,NYM,567491.0,0.8252084178498986,,1.0,
2019-06-11,2019,NYY,NYM,567492.0,0.8252084178498986,,1.0,
2019-06-11,2019,NYY,NYM,567491.0,0.8252084178498986,,1.0,
2019-06-11,2019,NYY,NYM,567492.0,0.8252084178498986,,1.0,
2019-06-11,2019,NYY,NYM,567491.0,0.8252084178498986,,1.0,
2019-06-11,2019,NYY,NYM,567492.0,0.8252084178498986,,1.0,
2019-06-11,2019,NYY,NYM,567491.0,0.8252084178498986,,1.0,
2019-06-11,2019,NYY,NYM,567492.0,0.8252084178498986,,1.0,
2019-06-11,2019,NYY,NYM,567491.0,0.8252084178498986,,1.0,
2019-06-11,2019,NYY,NYM,567492.0,0.8252084178498986,,1.0,
2019-06-11,2019,NYY,NYM,567491.0,0.8252084178498986,,1.0,
2019-06-11,2019,NYY,NYM,567492.0,0.8252084178498986,,1.0,
2019-06-11,2019,NYY,NYM,567491.0,0.8252084178498986,,1.0,
2019-06-11,2019,NYY,NYM,567492.0,0.8252084178498986,,1.0,
2019-06-11,2019,NYY,NYM,567491.0,0.8252084178498986,,1.0,
2019-06-11,2019,NYY,NYM,567492.0,0.8252084178498986,,1.0,
2019-06-11,2019,TBR,ATH,566696.0,,0.7759831107619796,,0.0
2019-06-12,2019,CLE,CIN,565352.0,,0.7646352363730303,,0.0
2019-06-12,2019,KCR,DET,565737.0,,0.773481343283582,,1.0
2019-06-13,2019,MIN,SEA,566992.0,0.8200305131761442,,1.0,
2019-06-14,2019,NYM,STL,566022.0,,,,
2019-06-14,2019,TBR,LAA,566699.0,,0.7457950310559005,,1.0
2019-06-14,2019,MIA,PIT,567394.0,,0.8013750966744007,,0.0
2019-06-15,2019,NYM,STL,566023.0,,0.7699936983920036,,0.0
2019-06-15,2019,WSN,ARI,565927.0,0.816549744637385,,0.0,
2019-06-15,2019,DET,CLE,565545.0,0.7013945945945946,,0.0,
2019-06-16,2019,CHW,NYY,567300.0,,0.8146122141241517,,0.0
2019-06-17,2019,ATH,BAL,566120.0,,,,
2019-06-18,2019,MIN,BOS,566997.0,0.805954404603807,,1.0,
2019-06-18,2019,CIN,HOU,565254.0,0.7720711318795431,,0.0,
2019-06-18,2019,PIT,DET,566211.0,,0.7156201550387596,,0.0
2019-06-19,2019,ATL,NYM,567207.0,,0.8073956272774598,,1.0
2019-06-19,2019,STL,MIA,566603.0,0.7588463810930577,,0.0,
2019-06-19,2019,TOR,LAA,566900.0,,0.8230838943552563,,0.0
2019-06-21,2019,WSN,ATL,565933.0,0.8330160897123354,,1.0,
2019-06-21,2019,ATH,TBR,566124.0,,0.7823976897689771,,0.0
2019-06-21,2019,NYY,HOU,567497.0,0.8262586926286509,,0.0,
2019-06-21,2019,STL,LAA,566605.0,0.7620035252643949,,0.0,
2019-06-22,2019,SEA,BAL,566412.0,,0.7288485772357723,,1.0
2019-06-22,2019,ATH,TBR,566125.0,0.7759831107619796,,0.0,
2019-06-23,2019,KCR,MIN,565742.0,,0.8264271887373515,,0.0
2019-06-23,2019,CLE,DET,565355.0,,0.7087549222797928,,0.0
2019-06-23,2019,MIL,CIN,567590.0,,0.7978422930542342,,0.0
2019-06-23,2019,PIT,SDP,566215.0,0.734625,,1.0,
2019-06-24,2019,PHI,NYM,567099.0,,0.8159757901815736,,0.0
2019-06-25,2019,LAA,CIN,564771.0,0.8037861381438405,,0.0,
2019-06-26,2019,STL,ATH,566609.0,,0.8206337994214078,,0.0
2019-06-26,2019,NYY,TOR,567502.0,0.8260811921891059,,0.0,
2019-06-27,2019,MIA,WSN,567399.0,,0.8341850564726325,,0.0
2019-06-28,2019,DET,WSN,565550.0,0.7210631505898683,,0.0,
2019-06-28,2019,SDP,STL,566316.0,,0.8048176382660688,,1.0
2019-06-28,2019,LAA,ATH,564774.0,,0.7938882947118241,,0.0
2019-06-29,2019,NYM,ATL,566026.0,0.76283786316776,,0.0,
2019-06-29,2019,BAL,CLE,564971.0,0.6959526200188265,,0.0,
2019-06-29,2019,CHW,MIN,567302.0,,0.7951535589264876,,0.0
2019-06-29,2019,DET,WSN,565551.0,0.7107413118527043,,0.0,
2019-06-30,2019,CIN,CHC,565258.0,0.827867859203693,,1.0,
2019-06-30,2019,BOS,NYY,565068.0,,0.8093442469597756,,0.0
2019-06-30,2019,LAA,ATH,564776.0,0.7625421218742413,,0.0,
2019-06-30,2019,MIL,PIT,567596.0,,0.820470276243094,,0.0
2019-07-02,2019,NYM,NYY,566028.0,,0.8184914285714285,,0.0
2019-07-02,2019,ATH,MIN,566127.0,0.8032734812822235,,0.0,
2019-07-03,2019,CHW,DET,567273.0,,0.7007075802535744,,0.0
2019-07-03,2019,CHW,DET,567305.0,,0.7007075802535744,,0.0
2019-07-03,2019,CHW,DET,567273.0,,0.7007075802535744,,0.0
2019-07-03,2019,CHW,DET,567305.0,,0.7007075802535744,,0.0
2019-07-03,2019,CHW,DET,567273.0,,0.7007075802535744,,0.0
2019-07-03,2019,CHW,DET,567305.0,,0.7007075802535744,,0.0
2019-07-03,2019,CHW,DET,567273.0,,0.7007075802535744,,0.0
2019-07-03,2019,CHW,DET,567305.0,,0.7007075802535744,,0.0
2019-07-03,2019,CHW,DET,567273.0,,0.7007075802535744,,0.0
2019-07-03,2019,CHW,DET,567305.0,,0.7007075802535744,,0.0
2019-07-03,2019,CHW,DET,567273.0,,0.7007075802535744,,0.0
2019-07-03,2019,CHW,DET,567305.0,,0.7007075802535744,,0.0
2019-07-03,2019,CHW,DET,567273.0,,0.7007075802535744,,0.0
2019-07-03,2019,CHW,DET,567305.0,,0.7007075802535744,,0.0
2019-07-03,2019,CHW,DET,567273.0,,0.7007075802535744,,0.0
2019-07-03,2019,CHW,DET,567305.0,,0.7007075802535744,,0.0
2019-07-03,2019,WSN,MIA,565937.0,0.8257226293103448,,0.0,
2019-07-03,2019,ATH,MIN,566128.0,0.8053888764797855,,0.0,
2019-07-04,2019,SEA,STL,566416.0,,0.7617270128632682,,0.0
2019-07-05,2019,PIT,MIL,566220.0,0.7981159531090725,,0.0,
2019-07-06,2019,CIN,CLE,565263.0,0.8067786764705883,,0.0,
2019-07-06,2019,TOR,BAL,566910.0,,0.7428589981447125,,1.0
2019-07-06,2019,HOU,LAA,565651.0,,0.8211308075221239,,0.0
2019-07-06,2019,MIN,TEX,567003.0,0.8069825767996331,,0.0,
2019-07-07,2019,SEA,ATH,566419.0,,0.7838667310478029,,0.0
2019-07-07,2019,TBR,NYY,566711.0,,0.8087502582644628,,0.0
2019-07-07,2019,DET,BOS,565555.0,0.793805979643766,,1.0,
2019-07-12,2019,PHI,WSN,567103.0,,0.8289644374860211,,0.0
2019-07-12,2019,ATH,CHW,566130.0,0.7948698503791761,,0.0,
2019-07-12,2019,STL,ARI,566610.0,0.7831098772647573,,1.0,
2019-07-15,2019,CLE,DET,565362.0,,0.7116624942049142,,0.0
2019-07-15,2019,NYY,TBR,567506.0,0.865811790393013,,1.0,
2019-07-16,2019,BOS,TOR,565073.0,0.848494612726164,,0.0,
2019-07-16,2019,LAA,HOU,564781.0,0.7524343975763225,,0.0,
2019-07-16,2019,MIN,NYM,567005.0,,,,
2019-07-16,2019,ATH,SEA,566133.0,0.8124803212851406,,1.0,
2019-07-16,2019,CHC,CIN,565173.0,,0.7662084942084941,,0.0
2019-07-17,2019,STL,PIT,566615.0,0.7654348053305461,,0.0,
2019-07-18,2019,BOS,TOR,565075.0,,0.7452577458464301,,1.0
2019-07-18,2019,ATL,WSN,567214.0,,0.8344377850162866,,0.0
2019-07-18,2019,MIN,ATH,567007.0,,0.772961970074813,,0.0
2019-07-20,2019,DET,TOR,565557.0,0.7163668422257844,,0.0,
2019-07-21,2019,MIN,ATH,567010.0,,,,
2019-07-21,2019,NYY,COL,567512.0,0.8227246828399732,,0.0,
2019-07-21,2019,SFG,NYM,566520.0,,0.8067568733153639,,1.0
2019-07-21,2019,CIN,STL,565268.0,0.7898201826270194,,0.0,
2019-07-21,2019,BAL,BOS,564980.0,,0.8503511224057603,,0.0
2019-07-22,2019,PIT,STL,566226.0,,0.772185766614338,,0.0
2019-07-23,2019,HOU,ATH,565657.0,,0.8178147159740755,,1.0
2019-07-23,2019,WSN,COL,565943.0,0.8195202470830474,,0.0,
2019-07-26,2019,SEA,DET,566427.0,,0.8018086492890996,,1.0
2019-07-26,2019,BOS,NYY,565077.0,,,,
2019-07-26,2019,CHW,MIN,567313.0,,0.819715921850438,,0.0
2019-07-26,2019,ATH,TEX,566136.0,0.7957474402730376,,0.0,
2019-07-27,2019,TOR,TBR,566916.0,,0.7536084401709402,,1.0
2019-07-27,2019,NYM,PIT,566037.0,0.7992922590837283,,0.0,
2019-07-27,2019,STL,HOU,566617.0,0.7643577882182869,,0.0,
2019-07-27,2019,CIN,COL,565270.0,0.7758524458700881,,0.0,
2019-07-28,2019,WSN,LAD,565948.0,0.8109969401947149,,0.0,
2019-07-28,2019,ATH,TEX,566138.0,0.800521886233876,,0.0,
2019-07-29,2019,KCR,TOR,565757.0,,0.7704613649182177,,0.0
2019-07-31,2019,BOS,TBR,565081.0,,0.7341884205180295,,0.0
2019-07-31,2019,LAA,DET,564790.0,,0.727626600284495,,1.0
2019-08-01,2019,MIA,MIN,567415.0,,0.8049183884297522,,0.0
2019-08-01,2019,BOS,TBR,565082.0,0.8270022351363433,,1.0,
2019-08-01,2019,ATL,CIN,567220.0,,0.8133420158550397,,1.0
2019-08-02,2019,PIT,NYM,566230.0,,0.8137940783615315,,0.0
2019-08-02,2019,NYY,BOS,567515.0,0.81937121886121,,0.0,
2019-08-03,2019,ATH,STL,566142.0,0.7850151196976061,,0.0,
2019-08-03,2019,BAL,TOR,564983.0,,0.7614683578832515,,0.0
2019-08-03,2019,ARI,WSN,564883.0,,0.8000701346957733,,1.0
2019-08-05,2019,LAD,STL,565857.0,,0.7668475627769573,,0.0
2019-08-05,2019,NYM,MIA,566007.0,,0.7184776822844469,,0.0
2019-08-05,2019,NYM,MIA,566039.0,,0.7184776822844469,,0.0
2019-08-05,2019,NYM,MIA,566007.0,,0.7184776822844469,,0.0
2019-08-05,2019,NYM,MIA,566039.0,,0.7184776822844469,,0.0
2019-08-05,2019,NYM,MIA,566007.0,,0.7184776822844469,,0.0
2019-08-05,2019,NYM,MIA,566039.0,,0.7184776822844469,,0.0
2019-08-05,2019,NYM,MIA,566007.0,,0.7184776822844469,,0.0
2019-08-05,2019,NYM,MIA,566039.0,,0.7184776822844469,,0.0
2019-08-05,2019,NYM,MIA,566007.0,,0.7184776822844469,,0.0
2019-08-05,2019,NYM,MIA,566039.0,,0.7184776822844469,,0.0
2019-08-05,2019,NYM,MIA,566007.0,,0.7184776822844469,,0.0
2019-08-05,2019,NYM,MIA,566039.0,,0.7184776822844469,,0.0
2019-08-05,2019,NYM,MIA,566007.0,,0.7184776822844469,,0.0
2019-08-05,2019,NYM,MIA,566039.0,,0.7184776822844469,,0.0
2019-08-05,2019,NYM,MIA,566007.0,,0.7184776822844469,,0.0
2019-08-05,2019,NYM,MIA,566039.0,,0.7184776822844469,,0.0
2019-08-06,2019,PIT,MIL,566234.0,0.7634716823986675,,0.0,
2019-08-06,2019,TBR,TOR,566721.0,0.760875668789809,,0.0,
2019-08-06,2019,DET,CHW,565520.0,0.6876781288723668,,0.0,
2019-08-06,2019,DET,CHW,565562.0,0.6876781288723668,,0.0,
2019-08-06,2019,DET,CHW,565520.0,0.6876781288723668,,0.0,
2019-08-06,2019,DET,CHW,565562.0,0.6876781288723668,,0.0,
2019-08-06,2019,DET,CHW,565520.0,0.6876781288723668,,0.0,
2019-08-06,2019,DET,CHW,565562.0,0.6876781288723668,,0.0,
2019-08-06,2019,DET,CHW,565520.0,0.6876781288723668,,0.0,
2019-08-06,2019,DET,CHW,565562.0,0.6876781288723668,,0.0,
2019-08-06,2019,CIN,LAA,565276.0,0.7967823129251702,,1.0,
2019-08-06,2019,DET,CHW,565520.0,0.6876781288723668,,0.0,
2019-08-06,2019,DET,CHW,565562.0,0.6876781288723668,,0.0,
2019-08-06,2019,DET,CHW,565520.0,0.6876781288723668,,0.0,
2019-08-06,2019,DET,CHW,565562.0,0.6876781288723668,,0.0,
2019-08-06,2019,DET,CHW,565520.0,0.6876781288723668,,0.0,
2019-08-06,2019,DET,CHW,565562.0,0.6876781288723668,,0.0,
2019-08-06,2019,DET,CHW,565520.0,0.6876781288723668,,0.0,
2019-08-06,2019,DET,CHW,565562.0,0.6876781288723668,,0.0,
2019-08-06,2019,BOS,KCR,565084.0,0.838134784345048,,0.0,
2019-08-06,2019,BAL,NYY,564986.0,,0.7900753246753246,,0.0
2019-08-07,2019,BAL,NYY,564987.0,,0.8065066109951288,,1.0
2019-08-07,2019,BOS,KCR,565085.0,,0.7571575221238939,,0.0
2019-08-07,2019,NYM,MIA,566041.0,0.7529313293599378,,0.0,
2019-08-08,2019,TOR,NYY,566918.0,0.7543200622083982,,0.0,
2019-08-09,2019,CHW,ATH,567319.0,,0.8233597806215721,,1.0
2019-08-09,2019,NYM,WSN,566042.0,,0.8341850564726325,,0.0
2019-08-10,2019,BOS,LAA,565088.0,,0.7681942234011199,,0.0
2019-08-11,2019,STL,PIT,566624.0,,0.8074176646706587,,0.0
2019-08-11,2019,BOS,LAA,565089.0,0.8175144286263949,,1.0,
2019-08-11,2019,DET,KCR,565567.0,0.6785892368501063,,0.0,
2019-08-12,2019,NYY,BAL,567479.0,0.8069553854276662,,0.0,
2019-08-12,2019,NYY,BAL,567518.0,0.8069553854276662,,0.0,
2019-08-12,2019,NYY,BAL,567479.0,0.8069553854276662,,0.0,
2019-08-12,2019,NYY,BAL,567518.0,0.8069553854276662,,0.0,
2019-08-12,2019,NYY,BAL,567479.0,0.8069553854276662,,0.0,
2019-08-12,2019,NYY,BAL,567518.0,0.8069553854276662,,0.0,
2019-08-12,2019,NYY,BAL,567479.0,0.8069553854276662,,0.0,
2019-08-12,2019,NYY,BAL,567518.0,0.8069553854276662,,0.0,
2019-08-12,2019,WSN,CIN,565952.0,,0.7408672566371681,,0.0
2019-08-12,2019,NYY,BAL,567479.0,0.8069553854276662,,0.0,
2019-08-12,2019,NYY,BAL,567518.0,0.8069553854276662,,0.0,
2019-08-12,2019,NYY,BAL,567479.0,0.8069553854276662,,0.0,
2019-08-12,2019,NYY,BAL,567518.0,0.8069553854276662,,0.0,
2019-08-12,2019,NYY,BAL,567479.0,0.8069553854276662,,0.0,
2019-08-12,2019,NYY,BAL,567518.0,0.8069553854276662,,0.0,
2019-08-12,2019,NYY,BAL,567479.0,0.8069553854276662,,0.0,
2019-08-12,2019,NYY,BAL,567518.0,0.8069553854276662,,0.0,
2019-08-14,2019,WSN,CIN,565954.0,0.8094039059032401,,0.0,
2019-08-14,2019,ATL,NYM,567225.0,,0.7740945104697228,,1.0
2019-08-15,2019,LAA,CHW,564794.0,0.8350313059033991,,0.0,
2019-08-15,2019,ATH,HOU,566144.0,0.7704668710209857,,0.0,
2019-08-15,2019,TEX,MIN,566826.0,,0.7928044026599403,,0.0
2019-08-15,2019,CIN,STL,565281.0,,0.7676748501836458,,0.0
2019-08-16,2019,TBR,DET,566723.0,,0.6835531043176803,,0.0
2019-08-17,2019,PIT,CHC,566237.0,0.7183113043478261,,1.0,
2019-08-17,2019,CIN,STL,565283.0,0.7118511556240369,,0.0,
2019-08-17,2019,NYY,CLE,567523.0,0.7934719781884276,,0.0,
2019-08-20,2019,TEX,LAA,566806.0,,0.7643110021786491,,1.0
2019-08-20,2019,TEX,LAA,566831.0,,0.7643110021786491,,1.0
2019-08-20,2019,TEX,LAA,566806.0,,0.7643110021786491,,1.0
2019-08-20,2019,TEX,LAA,566831.0,,0.7643110021786491,,1.0
2019-08-20,2019,TEX,LAA,566806.0,,0.7643110021786491,,1.0
2019-08-20,2019,TEX,LAA,566831.0,,0.7643110021786491,,1.0
2019-08-20,2019,TEX,LAA,566806.0,,0.7643110021786491,,1.0
2019-08-20,2019,TEX,LAA,566831.0,,0.7643110021786491,,1.0
2019-08-20,2019,PIT,WSN,566240.0,,0.8485304731355253,,0.0
2019-08-20,2019,NYM,CLE,566045.0,0.7738496307237814,,0.0,
2019-08-20,2019,MIN,CHW,567025.0,0.803804996683617,,0.0,
2019-08-20,2019,TEX,LAA,566806.0,,0.7643110021786491,,1.0
2019-08-20,2019,TEX,LAA,566831.0,,0.7643110021786491,,1.0
2019-08-20,2019,TEX,LAA,566806.0,,0.7643110021786491,,1.0
2019-08-20,2019,TEX,LAA,566831.0,,0.7643110021786491,,1.0
2019-08-20,2019,TEX,LAA,566806.0,,0.7643110021786491,,1.0
2019-08-20,2019,TEX,LAA,566831.0,,0.7643110021786491,,1.0
2019-08-20,2019,TEX,LAA,566806.0,,0.7643110021786491,,1.0
2019-08-20,2019,TEX,LAA,566831.0,,0.7643110021786491,,1.0
2019-08-20,2019,STL,MIL,566626.0,0.8086366262276142,,1.0,
2019-08-21,2019,ATH,NYY,566149.0,0.8138817359855334,,1.0,
2019-08-21,2019,HOU,DET,565666.0,,0.6728683875079667,,0.0
2019-08-22,2019,PIT,WSN,566242.0,0.8044907216494845,,0.0,
2019-08-23,2019,PIT,CIN,566243.0,,0.7566025382174791,,0.0
2019-08-23,2019,LAD,NYY,565866.0,,0.8412028639618139,,1.0
2019-08-25,2019,CHC,WSN,565189.0,,0.820015585721468,,1.0
2019-08-25,2019,NYM,ATL,566050.0,0.7976108374384236,,1.0,
2019-08-25,2019,STL,COL,566631.0,0.7446111869031378,,0.0,
2019-08-27,2019,KCR,ATH,565766.0,,0.8137472741433022,,1.0
2019-08-27,2019,LAA,TEX,564798.0,0.7597216227880881,,1.0,
2019-08-27,2019,PHI,PIT,567126.0,,0.7227078853046596,,1.0
2019-08-27,2019,CHW,MIN,567329.0,,0.8171820750908356,,0.0
2019-08-28,2019,SEA,NYY,566440.0,,0.8422632367632368,,1.0
2019-08-28,2019,MIA,CIN,567428.0,,0.763796054317192,,0.0
2019-08-29,2019,MIA,CIN,567429.0,0.7263445017182131,,1.0,
2019-08-29,2019,DET,CLE,565573.0,0.6422703521393412,,0.0,
2019-08-29,2019,HOU,TBR,565673.0,,0.794608474183839,,0.0
2019-08-31,2019,WSN,MIA,565961.0,0.8282652214022139,,0.0,
2019-08-31,2019,STL,CIN,566599.0,0.7655212746016868,,0.0,
2019-08-31,2019,STL,CIN,566633.0,0.7655212746016868,,0.0,
2019-08-31,2019,STL,CIN,566599.0,0.7655212746016868,,0.0,
2019-08-31,2019,STL,CIN,566633.0,0.7655212746016868,,0.0,
2019-08-31,2019,STL,CIN,566599.0,0.7655212746016868,,0.0,
2019-08-31,2019,STL,CIN,566633.0,0.7655212746016868,,0.0,
2019-08-31,2019,STL,CIN,566599.0,0.7655212746016868,,0.0,
2019-08-31,2019,STL,CIN,566633.0,0.7655212746016868,,0.0,
2019-08-31,2019,STL,CIN,566599.0,0.7655212746016868,,0.0,
2019-08-31,2019,STL,CIN,566633.0,0.7655212746016868,,0.0,
2019-08-31,2019,STL,CIN,566599.0,0.7655212746016868,,0.0,
2019-08-31,2019,STL,CIN,566633.0,0.7655212746016868,,0.0,
2019-08-31,2019,STL,CIN,566599.0,0.7655212746016868,,0.0,
2019-08-31,2019,STL,CIN,566633.0,0.7655212746016868,,0.0,
2019-08-31,2019,STL,CIN,566599.0,0.7655212746016868,,0.0,
2019-08-31,2019,STL,CIN,566633.0,0.7655212746016868,,0.0,
2019-08-31,2019,PHI,NYM,567129.0,,0.7649989206691852,,1.0
2019-09-01,2019,STL,CIN,566632.0,0.7584254116490537,,0.0,
2019-09-01,2019,STL,CIN,566634.0,0.7584254116490537,,0.0,
2019-09-01,2019,STL,CIN,566632.0,0.7584254116490537,,0.0,
2019-09-01,2019,STL,CIN,566634.0,0.7584254116490537,,0.0,
2019-09-01,2019,STL,CIN,566632.0,0.7584254116490537,,0.0,
2019-09-01,2019,STL,CIN,566634.0,0.7584254116490537,,0.0,
2019-09-01,2019,STL,CIN,566632.0,0.7584254116490537,,0.0,
2019-09-01,2019,STL,CIN,566634.0,0.7584254116490537,,0.0,
2019-09-01,2019,LAA,BOS,564802.0,0.773214657210402,,1.0,
2019-09-01,2019,STL,CIN,566632.0,0.7584254116490537,,0.0,
2019-09-01,2019,STL,CIN,566634.0,0.7584254116490537,,0.0,
2019-09-01,2019,STL,CIN,566632.0,0.7584254116490537,,0.0,
2019-09-01,2019,STL,CIN,566634.0,0.7584254116490537,,0.0,
2019-09-01,2019,STL,CIN,566632.0,0.7584254116490537,,0.0,
2019-09-01,2019,STL,CIN,566634.0,0.7584254116490537,,0.0,
2019-09-01,2019,STL,CIN,566632.0,0.7584254116490537,,0.0,
2019-09-01,2019,STL,CIN,566634.0,0.7584254116490537,,0.0,
2019-09-01,2019,COL,PIT,565481.0,,0.8123647765874052,,0.0
2019-09-01,2019,DET,MIN,565576.0,,0.8205595482546202,,0.0
2019-09-02,2019,CIN,PHI,565288.0,0.7590658800393314,,1.0,
2019-09-03,2019,ATH,LAA,566153.0,0.7848476331360947,,0.0,
2019-09-03,2019,KCR,DET,565772.0,,0.70439453125,,1.0
2019-09-03,2019,NYY,TEX,567529.0,0.8063835546475997,,0.0,
2019-09-03,2019,TBR,BAL,566733.0,0.752357946554149,,0.0,
2019-09-03,2019,TBR,BAL,566734.0,0.752357946554149,,0.0,
2019-09-03,2019,TBR,BAL,566733.0,0.752357946554149,,0.0,
2019-09-03,2019,TBR,BAL,566734.0,0.752357946554149,,0.0,
2019-09-03,2019,TBR,BAL,566733.0,0.752357946554149,,0.0,
2019-09-03,2019,TBR,BAL,566734.0,0.752357946554149,,0.0,
2019-09-03,2019,TBR,BAL,566733.0,0.752357946554149,,0.0,
2019-09-03,2019,TBR,BAL,566734.0,0.752357946554149,,0.0,
2019-09-03,2019,TBR,BAL,566733.0,0.752357946554149,,0.0,
2019-09-03,2019,TBR,BAL,566734.0,0.752357946554149,,0.0,
2019-09-03,2019,TBR,BAL,566733.0,0.752357946554149,,0.0,
2019-09-03,2019,TBR,BAL,566734.0,0.752357946554149,,0.0,
2019-09-03,2019,TBR,BAL,566733.0,0.752357946554149,,0.0,
2019-09-03,2019,TBR,BAL,566734.0,0.752357946554149,,0.0,
2019-09-03,2019,TBR,BAL,566733.0,0.752357946554149,,0.0,
2019-09-03,2019,TBR,BAL,566734.0,0.752357946554149,,0.0,
2019-09-04,2019,PIT,MIA,566247.0,,0.6570738148265988,,0.0
2019-09-04,2019,STL,SFG,566637.0,0.7705857642940491,,1.0,
2019-09-05,2019,ATL,WSN,567238.0,,0.826897563401293,,1.0
2019-09-06,2019,MIN,CLE,567030.0,0.8073432939541348,,0.0,
2019-09-06,2019,NYM,PHI,566054.0,0.8142683887915937,,0.0,
2019-09-07,2019,BAL,TEX,565000.0,,0.699729089790898,,0.0
2019-09-07,2019,CHW,LAA,567333.0,,0.744369259357579,,0.0
2019-09-07,2019,PIT,STL,566250.0,0.7650530226274906,,0.0,
2019-09-07,2019,TBR,TOR,566737.0,,0.7853721890775585,,0.0
2019-09-08,2019,ATH,DET,566158.0,,0.6964172003659652,,1.0
2019-09-08,2019,CIN,ARI,565294.0,0.759998262883613,,0.0,
2019-09-08,2019,PIT,STL,566251.0,0.7101864886731392,,0.0,
2019-09-09,2019,BOS,NYY,565101.0,,0.8261755146262189,,0.0
2019-09-09,2019,MIA,MIL,567433.0,0.7095184218160719,,0.0,
2019-09-09,2019,HOU,ATH,565678.0,,0.6946851363236588,,0.0
2019-09-10,2019,COL,STL,565482.0,,0.7691858196526291,,0.0
2019-09-11,2019,MIN,WSN,567034.0,,0.8485258344764517,,1.0
2019-09-11,2019,NYM,ARI,566059.0,0.7088774350649351,,1.0,
2019-09-11,2019,TEX,TBR,566838.0,,0.792012987012987,,0.0
2019-09-13,2019,TOR,NYY,566936.0,0.7852540256325994,,0.0,
2019-09-13,2019,CHC,PIT,565195.0,,0.7025133004926108,,1.0
2019-09-13,2019,LAA,TBR,564806.0,0.7058432402543544,,0.0,
2019-09-14,2019,CHC,PIT,565196.0,,0.7150853204172877,,0.0
2019-09-14,2019,TOR,NYY,566937.0,,0.7685,,0.0
2019-09-14,2019,ARI,CIN,564903.0,,0.7878674657534246,,0.0
2019-09-14,2019,DET,BAL,565582.0,0.6547710461430081,,0.0,
2019-09-14,2019,TEX,ATH,566841.0,,0.8142563775510203,,1.0
2019-09-14,2019,SFG,MIA,566544.0,,0.6950608058608059,,1.0
2019-09-15,2019,STL,MIL,566641.0,0.7612688366485834,,0.0,
2019-09-15,2019,TEX,ATH,566842.0,0.7256583917970859,,1.0,
2019-09-16,2019,COL,NYM,565488.0,,0.8354368303015202,,0.0
2019-09-16,2019,STL,WSN,566642.0,,0.8298569223985891,,0.0
2019-09-19,2019,NYY,LAA,567533.0,,0.7076743642209881,,0.0
2019-09-19,2019,CLE,DET,565393.0,,0.6571759785881566,,0.0
2019-09-20,2019,BAL,SEA,565008.0,0.726915641978839,,0.0,
2019-09-20,2019,CHC,STL,565202.0,,0.7618752111486486,,0.0
2019-09-20,2019,ATH,TEX,566162.0,0.8167866601275134,,1.0,
2019-09-20,2019,MIL,PIT,567630.0,,0.7527063750581665,,0.0
2019-09-20,2019,MIA,WSN,567437.0,0.665544859558222,,0.0,
2019-09-21,2019,NYY,TOR,567535.0,0.8031957344341245,,0.0,
2019-09-21,2019,MIL,PIT,567631.0,,0.7646799687010954,,0.0
2019-09-21,2019,CIN,NYM,565296.0,0.7694080626450116,,0.0,
2019-09-21,2019,MIA,WSN,567438.0,,0.8204760319573903,,0.0
2019-09-23,2019,NYM,MIA,566064.0,0.8100370563674322,,1.0,
2019-09-24,2019,TOR,BAL,566940.0,0.7132439843312814,,0.0,
2019-09-25,2019,ARI,STL,564910.0,,0.7492818835840419,,0.0
2019-09-25,2019,TBR,NYY,566744.0,,0.8156277272727273,,0.0
2019-09-25,2019,NYM,MIA,566066.0,,0.6793130259171996,,0.0
2019-09-25,2019,LAA,ATH,564810.0,0.7017364161849711,,0.0,
2019-09-25,2019,DET,MIN,565589.0,0.6794654263565891,,0.0,
2019-09-26,2019,WSN,PHI,565972.0,0.8062325453545903,,1.0,
2019-09-27,2019,SEA,ATH,566450.0,,0.8185854586981349,,1.0
2019-09-27,2019,PIT,CIN,566258.0,,,,
2019-09-27,2019,TEX,NYY,566846.0,,0.8289915611814346,,1.0
2019-09-28,2019,PIT,CIN,566259.0,0.7155317976965447,,0.0,
2019-09-28,2019,NYM,ATL,566069.0,0.7999559909142533,,0.0,
2020-07-24,2020,ATH,LAA,631182.0,,0.8291577708006279,,0.0
2020-07-25,2020,WSN,NYY,630899.0,,0.8340463451394121,,0.0
2020-07-25,2020,NYM,ATL,631241.0,0.820483153210426,,1.0,
2020-07-26,2020,WSN,NYY,630856.0,,0.8421751937984497,,1.0
2020-07-26,2020,TBR,TOR,630968.0,,0.7977089715536105,,1.0
2020-07-26,2020,ATH,LAA,631165.0,0.7978531673379714,,0.0,
2020-07-26,2020,PHI,MIA,631126.0,,0.7461546307629539,,0.0
2020-07-27,2020,DET,KCR,631489.0,0.7449815880322208,,1.0,
2020-07-27,2020,BOS,NYM,631669.0,,0.8314064346684176,,1.0
2020-07-27,2020,PIT,MIL,631130.0,0.6910402629416599,,0.0,
2020-07-28,2020,ATH,COL,631171.0,0.7763791503034632,,0.0,
2020-07-29,2020,MIN,STL,631270.0,,0.757618871415356,,1.0
2020-07-29,2020,LAA,SEA,631389.0,0.8409316109422492,,0.0,
2020-07-29,2020,WSN,TOR,,,,0.0,0.0
2020-07-30,2020,NYM,BOS,631238.0,0.8075088339222615,,1.0,
2020-07-30,2020,WSN,TOR,,,,1.0,0.0
2020-08-01,2020,SEA,ATH,631067.0,,0.8028296593186373,,1.0
2020-08-01,2020,ATL,NYM,630278.0,,0.8452940287226002,,0.0
2020-08-02,2020,DET,CIN,631469.0,,0.7525254447662393,,0.0
2020-08-02,2020,DET,CIN,631470.0,,0.7525254447662393,,0.0
2020-08-02,2020,DET,CIN,631469.0,,0.7525254447662393,,0.0
2020-08-02,2020,DET,CIN,631470.0,,0.7525254447662393,,0.0
2020-08-02,2020,DET,CIN,631469.0,,0.7525254447662393,,0.0
2020-08-02,2020,DET,CIN,631470.0,,0.7525254447662393,,0.0
2020-08-02,2020,DET,CIN,631469.0,,0.7525254447662393,,0.0
2020-08-02,2020,DET,CIN,631470.0,,0.7525254447662393,,0.0
2020-08-02,2020,NYY,BOS,631210.0,0.8311250974279033,,0.0,
2020-08-02,2020,DET,CIN,631469.0,0.7036704105344694,,0.0,
2020-08-02,2020,DET,CIN,631470.0,0.7036704105344694,,0.0,
2020-08-02,2020,DET,CIN,631469.0,0.7036704105344694,,0.0,
2020-08-02,2020,DET,CIN,631470.0,0.7036704105344694,,0.0,
2020-08-02,2020,DET,CIN,631469.0,0.7036704105344694,,0.0,
2020-08-02,2020,DET,CIN,631470.0,0.7036704105344694,,0.0,
2020-08-02,2020,DET,CIN,631469.0,0.7036704105344694,,0.0,
2020-08-02,2020,DET,CIN,631470.0,0.7036704105344694,,0.0,
2020-08-02,2020,DET,CIN,631469.0,,0.7525254447662393,,0.0
2020-08-02,2020,DET,CIN,631470.0,,0.7525254447662393,,0.0
2020-08-02,2020,DET,CIN,631469.0,,0.7525254447662393,,0.0
2020-08-02,2020,DET,CIN,631470.0,,0.7525254447662393,,0.0
2020-08-02,2020,DET,CIN,631469.0,,0.7525254447662393,,0.0
2020-08-02,2020,DET,CIN,631470.0,,0.7525254447662393,,0.0
2020-08-02,2020,DET,CIN,631469.0,,0.7525254447662393,,0.0
2020-08-02,2020,DET,CIN,631470.0,,0.7525254447662393,,0.0
2020-08-02,2020,CHC,PIT,631606.0,,0.7089631901840491,,1.0
2020-08-02,2020,DET,CIN,631469.0,0.7036704105344694,,0.0,
2020-08-02,2020,DET,CIN,631470.0,0.7036704105344694,,0.0,
2020-08-02,2020,DET,CIN,631469.0,0.7036704105344694,,0.0,
2020-08-02,2020,DET,CIN,631470.0,0.7036704105344694,,0.0,
2020-08-02,2020,DET,CIN,631469.0,0.7036704105344694,,0.0,
2020-08-02,2020,DET,CIN,631470.0,0.7036704105344694,,0.0,
2020-08-02,2020,DET,CIN,631469.0,0.7036704105344694,,0.0,
2020-08-02,2020,DET,CIN,631470.0,0.7036704105344694,,0.0,
2020-08-04,2020,WSN,NYM,630874.0,,0.8449491279069768,,1.0
2020-08-04,2020,SEA,LAA,631057.0,,0.8276272189349112,,0.0
2020-08-05,2020,BAL,MIA,630591.0,,0.7731023116438356,,0.0
2020-08-05,2020,BAL,MIA,630591.0,,0.7731023116438356,,0.0
2020-08-05,2020,BAL,MIA,630591.0,,0.7731023116438356,,0.0
2020-08-05,2020,BAL,MIA,630591.0,,0.7731023116438356,,0.0
2020-08-05,2020,PHI,NYY,631127.0,,0.8374749319860085,,0.0
2020-08-05,2020,PHI,NYY,631127.0,,0.8374749319860085,,0.0
2020-08-05,2020,PHI,NYY,631127.0,,0.8374749319860085,,0.0
2020-08-05,2020,PHI,NYY,631127.0,,0.8374749319860085,,0.0
2020-08-05,2020,BAL,MIA,630591.0,,0.7731023116438356,,0.0
2020-08-05,2020,BAL,MIA,630591.0,,0.7731023116438356,,0.0
2020-08-05,2020,BAL,MIA,630591.0,,0.7731023116438356,,0.0
2020-08-05,2020,BAL,MIA,630591.0,,0.7731023116438356,,0.0
2020-08-05,2020,PHI,NYY,631127.0,,0.8374749319860085,,0.0
2020-08-05,2020,PHI,NYY,631127.0,,0.8374749319860085,,0.0
2020-08-05,2020,PHI,NYY,631127.0,,0.8374749319860085,,0.0
2020-08-05,2020,PHI,NYY,631127.0,,0.8374749319860085,,0.0
2020-08-06,2020,BAL,MIA,,,,0.0,1.0
2020-08-06,2020,ATH,TEX,631175.0,0.8002615786040445,,1.0,
2020-08-07,2020,NYM,MIA,631237.0,0.8182923371647511,,0.0,
2020-08-08,2020,NYM,MIA,631236.0,,0.7067081507449605,,1.0
2020-08-08,2020,MIL,CIN,631296.0,,0.809499557913351,,1.0
2020-08-08,2020,TBR,NYY,630962.0,,0.8350089251067133,,0.0
2020-08-08,2020,TBR,NYY,630973.0,,0.8350089251067133,,0.0
2020-08-08,2020,TBR,NYY,630962.0,,0.8350089251067133,,0.0
2020-08-08,2020,TBR,NYY,630973.0,,0.8350089251067133,,0.0
2020-08-08,2020,TBR,NYY,630962.0,,0.8350089251067133,,0.0
2020-08-08,2020,TBR,NYY,630973.0,,0.8350089251067133,,0.0
2020-08-08,2020,TBR,NYY,630962.0,,0.8350089251067133,,0.0
2020-08-08,2020,TBR,NYY,630973.0,,0.8350089251067133,,0.0
2020-08-08,2020,TBR,NYY,630962.0,,0.8350089251067133,,0.0
2020-08-08,2020,TBR,NYY,630973.0,,0.8350089251067133,,0.0
2020-08-08,2020,TBR,NYY,630962.0,,0.8350089251067133,,0.0
2020-08-08,2020,TBR,NYY,630973.0,,0.8350089251067133,,0.0
2020-08-08,2020,TBR,NYY,630962.0,,0.8350089251067133,,0.0
2020-08-08,2020,TBR,NYY,630973.0,,0.8350089251067133,,0.0
2020-08-08,2020,TBR,NYY,630962.0,,0.8350089251067133,,0.0
2020-08-08,2020,TBR,NYY,630973.0,,0.8350089251067133,,0.0
2020-08-09,2020,PIT,DET,631110.0,0.6784206810631229,,0.0,
2020-08-09,2020,WSN,BAL,630882.0,,0.7283857660924751,,0.0
2020-08-09,2020,TBR,NYY,630946.0,,0.8417636300897171,,0.0
2020-08-09,2020,TEX,LAA,630922.0,,0.8424302279088365,,0.0
2020-08-10,2020,DET,CHW,631473.0,0.8026730038022813,,1.0,
2020-08-10,2020,NYM,WSN,631233.0,0.8180014609203798,,1.0,
2020-08-11,2020,BOS,TBR,631646.0,,0.754242774566474,,1.0
2020-08-11,2020,LAA,ATH,631396.0,,0.7185349716446124,,0.0
2020-08-12,2020,NYM,WSN,631232.0,0.835676891615542,,0.0,
2020-08-13,2020,CIN,PIT,631600.0,0.7817934121016827,,0.0,
2020-08-14,2020,BAL,WSN,631683.0,,0.7640448851774531,,1.0
2020-08-15,2020,PHI,NYM,631151.0,,0.83448833592535,,0.0
2020-08-15,2020,NYY,BOS,631197.0,0.8007389483480689,,0.0,
2020-08-15,2020,MIA,ATL,631330.0,0.6961181525241675,,1.0,
2020-08-15,2020,LAA,LAD,631363.0,0.834065929878049,,0.0,
2020-08-16,2020,SFG,ATH,631024.0,,0.740048401826484,,0.0
2020-08-16,2020,DET,CLE,631479.0,0.7202584440227704,,0.0,
2020-08-17,2020,MIA,NYM,631325.0,,0.8016088280060881,,0.0
2020-08-18,2020,CHC,STL,631620.0,,0.7602201062887513,,0.0
2020-08-19,2020,PIT,CLE,631120.0,0.7310536253776435,,0.0,
2020-08-20,2020,NYY,TBR,631202.0,0.8250497382198952,,0.0,
2020-08-21,2020,STL,CIN,630990.0,,0.7799041630529054,,0.0
2020-08-21,2020,CLE,DET,631548.0,,0.6936741352201258,,0.0
2020-08-21,2020,ATH,LAA,631186.0,,,,
2020-08-22,2020,WSN,MIA,630890.0,,0.759006162695152,,0.0
2020-08-22,2020,WSN,MIA,630890.0,,0.759006162695152,,0.0
2020-08-22,2020,WSN,MIA,630890.0,,0.759006162695152,,0.0
2020-08-22,2020,WSN,MIA,630890.0,,0.759006162695152,,0.0
2020-08-22,2020,WSN,MIA,630890.0,,0.759006162695152,,0.0
2020-08-22,2020,WSN,MIA,630890.0,,0.759006162695152,,0.0
2020-08-22,2020,WSN,MIA,630890.0,,0.759006162695152,,0.0
2020-08-22,2020,WSN,MIA,630890.0,,0.759006162695152,,0.0
2020-08-23,2020,STL,CIN,630976.0,0.7402658366898572,,0.0,
2020-08-25,2020,NYM,MIA,631227.0,,0.709730734360834,,0.0
2020-08-25,2020,NYM,MIA,631227.0,,0.709730734360834,,0.0
2020-08-25,2020,NYM,MIA,631227.0,,0.709730734360834,,0.0
2020-08-25,2020,NYM,MIA,631227.0,,0.709730734360834,,0.0
2020-08-25,2020,CHW,PIT,631499.0,,0.6894151857835219,,0.0
2020-08-25,2020,NYM,MIA,631227.0,,0.709730734360834,,0.0
2020-08-25,2020,NYM,MIA,631227.0,,0.709730734360834,,0.0
2020-08-25,2020,NYM,MIA,631227.0,,0.709730734360834,,0.0
2020-08-25,2020,NYM,MIA,631227.0,,0.709730734360834,,0.0
2020-08-26,2020,TEX,ATH,630931.0,,0.7991877637130801,,1.0
2020-08-26,2020,DET,CHC,631455.0,0.853660824742268,,1.0,
2020-08-28,2020,NYY,NYM,631203.0,,0.8101564455569461,,1.0
2020-08-28,2020,NYY,NYM,631203.0,,0.8101564455569461,,1.0
2020-08-28,2020,NYY,NYM,631203.0,,0.8101564455569461,,1.0
2020-08-28,2020,NYY,NYM,631203.0,,0.8101564455569461,,1.0
2020-08-28,2020,NYY,NYM,631203.0,0.7441231101511879,,1.0,
2020-08-28,2020,NYY,NYM,631203.0,0.7441231101511879,,1.0,
2020-08-28,2020,NYY,NYM,631203.0,0.7441231101511879,,1.0,
2020-08-28,2020,NYY,NYM,631203.0,0.7441231101511879,,1.0,
2020-08-28,2020,LAA,SEA,631394.0,0.8207274693583273,,1.0,
2020-08-28,2020,NYY,NYM,631203.0,0.7441231101511879,,1.0,
2020-08-28,2020,NYY,NYM,631203.0,0.7441231101511879,,1.0,
2020-08-28,2020,NYY,NYM,631203.0,0.7441231101511879,,1.0,
2020-08-28,2020,NYY,NYM,631203.0,0.7441231101511879,,1.0,
2020-08-28,2020,NYY,NYM,631203.0,,0.8101564455569461,,1.0
2020-08-28,2020,NYY,NYM,631203.0,,0.8101564455569461,,1.0
2020-08-28,2020,NYY,NYM,631203.0,,0.8101564455569461,,1.0
2020-08-28,2020,NYY,NYM,631203.0,,0.8101564455569461,,1.0
2020-08-28,2020,STL,CLE,630980.0,0.7309635666347075,,0.0,
2020-08-29,2020,NYY,NYM,631204.0,,0.8075451843043995,,1.0
2020-08-30,2020,MIL,PIT,631278.0,,0.6633868194842406,,0.0
2020-08-30,2020,NYY,NYM,631205.0,0.8108505887129518,,0.0,
2020-08-30,2020,NYY,NYM,631205.0,0.8108505887129518,,0.0,
2020-08-30,2020,NYY,NYM,631205.0,0.8108505887129518,,0.0,
2020-08-30,2020,NYY,NYM,631205.0,0.8108505887129518,,0.0,
2020-08-30,2020,NYY,NYM,631205.0,0.8108505887129518,,0.0,
2020-08-30,2020,NYY,NYM,631205.0,0.8108505887129518,,0.0,
2020-08-30,2020,NYY,NYM,631205.0,0.8108505887129518,,0.0,
2020-08-30,2020,NYY,NYM,631205.0,0.8108505887129518,,0.0,
2020-08-31,2020,CIN,STL,631585.0,0.813208787218591,,0.0,
2020-09-01,2020,MIL,DET,631287.0,,0.6837096122778675,,0.0
2020-09-01,2020,MIN,CHW,631261.0,0.8230454545454545,,1.0,
2020-09-02,2020,BAL,NYM,631673.0,,0.8350597949886105,,1.0
2020-09-03,2020,NYM,NYY,631234.0,0.8436139162561577,,1.0,
2020-09-03,2020,LAA,SDP,631368.0,0.8193596249310535,,0.0,
2020-09-04,2020,BAL,NYY,630497.0,,0.8006862842892768,,0.0
2020-09-04,2020,BAL,NYY,631674.0,,0.8006862842892768,,0.0
2020-09-04,2020,BAL,NYY,630497.0,,0.8006862842892768,,0.0
2020-09-04,2020,BAL,NYY,631674.0,,0.8006862842892768,,0.0
2020-09-04,2020,BAL,NYY,630497.0,,0.8006862842892768,,0.0
2020-09-04,2020,BAL,NYY,631674.0,,0.8006862842892768,,0.0
2020-09-04,2020,BAL,NYY,630497.0,,0.8006862842892768,,0.0
2020-09-04,2020,BAL,NYY,631674.0,,0.8006862842892768,,0.0
2020-09-04,2020,PIT,CIN,631113.0,0.7344502740798747,,0.0,
2020-09-04,2020,PIT,CIN,631113.0,0.7344502740798747,,0.0,
2020-09-04,2020,PIT,CIN,631113.0,0.7344502740798747,,0.0,
2020-09-04,2020,PIT,CIN,631113.0,0.7344502740798747,,0.0,
2020-09-04,2020,PIT,CIN,631113.0,0.7344502740798747,,0.0,
2020-09-04,2020,PIT,CIN,631113.0,0.7344502740798747,,0.0,
2020-09-04,2020,PIT,CIN,631113.0,0.7344502740798747,,0.0,
2020-09-04,2020,PIT,CIN,631113.0,0.7344502740798747,,0.0,
2020-09-04,2020,BAL,NYY,630497.0,,0.8006862842892768,,0.0
2020-09-04,2020,BAL,NYY,631674.0,,0.8006862842892768,,0.0
2020-09-04,2020,BAL,NYY,630497.0,,0.8006862842892768,,0.0
2020-09-04,2020,BAL,NYY,631674.0,,0.8006862842892768,,0.0
2020-09-04,2020,BAL,NYY,630497.0,,0.8006862842892768,,0.0
2020-09-04,2020,BAL,NYY,631674.0,,0.8006862842892768,,0.0
2020-09-04,2020,BAL,NYY,630497.0,,0.8006862842892768,,0.0
2020-09-04,2020,BAL,NYY,631674.0,,0.8006862842892768,,0.0
2020-09-05,2020,PIT,CIN,631115.0,,0.7877518307567127,,0.0
2020-09-06,2020,BOS,TOR,631626.0,0.8625426074289876,,1.0,
2020-09-06,2020,ATH,SDP,631158.0,0.7773148280802293,,0.0,
2020-09-07,2020,MIN,DET,631255.0,,,,
2020-09-08,2020,STL,MIN,630983.0,0.7332849807445443,,0.0,
2020-09-08,2020,STL,MIN,630984.0,0.7332849807445443,,0.0,
2020-09-08,2020,STL,MIN,630983.0,0.7332849807445443,,0.0,
2020-09-08,2020,STL,MIN,630984.0,0.7332849807445443,,0.0,
2020-09-08,2020,STL,MIN,630983.0,0.7332849807445443,,0.0,
2020-09-08,2020,STL,MIN,630984.0,0.7332849807445443,,0.0,
2020-09-08,2020,STL,MIN,630983.0,0.7332849807445443,,0.0,
2020-09-08,2020,STL,MIN,630984.0,0.7332849807445443,,0.0,
2020-09-08,2020,STL,MIN,630983.0,0.7332849807445443,,0.0,
2020-09-08,2020,STL,MIN,630984.0,0.7332849807445443,,0.0,
2020-09-08,2020,STL,MIN,630983.0,0.7332849807445443,,0.0,
2020-09-08,2020,STL,MIN,630984.0,0.7332849807445443,,0.0,
2020-09-08,2020,STL,MIN,630983.0,0.7332849807445443,,0.0,
2020-09-08,2020,STL,MIN,630984.0,0.7332849807445443,,0.0,
2020-09-08,2020,STL,MIN,630983.0,0.7332849807445443,,0.0,
2020-09-08,2020,STL,MIN,630984.0,0.7332849807445443,,0.0,
2020-09-08,2020,NYM,BAL,631211.0,0.8350597949886105,,1.0,
2020-09-08,2020,TEX,LAA,630904.0,,0.8115698547821734,,0.0
2020-09-11,2020,KCR,PIT,631399.0,,0.7322978208232447,,1.0
2020-09-11,2020,TBR,BOS,630958.0,,0.7584739829706717,,1.0
2020-09-11,2020,MIA,PHI,631310.0,0.7165161557580779,,0.0,
2020-09-11,2020,MIA,PHI,631318.0,0.7165161557580779,,0.0,
2020-09-11,2020,MIA,PHI,631310.0,0.7165161557580779,,0.0,
2020-09-11,2020,MIA,PHI,631318.0,0.7165161557580779,,0.0,
2020-09-11,2020,MIA,PHI,631310.0,0.7165161557580779,,0.0,
2020-09-11,2020,MIA,PHI,631318.0,0.7165161557580779,,0.0,
2020-09-11,2020,MIA,PHI,631310.0,0.7165161557580779,,0.0,
2020-09-11,2020,MIA,PHI,631318.0,0.7165161557580779,,0.0,
2020-09-11,2020,TEX,ATH,630909.0,,0.7700541353383459,,0.0
2020-09-11,2020,MIA,PHI,631310.0,0.7165161557580779,,0.0,
2020-09-11,2020,MIA,PHI,631318.0,0.7165161557580779,,0.0,
2020-09-11,2020,MIA,PHI,631310.0,0.7165161557580779,,0.0,
2020-09-11,2020,MIA,PHI,631318.0,0.7165161557580779,,0.0,
2020-09-11,2020,MIA,PHI,631310.0,0.7165161557580779,,0.0,
2020-09-11,2020,MIA,PHI,631318.0,0.7165161557580779,,0.0,
2020-09-11,2020,MIA,PHI,631310.0,0.7165161557580779,,0.0,
2020-09-11,2020,MIA,PHI,631318.0,0.7165161557580779,,0.0,
2020-09-12,2020,CHW,DET,631495.0,,0.6395161825726141,,0.0
2020-09-13,2020,CHW,DET,631481.0,0.7891868863955119,,0.0,
2020-09-13,2020,MIN,CLE,631259.0,0.8096045867931989,,0.0,
2020-09-13,2020,COL,LAA,631532.0,,0.7963899400092295,,0.0
2020-09-14,2020,CIN,PIT,631588.0,0.7800034443168771,,0.0,
2020-09-14,2020,CIN,PIT,631590.0,0.7800034443168771,,0.0,
2020-09-14,2020,CIN,PIT,631588.0,0.7800034443168771,,0.0,
2020-09-14,2020,CIN,PIT,631590.0,0.7800034443168771,,0.0,
2020-09-14,2020,CIN,PIT,631588.0,0.7800034443168771,,0.0,
2020-09-14,2020,CIN,PIT,631590.0,0.7800034443168771,,0.0,
2020-09-14,2020,CIN,PIT,631588.0,0.7800034443168771,,0.0,
2020-09-14,2020,CIN,PIT,631590.0,0.7800034443168771,,0.0,
2020-09-14,2020,MIL,STL,631282.0,,0.7332849807445443,,0.0
2020-09-14,2020,MIL,STL,631288.0,,0.7332849807445443,,0.0
2020-09-14,2020,MIL,STL,631282.0,,0.7332849807445443,,0.0
2020-09-14,2020,MIL,STL,631288.0,,0.7332849807445443,,0.0
2020-09-14,2020,MIL,STL,631282.0,,0.7332849807445443,,0.0
2020-09-14,2020,MIL,STL,631288.0,,0.7332849807445443,,0.0
2020-09-14,2020,MIL,STL,631282.0,,0.7332849807445443,,0.0
2020-09-14,2020,MIL,STL,631288.0,,0.7332849807445443,,0.0
2020-09-14,2020,MIL,STL,631282.0,,0.7332849807445443,,0.0
2020-09-14,2020,MIL,STL,631288.0,,0.7332849807445443,,0.0
2020-09-14,2020,MIL,STL,631282.0,,0.7332849807445443,,0.0
2020-09-14,2020,MIL,STL,631288.0,,0.7332849807445443,,0.0
2020-09-14,2020,MIL,STL,631282.0,,0.7332849807445443,,0.0
2020-09-14,2020,MIL,STL,631288.0,,0.7332849807445443,,0.0
2020-09-14,2020,MIL,STL,631282.0,,0.7332849807445443,,0.0
2020-09-14,2020,MIL,STL,631288.0,,0.7332849807445443,,0.0
2020-09-14,2020,CIN,PIT,631588.0,0.7800034443168771,,0.0,
2020-09-14,2020,CIN,PIT,631590.0,0.7800034443168771,,0.0,
2020-09-14,2020,CIN,PIT,631588.0,0.7800034443168771,,0.0,
2020-09-14,2020,CIN,PIT,631590.0,0.7800034443168771,,0.0,
2020-09-14,2020,CIN,PIT,631588.0,0.7800034443168771,,0.0,
2020-09-14,2020,CIN,PIT,631590.0,0.7800034443168771,,0.0,
2020-09-14,2020,CIN,PIT,631588.0,0.7800034443168771,,0.0,
2020-09-14,2020,CIN,PIT,631590.0,0.7800034443168771,,0.0,
2020-09-15,2020,CIN,PIT,631574.0,0.7950143702451395,,0.0,
2020-09-16,2020,COL,ATH,631509.0,,0.7928507862161258,,0.0
2020-09-16,2020,SFG,SEA,,,,0.0,1.0
2020-09-17,2020,SFG,SEA,,,,1.0,1.0
2020-09-17,2020,PIT,STL,631101.0,0.7345300608828006,,0.0,
2020-09-18,2020,PIT,STL,631102.0,,0.7438867652362062,,0.0
2020-09-18,2020,PIT,STL,631102.0,,0.7438867652362062,,0.0
2020-09-18,2020,PIT,STL,631102.0,,0.7438867652362062,,0.0
2020-09-18,2020,PIT,STL,631102.0,,0.7438867652362062,,0.0
2020-09-18,2020,SDP,SEA,,,,1.0,0.0
2020-09-18,2020,PIT,STL,631102.0,,0.7438867652362062,,0.0
2020-09-18,2020,PIT,STL,631102.0,,0.7438867652362062,,0.0
2020-09-18,2020,PIT,STL,631102.0,,0.7438867652362062,,0.0
2020-09-18,2020,PIT,STL,631102.0,,0.7438867652362062,,0.0
2020-09-18,2020,NYM,ATL,631213.0,0.832475952529669,,1.0,
2020-09-18,2020,DET,CLE,631465.0,0.6717584767866458,,0.0,
2020-09-18,2020,MIA,WSN,631316.0,0.7230435399905346,,0.0,
2020-09-18,2020,MIA,WSN,631342.0,0.7230435399905346,,0.0,
2020-09-18,2020,MIA,WSN,631316.0,0.7230435399905346,,0.0,
2020-09-18,2020,MIA,WSN,631342.0,0.7230435399905346,,0.0,
2020-09-18,2020,MIA,WSN,631316.0,0.7230435399905346,,0.0,
2020-09-18,2020,MIA,WSN,631342.0,0.7230435399905346,,0.0,
2020-09-18,2020,MIA,WSN,631316.0,0.7230435399905346,,0.0,
2020-09-18,2020,MIA,WSN,631342.0,0.7230435399905346,,0.0,
2020-09-18,2020,CIN,CHW,631576.0,,0.7950381736526947,,0.0
2020-09-18,2020,MIA,WSN,631316.0,0.7230435399905346,,0.0,
2020-09-18,2020,MIA,WSN,631342.0,0.7230435399905346,,0.0,
2020-09-18,2020,MIA,WSN,631316.0,0.7230435399905346,,0.0,
2020-09-18,2020,MIA,WSN,631342.0,0.7230435399905346,,0.0,
2020-09-18,2020,MIA,WSN,631316.0,0.7230435399905346,,0.0,
2020-09-18,2020,MIA,WSN,631342.0,0.7230435399905346,,0.0,
2020-09-18,2020,MIA,WSN,631316.0,0.7230435399905346,,0.0,
2020-09-18,2020,MIA,WSN,631342.0,0.7230435399905346,,0.0,
2020-09-19,2020,CHC,MIN,631632.0,,0.8140364640883979,,0.0
2020-09-19,2020,LAA,TEX,631372.0,0.810523505248745,,0.0,
2020-09-19,2020,SDP,SEA,,,,1.0,0.0
2020-09-20,2020,CIN,CHW,631578.0,0.7668844074844076,,0.0,
2020-09-20,2020,SDP,SEA,,,,0.0,0.0
2020-09-21,2020,TOR,NYY,630876.0,,0.8069175347222222,,0.0
2020-09-22,2020,PIT,CHC,631088.0,0.7308338028169014,,1.0,
2020-09-23,2020,NYM,TBR,631218.0,0.8286272871917263,,0.0,
2020-09-24,2020,KCR,DET,631398.0,,0.7834566284779051,,1.0
2020-09-24,2020,LAD,ATH,631335.0,,0.7889993337774815,,0.0
2020-09-25,2020,LAD,LAA,631336.0,,0.8156371391076117,,1.0
2020-09-25,2020,STL,MIL,630963.0,0.7519340933380834,,0.0,
2020-09-25,2020,STL,MIL,630963.0,0.7519340933380834,,0.0,
2020-09-25,2020,STL,MIL,630963.0,0.7519340933380834,,0.0,
2020-09-25,2020,STL,MIL,630963.0,0.7519340933380834,,0.0,
2020-09-25,2020,STL,MIL,630963.0,0.7519340933380834,,0.0,
2020-09-25,2020,STL,MIL,630963.0,0.7519340933380834,,0.0,
2020-09-25,2020,STL,MIL,630963.0,0.7519340933380834,,0.0,
2020-09-25,2020,STL,MIL,630963.0,0.7519340933380834,,0.0,
2020-09-26,2020,MIN,CIN,631245.0,0.8090517439632043,,0.0,
2021-04-02,2021,LAA,CHW,634631.0,0.7901217215870882,,1.0,
2021-04-04,2021,MIL,MIN,634597.0,,0.7513741473396998,,0.0
2021-04-05,2021,BOS,TBR,634601.0,,0.7770572541966425,,0.0
2021-04-05,2021,SDP,SFG,634591.0,,0.8668869412795793,,1.0
2021-04-05,2021,MIA,STL,634562.0,,0.8446814814814815,,1.0
2021-04-05,2021,TEX,TOR,634612.0,,0.8056664282308059,,0.0
2021-04-06,2021,SEA,CHW,634609.0,0.7189895352416128,,0.0,
2021-04-07,2021,WSN,ATL,634527.0,0.802880684188569,,0.0,
2021-04-07,2021,WSN,ATL,634595.0,0.802880684188569,,0.0,
2021-04-07,2021,WSN,ATL,634527.0,0.802880684188569,,0.0,
2021-04-07,2021,WSN,ATL,634595.0,0.802880684188569,,0.0,
2021-04-07,2021,WSN,ATL,634527.0,0.802880684188569,,0.0,
2021-04-07,2021,WSN,ATL,634595.0,0.802880684188569,,0.0,
2021-04-07,2021,WSN,ATL,634527.0,0.802880684188569,,0.0,
2021-04-07,2021,WSN,ATL,634595.0,0.802880684188569,,0.0,
2021-04-07,2021,WSN,ATL,634527.0,0.802880684188569,,0.0,
2021-04-07,2021,WSN,ATL,634595.0,0.802880684188569,,0.0,
2021-04-07,2021,WSN,ATL,634527.0,0.802880684188569,,0.0,
2021-04-07,2021,WSN,ATL,634595.0,0.802880684188569,,0.0,
2021-04-07,2021,WSN,ATL,634527.0,0.802880684188569,,0.0,
2021-04-07,2021,WSN,ATL,634595.0,0.802880684188569,,0.0,
2021-04-07,2021,WSN,ATL,634527.0,0.802880684188569,,0.0,
2021-04-07,2021,WSN,ATL,634595.0,0.802880684188569,,0.0,
2021-04-09,2021,TOR,LAA,634512.0,,0.8007869890616005,,0.0
2021-04-10,2021,MIN,SEA,632205.0,0.6753721093202524,,1.0,
2021-04-10,2021,TOR,LAA,632227.0,0.7528319467554077,,1.0,
2021-04-11,2021,STL,MIL,632196.0,0.847713747645951,,1.0,
2021-04-11,2021,NYM,MIA,632192.0,,,,
2021-04-11,2021,SFG,COL,632188.0,0.8424008290816327,,0.0,
2021-04-13,2021,STL,WSN,634502.0,,0.7360725897920605,,0.0
2021-04-14,2021,HOU,DET,634521.0,,0.7416311149032992,,0.0
2021-04-15,2021,MIN,BOS,634554.0,0.7764040706375337,,0.0,
2021-04-15,2021,KCR,TOR,634475.0,,0.8005199498117943,,0.0
2021-04-16,2021,LAA,MIN,634526.0,0.7800876887340303,,1.0,
2021-04-16,2021,NYY,TBR,634464.0,,0.7868508699254351,,0.0
2021-04-16,2021,MIA,SFG,634519.0,,,,
2021-04-17,2021,KCR,TOR,634477.0,,0.7944972067039107,,1.0
2021-04-17,2021,KCR,TOR,634520.0,,0.7944972067039107,,1.0
2021-04-17,2021,KCR,TOR,634477.0,,0.7944972067039107,,1.0
2021-04-17,2021,KCR,TOR,634520.0,,0.7944972067039107,,1.0
2021-04-17,2021,KCR,TOR,634477.0,,0.7944972067039107,,1.0
2021-04-17,2021,KCR,TOR,634520.0,,0.7944972067039107,,1.0
2021-04-17,2021,KCR,TOR,634477.0,,0.7944972067039107,,1.0
2021-04-17,2021,KCR,TOR,634520.0,,0.7944972067039107,,1.0
2021-04-17,2021,KCR,TOR,634477.0,,0.7944972067039107,,1.0
2021-04-17,2021,KCR,TOR,634520.0,,0.7944972067039107,,1.0
2021-04-17,2021,KCR,TOR,634477.0,,0.7944972067039107,,1.0
2021-04-17,2021,KCR,TOR,634520.0,,0.7944972067039107,,1.0
2021-04-17,2021,KCR,TOR,634477.0,,0.7944972067039107,,1.0
2021-04-17,2021,KCR,TOR,634520.0,,0.7944972067039107,,1.0
2021-04-17,2021,KCR,TOR,634477.0,,0.7944972067039107,,1.0
2021-04-17,2021,KCR,TOR,634520.0,,0.7944972067039107,,1.0
2021-04-18,2021,NYY,TBR,634458.0,,0.7684291958041958,,0.0
2021-04-18,2021,BOS,CHW,634518.0,,0.8344396887159532,,1.0
2021-04-18,2021,BOS,CHW,634532.0,,0.8344396887159532,,1.0
2021-04-18,2021,BOS,CHW,634518.0,,0.8344396887159532,,1.0
2021-04-18,2021,BOS,CHW,634532.0,,0.8344396887159532,,1.0
2021-04-18,2021,BOS,CHW,634518.0,,0.8344396887159532,,1.0
2021-04-18,2021,BOS,CHW,634532.0,,0.8344396887159532,,1.0
2021-04-18,2021,BOS,CHW,634518.0,,0.8344396887159532,,1.0
2021-04-18,2021,BOS,CHW,634532.0,,0.8344396887159532,,1.0
2021-04-18,2021,BOS,CHW,634518.0,,0.8344396887159532,,1.0
2021-04-18,2021,BOS,CHW,634532.0,,0.8344396887159532,,1.0
2021-04-18,2021,BOS,CHW,634518.0,,0.8344396887159532,,1.0
2021-04-18,2021,BOS,CHW,634532.0,,0.8344396887159532,,1.0
2021-04-18,2021,BOS,CHW,634518.0,,0.8344396887159532,,1.0
2021-04-18,2021,BOS,CHW,634532.0,,0.8344396887159532,,1.0
2021-04-18,2021,BOS,CHW,634518.0,,0.8344396887159532,,1.0
2021-04-18,2021,BOS,CHW,634532.0,,0.8344396887159532,,1.0
2021-04-21,2021,KCR,TBR,634446.0,,0.7696679154401925,,0.0
2021-04-21,2021,DET,PIT,634390.0,0.7563143872113677,,1.0,
2021-04-21,2021,DET,PIT,634423.0,0.7563143872113677,,1.0,
2021-04-21,2021,DET,PIT,634390.0,0.7563143872113677,,1.0,
2021-04-21,2021,DET,PIT,634423.0,0.7563143872113677,,1.0,
2021-04-21,2021,DET,PIT,634390.0,0.7563143872113677,,1.0,
2021-04-21,2021,DET,PIT,634423.0,0.7563143872113677,,1.0,
2021-04-21,2021,DET,PIT,634390.0,0.7563143872113677,,1.0,
2021-04-21,2021,DET,PIT,634423.0,0.7563143872113677,,1.0,
2021-04-21,2021,DET,PIT,634390.0,0.7563143872113677,,1.0,
2021-04-21,2021,DET,PIT,634423.0,0.7563143872113677,,1.0,
2021-04-21,2021,DET,PIT,634390.0,0.7563143872113677,,1.0,
2021-04-21,2021,DET,PIT,634423.0,0.7563143872113677,,1.0,
2021-04-21,2021,DET,PIT,634390.0,0.7563143872113677,,1.0,
2021-04-21,2021,DET,PIT,634423.0,0.7563143872113677,,1.0,
2021-04-21,2021,DET,PIT,634390.0,0.7563143872113677,,1.0,
2021-04-21,2021,DET,PIT,634423.0,0.7563143872113677,,1.0,
2021-04-21,2021,PHI,SFG,634428.0,,0.776074315068493,,0.0
2021-04-22,2021,SFG,MIA,634432.0,,0.7147723201386882,,0.0
2021-04-23,2021,HOU,LAA,634383.0,,0.7471135581555403,,0.0
2021-04-23,2021,TBR,TOR,634413.0,,0.8151902854281422,,0.0
2021-04-24,2021,MIN,PIT,634467.0,0.7725490006447454,,0.0,
2021-04-25,2021,CHW,TEX,634393.0,0.7635673491379309,,0.0,
2021-04-25,2021,DET,KCR,634448.0,0.7998661581137309,,1.0,
2021-04-26,2021,SFG,COL,634374.0,0.8855804066543437,,1.0,
2021-04-27,2021,MIL,MIA,634320.0,,0.7196105407255305,,0.0
2021-04-27,2021,TBR,ATH,634368.0,0.8015247858811315,,0.0,
2021-04-28,2021,TOR,WSN,634348.0,0.8256165637153969,,0.0,
2021-04-30,2021,ATH,BAL,634381.0,0.7002860447185814,,1.0,
2021-04-30,2021,SEA,LAA,634287.0,,0.7802069945976685,,0.0
2021-04-30,2021,MIN,KCR,634391.0,0.7501140428026972,,0.0,
2021-05-01,2021,SDP,SFG,634316.0,,0.8738755980861244,,1.0
2021-05-03,2021,ATH,TOR,634293.0,,0.8058312353317687,,0.0
2021-05-03,2021,KCR,CLE,634258.0,0.7121778596187175,,0.0,
2021-05-04,2021,BOS,DET,634241.0,,0.7086539933656545,,0.0
2021-05-04,2021,ATH,TOR,634278.0,,0.8336562137049942,,1.0
2021-05-05,2021,LAA,TBR,634281.0,,0.7764460452807997,,0.0
2021-05-06,2021,MIN,TEX,634261.0,0.7626123249299721,,0.0,
2021-05-06,2021,LAA,TBR,634247.0,0.7957141918528252,,0.0,
2021-05-06,2021,ATH,TOR,634231.0,0.7343783635365184,,1.0,
2021-05-07,2021,SFG,SDP,634240.0,0.8200338696020322,,1.0,
2021-05-08,2021,NYM,ARI,634190.0,0.7490029806259315,,0.0,
2021-05-08,2021,KCR,CHW,634197.0,0.7093685756240823,,0.0,
2021-05-08,2021,MIA,MIL,634215.0,0.741128523489933,,0.0,
2021-05-08,2021,HOU,TOR,634193.0,,0.8167519175980714,,0.0
2021-05-12,2021,BOS,ATH,634154.0,,0.7482404051172709,,0.0
2021-05-12,2021,HOU,LAA,634172.0,,0.7804468438538206,,0.0
2021-05-13,2021,DET,KCR,634117.0,,0.683064406779661,,0.0
2021-05-13,2021,CHW,MIN,634125.0,,0.7790210824417872,,0.0
2021-05-13,2021,PIT,SFG,634113.0,,0.7748623008849557,,0.0
2021-05-14,2021,CHW,KCR,634166.0,0.7368425430778371,,0.0,
2021-05-14,2021,CHW,KCR,634656.0,0.7368425430778371,,0.0,
2021-05-14,2021,CHW,KCR,634166.0,0.7368425430778371,,0.0,
2021-05-14,2021,CHW,KCR,634656.0,0.7368425430778371,,0.0,
2021-05-14,2021,CHW,KCR,634166.0,0.7368425430778371,,0.0,
2021-05-14,2021,CHW,KCR,634656.0,0.7368425430778371,,0.0,
2021-05-14,2021,CHW,KCR,634166.0,0.7368425430778371,,0.0,
2021-05-14,2021,CHW,KCR,634656.0,0.7368425430778371,,0.0,
2021-05-14,2021,TOR,PHI,634119.0,0.8087811040339703,,0.0,
2021-05-14,2021,CHW,KCR,634166.0,0.7368425430778371,,0.0,
2021-05-14,2021,CHW,KCR,634656.0,0.7368425430778371,,0.0,
2021-05-14,2021,CHW,KCR,634166.0,0.7368425430778371,,0.0,
2021-05-14,2021,CHW,KCR,634656.0,0.7368425430778371,,0.0,
2021-05-14,2021,CHW,KCR,634166.0,0.7368425430778371,,0.0,
2021-05-14,2021,CHW,KCR,634656.0,0.7368425430778371,,0.0,
2021-05-14,2021,CHW,KCR,634166.0,0.7368425430778371,,0.0,
2021-05-14,2021,CHW,KCR,634656.0,0.7368425430778371,,0.0,
2021-05-15,2021,TOR,PHI,634139.0,0.8087811040339703,,0.0,
2021-05-16,2021,SEA,CLE,634087.0,0.715373967624711,,0.0,
2021-05-18,2021,CIN,SFG,634058.0,,0.7927084580838324,,0.0
2021-05-18,2021,LAA,CLE,634102.0,0.7838669311215292,,0.0,
2021-05-20,2021,TOR,BOS,634018.0,0.8095136586504786,,0.0,
2021-05-21,2021,TEX,HOU,634008.0,,0.817979655337482,,0.0
2021-05-21,2021,TOR,TBR,634078.0,0.8026346905912123,,0.0,
2021-05-21,2021,WSN,BAL,634012.0,0.8293094107791119,,0.0,
2021-05-21,2021,LAA,ATH,634028.0,,0.7441681034482758,,1.0
2021-05-23,2021,TOR,TBR,633975.0,,0.7703451008645533,,1.0
2021-05-23,2021,SFG,LAD,633980.0,0.802124719940254,,1.0,
2021-05-25,2021,LAA,TEX,633972.0,0.7909223300970873,,1.0,
2021-05-25,2021,NYY,TOR,633956.0,,0.813045566502463,,0.0
2021-05-26,2021,MIN,BAL,633928.0,0.7494546027742749,,0.0,
2021-05-26,2021,ATH,SEA,634074.0,,,,
2021-05-27,2021,WSN,CIN,634003.0,0.8322586307782328,,0.0,
2021-05-28,2021,LAD,SFG,633921.0,,0.8034569199457258,,0.0
2021-05-30,2021,CLE,TOR,633935.0,,0.8300339296730415,,1.0
2021-05-30,2021,CLE,TOR,634042.0,,0.8300339296730415,,1.0
2021-05-30,2021,CLE,TOR,633935.0,,0.8300339296730415,,1.0
2021-05-30,2021,CLE,TOR,634042.0,,0.8300339296730415,,1.0
2021-05-30,2021,CLE,TOR,633935.0,,0.8300339296730415,,1.0
2021-05-30,2021,CLE,TOR,634042.0,,0.8300339296730415,,1.0
2021-05-30,2021,CLE,TOR,633935.0,,0.8300339296730415,,1.0
2021-05-30,2021,CLE,TOR,634042.0,,0.8300339296730415,,1.0
2021-05-30,2021,CLE,TOR,633935.0,,0.8300339296730415,,1.0
2021-05-30,2021,CLE,TOR,634042.0,,0.8300339296730415,,1.0
2021-05-30,2021,CLE,TOR,633935.0,,0.8300339296730415,,1.0
2021-05-30,2021,CLE,TOR,634042.0,,0.8300339296730415,,1.0
2021-05-30,2021,CLE,TOR,633935.0,,0.8300339296730415,,1.0
2021-05-30,2021,CLE,TOR,634042.0,,0.8300339296730415,,1.0
2021-05-30,2021,CLE,TOR,633935.0,,0.8300339296730415,,1.0
2021-05-30,2021,CLE,TOR,634042.0,,0.8300339296730415,,1.0
2021-05-30,2021,DET,NYY,633854.0,,0.7832367538564722,,1.0
2021-05-31,2021,SEA,ATH,633849.0,,0.7494585125998771,,0.0
2021-06-01,2021,ATL,WSN,633863.0,,0.8789146919431279,,1.0
2021-06-01,2021,SFG,LAA,633864.0,,0.7520535549399817,,1.0
2021-06-01,2021,BAL,MIN,633856.0,,0.7838463667820068,,1.0
2021-06-03,2021,SFG,CHC,633823.0,0.7608738379814076,,0.0,
2021-06-04,2021,NYY,BOS,633824.0,0.7642701121404192,,0.0,
2021-06-04,2021,LAA,SEA,633837.0,,0.7460920353982301,,0.0
2021-06-06,2021,TOR,HOU,633780.0,0.8009692040772067,,0.0,
2021-06-06,2021,COL,ATH,633847.0,,0.7482582869265446,,0.0
2021-06-06,2021,TEX,TBR,633802.0,,0.7671742738589211,,0.0
2021-06-08,2021,MIN,NYY,633804.0,0.7337551020408164,,1.0,
2021-06-08,2021,LAA,KCR,633826.0,0.7910137313432835,,1.0,
2021-06-10,2021,MIN,NYY,633790.0,,0.7774744864148445,,1.0
2021-06-11,2021,WSN,SFG,633746.0,,0.8335938189845473,,0.0
2021-06-12,2021,ATH,KCR,633718.0,0.7509632169576059,,0.0,
2021-06-12,2021,BOS,TOR,633751.0,,0.8009632854789362,,0.0
2021-06-13,2021,TBR,BAL,633737.0,0.7235817223198594,,1.0,
2021-06-13,2021,MIN,HOU,633749.0,0.7544613987284289,,1.0,
2021-06-15,2021,ATH,LAA,633656.0,,0.7410948002536462,,0.0
2021-06-16,2021,SFG,ARI,633645.0,0.8328393724318267,,0.0,
2021-06-16,2021,NYM,CHC,633630.0,,0.7577284379172229,,0.0
2021-06-17,2021,TOR,NYY,633633.0,,0.7681009929078014,,0.0
2021-06-18,2021,NYY,ATH,633609.0,,0.7458368298368299,,0.0
2021-06-18,2021,SEA,TBR,633615.0,,0.7363596385542168,,1.0
2021-06-19,2021,WSN,NYM,633583.0,,0.7534081081081081,,1.0
2021-06-19,2021,WSN,NYM,634647.0,,0.7534081081081081,,1.0
2021-06-19,2021,WSN,NYM,633583.0,,0.7534081081081081,,1.0
2021-06-19,2021,WSN,NYM,634647.0,,0.7534081081081081,,1.0
2021-06-19,2021,WSN,NYM,633583.0,,0.7534081081081081,,1.0
2021-06-19,2021,WSN,NYM,634647.0,,0.7534081081081081,,1.0
2021-06-19,2021,WSN,NYM,633583.0,,0.7534081081081081,,1.0
2021-06-19,2021,WSN,NYM,634647.0,,0.7534081081081081,,1.0
2021-06-19,2021,WSN,NYM,633583.0,,0.7534081081081081,,1.0
2021-06-19,2021,WSN,NYM,634647.0,,0.7534081081081081,,1.0
2021-06-19,2021,WSN,NYM,633583.0,,0.7534081081081081,,1.0
2021-06-19,2021,WSN,NYM,634647.0,,0.7534081081081081,,1.0
2021-06-19,2021,WSN,NYM,633583.0,,0.7534081081081081,,1.0
2021-06-19,2021,WSN,NYM,634647.0,,0.7534081081081081,,1.0
2021-06-19,2021,WSN,NYM,633583.0,,0.7534081081081081,,1.0
2021-06-19,2021,WSN,NYM,634647.0,,0.7534081081081081,,1.0
2021-06-22,2021,LAA,SFG,633670.0,,,,
2021-06-22,2021,TBR,BOS,633519.0,0.772552827843381,,0.0,
2021-06-23,2021,NYY,KCR,633551.0,0.7555006775067752,,1.0,
2021-06-23,2021,TEX,ATH,633553.0,,0.734162192709805,,0.0
2021-06-24,2021,TOR,BAL,633560.0,0.7951361692015209,,0.0,
2021-06-24,2021,TBR,BOS,633517.0,0.7777874276261373,,0.0,
2021-06-25,2021,TBR,LAA,633535.0,0.8008858221963974,,0.0,
2021-06-25,2021,MIN,CLE,633555.0,0.7517337514253135,,0.0,
2021-06-27,2021,CHW,SEA,633499.0,,0.707625,,0.0
2021-06-28,2021,LAD,SFG,633458.0,,0.8019884412153235,,0.0
2021-06-28,2021,NYY,LAA,633601.0,0.7848571428571427,,0.0,
2021-06-29,2021,NYY,LAA,633444.0,,0.767823372781065,,0.0
2021-06-29,2021,ATH,TEX,633488.0,0.7482611324903794,,0.0,
2021-06-30,2021,TOR,SEA,633445.0,0.8468114217727544,,1.0,
2021-07-04,2021,ATH,BOS,633399.0,0.7202079338842975,,0.0,
2021-07-04,2021,ARI,SFG,633436.0,,0.7826977818853974,,1.0
2021-07-06,2021,BAL,TOR,633413.0,,0.8204609735627361,,0.0
2021-07-07,2021,NYM,MIL,633342.0,0.7499103448275861,,1.0,
2021-07-07,2021,NYM,MIL,633395.0,0.7499103448275861,,1.0,
2021-07-07,2021,NYM,MIL,633342.0,0.7499103448275861,,1.0,
2021-07-07,2021,NYM,MIL,633395.0,0.7499103448275861,,1.0,
2021-07-07,2021,NYM,MIL,633342.0,0.7499103448275861,,1.0,
2021-07-07,2021,NYM,MIL,633395.0,0.7499103448275861,,1.0,
2021-07-07,2021,NYM,MIL,633342.0,0.7499103448275861,,1.0,
2021-07-07,2021,NYM,MIL,633395.0,0.7499103448275861,,1.0,
2021-07-07,2021,LAA,BOS,633385.0,0.7364067635903919,,0.0,
2021-07-07,2021,TBR,CLE,633339.0,0.7486395870736086,,0.0,
2021-07-07,2021,TBR,CLE,633360.0,0.7486395870736086,,0.0,
2021-07-07,2021,TBR,CLE,633339.0,0.7486395870736086,,0.0,
2021-07-07,2021,TBR,CLE,633360.0,0.7486395870736086,,0.0,
2021-07-07,2021,TBR,CLE,633339.0,0.7486395870736086,,0.0,
2021-07-07,2021,TBR,CLE,633360.0,0.7486395870736086,,0.0,
2021-07-07,2021,TBR,CLE,633339.0,0.7486395870736086,,0.0,
2021-07-07,2021,TBR,CLE,633360.0,0.7486395870736086,,0.0,
2021-07-07,2021,MIN,CHW,633335.0,0.7596258810262192,,0.0,
2021-07-07,2021,TBR,CLE,633339.0,0.7486395870736086,,0.0,
2021-07-07,2021,TBR,CLE,633360.0,0.7486395870736086,,0.0,
2021-07-07,2021,TBR,CLE,633339.0,0.7486395870736086,,0.0,
2021-07-07,2021,TBR,CLE,633360.0,0.7486395870736086,,0.0,
2021-07-07,2021,TBR,CLE,633339.0,0.7486395870736086,,0.0,
2021-07-07,2021,TBR,CLE,633360.0,0.7486395870736086,,0.0,
2021-07-07,2021,TBR,CLE,633339.0,0.7486395870736086,,0.0,
2021-07-07,2021,TBR,CLE,633360.0,0.7486395870736086,,0.0,
2021-07-07,2021,NYM,MIL,633342.0,0.7499103448275861,,1.0,
2021-07-07,2021,NYM,MIL,633395.0,0.7499103448275861,,1.0,
2021-07-07,2021,NYM,MIL,633342.0,0.7499103448275861,,1.0,
2021-07-07,2021,NYM,MIL,633395.0,0.7499103448275861,,1.0,
2021-07-07,2021,NYM,MIL,633342.0,0.7499103448275861,,1.0,
2021-07-07,2021,NYM,MIL,633395.0,0.7499103448275861,,1.0,
2021-07-07,2021,NYM,MIL,633342.0,0.7499103448275861,,1.0,
2021-07-07,2021,NYM,MIL,633395.0,0.7499103448275861,,1.0,
2021-07-09,2021,MIA,ATL,633336.0,0.735833082706767,,0.0,
2021-07-10,2021,SFG,WSN,633294.0,0.8357502054231717,,1.0,
2021-07-10,2021,TEX,ATH,633316.0,,0.7303685438187271,,0.0
2021-07-16,2021,LAA,SEA,633323.0,0.7502945688861613,,0.0,
2021-07-16,2021,ATL,TBR,633265.0,,0.8078694963573012,,0.0
2021-07-17,2021,STL,SFG,633281.0,,0.7759973238180196,,1.0
2021-07-17,2021,PHI,MIA,633299.0,,0.7072057553956835,,0.0
2021-07-17,2021,WSN,SDP,633267.0,,0.8138629801144102,,0.0
2021-07-18,2021,TOR,TEX,633256.0,0.7714658718330849,,0.0,
2021-07-18,2021,TOR,TEX,633292.0,0.7714658718330849,,0.0,
2021-07-18,2021,TOR,TEX,633256.0,0.7714658718330849,,0.0,
2021-07-18,2021,TOR,TEX,633292.0,0.7714658718330849,,0.0,
2021-07-18,2021,TOR,TEX,633256.0,0.7714658718330849,,0.0,
2021-07-18,2021,TOR,TEX,633292.0,0.7714658718330849,,0.0,
2021-07-18,2021,TOR,TEX,633256.0,0.7714658718330849,,0.0,
2021-07-18,2021,TOR,TEX,633292.0,0.7714658718330849,,0.0,
2021-07-18,2021,TOR,TEX,633256.0,0.7714658718330849,,0.0,
2021-07-18,2021,TOR,TEX,633292.0,0.7714658718330849,,0.0,
2021-07-18,2021,TOR,TEX,633256.0,0.7714658718330849,,0.0,
2021-07-18,2021,TOR,TEX,633292.0,0.7714658718330849,,0.0,
2021-07-18,2021,TOR,TEX,633256.0,0.7714658718330849,,0.0,
2021-07-18,2021,TOR,TEX,633292.0,0.7714658718330849,,0.0,
2021-07-18,2021,TOR,TEX,633256.0,0.7714658718330849,,0.0,
2021-07-18,2021,TOR,TEX,633292.0,0.7714658718330849,,0.0,
2021-07-20,2021,ATH,LAA,633207.0,0.7343783635365184,,1.0,
2021-07-20,2021,CIN,NYM,633234.0,,0.7659422407794014,,1.0
2021-07-21,2021,CHW,MIN,633205.0,,0.7600138159712627,,0.0
2021-07-21,2021,TBR,BAL,633225.0,,,,
2021-07-22,2021,LAD,SFG,633244.0,,0.7795724288840263,,0.0
2021-07-22,2021,MIA,SDP,633269.0,0.7437620967741936,,1.0,
2021-07-22,2021,MIN,LAA,633220.0,,0.7540560023830801,,0.0
2021-07-23,2021,NYM,TOR,633221.0,,0.8240275779376499,,0.0
2021-07-25,2021,KCR,DET,633183.0,0.7708589826142948,,1.0,
2021-07-26,2021,MIN,DET,633133.0,0.7585754651964163,,0.0,
2021-07-26,2021,BOS,TOR,633219.0,,0.8204609735627361,,0.0
2021-07-27,2021,SDP,ATH,633155.0,,0.7434907407407407,,0.0
2021-07-28,2021,BOS,TOR,633110.0,,0.8204609735627361,,0.0
2021-07-28,2021,BOS,TOR,633162.0,,0.8204609735627361,,0.0
2021-07-28,2021,BOS,TOR,633110.0,,0.8204609735627361,,0.0
2021-07-28,2021,BOS,TOR,633162.0,,0.8204609735627361,,0.0
2021-07-28,2021,BOS,TOR,633110.0,,0.8204609735627361,,0.0
2021-07-28,2021,BOS,TOR,633162.0,,0.8204609735627361,,0.0
2021-07-28,2021,BOS,TOR,633110.0,,0.8204609735627361,,0.0
2021-07-28,2021,BOS,TOR,633162.0,,0.8204609735627361,,0.0
2021-07-28,2021,LAA,COL,633130.0,0.7607435387673958,,1.0,
2021-07-28,2021,TBR,NYY,633122.0,0.7961945054945055,,1.0,
2021-07-28,2021,BOS,TOR,633110.0,,0.8204609735627361,,0.0
2021-07-28,2021,BOS,TOR,633162.0,,0.8204609735627361,,0.0
2021-07-28,2021,BOS,TOR,633110.0,,0.8204609735627361,,0.0
2021-07-28,2021,BOS,TOR,633162.0,,0.8204609735627361,,0.0
2021-07-28,2021,BOS,TOR,633110.0,,0.8204609735627361,,0.0
2021-07-28,2021,BOS,TOR,633162.0,,0.8204609735627361,,0.0
2021-07-28,2021,BOS,TOR,633110.0,,0.8204609735627361,,0.0
2021-07-28,2021,BOS,TOR,633162.0,,0.8204609735627361,,0.0
2021-07-28,2021,SFG,LAD,633125.0,0.7519692001987084,,0.0,
2021-07-29,2021,DET,BAL,633115.0,,0.7329754624386562,,0.0
2021-07-30,2021,TOR,KCR,633091.0,,0.7004379333482442,,0.0
2021-08-01,2021,STL,MIN,633024.0,,0.7593565968760384,,0.0
2021-08-02,2021,ARI,SFG,633077.0,,0.790501601537476,,0.0
2021-08-02,2021,TBR,SEA,633070.0,0.7759944105691057,,0.0,
2021-08-02,2021,NYY,BAL,633078.0,0.7662962962962964,,0.0,
2021-08-03,2021,NYY,BAL,633023.0,,0.7360495017679203,,0.0
2021-08-04,2021,TOR,CLE,633011.0,0.8151585396987491,,0.0,
2021-08-04,2021,MIL,PIT,633068.0,,0.7062717178314828,,0.0
2021-08-05,2021,CHW,KCR,633015.0,,0.7295178817056397,,1.0
2021-08-07,2021,HOU,MIN,632995.0,,0.7613731097961867,,0.0
2021-08-07,2021,NYY,SEA,632950.0,0.7718930330752991,,0.0,
2021-08-08,2021,ATH,TEX,633039.0,0.753673696969697,,0.0,
2021-08-08,2021,BAL,TBR,632971.0,,0.7931223288943946,,0.0
2021-08-10,2021,LAA,TOR,632940.0,,0.8288340017825312,,0.0
2021-08-10,2021,LAA,TOR,632940.0,,0.8288340017825312,,0.0
2021-08-10,2021,LAA,TOR,632940.0,,0.8288340017825312,,0.0
2021-08-10,2021,LAA,TOR,632940.0,,0.8288340017825312,,0.0
2021-08-10,2021,PIT,STL,632948.0,0.7008675373134328,,1.0,
2021-08-10,2021,KCR,NYY,632987.0,0.7559952153110047,,1.0,
2021-08-10,2021,LAA,TOR,632940.0,,0.8288340017825312,,0.0
2021-08-10,2021,LAA,TOR,632940.0,,0.8288340017825312,,0.0
2021-08-10,2021,LAA,TOR,632940.0,,0.8288340017825312,,0.0
2021-08-10,2021,LAA,TOR,632940.0,,0.8288340017825312,,0.0
2021-08-12,2021,CHW,NYY,632924.0,,0.7769487769784172,,0.0
2021-08-13,2021,SFG,COL,632906.0,0.8394867394695787,,1.0,
2021-08-13,2021,MIN,TBR,632926.0,0.7332658045977012,,1.0,
2021-08-14,2021,TEX,ATH,632894.0,,0.7774745406824146,,0.0
2021-08-14,2021,MIN,TBR,632913.0,,0.8039529914529915,,0.0
2021-08-15,2021,SEA,TOR,632857.0,,0.80797542997543,,0.0
2021-08-16,2021,LAD,PIT,632882.0,,0.7069083191850595,,1.0
2021-08-17,2021,KCR,HOU,632875.0,0.7559952153110049,,1.0,
2021-08-18,2021,SFG,NYM,632850.0,0.8562658565500889,,0.0,
2021-08-18,2021,NYY,BOS,632852.0,0.771616365824308,,0.0,
2021-08-20,2021,ATH,SFG,632809.0,0.7711747673216133,,1.0,
2021-08-20,2021,TBR,CHW,632836.0,0.7518052101835405,,0.0,
2021-08-22,2021,STL,PIT,632794.0,,0.6969013264315757,,0.0
2021-08-22,2021,TOR,DET,632784.0,0.8182441291585127,,0.0,
2021-08-23,2021,HOU,KCR,632770.0,,0.7087195217052248,,0.0
2021-08-24,2021,ATL,NYY,632763.0,,0.7771869896570495,,0.0
2021-08-25,2021,MIA,WSN,632760.0,0.7057494841106067,,0.0,
2021-08-26,2021,ATH,NYY,632749.0,0.764481411764706,,0.0,
2021-08-27,2021,DET,TOR,632709.0,,0.8085055495103374,,0.0
2021-08-27,2021,MIN,MIL,632759.0,0.7249816824966079,,1.0,
2021-08-28,2021,BAL,TBR,632721.0,,0.8110791062801933,,1.0
2021-08-28,2021,SEA,KCR,632713.0,,0.7405841799709724,,1.0
2021-08-28,2021,PIT,STL,632723.0,0.7030145502645502,,0.0,
2021-08-29,2021,ATL,SFG,632701.0,,0.8541093610698364,,0.0
2021-08-31,2021,NYM,MIA,632679.0,,0.6334394319131162,,0.0
2021-09-01,2021,DET,ATH,632710.0,,0.7654710196356754,,0.0
2021-09-01,2021,TOR,BAL,632640.0,0.8158444837162333,,0.0,
2021-09-03,2021,CHC,PIT,632660.0,,0.6948040334855404,,0.0
2021-09-03,2021,TBR,MIN,632627.0,0.771906013986014,,0.0,
2021-09-03,2021,SFG,LAD,632645.0,0.8645937402190922,,0.0,
2021-09-04,2021,TBR,MIN,632600.0,,0.7166461811722913,,0.0
2021-09-04,2021,KCR,CHW,632652.0,0.7096888776285786,,0.0,
2021-09-07,2021,MIA,NYM,632572.0,0.6465023597273205,,0.0,
2021-09-07,2021,NYY,TOR,632577.0,,0.7970557630736393,,0.0
2021-09-07,2021,BAL,KCR,632594.0,0.7515728411338167,,0.0,
2021-09-07,2021,ATH,CHW,632578.0,0.7375198577356253,,0.0,
2021-09-08,2021,COL,SFG,632589.0,,0.8340429777436685,,0.0
2021-09-09,2021,CLE,MIN,632561.0,,0.7690679347826086,,0.0
2021-09-10,2021,DET,TBR,632543.0,,0.7618781594296824,,1.0
2021-09-10,2021,MIN,KCR,632541.0,,0.7110590241343127,,0.0
2021-09-10,2021,PIT,WSN,632555.0,0.6998727134146341,,1.0,
2021-09-11,2021,BAL,TOR,632539.0,,0.8851810218978103,,1.0
2021-09-11,2021,BAL,TOR,633331.0,,0.8851810218978103,,1.0
2021-09-11,2021,BAL,TOR,632539.0,,0.8851810218978103,,1.0
2021-09-11,2021,BAL,TOR,633331.0,,0.8851810218978103,,1.0
2021-09-11,2021,BAL,TOR,632539.0,,0.8851810218978103,,1.0
2021-09-11,2021,BAL,TOR,633331.0,,0.8851810218978103,,1.0
2021-09-11,2021,BAL,TOR,632539.0,,0.8851810218978103,,1.0
2021-09-11,2021,BAL,TOR,633331.0,,0.8851810218978103,,1.0
2021-09-11,2021,MIN,KCR,632527.0,0.7879463414634148,,0.0,
2021-09-11,2021,BAL,TOR,632539.0,,0.8851810218978103,,1.0
2021-09-11,2021,BAL,TOR,633331.0,,0.8851810218978103,,1.0
2021-09-11,2021,BAL,TOR,632539.0,,0.8851810218978103,,1.0
2021-09-11,2021,BAL,TOR,633331.0,,0.8851810218978103,,1.0
2021-09-11,2021,BAL,TOR,632539.0,,0.8851810218978103,,1.0
2021-09-11,2021,BAL,TOR,633331.0,,0.8851810218978103,,1.0
2021-09-11,2021,BAL,TOR,632539.0,,0.8851810218978103,,1.0
2021-09-11,2021,BAL,TOR,633331.0,,0.8851810218978103,,1.0
2021-09-12,2021,ATH,TEX,632553.0,0.7545861865407318,,1.0,
2021-09-12,2021,ATL,MIA,632523.0,,0.651607535321821,,1.0
2021-09-12,2021,BAL,TOR,632498.0,,0.6955987025023171,,1.0
2021-09-14,2021,SFG,SDP,632491.0,0.8439098971266407,,0.0,
2021-09-14,2021,BAL,NYY,632500.0,0.7574391057724391,,0.0,
2021-09-15,2021,TOR,TBR,632483.0,,0.8393447079236553,,1.0
2021-09-16,2021,KCR,ATH,632468.0,0.7145077069006402,,0.0,
2021-09-17,2021,TOR,MIN,632430.0,,0.7118843683083511,,1.0
2021-09-18,2021,TOR,MIN,632431.0,0.8195923039454457,,0.0,
2021-09-18,2021,LAA,ATH,632444.0,,0.7501683673469387,,1.0
2021-09-18,2021,MIA,PIT,632448.0,0.6840395119116792,,0.0,
2021-09-19,2021,SFG,ATL,632433.0,0.885891304347826,,1.0,
2021-09-19,2021,BOS,BAL,632419.0,,0.7334836091164535,,0.0
2021-09-21,2021,PHI,BAL,632402.0,,0.7219946369636964,,0.0
2021-09-21,2021,CLE,KCR,632398.0,,0.709645566674424,,0.0
2021-09-23,2021,MIN,TOR,632375.0,,,,
2021-09-23,2021,CLE,CHW,632372.0,,0.7914987170515513,,0.0
2021-09-23,2021,CLE,CHW,633866.0,,0.7914987170515513,,0.0
2021-09-23,2021,CLE,CHW,632372.0,,0.7914987170515513,,0.0
2021-09-23,2021,CLE,CHW,633866.0,,0.7914987170515513,,0.0
2021-09-23,2021,CLE,CHW,632372.0,,0.7914987170515513,,0.0
2021-09-23,2021,CLE,CHW,633866.0,,0.7914987170515513,,0.0
2021-09-23,2021,CLE,CHW,632372.0,,0.7914987170515513,,0.0
2021-09-23,2021,CLE,CHW,633866.0,,0.7914987170515513,,0.0
2021-09-23,2021,CLE,CHW,632372.0,,0.7914987170515513,,0.0
2021-09-23,2021,CLE,CHW,633866.0,,0.7914987170515513,,0.0
2021-09-23,2021,CLE,CHW,632372.0,,0.7914987170515513,,0.0
2021-09-23,2021,CLE,CHW,633866.0,,0.7914987170515513,,0.0
2021-09-23,2021,CLE,CHW,632372.0,,0.7914987170515513,,0.0
2021-09-23,2021,CLE,CHW,633866.0,,0.7914987170515513,,0.0
2021-09-23,2021,CLE,CHW,632372.0,,0.7914987170515513,,0.0
2021-09-23,2021,CLE,CHW,633866.0,,0.7914987170515513,,0.0
2021-09-24,2021,BAL,TEX,632369.0,0.7201076976182258,,0.0,
2021-09-24,2021,TBR,MIA,632358.0,,0.6676991051454139,,0.0
2021-09-25,2021,COL,SFG,632349.0,,0.861113230396609,,0.0
2021-09-28,2021,HOU,TBR,632316.0,,0.7837526034337179,,0.0
2021-09-29,2021,KCR,CLE,632302.0,0.6868813646937194,,0.0,
2021-09-29,2021,MIN,DET,632300.0,0.7699433593749999,,0.0,
2021-09-30,2021,BAL,BOS,632294.0,0.7201076976182258,,0.0,
2021-09-30,2021,NYM,MIA,632283.0,,0.64361,,1.0
2021-10-01,2021,SFG,SDP,632267.0,0.8170088984351027,,0.0,
2021-10-01,2021,TOR,BAL,632268.0,0.8260592592592593,,0.0,
2022-04-10,2022,SFG,MIA,662122.0,0.7497002352941177,,1.0,
2022-04-10,2022,DET,CHW,662887.0,,0.7979051987767585,,1.0
2022-04-10,2022,STL,PIT,662019.0,0.7391651109728272,,0.0,
2022-04-11,2022,DET,BOS,662863.0,,0.7453908482142857,,0.0
2022-04-11,2022,LAA,MIA,661036.0,0.7414031936127744,,0.0,
2022-04-12,2022,MIN,LAD,661753.0,,0.7970550703974336,,0.0
2022-04-12,2022,TBR,ATH,661944.0,0.7058581183611532,,0.0,
2022-04-12,2022,STL,KCR,662017.0,,0.6906204735376044,,0.0
2022-04-16,2022,CLE,SFG,663076.0,,0.7274601905932985,,0.0
2022-04-16,2022,MIL,STL,661335.0,,0.7444398661367915,,0.0
2022-04-16,2022,CHW,TBR,661527.0,0.732900907187718,,0.0,
2022-04-17,2022,BOS,MIN,663308.0,0.7320427997162449,,0.0,
2022-04-17,2022,LAD,CIN,662618.0,0.7558459237097979,,0.0,
2022-04-18,2022,HOU,LAA,662928.0,,0.7503240790176189,,0.0
2022-04-20,2022,KCR,MIN,662703.0,0.6958541717641302,,0.0,
2022-04-21,2022,NYM,SFG,662593.0,,0.7415424425634825,,0.0
2022-04-21,2022,DET,NYY,662850.0,0.735691790040377,,1.0,
2022-04-22,2022,CIN,STL,663169.0,,0.7511465901848311,,0.0
2022-04-22,2022,TBR,BOS,661914.0,,0.7334409314249092,,0.0
2022-04-22,2022,MIN,CHW,661755.0,,0.7168342147012163,,0.0
2022-04-25,2022,LAA,CLE,661034.0,0.791144307856761,,0.0,
2022-04-26,2022,CHW,KCR,661536.0,,0.7352751565762004,,1.0
2022-04-27,2022,STL,NYM,662048.0,0.7188401344215075,,0.0,
2022-04-27,2022,TOR,BOS,661757.0,,0.7388554767893895,,0.0
2022-04-27,2022,MIN,DET,661739.0,,0.6502443656621929,,0.0
2022-04-28,2022,CHW,KCR,661532.0,0.7169192415730337,,0.0,
2022-05-01,2022,CHW,LAA,661531.0,,0.6841281038374717,,1.0
2022-05-01,2022,KCR,NYY,662691.0,0.6879950248756219,,0.0,
2022-05-01,2022,ATH,CLE,662397.0,0.6234522572912505,,0.0,
2022-05-02,2022,STL,KCR,662009.0,0.7489157417893544,,0.0,
2022-05-03,2022,CHC,CHW,663165.0,,0.7132720659553832,,0.0
2022-05-03,2022,BOS,LAA,663237.0,0.7460651499482936,,0.0,
2022-05-04,2022,DET,PIT,662838.0,0.7568340867992766,,1.0,
2022-05-04,2022,DET,PIT,662839.0,0.7568340867992766,,1.0,
2022-05-04,2022,DET,PIT,662838.0,0.7568340867992766,,1.0,
2022-05-04,2022,DET,PIT,662839.0,0.7568340867992766,,1.0,
2022-05-04,2022,DET,PIT,662838.0,0.7568340867992766,,1.0,
2022-05-04,2022,DET,PIT,662839.0,0.7568340867992766,,1.0,
2022-05-04,2022,DET,PIT,662838.0,0.7568340867992766,,1.0,
2022-05-04,2022,DET,PIT,662839.0,0.7568340867992766,,1.0,
2022-05-04,2022,DET,PIT,662838.0,0.7568340867992766,,1.0,
2022-05-04,2022,DET,PIT,662839.0,0.7568340867992766,,1.0,
2022-05-04,2022,DET,PIT,662838.0,0.7568340867992766,,1.0,
2022-05-04,2022,DET,PIT,662839.0,0.7568340867992766,,1.0,
2022-05-04,2022,DET,PIT,662838.0,0.7568340867992766,,1.0,
2022-05-04,2022,DET,PIT,662839.0,0.7568340867992766,,1.0,
2022-05-04,2022,DET,PIT,662838.0,0.7568340867992766,,1.0,
2022-05-04,2022,DET,PIT,662839.0,0.7568340867992766,,1.0,
2022-05-07,2022,CHC,LAD,663142.0,0.7656142270861834,,1.0,
2022-05-07,2022,CHC,LAD,663162.0,0.7656142270861834,,1.0,
2022-05-07,2022,CHC,LAD,663142.0,0.7656142270861834,,1.0,
2022-05-07,2022,CHC,LAD,663162.0,0.7656142270861834,,1.0,
2022-05-07,2022,CHC,LAD,663142.0,0.7656142270861834,,1.0,
2022-05-07,2022,CHC,LAD,663162.0,0.7656142270861834,,1.0,
2022-05-07,2022,CHC,LAD,663142.0,0.7656142270861834,,1.0,
2022-05-07,2022,CHC,LAD,663162.0,0.7656142270861834,,1.0,
2022-05-07,2022,CHC,LAD,663142.0,0.7656142270861834,,1.0,
2022-05-07,2022,CHC,LAD,663162.0,0.7656142270861834,,1.0,
2022-05-07,2022,CHC,LAD,663142.0,0.7656142270861834,,1.0,
2022-05-07,2022,CHC,LAD,663162.0,0.7656142270861834,,1.0,
2022-05-07,2022,CHC,LAD,663142.0,0.7656142270861834,,1.0,
2022-05-07,2022,CHC,LAD,663162.0,0.7656142270861834,,1.0,
2022-05-07,2022,CHC,LAD,663142.0,0.7656142270861834,,1.0,
2022-05-07,2022,CHC,LAD,663162.0,0.7656142270861834,,1.0,
2022-05-07,2022,MIN,ATH,661701.0,,0.6810983477576711,,0.0
2022-05-07,2022,LAA,WSN,663430.0,0.7851624575036426,,0.0,
2022-05-07,2022,SFG,STL,662102.0,,0.739293756845564,,0.0
2022-05-08,2022,BAL,KCR,661307.0,,0.7070289132602193,,1.0
2022-05-08,2022,BAL,KCR,661345.0,,0.7070289132602193,,1.0
2022-05-08,2022,BAL,KCR,661307.0,,0.7070289132602193,,1.0
2022-05-08,2022,BAL,KCR,661345.0,,0.7070289132602193,,1.0
2022-05-08,2022,BAL,KCR,661307.0,,0.7070289132602193,,1.0
2022-05-08,2022,BAL,KCR,661345.0,,0.7070289132602193,,1.0
2022-05-08,2022,BAL,KCR,661307.0,,0.7070289132602193,,1.0
2022-05-08,2022,BAL,KCR,661345.0,,0.7070289132602193,,1.0
2022-05-08,2022,BAL,KCR,661307.0,,0.7070289132602193,,1.0
2022-05-08,2022,BAL,KCR,661345.0,,0.7070289132602193,,1.0
2022-05-08,2022,BAL,KCR,661307.0,,0.7070289132602193,,1.0
2022-05-08,2022,BAL,KCR,661345.0,,0.7070289132602193,,1.0
2022-05-08,2022,BAL,KCR,661307.0,,0.7070289132602193,,1.0
2022-05-08,2022,BAL,KCR,661345.0,,0.7070289132602193,,1.0
2022-05-08,2022,BAL,KCR,661307.0,,0.7070289132602193,,1.0
2022-05-08,2022,BAL,KCR,661345.0,,0.7070289132602193,,1.0
2022-05-09,2022,DET,ATH,662837.0,0.6525353285328533,,0.0,
2022-05-09,2022,CHW,CLE,661525.0,0.713980833519055,,0.0,
2022-05-11,2022,MIN,HOU,661702.0,,0.7886801752464403,,0.0
2022-05-12,2022,DET,ATH,662872.0,,0.6683963721867652,,0.0
2022-05-12,2022,STL,BAL,662005.0,0.7602369345630217,,0.0,
2022-05-14,2022,DET,BAL,662844.0,0.7765056331680936,,1.0,
2022-05-14,2022,ATH,LAA,662379.0,,0.796265329845975,,0.0
2022-05-14,2022,ATH,LAA,662399.0,,0.796265329845975,,0.0
2022-05-14,2022,ATH,LAA,662379.0,,0.796265329845975,,0.0
2022-05-14,2022,ATH,LAA,662399.0,,0.796265329845975,,0.0
2022-05-14,2022,ATH,LAA,662379.0,,0.796265329845975,,0.0
2022-05-14,2022,ATH,LAA,662399.0,,0.796265329845975,,0.0
2022-05-14,2022,ATH,LAA,662379.0,,0.796265329845975,,0.0
2022-05-14,2022,ATH,LAA,662399.0,,0.796265329845975,,0.0
2022-05-14,2022,ATH,LAA,662379.0,,0.796265329845975,,0.0
2022-05-14,2022,ATH,LAA,662399.0,,0.796265329845975,,0.0
2022-05-14,2022,ATH,LAA,662379.0,,0.796265329845975,,0.0
2022-05-14,2022,ATH,LAA,662399.0,,0.796265329845975,,0.0
2022-05-14,2022,ATH,LAA,662379.0,,0.796265329845975,,0.0
2022-05-14,2022,ATH,LAA,662399.0,,0.796265329845975,,0.0
2022-05-14,2022,ATH,LAA,662379.0,,0.796265329845975,,0.0
2022-05-14,2022,ATH,LAA,662399.0,,0.796265329845975,,0.0
2022-05-15,2022,LAD,PHI,662696.0,0.7970550703974336,,0.0,
2022-05-15,2022,CHW,NYY,661489.0,0.8281714140386571,,1.0,
2022-05-15,2022,COL,KCR,663010.0,,0.7523874157303372,,1.0
2022-05-17,2022,NYM,STL,662507.0,,0.753896521926982,,0.0
2022-05-17,2022,NYM,STL,662566.0,,0.753896521926982,,0.0
2022-05-17,2022,NYM,STL,662507.0,,0.753896521926982,,0.0
2022-05-17,2022,NYM,STL,662566.0,,0.753896521926982,,0.0
2022-05-17,2022,NYM,STL,662507.0,,0.753896521926982,,0.0
2022-05-17,2022,NYM,STL,662566.0,,0.753896521926982,,0.0
2022-05-17,2022,NYM,STL,662507.0,,0.753896521926982,,0.0
2022-05-17,2022,NYM,STL,662566.0,,0.753896521926982,,0.0
2022-05-17,2022,ATH,MIN,662370.0,0.6805806799784135,,0.0,
2022-05-17,2022,NYM,STL,662507.0,,0.753896521926982,,0.0
2022-05-17,2022,NYM,STL,662566.0,,0.753896521926982,,0.0
2022-05-17,2022,NYM,STL,662507.0,,0.753896521926982,,0.0
2022-05-17,2022,NYM,STL,662566.0,,0.753896521926982,,0.0
2022-05-17,2022,NYM,STL,662507.0,,0.753896521926982,,0.0
2022-05-17,2022,NYM,STL,662566.0,,0.753896521926982,,0.0
2022-05-17,2022,NYM,STL,662507.0,,0.753896521926982,,0.0
2022-05-17,2022,NYM,STL,662566.0,,0.753896521926982,,0.0
2022-05-20,2022,BOS,SEA,663268.0,0.7589966887417218,,1.0,
2022-05-20,2022,KCR,MIN,662714.0,0.7113100926377378,,1.0,
2022-05-21,2022,LAA,ATH,663448.0,0.7677610169491527,,0.0,
2022-05-21,2022,PIT,STL,662478.0,,0.8769630498533723,,1.0
2022-05-22,2022,NYY,CHW,661288.0,,0.713980833519055,,0.0
2022-05-22,2022,NYY,CHW,661290.0,,0.713980833519055,,0.0
2022-05-22,2022,NYY,CHW,661288.0,,0.713980833519055,,0.0
2022-05-22,2022,NYY,CHW,661290.0,,0.713980833519055,,0.0
2022-05-22,2022,NYY,CHW,661288.0,,0.713980833519055,,0.0
2022-05-22,2022,NYY,CHW,661290.0,,0.713980833519055,,0.0
2022-05-22,2022,NYY,CHW,661288.0,,0.713980833519055,,0.0
2022-05-22,2022,NYY,CHW,661290.0,,0.713980833519055,,0.0
2022-05-22,2022,NYY,CHW,661288.0,,0.713980833519055,,0.0
2022-05-22,2022,NYY,CHW,661290.0,,0.713980833519055,,0.0
2022-05-22,2022,NYY,CHW,661288.0,,0.713980833519055,,0.0
2022-05-22,2022,NYY,CHW,661290.0,,0.713980833519055,,0.0
2022-05-22,2022,NYY,CHW,661288.0,,0.713980833519055,,0.0
2022-05-22,2022,NYY,CHW,661290.0,,0.713980833519055,,0.0
2022-05-22,2022,NYY,CHW,661288.0,,0.713980833519055,,0.0
2022-05-22,2022,NYY,CHW,661290.0,,0.713980833519055,,0.0
2022-05-22,2022,PIT,STL,662479.0,,0.7073017314788532,,0.0
2022-05-24,2022,SEA,ATH,662134.0,,0.6684434806180538,,0.0
2022-05-25,2022,SFG,NYM,662093.0,,0.7629578820697955,,0.0
2022-05-26,2022,CHW,BOS,661486.0,,0.7472201716738198,,1.0
2022-05-26,2022,MIN,KCR,661771.0,,0.7169103726082579,,1.0
2022-05-28,2022,STL,MIL,661991.0,0.7425894472361809,,0.0,
2022-05-28,2022,LAA,TOR,663400.0,0.7081485097636177,,1.0,
2022-05-29,2022,ATH,TEX,662374.0,0.6492834796926454,,0.0,
2022-05-31,2022,CLE,KCR,663034.0,,0.6981580652626708,,0.0
2022-05-31,2022,BOS,CIN,663297.0,0.7463433811129848,,0.0,
2022-06-01,2022,COL,MIA,662981.0,,0.6927977315689982,,0.0
2022-06-01,2022,COL,MIA,662991.0,,0.6927977315689982,,0.0
2022-06-01,2022,COL,MIA,662981.0,,0.6927977315689982,,0.0
2022-06-01,2022,COL,MIA,662991.0,,0.6927977315689982,,0.0
2022-06-01,2022,COL,MIA,662981.0,,0.6927977315689982,,0.0
2022-06-01,2022,COL,MIA,662991.0,,0.6927977315689982,,0.0
2022-06-01,2022,COL,MIA,662981.0,,0.6927977315689982,,0.0
2022-06-01,2022,COL,MIA,662991.0,,0.6927977315689982,,0.0
2022-06-01,2022,COL,MIA,662981.0,,0.6927977315689982,,0.0
2022-06-01,2022,COL,MIA,662991.0,,0.6927977315689982,,0.0
2022-06-01,2022,COL,MIA,662981.0,,0.6927977315689982,,0.0
2022-06-01,2022,COL,MIA,662991.0,,0.6927977315689982,,0.0
2022-06-01,2022,COL,MIA,662981.0,,0.6927977315689982,,0.0
2022-06-01,2022,COL,MIA,662991.0,,0.6927977315689982,,0.0
2022-06-01,2022,COL,MIA,662981.0,,0.6927977315689982,,0.0
2022-06-01,2022,COL,MIA,662991.0,,0.6927977315689982,,0.0
2022-06-01,2022,TOR,CHW,661764.0,,0.8089157575757574,,1.0
2022-06-02,2022,CHC,STL,663139.0,,0.7525909514925373,,0.0
2022-06-03,2022,ATH,BOS,662365.0,0.6415568503937007,,0.0,
2022-06-03,2022,MIA,SFG,661396.0,0.7349074233304672,,0.0,
2022-06-04,2022,PHI,LAA,661615.0,,0.761389590702375,,0.0
2022-06-06,2022,LAA,BOS,663399.0,,0.7467611189374119,,0.0
2022-06-06,2022,KCR,TOR,662613.0,0.6660995799357549,,0.0,
2022-06-07,2022,CHW,LAD,661460.0,0.7262291296625221,,0.0,
2022-06-07,2022,MIA,WSN,661169.0,0.7186144853150841,,0.0,
2022-06-09,2022,MIA,WSN,661149.0,,0.7284415341440599,,1.0
2022-06-09,2022,CLE,ATH,663015.0,,0.6801455891425047,,1.0
2022-06-11,2022,SEA,BOS,662128.0,,0.7467611189374119,,0.0
2022-06-11,2022,LAA,NYM,663412.0,0.7185369418132612,,0.0,
2022-06-11,2022,KCR,BAL,662674.0,0.6984383847760502,,0.0,
2022-06-12,2022,HOU,MIA,662758.0,,0.7192699023379698,,0.0
2022-06-12,2022,CHW,TEX,661483.0,0.7191504950495049,,0.0,
2022-06-14,2022,STL,PIT,661973.0,0.7554679561873688,,0.0,
2022-06-14,2022,STL,PIT,662018.0,0.7554679561873688,,0.0,
2022-06-14,2022,STL,PIT,661973.0,0.7554679561873688,,0.0,
2022-06-14,2022,STL,PIT,662018.0,0.7554679561873688,,0.0,
2022-06-14,2022,STL,PIT,661973.0,0.7554679561873688,,0.0,
2022-06-14,2022,STL,PIT,662018.0,0.7554679561873688,,0.0,
2022-06-14,2022,STL,PIT,661973.0,0.7554679561873688,,0.0,
2022-06-14,2022,STL,PIT,662018.0,0.7554679561873688,,0.0,
2022-06-14,2022,STL,PIT,661973.0,0.7554679561873688,,0.0,
2022-06-14,2022,STL,PIT,662018.0,0.7554679561873688,,0.0,
2022-06-14,2022,STL,PIT,661973.0,0.7554679561873688,,0.0,
2022-06-14,2022,STL,PIT,662018.0,0.7554679561873688,,0.0,
2022-06-14,2022,STL,PIT,661973.0,0.7554679561873688,,0.0,
2022-06-14,2022,STL,PIT,662018.0,0.7554679561873688,,0.0,
2022-06-14,2022,STL,PIT,661973.0,0.7554679561873688,,0.0,
2022-06-14,2022,STL,PIT,662018.0,0.7554679561873688,,0.0,
2022-06-15,2022,BOS,ATH,663235.0,,0.7062719522591646,,0.0
2022-06-15,2022,PHI,MIA,661583.0,,0.7148415622697127,,0.0
2022-06-17,2022,SEA,LAA,662171.0,,0.6598777633289987,,1.0
2022-06-17,2022,ATH,KCR,662362.0,,0.6947042998897465,,0.0
2022-06-17,2022,BOS,STL,663256.0,0.7467611189374119,,0.0,
2022-06-19,2022,LAD,CLE,662590.0,0.7882926294820716,,0.0,
2022-06-19,2022,HOU,CHW,662751.0,,0.729012908324552,,0.0
2022-06-21,2022,ATL,SFG,661142.0,,0.7333171768707482,,0.0
2022-06-21,2022,MIA,COL,661148.0,0.7105857836870366,,0.0,
2022-06-21,2022,ATH,SEA,662360.0,0.6800517857142858,,1.0,
2022-06-22,2022,BOS,DET,663252.0,0.7957916270218839,,1.0,
2022-06-22,2022,LAA,KCR,663389.0,,0.683833987531748,,0.0
2022-06-24,2022,CHW,BAL,661455.0,0.7323456932289267,,0.0,
2022-06-24,2022,LAA,SEA,663388.0,0.7809413414349148,,0.0,
2022-06-26,2022,KCR,ATH,662665.0,,0.6457851669403394,,0.0
2022-06-26,2022,LAA,SEA,663387.0,0.7212222782258064,,1.0,
2022-06-26,2022,SFG,CIN,662061.0,0.702565456209948,,0.0,
2022-06-26,2022,MIA,NYM,661380.0,0.6875467479674796,,1.0,
2022-06-28,2022,TOR,BOS,661728.0,,0.7519898255813953,,0.0
2022-06-29,2022,LAA,CHW,663396.0,,0.7256844386649327,,0.0
2022-07-01,2022,DET,KCR,662834.0,0.6509227589208008,,0.0,
2022-07-01,2022,SEA,ATH,662149.0,,0.6687456030150754,,1.0
2022-07-01,2022,HOU,LAA,662748.0,,0.7492921615201902,,0.0
2022-07-02,2022,TOR,TBR,661724.0,0.7568999810570183,,0.0,
2022-07-02,2022,TOR,TBR,661836.0,0.7568999810570183,,0.0,
2022-07-02,2022,TOR,TBR,661724.0,0.7568999810570183,,0.0,
2022-07-02,2022,TOR,TBR,661836.0,0.7568999810570183,,0.0,
2022-07-02,2022,TOR,TBR,661724.0,0.7568999810570183,,0.0,
2022-07-02,2022,TOR,TBR,661836.0,0.7568999810570183,,0.0,
2022-07-02,2022,TOR,TBR,661724.0,0.7568999810570183,,0.0,
2022-07-02,2022,TOR,TBR,661836.0,0.7568999810570183,,0.0,
2022-07-02,2022,PHI,STL,661581.0,,0.772712416481069,,0.0
2022-07-02,2022,WSN,MIA,662482.0,,0.7142982947909368,,0.0
2022-07-02,2022,TOR,TBR,661724.0,0.7568999810570183,,0.0,
2022-07-02,2022,TOR,TBR,661836.0,0.7568999810570183,,0.0,
2022-07-02,2022,TOR,TBR,661724.0,0.7568999810570183,,0.0,
2022-07-02,2022,TOR,TBR,661836.0,0.7568999810570183,,0.0,
2022-07-02,2022,TOR,TBR,661724.0,0.7568999810570183,,0.0,
2022-07-02,2022,TOR,TBR,661836.0,0.7568999810570183,,0.0,
2022-07-02,2022,TOR,TBR,661724.0,0.7568999810570183,,0.0,
2022-07-02,2022,TOR,TBR,661836.0,0.7568999810570183,,0.0,
2022-07-05,2022,CHW,MIN,661426.0,0.7356710409252668,,0.0,
2022-07-06,2022,ATH,TOR,662353.0,0.658449694274597,,0.0,
2022-07-06,2022,DET,CLE,662814.0,0.6204383350462488,,0.0,
2022-07-07,2022,SEA,TOR,662156.0,,0.8274853014449426,,1.0
2022-07-07,2022,ATL,STL,661521.0,,0.7544606656580938,,0.0
2022-07-07,2022,NYM,MIA,662508.0,,0.724468731735827,,0.0
2022-07-10,2022,CHW,DET,661410.0,0.7145650684931506,,0.0,
2022-07-11,2022,KCR,DET,662661.0,0.701905330882353,,0.0,
2022-07-11,2022,KCR,DET,662700.0,0.701905330882353,,0.0,
2022-07-11,2022,KCR,DET,662661.0,0.701905330882353,,0.0,
2022-07-11,2022,KCR,DET,662700.0,0.701905330882353,,0.0,
2022-07-11,2022,KCR,DET,662661.0,0.701905330882353,,0.0,
2022-07-11,2022,KCR,DET,662700.0,0.701905330882353,,0.0,
2022-07-11,2022,KCR,DET,662661.0,0.701905330882353,,0.0,
2022-07-11,2022,KCR,DET,662700.0,0.701905330882353,,0.0,
2022-07-11,2022,KCR,DET,662661.0,0.701905330882353,,0.0,
2022-07-11,2022,KCR,DET,662700.0,0.701905330882353,,0.0,
2022-07-11,2022,KCR,DET,662661.0,0.701905330882353,,0.0,
2022-07-11,2022,KCR,DET,662700.0,0.701905330882353,,0.0,
2022-07-11,2022,KCR,DET,662661.0,0.701905330882353,,0.0,
2022-07-11,2022,KCR,DET,662700.0,0.701905330882353,,0.0,
2022-07-11,2022,KCR,DET,662661.0,0.701905330882353,,0.0,
2022-07-11,2022,KCR,DET,662700.0,0.701905330882353,,0.0,
2022-07-11,2022,KCR,DET,662661.0,,0.6526380731581658,,0.0
2022-07-11,2022,KCR,DET,662700.0,,0.6526380731581658,,0.0
2022-07-11,2022,KCR,DET,662661.0,,0.6526380731581658,,0.0
2022-07-11,2022,KCR,DET,662700.0,,0.6526380731581658,,0.0
2022-07-11,2022,KCR,DET,662661.0,,0.6526380731581658,,0.0
2022-07-11,2022,KCR,DET,662700.0,,0.6526380731581658,,0.0
2022-07-11,2022,KCR,DET,662661.0,,0.6526380731581658,,0.0
2022-07-11,2022,KCR,DET,662700.0,,0.6526380731581658,,0.0
2022-07-11,2022,KCR,DET,662661.0,,0.6526380731581658,,0.0
2022-07-11,2022,KCR,DET,662700.0,,0.6526380731581658,,0.0
2022-07-11,2022,KCR,DET,662661.0,,0.6526380731581658,,0.0
2022-07-11,2022,KCR,DET,662700.0,,0.6526380731581658,,0.0
2022-07-11,2022,KCR,DET,662661.0,,0.6526380731581658,,0.0
2022-07-11,2022,KCR,DET,662700.0,,0.6526380731581658,,0.0
2022-07-11,2022,KCR,DET,662661.0,,0.6526380731581658,,0.0
2022-07-11,2022,KCR,DET,662700.0,,0.6526380731581658,,0.0
2022-07-12,2022,MIA,PIT,661377.0,0.6968154415653094,,0.0,
2022-07-12,2022,TOR,PHI,661722.0,,0.7510306610407876,,0.0
2022-07-12,2022,TEX,ATH,661813.0,,0.6350157728706625,,0.0
2022-07-15,2022,MIN,CHW,661674.0,,0.777971413986728,,1.0
2022-07-16,2022,TOR,KCR,661718.0,,0.6804219056974461,,0.0
2022-07-16,2022,CLE,DET,662952.0,,0.6417430642339416,,0.0
2022-07-23,2022,ATH,TEX,662348.0,0.6694988425925925,,0.0,
2022-07-23,2022,DET,MIN,662902.0,0.6517225504677499,,0.0,
2022-07-23,2022,CIN,STL,663047.0,,0.8976659867414585,,1.0
2022-07-26,2022,COL,CHW,661079.0,,0.7202471861471861,,0.0
2022-07-27,2022,LAD,WSN,662565.0,0.7647644341801385,,1.0,
2022-07-28,2022,CIN,MIA,663027.0,,0.6869003820158684,,0.0
2022-07-29,2022,CHW,ATH,661406.0,,0.6782573491490458,,0.0
2022-08-01,2022,CHW,KCR,661387.0,,,,
2022-08-01,2022,SFG,LAD,662070.0,,0.8009090528080469,,0.0
2022-08-03,2022,LAA,ATH,663375.0,,0.6894204744069913,,0.0
2022-08-03,2022,CLE,ARI,662946.0,,0.7187496221662469,,0.0
2022-08-05,2022,MIL,CIN,661174.0,,0.711681195516812,,1.0
2022-08-05,2022,CHC,MIA,661063.0,,0.6724013377926421,,1.0
2022-08-06,2022,TEX,CHW,661815.0,,0.7265042085814001,,0.0
2022-08-06,2022,LAD,SDP,662654.0,0.7881981167608287,,0.0,
2022-08-06,2022,KCR,BOS,662649.0,0.6896854472630174,,0.0,
2022-08-09,2022,ARI,PIT,663303.0,0.7129913571595421,,0.0,
2022-08-09,2022,ATH,LAA,662330.0,0.6349320291777188,,0.0,
2022-08-11,2022,PHI,MIA,661608.0,,0.6764829697665519,,0.0
2022-08-12,2022,CHW,DET,661384.0,,,,
2022-08-12,2022,KCR,LAD,662671.0,0.6953722488038279,,0.0,
2022-08-13,2022,MIA,ATL,661360.0,0.7017436369211898,,0.0,
2022-08-13,2022,MIA,ATL,661428.0,0.7017436369211898,,0.0,
2022-08-13,2022,MIA,ATL,661360.0,0.7017436369211898,,0.0,
2022-08-13,2022,MIA,ATL,661428.0,0.7017436369211898,,0.0,
2022-08-13,2022,MIA,ATL,661360.0,0.7017436369211898,,0.0,
2022-08-13,2022,MIA,ATL,661428.0,0.7017436369211898,,0.0,
2022-08-13,2022,MIA,ATL,661360.0,0.7017436369211898,,0.0,
2022-08-13,2022,MIA,ATL,661428.0,0.7017436369211898,,0.0,
2022-08-13,2022,MIA,ATL,661360.0,0.7017436369211898,,0.0,
2022-08-13,2022,MIA,ATL,661428.0,0.7017436369211898,,0.0,
2022-08-13,2022,MIA,ATL,661360.0,0.7017436369211898,,0.0,
2022-08-13,2022,MIA,ATL,661428.0,0.7017436369211898,,0.0,
2022-08-13,2022,MIA,ATL,661360.0,0.7017436369211898,,0.0,
2022-08-13,2022,MIA,ATL,661428.0,0.7017436369211898,,0.0,
2022-08-13,2022,MIA,ATL,661360.0,0.7017436369211898,,0.0,
2022-08-13,2022,MIA,ATL,661428.0,0.7017436369211898,,0.0,
2022-08-13,2022,KCR,LAD,662670.0,,0.7457834461218116,,0.0
2022-08-14,2022,BOS,NYY,663175.0,0.7698571428571429,,0.0,
2022-08-14,2022,COL,ARI,662881.0,,0.6943934426229509,,0.0
2022-08-15,2022,TEX,ATH,661834.0,,0.6752885443583118,,0.0
2022-08-16,2022,MIA,SDP,661357.0,0.6584390842191332,,1.0,
2022-08-17,2022,MIN,KCR,661654.0,,0.7057136801541426,,0.0
2022-08-17,2022,CLE,DET,662951.0,,0.6548970890914436,,0.0
2022-08-17,2022,CHW,HOU,661447.0,0.8427469273743017,,1.0,
2022-08-18,2022,MIL,LAD,661179.0,,0.7869820939155856,,0.0
2022-08-19,2022,ARI,STL,663292.0,0.711538626609442,,0.0,
2022-08-20,2022,BAL,BOS,661043.0,,0.7651630852748247,,0.0
2022-08-20,2022,ATH,SEA,662340.0,0.6730211706102116,,0.0,
2022-08-22,2022,ATH,MIA,662314.0,,0.683308312128923,,0.0
2022-08-22,2022,KCR,CHW,662767.0,,,,
2022-08-24,2022,LAD,MIL,662604.0,0.7757467881336135,,0.0,
2022-08-25,2022,ATH,NYY,662337.0,0.6677226677923175,,0.0,
2022-08-26,2022,BOS,TBR,663171.0,0.7254248366013072,,0.0,
2022-08-26,2022,CHW,ARI,661445.0,,0.7098412356321839,,0.0
2022-08-26,2022,MIA,LAD,661355.0,0.640628816793893,,1.0,
2022-08-27,2022,KCR,SDP,662666.0,0.6954693333333333,,0.0,
2022-08-28,2022,MIA,LAD,661353.0,0.6875898825654922,,1.0,
2022-08-29,2022,MIA,LAD,661352.0,,0.7933511618589743,,0.0
2022-08-30,2022,NYM,LAD,662426.0,,0.8017449677938808,,0.0
2022-08-31,2022,MIN,BOS,661649.0,,0.7570518651506084,,0.0
2022-08-31,2022,WSN,ATH,662465.0,,0.6721557247066285,,0.0
2022-08-31,2022,ARI,PHI,663312.0,0.7004315297261189,,1.0,
2022-09-01,2022,CHW,KCR,661440.0,,0.6863575564562826,,0.0
2022-09-02,2022,DET,KCR,662915.0,,0.6719129561432876,,0.0
2022-09-03,2022,DET,KCR,662803.0,0.6470054145516075,,0.0,
2022-09-03,2022,ATL,MIA,661475.0,,0.6734582798459564,,0.0
2022-09-05,2022,LAD,SFG,662602.0,0.795895346144941,,0.0,
2022-09-05,2022,TBR,BOS,661852.0,,0.7680801201802704,,0.0
2022-09-07,2022,SEA,CHW,662137.0,,0.7133379218472469,,0.0
2022-09-07,2022,SDP,ARI,662216.0,,0.7265651796060255,,0.0
2022-09-09,2022,KCR,DET,662637.0,0.6900049689440995,,1.0,
2022-09-09,2022,HOU,LAA,661085.0,,0.7748406610539446,,0.0
2022-09-09,2022,MIA,NYM,661337.0,0.6650022075055187,,1.0,
2022-09-10,2022,BAL,BOS,663455.0,,0.7377795325331649,,0.0
2022-09-11,2022,SDP,LAD,661848.0,,0.7529832709113607,,0.0
2022-09-13,2022,CHW,COL,661436.0,0.7248738022902548,,0.0,
2022-09-14,2022,MIA,PHI,661336.0,0.6814453600859907,,0.0,
2022-09-14,2022,ARI,LAD,663322.0,,0.7383833847881,,0.0
2022-09-15,2022,MIN,KCR,661644.0,,0.6706638501102131,,0.0
2022-09-15,2022,HOU,ATH,662709.0,,0.6495931863727454,,0.0
2022-09-16,2022,BOS,KCR,663209.0,0.7748704007499414,,0.0,
2022-09-16,2022,LAA,SEA,663427.0,0.7603461744248262,,1.0,
2022-09-18,2022,SFG,LAD,662025.0,,0.7976527007599096,,0.0
2022-09-19,2022,MIA,CHC,661299.0,0.6822578055307761,,1.0,
2022-09-20,2022,LAD,ARI,662607.0,0.7897066702384141,,0.0,
2022-09-20,2022,LAD,ARI,662621.0,0.7897066702384141,,0.0,
2022-09-20,2022,LAD,ARI,662607.0,0.7897066702384141,,0.0,
2022-09-20,2022,LAD,ARI,662621.0,0.7897066702384141,,0.0,
2022-09-20,2022,LAD,ARI,662607.0,0.7897066702384141,,0.0,
2022-09-20,2022,LAD,ARI,662621.0,0.7897066702384141,,0.0,
2022-09-20,2022,LAD,ARI,662607.0,0.7897066702384141,,0.0,
2022-09-20,2022,LAD,ARI,662621.0,0.7897066702384141,,0.0,
2022-09-20,2022,LAD,ARI,662607.0,0.7897066702384141,,0.0,
2022-09-20,2022,LAD,ARI,662621.0,0.7897066702384141,,0.0,
2022-09-20,2022,LAD,ARI,662607.0,0.7897066702384141,,0.0,
2022-09-20,2022,LAD,ARI,662621.0,0.7897066702384141,,0.0,
2022-09-20,2022,LAD,ARI,662607.0,0.7897066702384141,,0.0,
2022-09-20,2022,LAD,ARI,662621.0,0.7897066702384141,,0.0,
2022-09-20,2022,LAD,ARI,662607.0,0.7897066702384141,,0.0,
2022-09-20,2022,LAD,ARI,662621.0,0.7897066702384141,,0.0,
2022-09-21,2022,ATH,SEA,662320.0,0.6930745650372825,,1.0,
2022-09-21,2022,KCR,MIN,662633.0,0.6984948359659782,,0.0,
2022-09-22,2022,NYY,BOS,661243.0,,0.7694701086956521,,0.0
2022-09-22,2022,TEX,LAA,661806.0,,0.7953530585106383,,1.0
2022-09-23,2022,ARI,SFG,663282.0,0.6971631330977621,,1.0,
2022-09-23,2022,LAD,STL,662585.0,0.754293137254902,,1.0,
2022-09-25,2022,LAD,STL,662598.0,0.7995762591208401,,0.0,
2022-09-25,2022,MIA,WSN,661294.0,0.6767960381511372,,0.0,
2022-09-27,2022,BOS,BAL,663206.0,0.7760529610014443,,0.0,
2022-09-27,2022,LAA,ATH,663422.0,,0.6813168202764978,,1.0
2022-09-28,2022,DET,KCR,662773.0,,0.6993046642408204,,0.0
2022-09-28,2022,LAA,ATH,663421.0,0.8163533519553073,,0.0,
2022-09-29,2022,SDP,LAD,662209.0,0.7796300410528857,,0.0,
2022-10-01,2022,MIL,MIA,661152.0,,0.6531412935323382,,1.0
2022-10-01,2022,WSN,PHI,661098.0,0.6924489430311717,,0.0,
2022-10-01,2022,WSN,PHI,662572.0,0.6924489430311717,,0.0,
2022-10-01,2022,WSN,PHI,661098.0,0.6924489430311717,,0.0,
2022-10-01,2022,WSN,PHI,662572.0,0.6924489430311717,,0.0,
2022-10-01,2022,WSN,PHI,661098.0,0.6924489430311717,,0.0,
2022-10-01,2022,WSN,PHI,662572.0,0.6924489430311717,,0.0,
2022-10-01,2022,WSN,PHI,661098.0,0.6924489430311717,,0.0,
2022-10-01,2022,WSN,PHI,662572.0,0.6924489430311717,,0.0,
2022-10-01,2022,WSN,PHI,661098.0,0.6924489430311717,,0.0,
2022-10-01,2022,WSN,PHI,662572.0,0.6924489430311717,,0.0,
2022-10-01,2022,WSN,PHI,661098.0,0.6924489430311717,,0.0,
2022-10-01,2022,WSN,PHI,662572.0,0.6924489430311717,,0.0,
2022-10-01,2022,WSN,PHI,661098.0,0.6924489430311717,,0.0,
2022-10-01,2022,WSN,PHI,662572.0,0.6924489430311717,,0.0,
2022-10-01,2022,WSN,PHI,661098.0,0.6924489430311717,,0.0,
2022-10-01,2022,WSN,PHI,662572.0,0.6924489430311717,,0.0,
2022-10-01,2022,LAD,COL,662595.0,0.7784620226605119,,1.0,
2022-10-02,2022,TOR,BOS,661735.0,,0.7103961165048543,,0.0
2022-10-02,2022,SEA,ATH,662087.0,,0.65350401836969,,1.0
2022-10-03,2022,MIL,ARI,661213.0,,0.7205720524017467,,0.0
2022-10-04,2022,CLE,KCR,663077.0,,0.6883830030487805,,0.0
2022-10-04,2022,ATH,LAA,662429.0,,0.7667494866529775,,1.0
2023-04-01,2023,MIA,NYM,718755.0,0.7355071964321914,,0.0,
2023-04-01,2023,SDP,COL,718750.0,0.7679626723728008,,0.0,
2023-04-03,2023,ATH,CLE,718721.0,0.6706325051759835,,0.0,
2023-04-03,2023,CHW,SFG,718730.0,,,,
2023-04-03,2023,LAD,COL,718718.0,0.819605919366115,,0.0,
2023-04-04,2023,TEX,BAL,718709.0,0.7688666527545909,,0.0,
2023-04-04,2023,STL,ATL,718711.0,0.8174369085173501,,1.0,
2023-04-07,2023,NYM,MIA,718693.0,,0.7352032073813708,,0.0
2023-04-08,2023,ATL,SDP,718659.0,,0.7547256990679095,,0.0
2023-04-09,2023,PIT,CHW,718653.0,,0.6618285315985131,,0.0
2023-04-09,2023,SFG,KCR,718643.0,0.6725582460732985,,1.0,
2023-04-09,2023,TBR,ATH,718655.0,,0.6250632095734888,,0.0
2023-04-09,2023,ARI,LAD,718639.0,,0.7894285714285715,,0.0
2023-04-10,2023,TEX,KCR,718630.0,0.7173514227046055,,0.0,
2023-04-10,2023,COL,STL,718629.0,,0.775908685495859,,0.0
2023-04-12,2023,PHI,MIA,718609.0,,0.7064888837955535,,0.0
2023-04-14,2023,SDP,MIL,718574.0,0.7548635917566242,,1.0,
2023-04-14,2023,ATH,NYM,718578.0,0.6576679092885991,,0.0,
2023-04-15,2023,DET,SFG,718571.0,,,,
2023-04-15,2023,CHW,BAL,718570.0,0.7124288681204569,,0.0,
2023-04-15,2023,STL,PIT,718568.0,0.7833646746889659,,0.0,
2023-04-15,2023,LAD,CHC,718564.0,0.820982509838216,,0.0,
2023-04-16,2023,HOU,TEX,718552.0,,0.7897734234234234,,1.0
2023-04-18,2023,MIA,SFG,718528.0,0.7147850412249706,,1.0,
2023-04-20,2023,CHC,LAD,718499.0,,0.8335180863477245,,0.0
2023-04-20,2023,ARI,SDP,718494.0,,0.7412844932844933,,0.0
2023-04-21,2023,SEA,STL,718481.0,,0.7879842889206284,,0.0
2023-04-21,2023,BAL,DET,718495.0,,0.682473176865046,,0.0
2023-04-21,2023,TBR,CHW,718486.0,,0.7063419135502671,,0.0
2023-04-21,2023,SFG,NYM,718480.0,0.7102595584275714,,1.0,
2023-04-22,2023,TEX,ATH,718469.0,0.6848925150762681,,0.0,
2023-04-24,2023,ARI,KCR,718438.0,0.7641967095851216,,0.0,
2023-04-24,2023,ATL,MIA,718443.0,,0.6598462493790364,,0.0
2023-04-26,2023,CHC,SDP,718407.0,,0.7930472567080497,,1.0
2023-04-26,2023,SFG,STL,718423.0,,,,
2023-04-26,2023,MIL,DET,718419.0,,0.6862321248741187,,0.0
2023-04-26,2023,TOR,CHW,718420.0,,0.7713764478764479,,1.0
2023-04-27,2023,TEX,NYY,718397.0,0.7295644453728848,,0.0,
2023-04-29,2023,MIA,CHC,718375.0,0.7359266824338851,,0.0,
2023-04-29,2023,COL,ARI,718366.0,,0.7052134911242605,,0.0
2023-05-02,2023,CHW,MIN,718340.0,0.6843822145157294,,0.0,
2023-05-02,2023,STL,LAA,718338.0,0.7938533190578158,,1.0,
2023-05-02,2023,SDP,CIN,718335.0,0.7379440591770687,,0.0,
2023-05-02,2023,HOU,SFG,718337.0,,0.738582240762813,,0.0
2023-05-03,2023,DET,NYM,718329.0,0.6658330446080555,,0.0,
2023-05-03,2023,DET,NYM,718348.0,0.6658330446080555,,0.0,
2023-05-03,2023,DET,NYM,718329.0,0.6658330446080555,,0.0,
2023-05-03,2023,DET,NYM,718348.0,0.6658330446080555,,0.0,
2023-05-03,2023,DET,NYM,718329.0,0.6658330446080555,,0.0,
2023-05-03,2023,DET,NYM,718348.0,0.6658330446080555,,0.0,
2023-05-03,2023,DET,NYM,718329.0,0.6658330446080555,,0.0,
2023-05-03,2023,DET,NYM,718348.0,0.6658330446080555,,0.0,
2023-05-03,2023,DET,NYM,718329.0,0.6658330446080555,,0.0,
2023-05-03,2023,DET,NYM,718348.0,0.6658330446080555,,0.0,
2023-05-03,2023,DET,NYM,718329.0,0.6658330446080555,,0.0,
2023-05-03,2023,DET,NYM,718348.0,0.6658330446080555,,0.0,
2023-05-03,2023,DET,NYM,718329.0,0.6658330446080555,,0.0,
2023-05-03,2023,DET,NYM,718348.0,0.6658330446080555,,0.0,
2023-05-03,2023,DET,NYM,718329.0,0.6658330446080555,,0.0,
2023-05-03,2023,DET,NYM,718348.0,0.6658330446080555,,0.0,
2023-05-03,2023,TEX,ARI,718325.0,0.7507822045152722,,0.0,
2023-05-05,2023,CHC,MIA,718303.0,,0.7200125683060108,,1.0
2023-05-06,2023,ARI,WSN,718282.0,0.71033568329718,,1.0,
2023-05-07,2023,CIN,CHW,718262.0,,0.6776063864450962,,0.0
2023-05-07,2023,STL,DET,718272.0,0.7726253813300794,,0.0,
2023-05-08,2023,SFG,WSN,718260.0,0.752353209845217,,0.0,
2023-05-09,2023,CLE,DET,718248.0,,0.6627461151736745,,0.0
2023-05-09,2023,SEA,TEX,718239.0,,0.7404414086217365,,0.0
2023-05-09,2023,MIN,SDP,718242.0,,0.7496740874448455,,0.0
2023-05-10,2023,ARI,MIA,718226.0,,0.7282271352106121,,0.0
2023-05-11,2023,ARI,SFG,718215.0,0.7333705895743227,,0.0,
2023-05-12,2023,CHW,HOU,718207.0,0.6953431725461963,,0.0,
2023-05-12,2023,BOS,STL,718211.0,0.7564996104907816,,0.0,
2023-05-13,2023,ARI,SFG,718184.0,,0.731715580736544,,0.0
2023-05-13,2023,BOS,STL,718196.0,,0.8053293718166382,,1.0
2023-05-13,2023,ATH,TEX,718190.0,0.6435622754491019,,0.0,
2023-05-14,2023,ATH,TEX,718172.0,,0.7901642736486487,,1.0
2023-05-15,2023,SDP,KCR,718162.0,0.7363342606462658,,0.0,
2023-05-16,2023,DET,PIT,718155.0,0.6614049152946792,,0.0,
2023-05-16,2023,ATH,ARI,718146.0,,0.7417290098436596,,1.0
2023-05-17,2023,STL,MIL,718131.0,0.7716653293918919,,0.0,
2023-05-17,2023,MIA,WSN,718132.0,0.7122495716733295,,1.0,
2023-05-19,2023,STL,LAD,718113.0,0.773642795883362,,0.0,
2023-05-19,2023,CHW,KCR,718111.0,0.70862912482066,,0.0,
2023-05-19,2023,SFG,MIA,718105.0,0.7078136610460133,,0.0,
2023-05-19,2023,SDP,BOS,718107.0,,0.7198481828839391,,1.0
2023-05-21,2023,HOU,ATH,718086.0,,0.7055624615384617,,1.0
2023-05-21,2023,SDP,BOS,718079.0,0.7037836934156378,,0.0,
2023-05-21,2023,TEX,COL,718076.0,0.7361695447409733,,0.0,
2023-05-22,2023,PHI,ARI,718073.0,,0.762307362240289,,0.0
2023-05-22,2023,COL,MIA,718069.0,,0.7009715680033949,,0.0
2023-05-22,2023,KCR,DET,718066.0,,0.6579868042226487,,0.0
2023-05-24,2023,LAA,BOS,718034.0,,0.7378723660445514,,1.0
2023-05-24,2023,CLE,CHW,718048.0,,0.6863203994293867,,0.0
2023-05-24,2023,MIN,SFG,718047.0,,0.7134834262246994,,0.0
2023-05-24,2023,CIN,STL,718041.0,,0.7451047040971169,,0.0
2023-05-26,2023,ATH,HOU,718009.0,0.6598861743475847,,0.0,
2023-05-26,2023,CLE,STL,718022.0,,0.766417398244214,,0.0
2023-05-27,2023,LAA,MIA,717998.0,,0.7011616611919287,,0.0
2023-05-27,2023,DET,CHW,718005.0,0.6673036965450593,,0.0,
2023-05-27,2023,BAL,TEX,718001.0,,0.7709874201277954,,0.0
2023-05-27,2023,NYY,SDP,718006.0,,0.7324825780004555,,0.0
2023-05-28,2023,KCR,WSN,717985.0,0.7130705657978386,,1.0,
2023-05-29,2023,CHW,LAA,717971.0,0.7116300312825862,,0.0,
2023-05-29,2023,SFG,PIT,717978.0,0.7272218934911242,,1.0,
2023-05-31,2023,ARI,COL,717940.0,0.7541736314249895,,0.0,
2023-05-31,2023,BOS,CIN,717948.0,0.7858289722147288,,0.0,
2023-05-31,2023,ATH,ATL,717949.0,0.6622285298398837,,1.0,
2023-06-02,2023,MIA,ATH,717927.0,0.7058562513449538,,0.0,
2023-06-02,2023,SDP,CHC,717921.0,0.7581181459566075,,0.0,
2023-06-03,2023,LAD,NYY,717905.0,0.7988645470383275,,0.0,
2023-06-03,2023,KCR,COL,717909.0,0.7469141061452514,,1.0,
2023-06-03,2023,CHW,DET,717915.0,,0.6386523344763915,,0.0
2023-06-03,2023,TEX,SEA,717912.0,0.723753591429267,,0.0,
2023-06-04,2023,CHW,DET,717891.0,0.7630742092457422,,1.0,
2023-06-04,2023,SFG,BAL,717890.0,0.7117570247933884,,0.0,
2023-06-05,2023,CIN,MIL,717883.0,0.7061579885877318,,0.0,
2023-06-06,2023,WSN,ARI,717881.0,,0.7453210665491407,,0.0
2023-06-06,2023,TEX,STL,717868.0,,0.7648413894120109,,0.0
2023-06-06,2023,PIT,ATH,717874.0,,0.6833697841726619,,0.0
2023-06-06,2023,CLE,BOS,717873.0,,0.7719412481716236,,0.0
2023-06-07,2023,MIA,KCR,717860.0,0.6942035121481838,,0.0,
2023-06-07,2023,SDP,SEA,717863.0,0.713283907760972,,0.0,
2023-06-09,2023,DET,ARI,717834.0,0.6760901098901099,,0.0,
2023-06-09,2023,TBR,TEX,717827.0,,0.7858279864921907,,0.0
2023-06-09,2023,SFG,CHC,717823.0,0.756188793879388,,0.0,
2023-06-09,2023,BAL,KCR,717839.0,,0.6972410063484598,,0.0
2023-06-10,2023,STL,CIN,717817.0,,0.7518792993630573,,0.0
2023-06-10,2023,CHW,MIA,717820.0,0.6954850095683606,,0.0,
2023-06-12,2023,ARI,PHI,717785.0,0.7443453379378392,,1.0,
2023-06-12,2023,ATH,TBR,717789.0,0.6769547652916073,,0.0,
2023-06-12,2023,BOS,COL,717794.0,0.7842423586691912,,0.0,
2023-06-12,2023,STL,SFG,717791.0,0.7601135745659904,,0.0,
2023-06-13,2023,SEA,MIA,717773.0,,0.7066263972484952,,0.0
2023-06-14,2023,KCR,CIN,717764.0,0.699855834641549,,0.0,
2023-06-14,2023,SDP,CLE,717758.0,0.7499911964785915,,0.0,
2023-06-14,2023,DET,ATL,717770.0,0.7176516052318668,,1.0,
2023-06-14,2023,DET,ATL,717784.0,0.7176516052318668,,1.0,
2023-06-14,2023,DET,ATL,717770.0,0.7176516052318668,,1.0,
2023-06-14,2023,DET,ATL,717784.0,0.7176516052318668,,1.0,
2023-06-14,2023,DET,ATL,717770.0,0.7176516052318668,,1.0,
2023-06-14,2023,DET,ATL,717784.0,0.7176516052318668,,1.0,
2023-06-14,2023,DET,ATL,717770.0,0.7176516052318668,,1.0,
2023-06-14,2023,DET,ATL,717784.0,0.7176516052318668,,1.0,
2023-06-14,2023,TEX,LAA,717765.0,0.8022834424695977,,1.0,
2023-06-14,2023,DET,ATL,717770.0,0.7176516052318668,,1.0,
2023-06-14,2023,DET,ATL,717784.0,0.7176516052318668,,1.0,
2023-06-14,2023,DET,ATL,717770.0,0.7176516052318668,,1.0,
2023-06-14,2023,DET,ATL,717784.0,0.7176516052318668,,1.0,
2023-06-14,2023,DET,ATL,717770.0,0.7176516052318668,,1.0,
2023-06-14,2023,DET,ATL,717784.0,0.7176516052318668,,1.0,
2023-06-14,2023,DET,ATL,717770.0,0.7176516052318668,,1.0,
2023-06-14,2023,DET,ATL,717784.0,0.7176516052318668,,1.0,
2023-06-14,2023,STL,SFG,717767.0,,0.691321476510067,,1.0
2023-06-15,2023,LAD,CHW,717748.0,0.795202846975089,,0.0,
2023-06-16,2023,HOU,CIN,717737.0,,0.7288534529635671,,0.0
2023-06-16,2023,SEA,CHW,717733.0,,0.7181335171327294,,0.0
2023-06-17,2023,ATH,PHI,717725.0,0.6317345454545454,,1.0,
2023-06-17,2023,ARI,CLE,717719.0,0.7470742677824268,,0.0,
2023-06-18,2023,NYM,STL,717713.0,,0.7407684283727399,,0.0
2023-06-19,2023,CHW,TEX,717695.0,,0.7974205646860514,,1.0
2023-06-19,2023,SFG,SDP,717697.0,,0.7499854158454868,,0.0
2023-06-19,2023,MIN,BOS,717693.0,,0.7842423586691913,,0.0
2023-06-20,2023,DET,KCR,717681.0,,,,
2023-06-20,2023,SFG,SDP,717688.0,0.7228635071090047,,0.0,
2023-06-21,2023,CIN,COL,717669.0,0.7531559220389804,,0.0,
2023-06-21,2023,CHW,TEX,717667.0,0.7587363807138384,,1.0,
2023-06-22,2023,WSN,ARI,717847.0,,0.7484303178484106,,0.0
2023-06-23,2023,TOR,ATH,717646.0,,0.6626512114866886,,0.0
2023-06-24,2023,CHW,BOS,717629.0,,0.769796106557377,,0.0
2023-06-25,2023,TBR,KCR,717619.0,,0.7079835945151812,,0.0
2023-06-25,2023,STL,CHC,717623.0,0.7770997995991984,,0.0,
2023-06-25,2023,DET,MIN,717621.0,0.6769297975915961,,0.0,
2023-06-25,2023,SFG,ARI,717612.0,0.688273136915078,,0.0,
2023-06-26,2023,TEX,DET,717606.0,0.8024624900239425,,1.0,
2023-06-27,2023,BAL,CIN,717601.0,,0.7359927234927235,,0.0
2023-06-27,2023,LAA,CHW,717592.0,,0.7193428999785821,,0.0
2023-06-28,2023,COL,LAD,717578.0,,0.8430670700958145,,1.0
2023-06-30,2023,LAA,ARI,717549.0,,0.7292054437869823,,0.0
2023-06-30,2023,TOR,BOS,717555.0,,0.7937175348495965,,0.0
2023-06-30,2023,COL,DET,717552.0,,0.7040581947743466,,1.0
2023-07-01,2023,STL,NYY,717545.0,0.7485747018938508,,0.0,
2023-07-01,2023,STL,NYY,717550.0,0.7485747018938508,,0.0,
2023-07-01,2023,STL,NYY,717545.0,0.7485747018938508,,0.0,
2023-07-01,2023,STL,NYY,717550.0,0.7485747018938508,,0.0,
2023-07-01,2023,STL,NYY,717545.0,0.7485747018938508,,0.0,
2023-07-01,2023,STL,NYY,717550.0,0.7485747018938508,,0.0,
2023-07-01,2023,STL,NYY,717545.0,0.7485747018938508,,0.0,
2023-07-01,2023,STL,NYY,717550.0,0.7485747018938508,,0.0,
2023-07-01,2023,STL,NYY,717545.0,0.7485747018938508,,0.0,
2023-07-01,2023,STL,NYY,717550.0,0.7485747018938508,,0.0,
2023-07-01,2023,STL,NYY,717545.0,0.7485747018938508,,0.0,
2023-07-01,2023,STL,NYY,717550.0,0.7485747018938508,,0.0,
2023-07-01,2023,STL,NYY,717545.0,0.7485747018938508,,0.0,
2023-07-01,2023,STL,NYY,717550.0,0.7485747018938508,,0.0,
2023-07-01,2023,STL,NYY,717545.0,0.7485747018938508,,0.0,
2023-07-01,2023,STL,NYY,717550.0,0.7485747018938508,,0.0,
2023-07-01,2023,NYM,SFG,717535.0,,0.72058943204295,,0.0
2023-07-01,2023,KCR,LAD,717537.0,0.729921089385475,,1.0,
2023-07-01,2023,CIN,SDP,717539.0,,0.7845553477935676,,1.0
2023-07-02,2023,TEX,HOU,717520.0,0.7784136725577782,,0.0,
2023-07-02,2023,CIN,SDP,717526.0,0.7758051359516618,,1.0,
2023-07-03,2023,LAD,PIT,717506.0,0.7999903167238248,,0.0,
2023-07-05,2023,ARI,NYM,717477.0,0.7535751503006011,,0.0,
2023-07-05,2023,MIA,STL,717488.0,,0.7650987034713509,,0.0
2023-07-06,2023,DET,ATH,717476.0,0.6826397849462366,,1.0,
2023-07-07,2023,MIL,CIN,717459.0,,0.7412032979976442,,0.0
2023-07-07,2023,CLE,KCR,717463.0,,0.7021511020222675,,0.0
2023-07-08,2023,WSN,TEX,717450.0,,0.7552324313408723,,0.0
2023-07-08,2023,BOS,ATH,717449.0,0.7313941605839417,,0.0,
2023-07-09,2023,CHW,STL,717424.0,,0.769383877159309,,0.0
2023-07-14,2023,ATL,CHW,717414.0,,0.7224401066925314,,0.0
2023-07-15,2023,CIN,MIL,717392.0,0.7678124529249308,,0.0,
2023-07-15,2023,STL,WSN,717396.0,0.7742391202620494,,0.0,
2023-07-15,2023,SEA,DET,717390.0,,0.6812003384810661,,0.0
2023-07-15,2023,TEX,CLE,717402.0,0.7834218289085545,,0.0,
2023-07-15,2023,CHC,BOS,717403.0,,0.7696507442790491,,0.0
2023-07-16,2023,TOR,ARI,717386.0,,0.7732697892271663,,1.0
2023-07-16,2023,BAL,MIA,717384.0,,0.6929291133238502,,0.0
2023-07-18,2023,CIN,SFG,717360.0,,0.711688326848249,,0.0
2023-07-18,2023,BAL,LAD,717361.0,,0.7870510965408093,,0.0
2023-07-18,2023,KCR,DET,717356.0,0.7311743515850144,,1.0,
2023-07-18,2023,STL,MIA,717357.0,,0.7528335246842709,,1.0
2023-07-20,2023,CIN,SFG,717334.0,0.7521133728420509,,0.0,
2023-07-20,2023,NYM,CHW,717330.0,,0.7879770328988206,,1.0
2023-07-20,2023,KCR,DET,717332.0,,0.68208476881233,,0.0
2023-07-20,2023,CHC,STL,717322.0,,0.750881388415673,,0.0
2023-07-21,2023,CIN,ARI,717321.0,,0.7594713249835202,,0.0
2023-07-21,2023,TEX,LAD,717316.0,0.7472819807427785,,0.0,
2023-07-21,2023,BOS,NYM,717324.0,0.7728826853526221,,0.0,
2023-07-22,2023,CHC,STL,717308.0,0.7561538000000001,,0.0,
2023-07-22,2023,BOS,NYM,717309.0,0.7688071790151865,,0.0,
2023-07-24,2023,LAD,TOR,717271.0,0.802164113785558,,0.0,
2023-07-25,2023,ARI,STL,717259.0,,0.7738268380029493,,0.0
2023-07-25,2023,CHW,CHC,717263.0,0.7087214704100182,,0.0,
2023-07-25,2023,TBR,MIA,717270.0,,0.716604684029881,,0.0
2023-07-25,2023,MIL,CIN,717262.0,,0.7531559220389804,,0.0
2023-07-26,2023,HOU,TEX,717239.0,,0.806087962962963,,1.0
2023-07-27,2023,DET,LAA,717243.0,0.6750750337990085,,0.0,
2023-07-27,2023,DET,LAA,717247.0,0.6750750337990085,,0.0,
2023-07-27,2023,DET,LAA,717243.0,0.6750750337990085,,0.0,
2023-07-27,2023,DET,LAA,717247.0,0.6750750337990085,,0.0,
2023-07-27,2023,DET,LAA,717243.0,0.6750750337990085,,0.0,
2023-07-27,2023,DET,LAA,717247.0,0.6750750337990085,,0.0,
2023-07-27,2023,DET,LAA,717243.0,0.6750750337990085,,0.0,
2023-07-27,2023,DET,LAA,717247.0,0.6750750337990085,,0.0,
2023-07-27,2023,DET,LAA,717243.0,0.6750750337990085,,0.0,
2023-07-27,2023,DET,LAA,717247.0,0.6750750337990085,,0.0,
2023-07-27,2023,DET,LAA,717243.0,0.6750750337990085,,0.0,
2023-07-27,2023,DET,LAA,717247.0,0.6750750337990085,,0.0,
2023-07-27,2023,DET,LAA,717243.0,0.6750750337990085,,0.0,
2023-07-27,2023,DET,LAA,717247.0,0.6750750337990085,,0.0,
2023-07-27,2023,DET,LAA,717243.0,0.6750750337990085,,0.0,
2023-07-27,2023,DET,LAA,717247.0,0.6750750337990085,,0.0,
2023-07-28,2023,ARI,SEA,717223.0,0.7467157724329325,,0.0,
2023-07-29,2023,SFG,BOS,717221.0,,0.7842423586691912,,0.0
2023-07-30,2023,STL,CHC,717195.0,0.7294557857503791,,0.0,
2023-07-30,2023,CHW,CLE,717204.0,0.693039720107018,,0.0,
2023-07-30,2023,LAD,CIN,717194.0,0.7093066544706151,,0.0,
2023-07-31,2023,CHC,CIN,717188.0,,0.7737926590081254,,0.0
2023-07-31,2023,MIA,PHI,717189.0,0.7455203268234357,,0.0,
2023-08-01,2023,TEX,CHW,717168.0,0.7526864096489339,,0.0,
2023-08-03,2023,MIA,PHI,717147.0,,0.7807848174618505,,0.0
2023-08-03,2023,STL,MIN,717145.0,0.7392191176470589,,0.0,
2023-08-04,2023,BOS,TOR,717136.0,0.7794901086653664,,0.0,
2023-08-05,2023,CIN,WSN,717120.0,0.7420338656387665,,0.0,
2023-08-05,2023,STL,COL,717119.0,0.8263268839103868,,1.0,
2023-08-05,2023,CLE,CHW,717115.0,,0.7083990081154192,,0.0
2023-08-05,2023,SDP,LAD,717112.0,,0.8206768092105264,,1.0
2023-08-06,2023,TEX,MIA,717102.0,0.7360233333333333,,0.0,
2023-08-09,2023,PHI,WSN,717066.0,0.8390402405180389,,1.0,
2023-08-10,2023,TBR,STL,717048.0,,0.7570954609265326,,0.0
2023-08-10,2023,BOS,KCR,717051.0,0.7339756097560974,,1.0,
2023-08-11,2023,PIT,CIN,717046.0,,0.7276519056261344,,0.0
2023-08-11,2023,CHW,MIL,717036.0,0.6846220356768101,,0.0,
2023-08-12,2023,SFG,TEX,717029.0,,0.7850456216216215,,0.0
2023-08-12,2023,KCR,STL,717019.0,,0.8097436305732484,,1.0
2023-08-12,2023,MIA,NYY,717025.0,,0.7242275419545903,,0.0
2023-08-15,2023,SDP,BAL,716980.0,0.7385336083474886,,0.0,
2023-08-16,2023,CIN,CLE,716973.0,0.7616194006796415,,0.0,
2023-08-16,2023,KCR,SEA,716963.0,0.7146456865127583,,0.0,
2023-08-16,2023,WSN,BOS,716982.0,,0.7516618545252637,,1.0
2023-08-16,2023,STL,ATH,716969.0,0.7603947280613946,,0.0,
2023-08-18,2023,COL,CHW,716947.0,,0.7175531702446329,,0.0
2023-08-18,2023,TEX,MIL,716950.0,0.7769954597048807,,0.0,
2023-08-18,2023,WSN,PHI,716960.0,,0.7682858592006491,,0.0
2023-08-21,2023,HOU,BOS,716908.0,,0.7718644726613113,,0.0
2023-08-21,2023,PIT,STL,716912.0,0.6689845653939887,,1.0,
2023-08-21,2023,SDP,MIA,716907.0,0.8045899799599199,,1.0,
2023-08-23,2023,PHI,SFG,716879.0,0.7811073150282959,,0.0,
2023-08-23,2023,LAA,CIN,716890.0,,0.7746206896551723,,0.0
2023-08-23,2023,LAA,CIN,716903.0,,0.7746206896551723,,0.0
2023-08-23,2023,LAA,CIN,716890.0,,0.7746206896551723,,0.0
2023-08-23,2023,LAA,CIN,716903.0,,0.7746206896551723,,0.0
2023-08-23,2023,LAA,CIN,716890.0,,0.7746206896551723,,0.0
2023-08-23,2023,LAA,CIN,716903.0,,0.7746206896551723,,0.0
2023-08-23,2023,LAA,CIN,716890.0,,0.7746206896551723,,0.0
2023-08-23,2023,LAA,CIN,716903.0,,0.7746206896551723,,0.0
2023-08-23,2023,CLE,LAD,716875.0,,0.7821904009480545,,0.0
2023-08-23,2023,LAA,CIN,716890.0,,0.7746206896551723,,0.0
2023-08-23,2023,LAA,CIN,716903.0,,0.7746206896551723,,0.0
2023-08-23,2023,LAA,CIN,716890.0,,0.7746206896551723,,0.0
2023-08-23,2023,LAA,CIN,716903.0,,0.7746206896551723,,0.0
2023-08-23,2023,LAA,CIN,716890.0,,0.7746206896551723,,0.0
2023-08-23,2023,LAA,CIN,716903.0,,0.7746206896551723,,0.0
2023-08-23,2023,LAA,CIN,716890.0,,0.7746206896551723,,0.0
2023-08-23,2023,LAA,CIN,716903.0,,0.7746206896551723,,0.0
2023-08-23,2023,CHW,SEA,716881.0,0.6975340793489319,,0.0,
2023-08-24,2023,MIN,TEX,716867.0,,0.7836555511965476,,0.0
2023-08-24,2023,NYY,WSN,716872.0,0.8128594122319301,,1.0,
2023-08-26,2023,BOS,LAD,716849.0,0.7542781130005486,,1.0,
2023-08-27,2023,MIL,SDP,716822.0,,0.752303923603903,,0.0
2023-08-28,2023,SFG,CIN,716823.0,,0.7995843780135005,,1.0
2023-08-28,2023,BAL,CHW,716815.0,,0.7001186165901108,,0.0
2023-08-29,2023,PHI,LAA,716806.0,0.7887512574302697,,1.0,
2023-08-29,2023,DET,NYY,716795.0,,0.8184415145368492,,1.0
2023-08-29,2023,NYM,TEX,716799.0,,0.7873097418817652,,1.0
2023-09-01,2023,KCR,BOS,716764.0,,0.7635254682878738,,0.0
2023-09-01,2023,SDP,SFG,716761.0,0.7562934379768913,,0.0,
2023-09-02,2023,STL,PIT,716744.0,,0.7042833333333333,,1.0
2023-09-02,2023,CIN,CHC,716753.0,0.7380348871298739,,0.0,
2023-09-03,2023,HOU,NYY,716735.0,,0.7582748282323548,,0.0
2023-09-03,2023,CHW,DET,716734.0,0.7165095271700777,,1.0,
2023-09-04,2023,TEX,HOU,716724.0,0.7771658701712465,,0.0,
2023-09-05,2023,SDP,PHI,716703.0,,0.7702492552135054,,0.0
2023-09-06,2023,SDP,PHI,716691.0,0.7592560949298813,,0.0,
2023-09-08,2023,CIN,STL,716677.0,0.7463598875351453,,1.0,
2023-09-09,2023,TOR,KCR,716661.0,,0.7170427684525178,,0.0
2023-09-09,2023,NYY,MIL,716659.0,0.8200969089390142,,1.0,
2023-09-10,2023,PHI,MIA,716643.0,,0.6868586723768737,,1.0
2023-09-11,2023,PHI,ATL,716590.0,0.7536358289979642,,0.0,
2023-09-11,2023,PHI,ATL,717664.0,0.7536358289979642,,0.0,
2023-09-11,2023,PHI,ATL,716590.0,0.7536358289979642,,0.0,
2023-09-11,2023,PHI,ATL,717664.0,0.7536358289979642,,0.0,
2023-09-11,2023,PHI,ATL,716590.0,0.7536358289979642,,0.0,
2023-09-11,2023,PHI,ATL,717664.0,0.7536358289979642,,0.0,
2023-09-11,2023,PHI,ATL,716590.0,0.7536358289979642,,0.0,
2023-09-11,2023,PHI,ATL,717664.0,0.7536358289979642,,0.0,
2023-09-11,2023,PHI,ATL,716590.0,0.7536358289979642,,0.0,
2023-09-11,2023,PHI,ATL,717664.0,0.7536358289979642,,0.0,
2023-09-11,2023,PHI,ATL,716590.0,0.7536358289979642,,0.0,
2023-09-11,2023,PHI,ATL,717664.0,0.7536358289979642,,0.0,
2023-09-11,2023,PHI,ATL,716590.0,0.7536358289979642,,0.0,
2023-09-11,2023,PHI,ATL,717664.0,0.7536358289979642,,0.0,
2023-09-11,2023,PHI,ATL,716590.0,0.7536358289979642,,0.0,
2023-09-11,2023,PHI,ATL,717664.0,0.7536358289979642,,0.0,
2023-09-12,2023,LAD,SDP,716608.0,,0.7445722604552674,,0.0
2023-09-13,2023,SEA,LAA,716602.0,,0.6828102409638555,,0.0
2023-09-13,2023,CHW,KCR,716598.0,,0.7095868891537543,,0.0
2023-09-14,2023,BOS,NYY,716593.0,,0.7537368053128276,,0.0
2023-09-14,2023,BOS,NYY,716597.0,,0.7537368053128276,,0.0
2023-09-14,2023,BOS,NYY,716593.0,,0.7537368053128276,,0.0
2023-09-14,2023,BOS,NYY,716597.0,,0.7537368053128276,,0.0
2023-09-14,2023,BOS,NYY,716593.0,,0.7537368053128276,,0.0
2023-09-14,2023,BOS,NYY,716597.0,,0.7537368053128276,,0.0
2023-09-14,2023,BOS,NYY,716593.0,,0.7537368053128276,,0.0
2023-09-14,2023,BOS,NYY,716597.0,,0.7537368053128276,,0.0
2023-09-14,2023,BOS,NYY,716593.0,,0.7537368053128276,,0.0
2023-09-14,2023,BOS,NYY,716597.0,,0.7537368053128276,,0.0
2023-09-14,2023,BOS,NYY,716593.0,,0.7537368053128276,,0.0
2023-09-14,2023,BOS,NYY,716597.0,,0.7537368053128276,,0.0
2023-09-14,2023,BOS,NYY,716593.0,,0.7537368053128276,,0.0
2023-09-14,2023,BOS,NYY,716597.0,,0.7537368053128276,,0.0
2023-09-14,2023,BOS,NYY,716593.0,,0.7537368053128276,,0.0
2023-09-14,2023,BOS,NYY,716597.0,,0.7537368053128276,,0.0
2023-09-16,2023,NYM,CIN,716555.0,,0.7225251472587222,,0.0
2023-09-18,2023,MIA,NYM,716535.0,0.7421980218855219,,0.0,
2023-09-18,2023,SDP,COL,716526.0,0.8228573923166473,,1.0,
2023-09-19,2023,KCR,CLE,716517.0,0.7429331395348838,,1.0,
2023-09-20,2023,WSN,CHW,716513.0,,0.7186836301950805,,0.0
2023-09-20,2023,NYY,TOR,716502.0,0.7468323497854077,,0.0,
2023-09-22,2023,CIN,PIT,716487.0,0.7507554660529344,,0.0,
2023-09-24,2023,MIA,MIL,716447.0,0.7217260475373684,,0.0,
2023-09-24,2023,HOU,KCR,716448.0,,0.698023891767415,,0.0
2023-09-24,2023,MIN,LAA,716445.0,,0.6954688128772636,,0.0
2023-09-24,2023,SDP,STL,716444.0,0.7875412226584407,,1.0,
2023-09-26,2023,TOR,NYY,716431.0,,0.6852818209972128,,0.0
2023-09-27,2023,DET,KCR,716414.0,,0.7308025912035458,,0.0
2023-09-27,2023,CLE,CIN,716418.0,,0.7794198410523431,,0.0
2023-09-29,2023,PIT,MIA,716398.0,,0.7184417571569595,,0.0
2023-09-30,2023,NYM,PHI,716376.0,,0.7986730538922157,,1.0
2023-09-30,2023,NYM,PHI,716393.0,,0.7986730538922157,,1.0
2023-09-30,2023,NYM,PHI,716376.0,,0.7986730538922157,,1.0
2023-09-30,2023,NYM,PHI,716393.0,,0.7986730538922157,,1.0
2023-09-30,2023,NYM,PHI,716376.0,,0.7986730538922157,,1.0
2023-09-30,2023,NYM,PHI,716393.0,,0.7986730538922157,,1.0
2023-09-30,2023,NYM,PHI,716376.0,,0.7986730538922157,,1.0
2023-09-30,2023,NYM,PHI,716393.0,,0.7986730538922157,,1.0
2023-09-30,2023,SEA,TEX,716366.0,,0.7804434058118268,,0.0
2023-09-30,2023,KCR,NYY,716375.0,0.7112140657084188,,0.0,
2023-09-30,2023,CHW,SDP,716374.0,,0.6857416985951469,,0.0
2023-09-30,2023,LAA,ATH,716371.0,0.7164260135135135,,0.0,
2023-09-30,2023,NYM,PHI,716376.0,,0.7986730538922157,,1.0
2023-09-30,2023,NYM,PHI,716393.0,,0.7986730538922157,,1.0
2023-09-30,2023,NYM,PHI,716376.0,,0.7986730538922157,,1.0
2023-09-30,2023,NYM,PHI,716393.0,,0.7986730538922157,,1.0
2023-09-30,2023,NYM,PHI,716376.0,,0.7986730538922157,,1.0
2023-09-30,2023,NYM,PHI,716393.0,,0.7986730538922157,,1.0
2023-09-30,2023,NYM,PHI,716376.0,,0.7986730538922157,,1.0
2023-09-30,2023,NYM,PHI,716393.0,,0.7986730538922157,,1.0
2024-03-30,2024,ARI,COL,747221.0,0.7985797280593325,,1.0,
2024-03-31,2024,SDP,SFG,745438.0,0.7477526951976479,,0.0,
2024-03-31,2024,LAD,STL,746166.0,,0.7368686131386861,,0.0
2024-04-01,2024,BAL,KCR,747058.0,,0.7429948592411261,,0.0
2024-04-01,2024,PHI,CIN,745600.0,,0.6925091185410334,,1.0
2024-04-01,2024,LAD,SFG,746170.0,0.8526409266409267,,0.0,
2024-04-02,2024,TBR,TEX,745111.0,,0.7380518028297581,,0.0
2024-04-05,2024,ATL,ARI,747143.0,,0.7789482541018089,,0.0
2024-04-06,2024,KCR,CHW,746329.0,0.7518498478922208,,0.0,
2024-04-06,2024,STL,MIA,745197.0,0.6855922944220817,,1.0,
2024-04-06,2024,SFG,SDP,745359.0,,0.7591320987654321,,0.0
2024-04-07,2024,CIN,NYM,746734.0,0.682248728094969,,1.0,
2024-04-08,2024,MIN,LAD,745925.0,,0.8465017211703959,,0.0
2024-04-08,2024,TEX,HOU,745034.0,0.7429930086226987,,0.0,
2024-04-10,2024,COL,ARI,746573.0,,0.7981190476190476,,1.0
2024-04-12,2024,NYM,KCR,745838.0,,0.7449933697347894,,0.0
2024-04-12,2024,LAD,SDP,746162.0,,0.7617556803676283,,0.0
2024-04-12,2024,CHW,CIN,746812.0,,0.7532856772184743,,0.0
2024-04-12,2024,ARI,STL,747217.0,,0.7364908340971585,,0.0
2024-04-13,2024,HOU,TEX,746405.0,,0.7429930086226987,,0.0
2024-04-14,2024,LAD,SDP,746164.0,0.8454419483518791,,0.0,
2024-04-15,2024,MIA,SFG,746080.0,0.6651650532429816,,1.0,
2024-04-15,2024,DET,TEX,746488.0,,0.6909186733303044,,0.0
2024-04-16,2024,ARI,CHC,747214.0,0.762123818099955,,0.0,
2024-04-17,2024,SEA,CIN,745267.0,,0.74623285841496,,0.0
2024-04-17,2024,CHW,KCR,746807.0,,0.7475213163799552,,0.0
2024-04-17,2024,CHW,KCR,746809.0,,0.7475213163799552,,0.0
2024-04-17,2024,CHW,KCR,746807.0,,0.7475213163799552,,0.0
2024-04-17,2024,CHW,KCR,746809.0,,0.7475213163799552,,0.0
2024-04-17,2024,CHW,KCR,746807.0,,0.7475213163799552,,0.0
2024-04-17,2024,CHW,KCR,746809.0,,0.7475213163799552,,0.0
2024-04-17,2024,CHW,KCR,746807.0,,0.7475213163799552,,0.0
2024-04-17,2024,CHW,KCR,746809.0,,0.7475213163799552,,0.0
2024-04-17,2024,CHW,KCR,746807.0,0.6383924646781789,,0.0,
2024-04-17,2024,CHW,KCR,746809.0,0.6383924646781789,,0.0,
2024-04-17,2024,CHW,KCR,746807.0,0.6383924646781789,,0.0,
2024-04-17,2024,CHW,KCR,746809.0,0.6383924646781789,,0.0,
2024-04-17,2024,CHW,KCR,746807.0,0.6383924646781789,,0.0,
2024-04-17,2024,CHW,KCR,746809.0,0.6383924646781789,,0.0,
2024-04-17,2024,CHW,KCR,746807.0,0.6383924646781789,,0.0,
2024-04-17,2024,CHW,KCR,746809.0,0.6383924646781789,,0.0,
2024-04-17,2024,CHW,KCR,746807.0,,0.7475213163799552,,0.0
2024-04-17,2024,CHW,KCR,746809.0,,0.7475213163799552,,0.0
2024-04-17,2024,CHW,KCR,746807.0,,0.7475213163799552,,0.0
2024-04-17,2024,CHW,KCR,746809.0,,0.7475213163799552,,0.0
2024-04-17,2024,CHW,KCR,746807.0,,0.7475213163799552,,0.0
2024-04-17,2024,CHW,KCR,746809.0,,0.7475213163799552,,0.0
2024-04-17,2024,CHW,KCR,746807.0,,0.7475213163799552,,0.0
2024-04-17,2024,CHW,KCR,746809.0,,0.7475213163799552,,0.0
2024-04-17,2024,ATH,STL,745671.0,,0.7587222108495394,,0.0
2024-04-17,2024,MIL,SDP,746005.0,,0.7577937362368485,,0.0
2024-04-17,2024,CHW,KCR,746807.0,0.6383924646781789,,0.0,
2024-04-17,2024,CHW,KCR,746809.0,0.6383924646781789,,0.0,
2024-04-17,2024,CHW,KCR,746807.0,0.6383924646781789,,0.0,
2024-04-17,2024,CHW,KCR,746809.0,0.6383924646781789,,0.0,
2024-04-17,2024,CHW,KCR,746807.0,0.6383924646781789,,0.0,
2024-04-17,2024,CHW,KCR,746809.0,0.6383924646781789,,0.0,
2024-04-17,2024,CHW,KCR,746807.0,0.6383924646781789,,0.0,
2024-04-17,2024,CHW,KCR,746809.0,0.6383924646781789,,0.0,
2024-04-19,2024,ATL,TEX,747136.0,,0.7446808278867102,,1.0
2024-04-21,2024,ATL,TEX,747133.0,,0.7539011335012594,,0.0
2024-04-21,2024,CHC,MIA,746894.0,,0.6871899415204679,,0.0
2024-04-22,2024,MIN,CHW,745916.0,,0.6406750770955985,,0.0
2024-04-23,2024,COL,SDP,746566.0,,0.7588846851515937,,0.0
2024-04-23,2024,KCR,TOR,746321.0,0.7491787375415282,,0.0,
2024-04-23,2024,CIN,PHI,746722.0,0.7109326065411298,,1.0,
2024-04-23,2024,WSN,LAD,744863.0,,0.8372697495183045,,1.0
2024-04-23,2024,STL,ARI,745193.0,,,,
2024-04-25,2024,TEX,SEA,745027.0,0.7310207195328686,,0.0,
2024-04-26,2024,MIA,WSN,746078.0,0.6950575094005751,,0.0,
2024-04-27,2024,TEX,CIN,745020.0,0.7613207999999999,,0.0,
2024-04-27,2024,MIA,WSN,746075.0,0.6696847575057737,,1.0,
2024-04-27,2024,CHW,TBR,746803.0,0.6633967631191762,,0.0,
2024-04-28,2024,TOR,LAD,744947.0,,0.8493351088466883,,0.0
2024-04-28,2024,TEX,CIN,745022.0,,0.7561040525739321,,0.0
2024-04-28,2024,DET,KCR,746483.0,,0.7042853275582025,,1.0
2024-04-28,2024,SDP,PHI,745428.0,0.7642734702893748,,0.0,
2024-04-29,2024,ARI,LAD,747211.0,,,,
2024-04-29,2024,TOR,KCR,744945.0,,0.7376014846235418,,0.0
2024-04-30,2024,DET,STL,746477.0,,0.7534967389017463,,0.0
2024-04-30,2024,DET,STL,746481.0,,0.7534967389017463,,0.0
2024-04-30,2024,DET,STL,746477.0,,0.7534967389017463,,0.0
2024-04-30,2024,DET,STL,746481.0,,0.7534967389017463,,0.0
2024-04-30,2024,DET,STL,746477.0,,0.7534967389017463,,0.0
2024-04-30,2024,DET,STL,746481.0,,0.7534967389017463,,0.0
2024-04-30,2024,DET,STL,746477.0,,0.7534967389017463,,0.0
2024-04-30,2024,DET,STL,746481.0,,0.7534967389017463,,0.0
2024-04-30,2024,DET,STL,746477.0,,0.7534967389017463,,0.0
2024-04-30,2024,DET,STL,746481.0,,0.7534967389017463,,0.0
2024-04-30,2024,DET,STL,746477.0,,0.7534967389017463,,0.0
2024-04-30,2024,DET,STL,746481.0,,0.7534967389017463,,0.0
2024-04-30,2024,DET,STL,746477.0,,0.7534967389017463,,0.0
2024-04-30,2024,DET,STL,746481.0,,0.7534967389017463,,0.0
2024-04-30,2024,DET,STL,746477.0,,0.7534967389017463,,0.0
2024-04-30,2024,DET,STL,746481.0,,0.7534967389017463,,0.0
2024-05-01,2024,TEX,WSN,745023.0,0.745262323943662,,0.0,
2024-05-02,2024,MIA,COL,746070.0,0.714802748791041,,0.0,
2024-05-03,2024,KCR,TEX,746318.0,,0.7477698833510074,,0.0
2024-05-04,2024,ARI,SDP,747209.0,,0.7500081713158636,,0.0
2024-05-04,2024,KCR,TEX,746311.0,0.7060861784789262,,0.0,
2024-05-04,2024,CIN,BAL,746720.0,0.7031027624309392,,1.0,
2024-05-05,2024,KCR,TEX,746314.0,0.7432121212121211,,0.0,
2024-05-05,2024,LAD,ATL,746153.0,0.819139085894405,,1.0,
2024-05-05,2024,STL,CHW,745185.0,0.7225550935550935,,1.0,
2024-05-06,2024,ATH,TEX,745669.0,,0.7141145299145301,,1.0
2024-05-07,2024,LAD,MIA,746147.0,,0.7013168638366969,,0.0
2024-05-08,2024,ATH,TEX,745659.0,,0.7265166747220879,,1.0
2024-05-08,2024,ATH,TEX,745664.0,,0.7265166747220879,,1.0
2024-05-08,2024,ATH,TEX,745659.0,,0.7265166747220879,,1.0
2024-05-08,2024,ATH,TEX,745664.0,,0.7265166747220879,,1.0
2024-05-08,2024,ATH,TEX,745659.0,,0.7265166747220879,,1.0
2024-05-08,2024,ATH,TEX,745664.0,,0.7265166747220879,,1.0
2024-05-08,2024,ATH,TEX,745659.0,,0.7265166747220879,,1.0
2024-05-08,2024,ATH,TEX,745664.0,,0.7265166747220879,,1.0
2024-05-08,2024,ATH,TEX,745659.0,,0.7265166747220879,,1.0
2024-05-08,2024,ATH,TEX,745664.0,,0.7265166747220879,,1.0
2024-05-08,2024,ATH,TEX,745659.0,,0.7265166747220879,,1.0
2024-05-08,2024,ATH,TEX,745664.0,,0.7265166747220879,,1.0
2024-05-08,2024,ATH,TEX,745659.0,,0.7265166747220879,,1.0
2024-05-08,2024,ATH,TEX,745664.0,,0.7265166747220879,,1.0
2024-05-08,2024,ATH,TEX,745659.0,,0.7265166747220879,,1.0
2024-05-08,2024,ATH,TEX,745664.0,,0.7265166747220879,,1.0
2024-05-09,2024,LAA,KCR,746241.0,,0.7316283783783784,,1.0
2024-05-10,2024,MIL,STL,745993.0,0.7314688684353006,,0.0,
2024-05-10,2024,SDP,LAD,745421.0,0.7722730560578662,,0.0,
2024-05-10,2024,SFG,CIN,745340.0,,0.7564716898954704,,0.0
2024-05-11,2024,COL,TEX,746554.0,,0.7312344552196235,,0.0
2024-05-11,2024,SDP,LAD,745422.0,,0.786537468870274,,0.0
2024-05-13,2024,TEX,CLE,745019.0,0.7312344552196235,,0.0,
2024-05-13,2024,LAA,STL,746233.0,,0.7275399230943225,,0.0
2024-05-14,2024,SEA,KCR,745257.0,,0.7551506258978042,,0.0
2024-05-15,2024,MIL,PIT,745992.0,0.7666672727272729,,1.0,
2024-05-15,2024,ARI,CIN,747203.0,,0.7520546875,,0.0
2024-05-15,2024,SDP,COL,745417.0,0.7227003686150605,,1.0,
2024-05-17,2024,TEX,LAA,745016.0,0.7265166747220879,,1.0,
2024-05-17,2024,LAD,CIN,746148.0,0.8299110692613518,,0.0,
2024-05-19,2024,TEX,LAA,745012.0,0.7323760356915232,,0.0,
2024-05-19,2024,STL,BOS,745179.0,0.7336194486983154,,0.0,
2024-05-20,2024,KCR,DET,746307.0,0.7469725638599811,,0.0,
2024-05-21,2024,MIA,MIL,746058.0,,0.7540605590062112,,1.0
2024-05-21,2024,CIN,SDP,746716.0,0.7398740076824583,,0.0,
2024-05-22,2024,CIN,SDP,746712.0,,0.7824495136637333,,0.0
2024-05-23,2024,PHI,TEX,745573.0,,0.6908611169652266,,0.0
2024-05-24,2024,CIN,LAD,746713.0,,0.8271083155650321,,0.0
2024-05-25,2024,MIN,TEX,745901.0,,0.7394688919612877,,0.0
2024-05-26,2024,TBR,KCR,745088.0,,0.743958381237066,,0.0
2024-05-27,2024,SDP,MIA,745416.0,0.7237951685958732,,1.0,
2024-05-27,2024,MIL,CHC,745986.0,0.7477188160676533,,1.0,
2024-05-27,2024,COL,CLE,746549.0,0.7196829152863228,,0.0,
2024-05-28,2024,CIN,STL,746709.0,0.7629338643495052,,0.0,
2024-05-29,2024,NYM,LAD,745817.0,,0.8370271716755866,,1.0
2024-05-30,2024,MIN,KCR,745898.0,,0.7425322345086585,,0.0
2024-05-31,2024,KCR,SDP,746303.0,0.7454221364221363,,0.0,
2024-06-01,2024,MIA,TEX,746062.0,,0.7537987616099072,,1.0
2024-06-01,2024,MIL,CHW,745980.0,0.7505885885885887,,1.0,
2024-06-02,2024,MIA,TEX,746061.0,,0.743239924134661,,1.0
2024-06-02,2024,KCR,SDP,746301.0,,0.7325124800849708,,1.0
2024-06-03,2024,COL,CIN,746548.0,,0.7667740036231884,,0.0
2024-06-05,2024,PIT,LAD,745494.0,,0.8367501068832836,,0.0
2024-06-07,2024,TEX,SFG,745008.0,0.6981938168846611,,0.0,
2024-06-07,2024,KCR,SEA,746302.0,0.7517910250769908,,0.0,
2024-06-07,2024,SDP,ARI,745406.0,0.7698488315481986,,0.0,
2024-06-08,2024,TEX,SFG,745001.0,0.7042574850299401,,0.0,
2024-06-08,2024,CIN,CHC,746703.0,0.7566215659340659,,0.0,
2024-06-11,2024,LAD,TEX,746139.0,0.7636148331273177,,0.0,
2024-06-12,2024,SEA,CHW,745246.0,,0.6634276367443076,,0.0
2024-06-12,2024,SDP,ATH,745405.0,0.7419912037037037,,1.0,
2024-06-13,2024,LAD,TEX,746136.0,,,,
2024-06-14,2024,SEA,TEX,745247.0,,0.7045170755170757,,0.0
2024-06-15,2024,MIL,CIN,745976.0,,0.7421305856832973,,1.0
2024-06-17,2024,COL,LAD,746543.0,,0.8118309736440863,,0.0
2024-06-18,2024,CHW,HOU,746783.0,0.6678403679653679,,1.0,
2024-06-18,2024,TEX,NYM,745004.0,0.7426618141097424,,0.0,
2024-06-18,2024,PHI,SDP,745563.0,,0.7803876992031873,,0.0
2024-06-19,2024,MIA,STL,746050.0,,0.7126344527044348,,0.0
2024-06-19,2024,TEX,NYM,745002.0,0.7461640826873386,,1.0,
2024-06-21,2024,CIN,BOS,746698.0,0.7400238679455722,,0.0,
2024-06-22,2024,PHI,ARI,745564.0,,0.7183500294637596,,0.0
2024-06-22,2024,TEX,KCR,744997.0,,0.7536197624915977,,0.0
2024-06-23,2024,DET,CHW,746457.0,,0.6574053148192482,,0.0
2024-06-23,2024,SDP,MIL,745396.0,0.7652818240760753,,0.0,
2024-06-24,2024,CHW,LAD,746780.0,,0.7869990800367986,,1.0
2024-06-24,2024,MIL,TEX,745974.0,,0.7368899773926147,,0.0
2024-06-25,2024,MIL,TEX,745973.0,,0.7461640826873386,,1.0
2024-06-26,2024,STL,ATL,745157.0,0.7225057007125889,,0.0,
2024-06-26,2024,STL,ATL,745158.0,0.7225057007125889,,0.0,
2024-06-26,2024,STL,ATL,745157.0,0.7225057007125889,,0.0,
2024-06-26,2024,STL,ATL,745158.0,0.7225057007125889,,0.0,
2024-06-26,2024,STL,ATL,745157.0,0.7225057007125889,,0.0,
2024-06-26,2024,STL,ATL,745158.0,0.7225057007125889,,0.0,
2024-06-26,2024,STL,ATL,745157.0,0.7225057007125889,,0.0,
2024-06-26,2024,STL,ATL,745158.0,0.7225057007125889,,0.0,
2024-06-26,2024,STL,ATL,745157.0,0.7225057007125889,,0.0,
2024-06-26,2024,STL,ATL,745158.0,0.7225057007125889,,0.0,
2024-06-26,2024,STL,ATL,745157.0,0.7225057007125889,,0.0,
2024-06-26,2024,STL,ATL,745158.0,0.7225057007125889,,0.0,
2024-06-26,2024,STL,ATL,745157.0,0.7225057007125889,,0.0,
2024-06-26,2024,STL,ATL,745158.0,0.7225057007125889,,0.0,
2024-06-26,2024,STL,ATL,745157.0,0.7225057007125889,,0.0,
2024-06-26,2024,STL,ATL,745158.0,0.7225057007125889,,0.0,
2024-06-27,2024,STL,CIN,745162.0,,0.7236407350689128,,0.0
2024-06-27,2024,KCR,CLE,746288.0,0.739060650887574,,0.0,
2024-06-29,2024,BOS,SDP,746940.0,,0.7532512562814071,,0.0
2024-06-29,2024,CHW,COL,746778.0,0.6683689732142857,,0.0,
2024-06-29,2024,BAL,TEX,747018.0,,0.7311815252416756,,1.0
2024-06-30,2024,BAL,TEX,747016.0,,0.7393789029535865,,1.0
2024-06-30,2024,SFG,LAD,745320.0,,0.7552004345464421,,0.0
2024-07-02,2024,CHC,PHI,746860.0,,0.7287783634538153,,0.0
2024-07-03,2024,KCR,TBR,746283.0,0.7432183588317107,,0.0,
2024-07-03,2024,NYY,CIN,745728.0,,0.7324829178208679,,1.0
2024-07-04,2024,TEX,SDP,744996.0,,0.7563587479935795,,0.0
2024-07-05,2024,TEX,TBR,744992.0,0.7378793686583991,,0.0,
2024-07-06,2024,TEX,TBR,744995.0,0.7349407158836688,,0.0,
2024-07-06,2024,LAD,MIL,746129.0,0.8007792469744509,,0.0,
2024-07-07,2024,ATL,PHI,747098.0,,0.7227626016260162,,0.0
2024-07-07,2024,MIA,CHW,746039.0,,,,
2024-07-08,2024,CIN,COL,746692.0,0.7496898137502874,,0.0,
2024-07-10,2024,STL,KCR,745155.0,,0.7469725638599811,,0.0
2024-07-10,2024,STL,KCR,745156.0,,0.7469725638599811,,0.0
2024-07-10,2024,STL,KCR,745155.0,,0.7469725638599811,,0.0
2024-07-10,2024,STL,KCR,745156.0,,0.7469725638599811,,0.0
2024-07-10,2024,STL,KCR,745155.0,,0.7469725638599811,,0.0
2024-07-10,2024,STL,KCR,745156.0,,0.7469725638599811,,0.0
2024-07-10,2024,STL,KCR,745155.0,,0.7469725638599811,,0.0
2024-07-10,2024,STL,KCR,745156.0,,0.7469725638599811,,0.0
2024-07-10,2024,LAA,TEX,746205.0,,0.7310207195328687,,0.0
2024-07-10,2024,STL,KCR,745155.0,,0.7469725638599811,,0.0
2024-07-10,2024,STL,KCR,745156.0,,0.7469725638599811,,0.0
2024-07-10,2024,STL,KCR,745155.0,,0.7469725638599811,,0.0
2024-07-10,2024,STL,KCR,745156.0,,0.7469725638599811,,0.0
2024-07-10,2024,STL,KCR,745155.0,,0.7469725638599811,,0.0
2024-07-10,2024,STL,KCR,745156.0,,0.7469725638599811,,0.0
2024-07-10,2024,STL,KCR,745155.0,,0.7469725638599811,,0.0
2024-07-10,2024,STL,KCR,745156.0,,0.7469725638599811,,0.0
2024-07-10,2024,SDP,SEA,745394.0,0.758713425345044,,0.0,
2024-07-11,2024,PHI,LAD,745558.0,,0.7906405550581915,,0.0
2024-07-12,2024,HOU,TEX,746371.0,,0.7262027795325333,,0.0
2024-07-12,2024,DET,LAD,746450.0,,0.8153442696629213,,1.0
2024-07-13,2024,CIN,MIA,746687.0,,,,
2024-07-19,2024,MIA,NYM,746040.0,0.6948776351970669,,1.0,
2024-07-19,2024,KCR,CHW,746284.0,0.7447259091843025,,0.0,
2024-07-20,2024,KCR,CHW,746286.0,,0.6804229000242071,,0.0
2024-07-21,2024,TEX,BAL,744991.0,0.7305979149632051,,0.0,
2024-07-21,2024,LAD,BOS,746125.0,0.8035869311551926,,0.0,
2024-07-21,2024,CLE,SDP,746610.0,,0.7643857446808511,,0.0
2024-07-21,2024,WSN,CIN,744831.0,,0.75464737178123,,0.0
2024-07-22,2024,TEX,CHW,744988.0,0.7310207195328686,,0.0,
2024-07-24,2024,MIN,PHI,745877.0,0.7206807881773399,,0.0,
2024-07-24,2024,PIT,STL,745472.0,,0.7173947628458497,,1.0
2024-07-24,2024,MIA,BAL,746035.0,0.7370671140939598,,0.0,
2024-07-24,2024,KCR,ARI,746279.0,0.7443329796264856,,0.0,
2024-07-25,2024,TEX,CHW,744984.0,,0.6764913669064748,,0.0
2024-07-26,2024,TOR,TEX,744906.0,,0.7410438328236494,,1.0
2024-07-27,2024,TOR,TEX,744908.0,,0.7353489593464306,,0.0
2024-07-27,2024,BAL,SDP,747006.0,,0.7585694663364106,,0.0
2024-07-27,2024,TBR,CIN,745059.0,,0.7597003668976764,,0.0
2024-07-28,2024,TOR,TEX,744902.0,,0.7302619411539931,,0.0
2024-07-30,2024,BOS,SEA,746926.0,0.7728622837370243,,0.0,
2024-07-30,2024,TBR,MIA,745060.0,,0.6663859386686612,,1.0
2024-07-30,2024,CHW,KCR,746763.0,,,,
2024-07-31,2024,STL,TEX,745148.0,,,,
2024-08-02,2024,CIN,SFG,746679.0,0.7393893458676067,,1.0,
2024-08-03,2024,DET,KCR,746440.0,,0.724942317255097,,1.0
2024-08-04,2024,DET,KCR,746439.0,,0.7586292327475354,,0.0
2024-08-04,2024,ATL,MIA,747088.0,,0.6538909479686387,,1.0
2024-08-05,2024,TEX,HOU,744982.0,0.7329092375958047,,0.0,
2024-08-05,2024,KCR,BOS,746276.0,,0.7990806451612903,,0.0
2024-08-06,2024,ATH,CHW,745629.0,,0.6523969099627064,,0.0
2024-08-07,2024,MIA,CIN,746031.0,,0.7285933789954337,,0.0
2024-08-07,2024,PIT,SDP,745469.0,,0.7493021276595745,,1.0
2024-08-09,2024,MIA,SDP,746032.0,0.6576135714285715,,1.0,
2024-08-09,2024,KCR,STL,746275.0,0.7383920651068158,,0.0,
2024-08-10,2024,KCR,STL,746269.0,0.7450229312063809,,0.0,
2024-08-11,2024,NYY,TEX,745711.0,,0.7328833746898262,,0.0
2024-08-11,2024,BOS,HOU,746923.0,0.7558933410204671,,0.0,
2024-08-12,2024,CIN,STL,746682.0,0.7519808049535603,,0.0,
2024-08-13,2024,SDP,PIT,745382.0,0.7643857446808511,,0.0,
2024-08-13,2024,CHW,NYY,746757.0,0.6517876802096985,,1.0,
2024-08-14,2024,PHI,MIA,745544.0,,0.7384848926101202,,0.0
2024-08-16,2024,TEX,MIN,744974.0,0.737371434608071,,0.0,
2024-08-16,2024,CIN,KCR,746674.0,,0.7591893344357171,,0.0
2024-08-17,2024,CIN,KCR,746675.0,,0.6676052338530066,,1.0
2024-08-18,2024,CIN,KCR,746676.0,0.7238811375249944,,0.0,
2024-08-19,2024,SDP,MIN,745380.0,0.7669063075506446,,0.0,
2024-08-19,2024,SFG,CHW,745294.0,,0.6276680526680526,,1.0
2024-08-20,2024,MIA,ARI,746029.0,0.7404195652173913,,0.0,
2024-08-21,2024,KCR,LAA,746267.0,0.7410371851259495,,0.0,
2024-08-21,2024,TEX,PIT,744973.0,0.7396354788763548,,0.0,
2024-08-23,2024,KCR,PHI,746268.0,0.74358423608517,,0.0,
2024-08-24,2024,SDP,NYM,745377.0,0.7569440337909187,,1.0,
2024-08-25,2024,CHW,DET,746754.0,0.6436600318471337,,0.0,
2024-08-26,2024,COL,MIA,746513.0,,0.7342902467685077,,0.0
2024-08-27,2024,CLE,KCR,746594.0,,0.7411074265289912,,0.0
2024-08-28,2024,CLE,KCR,746589.0,,0.7391481481481481,,0.0
2024-08-29,2024,STL,SDP,745135.0,,0.7730327905924921,,0.0
2024-08-30,2024,CHW,NYM,746749.0,0.6616167679837893,,0.0,
2024-08-31,2024,SFG,MIA,745296.0,,0.710734589041096,,0.0
2024-09-02,2024,KCR,CLE,746265.0,0.7362185430463576,,0.0,
2024-09-03,2024,MIL,STL,745944.0,,0.7381950362912666,,0.0
2024-09-03,2024,TEX,NYY,744968.0,0.7535093481556341,,1.0,
2024-09-04,2024,BAL,CHW,746990.0,,0.6459325454021333,,0.0
2024-09-06,2024,SDP,SFG,745371.0,0.7621417251528186,,0.0,
2024-09-08,2024,MIA,PHI,746017.0,0.7691176753121999,,0.0,
2024-09-08,2024,TEX,LAA,744965.0,0.7016965324143872,,0.0,
2024-09-08,2024,BOS,CHW,746910.0,0.811583459787557,,0.0,
2024-09-08,2024,KCR,MIN,746258.0,0.7382612940275651,,0.0,
2024-09-10,2024,CHW,CLE,746747.0,0.6683858310626704,,0.0,
2024-09-11,2024,PIT,MIA,745450.0,,0.6572472666105971,,1.0
2024-09-11,2024,SEA,SDP,745214.0,,0.7836142829115167,,0.0
2024-09-13,2024,WSN,MIA,744800.0,,0.6503483709273182,,1.0
2024-09-13,2024,NYY,BOS,745696.0,,0.7998745421245421,,0.0
2024-09-14,2024,PIT,KCR,745448.0,,0.733961811903311,,0.0
2024-09-15,2024,SEA,TEX,745206.0,,0.6903696554586964,,0.0
2024-09-16,2024,LAA,CHW,746179.0,,0.6830823436262866,,1.0
2024-09-17,2024,SDP,HOU,745366.0,0.7729645054424987,,0.0,
2024-09-19,2024,MIA,LAD,746011.0,0.6600581567274518,,0.0,
2024-09-20,2024,KCR,SFG,746256.0,0.7341089981447125,,0.0,
2024-09-20,2024,BOS,MIN,746905.0,0.7546942961506042,,0.0,
2024-09-22,2024,TEX,SEA,744955.0,0.6994501074008982,,0.0,
2024-09-24,2024,CHW,LAA,746743.0,0.65635085995086,,0.0,
2024-09-24,2024,LAD,SDP,746093.0,,0.7804327287223441,,0.0
2024-09-24,2024,COL,STL,746504.0,,0.7446277587052477,,0.0
2024-09-25,2024,WSN,KCR,744795.0,,0.7343360120542441,,1.0
2024-09-25,2024,TOR,BOS,744877.0,,0.7609809553543553,,0.0
2024-09-25,2024,CLE,CIN,746583.0,0.7280761031762951,,0.0,
2024-09-25,2024,MIN,MIA,745854.0,,0.7693269230769232,,0.0
2024-09-26,2024,WSN,KCR,744796.0,,0.7319840895698292,,1.0
2024-09-28,2024,LAA,TEX,746171.0,,0.6910938215102975,,0.0
2025-03-27,2025,SDP,ATL,778545.0,0.6764964200477326,,1.0,
2025-03-29,2025,CHW,LAA,778534.0,0.6513677916555939,,0.0,
2025-03-30,2025,KCR,CLE,778510.0,0.7503251186977165,,0.0,
2025-03-30,2025,TEX,BOS,778516.0,,0.7539234266570949,,0.0
2025-03-30,2025,MIA,PIT,778519.0,,0.658966657845991,,0.0
2025-04-01,2025,STL,LAA,778495.0,0.7101409254172829,,0.0,
2025-04-01,2025,MIL,KCR,778488.0,,0.7278782371649251,,0.0
2025-04-01,2025,SDP,CLE,778485.0,0.6777759963353184,,1.0,
2025-04-04,2025,DET,CHW,778458.0,,0.6551138368246968,,0.0
2025-04-05,2025,COL,ATH,,,,1.0,0.0
2025-04-05,2025,KCR,BAL,778441.0,0.7062519792519794,,0.0,
2025-04-06,2025,PIT,NYY,778428.0,0.6816662414965986,,0.0,
2025-04-06,2025,COL,ATH,,,,0.0,0.0
2025-04-07,2025,KCR,MIN,778412.0,0.7459623730838143,,0.0,
2025-04-07,2025,BOS,TOR,778426.0,0.7915933075933076,,0.0,
2025-04-07,2025,PIT,STL,778415.0,,0.7263746542620065,,0.0
2025-04-10,2025,KCR,MIN,778373.0,0.7579568442346593,,0.0,
2025-04-10,2025,CLE,CHW,778378.0,,0.6359224617524338,,0.0
2025-04-11,2025,MIA,WSN,778369.0,0.6228885472713298,,1.0,
2025-04-12,2025,CLE,KCR,778359.0,,0.7543012373453317,,0.0
2025-04-12,2025,CIN,PIT,778357.0,,,,
2025-04-12,2025,CHW,BOS,778349.0,,0.7616527777777778,,1.0
2025-04-13,2025,STL,PHI,778336.0,0.697930031446541,,0.0,
2025-04-13,2025,SDP,COL,778330.0,0.7031953514111787,,1.0,
2025-04-15,2025,CHW,ATH,,,,1.0,0.0
2025-04-15,2025,NYY,KCR,778312.0,,0.7068708590679393,,1.0
2025-04-16,2025,STL,HOU,778290.0,0.7286109568290835,,0.0,
2025-04-16,2025,CHW,ATH,,,,0.0,
2025-04-17,2025,DET,KCR,778286.0,,0.748511688835147,,0.0
2025-04-17,2025,PIT,WSN,778280.0,0.6857001956947162,,0.0,
2025-04-17,2025,MIA,ARI,778291.0,0.7549219754529516,,0.0,
2025-04-17,2025,CHW,ATH,,,,1.0,0.0
2025-04-18,2025,MIL,ATH,,,,0.0,0.0
2025-04-18,2025,BAL,CIN,778276.0,,0.6819623172103487,,1.0
2025-04-19,2025,MIL,ATH,,,,0.0,0.0
2025-04-19,2025,HOU,SDP,778259.0,,0.7473352769679301,,0.0
2025-04-19,2025,NYM,STL,778256.0,,0.7350750310559007,,0.0
2025-04-20,2025,MIL,ATH,,,,1.0,0.0
2025-04-20,2025,DET,KCR,778246.0,,0.7211843056272587,,1.0
2025-04-21,2025,BOS,CHW,778238.0,,0.6624139753376396,,0.0
2025-04-22,2025,MIA,CIN,778219.0,0.7346764783180025,,0.0,
2025-04-23,2025,LAA,PIT,778202.0,,0.6857001956947162,,0.0
2025-04-24,2025,KCR,COL,778190.0,0.7566216959187988,,0.0,
2025-04-24,2025,KCR,COL,778195.0,0.7566216959187988,,0.0,
2025-04-24,2025,KCR,COL,778190.0,0.7566216959187988,,0.0,
2025-04-24,2025,KCR,COL,778195.0,0.7566216959187988,,0.0,
2025-04-24,2025,KCR,COL,778190.0,0.7566216959187988,,0.0,
2025-04-24,2025,KCR,COL,778195.0,0.7566216959187988,,0.0,
2025-04-24,2025,KCR,COL,778190.0,0.7566216959187988,,0.0,
2025-04-24,2025,KCR,COL,778195.0,0.7566216959187988,,0.0,
2025-04-24,2025,KCR,COL,778190.0,0.7566216959187988,,0.0,
2025-04-24,2025,KCR,COL,778195.0,0.7566216959187988,,0.0,
2025-04-24,2025,KCR,COL,778190.0,0.7566216959187988,,0.0,
2025-04-24,2025,KCR,COL,778195.0,0.7566216959187988,,0.0,
2025-04-24,2025,KCR,COL,778190.0,0.7566216959187988,,0.0,
2025-04-24,2025,KCR,COL,778195.0,0.7566216959187988,,0.0,
2025-04-24,2025,KCR,COL,778190.0,0.7566216959187988,,0.0,
2025-04-24,2025,KCR,COL,778195.0,0.7566216959187988,,0.0,
2025-04-25,2025,SDP,TBR,778172.0,0.7246028846153845,,0.0,
2025-04-25,2025,STL,MIL,778184.0,0.6962725118483413,,0.0,
2025-04-25,2025,COL,CIN,778181.0,,0.6929965733866361,,1.0
2025-04-26,2025,KCR,HOU,778167.0,0.7065667481662591,,1.0,
2025-04-28,2025,TEX,ATH,,,,1.0,1.0
2025-04-28,2025,LAD,MIA,778132.0,,0.7220705558949299,,0.0
2025-04-29,2025,TEX,ATH,,,,1.0,0.0
2025-04-29,2025,TBR,KCR,778128.0,,0.7488588120740018,,0.0
2025-04-29,2025,PIT,CHC,778135.0,0.6879941983122362,,1.0,
2025-04-30,2025,CIN,STL,778119.0,,0.7355353460972017,,0.0
2025-04-30,2025,CIN,STL,778134.0,,0.7355353460972017,,0.0
2025-04-30,2025,CIN,STL,778119.0,,0.7355353460972017,,0.0
2025-04-30,2025,CIN,STL,778134.0,,0.7355353460972017,,0.0
2025-04-30,2025,CIN,STL,778119.0,,0.7355353460972017,,0.0
2025-04-30,2025,CIN,STL,778134.0,,0.7355353460972017,,0.0
2025-04-30,2025,CIN,STL,778119.0,,0.7355353460972017,,0.0
2025-04-30,2025,CIN,STL,778134.0,,0.7355353460972017,,0.0
2025-04-30,2025,TEX,ATH,,,,0.0,0.0
2025-04-30,2025,CIN,STL,778119.0,,0.7355353460972017,,0.0
2025-04-30,2025,CIN,STL,778134.0,,0.7355353460972017,,0.0
2025-04-30,2025,CIN,STL,778119.0,,0.7355353460972017,,0.0
2025-04-30,2025,CIN,STL,778134.0,,0.7355353460972017,,0.0
2025-04-30,2025,CIN,STL,778119.0,,0.7355353460972017,,0.0
2025-04-30,2025,CIN,STL,778134.0,,0.7355353460972017,,0.0
2025-04-30,2025,CIN,STL,778119.0,,0.7355353460972017,,0.0
2025-04-30,2025,CIN,STL,778134.0,,0.7355353460972017,,0.0
2025-04-30,2025,SDP,SFG,778105.0,0.7356575840145323,,0.0,
2025-05-01,2025,CIN,STL,778107.0,,,,
2025-05-01,2025,TEX,ATH,,,,1.0,0.0
2025-05-02,2025,BAL,KCR,778093.0,,0.7418077177508267,,0.0
2025-05-02,2025,CHW,HOU,778079.0,0.6785039257673089,,1.0,
2025-05-02,2025,MIA,ATH,,,,0.0,0.0
2025-05-03,2025,MIA,ATH,,,,0.0,0.0
2025-05-04,2025,BAL,KCR,778062.0,,0.7414587391081496,,0.0
2025-05-04,2025,MIA,ATH,,,,1.0,
2025-05-04,2025,PIT,SDP,778051.0,,,,
2025-05-06,2025,ATL,CIN,778034.0,,0.6821275675675675,,1.0
2025-05-06,2025,NYY,SDP,778041.0,,0.7608335517693315,,0.0
2025-05-06,2025,STL,PIT,778030.0,0.7203616211374833,,0.0,
2025-05-07,2025,KCR,CHW,778012.0,,,,
2025-05-09,2025,KCR,BOS,777990.0,0.7532861072902339,,0.0,
2025-05-10,2025,CHW,MIA,777978.0,,0.7294190679473497,,0.0
2025-05-10,2025,COL,SDP,777976.0,,0.7258733893557424,,0.0
2025-05-10,2025,PIT,ATL,777985.0,0.6332364824717767,,0.0,
2025-05-12,2025,PHI,STL,777953.0,,0.7120044444444444,,1.0
2025-05-12,2025,SDP,LAA,777947.0,0.6745876460767947,,1.0,
2025-05-12,2025,HOU,KCR,777948.0,,0.7517790385805652,,0.0
2025-05-13,2025,LAD,ATH,,,,1.0,0.0
2025-05-13,2025,CIN,CHW,777945.0,0.7006081292339761,,1.0,
2025-05-14,2025,HOU,KCR,777920.0,,0.7106401891252955,,1.0
2025-05-14,2025,LAD,ATH,,,,0.0,0.0
2025-05-15,2025,LAD,ATH,,,,0.0,0.0
2025-05-16,2025,PHI,PIT,777905.0,,0.6787259167184586,,1.0
2025-05-16,2025,SFG,ATH,,,,1.0,0.0
2025-05-16,2025,SDP,SEA,777896.0,0.762464343598055,,0.0,
2025-05-17,2025,SFG,ATH,,,,0.0,0.0
2025-05-18,2025,CIN,CLE,777874.0,0.7136128594068373,,0.0,
2025-05-18,2025,KCR,STL,777864.0,,,,
2025-05-18,2025,SFG,ATH,,,,1.0,0.0
2025-05-18,2025,SDP,SEA,777868.0,0.7623328100470957,,0.0,
2025-05-18,2025,CHC,CHW,777872.0,,0.6396754706378196,,0.0
2025-05-19,2025,MIA,CHC,777863.0,0.7344006878761823,,0.0,
2025-05-19,2025,MIN,CLE,777861.0,,0.6967546862265688,,0.0
2025-05-20,2025,SFG,KCR,777836.0,,0.752988729281768,,0.0
2025-05-21,2025,PIT,CIN,777834.0,0.6925387772737092,,0.0,
2025-05-21,2025,SFG,KCR,777819.0,,0.7546894667832168,,0.0
2025-05-22,2025,TOR,SDP,777816.0,,0.760219111765944,,0.0
2025-05-24,2025,STL,ARI,777786.0,0.7177023672718915,,0.0,
2025-05-24,2025,CIN,CHC,777791.0,0.7136128594068372,,0.0,
2025-05-24,2025,MIN,KCR,777788.0,,0.7532032779906342,,0.0
2025-05-25,2025,LAA,MIA,777767.0,,0.7196984176233323,,0.0
2025-05-26,2025,KCR,CIN,777760.0,0.7506313943894389,,0.0,
2025-05-26,2025,ARI,PIT,777761.0,,0.7064119958634952,,0.0
2025-05-27,2025,HOU,ATH,,,,1.0,0.0
2025-05-27,2025,NYM,CHW,777749.0,,0.6504308797127468,,0.0
2025-05-27,2025,MIL,BOS,777747.0,,0.7811091622432494,,0.0
2025-05-27,2025,SDP,MIA,777742.0,0.7686573938506588,,0.0,
2025-05-27,2025,KCR,CIN,777750.0,0.7506313943894389,,0.0,
2025-05-28,2025,HOU,ATH,,,,0.0,0.0
2025-05-29,2025,TOR,ATH,,,,1.0,0.0
2025-05-30,2025,TEX,STL,777709.0,,0.714790033739943,,0.0
2025-05-30,2025,TOR,ATH,,,,1.0,0.0
2025-05-30,2025,CHC,CIN,777712.0,,0.7264930338947806,,0.0
2025-05-31,2025,KCR,DET,777694.0,0.7020746119178768,,1.0,
2025-05-31,2025,TOR,ATH,,,,0.0,0.0
2025-05-31,2025,MIA,SFG,777705.0,0.618704469273743,,1.0,
2025-06-01,2025,TOR,ATH,,,,1.0,0.0
2025-06-01,2025,SDP,PIT,777681.0,,0.7081927310488056,,0.0
2025-06-02,2025,SFG,SDP,777676.0,,0.7490689352360044,,0.0
2025-06-02,2025,CHW,DET,777674.0,0.6153346513299784,,0.0,
2025-06-02,2025,BOS,LAA,777670.0,0.7047940900562851,,1.0,
2025-06-03,2025,STL,KCR,777660.0,,0.7494955288985822,,0.0
2025-06-04,2025,CIN,MIL,777647.0,0.6780657349896481,,1.0,
2025-06-05,2025,STL,KCR,777635.0,0.718399593289273,,1.0,
2025-06-05,2025,STL,KCR,777642.0,0.718399593289273,,1.0,
2025-06-05,2025,STL,KCR,777635.0,0.718399593289273,,1.0,
2025-06-05,2025,STL,KCR,777642.0,0.718399593289273,,1.0,
2025-06-05,2025,STL,KCR,777635.0,0.718399593289273,,1.0,
2025-06-05,2025,STL,KCR,777642.0,0.718399593289273,,1.0,
2025-06-05,2025,STL,KCR,777635.0,0.718399593289273,,1.0,
2025-06-05,2025,STL,KCR,777642.0,0.718399593289273,,1.0,
2025-06-05,2025,STL,KCR,777635.0,0.718399593289273,,1.0,
2025-06-05,2025,STL,KCR,777642.0,0.718399593289273,,1.0,
2025-06-05,2025,STL,KCR,777635.0,0.718399593289273,,1.0,
2025-06-05,2025,STL,KCR,777642.0,0.718399593289273,,1.0,
2025-06-05,2025,STL,KCR,777635.0,0.718399593289273,,1.0,
2025-06-05,2025,STL,KCR,777642.0,0.718399593289273,,1.0,
2025-06-05,2025,STL,KCR,777635.0,0.718399593289273,,1.0,
2025-06-05,2025,STL,KCR,777642.0,0.718399593289273,,1.0,
2025-06-06,2025,TBR,MIA,777625.0,,0.7000840336134454,,0.0
2025-06-06,2025,CIN,ARI,777623.0,,0.7589902548725638,,0.0
2025-06-07,2025,CHW,KCR,777606.0,,0.7240581047381546,,0.0
2025-06-07,2025,PIT,PHI,777607.0,0.6930393700787402,,1.0,
2025-06-07,2025,MIL,SDP,777597.0,,0.6835341055341055,,1.0
2025-06-08,2025,TBR,MIA,777592.0,,0.7442436997319035,,0.0
2025-06-08,2025,STL,LAD,777582.0,0.7135063176895308,,1.0,
2025-06-08,2025,CHW,KCR,777590.0,,0.7551675171954736,,0.0
2025-06-09,2025,LAA,ATH,,,,0.0,1.0
2025-06-10,2025,CLE,CIN,777569.0,,0.7264930338947806,,0.0
2025-06-10,2025,LAA,ATH,,,,0.0,0.0
2025-06-11,2025,LAA,ATH,,,,1.0,0.0
2025-06-11,2025,STL,TOR,777545.0,0.7157140762463342,,1.0,
2025-06-12,2025,CHC,PIT,777541.0,,0.717984120078312,,0.0
2025-06-13,2025,KCR,ATH,,,,0.0,
2025-06-13,2025,ARI,SDP,777521.0,,0.762464343598055,,0.0
2025-06-13,2025,WSN,MIA,777530.0,,0.6363331431831146,,1.0
2025-06-14,2025,KCR,ATH,,,,1.0,
2025-06-15,2025,KCR,ATH,,,,1.0,1.0
2025-06-17,2025,CIN,MIN,777478.0,0.7264930338947806,,0.0,
2025-06-17,2025,CHW,STL,777467.0,,0.6952942612942613,,0.0
2025-06-18,2025,LAD,SDP,777457.0,,0.748062304546548,,0.0
2025-06-19,2025,MIA,PHI,777444.0,0.6080838598506605,,1.0,
2025-06-19,2025,CHW,STL,777447.0,,0.7029598825831702,,0.0
2025-06-19,2025,CHW,STL,777458.0,,0.7029598825831702,,0.0
2025-06-19,2025,CHW,STL,777447.0,,0.7029598825831702,,0.0
2025-06-19,2025,CHW,STL,777458.0,,0.7029598825831702,,0.0
2025-06-19,2025,CHW,STL,777447.0,,0.7029598825831702,,0.0
2025-06-19,2025,CHW,STL,777458.0,,0.7029598825831702,,0.0
2025-06-19,2025,CHW,STL,777447.0,,0.7029598825831702,,0.0
2025-06-19,2025,CHW,STL,777458.0,,0.7029598825831702,,0.0
2025-06-19,2025,DET,PIT,777451.0,,0.6556311688311689,,1.0
2025-06-19,2025,DET,PIT,777464.0,,0.6556311688311689,,1.0
2025-06-19,2025,DET,PIT,777451.0,,0.6556311688311689,,1.0
2025-06-19,2025,DET,PIT,777464.0,,0.6556311688311689,,1.0
2025-06-19,2025,DET,PIT,777451.0,,0.6556311688311689,,1.0
2025-06-19,2025,DET,PIT,777464.0,,0.6556311688311689,,1.0
2025-06-19,2025,DET,PIT,777451.0,,0.6556311688311689,,1.0
2025-06-19,2025,DET,PIT,777464.0,,0.6556311688311689,,1.0
2025-06-19,2025,DET,PIT,777451.0,,0.6556311688311689,,1.0
2025-06-19,2025,DET,PIT,777464.0,,0.6556311688311689,,1.0
2025-06-19,2025,DET,PIT,777451.0,,0.6556311688311689,,1.0
2025-06-19,2025,DET,PIT,777464.0,,0.6556311688311689,,1.0
2025-06-19,2025,DET,PIT,777451.0,,0.6556311688311689,,1.0
2025-06-19,2025,DET,PIT,777464.0,,0.6556311688311689,,1.0
2025-06-19,2025,DET,PIT,777451.0,,0.6556311688311689,,1.0
2025-06-19,2025,DET,PIT,777464.0,,0.6556311688311689,,1.0
2025-06-19,2025,CHW,STL,777447.0,,0.7029598825831702,,0.0
2025-06-19,2025,CHW,STL,777458.0,,0.7029598825831702,,0.0
2025-06-19,2025,CHW,STL,777447.0,,0.7029598825831702,,0.0
2025-06-19,2025,CHW,STL,777458.0,,0.7029598825831702,,0.0
2025-06-19,2025,CHW,STL,777447.0,,0.7029598825831702,,0.0
2025-06-19,2025,CHW,STL,777458.0,,0.7029598825831702,,0.0
2025-06-19,2025,CHW,STL,777447.0,,0.7029598825831702,,0.0
2025-06-19,2025,CHW,STL,777458.0,,0.7029598825831702,,0.0
2025-06-19,2025,TEX,KCR,777443.0,,0.7510059683062358,,0.0
2025-06-20,2025,SDP,KCR,777426.0,,0.7342761437908496,,0.0
2025-06-22,2025,STL,CIN,777407.0,,0.7168452012383902,,0.0
2025-06-22,2025,MIN,MIL,777401.0,0.7569318667236224,,0.0,
2025-06-23,2025,STL,CHC,777392.0,0.7235715463917526,,0.0,
2025-06-23,2025,SDP,WSN,777382.0,0.6968698003327788,,1.0,
2025-06-24,2025,DET,ATH,,,,0.0,1.0
2025-06-24,2025,MIL,PIT,777374.0,,0.6788785107772698,,0.0
2025-06-24,2025,STL,CHC,777373.0,0.7235715463917526,,0.0,
2025-06-25,2025,DET,ATH,,,,1.0,0.0
2025-06-25,2025,KCR,TBR,777359.0,0.7554443943153619,,0.0,
2025-06-25,2025,SFG,MIA,777355.0,,0.748219104477612,,0.0
2025-06-25,2025,LAA,BOS,777362.0,,0.6520772727272728,,1.0
2025-06-26,2025,DET,ATH,,,,1.0,1.0
2025-06-26,2025,KCR,TBR,777353.0,0.7373877294443046,,0.0,
2025-06-27,2025,NYY,ATH,,,,0.0,0.0
2025-06-28,2025,CIN,SDP,777328.0,0.722248287266714,,0.0,
2025-06-28,2025,NYY,ATH,,,,1.0,0.0
2025-06-29,2025,CIN,SDP,777312.0,,0.684505957836847,,1.0
2025-06-29,2025,CHW,SFG,777311.0,0.6468290155440415,,0.0,
2025-06-29,2025,NYY,ATH,,,,0.0,0.0
2025-06-29,2025,CLE,STL,777309.0,,0.6692097214636811,,1.0
2025-06-30,2025,SEA,KCR,777297.0,,0.7494955288985822,,0.0
2025-06-30,2025,PIT,STL,777299.0,0.7077625170465615,,0.0,
2025-06-30,2025,TBR,ATH,,,,1.0,0.0
2025-07-01,2025,MIA,MIN,777293.0,0.7196401074306178,,0.0,
2025-07-01,2025,TBR,ATH,,,,1.0,0.0
2025-07-01,2025,SEA,KCR,777281.0,,0.7493221721399441,,0.0
2025-07-02,2025,TBR,ATH,,,,0.0,0.0
2025-07-04,2025,PHI,CIN,777255.0,,0.7008183213920163,,1.0
2025-07-05,2025,ARI,KCR,777234.0,,0.7427106547376982,,0.0
2025-07-05,2025,SDP,TEX,777223.0,0.6920735694822888,,1.0,
2025-07-05,2025,COL,CHW,777232.0,,0.6746007578367207,,0.0
2025-07-05,2025,CHC,STL,777229.0,,0.680362591431557,,1.0
2025-07-06,2025,MIA,MIL,777224.0,0.7545186327422256,,0.0,
2025-07-06,2025,ARI,KCR,777218.0,,,,
2025-07-07,2025,KCR,PIT,777204.0,,0.6930393700787402,,1.0
2025-07-07,2025,BOS,COL,777209.0,0.7025605278255881,,1.0,
2025-07-09,2025,CIN,MIA,777183.0,0.7219074112518165,,0.0,
2025-07-11,2025,STL,ATL,777147.0,0.7272251394052044,,0.0,
2025-07-11,2025,BAL,MIA,777157.0,,0.7490610745058287,,0.0
2025-07-11,2025,CHW,CLE,777146.0,0.6757720681760366,,0.0,
2025-07-11,2025,CHW,CLE,777164.0,0.6757720681760366,,0.0,
2025-07-11,2025,CHW,CLE,777146.0,0.6757720681760366,,0.0,
2025-07-11,2025,CHW,CLE,777164.0,0.6757720681760366,,0.0,
2025-07-11,2025,CHW,CLE,777146.0,0.6757720681760366,,0.0,
2025-07-11,2025,CHW,CLE,777164.0,0.6757720681760366,,0.0,
2025-07-11,2025,CHW,CLE,777146.0,0.6757720681760366,,0.0,
2025-07-11,2025,CHW,CLE,777164.0,0.6757720681760366,,0.0,
2025-07-11,2025,KCR,NYM,777151.0,0.744154541446208,,0.0,
2025-07-11,2025,CHW,CLE,777146.0,0.6757720681760366,,0.0,
2025-07-11,2025,CHW,CLE,777164.0,0.6757720681760366,,0.0,
2025-07-11,2025,CHW,CLE,777146.0,0.6757720681760366,,0.0,
2025-07-11,2025,CHW,CLE,777164.0,0.6757720681760366,,0.0,
2025-07-11,2025,CHW,CLE,777146.0,0.6757720681760366,,0.0,
2025-07-11,2025,CHW,CLE,777164.0,0.6757720681760366,,0.0,
2025-07-11,2025,CHW,CLE,777146.0,0.6757720681760366,,0.0,
2025-07-11,2025,CHW,CLE,777164.0,0.6757720681760366,,0.0,
2025-07-18,2025,PIT,CHW,777107.0,,0.6959778968519759,,1.0
2025-07-18,2025,CLE,ATH,,,,1.0,0.0
2025-07-19,2025,MIA,KCR,777093.0,,0.7428831352004834,,0.0
2025-07-19,2025,CLE,ATH,,,,0.0,1.0
2025-07-20,2025,NYM,CIN,777087.0,,0.6789378151260504,,1.0
2025-07-20,2025,CLE,ATH,,,,1.0,0.0
2025-07-20,2025,PIT,CHW,777074.0,0.6983787422141853,,0.0,
2025-07-21,2025,TEX,ATH,,,,1.0,0.0
2025-07-21,2025,COL,STL,777053.0,,0.7062417685794921,,1.0
2025-07-22,2025,TEX,ATH,,,,0.0,0.0
2025-07-22,2025,PHI,BOS,777045.0,,0.7656998428496594,,1.0
2025-07-22,2025,MIA,SDP,777052.0,,,,
2025-07-23,2025,TBR,CHW,777030.0,,0.6777111472742067,,0.0
2025-07-23,2025,TEX,ATH,,,,1.0,1.0
2025-07-24,2025,HOU,ATH,,,,0.0,0.0
2025-07-25,2025,HOU,ATH,,,,1.0,0.0
2025-07-26,2025,HOU,ATH,,,,1.0,0.0
2025-07-26,2025,KCR,CLE,776990.0,0.757854779858915,,0.0,
2025-07-26,2025,KCR,CLE,777010.0,0.757854779858915,,0.0,
2025-07-26,2025,KCR,CLE,776990.0,0.757854779858915,,0.0,
2025-07-26,2025,KCR,CLE,777010.0,0.757854779858915,,0.0,
2025-07-26,2025,KCR,CLE,776990.0,0.757854779858915,,0.0,
2025-07-26,2025,KCR,CLE,777010.0,0.757854779858915,,0.0,
2025-07-26,2025,KCR,CLE,776990.0,0.757854779858915,,0.0,
2025-07-26,2025,KCR,CLE,777010.0,0.757854779858915,,0.0,
2025-07-26,2025,KCR,CLE,776990.0,0.757854779858915,,0.0,
2025-07-26,2025,KCR,CLE,777010.0,0.757854779858915,,0.0,
2025-07-26,2025,KCR,CLE,776990.0,0.757854779858915,,0.0,
2025-07-26,2025,KCR,CLE,777010.0,0.757854779858915,,0.0,
2025-07-26,2025,KCR,CLE,776990.0,0.757854779858915,,0.0,
2025-07-26,2025,KCR,CLE,777010.0,0.757854779858915,,0.0,
2025-07-26,2025,KCR,CLE,776990.0,0.757854779858915,,0.0,
2025-07-26,2025,KCR,CLE,777010.0,0.757854779858915,,0.0,
2025-07-26,2025,PIT,ARI,777002.0,0.7112047781569966,,0.0,
2025-07-26,2025,CIN,TBR,777000.0,0.7172607606467776,,0.0,
2025-07-26,2025,STL,SDP,776992.0,0.7251280348144754,,0.0,
2025-07-27,2025,HOU,ATH,,,,0.0,1.0
2025-07-27,2025,STL,SDP,776980.0,,,,
2025-07-28,2025,STL,MIA,776960.0,,0.7153591713999332,,0.0
2025-07-28,2025,MIN,BOS,776961.0,,0.7660733670653175,,0.0
2025-07-29,2025,CHW,PHI,776952.0,0.7040969993021633,,1.0,
2025-07-31,2025,CIN,ATL,776928.0,0.7112766045548653,,0.0,
2025-08-01,2025,SDP,STL,776906.0,,0.7232443116524937,,0.0
2025-08-01,2025,TOR,KCR,776920.0,,0.7220316708229426,,0.0
2025-08-01,2025,COL,PIT,776919.0,,0.7160548805184285,,0.0
2025-08-02,2025,SDP,STL,776896.0,,0.713819326768949,,0.0
2025-08-03,2025,MIA,NYY,776891.0,0.748844816883923,,0.0,
2025-08-05,2025,WSN,ATH,,,,0.0,1.0
2025-08-05,2025,COL,TOR,776854.0,0.6987003931847969,,0.0,
2025-08-05,2025,MIA,HOU,776862.0,,0.7161367608209714,,0.0
2025-08-06,2025,WSN,ATH,,,,1.0,0.0
2025-08-06,2025,SEA,CHW,776841.0,,0.674830836454432,,0.0
2025-08-06,2025,PIT,SFG,776844.0,0.6869525985151342,,1.0,
2025-08-06,2025,ARI,SDP,776838.0,0.811987693953986,,1.0,
2025-08-06,2025,LAD,STL,776839.0,,0.7122472012794151,,0.0
2025-08-06,2025,BOS,KCR,776856.0,,0.7515821111340631,,0.0
2025-08-06,2025,CHC,CIN,776847.0,,0.7269022794846383,,0.0
2025-08-07,2025,WSN,ATH,,,,1.0,1.0
2025-08-08,2025,STL,CHC,776826.0,0.7067879567678848,,1.0,
2025-08-08,2025,ATL,MIA,776834.0,,0.703398880105402,,0.0
2025-08-08,2025,BAL,ATH,,,,0.0,0.0
2025-08-09,2025,BAL,ATH,,,,0.0,0.0
2025-08-09,2025,SDP,BOS,776807.0,0.7805129857819906,,0.0,
2025-08-10,2025,BAL,ATH,,,,0.0,1.0
2025-08-11,2025,MIL,PIT,776786.0,,0.7273188153310104,,1.0
2025-08-11,2025,CIN,PHI,776792.0,0.739755742411813,,0.0,
2025-08-12,2025,TEX,ARI,776764.0,,0.7522696390658173,,0.0
2025-08-12,2025,STL,COL,776775.0,0.6881651474530832,,1.0,
2025-08-12,2025,KCR,WSN,776770.0,0.6983812814070353,,1.0,
2025-08-13,2025,STL,COL,776758.0,0.6552696522153406,,1.0,
2025-08-14,2025,CLE,MIA,776745.0,,0.7685269922879178,,0.0
2025-08-16,2025,KCR,CHW,776712.0,0.7435646788990826,,0.0,
2025-08-17,2025,MIN,DET,776700.0,0.7462308265078184,,0.0,
2025-08-17,2025,CIN,MIL,776709.0,0.6663335103558152,,1.0,
2025-08-18,2025,MIA,STL,776688.0,,0.6995675968572204,,0.0
2025-08-18,2025,KCR,TEX,776690.0,0.7482990873533246,,0.0,
2025-08-19,2025,MIN,ATH,,,,1.0,0.0
2025-08-19,2025,MIA,STL,776686.0,,,,
2025-08-20,2025,MIN,ATH,,,,0.0,0.0
2025-08-21,2025,KCR,TEX,776657.0,0.6978047307498741,,1.0,
2025-08-21,2025,MIN,ATH,,,,0.0,0.0
2025-08-22,2025,SEA,ATH,,,,0.0,0.0
2025-08-23,2025,SEA,ATH,,,,1.0,0.0
2025-08-23,2025,DET,KCR,776625.0,,0.7620664852255055,,0.0
2025-08-23,2025,ARI,CIN,776622.0,,0.7339121574139142,,1.0
2025-08-24,2025,TBR,STL,776606.0,,0.7245868231528408,,0.0
2025-08-24,2025,SEA,ATH,,,,1.0,0.0
2025-08-25,2025,MIA,ATL,776600.0,0.7235713245997089,,0.0,
2025-08-25,2025,STL,PIT,776589.0,0.7017929081507017,,0.0,
2025-08-26,2025,CHW,KCR,776583.0,,0.6949011916583911,,1.0
2025-08-29,2025,CIN,STL,776551.0,,0.6798282368249838,,0.0
2025-08-30,2025,KCR,DET,776528.0,0.7551121024937086,,0.0,
2025-08-30,2025,CIN,STL,776536.0,,,,
2025-08-30,2025,NYM,MIA,776535.0,,0.6154138225255973,,1.0
2025-08-31,2025,KCR,DET,776512.0,0.6918481084133258,,1.0,
2025-09-01,2025,STL,ATH,,,,0.0,0.0
2025-09-01,2025,WSN,MIA,776498.0,0.7487757557063541,,0.0,
2025-09-02,2025,KCR,LAA,776488.0,0.6789937034917001,,1.0,
2025-09-02,2025,STL,ATH,,,,0.0,0.0
2025-09-03,2025,STL,ATH,,,,1.0,
2025-09-05,2025,CIN,NYM,776450.0,0.6573529411764707,,1.0,
2025-09-05,2025,STL,SFG,776445.0,0.6603757435558493,,0.0,
2025-09-05,2025,LAA,ATH,,,,0.0,0.0
2025-09-05,2025,KCR,MIN,776446.0,0.732659115661076,,0.0,
2025-09-06,2025,LAA,ATH,,,,0.0,1.0
2025-09-06,2025,KCR,MIN,776434.0,0.698752773925104,,0.0,
2025-09-07,2025,KCR,MIN,776422.0,0.7365492125984252,,0.0,
2025-09-07,2025,CHC,WSN,776420.0,,0.6768702898550726,,1.0
2025-09-07,2025,LAA,ATH,,,,0.0,1.0
2025-09-09,2025,SDP,CIN,776392.0,0.786724775891665,,0.0,
2025-09-09,2025,SEA,STL,776391.0,,0.7215566478250185,,0.0
2025-09-10,2025,SEA,STL,776373.0,,0.6977123459894393,,0.0
2025-09-10,2025,SDP,CIN,776377.0,,0.7104770342737234,,0.0
2025-09-10,2025,CLE,KCR,776382.0,,0.729239110287303,,1.0
2025-09-11,2025,CLE,KCR,776370.0,,0.7726629213483146,,0.0
2025-09-12,2025,PHI,KCR,776354.0,,0.7593491916859122,,0.0
2025-09-13,2025,WSN,PIT,776336.0,0.7497544613350958,,0.0,
2025-09-15,2025,STL,CIN,776312.0,0.7285271360979683,,0.0,
2025-09-15,2025,LAD,PHI,776311.0,0.7896747614917607,,1.0,
2025-09-16,2025,STL,CIN,776300.0,,,,
2025-09-16,2025,NYM,SDP,776304.0,,0.7855457813091186,,0.0
2025-09-16,2025,KCR,SEA,776302.0,0.767768640129319,,0.0,
2025-09-16,2025,BOS,ATH,,,,1.0,1.0
2025-09-17,2025,BOS,ATH,,,,0.0,0.0
2025-09-18,2025,BOS,ATH,,,,0.0,0.0
2025-09-18,2025,KCR,SEA,776272.0,0.7381598161858565,,0.0,
2025-09-19,2025,KCR,TOR,776260.0,0.6579482829954488,,0.0,
2025-09-19,2025,NYM,WSN,776259.0,,0.7606147609728823,,0.0
2025-09-19,2025,PIT,ATH,,,,0.0,0.0
2025-09-20,2025,PIT,ATH,,,,0.0,0.0
2025-09-21,2025,STL,MIL,776231.0,,,,
2025-09-21,2025,CIN,CHC,776239.0,0.7128059342421813,,0.0,
2025-09-21,2025,PIT,ATH,,,,0.0,0.0
2025-09-21,2025,CHW,SDP,776235.0,,0.7812635149459402,,0.0
2025-09-21,2025,KCR,TOR,776229.0,0.7748038961038961,,0.0,
2025-09-22,2025,SFG,STL,776220.0,,0.696276244518958,,0.0
2025-09-23,2025,PHI,MIA,776215.0,,0.6527460063897763,,1.0
2025-09-24,2025,ATL,WSN,776200.0,,0.7208395833333332,,0.0
2025-09-24,2025,LAA,KCR,776197.0,,0.7087299945563418,,1.0
2025-09-25,2025,LAA,KCR,776178.0,,0.7014837872892347,,1.0
2025-09-27,2025,SDP,ARI,776152.0,0.7453933147632312,,0.0,
2025-09-27,2025,MIL,CIN,776153.0,,,,
2025-09-27,2025,CHC,STL,776164.0,,0.7005471323111869,,0.0
2026-03-18,2026,CIN,COL,,,,,
2026-03-18,2026,NYY,BOS,,,,,
2026-03-18,2026,ARI,CHC,,,,,
2026-03-18,2026,ATL,PHI,,,,,
2026-03-18,2026,LAA,CIN,,,,,
2026-03-18,2026,TEX,KCR,,,,,
2026-03-18,2026,PIT,DET,,,,,
2026-03-18,2026,STL,HOU,,,,,
2026-03-18,2026,MIL,LAA,,,,,
2026-03-18,2026,TOR,BAL,,,,,
2026-03-18,2026,SEA,MIL,,,,,
2026-03-19,2026,CHW,ARI,,,,,
2026-03-19,2026,KCR,LAA,,,,,
2026-03-19,2026,BOS,MIN,,,,,
2026-03-19,2026,BAL,PIT,,,,,
2026-03-19,2026,CLE,KCR,,,,,
2026-03-19,2026,HOU,NYM,,,,,
2026-03-19,2026,COL,SFG,,,,,
2026-03-19,2026,MIL,TEX,,,,,
2026-03-19,2026,NYY,BAL,,,,,
2026-03-19,2026,ATH,SEA,,,,,
2026-03-19,2026,TOR,NYY,,,,,
2026-03-19,2026,STL,WSN,,,,,
2026-03-19,2026,SDP,CHW,,,,,
2026-03-19,2026,PHI,TBR,,,,,
2026-03-20,2026,ATL,PIT,,,,,
2026-03-20,2026,SFG,KCR,,,,,
2026-03-20,2026,TEX,SFG,,,,,
2026-03-20,2026,TBR,BOS,,,,,
2026-03-20,2026,SDP,COL,,,,,
2026-03-20,2026,MIA,WSN,,,,,
2026-03-20,2026,ARI,MIL,,,,,
2026-03-20,2026,CLE,SEA,,,,,
2026-03-20,2026,CHC,CIN,,,,,
2026-03-20,2026,LAD,SDP,,,,,
2026-03-20,2026,LAA,CHW,,,,,
2026-03-20,2026,MIN,TOR,,,,,
2026-03-20,2026,NYM,STL,,,,,
2026-03-20,2026,NYY,BAL,,,,,
2026-03-20,2026,ATH,CHC,,,,,
2026-03-20,2026,PHI,DET,,,,,
2026-03-20,2026,HOU,MIA,,,,,
2026-03-21,2026,NYM,HOU,,,,,
2026-03-21,2026,DET,NYY,,,,,
2026-03-21,2026,MIL,SDP,,,,,
2026-03-21,2026,ARI,TEX,,,,,
2026-03-21,2026,BAL,PHI,,,,,
2026-03-21,2026,BOS,ATL,,,,,
2026-03-21,2026,CIN,CHW,,,,,
2026-03-21,2026,KCR,COL,,,,,
2026-03-21,2026,SEA,CHC,,,,,
2026-03-21,2026,PIT,TOR,,,,,
2026-03-21,2026,SFG,CLE,,,,,
2026-03-21,2026,STL,MIA,,,,,
2026-03-21,2026,TBR,MIN,,,,,
2026-03-21,2026,WSN,NYM,,,,,
2026-03-21,2026,LAD,ATH,,,,,
2026-03-22,2026,LAA,LAD,,,,,
2026-03-22,2026,HOU,STL,,,,,
2026-03-22,2026,TOR,TBR,,,,,
2026-03-22,2026,CHW,SEA,,,,,
2026-03-22,2026,MIA,NYM,,,,,
2026-03-22,2026,COL,ATH,,,,,
2026-03-22,2026,MIN,ATL,,,,,
2026-03-22,2026,CHC,MIL,,,,,
2026-03-22,2026,PIT,BOS,,,,,
2026-03-22,2026,SDP,ARI,,,,,
2026-03-22,2026,BAL,WSN,,,,,
2026-03-22,2026,NYY,PHI,,,,,
2026-03-22,2026,CLE,CIN,,,,,
2026-03-23,2026,SDP,SEA,,,,,
2026-03-23,2026,PIT,ATL,,,,,
2026-03-23,2026,MIL,CIN,,,,,
2026-03-23,2026,PHI,TBR,,,,,
2026-03-23,2026,ARI,CLE,,,,,
2026-03-23,2026,BOS,MIN,,,,,
2026-03-23,2026,CHC,NYY,,,,,
2026-03-23,2026,LAD,LAA,,,,,
2026-03-23,2026,COL,DET,,,,,
2026-03-23,2026,ATH,CHW,,,,,
2026-03-23,2026,TEX,KCR,,,,,
2026-03-23,2026,WSN,BAL,,,,,
2026-03-24,2026,CHC,NYY,,,,,
2026-03-24,2026,MIN,BOS,,,,,
2026-03-24,2026,MIL,CIN,,,,,
2026-03-24,2026,TEX,KCR,,,,,
2026-03-24,2026,COL,DET,,,,,
2026-03-24,2026,ATL,TBR,,,,,
2026-03-24,2026,LAD,LAA,,,,,
2026-03-24,2026,ARI,CLE,,,,,
2026-03-25,2026,SFG,NYY,,,,,
2026-03-26,2026,PHI,TEX,,,,,
2026-03-26,2026,LAD,ARI,,,,,
2026-03-26,2026,SEA,CLE,,,,,
2026-03-26,2026,MIL,CHW,,,,,
2026-03-26,2026,STL,TBR,,,,,
2026-03-26,2026,CIN,BOS,,,,,
2026-03-26,2026,HOU,LAA,,,,,
2026-03-26,2026,SDP,DET,,,,,
2026-03-26,2026,BAL,MIN,,,,,
2026-03-26,2026,NYM,PIT,,,,,
2026-03-26,2026,CHC,WSN,,,,,
2026-03-27,2026,LAD,ARI,,,,,
2026-03-27,2026,SDP,DET,,,,,
2026-03-27,2026,SFG,NYY,,,,,
2026-03-27,2026,HOU,LAA,,,,,
2026-03-27,2026,ATL,KCR,,,,,
2026-03-27,2026,TOR,ATH,,,,,
2026-03-27,2026,SEA,CLE,,,,,
2026-03-27,2026,MIA,COL,,,,,
2026-03-28,2026,PHI,TEX,,,,,
2026-03-28,2026,CHC,WSN,,,,,
2026-03-28,2026,LAD,ARI,,,,,
2026-03-28,2026,SFG,NYY,,,,,
2026-03-28,2026,SDP,DET,,,,,
2026-03-28,2026,SEA,CLE,,,,,
2026-03-28,2026,BAL,MIN,,,,,
2026-03-28,2026,NYM,PIT,,,,,
2026-03-28,2026,CIN,BOS,,,,,
2026-03-28,2026,HOU,LAA,,,,,
2026-03-28,2026,STL,TBR,,,,,
2026-03-28,2026,MIL,CHW,,,,,
2026-03-28,2026,ATL,KCR,,,,,
2026-03-28,2026,MIA,COL,,,,,
2026-03-28,2026,TOR,ATH,,,,,
2026-03-29,2026,CIN,BOS,,,,,
2026-03-29,2026,NYM,PIT,,,,,
2026-03-29,2026,SEA,CLE,,,,,
2026-03-29,2026,HOU,LAA,,,,,
2026-03-29,2026,CHC,WSN,,,,,
2026-03-29,2026,TOR,ATH,,,,,
2026-03-29,2026,PHI,TEX,,,,,
2026-03-29,2026,MIL,CHW,,,,,
2026-03-29,2026,STL,TBR,,,,,
2026-03-29,2026,MIA,COL,,,,,
2026-03-29,2026,BAL,MIN,,,,,
2026-03-29,2026,ATL,KCR,,,,,
2026-03-30,2026,CIN,PIT,,,,,
2026-03-30,2026,ARI,DET,,,,,
2026-03-30,2026,TOR,COL,,,,,
2026-03-30,2026,SDP,SFG,,,,,
2026-03-30,2026,HOU,BOS,,,,,
2026-03-30,2026,ATL,ATH,,,,,
2026-03-30,2026,KCR,MIN,,,,,
2026-03-30,2026,STL,NYM,,,,,
2026-03-30,2026,SEA,NYY,,,,,
2026-03-30,2026,LAD,CLE,,,,,
2026-03-30,2026,CHC,LAA,,,,,
2026-03-30,2026,BAL,TEX,,,,,
2026-03-30,2026,MIL,TBR,,,,,
2026-03-30,2026,MIA,CHW,,,,,
2026-03-30,2026,PHI,WSN,,,,,
2026-03-31,2026,MIL,TBR,,,,,
2026-03-31,2026,STL,NYM,,,,,
2026-03-31,2026,CHC,LAA,,,,,
2026-03-31,2026,TOR,COL,,,,,
2026-03-31,2026,ATL,ATH,,,,,
2026-03-31,2026,BAL,TEX,,,,,
2026-03-31,2026,SEA,NYY,,,,,
2026-03-31,2026,MIA,CHW,,,,,
2026-03-31,2026,CIN,PIT,,,,,
2026-03-31,2026,PHI,WSN,,,,,
2026-03-31,2026,SDP,SFG,,,,,
2026-03-31,2026,HOU,BOS,,,,,
2026-03-31,2026,ARI,DET,,,,,
2026-03-31,2026,LAD,CLE,,,,,
2026-04-01,2026,SDP,SFG,,,,,
2026-04-01,2026,CHC,LAA,,,,,
2026-04-01,2026,ATL,ATH,,,,,
2026-04-01,2026,CIN,PIT,,,,,
2026-04-01,2026,KCR,MIN,,,,,
2026-04-01,2026,HOU,BOS,,,,,
2026-04-01,2026,ARI,DET,,,,,
2026-04-01,2026,TOR,COL,,,,,
2026-04-01,2026,LAD,CLE,,,,,
2026-04-01,2026,SEA,NYY,,,,,
2026-04-01,2026,PHI,WSN,,,,,
2026-04-01,2026,STL,NYM,,,,,
2026-04-01,2026,BAL,TEX,,,,,
2026-04-01,2026,MIA,CHW,,,,,
2026-04-01,2026,MIL,TBR,,,,,
2026-04-02,2026,KCR,MIN,,,,,
2026-04-02,2026,SFG,NYM,,,,,
2026-04-02,2026,ARI,ATL,,,,,
2026-04-03,2026,CLE,CHC,,,,,
2026-04-03,2026,LAA,SEA,,,,,
2026-04-03,2026,DET,STL,,,,,
2026-04-03,2026,MIN,TBR,,,,,
2026-04-03,2026,PIT,BAL,,,,,
2026-04-03,2026,WSN,LAD,,,,,
2026-04-03,2026,ATH,HOU,,,,,
2026-04-03,2026,SFG,NYM,,,,,
2026-04-03,2026,NYY,MIA,,,,,
2026-04-03,2026,COL,PHI,,,,,
2026-04-03,2026,ARI,ATL,,,,,
2026-04-03,2026,CHW,TOR,,,,,
2026-04-03,2026,TEX,CIN,,,,,
2026-04-03,2026,BOS,SDP,,,,,
2026-04-04,2026,BOS,SDP,,,,,
2026-04-04,2026,KCR,MIL,,,,,
2026-04-04,2026,TEX,CIN,,,,,
2026-04-04,2026,MIN,TBR,,,,,
2026-04-04,2026,KCR,MIL,,,,,
2026-04-04,2026,COL,PHI,,,,,
2026-04-04,2026,NYY,MIA,,,,,
2026-04-04,2026,SFG,NYM,,,,,
2026-04-04,2026,DET,STL,,,,,
2026-04-04,2026,ARI,ATL,,,,,
2026-04-04,2026,WSN,LAD,,,,,
2026-04-04,2026,ATH,HOU,,,,,
2026-04-04,2026,PIT,BAL,,,,,
2026-04-04,2026,CHW,TOR,,,,,
2026-04-04,2026,LAA,SEA,,,,,
2026-04-05,2026,ATH,HOU,,,,,
2026-04-05,2026,CLE,CHC,,,,,
2026-04-05,2026,MIN,TBR,,,,,
2026-04-05,2026,CLE,CHC,,,,,
2026-04-05,2026,WSN,LAD,,,,,
2026-04-05,2026,DET,STL,,,,,
2026-04-05,2026,KCR,MIL,,,,,
2026-04-05,2026,TEX,CIN,,,,,
2026-04-05,2026,ARI,ATL,,,,,
2026-04-05,2026,CHW,TOR,,,,,
2026-04-05,2026,SFG,NYM,,,,,
2026-04-05,2026,LAA,SEA,,,,,
2026-04-05,2026,COL,PHI,,,,,
2026-04-05,2026,NYY,MIA,,,,,
2026-04-05,2026,BOS,SDP,,,,,
2026-04-05,2026,PIT,BAL,,,,,
2026-04-06,2026,TOR,LAD,,,,,
2026-04-06,2026,LAA,ATL,,,,,
2026-04-06,2026,PIT,SDP,,,,,
2026-04-06,2026,MIN,DET,,,,,
2026-04-06,2026,BOS,MIL,,,,,
2026-04-06,2026,CHW,BAL,,,,,
2026-04-06,2026,MIA,CIN,,,,,
2026-04-06,2026,SFG,PHI,,,,,
2026-04-06,2026,COL,HOU,,,,,
2026-04-06,2026,WSN,STL,,,,,
2026-04-06,2026,CLE,KCR,,,,,
2026-04-06,2026,TEX,SEA,,,,,
2026-04-06,2026,TBR,CHC,,,,,
2026-04-07,2026,COL,HOU,,,,,
2026-04-07,2026,LAA,ATL,,,,,
2026-04-07,2026,CHW,BAL,,,,,
2026-04-07,2026,TOR,LAD,,,,,
2026-04-07,2026,TBR,CHC,,,,,
2026-04-07,2026,MIA,CIN,,,,,
2026-04-07,2026,MIN,DET,,,,,
2026-04-07,2026,WSN,STL,,,,,
2026-04-07,2026,SFG,PHI,,,,,
2026-04-07,2026,PIT,SDP,,,,,
2026-04-07,2026,BOS,MIL,,,,,
2026-04-07,2026,NYM,ARI,,,,,
2026-04-07,2026,CLE,KCR,,,,,
2026-04-07,2026,NYY,ATH,,,,,
2026-04-07,2026,TEX,SEA,,,,,
2026-04-08,2026,TBR,CHC,,,,,
2026-04-08,2026,WSN,STL,,,,,
2026-04-08,2026,TEX,SEA,,,,,
2026-04-08,2026,NYM,ARI,,,,,
2026-04-08,2026,SFG,PHI,,,,,
2026-04-08,2026,MIN,DET,,,,,
2026-04-08,2026,MIA,CIN,,,,,
2026-04-08,2026,PIT,SDP,,,,,
2026-04-08,2026,LAA,ATL,,,,,
2026-04-08,2026,NYY,ATH,,,,,
2026-04-08,2026,CHW,BAL,,,,,
2026-04-08,2026,COL,HOU,,,,,
2026-04-08,2026,CLE,KCR,,,,,
2026-04-08,2026,TOR,LAD,,,,,
2026-04-08,2026,BOS,MIL,,,,,
2026-04-09,2026,NYM,ARI,,,,,
2026-04-09,2026,KCR,CHW,,,,,
2026-04-09,2026,SDP,COL,,,,,
2026-04-09,2026,MIA,CIN,,,,,
2026-04-09,2026,NYY,ATH,,,,,
2026-04-09,2026,MIN,DET,,,,,
2026-04-10,2026,STL,BOS,,,,,
2026-04-10,2026,SEA,HOU,,,,,
2026-04-10,2026,DET,MIA,,,,,
2026-04-10,2026,MIL,WSN,,,,,
2026-04-10,2026,CHC,PIT,,,,,
2026-04-10,2026,TOR,MIN,,,,,
2026-04-10,2026,ATL,CLE,,,,,
2026-04-10,2026,LAD,TEX,,,,,
2026-04-10,2026,KCR,CHW,,,,,
2026-04-10,2026,CIN,LAA,,,,,
2026-04-10,2026,TBR,NYY,,,,,
2026-04-10,2026,PHI,ARI,,,,,
2026-04-10,2026,BAL,SFG,,,,,
2026-04-10,2026,SDP,COL,,,,,
2026-04-10,2026,NYM,ATH,,,,,
2026-04-11,2026,LAD,TEX,,,,,
2026-04-11,2026,DET,MIA,,,,,
2026-04-11,2026,CHC,PIT,,,,,
2026-04-11,2026,SEA,HOU,,,,,
2026-04-11,2026,KCR,CHW,,,,,
2026-04-11,2026,PHI,ARI,,,,,
2026-04-11,2026,BAL,SFG,,,,,
2026-04-11,2026,STL,BOS,,,,,
2026-04-11,2026,NYM,ATH,,,,,
2026-04-11,2026,TOR,MIN,,,,,
2026-04-11,2026,MIL,WSN,,,,,
2026-04-11,2026,ATL,CLE,,,,,
2026-04-11,2026,CIN,LAA,,,,,
2026-04-11,2026,TBR,NYY,,,,,
2026-04-11,2026,SDP,COL,,,,,
2026-04-12,2026,CHC,PIT,,,,,
2026-04-12,2026,BAL,SFG,,,,,
2026-04-12,2026,NYM,ATH,,,,,
2026-04-12,2026,MIL,WSN,,,,,
2026-04-12,2026,PHI,ARI,,,,,
2026-04-12,2026,SEA,HOU,,,,,
2026-04-12,2026,TOR,MIN,,,,,
2026-04-12,2026,SDP,COL,,,,,
2026-04-12,2026,CIN,LAA,,,,,
2026-04-12,2026,STL,BOS,,,,,
2026-04-12,2026,DET,MIA,,,,,
2026-04-12,2026,KCR,CHW,,,,,
2026-04-12,2026,ATL,CLE,,,,,
2026-04-12,2026,LAD,TEX,,,,,
2026-04-12,2026,TBR,NYY,,,,,
2026-04-13,2026,LAD,NYM,,,,,
2026-04-13,2026,MIN,BOS,,,,,
2026-04-13,2026,NYY,LAA,,,,,
2026-04-13,2026,STL,CLE,,,,,
2026-04-13,2026,BAL,ARI,,,,,
2026-04-13,2026,SEA,HOU,,,,,
2026-04-13,2026,ATH,TEX,,,,,
2026-04-13,2026,ATL,MIA,,,,,
2026-04-13,2026,PHI,CHC,,,,,
2026-04-13,2026,PIT,WSN,,,,,
2026-04-14,2026,CHW,TBR,,,,,
2026-04-14,2026,HOU,COL,,,,,
2026-04-14,2026,ATH,TEX,,,,,
2026-04-14,2026,MIN,BOS,,,,,
2026-04-14,2026,BAL,ARI,,,,,
2026-04-14,2026,NYY,LAA,,,,,
2026-04-14,2026,LAD,NYM,,,,,
2026-04-14,2026,PHI,CHC,,,,,
2026-04-14,2026,MIL,TOR,,,,,
2026-04-14,2026,PIT,WSN,,,,,
2026-04-14,2026,CIN,SFG,,,,,
2026-04-14,2026,STL,CLE,,,,,
2026-04-14,2026,SDP,SEA,,,,,
2026-04-14,2026,DET,KCR,,,,,
2026-04-14,2026,ATL,MIA,,,,,
2026-04-15,2026,MIN,BOS,,,,,
2026-04-15,2026,PHI,CHC,,,,,
2026-04-15,2026,SDP,SEA,,,,,
2026-04-15,2026,PIT,WSN,,,,,
2026-04-15,2026,BAL,ARI,,,,,
2026-04-15,2026,MIL,TOR,,,,,
2026-04-15,2026,NYY,LAA,,,,,
2026-04-15,2026,STL,CLE,,,,,
2026-04-15,2026,LAD,NYM,,,,,
2026-04-15,2026,HOU,COL,,,,,
2026-04-15,2026,DET,KCR,,,,,
2026-04-15,2026,ATH,TEX,,,,,
2026-04-15,2026,CIN,SFG,,,,,
2026-04-15,2026,CHW,TBR,,,,,
2026-04-15,2026,ATL,MIA,,,,,
2026-04-16,2026,MIL,TOR,,,,,
2026-04-16,2026,PIT,WSN,,,,,
2026-04-16,2026,CHW,TBR,,,,,
2026-04-16,2026,SDP,SEA,,,,,
2026-04-16,2026,HOU,COL,,,,,
2026-04-16,2026,DET,KCR,,,,,
2026-04-16,2026,ATH,TEX,,,,,
2026-04-16,2026,CLE,BAL,,,,,
2026-04-16,2026,CIN,SFG,,,,,
2026-04-16,2026,NYY,LAA,,,,,
2026-04-17,2026,NYY,KCR,,,,,
2026-04-17,2026,CLE,BAL,,,,,
2026-04-17,2026,COL,LAD,,,,,
2026-04-17,2026,PHI,ATL,,,,,
2026-04-17,2026,MIA,MIL,,,,,
2026-04-17,2026,LAA,SDP,,,,,
2026-04-17,2026,SEA,TEX,,,,,
2026-04-17,2026,WSN,SFG,,,,,
2026-04-17,2026,MIN,CIN,,,,,
2026-04-17,2026,PIT,TBR,,,,,
2026-04-17,2026,CHC,NYM,,,,,
2026-04-17,2026,BOS,DET,,,,,
2026-04-17,2026,ARI,TOR,,,,,
2026-04-17,2026,ATH,CHW,,,,,
2026-04-17,2026,HOU,STL,,,,,
2026-04-18,2026,MIN,CIN,,,,,
2026-04-18,2026,CHC,NYM,,,,,
2026-04-18,2026,CLE,BAL,,,,,
2026-04-18,2026,WSN,SFG,,,,,
2026-04-18,2026,COL,LAD,,,,,
2026-04-18,2026,ARI,TOR,,,,,
2026-04-18,2026,ATH,CHW,,,,,
2026-04-18,2026,HOU,STL,,,,,
2026-04-18,2026,MIA,MIL,,,,,
2026-04-18,2026,SEA,TEX,,,,,
2026-04-18,2026,LAA,SDP,,,,,
2026-04-18,2026,PIT,TBR,,,,,
2026-04-18,2026,PHI,ATL,,,,,
2026-04-18,2026,NYY,KCR,,,,,
2026-04-18,2026,BOS,DET,,,,,
2026-04-19,2026,NYY,KCR,,,,,
2026-04-19,2026,WSN,SFG,,,,,
2026-04-19,2026,SEA,TEX,,,,,
2026-04-19,2026,PIT,TBR,,,,,
2026-04-19,2026,BOS,DET,,,,,
2026-04-19,2026,PHI,ATL,,,,,
2026-04-19,2026,MIN,CIN,,,,,
2026-04-19,2026,LAA,SDP,,,,,
2026-04-19,2026,HOU,STL,,,,,
2026-04-19,2026,ATH,CHW,,,,,
2026-04-19,2026,CLE,BAL,,,,,
2026-04-19,2026,COL,LAD,,,,,
2026-04-19,2026,ARI,TOR,,,,,
2026-04-19,2026,MIA,MIL,,,,,
2026-04-19,2026,CHC,NYM,,,,,
2026-04-20,2026,KCR,BAL,,,,,
2026-04-20,2026,MIA,STL,,,,,
2026-04-20,2026,LAA,TOR,,,,,
2026-04-20,2026,TBR,CIN,,,,,
2026-04-20,2026,BOS,DET,,,,,
2026-04-20,2026,CHC,PHI,,,,,
2026-04-20,2026,COL,LAD,,,,,
2026-04-20,2026,SEA,ATH,,,,,
2026-04-20,2026,CLE,HOU,,,,,
2026-04-20,2026,WSN,ATL,,,,,
2026-04-21,2026,COL,SDP,,,,,
2026-04-21,2026,TBR,CIN,,,,,
2026-04-21,2026,NYM,MIN,,,,,
2026-04-21,2026,LAA,TOR,,,,,
2026-04-21,2026,KCR,BAL,,,,,
2026-04-21,2026,BOS,NYY,,,,,
2026-04-21,2026,ARI,CHW,,,,,
2026-04-21,2026,CHC,PHI,,,,,
2026-04-21,2026,SFG,LAD,,,,,
2026-04-21,2026,DET,MIL,,,,,
2026-04-21,2026,MIA,STL,,,,,
2026-04-21,2026,CLE,HOU,,,,,
2026-04-21,2026,WSN,ATL,,,,,
2026-04-21,2026,TEX,PIT,,,,,
2026-04-21,2026,SEA,ATH,,,,,
2026-04-22,2026,LAA,TOR,,,,,
2026-04-22,2026,TEX,PIT,,,,,
2026-04-22,2026,SFG,LAD,,,,,
2026-04-22,2026,NYM,MIN,,,,,
2026-04-22,2026,SEA,ATH,,,,,
2026-04-22,2026,ARI,CHW,,,,,
2026-04-22,2026,KCR,BAL,,,,,
2026-04-22,2026,TBR,CIN,,,,,
2026-04-22,2026,COL,SDP,,,,,
2026-04-22,2026,CLE,HOU,,,,,
2026-04-22,2026,CHC,PHI,,,,,
2026-04-22,2026,BOS,NYY,,,,,
2026-04-22,2026,WSN,ATL,,,,,
2026-04-22,2026,DET,MIL,,,,,
2026-04-22,2026,MIA,STL,,,,,
2026-04-23,2026,CHC,PHI,,,,,
2026-04-23,2026,DET,MIL,,,,,
2026-04-23,2026,COL,SDP,,,,,
2026-04-23,2026,SFG,LAD,,,,,
2026-04-23,2026,BOS,NYY,,,,,
2026-04-23,2026,ARI,CHW,,,,,
2026-04-23,2026,WSN,ATL,,,,,
2026-04-23,2026,NYM,MIN,,,,,
2026-04-23,2026,TEX,PIT,,,,,
2026-04-24,2026,KCR,LAA,,,,,
2026-04-24,2026,ATL,PHI,,,,,
2026-04-24,2026,BAL,BOS,,,,,
2026-04-24,2026,CHW,WSN,,,,,
2026-04-24,2026,LAD,CHC,,,,,
2026-04-24,2026,CIN,DET,,,,,
2026-04-24,2026,HOU,NYY,,,,,
2026-04-24,2026,SFG,MIA,,,,,
2026-04-24,2026,STL,SEA,,,,,
2026-04-24,2026,TBR,MIN,,,,,
2026-04-24,2026,TEX,ATH,,,,,
2026-04-24,2026,TOR,CLE,,,,,
2026-04-24,2026,NYM,COL,,,,,
2026-04-24,2026,MIL,PIT,,,,,
2026-04-25,2026,KCR,LAA,,,,,
2026-04-25,2026,ARI,SDP,,,,,
2026-04-25,2026,ATL,PHI,,,,,
2026-04-25,2026,BAL,BOS,,,,,
2026-04-25,2026,CIN,DET,,,,,
2026-04-25,2026,HOU,NYY,,,,,
2026-04-25,2026,CHW,WSN,,,,,
2026-04-25,2026,LAD,CHC,,,,,
2026-04-25,2026,STL,SEA,,,,,
2026-04-25,2026,TBR,MIN,,,,,
2026-04-25,2026,TEX,ATH,,,,,
2026-04-25,2026,TOR,CLE,,,,,
2026-04-25,2026,MIL,PIT,,,,,
2026-04-25,2026,SFG,MIA,,,,,
2026-04-26,2026,HOU,NYY,,,,,
2026-04-26,2026,KCR,LAA,,,,,
2026-04-26,2026,ATL,PHI,,,,,
2026-04-26,2026,BAL,BOS,,,,,
2026-04-26,2026,CHW,WSN,,,,,
2026-04-26,2026,CIN,DET,,,,,
2026-04-26,2026,STL,SEA,,,,,
2026-04-26,2026,ARI,SDP,,,,,
2026-04-26,2026,MIL,PIT,,,,,
2026-04-26,2026,NYM,COL,,,,,
2026-04-26,2026,SFG,MIA,,,,,
2026-04-26,2026,TBR,MIN,,,,,
2026-04-26,2026,TEX,ATH,,,,,
2026-04-26,2026,TOR,CLE,,,,,
2026-04-26,2026,LAD,CHC,,,,,
2026-04-27,2026,LAD,MIA,,,,,
2026-04-27,2026,CHW,LAA,,,,,
2026-04-27,2026,CLE,TBR,,,,,
2026-04-27,2026,MIN,SEA,,,,,
2026-04-27,2026,PIT,STL,,,,,
2026-04-27,2026,SDP,CHC,,,,,
2026-04-27,2026,TEX,NYY,,,,,
2026-04-27,2026,TOR,BOS,,,,,
2026-04-28,2026,MIN,SEA,,,,,
2026-04-28,2026,ATL,DET,,,,,
2026-04-28,2026,BAL,HOU,,,,,
2026-04-28,2026,CHW,LAA,,,,,
2026-04-28,2026,CIN,COL,,,,,
2026-04-28,2026,LAD,MIA,,,,,
2026-04-28,2026,CLE,TBR,,,,,
2026-04-28,2026,MIL,ARI,,,,,
2026-04-28,2026,TOR,BOS,,,,,
2026-04-28,2026,PHI,SFG,,,,,
2026-04-28,2026,PIT,STL,,,,,
2026-04-28,2026,SDP,CHC,,,,,
2026-04-28,2026,TEX,NYY,,,,,
2026-04-28,2026,ATH,KCR,,,,,
2026-04-28,2026,NYM,WSN,,,,,
2026-04-29,2026,NYM,WSN,,,,,
2026-04-29,2026,ATL,DET,,,,,
2026-04-29,2026,CHW,LAA,,,,,
2026-04-29,2026,CIN,COL,,,,,
2026-04-29,2026,CLE,TBR,,,,,
2026-04-29,2026,LAD,MIA,,,,,
2026-04-29,2026,ATH,KCR,,,,,
2026-04-29,2026,MIN,SEA,,,,,
2026-04-29,2026,MIL,ARI,,,,,
2026-04-29,2026,PIT,STL,,,,,
2026-04-29,2026,TEX,NYY,,,,,
2026-04-29,2026,TOR,BOS,,,,,
2026-04-29,2026,SDP,CHC,,,,,
2026-04-30,2026,BAL,HOU,,,,,
2026-04-30,2026,CIN,COL,,,,,
2026-04-30,2026,ATL,DET,,,,,
2026-04-30,2026,MIN,TOR,,,,,
2026-04-30,2026,MIL,ARI,,,,,
2026-04-30,2026,ATH,KCR,,,,,
2026-04-30,2026,PHI,SFG,,,,,
2026-04-30,2026,PIT,STL,,,,,
2026-04-30,2026,NYM,WSN,,,,,
2026-05-01,2026,MIN,TOR,,,,,
2026-05-01,2026,BOS,HOU,,,,,
2026-05-01,2026,CHC,ARI,,,,,
2026-05-01,2026,COL,ATL,,,,,
2026-05-01,2026,DET,TEX,,,,,
2026-05-01,2026,LAA,NYM,,,,,
2026-05-01,2026,ATH,CLE,,,,,
2026-05-01,2026,MIA,PHI,,,,,
2026-05-01,2026,PIT,CIN,,,,,
2026-05-01,2026,SDP,CHW,,,,,
2026-05-01,2026,SEA,KCR,,,,,
2026-05-01,2026,STL,LAD,,,,,
2026-05-01,2026,TBR,SFG,,,,,
2026-05-01,2026,WSN,MIL,,,,,
2026-05-01,2026,NYY,BAL,,,,,
2026-05-02,2026,MIN,TOR,,,,,
2026-05-02,2026,BOS,HOU,,,,,
2026-05-02,2026,CHC,ARI,,,,,
2026-05-02,2026,COL,ATL,,,,,
2026-05-02,2026,DET,TEX,,,,,
2026-05-02,2026,LAA,NYM,,,,,
2026-05-02,2026,STL,LAD,,,,,
2026-05-02,2026,MIA,PHI,,,,,
2026-05-02,2026,ATH,CLE,,,,,
2026-05-02,2026,PIT,CIN,,,,,
2026-05-02,2026,SDP,CHW,,,,,
2026-05-02,2026,SEA,KCR,,,,,
2026-05-02,2026,TBR,SFG,,,,,
2026-05-02,2026,WSN,MIL,,,,,
2026-05-02,2026,NYY,BAL,,,,,
2026-05-03,2026,NYY,BAL,,,,,
2026-05-03,2026,BOS,HOU,,,,,
2026-05-03,2026,CHC,ARI,,,,,
2026-05-03,2026,COL,ATL,,,,,
2026-05-03,2026,DET,TEX,,,,,
2026-05-03,2026,MIA,PHI,,,,,
2026-05-03,2026,MIN,TOR,,,,,
2026-05-03,2026,LAA,NYM,,,,,
2026-05-03,2026,PIT,CIN,,,,,
2026-05-03,2026,SDP,CHW,,,,,
2026-05-03,2026,SEA,KCR,,,,,
2026-05-03,2026,STL,LAD,,,,,
2026-05-03,2026,TBR,SFG,,,,,
2026-05-03,2026,WSN,MIL,,,,,
2026-05-03,2026,ATH,CLE,,,,,
2026-05-04,2026,KCR,CLE,,,,,
2026-05-04,2026,NYY,BAL,,,,,
2026-05-04,2026,MIA,PHI,,,,,
2026-05-04,2026,STL,MIL,,,,,
2026-05-04,2026,DET,BOS,,,,,
2026-05-04,2026,COL,NYM,,,,,
2026-05-04,2026,TBR,TOR,,,,,
