game_id,pitcher_id,game_date,home_team,away_team,pitcher_name,team_side,is_starter,outs_recorded,runs_allowed
mlb_831453,mlb_527048,2026-03-18,ATL,PHI,Martín Pérez,0,1,11,1
mlb_831453,mlb_800811,2026-03-18,ATL,PHI,Jacob Kroeger,0,0,1,0
mlb_831453,mlb_663158,2026-03-18,ATL,PHI,Robert Suarez,0,0,3,1
mlb_831453,mlb_800311,2026-03-18,ATL,PHI,Didier Fuentes,0,0,12,0
mlb_831453,mlb_691725,2026-03-18,ATL,PHI,Andrew Painter,1,1,12,0
mlb_831453,mlb_686751,2026-03-18,ATL,PHI,Seth Johnson,1,0,6,0
mlb_831453,mlb_656353,2026-03-18,ATL,PHI,Tucker Davidson,1,0,6,3
mlb_831556,mlb_681517,2026-03-18,STL,HOU,Kyle Leahy,0,1,15,0
mlb_831556,mlb_592773,2026-03-18,STL,HOU,Ryne Stanek,0,0,3,1
mlb_831556,mlb_668941,2026-03-18,STL,HOU,JoJo Romero,0,0,3,0
mlb_831556,mlb_694335,2026-03-18,STL,HOU,Matt Svanson,0,0,6,0
mlb_831556,mlb_641585,2026-03-18,STL,HOU,J.P. France,1,1,12,1
mlb_831556,mlb_595345,2026-03-18,STL,HOU,Steven Okert,1,0,3,0
mlb_831556,mlb_805123,2026-03-18,STL,HOU,AJ Blubaugh,1,0,3,0
mlb_831556,mlb_678906,2026-03-18,STL,HOU,Kai-Wei Teng,1,0,3,0
mlb_831556,mlb_690667,2026-03-18,STL,HOU,Trey Dombroski,1,0,3,3
mlb_831558,mlb_677952,2026-03-18,PIT,DET,Braxton Ashcraft,0,1,16,1
mlb_831558,mlb_671600,2026-03-18,PIT,DET,Jaycob Deese,0,0,2,0
mlb_831558,mlb_642701,2026-03-18,PIT,DET,Dennis Santana,0,0,3,0
mlb_831558,mlb_608334,2026-03-18,PIT,DET,Carson Fulmer,0,0,6,0
mlb_831558,mlb_663554,2026-03-18,PIT,DET,Casey Mize,1,1,12,3
mlb_831558,mlb_676910,2026-03-18,PIT,DET,Matt Seelinger,1,0,1,0
mlb_831558,mlb_676428,2026-03-18,PIT,DET,Brant Hurter,1,0,5,0
mlb_831558,mlb_674944,2026-03-18,PIT,DET,Sean Guenther,1,0,3,0
mlb_831558,mlb_687033,2026-03-18,PIT,DET,Zack Lee,1,0,3,0
mlb_831600,mlb_676596,2026-03-18,TOR,BAL,Josh Fleming,0,1,6,2
mlb_831600,mlb_693686,2026-03-18,TOR,BAL,Spencer Miles,0,0,6,1
mlb_831600,mlb_686973,2026-03-18,TOR,BAL,Louis Varland,0,0,4,0
mlb_831600,mlb_682785,2026-03-18,TOR,BAL,Angel Bastardo,0,0,4,0
mlb_831600,mlb_680755,2026-03-18,TOR,BAL,Braydon Fisher,0,0,1,0
mlb_831600,mlb_663893,2026-03-18,TOR,BAL,Brendon Little,0,0,3,0
mlb_831600,mlb_689254,2026-03-18,TOR,BAL,Mason Fluharty,0,0,3,0
mlb_831600,mlb_544150,2026-03-18,TOR,BAL,Albert Suárez,1,1,12,1
mlb_831600,mlb_682274,2026-03-18,TOR,BAL,Yaramil Hiraldo,1,0,3,0
mlb_831600,mlb_608650,2026-03-18,TOR,BAL,Dietrich Enns,1,0,3,0
mlb_831600,mlb_695327,2026-03-18,TOR,BAL,Dylan Heid,1,0,3,1
mlb_831600,mlb_694978,2026-03-18,TOR,BAL,Ben Vespi,1,0,3,0
mlb_831600,mlb_702129,2026-03-18,TOR,BAL,Alex Pham,1,0,3,0
mlb_831607,mlb_543037,2026-03-18,NYY,BOS,Gerrit Cole,0,1,3,0
mlb_831607,mlb_694660,2026-03-18,NYY,BOS,Harrison Cohen,0,0,3,0
mlb_831607,mlb_801739,2026-03-18,NYY,BOS,Carlos Lagrange,0,0,12,0
mlb_831607,mlb_518585,2026-03-18,NYY,BOS,Fernando Cruz,0,0,3,0
mlb_831607,mlb_687396,2026-03-18,NYY,BOS,Brent Headrick,0,0,3,0
mlb_831607,mlb_683409,2026-03-18,NYY,BOS,Angel Chivilli,0,0,3,0
mlb_831607,mlb_813349,2026-03-18,NYY,BOS,Connelly Early,1,1,15,0
mlb_831607,mlb_701719,2026-03-18,NYY,BOS,Tyler Samaniego,1,0,6,0
mlb_831607,mlb_700413,2026-03-18,NYY,BOS,Tyler Uberstine,1,0,3,1
mlb_831784,mlb_676106,2026-03-18,SEA,MIL,Emerson Hancock,0,1,11,3
mlb_831784,mlb_701828,2026-03-18,SEA,MIL,Wyatt Lunsford-Shenkman,0,0,1,0
mlb_831784,mlb_677961,2026-03-18,SEA,MIL,Cole Wilcox,0,0,3,0
mlb_831784,mlb_621074,2026-03-18,SEA,MIL,Michael Rucker,0,0,3,0
mlb_831784,mlb_670871,2026-03-18,SEA,MIL,Guillo Zuñiga,0,0,3,0
mlb_831784,mlb_689546,2026-03-18,SEA,MIL,Nick Davila,0,0,3,0
mlb_831784,mlb_700675,2026-03-18,SEA,MIL,Jimmy Kingsbury,0,0,3,0
mlb_831784,mlb_692230,2026-03-18,SEA,MIL,Carlos Rodriguez,1,1,12,4
mlb_831784,mlb_668834,2026-03-18,SEA,MIL,Easton McGee,1,0,3,3
mlb_831784,mlb_671111,2026-03-18,SEA,MIL,Sammy Peralta,1,0,3,0
mlb_831784,mlb_680723,2026-03-18,SEA,MIL,Drew Rom,1,0,3,0
mlb_831784,mlb_657265,2026-03-18,SEA,MIL,Peter Strzelecki,1,0,3,0
mlb_831818,mlb_690986,2026-03-18,MIL,LAA,Kyle Harrison,0,1,8,4
mlb_831818,mlb_695871,2026-03-18,MIL,LAA,Jesús Broca,0,0,1,0
mlb_831818,mlb_668831,2026-03-18,MIL,LAA,Garrett Stallings,0,0,3,0
mlb_831818,mlb_676879,2026-03-18,MIL,LAA,Aaron Ashby,0,0,6,0
mlb_831818,mlb_669084,2026-03-18,MIL,LAA,DL Hall,0,0,6,0
mlb_831818,mlb_702153,2026-03-18,MIL,LAA,Brian Fitzpatrick,0,0,3,0
mlb_831818,mlb_696270,2026-03-18,MIL,LAA,Ryan Johnson,1,1,15,1
mlb_831818,mlb_641312,2026-03-18,MIL,LAA,Shaun Anderson,1,0,7,2
mlb_831818,mlb_622780,2026-03-18,MIL,LAA,Angel Perdomo,1,0,1,0
mlb_831818,mlb_699613,2026-03-18,MIL,LAA,Houston Harding,1,0,4,0
mlb_831833,mlb_677958,2026-03-18,TEX,KCR,Kumar Rocker,0,1,12,1
mlb_831833,mlb_455119,2026-03-18,TEX,KCR,Chris Martin,0,0,3,1
mlb_831833,mlb_668390,2026-03-18,TEX,KCR,Cole Winn,0,0,4,1
mlb_831833,mlb_691945,2026-03-18,TEX,KCR,Carter Baumler,0,0,2,0
mlb_831833,mlb_656222,2026-03-18,TEX,KCR,Jalen Beeks,0,0,3,0
mlb_831833,mlb_666168,2026-03-18,TEX,KCR,Mason Thompson,0,0,3,0
mlb_831833,mlb_608379,2026-03-18,TEX,KCR,Michael Wacha,1,1,10,5
mlb_831833,mlb_669169,2026-03-18,TEX,KCR,Jonathan Heasley,1,0,2,2
mlb_831833,mlb_621381,2026-03-18,TEX,KCR,Matt Strahm,1,0,1,1
mlb_831833,mlb_694360,2026-03-18,TEX,KCR,Beck Way,1,0,2,0
mlb_831833,mlb_608032,2026-03-18,TEX,KCR,Carlos Estévez,1,0,3,0
mlb_831833,mlb_683232,2026-03-18,TEX,KCR,Nick Mears,1,0,1,4
mlb_831833,mlb_700786,2026-03-18,TEX,KCR,Ben Sears,1,0,2,0
mlb_831833,mlb_663738,2026-03-18,TEX,KCR,Daniel Lynch IV,1,0,3,0
mlb_831866,mlb_663903,2026-03-18,CIN,COL,Brady Singer,0,1,11,0
mlb_831866,mlb_686671,2026-03-18,CIN,COL,Thomas Farr,0,0,4,1
mlb_831866,mlb_572955,2026-03-18,CIN,COL,Pierce Johnson,0,0,3,0
mlb_831866,mlb_683175,2026-03-18,CIN,COL,Connor Phillips,0,0,3,0
mlb_831866,mlb_815043,2026-03-18,CIN,COL,Simon Miller,0,0,2,6
mlb_831866,mlb_689297,2026-03-18,CIN,COL,Brody Jessee,0,0,1,0
mlb_831866,mlb_687905,2026-03-18,CIN,COL,Taylor Floyd,0,0,3,1
mlb_831866,mlb_500779,2026-03-18,CIN,COL,Jose Quintana,1,1,12,4
mlb_831866,mlb_680767,2026-03-18,CIN,COL,Victor Vodnik,1,0,3,0
mlb_831866,mlb_657514,2026-03-18,CIN,COL,Brennan Bernardino,1,0,3,0
mlb_831866,mlb_656786,2026-03-18,CIN,COL,Parker Mushinski,1,0,3,2
mlb_831866,mlb_624522,2026-03-18,CIN,COL,Keegan Thompson,1,0,6,0
mlb_831895,mlb_686799,2026-03-18,LAA,CIN,Jack Kochanowicz,0,1,15,1
mlb_831895,mlb_608718,2026-03-18,LAA,CIN,Brent Suter,0,0,3,2
mlb_831895,mlb_519326,2026-03-18,LAA,CIN,Hunter Strickland,0,0,3,1
mlb_831895,mlb_680704,2026-03-18,LAA,CIN,Nick Sandlin,0,0,3,0
mlb_831895,mlb_642048,2026-03-18,LAA,CIN,Tayler Saucedo,0,0,3,0
mlb_831895,mlb_695505,2026-03-18,LAA,CIN,Chase Burns,1,1,6,2
mlb_831895,mlb_594580,2026-03-18,LAA,CIN,Sam Moll,1,0,3,0
mlb_831895,mlb_682825,2026-03-18,LAA,CIN,Luis Mey,1,0,3,0
mlb_831895,mlb_622088,2026-03-18,LAA,CIN,Tejay Antone,1,0,3,1
mlb_831895,mlb_806652,2026-03-18,LAA,CIN,Jacob Edwards,1,0,3,0
mlb_831895,mlb_825756,2026-03-18,LAA,CIN,Will Cannon,1,0,3,4
mlb_831895,mlb_808839,2026-03-18,LAA,CIN,Stephen Quigley,1,0,3,0
mlb_831932,mlb_518876,2026-03-18,ARI,CHC,Merrill Kelly,0,1,8,2
mlb_831932,mlb_605452,2026-03-18,ARI,CHC,Joe Ross,0,0,4,3
mlb_831932,mlb_666661,2026-03-18,ARI,CHC,Juan Morillo,0,0,4,0
mlb_831932,mlb_664199,2026-03-18,ARI,CHC,Taylor Clarke,0,0,2,0
mlb_831932,mlb_623149,2026-03-18,ARI,CHC,Paul Sewald,0,0,3,0
mlb_831932,mlb_669704,2026-03-18,ARI,CHC,Kade Strowd,0,0,2,3
mlb_831932,mlb_696508,2026-03-18,ARI,CHC,Alec Baker,0,0,4,0
mlb_831932,mlb_665795,2026-03-18,ARI,CHC,Edward Cabrera,1,1,9,8
mlb_831932,mlb_694383,2026-03-18,ARI,CHC,Grayson Moore,1,0,0,3
mlb_831932,mlb_683100,2026-03-18,ARI,CHC,Dawson Netz,1,0,3,3
mlb_831932,mlb_668970,2026-03-18,ARI,CHC,Gavin Hollowell,1,0,3,0
mlb_831932,mlb_676962,2026-03-18,ARI,CHC,Ben Brown,1,0,3,0
mlb_831932,mlb_605441,2026-03-18,ARI,CHC,Yacksel Ríos,1,0,3,2
mlb_831932,mlb_656686,2026-03-18,ARI,CHC,Corbin Martin,1,0,3,0
mlb_831452,mlb_687273,2026-03-19,STL,WSN,Quinn Mathews,0,1,12,1
mlb_831452,mlb_676617,2026-03-19,STL,WSN,Riley O'Brien,0,0,3,0
mlb_831452,mlb_700669,2026-03-19,STL,WSN,Gordon Graceffo,0,0,3,0
mlb_831452,mlb_688297,2026-03-19,STL,WSN,Chris Roycroft,0,0,3,0
mlb_831452,mlb_666277,2026-03-19,STL,WSN,George Soriano,0,0,3,0
mlb_831452,mlb_690155,2026-03-19,STL,WSN,Matt Pushard,0,0,3,0
mlb_831452,mlb_641793,2026-03-19,STL,WSN,Zack Littell,1,1,8,3
mlb_831452,mlb_678973,2026-03-19,STL,WSN,Eiker Huizi,1,0,1,0
mlb_831452,mlb_695418,2026-03-19,STL,WSN,Brad Lord,1,0,9,0
mlb_831452,mlb_622098,2026-03-19,STL,WSN,Drew Smith,1,0,3,0
mlb_831452,mlb_669371,2026-03-19,STL,WSN,Cole Henry,1,0,3,2
mlb_831500,mlb_663567,2026-03-19,HOU,NYM,Peter Lambert,0,1,10,3
mlb_831500,mlb_595345,2026-03-19,HOU,NYM,Steven Okert,0,0,1,0
mlb_831500,mlb_680802,2026-03-19,HOU,NYM,Ryan Weiss,0,0,2,3
mlb_831500,mlb_694381,2026-03-19,HOU,NYM,Trey McLoughlin,0,0,2,0
mlb_831500,mlb_650556,2026-03-19,HOU,NYM,Bryan Abreu,0,0,3,0
mlb_831500,mlb_687911,2026-03-19,HOU,NYM,Bryan King,0,0,3,0
mlb_831500,mlb_804522,2026-03-19,HOU,NYM,Wilmy Sanchez,0,0,6,0
mlb_831500,mlb_673540,2026-03-19,HOU,NYM,Kodai Senga,1,1,12,0
mlb_831500,mlb_472610,2026-03-19,HOU,NYM,Luis García,1,0,3,1
mlb_831500,mlb_702065,2026-03-19,HOU,NYM,Aaron Rozek,1,0,1,0
mlb_831500,mlb_518886,2026-03-19,HOU,NYM,Craig Kimbrel,1,0,3,1
mlb_831500,mlb_688781,2026-03-19,HOU,NYM,Brett Banks,1,0,2,0
mlb_831500,mlb_681810,2026-03-19,HOU,NYM,Austin Warren,1,0,3,0
mlb_831500,mlb_663992,2026-03-19,HOU,NYM,Richard Lovelady,1,0,3,0
mlb_831501,mlb_669432,2026-03-19,BAL,PIT,Trevor Rogers,0,1,16,2
mlb_831501,mlb_669211,2026-03-19,BAL,PIT,Keegan Akin,0,0,2,0
mlb_831501,mlb_664854,2026-03-19,BAL,PIT,Ryan Helsley,0,0,3,0
mlb_831501,mlb_664991,2026-03-19,BAL,PIT,Grant Wolfram,0,0,3,0
mlb_831501,mlb_663804,2026-03-19,BAL,PIT,Jackson Kowar,0,0,3,0
mlb_831501,mlb_676742,2026-03-19,BAL,PIT,Cam Sanders,1,1,3,1
mlb_831501,mlb_642397,2026-03-19,BAL,PIT,Gregory Soto,1,0,3,2
mlb_831501,mlb_605182,2026-03-19,BAL,PIT,Mike Clevinger,1,0,6,2
mlb_831501,mlb_682995,2026-03-19,BAL,PIT,Hunter Barco,1,0,6,0
mlb_831501,mlb_686747,2026-03-19,BAL,PIT,Joe La Sorsa,1,0,3,0
mlb_831501,mlb_682981,2026-03-19,BAL,PIT,Derek Diamond,1,0,3,0
mlb_831551,mlb_641835,2026-03-19,PHI,TBR,Tim Mayza,0,1,6,0
mlb_831551,mlb_647315,2026-03-19,PHI,TBR,Zach Pop,0,0,6,0
mlb_831551,mlb_621237,2026-03-19,PHI,TBR,José Alvarado,0,0,3,2
mlb_831551,mlb_661395,2026-03-19,PHI,TBR,Jhoan Duran,0,0,3,0
mlb_831551,mlb_642546,2026-03-19,PHI,TBR,Jonathan Hernández,0,0,3,0
mlb_831551,mlb_642152,2026-03-19,PHI,TBR,Lou Trivino,0,0,3,0
mlb_831551,mlb_650893,2026-03-19,PHI,TBR,Génesis Cabrera,0,0,3,0
mlb_831551,mlb_656876,2026-03-19,PHI,TBR,Drew Rasmussen,1,1,17,8
mlb_831551,mlb_685801,2026-03-19,PHI,TBR,Hunter Bigge,1,0,1,0
mlb_831551,mlb_687330,2026-03-19,PHI,TBR,Kevin Kelly,1,0,3,0
mlb_831551,mlb_672782,2026-03-19,PHI,TBR,Yoendrys Gómez,1,0,3,0
mlb_831605,mlb_664074,2026-03-19,TOR,NYY,Cody Ponce,0,1,17,0
mlb_831605,mlb_684320,2026-03-19,TOR,NYY,Yariel Rodríguez,0,0,4,0
mlb_831605,mlb_656546,2026-03-19,TOR,NYY,Jeff Hoffman,0,0,3,0
mlb_831605,mlb_660896,2026-03-19,TOR,NYY,Jorge Alcala,0,0,3,0
mlb_831605,mlb_677960,2026-03-19,TOR,NYY,Ryan Weathers,1,1,9,7
mlb_831605,mlb_702036,2026-03-19,TOR,NYY,Tony Rossi,1,0,1,0
mlb_831605,mlb_665645,2026-03-19,TOR,NYY,Kervin Castro,1,0,2,2
mlb_831605,mlb_685464,2026-03-19,TOR,NYY,Cade Winquest,1,0,3,2
mlb_831605,mlb_690440,2026-03-19,TOR,NYY,Bradley Hanner,1,0,6,0
mlb_831605,mlb_679693,2026-03-19,TOR,NYY,Carson Coleman,1,0,3,0
mlb_831606,mlb_678394,2026-03-19,BOS,MIN,Brayan Bello,0,1,18,0
mlb_831606,mlb_547973,2026-03-19,BOS,MIN,Aroldis Chapman,0,0,3,0
mlb_831606,mlb_686580,2026-03-19,BOS,MIN,Justin Slaten,0,0,3,1
mlb_831606,mlb_543056,2026-03-19,BOS,MIN,Danny Coulombe,0,0,2,1
mlb_831606,mlb_594027,2026-03-19,BOS,MIN,Tayron Guerrero,0,0,1,0
mlb_831606,mlb_690953,2026-03-19,BOS,MIN,Mick Abel,1,1,14,2
mlb_831606,mlb_687879,2026-03-19,BOS,MIN,Luis Quiñones,1,0,1,0
mlb_831606,mlb_521230,2026-03-19,BOS,MIN,Liam Hendriks,1,0,3,1
mlb_831606,mlb_656186,2026-03-19,BOS,MIN,Dan Altavilla,1,0,3,1
mlb_831606,mlb_621199,2026-03-19,BOS,MIN,Matt Bowman,1,0,3,0
mlb_831722,mlb_605540,2026-03-19,MIL,TEX,Brandon Woodruff,0,1,9,3
mlb_831722,mlb_663782,2026-03-19,MIL,TEX,Joe Corbett,0,0,1,0
mlb_831722,mlb_800469,2026-03-19,MIL,TEX,Bryan Rivera,0,0,2,1
mlb_831722,mlb_656730,2026-03-19,MIL,TEX,Trevor Megill,0,0,3,0
mlb_831722,mlb_682842,2026-03-19,MIL,TEX,Abner Uribe,0,0,3,0
mlb_831722,mlb_657649,2026-03-19,MIL,TEX,Jared Koenig,0,0,3,0
mlb_831722,mlb_681982,2026-03-19,MIL,TEX,Grant Anderson,0,0,3,0
mlb_831722,mlb_691602,2026-03-19,MIL,TEX,Stiven Cruz,0,0,3,0
mlb_831722,mlb_656641,2026-03-19,MIL,TEX,Jacob Latz,1,1,9,9
mlb_831722,mlb_681896,2026-03-19,MIL,TEX,Anthony Hoopii-Tuionetoa,1,0,1,0
mlb_831722,mlb_686769,2026-03-19,MIL,TEX,Dane Acker,1,0,2,2
mlb_831722,mlb_676395,2026-03-19,MIL,TEX,Robert Garcia,1,0,5,0
mlb_831722,mlb_596001,2026-03-19,MIL,TEX,Jakob Junis,1,0,4,0
mlb_831722,mlb_682608,2026-03-19,MIL,TEX,Peyton Gray,1,0,3,0
mlb_831755,mlb_650644,2026-03-19,ATH,SEA,Aaron Civale,0,1,18,0
mlb_831755,mlb_669372,2026-03-19,ATH,SEA,J.T. Ginn,0,0,2,6
mlb_831755,mlb_621139,2026-03-19,ATH,SEA,Brooks Kriske,0,0,1,0
mlb_831755,mlb_665660,2026-03-19,ATH,SEA,Elvis Alvarado,0,0,3,0
mlb_831755,mlb_678022,2026-03-19,ATH,SEA,Jack Perkins,0,0,3,0
mlb_831755,mlb_677976,2026-03-19,ATH,SEA,Randy Dobnak,1,1,11,3
mlb_831755,mlb_674022,2026-03-19,ATH,SEA,Jason Ruffcorn,1,0,4,0
mlb_831755,mlb_641540,2026-03-19,ATH,SEA,Dane Dunning,1,0,9,1
mlb_831755,mlb_813609,2026-03-19,ATH,SEA,Reese Lumpkin,1,0,3,0
mlb_831756,mlb_608372,2026-03-19,COL,SFG,Tomoyuki Sugano,0,1,9,1
mlb_831756,mlb_605154,2026-03-19,COL,SFG,John Brebbia,0,0,6,5
mlb_831756,mlb_623474,2026-03-19,COL,SFG,Jimmy Herget,0,0,6,3
mlb_831756,mlb_678020,2026-03-19,COL,SFG,Seth Halvorsen,0,0,1,4
mlb_831756,mlb_687317,2026-03-19,COL,SFG,Stu Flesland III,0,0,2,0
mlb_831756,mlb_688642,2026-03-19,COL,SFG,Zach Agnos,0,0,3,1
mlb_831756,mlb_657277,2026-03-19,COL,SFG,Logan Webb,1,1,13,6
mlb_831756,mlb_681924,2026-03-19,COL,SFG,R.J. Dabovich,1,0,1,0
mlb_831756,mlb_698962,2026-03-19,COL,SFG,Ricardo Estrada,1,0,1,0
mlb_831756,mlb_664141,2026-03-19,COL,SFG,JT Brubaker,1,0,6,1
mlb_831756,mlb_666619,2026-03-19,COL,SFG,Gregory Santos,1,0,1,4
mlb_831756,mlb_803292,2026-03-19,COL,SFG,Ben Peterson,1,0,2,0
mlb_831756,mlb_678738,2026-03-19,COL,SFG,Juan Sanchez,1,0,3,0
mlb_831822,mlb_663460,2026-03-19,KCR,LAA,Kris Bubic,0,1,12,1
mlb_831822,mlb_669212,2026-03-19,KCR,LAA,Eli Morgan,0,0,6,0
mlb_831822,mlb_695556,2026-03-19,KCR,LAA,Shane Panzini,0,0,5,2
mlb_831822,mlb_800078,2026-03-19,KCR,LAA,Augusto Mendieta,0,0,1,0
mlb_831822,mlb_680970,2026-03-19,KCR,LAA,Andrew Pérez,0,0,3,1
mlb_831822,mlb_579328,2026-03-19,KCR,LAA,Yusei Kikuchi,1,1,14,1
mlb_831822,mlb_519141,2026-03-19,KCR,LAA,Drew Pomeranz,1,0,1,0
mlb_831822,mlb_700712,2026-03-19,KCR,LAA,Walbert Urena,1,0,12,2
mlb_831846,mlb_800048,2026-03-19,CLE,KCR,Parker Messick,0,1,17,4
mlb_831846,mlb_694773,2026-03-19,CLE,KCR,Reid Johnston,0,0,1,0
mlb_831846,mlb_641401,2026-03-19,CLE,KCR,Connor Brogdon,0,0,3,1
mlb_831846,mlb_682120,2026-03-19,CLE,KCR,Tim Herrin,0,0,3,0
mlb_831846,mlb_801555,2026-03-19,CLE,KCR,Izaak Martinez,0,0,3,0
mlb_831846,mlb_702070,2026-03-19,CLE,KCR,Noah Cameron,1,1,13,4
mlb_831846,mlb_699489,2026-03-19,CLE,KCR,Brandon Johnson,1,0,1,0
mlb_831846,mlb_674444,2026-03-19,CLE,KCR,Steven Cruz,1,0,4,0
mlb_831846,mlb_621016,2026-03-19,CLE,KCR,Jose Cuas,1,0,3,1
mlb_831846,mlb_672487,2026-03-19,CLE,KCR,Helcris Olivárez,1,0,3,1
mlb_831907,mlb_650633,2026-03-19,SDP,CHW,Michael King,0,1,15,6
mlb_831907,mlb_606996,2026-03-19,SDP,CHW,Kyle Hart,0,0,4,0
mlb_831907,mlb_699134,2026-03-19,SDP,CHW,Bradgley Rodriguez,0,0,2,0
mlb_831907,mlb_593974,2026-03-19,SDP,CHW,Wandy Peralta,0,0,3,0
mlb_831907,mlb_669093,2026-03-19,SDP,CHW,Jeremiah Estrada,0,0,3,0
mlb_831907,mlb_676249,2026-03-19,SDP,CHW,Adisyn Coffey,1,1,6,3
mlb_831907,mlb_805326,2026-03-19,SDP,CHW,Tyler Schweitzer,1,0,3,0
mlb_831907,mlb_687239,2026-03-19,SDP,CHW,Ben Peoples,1,0,1,3
mlb_831907,mlb_802087,2026-03-19,SDP,CHW,Frankeli Arias,1,0,2,0
mlb_831907,mlb_803035,2026-03-19,SDP,CHW,Riley Gowens,1,0,3,0
mlb_831907,mlb_805958,2026-03-19,SDP,CHW,Jackson Kelley,1,0,3,0
mlb_831907,mlb_803143,2026-03-19,SDP,CHW,Seth Keener,1,0,3,0
mlb_831907,mlb_688328,2026-03-19,SDP,CHW,Eric Adler,1,0,0,5
mlb_831907,mlb_687259,2026-03-19,SDP,CHW,Luke Bell,1,0,3,2
mlb_831962,mlb_663436,2026-03-19,CHW,ARI,Davis Martin,0,1,14,2
mlb_831962,mlb_683568,2026-03-19,CHW,ARI,Jairo Iriarte,0,0,1,0
mlb_831962,mlb_621366,2026-03-19,CHW,ARI,Ryan Borucki,0,0,3,0
mlb_831962,mlb_685126,2026-03-19,CHW,ARI,Brandon Eisert,0,0,3,0
mlb_831962,mlb_608371,2026-03-19,CHW,ARI,Lucas Sims,0,0,3,0
mlb_831962,mlb_684384,2026-03-19,CHW,ARI,Chase Plymell,0,0,3,0
mlb_831962,mlb_647336,2026-03-19,CHW,ARI,Michael Soroka,1,1,15,0
mlb_831962,mlb_805299,2026-03-19,CHW,ARI,Brandyn Garcia,1,0,2,3
mlb_831962,mlb_657044,2026-03-19,CHW,ARI,Ryan Thompson,1,0,1,0
mlb_831962,mlb_656464,2026-03-19,CHW,ARI,Kevin Ginkel,1,0,2,0
mlb_831962,mlb_642528,2026-03-19,CHW,ARI,Jonathan Loáisiga,1,0,3,1
mlb_831962,mlb_694851,2026-03-19,CHW,ARI,Andrew Hoffmann,1,0,1,0
mlb_832062,mlb_608331,2026-03-19,NYY,BAL,Max Fried,0,1,15,3
mlb_832062,mlb_660787,2026-03-19,NYY,BAL,Yerry De los Santos,0,0,5,0
mlb_832062,mlb_656234,2026-03-19,NYY,BAL,Jake Bird,0,0,2,0
mlb_832062,mlb_669395,2026-03-19,NYY,BAL,Dylan Coleman,0,0,2,1
mlb_832062,mlb_674370,2026-03-19,NYY,BAL,Osvaldo Bido,0,0,3,0
mlb_832062,mlb_665152,2026-03-19,NYY,BAL,Dean Kremer,1,1,13,1
mlb_832062,mlb_676012,2026-03-19,NYY,BAL,Gerald Ogando,1,0,2,0
mlb_832062,mlb_666974,2026-03-19,NYY,BAL,Yennier Cano,1,0,3,1
mlb_832062,mlb_700072,2026-03-19,NYY,BAL,Yaqui Rivera,1,0,3,0
mlb_832062,mlb_656120,2026-03-19,NYY,BAL,Jean Henriquez,1,0,3,1
mlb_832062,mlb_686811,2026-03-19,NYY,BAL,Carter Rustad,1,0,1,2
mlb_831450,mlb_663978,2026-03-20,MIA,WSN,Chris Paddack,0,1,12,1
mlb_831450,mlb_669622,2026-03-20,MIA,WSN,Anthony Bender,0,0,3,1
mlb_831450,mlb_677053,2026-03-20,MIA,WSN,Andrew Nardi,0,0,3,0
mlb_831450,mlb_663969,2026-03-20,MIA,WSN,Tyler Phillips,0,0,3,0
mlb_831450,mlb_664126,2026-03-20,MIA,WSN,Pete Fairbanks,0,0,3,0
mlb_831450,mlb_676534,2026-03-20,MIA,WSN,Calvin Faucher,0,0,3,0
mlb_831450,mlb_656492,2026-03-20,MIA,WSN,Foster Griffin,1,1,15,3
mlb_831450,mlb_672335,2026-03-20,MIA,WSN,Cionel Pérez,1,0,3,0
mlb_831450,mlb_622098,2026-03-20,MIA,WSN,Drew Smith,1,0,3,0
mlb_831450,mlb_687377,2026-03-20,MIA,WSN,Orlando Ribalta,1,0,3,0
mlb_831451,mlb_660761,2026-03-20,ATL,PIT,José Suarez,0,1,16,1
mlb_831451,mlb_606303,2026-03-20,ATL,PIT,Joel Payamps,0,0,5,0
mlb_831451,mlb_628452,2026-03-20,ATL,PIT,Raisel Iglesias,0,0,3,0
mlb_831451,mlb_663158,2026-03-20,ATL,PIT,Robert Suarez,0,0,3,0
mlb_831451,mlb_670990,2026-03-20,ATL,PIT,Yohan Ramírez,1,1,3,0
mlb_831451,mlb_664875,2026-03-20,ATL,PIT,Justin Lawrence,1,0,2,1
mlb_831451,mlb_827620,2026-03-20,ATL,PIT,Jake Shirk,1,0,1,0
mlb_831451,mlb_694298,2026-03-20,ATL,PIT,Nick Dombkowski,1,0,12,4
mlb_831451,mlb_677957,2026-03-20,ATL,PIT,Brandon Neeck,1,0,3,3
mlb_831451,mlb_663681,2026-03-20,ATL,PIT,Jarod Bayless,1,0,3,0
mlb_831456,mlb_668964,2026-03-20,NYM,STL,Tobias Myers,0,1,6,1
mlb_831456,mlb_596133,2026-03-20,NYM,STL,Luke Weaver,0,0,3,0
mlb_831456,mlb_548384,2026-03-20,NYM,STL,Brooks Raley,0,0,3,0
mlb_831456,mlb_663542,2026-03-20,NYM,STL,Bryan Hudson,0,0,3,3
mlb_831456,mlb_805684,2026-03-20,NYM,STL,Cristofer Gomez,0,0,3,0
mlb_831456,mlb_702903,2026-03-20,NYM,STL,Saul Garcia,0,0,3,0
mlb_831456,mlb_802363,2026-03-20,NYM,STL,Jordan Geber,0,0,6,0
mlb_831456,mlb_669461,2026-03-20,NYM,STL,Matthew Liberatore,1,1,15,0
mlb_831456,mlb_677865,2026-03-20,NYM,STL,Justin Bruihl,1,0,3,0
mlb_831456,mlb_656240,2026-03-20,NYM,STL,Scott Blewett,1,0,3,0
mlb_831456,mlb_642575,2026-03-20,NYM,STL,Gerson Moreno,1,0,2,3
mlb_831456,mlb_676153,2026-03-20,NYM,STL,Austin Love,1,0,1,0
mlb_831456,mlb_703725,2026-03-20,NYM,STL,Luis Gastelum,1,0,3,0
mlb_831505,mlb_686613,2026-03-20,HOU,MIA,Hunter Brown,0,1,12,3
mlb_831505,mlb_702847,2026-03-20,HOU,MIA,Amilcar Chirinos,0,0,2,0
mlb_831505,mlb_687911,2026-03-20,HOU,MIA,Bryan King,0,0,1,0
mlb_831505,mlb_650556,2026-03-20,HOU,MIA,Bryan Abreu,0,0,3,0
mlb_831505,mlb_701121,2026-03-20,HOU,MIA,Logan VanWey,0,0,3,4
mlb_831505,mlb_660853,2026-03-20,HOU,MIA,Enyel De Los Santos,0,0,3,0
mlb_831505,mlb_685005,2026-03-20,HOU,MIA,Christian Roa,0,0,3,0
mlb_831505,mlb_691587,2026-03-20,HOU,MIA,Eury Pérez,1,1,15,2
mlb_831505,mlb_806188,2026-03-20,HOU,MIA,Cade Gibson,1,0,2,2
mlb_831505,mlb_689359,2026-03-20,HOU,MIA,Dale Stanavich,1,0,1,0
mlb_831505,mlb_669199,2026-03-20,HOU,MIA,Lake Bachar,1,0,3,0
mlb_831505,mlb_656848,2026-03-20,HOU,MIA,Michael Petersen,1,0,3,0
mlb_831505,mlb_682240,2026-03-20,HOU,MIA,Stephen Jones,1,0,3,0
mlb_831550,mlb_650911,2026-03-20,PHI,DET,Cristopher Sánchez,0,1,15,1
mlb_831550,mlb_689147,2026-03-20,PHI,DET,Orion Kerkering,0,0,3,1
mlb_831550,mlb_621383,2026-03-20,PHI,DET,Tanner Banks,0,0,3,2
mlb_831550,mlb_680742,2026-03-20,PHI,DET,Jonathan Bowlan,0,0,3,0
mlb_831550,mlb_670950,2026-03-20,PHI,DET,Trevor Richards,0,0,3,0
mlb_831550,mlb_669373,2026-03-20,PHI,DET,Tarik Skubal,1,1,12,4
mlb_831550,mlb_689450,2026-03-20,PHI,DET,Luke Taggart,1,0,1,0
mlb_831550,mlb_572143,2026-03-20,PHI,DET,Burch Smith,1,0,2,0
mlb_831550,mlb_676684,2026-03-20,PHI,DET,Will Vest,1,0,3,0
mlb_831550,mlb_646241,2026-03-20,PHI,DET,Enmanuel De Jesus,1,0,6,0
mlb_831550,mlb_676568,2026-03-20,PHI,DET,Ricky Vanasco,1,0,3,0
mlb_831602,mlb_663556,2026-03-20,TBR,BOS,Shane McClanahan,0,1,15,0
mlb_831602,mlb_664076,2026-03-20,TBR,BOS,Garrett Cleavinger,0,0,3,0
mlb_831602,mlb_669438,2026-03-20,TBR,BOS,Mason Englert,0,0,3,0
mlb_831602,mlb_592155,2026-03-20,TBR,BOS,Cam Booser,0,0,3,0
mlb_831602,mlb_692285,2026-03-20,TBR,BOS,Luis Guerrero,0,0,3,0
mlb_831602,mlb_687762,2026-03-20,TBR,BOS,Blake Wehunt,1,1,12,1
mlb_831602,mlb_663558,2026-03-20,TBR,BOS,Jovani Morán,1,0,3,0
mlb_831602,mlb_700842,2026-03-20,TBR,BOS,Eduardo Rivera,1,0,3,0
mlb_831602,mlb_687941,2026-03-20,TBR,BOS,Alec Gamboa,1,0,2,1
mlb_831602,mlb_664918,2026-03-20,TBR,BOS,Kyle Keller,1,0,4,0
mlb_831603,mlb_661563,2026-03-20,NYY,BAL,Luis Gil,0,1,15,0
mlb_831603,mlb_670280,2026-03-20,NYY,BAL,David Bednar,0,0,3,0
mlb_831603,mlb_657612,2026-03-20,NYY,BAL,Tim Hill,0,0,3,0
mlb_831603,mlb_621112,2026-03-20,NYY,BAL,Paul Blackburn,0,0,6,1
mlb_831603,mlb_621107,2026-03-20,NYY,BAL,Zach Eflin,1,1,16,0
mlb_831603,mlb_608650,2026-03-20,NYY,BAL,Dietrich Enns,1,0,2,0
mlb_831603,mlb_670329,2026-03-20,NYY,BAL,Rico Garcia,1,0,3,0
mlb_831603,mlb_828494,2026-03-20,NYY,BAL,Cohen Achen,1,0,3,3
mlb_831604,mlb_680573,2026-03-20,MIN,TOR,Simeon Woods Richardson,0,1,15,2
mlb_831604,mlb_623437,2026-03-20,MIN,TOR,Justin Topa,0,0,2,0
mlb_831604,mlb_607455,2026-03-20,MIN,TOR,Anthony Banda,0,0,1,0
mlb_831604,mlb_573124,2026-03-20,MIN,TOR,Taylor Rogers,0,0,4,0
mlb_831604,mlb_663485,2026-03-20,MIN,TOR,Cole Sands,0,0,2,0
mlb_831604,mlb_687849,2026-03-20,MIN,TOR,Zak Kent,0,0,3,0
mlb_831604,mlb_453286,2026-03-20,MIN,TOR,Max Scherzer,1,1,15,0
mlb_831604,mlb_573009,2026-03-20,MIN,TOR,Joe Mantiply,1,0,3,0
mlb_831604,mlb_695445,2026-03-20,MIN,TOR,Chase Lee,1,0,5,0
mlb_831604,mlb_681751,2026-03-20,MIN,TOR,Lazaro Estrada,1,0,4,1
mlb_831743,mlb_671106,2026-03-20,CLE,SEA,Logan Allen,0,1,7,12
mlb_831743,mlb_696263,2026-03-20,CLE,SEA,Tyler Thornton,0,0,2,5
mlb_831743,mlb_807718,2026-03-20,CLE,SEA,Jay Driver,0,0,3,0
mlb_831743,mlb_670059,2026-03-20,CLE,SEA,Colin Holderman,0,0,3,1
mlb_831743,mlb_670036,2026-03-20,CLE,SEA,Matt Festa,0,0,3,2
mlb_831743,mlb_681870,2026-03-20,CLE,SEA,Erik Sabrowski,0,0,3,0
mlb_831743,mlb_676051,2026-03-20,CLE,SEA,Codi Heuer,0,0,3,0
mlb_831743,mlb_807575,2026-03-20,CLE,SEA,Cam Schuelke,0,0,3,0
mlb_831743,mlb_682077,2026-03-20,CLE,SEA,Gabe Mosser,1,1,11,4
mlb_831743,mlb_806288,2026-03-20,CLE,SEA,Stefan Raeth,1,0,1,0
mlb_831743,mlb_666374,2026-03-20,CLE,SEA,Matt Brash,1,0,3,0
mlb_831743,mlb_678606,2026-03-20,CLE,SEA,Jose A. Ferrer,1,0,3,0
mlb_831743,mlb_668984,2026-03-20,CLE,SEA,Casey Legumina,1,0,3,3
mlb_831743,mlb_672841,2026-03-20,CLE,SEA,Carlos Vargas,1,0,4,1
mlb_831743,mlb_688230,2026-03-20,CLE,SEA,Peyton Alford,1,0,2,0
mlb_831749,mlb_543135,2026-03-20,TEX,SFG,Nathan Eovaldi,0,1,12,0
mlb_831749,mlb_681168,2026-03-20,TEX,SFG,Luis Curvelo,0,0,6,2
mlb_831749,mlb_622250,2026-03-20,TEX,SFG,Josh Sborz,0,0,3,3
mlb_831749,mlb_691945,2026-03-20,TEX,SFG,Carter Baumler,0,0,3,0
mlb_831749,mlb_665878,2026-03-20,TEX,SFG,Janser Lara,0,0,3,0
mlb_831749,mlb_702352,2026-03-20,TEX,SFG,Spencer Bivens,1,1,6,0
mlb_831749,mlb_663941,2026-03-20,TEX,SFG,Tristan Beck,1,0,3,0
mlb_831749,mlb_668873,2026-03-20,TEX,SFG,Caleb Kilian,1,0,6,0
mlb_831749,mlb_657424,2026-03-20,TEX,SFG,Matt Gage,1,0,3,0
mlb_831749,mlb_605242,2026-03-20,TEX,SFG,Michael Fulmer,1,0,4,3
mlb_831749,mlb_815779,2026-03-20,TEX,SFG,Cole Hillier,1,0,0,3
mlb_831749,mlb_688730,2026-03-20,TEX,SFG,Marques Johnson,1,0,2,0
mlb_831766,mlb_808967,2026-03-20,LAD,SDP,Yoshinobu Yamamoto,0,1,15,0
mlb_831766,mlb_621242,2026-03-20,LAD,SDP,Edwin Díaz,0,0,2,2
mlb_831766,mlb_702318,2026-03-20,LAD,SDP,Chris Campos,0,0,3,0
mlb_831766,mlb_676263,2026-03-20,LAD,SDP,Jack Dreyer,0,0,1,0
mlb_831766,mlb_681520,2026-03-20,LAD,SDP,Antoine Kelly,0,0,3,0
mlb_831766,mlb_822627,2026-03-20,LAD,SDP,Evan Shaw,0,0,3,1
mlb_831766,mlb_594835,2026-03-20,LAD,SDP,Marco Gonzales,1,1,11,1
mlb_831766,mlb_689690,2026-03-20,LAD,SDP,Alek Jacob,1,0,2,2
mlb_831766,mlb_670810,2026-03-20,LAD,SDP,Logan Gillaspie,1,0,11,1
mlb_831796,mlb_668678,2026-03-20,ARI,MIL,Zac Gallen,0,1,12,6
mlb_831796,mlb_691769,2026-03-20,ARI,MIL,Philip Abner,0,0,3,1
mlb_831796,mlb_657044,2026-03-20,ARI,MIL,Ryan Thompson,0,0,3,0
mlb_831796,mlb_656464,2026-03-20,ARI,MIL,Kevin Ginkel,0,0,3,0
mlb_831796,mlb_686826,2026-03-20,ARI,MIL,Bryce Jarvis,0,0,3,0
mlb_831796,mlb_694851,2026-03-20,ARI,MIL,Andrew Hoffmann,0,0,3,0
mlb_831796,mlb_694819,2026-03-20,ARI,MIL,Jacob Misiorowski,1,1,13,4
mlb_831796,mlb_695680,2026-03-20,ARI,MIL,Miles Langhorne,1,0,1,2
mlb_831796,mlb_823748,2026-03-20,ARI,MIL,Garrett Hodges,1,0,1,0
mlb_831796,mlb_701656,2026-03-20,ARI,MIL,Logan Henderson,1,0,6,0
mlb_831796,mlb_703360,2026-03-20,ARI,MIL,Jose Nova,1,0,3,2
mlb_831835,mlb_605288,2026-03-20,SFG,KCR,Adrian Houser,0,1,18,2
mlb_831835,mlb_693313,2026-03-20,SFG,KCR,Carson Seymour,0,0,6,0
mlb_831835,mlb_676254,2026-03-20,SFG,KCR,Ryan Walker,0,0,3,0
mlb_831835,mlb_686701,2026-03-20,SFG,KCR,Ryan Bergert,1,1,12,4
mlb_831835,mlb_621381,2026-03-20,SFG,KCR,Matt Strahm,1,0,3,0
mlb_831835,mlb_608032,2026-03-20,SFG,KCR,Carlos Estévez,1,0,3,0
mlb_831835,mlb_656638,2026-03-20,SFG,KCR,Alex Lange,1,0,3,0
mlb_831835,mlb_663738,2026-03-20,SFG,KCR,Daniel Lynch IV,1,0,3,1
mlb_831864,mlb_601713,2026-03-20,SDP,COL,Nick Pivetta,0,1,12,5
mlb_831864,mlb_699134,2026-03-20,SDP,COL,Bradgley Rodriguez,0,0,3,0
mlb_831864,mlb_592094,2026-03-20,SDP,COL,Jason Adam,0,0,3,0
mlb_831864,mlb_669093,2026-03-20,SDP,COL,Jeremiah Estrada,0,0,3,0
mlb_831864,mlb_685377,2026-03-20,SDP,COL,Misael Tamarez,0,0,1,3
mlb_831864,mlb_800317,2026-03-20,SDP,COL,Braian Salazar,0,0,2,0
mlb_831864,mlb_701195,2026-03-20,SDP,COL,Manuel Castro,0,0,3,1
mlb_831864,mlb_675848,2026-03-20,SDP,COL,Juan Mejia,1,1,3,0
mlb_831864,mlb_622608,2026-03-20,SDP,COL,Antonio Senzatela,1,0,6,0
mlb_831864,mlb_657514,2026-03-20,SDP,COL,Brennan Bernardino,1,0,3,0
mlb_831864,mlb_678368,2026-03-20,SDP,COL,Valente Bellozo,1,0,9,1
mlb_831864,mlb_656786,2026-03-20,SDP,COL,Parker Mushinski,1,0,3,2
mlb_831864,mlb_668943,2026-03-20,SDP,COL,Ryan Miller,1,0,3,0
mlb_831902,mlb_571510,2026-03-20,CHC,CIN,Matthew Boyd,0,1,14,8
mlb_831902,mlb_595881,2026-03-20,CHC,CIN,Tyler Beede,0,0,1,0
mlb_831902,mlb_571948,2026-03-20,CHC,CIN,Hoby Milner,0,0,3,0
mlb_831902,mlb_664208,2026-03-20,CHC,CIN,Phil Maton,0,0,3,0
mlb_831902,mlb_640451,2026-03-20,CHC,CIN,Hunter Harvey,0,0,3,0
mlb_831902,mlb_573204,2026-03-20,CHC,CIN,Caleb Thielbar,0,0,3,0
mlb_831902,mlb_682227,2026-03-20,CHC,CIN,Brandon Williamson,1,1,16,1
mlb_831902,mlb_622088,2026-03-20,CHC,CIN,Tejay Antone,1,0,2,0
mlb_831902,mlb_693312,2026-03-20,CHC,CIN,Kyle Nicolas,1,0,2,1
mlb_831902,mlb_670062,2026-03-20,CHC,CIN,Julian Garcia,1,0,1,0
mlb_831902,mlb_656271,2026-03-20,CHC,CIN,Brock Burke,1,0,3,3
mlb_831902,mlb_687209,2026-03-20,CHC,CIN,Zach Maxwell,1,0,3,1
mlb_831910,mlb_667755,2026-03-20,LAA,CHW,José Soriano,0,1,9,0
mlb_831910,mlb_605447,2026-03-20,LAA,CHW,Jordan Romano,0,0,3,0
mlb_831910,mlb_681217,2026-03-20,LAA,CHW,Chase Silseth,0,0,5,0
mlb_831910,mlb_666171,2026-03-20,LAA,CHW,Ryan Zeferjahn,0,0,4,0
mlb_831910,mlb_696519,2026-03-20,LAA,CHW,Samy Natera Jr.,0,0,2,1
mlb_831910,mlb_699613,2026-03-20,LAA,CHW,Houston Harding,0,0,1,2
mlb_831910,mlb_824200,2026-03-20,LAA,CHW,Jakob Guardado,0,0,3,0
mlb_831910,mlb_681343,2026-03-20,LAA,CHW,Shane Smith,1,1,10,4
mlb_831910,mlb_676881,2026-03-20,LAA,CHW,Garrett Schoenle,1,0,2,0
mlb_831910,mlb_673929,2026-03-20,LAA,CHW,Jordan Leasure,1,0,3,0
mlb_831910,mlb_663855,2026-03-20,LAA,CHW,Jordan Hicks,1,0,3,0
mlb_831910,mlb_669684,2026-03-20,LAA,CHW,Chris Murphy,1,0,3,0
mlb_831910,mlb_656457,2026-03-20,LAA,CHW,Tyler Gilbert,1,0,3,0
mlb_831931,mlb_622663,2026-03-20,ATH,CHC,Luis Severino,0,1,15,1
mlb_831931,mlb_623433,2026-03-20,ATH,CHC,Nick Anderson,0,0,3,1
mlb_831931,mlb_643410,2026-03-20,ATH,CHC,Mark Leiter Jr.,0,0,3,0
mlb_831931,mlb_547184,2026-03-20,ATH,CHC,Michael Kelly,0,0,6,0
mlb_831931,mlb_592791,2026-03-20,ATH,CHC,Jameson Taillon,1,1,12,3
mlb_831931,mlb_822636,2026-03-20,ATH,CHC,Cole Reynolds,1,0,3,1
mlb_831931,mlb_665871,2026-03-20,ATH,CHC,Javier Assad,1,0,7,2
mlb_831931,mlb_684949,2026-03-20,ATH,CHC,Zac Leigh,1,0,2,0
mlb_831448,mlb_676917,2026-03-21,WSN,NYM,Cade Cavalli,0,1,15,0
mlb_831448,mlb_676571,2026-03-21,WSN,NYM,PJ Poulin,0,0,3,0
mlb_831448,mlb_690925,2026-03-21,WSN,NYM,Clayton Beeter,0,0,3,0
mlb_831448,mlb_681402,2026-03-21,WSN,NYM,Gus Varland,0,0,3,1
mlb_831448,mlb_701552,2026-03-21,WSN,NYM,Andre Granillo,0,0,3,0
mlb_831448,mlb_680933,2026-03-21,WSN,NYM,Joander Suarez,1,1,12,0
mlb_831448,mlb_814492,2026-03-21,WSN,NYM,Will Watson,1,0,10,0
mlb_831448,mlb_676666,2026-03-21,WSN,NYM,Matt Turner,1,0,3,2
mlb_831448,mlb_809950,2026-03-21,WSN,NYM,Dakota Hawkins,1,0,0,1
mlb_831449,mlb_695766,2026-03-21,STL,MIA,Mason Molina,0,1,11,4
mlb_831449,mlb_822472,2026-03-21,STL,MIA,Domenic Picone,0,0,1,0
mlb_831449,mlb_690155,2026-03-21,STL,MIA,Matt Pushard,0,0,6,0
mlb_831449,mlb_676050,2026-03-21,STL,MIA,Packy Naughton,0,0,3,0
mlb_831449,mlb_691008,2026-03-21,STL,MIA,Max Rajcic,0,0,3,0
mlb_831449,mlb_813766,2026-03-21,STL,MIA,Skylar Hales,0,0,3,0
mlb_831449,mlb_676083,2026-03-21,STL,MIA,Janson Junk,1,1,9,5
mlb_831449,mlb_667463,2026-03-21,STL,MIA,John King,1,0,3,0
mlb_831449,mlb_694795,2026-03-21,STL,MIA,Josh Ekness,1,0,6,1
mlb_831449,mlb_667652,2026-03-21,STL,MIA,Jack Ralston,1,0,3,0
mlb_831449,mlb_694350,2026-03-21,STL,MIA,Zach Brzykcy,1,0,3,1
mlb_831499,mlb_694370,2026-03-21,BAL,PHI,Levi Wells,0,1,10,4
mlb_831499,mlb_694978,2026-03-21,BAL,PHI,Ben Vespi,0,0,2,0
mlb_831499,mlb_682274,2026-03-21,BAL,PHI,Yaramil Hiraldo,0,0,3,0
mlb_831499,mlb_669330,2026-03-21,BAL,PHI,Tyler Wells,0,0,3,0
mlb_831499,mlb_687040,2026-03-21,BAL,PHI,Sayer Diederich,0,0,3,2
mlb_831499,mlb_814837,2026-03-21,BAL,PHI,Jacob Cravey,0,0,3,0
mlb_831499,mlb_686811,2026-03-21,BAL,PHI,Carter Rustad,0,0,3,2
mlb_831499,mlb_680743,2026-03-21,BAL,PHI,Ryan Cusick,1,1,7,2
mlb_831499,mlb_692838,2026-03-21,BAL,PHI,Jaydenn Estanista,1,0,2,0
mlb_831499,mlb_663767,2026-03-21,BAL,PHI,Chase Shugart,1,0,5,1
mlb_831499,mlb_678013,2026-03-21,BAL,PHI,Lenny Torres Jr.,1,0,1,0
mlb_831499,mlb_642546,2026-03-21,BAL,PHI,Jonathan Hernández,1,0,1,5
mlb_831499,mlb_668761,2026-03-21,BAL,PHI,Colin Peluse,1,0,2,0
mlb_831499,mlb_642152,2026-03-21,BAL,PHI,Lou Trivino,1,0,3,2
mlb_831499,mlb_688753,2026-03-21,BAL,PHI,Evan Gates,1,0,3,0
mlb_831502,mlb_676979,2026-03-21,BOS,ATL,Garrett Crochet,0,1,16,6
mlb_831502,mlb_701719,2026-03-21,BOS,ATL,Tyler Samaniego,0,0,2,0
mlb_831502,mlb_669711,2026-03-21,BOS,ATL,Greg Weissert,0,0,3,0
mlb_831502,mlb_592454,2026-03-21,BOS,ATL,Tommy Kahnle,0,0,3,0
mlb_831502,mlb_681252,2026-03-21,BOS,ATL,Jack Anderson,0,0,3,0
mlb_831502,mlb_519242,2026-03-21,BOS,ATL,Chris Sale,1,1,18,1
mlb_831502,mlb_641755,2026-03-21,BOS,ATL,Tyler Kinley,1,0,3,0
mlb_831502,mlb_669276,2026-03-21,BOS,ATL,Dylan Lee,1,0,3,0
mlb_831502,mlb_690229,2026-03-21,BOS,ATL,LJ McDonough,1,0,3,0
mlb_831549,mlb_804636,2026-03-21,NYM,HOU,Jonah Tong,0,1,13,3
mlb_831549,mlb_628709,2026-03-21,NYM,HOU,Ofreidy Gómez,0,0,2,0
mlb_831549,mlb_650960,2026-03-21,NYM,HOU,Daniel Duarte,0,0,3,0
mlb_831549,mlb_682175,2026-03-21,NYM,HOU,Joe Jacques,0,0,3,0
mlb_831549,mlb_822038,2026-03-21,NYM,HOU,Ryan Lambert,0,0,1,4
mlb_831549,mlb_702065,2026-03-21,NYM,HOU,Aaron Rozek,0,0,2,0
mlb_831549,mlb_669285,2026-03-21,NYM,HOU,Dan Hammer,0,0,3,0
mlb_831549,mlb_681347,2026-03-21,NYM,HOU,Mike Burrows,1,1,16,3
mlb_831549,mlb_682610,2026-03-21,NYM,HOU,Roddery Muñoz,1,0,2,2
mlb_831549,mlb_678906,2026-03-21,NYM,HOU,Kai-Wei Teng,1,0,3,0
mlb_831549,mlb_703440,2026-03-21,NYM,HOU,Dylan Howard,1,0,6,0
mlb_831553,mlb_694973,2026-03-21,PIT,TOR,Paul Skenes,0,1,12,0
mlb_831553,mlb_642701,2026-03-21,PIT,TOR,Dennis Santana,0,0,3,1
mlb_831553,mlb_676755,2026-03-21,PIT,TOR,Isaac Mattson,0,0,3,0
mlb_831553,mlb_682254,2026-03-21,PIT,TOR,Mason Montgomery,0,0,2,0
mlb_831553,mlb_825932,2026-03-21,PIT,TOR,Draven Zeigler,0,0,1,0
mlb_831553,mlb_664353,2026-03-21,PIT,TOR,José Urquidy,0,0,6,2
mlb_831553,mlb_592332,2026-03-21,PIT,TOR,Kevin Gausman,1,1,15,4
mlb_831553,mlb_660896,2026-03-21,PIT,TOR,Jorge Alcala,1,0,3,2
mlb_831553,mlb_534910,2026-03-21,PIT,TOR,Jesse Hahn,1,0,3,0
mlb_831553,mlb_682785,2026-03-21,PIT,TOR,Angel Bastardo,1,0,2,2
mlb_831553,mlb_676596,2026-03-21,PIT,TOR,Josh Fleming,1,0,1,0
mlb_831599,mlb_691765,2026-03-21,TBR,MIN,Jackson Baumeister,0,1,13,1
mlb_831599,mlb_643377,2026-03-21,TBR,MIN,Griffin Jax,0,0,2,0
mlb_831599,mlb_642121,2026-03-21,TBR,MIN,Cole Sulser,0,0,6,1
mlb_831599,mlb_805783,2026-03-21,TBR,MIN,Mason Nichols,0,0,3,0
mlb_831599,mlb_695294,2026-03-21,TBR,MIN,Tommy McCollum,0,0,3,0
mlb_831599,mlb_657746,2026-03-21,TBR,MIN,Joe Ryan,1,1,15,1
mlb_831599,mlb_679358,2026-03-21,TBR,MIN,Eric Orze,1,0,3,0
mlb_831599,mlb_656186,2026-03-21,TBR,MIN,Dan Altavilla,1,0,3,2
mlb_831599,mlb_689520,2026-03-21,TBR,MIN,Cody Laweryson,1,0,3,0
mlb_831601,mlb_664285,2026-03-21,DET,NYY,Framber Valdez,0,1,19,1
mlb_831601,mlb_623454,2026-03-21,DET,NYY,Drew Anderson,0,0,2,0
mlb_831601,mlb_669724,2026-03-21,DET,NYY,Brenan Hanifee,0,0,3,0
mlb_831601,mlb_663947,2026-03-21,DET,NYY,Tyler Holton,0,0,3,0
mlb_831601,mlb_693645,2026-03-21,DET,NYY,Cam Schlittler,1,1,11,0
mlb_831601,mlb_687396,2026-03-21,DET,NYY,Brent Headrick,1,0,1,0
mlb_831601,mlb_642232,2026-03-21,DET,NYY,Ryan Yarbrough,1,0,8,3
mlb_831601,mlb_683409,2026-03-21,DET,NYY,Angel Chivilli,1,0,1,0
mlb_831601,mlb_672442,2026-03-21,DET,NYY,Yovanny Cruz,1,0,3,0
mlb_831734,mlb_669194,2026-03-21,ARI,TEX,Ryne Nelson,0,1,15,0
mlb_831734,mlb_664199,2026-03-21,ARI,TEX,Taylor Clarke,0,0,3,0
mlb_831734,mlb_623149,2026-03-21,ARI,TEX,Paul Sewald,0,0,3,0
mlb_831734,mlb_663462,2026-03-21,ARI,TEX,Isaiah Campbell,0,0,3,2
mlb_831734,mlb_801517,2026-03-21,ARI,TEX,Spencer Giesting,0,0,3,0
mlb_831734,mlb_596295,2026-03-21,ARI,TEX,Austin Gomber,1,1,14,3
mlb_831734,mlb_666168,2026-03-21,ARI,TEX,Mason Thompson,1,0,1,0
mlb_831734,mlb_656222,2026-03-21,ARI,TEX,Jalen Beeks,1,0,4,1
mlb_831734,mlb_668390,2026-03-21,ARI,TEX,Cole Winn,1,0,2,0
mlb_831734,mlb_682608,2026-03-21,ARI,TEX,Peyton Gray,1,0,3,1
mlb_831767,mlb_688107,2026-03-21,MIL,SDP,Robert Gasser,0,1,18,0
mlb_831767,mlb_669084,2026-03-21,MIL,SDP,DL Hall,0,0,3,0
mlb_831767,mlb_676879,2026-03-21,MIL,SDP,Aaron Ashby,0,0,3,0
mlb_831767,mlb_668834,2026-03-21,MIL,SDP,Easton McGee,0,0,3,1
mlb_831767,mlb_681190,2026-03-21,MIL,SDP,Randy Vásquez,1,1,16,4
mlb_831767,mlb_688158,2026-03-21,MIL,SDP,David Morgan,1,0,2,0
mlb_831767,mlb_695243,2026-03-21,MIL,SDP,Mason Miller,1,0,2,2
mlb_831767,mlb_670970,2026-03-21,MIL,SDP,Adrian Morejon,1,0,3,0
mlb_831767,mlb_676760,2026-03-21,MIL,SDP,Ron Marinaccio,1,0,1,0
mlb_831868,mlb_666142,2026-03-21,KCR,COL,Cole Ragans,0,1,16,3
mlb_831868,mlb_681387,2026-03-21,KCR,COL,Caden Monke,0,0,1,1
mlb_831868,mlb_670167,2026-03-21,KCR,COL,John Schreiber,0,0,2,0
mlb_831868,mlb_683232,2026-03-21,KCR,COL,Nick Mears,0,0,2,0
mlb_831868,mlb_668674,2026-03-21,KCR,COL,Lucas Erceg,0,0,3,1
mlb_831868,mlb_694360,2026-03-21,KCR,COL,Beck Way,0,0,3,0
mlb_831868,mlb_607536,2026-03-21,KCR,COL,Kyle Freeland,1,1,12,0
mlb_831868,mlb_678020,2026-03-21,KCR,COL,Seth Halvorsen,1,0,3,1
mlb_831868,mlb_680767,2026-03-21,KCR,COL,Victor Vodnik,1,0,3,0
mlb_831868,mlb_622256,2026-03-21,KCR,COL,Patrick Weigel,1,0,3,1
mlb_831868,mlb_686900,2026-03-21,KCR,COL,Evan Shawver,1,0,3,2
mlb_831868,mlb_679057,2026-03-21,KCR,COL,Mason Green,1,0,2,2
mlb_831873,mlb_592662,2026-03-21,SFG,CLE,Robbie Ray,0,1,15,1
mlb_831873,mlb_686790,2026-03-21,SFG,CLE,Trevor McDonald,0,0,2,5
mlb_831873,mlb_811229,2026-03-21,SFG,CLE,Ubert Mejias,0,0,1,0
mlb_831873,mlb_664192,2026-03-21,SFG,CLE,Joey Lucchesi,0,0,3,0
mlb_831873,mlb_669062,2026-03-21,SFG,CLE,Erik Miller,0,0,3,0
mlb_831873,mlb_813266,2026-03-21,SFG,CLE,Mitch White,0,0,3,1
mlb_831873,mlb_676440,2026-03-21,SFG,CLE,Tanner Bibee,1,1,14,8
mlb_831873,mlb_695661,2026-03-21,SFG,CLE,Logan McGuire,1,0,1,0
mlb_831873,mlb_671922,2026-03-21,SFG,CLE,Cade Smith,1,0,5,2
mlb_831873,mlb_682120,2026-03-21,SFG,CLE,Tim Herrin,1,0,2,0
mlb_831873,mlb_542888,2026-03-21,SFG,CLE,Shawn Armstrong,1,0,2,0
mlb_831916,mlb_671096,2026-03-21,CIN,CHW,Andrew Abbott,0,1,14,5
mlb_831916,mlb_695740,2026-03-21,CIN,CHW,Jimmy Romano,0,0,1,0
mlb_831916,mlb_572955,2026-03-21,CIN,CHW,Pierce Johnson,0,0,4,0
mlb_831916,mlb_663574,2026-03-21,CIN,CHW,Tony Santillan,0,0,2,0
mlb_831916,mlb_594580,2026-03-21,CIN,CHW,Sam Moll,0,0,3,2
mlb_831916,mlb_683175,2026-03-21,CIN,CHW,Connor Phillips,0,0,3,0
mlb_831916,mlb_699151,2026-03-21,CIN,CHW,Jedixson Paez,1,1,8,1
mlb_831916,mlb_656794,2026-03-21,CIN,CHW,Sean Newcomb,1,0,6,5
mlb_831916,mlb_805892,2026-03-21,CIN,CHW,Nick Altermatt,1,0,1,1
mlb_831916,mlb_622554,2026-03-21,CIN,CHW,Seranthony Domínguez,1,0,3,0
mlb_831916,mlb_669449,2026-03-21,CIN,CHW,Jake Palisch,1,0,6,0
mlb_831916,mlb_802087,2026-03-21,CIN,CHW,Frankeli Arias,1,0,2,4
mlb_831923,mlb_669923,2026-03-21,SEA,CHC,George Kirby,0,1,16,1
mlb_831923,mlb_642100,2026-03-21,SEA,CHC,Gabe Speier,0,0,2,3
mlb_831923,mlb_660825,2026-03-21,SEA,CHC,Eduard Bazardo,0,0,3,0
mlb_831923,mlb_691172,2026-03-21,SEA,CHC,Yosver Zulueta,0,0,0,3
mlb_831923,mlb_621074,2026-03-21,SEA,CHC,Michael Rucker,0,0,3,0
mlb_831923,mlb_677961,2026-03-21,SEA,CHC,Cole Wilcox,0,0,3,0
mlb_831923,mlb_607067,2026-03-21,SEA,CHC,Colin Rea,1,1,12,1
mlb_831923,mlb_676092,2026-03-21,SEA,CHC,Collin Snider,1,0,3,0
mlb_831923,mlb_656686,2026-03-21,SEA,CHC,Corbin Martin,1,0,3,0
mlb_831923,mlb_681117,2026-03-21,SEA,CHC,Evan Taylor,1,0,4,0
mlb_831923,mlb_805291,2026-03-21,SEA,CHC,Vince Reilly,1,0,5,0
mlb_831937,mlb_686218,2026-03-21,LAD,ATH,Emmet Sheehan,0,1,14,4
mlb_831937,mlb_694361,2026-03-21,LAD,ATH,Will Klein,0,0,4,0
mlb_831937,mlb_641871,2026-03-21,LAD,ATH,Keynan Middleton,0,0,3,0
mlb_831937,mlb_682645,2026-03-21,LAD,ATH,Jerming Rosario,0,0,3,1
mlb_831937,mlb_682949,2026-03-21,LAD,ATH,Christian Suarez,0,0,3,0
mlb_831937,mlb_682052,2026-03-21,LAD,ATH,Jacob Lopez,1,1,6,1
mlb_831937,mlb_641962,2026-03-21,LAD,ATH,CD Pelham,1,0,1,0
mlb_831937,mlb_686993,2026-03-21,LAD,ATH,Justin Sterner,1,0,2,0
mlb_831937,mlb_663687,2026-03-21,LAD,ATH,Hogan Harris,1,0,3,2
mlb_831937,mlb_665622,2026-03-21,LAD,ATH,Luis Medina,1,0,6,2
mlb_831937,mlb_669270,2026-03-21,LAD,ATH,Joel Kuhnel,1,0,3,0
mlb_831937,mlb_701951,2026-03-21,LAD,ATH,Abel Mercedes,1,0,3,0
mlb_831937,mlb_685290,2026-03-21,LAD,ATH,Diego Barrera,1,0,3,0
mlb_831446,mlb_645261,2026-03-22,MIA,NYM,Sandy Alcantara,0,1,14,3
mlb_831446,mlb_679029,2026-03-22,MIA,NYM,Samuel Vásquez,0,0,1,0
mlb_831446,mlb_677053,2026-03-22,MIA,NYM,Andrew Nardi,0,0,3,0
mlb_831446,mlb_676604,2026-03-22,MIA,NYM,Tyler Zuber,0,0,9,0
mlb_831446,mlb_656849,2026-03-22,MIA,NYM,David Peterson,1,1,15,1
mlb_831446,mlb_596133,2026-03-22,MIA,NYM,Luke Weaver,1,0,1,1
mlb_831446,mlb_686745,2026-03-22,MIA,NYM,Zach Peek,1,0,2,0
mlb_831446,mlb_815084,2026-03-22,MIA,NYM,Ben Simon,1,0,3,0
mlb_831446,mlb_800686,2026-03-22,MIA,NYM,Parker Carlson,1,0,5,2
mlb_831492,mlb_671737,2026-03-22,MIN,ATL,Taj Bradley,0,1,10,3
mlb_831492,mlb_681315,2026-03-22,MIN,ATL,Logan Whitaker,0,0,2,0
mlb_831492,mlb_681892,2026-03-22,MIN,ATL,Kody Funderburk,0,0,6,0
mlb_831492,mlb_621199,2026-03-22,MIN,ATL,Matt Bowman,0,0,6,0
mlb_831492,mlb_694536,2026-03-22,MIN,ATL,Trent Baker,0,0,3,0
mlb_831492,mlb_625643,2026-03-22,MIN,ATL,Reynaldo López,1,1,14,4
mlb_831492,mlb_669081,2026-03-22,MIN,ATL,Jack Dashwood,1,0,1,1
mlb_831492,mlb_607481,2026-03-22,MIN,ATL,Aaron Bummer,1,0,3,0
mlb_831492,mlb_666768,2026-03-22,MIN,ATL,Anderson Pilar,1,0,3,1
mlb_831492,mlb_681212,2026-03-22,MIN,ATL,Shay Schanaman,1,0,3,1
mlb_831493,mlb_701542,2026-03-22,NYY,PHI,Will Warren,0,1,15,0
mlb_831493,mlb_670280,2026-03-22,NYY,PHI,David Bednar,0,0,2,0
mlb_831493,mlb_518585,2026-03-22,NYY,PHI,Fernando Cruz,0,0,1,0
mlb_831493,mlb_666808,2026-03-22,NYY,PHI,Camilo Doval,0,0,3,0
mlb_831493,mlb_657612,2026-03-22,NYY,PHI,Tim Hill,0,0,3,2
mlb_831493,mlb_656234,2026-03-22,NYY,PHI,Jake Bird,0,0,3,0
mlb_831493,mlb_605400,2026-03-22,NYY,PHI,Aaron Nola,1,1,12,3
mlb_831493,mlb_679775,2026-03-22,NYY,PHI,Kyle Backhus,1,0,3,1
mlb_831493,mlb_621383,2026-03-22,NYY,PHI,Tanner Banks,1,0,3,0
mlb_831493,mlb_647315,2026-03-22,NYY,PHI,Zach Pop,1,0,3,0
mlb_831493,mlb_641835,2026-03-22,NYY,PHI,Tim Mayza,1,0,3,2
mlb_831496,mlb_664299,2026-03-22,HOU,STL,Cristian Javier,0,1,15,1
mlb_831496,mlb_595345,2026-03-22,HOU,STL,Steven Okert,0,0,3,1
mlb_831496,mlb_682610,2026-03-22,HOU,STL,Roddery Muñoz,0,0,3,1
mlb_831496,mlb_805123,2026-03-22,HOU,STL,AJ Blubaugh,0,0,6,0
mlb_831496,mlb_700241,2026-03-22,HOU,STL,Michael McGreevy,1,1,15,1
mlb_831496,mlb_688297,2026-03-22,HOU,STL,Chris Roycroft,1,0,4,1
mlb_831496,mlb_828594,2026-03-22,HOU,STL,Michael Watson,1,0,2,0
mlb_831496,mlb_666277,2026-03-22,HOU,STL,George Soriano,1,0,3,0
mlb_831496,mlb_703725,2026-03-22,HOU,STL,Luis Gastelum,1,0,3,0
mlb_831503,mlb_680694,2026-03-22,BAL,WSN,Kyle Bradish,0,1,16,0
mlb_831503,mlb_670329,2026-03-22,BAL,WSN,Rico Garcia,0,0,2,0
mlb_831503,mlb_663804,2026-03-22,BAL,WSN,Jackson Kowar,0,0,3,0
mlb_831503,mlb_702465,2026-03-22,BAL,WSN,Ryan Long,0,0,3,1
mlb_831503,mlb_664854,2026-03-22,BAL,WSN,Ryan Helsley,0,0,3,0
mlb_831503,mlb_680730,2026-03-22,BAL,WSN,Mitchell Parker,1,1,12,2
mlb_831503,mlb_695378,2026-03-22,BAL,WSN,Jack Sinclair,1,0,3,0
mlb_831503,mlb_682624,2026-03-22,BAL,WSN,Sandy Gaston,1,0,1,3
mlb_831503,mlb_680899,2026-03-22,BAL,WSN,Erik Tolman,1,0,5,0
mlb_831503,mlb_680770,2026-03-22,BAL,WSN,Chance Huff,1,0,3,3
mlb_831552,mlb_656605,2026-03-22,PIT,BOS,Mitch Keller,0,1,11,1
mlb_831552,mlb_814280,2026-03-22,PIT,BOS,Landon Tomkins,0,0,1,0
mlb_831552,mlb_642397,2026-03-22,PIT,BOS,Gregory Soto,0,0,3,0
mlb_831552,mlb_664875,2026-03-22,PIT,BOS,Justin Lawrence,0,0,3,0
mlb_831552,mlb_692243,2026-03-22,PIT,BOS,Jaden Woods,0,0,3,3
mlb_831552,mlb_682981,2026-03-22,PIT,BOS,Derek Diamond,0,0,3,1
mlb_831552,mlb_686747,2026-03-22,PIT,BOS,Joe La Sorsa,0,0,3,1
mlb_831552,mlb_543243,2026-03-22,PIT,BOS,Sonny Gray,1,1,18,2
mlb_831552,mlb_670245,2026-03-22,PIT,BOS,Ryan Watson,1,0,6,1
mlb_831552,mlb_677161,2026-03-22,PIT,BOS,Zack Kelly,1,0,3,0
mlb_831592,mlb_656302,2026-03-22,TOR,TBR,Dylan Cease,0,1,15,0
mlb_831592,mlb_693686,2026-03-22,TOR,TBR,Spencer Miles,0,0,3,0
mlb_831592,mlb_686973,2026-03-22,TOR,TBR,Louis Varland,0,0,3,1
mlb_831592,mlb_689254,2026-03-22,TOR,TBR,Mason Fluharty,0,0,3,0
mlb_831592,mlb_680755,2026-03-22,TOR,TBR,Braydon Fisher,0,0,3,0
mlb_831592,mlb_607259,2026-03-22,TOR,TBR,Nick Martinez,1,1,11,11
mlb_831592,mlb_695771,2026-03-22,TOR,TBR,Jacob Kmatz,1,0,1,0
mlb_831592,mlb_804254,2026-03-22,TOR,TBR,Kaleb Corbett,1,0,1,2
mlb_831592,mlb_685801,2026-03-22,TOR,TBR,Hunter Bigge,1,0,2,0
mlb_831592,mlb_592155,2026-03-22,TOR,TBR,Cam Booser,1,0,3,0
mlb_831592,mlb_664076,2026-03-22,TOR,TBR,Garrett Cleavinger,1,0,3,0
mlb_831592,mlb_693855,2026-03-22,TOR,TBR,Ian Seymour,1,0,3,1
mlb_831746,mlb_680732,2026-03-22,CHW,SEA,Sean Burke,0,1,15,2
mlb_831746,mlb_669684,2026-03-22,CHW,SEA,Chris Murphy,0,0,3,0
mlb_831746,mlb_608371,2026-03-22,CHW,SEA,Lucas Sims,0,0,3,0
mlb_831746,mlb_684384,2026-03-22,CHW,SEA,Chase Plymell,0,0,3,2
mlb_831746,mlb_803035,2026-03-22,CHW,SEA,Riley Gowens,0,0,3,0
mlb_831746,mlb_693433,2026-03-22,CHW,SEA,Bryan Woo,1,1,18,1
mlb_831746,mlb_662253,2026-03-22,CHW,SEA,Andrés Muñoz,1,0,3,0
mlb_831746,mlb_678606,2026-03-22,CHW,SEA,Jose A. Ferrer,1,0,3,1
mlb_831746,mlb_681867,2026-03-22,CHW,SEA,Cooper Criswell,1,0,3,0
mlb_831752,mlb_802609,2026-03-22,UNK105,SFG,John Michael Bertrand,0,1,15,0
mlb_831752,mlb_678576,2026-03-22,UNK105,SFG,Wilkin Ramos,0,0,6,0
mlb_831752,mlb_694820,2026-03-22,UNK105,SFG,Braxton Roxby,0,0,3,1
mlb_831752,mlb_678738,2026-03-22,UNK105,SFG,Juan Sanchez,0,0,2,0
mlb_831752,mlb_805345,2026-03-22,UNK105,SFG,Trent Harris,0,0,1,0
mlb_831752,mlb_641816,2026-03-22,UNK105,SFG,Tyler Mahle,1,1,15,1
mlb_831752,mlb_664141,2026-03-22,UNK105,SFG,JT Brubaker,1,0,3,0
mlb_831752,mlb_676775,2026-03-22,UNK105,SFG,Keaton Winn,1,0,3,0
mlb_831752,mlb_676130,2026-03-22,UNK105,SFG,José Buttó,1,0,3,1
mlb_831789,mlb_690990,2026-03-22,CHC,MIL,Cade Horton,0,1,18,0
mlb_831789,mlb_676962,2026-03-22,CHC,MIL,Ben Brown,0,0,6,0
mlb_831789,mlb_656620,2026-03-22,CHC,MIL,Gabe Klobosits,0,0,3,0
mlb_831789,mlb_694477,2026-03-22,CHC,MIL,Chad Patrick,1,1,12,7
mlb_831789,mlb_823748,2026-03-22,CHC,MIL,Garrett Hodges,1,0,1,0
mlb_831789,mlb_657265,2026-03-22,CHC,MIL,Peter Strzelecki,1,0,5,2
mlb_831789,mlb_828705,2026-03-22,CHC,MIL,Tanner Gillis,1,0,1,3
mlb_831789,mlb_691602,2026-03-22,CHC,MIL,Stiven Cruz,1,0,5,0
mlb_831804,mlb_691946,2026-03-22,LAA,LAD,George Klassen,0,1,7,5
mlb_831804,mlb_696519,2026-03-22,LAA,LAD,Samy Natera Jr.,0,0,1,3
mlb_831804,mlb_683177,2026-03-22,LAA,LAD,Jared Southard,0,0,1,2
mlb_831804,mlb_608718,2026-03-22,LAA,LAD,Brent Suter,0,0,7,1
mlb_831804,mlb_641312,2026-03-22,LAA,LAD,Shaun Anderson,0,0,8,2
mlb_831804,mlb_519141,2026-03-22,LAA,LAD,Drew Pomeranz,0,0,3,0
mlb_831804,mlb_607192,2026-03-22,LAA,LAD,Tyler Glasnow,1,1,15,1
mlb_831804,mlb_656945,2026-03-22,LAA,LAD,Tanner Scott,1,0,1,4
mlb_831804,mlb_676508,2026-03-22,LAA,LAD,Ben Casparius,1,0,2,0
mlb_831804,mlb_595014,2026-03-22,LAA,LAD,Blake Treinen,1,0,3,0
mlb_831804,mlb_681911,2026-03-22,LAA,LAD,Alex Vesia,1,0,2,0
mlb_831804,mlb_682087,2026-03-22,LAA,LAD,Antonio Knowles,1,0,1,0
mlb_831804,mlb_691947,2026-03-22,LAA,LAD,Ronan Kopp,1,0,3,0
mlb_831896,mlb_668909,2026-03-22,CLE,CIN,Gavin Williams,0,1,15,1
mlb_831896,mlb_670036,2026-03-22,CLE,CIN,Matt Festa,0,0,4,0
mlb_831896,mlb_681870,2026-03-22,CLE,CIN,Erik Sabrowski,0,0,2,0
mlb_831896,mlb_641401,2026-03-22,CLE,CIN,Connor Brogdon,0,0,3,1
mlb_831896,mlb_663465,2026-03-22,CLE,CIN,Kolby Allard,0,0,3,0
mlb_831896,mlb_666157,2026-03-22,CLE,CIN,Nick Lodolo,1,1,0,2
mlb_831896,mlb_802372,2026-03-22,CLE,CIN,Griffin Green,1,0,6,3
mlb_831896,mlb_808833,2026-03-22,CLE,CIN,Brady Afthim,1,0,3,1
mlb_831896,mlb_668933,2026-03-22,CLE,CIN,Graham Ashcraft,1,0,3,1
mlb_831896,mlb_683175,2026-03-22,CLE,CIN,Connor Phillips,1,0,3,0
mlb_831896,mlb_682825,2026-03-22,CLE,CIN,Luis Mey,1,0,3,1
mlb_831896,mlb_808839,2026-03-22,CLE,CIN,Stephen Quigley,1,0,3,0
mlb_831896,mlb_702578,2026-03-22,CLE,CIN,Kyle McCoy,1,0,3,0
mlb_831945,mlb_547179,2026-03-22,COL,ATH,Michael Lorenzen,0,1,15,4
mlb_831945,mlb_605154,2026-03-22,COL,ATH,John Brebbia,0,0,3,0
mlb_831945,mlb_677955,2026-03-22,COL,ATH,Jaden Hill,0,0,3,0
mlb_831945,mlb_688642,2026-03-22,COL,ATH,Zach Agnos,0,0,3,1
mlb_831945,mlb_669298,2026-03-22,COL,ATH,TJ Shook,0,0,3,0
mlb_831945,mlb_605488,2026-03-22,COL,ATH,Jeffrey Springs,1,1,9,0
mlb_831945,mlb_605130,2026-03-22,COL,ATH,Scott Barlow,1,0,2,2
mlb_831945,mlb_669434,2026-03-22,COL,ATH,Stevie Emanuels,1,0,1,0
mlb_831945,mlb_643410,2026-03-22,COL,ATH,Mark Leiter Jr.,1,0,3,1
mlb_831945,mlb_669372,2026-03-22,COL,ATH,J.T. Ginn,1,0,5,3
mlb_831945,mlb_686857,2026-03-22,COL,ATH,James Gonzalez,1,0,4,0
mlb_831947,mlb_621111,2026-03-22,SDP,ARI,Walker Buehler,0,1,10,7
mlb_831947,mlb_687866,2026-03-22,SDP,ARI,Justin Yeager,0,0,2,0
mlb_831947,mlb_593974,2026-03-22,SDP,ARI,Wandy Peralta,0,0,3,0
mlb_831947,mlb_663362,2026-03-22,SDP,ARI,Matt Waldron,0,0,9,4
mlb_831947,mlb_676760,2026-03-22,SDP,ARI,Ron Marinaccio,0,0,3,0
mlb_831947,mlb_595928,2026-03-22,SDP,ARI,John Curtiss,1,1,6,0
mlb_831947,mlb_805299,2026-03-22,SDP,ARI,Brandyn Garcia,1,0,3,0
mlb_831947,mlb_666661,2026-03-22,SDP,ARI,Juan Morillo,1,0,3,1
mlb_831947,mlb_681869,2026-03-22,SDP,ARI,Shawn Dubin,1,0,6,0
mlb_831947,mlb_700270,2026-03-22,SDP,ARI,Yilber Díaz,1,0,5,0
mlb_831947,mlb_694781,2026-03-22,SDP,ARI,Logan Mercado,1,0,1,0
mlb_831947,mlb_688497,2026-03-22,SDP,ARI,Taylor Rashi,1,0,3,0
mlb_831442,mlb_802408,2026-03-23,UNK440,STL,Brycen Mautz,0,1,9,2
mlb_831442,mlb_694363,2026-03-23,UNK440,STL,Jared Shuster,0,0,12,0
mlb_831442,mlb_681676,2026-03-23,UNK440,STL,Ryan Fernandez,0,0,2,1
mlb_831442,mlb_675919,2026-03-23,UNK440,STL,Nick Raquet,0,0,1,0
mlb_831442,mlb_700669,2026-03-23,UNK440,STL,Gordon Graceffo,0,0,3,0
mlb_831442,mlb_669160,2026-03-23,UNK440,STL,Dustin May,1,1,12,0
mlb_831442,mlb_677865,2026-03-23,UNK440,STL,Justin Bruihl,1,0,3,0
mlb_831442,mlb_592773,2026-03-23,UNK440,STL,Ryne Stanek,1,0,3,0
mlb_831442,mlb_676617,2026-03-23,UNK440,STL,Riley O'Brien,1,0,3,2
mlb_831442,mlb_694335,2026-03-23,UNK440,STL,Matt Svanson,1,0,3,0
mlb_831442,mlb_813766,2026-03-23,UNK440,STL,Skylar Hales,1,0,3,0
mlb_831447,mlb_608334,2026-03-23,PIT,ATL,Carson Fulmer,0,1,9,2
mlb_831447,mlb_605182,2026-03-23,PIT,ATL,Mike Clevinger,0,0,8,3
mlb_831447,mlb_695946,2026-03-23,PIT,ATL,Junior Flores,0,0,1,0
mlb_831447,mlb_682995,2026-03-23,PIT,ATL,Hunter Barco,0,0,7,0
mlb_831447,mlb_701568,2026-03-23,PIT,ATL,Justin Meis,0,0,2,0
mlb_831447,mlb_800311,2026-03-23,PIT,ATL,Didier Fuentes,1,1,14,1
mlb_831447,mlb_694436,2026-03-23,PIT,ATL,Samuel Strickland,1,0,1,0
mlb_831447,mlb_606303,2026-03-23,PIT,ATL,Joel Payamps,1,0,6,0
mlb_831447,mlb_683627,2026-03-23,PIT,ATL,Anthony Molina,1,0,6,1
mlb_831546,mlb_676571,2026-03-23,WSN,BAL,PJ Poulin,0,1,3,0
mlb_831546,mlb_669371,2026-03-23,WSN,BAL,Cole Henry,0,0,3,0
mlb_831546,mlb_701552,2026-03-23,WSN,BAL,Andre Granillo,0,0,3,0
mlb_831546,mlb_686610,2026-03-23,WSN,BAL,Ken Waldichuk,0,0,3,0
mlb_831546,mlb_695418,2026-03-23,WSN,BAL,Brad Lord,0,0,3,0
mlb_831546,mlb_681402,2026-03-23,WSN,BAL,Gus Varland,0,0,3,0
mlb_831546,mlb_676026,2026-03-23,WSN,BAL,Holden Powell,0,0,3,2
mlb_831546,mlb_672335,2026-03-23,WSN,BAL,Cionel Pérez,0,0,3,0
mlb_831546,mlb_690925,2026-03-23,WSN,BAL,Clayton Beeter,0,0,3,0
mlb_831546,mlb_669358,2026-03-23,WSN,BAL,Shane Baz,1,1,15,0
mlb_831546,mlb_605135,2026-03-23,WSN,BAL,Chris Bassitt,1,0,6,0
mlb_831546,mlb_666974,2026-03-23,WSN,BAL,Yennier Cano,1,0,3,0
mlb_831546,mlb_608650,2026-03-23,WSN,BAL,Dietrich Enns,1,0,3,0
mlb_831547,mlb_666200,2026-03-23,PHI,TBR,Jesús Luzardo,0,1,15,2
mlb_831547,mlb_680742,2026-03-23,PHI,TBR,Jonathan Bowlan,0,0,3,2
mlb_831547,mlb_621237,2026-03-23,PHI,TBR,José Alvarado,0,0,3,1
mlb_831547,mlb_641745,2026-03-23,PHI,TBR,Brad Keller,0,0,3,2
mlb_831547,mlb_661395,2026-03-23,PHI,TBR,Jhoan Duran,0,0,3,0
mlb_831547,mlb_571927,2026-03-23,PHI,TBR,Steven Matz,1,1,15,0
mlb_831547,mlb_641329,2026-03-23,PHI,TBR,Bryan Baker,1,0,3,0
mlb_831547,mlb_672782,2026-03-23,PHI,TBR,Yoendrys Gómez,1,0,3,0
mlb_831547,mlb_685801,2026-03-23,PHI,TBR,Hunter Bigge,1,0,2,0
mlb_831547,mlb_695063,2026-03-23,PHI,TBR,Noah Beal,1,0,4,0
mlb_831735,mlb_606996,2026-03-23,SDP,SEA,Kyle Hart,0,1,3,1
mlb_831735,mlb_608566,2026-03-23,SDP,SEA,Germán Márquez,0,0,14,1
mlb_831735,mlb_701195,2026-03-23,SDP,SEA,Manuel Castro,0,0,1,0
mlb_831735,mlb_592094,2026-03-23,SDP,SEA,Jason Adam,0,0,3,0
mlb_831735,mlb_699134,2026-03-23,SDP,SEA,Bradgley Rodriguez,0,0,3,1
mlb_831735,mlb_688158,2026-03-23,SDP,SEA,David Morgan,0,0,3,0
mlb_831735,mlb_622491,2026-03-23,SDP,SEA,Luis Castillo,1,1,15,1
mlb_831735,mlb_666374,2026-03-23,SDP,SEA,Matt Brash,1,0,3,1
mlb_831735,mlb_672841,2026-03-23,SDP,SEA,Carlos Vargas,1,0,3,0
mlb_831735,mlb_808750,2026-03-23,SDP,SEA,Casey Hintz,1,0,1,4
mlb_831735,mlb_813609,2026-03-23,SDP,SEA,Reese Lumpkin,1,0,2,4
mlb_831780,mlb_684007,2026-03-23,CHC,NYY,Shota Imanaga,0,1,15,2
mlb_831780,mlb_694037,2026-03-23,CHC,NYY,Daniel Palencia,0,0,3,0
mlb_831780,mlb_664208,2026-03-23,CHC,NYY,Phil Maton,0,0,3,1
mlb_831780,mlb_640451,2026-03-23,CHC,NYY,Hunter Harvey,0,0,3,0
mlb_831780,mlb_657097,2026-03-23,CHC,NYY,Jacob Webb,0,0,2,3
mlb_831780,mlb_684949,2026-03-23,CHC,NYY,Zac Leigh,0,0,1,0
mlb_831780,mlb_801739,2026-03-23,CHC,NYY,Carlos Lagrange,1,1,8,8
mlb_831780,mlb_684608,2026-03-23,CHC,NYY,Will Brian,1,0,2,2
mlb_831780,mlb_685464,2026-03-23,CHC,NYY,Cade Winquest,1,0,5,2
mlb_831780,mlb_660787,2026-03-23,CHC,NYY,Yerry De los Santos,1,0,3,3
mlb_831780,mlb_665645,2026-03-23,CHC,NYY,Kervin Castro,1,0,3,0
mlb_831780,mlb_674370,2026-03-23,CHC,NYY,Osvaldo Bido,1,0,3,0
mlb_831786,mlb_702352,2026-03-23,SFG,UNK562,Spencer Bivens,0,1,3,0
mlb_831786,mlb_621366,2026-03-23,SFG,UNK562,Ryan Borucki,0,0,3,0
mlb_831786,mlb_663941,2026-03-23,SFG,UNK562,Tristan Beck,0,0,3,0
mlb_831786,mlb_669062,2026-03-23,SFG,UNK562,Erik Miller,0,0,3,0
mlb_831786,mlb_668873,2026-03-23,SFG,UNK562,Caleb Kilian,0,0,3,0
mlb_831786,mlb_693313,2026-03-23,SFG,UNK562,Carson Seymour,0,0,3,2
mlb_831786,mlb_657424,2026-03-23,SFG,UNK562,Matt Gage,0,0,3,0
mlb_831786,mlb_688730,2026-03-23,SFG,UNK562,Marques Johnson,0,0,3,0
mlb_831786,mlb_666619,2026-03-23,SFG,UNK562,Gregory Santos,0,0,3,0
mlb_831786,mlb_605501,2026-03-23,SFG,UNK562,Stephen Tarpley,1,1,9,3
mlb_831786,mlb_692601,2026-03-23,SFG,UNK562,Erick Rodriguez,1,0,5,1
mlb_831786,mlb_663977,2026-03-23,SFG,UNK562,Jake Higginbotham,1,0,2,1
mlb_831786,mlb_682551,2026-03-23,SFG,UNK562,Ronaldo Alesandro,1,0,2,0
mlb_831786,mlb_824049,2026-03-23,SFG,UNK562,Alonso Becerra,1,0,3,1
mlb_831786,mlb_572177,2026-03-23,SFG,UNK562,Nick Struck,1,0,2,4
mlb_831786,mlb_514919,2026-03-23,SFG,UNK562,Jesus Pirela,1,0,1,0
mlb_831821,mlb_808963,2026-03-23,LAD,LAA,Roki Sasaki,0,1,6,5
mlb_831821,mlb_691947,2026-03-23,LAD,LAA,Ronan Kopp,0,0,3,0
mlb_831821,mlb_676508,2026-03-23,LAD,LAA,Ben Casparius,0,0,2,1
mlb_831821,mlb_656945,2026-03-23,LAD,LAA,Tanner Scott,0,0,1,0
mlb_831821,mlb_621242,2026-03-23,LAD,LAA,Edwin Díaz,0,0,3,0
mlb_831821,mlb_676263,2026-03-23,LAD,LAA,Jack Dreyer,0,0,3,0
mlb_831821,mlb_694361,2026-03-23,LAD,LAA,Will Klein,0,0,1,1
mlb_831821,mlb_681911,2026-03-23,LAD,LAA,Alex Vesia,0,0,2,0
mlb_831821,mlb_702318,2026-03-23,LAD,LAA,Chris Campos,0,0,6,0
mlb_831821,mlb_672282,2026-03-23,LAD,LAA,Reid Detmers,1,1,9,0
mlb_831821,mlb_666171,2026-03-23,LAD,LAA,Ryan Zeferjahn,1,0,2,3
mlb_831821,mlb_681217,2026-03-23,LAD,LAA,Chase Silseth,1,0,4,0
mlb_831821,mlb_700712,2026-03-23,LAD,LAA,Walbert Urena,1,0,3,1
mlb_831821,mlb_695402,2026-03-23,LAD,LAA,Najer Victor,1,0,3,0
mlb_831821,mlb_605447,2026-03-23,LAD,LAA,Jordan Romano,1,0,3,3
mlb_831821,mlb_660623,2026-03-23,LAD,LAA,Huascar Ynoa,1,0,3,0
mlb_831838,mlb_669022,2026-03-23,TEX,KCR,MacKenzie Gore,0,1,12,0
mlb_831838,mlb_691945,2026-03-23,TEX,KCR,Carter Baumler,0,0,3,0
mlb_831838,mlb_641302,2026-03-23,TEX,KCR,Tyler Alexander,0,0,3,0
mlb_831838,mlb_676395,2026-03-23,TEX,KCR,Robert Garcia,0,0,3,1
mlb_831838,mlb_622250,2026-03-23,TEX,KCR,Josh Sborz,0,0,3,0
mlb_831838,mlb_686560,2026-03-23,TEX,KCR,Gavin Collyer,0,0,3,1
mlb_831838,mlb_608379,2026-03-23,TEX,KCR,Michael Wacha,1,1,15,2
mlb_831838,mlb_608032,2026-03-23,TEX,KCR,Carlos Estévez,1,0,3,0
mlb_831838,mlb_656638,2026-03-23,TEX,KCR,Alex Lange,1,0,3,1
mlb_831838,mlb_663738,2026-03-23,TEX,KCR,Daniel Lynch IV,1,0,3,0
mlb_831857,mlb_663372,2026-03-23,COL,DET,Ryan Feltner,0,1,13,4
mlb_831857,mlb_677955,2026-03-23,COL,DET,Jaden Hill,0,0,2,0
mlb_831857,mlb_801403,2026-03-23,COL,DET,Chase Dollander,0,0,11,1
mlb_831857,mlb_680767,2026-03-23,COL,DET,Victor Vodnik,0,0,1,0
mlb_831857,mlb_656427,2026-03-23,COL,DET,Jack Flaherty,1,1,14,4
mlb_831857,mlb_640448,2026-03-23,COL,DET,Kyle Finnegan,1,0,1,0
mlb_831857,mlb_676684,2026-03-23,COL,DET,Will Vest,1,0,3,1
mlb_831857,mlb_663947,2026-03-23,COL,DET,Tyler Holton,1,0,2,1
mlb_831857,mlb_657756,2026-03-23,COL,DET,Connor Seabold,1,0,2,0
mlb_831857,mlb_646241,2026-03-23,COL,DET,Enmanuel De Jesus,1,0,2,0
mlb_831885,mlb_518876,2026-03-23,ARI,CLE,Merrill Kelly,0,1,6,5
mlb_831885,mlb_663462,2026-03-23,ARI,CLE,Isaiah Campbell,0,0,3,0
mlb_831885,mlb_656464,2026-03-23,ARI,CLE,Kevin Ginkel,0,0,3,0
mlb_831885,mlb_642528,2026-03-23,ARI,CLE,Jonathan Loáisiga,0,0,3,1
mlb_831885,mlb_623149,2026-03-23,ARI,CLE,Paul Sewald,0,0,3,0
mlb_831885,mlb_657044,2026-03-23,ARI,CLE,Ryan Thompson,0,0,3,1
mlb_831885,mlb_672629,2026-03-23,ARI,CLE,Gerardo Carrillo,0,0,3,0
mlb_831885,mlb_814783,2026-03-23,ARI,CLE,Casey Anderson,0,0,3,0
mlb_831885,mlb_677944,2026-03-23,ARI,CLE,Slade Cecconi,1,1,12,0
mlb_831885,mlb_671922,2026-03-23,ARI,CLE,Cade Smith,1,0,2,0
mlb_831885,mlb_701533,2026-03-23,ARI,CLE,Hunter Stanley,1,0,1,0
mlb_831885,mlb_676282,2026-03-23,ARI,CLE,Joey Cantillo,1,0,12,0
mlb_831915,mlb_806960,2026-03-23,ATH,CHW,Luis Morales,0,1,8,3
mlb_831915,mlb_621139,2026-03-23,ATH,CHW,Brooks Kriske,0,0,1,0
mlb_831915,mlb_683101,2026-03-23,ATH,CHW,JJ Goss,0,0,6,4
mlb_831915,mlb_623433,2026-03-23,ATH,CHW,Nick Anderson,0,0,3,1
mlb_831915,mlb_593833,2026-03-23,ATH,CHW,Wander Suero,0,0,3,0
mlb_831915,mlb_669270,2026-03-23,ATH,CHW,Joel Kuhnel,0,0,3,0
mlb_831915,mlb_640454,2026-03-23,ATH,CHW,Matt Krook,0,0,2,1
mlb_831915,mlb_664129,2026-03-23,ATH,CHW,Geoff Hartlieb,0,0,1,0
mlb_831915,mlb_641743,2026-03-23,ATH,CHW,Anthony Kay,1,1,11,7
mlb_831915,mlb_669436,2026-03-23,ATH,CHW,Jacob Heatherly,1,0,1,0
mlb_831915,mlb_809459,2026-03-23,ATH,CHW,Morris Austin,1,0,3,2
mlb_831915,mlb_663855,2026-03-23,ATH,CHW,Jordan Hicks,1,0,3,0
mlb_831915,mlb_673929,2026-03-23,ATH,CHW,Jordan Leasure,1,0,3,0
mlb_831915,mlb_691799,2026-03-23,ATH,CHW,Grant Taylor,1,0,3,1
mlb_832036,mlb_670912,2026-03-23,BOS,MIN,Johan Oviedo,0,1,10,6
mlb_832036,mlb_806333,2026-03-23,BOS,MIN,Michael Sansone,0,0,2,0
mlb_832036,mlb_686580,2026-03-23,BOS,MIN,Justin Slaten,0,0,3,0
mlb_832036,mlb_543056,2026-03-23,BOS,MIN,Danny Coulombe,0,0,3,0
mlb_832036,mlb_676477,2026-03-23,BOS,MIN,Garrett Whitlock,0,0,3,0
mlb_832036,mlb_547973,2026-03-23,BOS,MIN,Aroldis Chapman,0,0,3,2
mlb_832036,mlb_690967,2026-03-23,BOS,MIN,Max Carlson,0,0,3,1
mlb_832036,mlb_641927,2026-03-23,BOS,MIN,Bailey Ober,1,1,13,4
mlb_832036,mlb_679358,2026-03-23,BOS,MIN,Eric Orze,1,0,2,1
mlb_832036,mlb_607455,2026-03-23,BOS,MIN,Anthony Banda,1,0,3,0
mlb_832036,mlb_623437,2026-03-23,BOS,MIN,Justin Topa,1,0,3,1
mlb_832036,mlb_663485,2026-03-23,BOS,MIN,Cole Sands,1,0,3,0
mlb_832036,mlb_687879,2026-03-23,BOS,MIN,Luis Quiñones,1,0,3,0
mlb_832078,mlb_676879,2026-03-23,MIL,CIN,Aaron Ashby,0,1,2,0
mlb_832078,mlb_700183,2026-03-23,MIL,CIN,Blake Holub,0,0,4,0
mlb_832078,mlb_668834,2026-03-23,MIL,CIN,Easton McGee,0,0,3,1
mlb_832078,mlb_669084,2026-03-23,MIL,CIN,DL Hall,0,0,3,0
mlb_832078,mlb_657649,2026-03-23,MIL,CIN,Jared Koenig,0,0,3,0
mlb_832078,mlb_681982,2026-03-23,MIL,CIN,Grant Anderson,0,0,3,0
mlb_832078,mlb_682842,2026-03-23,MIL,CIN,Abner Uribe,0,0,3,0
mlb_832078,mlb_672582,2026-03-23,MIL,CIN,Angel Zerpa,0,0,3,0
mlb_832078,mlb_656730,2026-03-23,MIL,CIN,Trevor Megill,0,0,3,0
mlb_832078,mlb_663903,2026-03-23,MIL,CIN,Brady Singer,1,1,12,6
mlb_832078,mlb_641941,2026-03-23,MIL,CIN,Emilio Pagán,1,0,3,1
mlb_832078,mlb_656271,2026-03-23,MIL,CIN,Brock Burke,1,0,3,1
mlb_832078,mlb_594580,2026-03-23,MIL,CIN,Sam Moll,1,0,3,0
mlb_832078,mlb_622088,2026-03-23,MIL,CIN,Tejay Antone,1,0,3,1
mlb_831441,mlb_621121,2026-03-24,HOU,UNK5434,Lance McCullers Jr.,0,1,14,2
mlb_831441,mlb_701121,2026-03-24,HOU,UNK5434,Logan VanWey,0,0,1,0
mlb_831441,mlb_681293,2026-03-24,HOU,UNK5434,Spencer Arrighetti,0,0,8,3
mlb_831441,mlb_641585,2026-03-24,HOU,UNK5434,J.P. France,0,0,4,0
mlb_831441,mlb_699044,2026-03-24,HOU,UNK5434,Miguel Ullola,1,1,13,1
mlb_831441,mlb_681077,2026-03-24,HOU,UNK5434,Michael Knorr,1,0,2,1
mlb_831441,mlb_675989,2026-03-24,HOU,UNK5434,Cody Bolton,1,0,8,4
mlb_831441,mlb_676680,2026-03-24,HOU,UNK5434,Tom Cosgrove,1,0,1,0
mlb_831545,mlb_656550,2026-03-24,ATL,TBR,Grant Holmes,0,1,16,2
mlb_831545,mlb_811319,2026-03-24,ATL,TBR,Riley Frey,0,0,1,0
mlb_831545,mlb_669276,2026-03-24,ATL,TBR,Dylan Lee,0,0,1,0
mlb_831545,mlb_641755,2026-03-24,ATL,TBR,Tyler Kinley,0,0,3,0
mlb_831545,mlb_663158,2026-03-24,ATL,TBR,Robert Suarez,0,0,2,0
mlb_831545,mlb_686588,2026-03-24,ATL,TBR,Blane Abeyta,0,0,1,0
mlb_831545,mlb_628452,2026-03-24,ATL,TBR,Raisel Iglesias,0,0,3,0
mlb_831545,mlb_592155,2026-03-24,ATL,TBR,Cam Booser,1,1,3,0
mlb_831545,mlb_664076,2026-03-24,ATL,TBR,Garrett Cleavinger,1,0,2,0
mlb_831545,mlb_804541,2026-03-24,ATL,TBR,Gary Gill Hill,1,0,10,3
mlb_831545,mlb_807744,2026-03-24,ATL,TBR,Ty Cummings,1,0,6,0
mlb_831545,mlb_689433,2026-03-24,ATL,TBR,Derrick Edington,1,0,3,0
mlb_831779,mlb_665795,2026-03-24,CHC,NYY,Edward Cabrera,0,1,13,5
mlb_831779,mlb_805291,2026-03-24,CHC,NYY,Vince Reilly,0,0,4,3
mlb_831779,mlb_687168,2026-03-24,CHC,NYY,Brayden Spears,0,0,1,0
mlb_831779,mlb_677312,2026-03-24,CHC,NYY,Zane Mills,0,0,9,0
mlb_831779,mlb_543037,2026-03-24,CHC,NYY,Gerrit Cole,1,1,5,1
mlb_831779,mlb_694660,2026-03-24,CHC,NYY,Harrison Cohen,1,0,1,0
mlb_831779,mlb_677960,2026-03-24,CHC,NYY,Ryan Weathers,1,0,15,1
mlb_831779,mlb_690440,2026-03-24,CHC,NYY,Bradley Hanner,1,0,3,1
mlb_831779,mlb_672442,2026-03-24,CHC,NYY,Yovanny Cruz,1,0,3,0
mlb_831782,mlb_694738,2026-03-24,SFG,UNK562,Landen Roupp,0,1,16,2
mlb_831782,mlb_605242,2026-03-24,SFG,UNK562,Michael Fulmer,0,0,5,0
mlb_831782,mlb_694918,2026-03-24,SFG,UNK562,Blade Tidwell,0,0,6,0
mlb_831782,mlb_656954,2026-03-24,SFG,UNK562,Justus Sheffield,1,1,10,3
mlb_831782,mlb_700063,2026-03-24,SFG,UNK562,Alexis Vera,1,0,2,0
mlb_831782,mlb_601980,2026-03-24,SFG,UNK562,Geronimo Franzua,1,0,3,2
mlb_831782,mlb_595939,2026-03-24,SFG,UNK562,Chris Ellis,1,0,3,0
mlb_831782,mlb_680628,2026-03-24,SFG,UNK562,Jesus Luna,1,0,2,2
mlb_831782,mlb_811368,2026-03-24,SFG,UNK562,Jose Miranda,1,0,1,0
mlb_831782,mlb_839498,2026-03-24,SFG,UNK562,Gilberto Habbard,1,0,2,1
mlb_831782,mlb_839499,2026-03-24,SFG,UNK562,Eduardo Valenzuela,1,0,1,0
mlb_831820,mlb_660271,2026-03-24,LAD,LAA,Shohei Ohtani,0,1,12,3
mlb_831820,mlb_681520,2026-03-24,LAD,LAA,Antoine Kelly,0,0,3,0
mlb_831820,mlb_680736,2026-03-24,LAD,LAA,Justin Wrobleski,0,0,12,0
mlb_831820,mlb_686799,2026-03-24,LAD,LAA,Jack Kochanowicz,1,1,9,0
mlb_831820,mlb_680704,2026-03-24,LAD,LAA,Nick Sandlin,1,0,3,0
mlb_831820,mlb_696270,2026-03-24,LAD,LAA,Ryan Johnson,1,0,12,0
mlb_831820,mlb_815083,2026-03-24,LAD,LAA,Mitch Farris,1,0,3,0
mlb_831837,mlb_683004,2026-03-24,TEX,KCR,Jack Leiter,0,1,12,0
mlb_831837,mlb_656222,2026-03-24,TEX,KCR,Jalen Beeks,0,0,3,0
mlb_831837,mlb_656641,2026-03-24,TEX,KCR,Jacob Latz,0,0,1,0
mlb_831837,mlb_681168,2026-03-24,TEX,KCR,Luis Curvelo,0,0,2,0
mlb_831837,mlb_455119,2026-03-24,TEX,KCR,Chris Martin,0,0,3,0
mlb_831837,mlb_668390,2026-03-24,TEX,KCR,Cole Winn,0,0,3,1
mlb_831837,mlb_615698,2026-03-24,TEX,KCR,Cal Quantrill,0,0,3,0
mlb_831837,mlb_607625,2026-03-24,TEX,KCR,Seth Lugo,1,1,12,3
mlb_831837,mlb_669212,2026-03-24,TEX,KCR,Eli Morgan,1,0,2,0
mlb_831837,mlb_680970,2026-03-24,TEX,KCR,Andrew Pérez,1,0,1,0
mlb_831837,mlb_621381,2026-03-24,TEX,KCR,Matt Strahm,1,0,3,1
mlb_831837,mlb_670167,2026-03-24,TEX,KCR,John Schreiber,1,0,3,0
mlb_831837,mlb_683232,2026-03-24,TEX,KCR,Nick Mears,1,0,3,0
mlb_831856,mlb_608372,2026-03-24,COL,DET,Tomoyuki Sugano,0,1,13,2
mlb_831856,mlb_623474,2026-03-24,COL,DET,Jimmy Herget,0,0,1,3
mlb_831856,mlb_692589,2026-03-24,COL,DET,Victor Juarez,0,0,1,1
mlb_831856,mlb_657514,2026-03-24,COL,DET,Brennan Bernardino,0,0,3,2
mlb_831856,mlb_688642,2026-03-24,COL,DET,Zach Agnos,0,0,3,2
mlb_831856,mlb_814106,2026-03-24,COL,DET,Cade Denton,0,0,3,1
mlb_831856,mlb_801842,2026-03-24,COL,DET,Fidel Ulloa,0,0,3,0
mlb_831856,mlb_434378,2026-03-24,COL,DET,Justin Verlander,1,1,14,6
mlb_831856,mlb_676428,2026-03-24,COL,DET,Brant Hurter,1,0,1,0
mlb_831856,mlb_663554,2026-03-24,COL,DET,Casey Mize,1,0,12,2
mlb_831887,mlb_647336,2026-03-24,ARI,CLE,Michael Soroka,0,1,10,6
mlb_831887,mlb_694492,2026-03-24,ARI,CLE,Hayden Durke,0,0,1,0
mlb_831887,mlb_675450,2026-03-24,ARI,CLE,Hunter Cranton,0,0,2,0
mlb_831887,mlb_801517,2026-03-24,ARI,CLE,Spencer Giesting,0,0,5,0
mlb_831887,mlb_694851,2026-03-24,ARI,CLE,Andrew Hoffmann,0,0,3,0
mlb_831887,mlb_666661,2026-03-24,ARI,CLE,Juan Morillo,0,0,2,1
mlb_831887,mlb_811139,2026-03-24,ARI,CLE,Sandro Santana,0,0,3,3
mlb_831887,mlb_691014,2026-03-24,ARI,CLE,Nate Savino,0,0,1,0
mlb_831887,mlb_800048,2026-03-24,ARI,CLE,Parker Messick,1,1,14,4
mlb_831887,mlb_806272,2026-03-24,ARI,CLE,Zane Petty,1,0,1,0
mlb_831887,mlb_682120,2026-03-24,ARI,CLE,Tim Herrin,1,0,3,0
mlb_831887,mlb_687102,2026-03-24,ARI,CLE,Ross Carver,1,0,3,0
mlb_831887,mlb_689557,2026-03-24,ARI,CLE,Zane Morehouse,1,0,2,1
mlb_831887,mlb_807575,2026-03-24,ARI,CLE,Cam Schuelke,1,0,3,0
mlb_831887,mlb_671969,2026-03-24,ARI,CLE,Adam Tulloch,1,0,1,0
mlb_832037,mlb_687849,2026-03-24,MIN,BOS,Zak Kent,0,1,3,1
mlb_832037,mlb_573124,2026-03-24,MIN,BOS,Taylor Rogers,0,0,2,4
mlb_832037,mlb_830242,2026-03-24,MIN,BOS,Michael Hilker,0,0,1,0
mlb_832037,mlb_656186,2026-03-24,MIN,BOS,Dan Altavilla,0,0,3,0
mlb_832037,mlb_689520,2026-03-24,MIN,BOS,Cody Laweryson,0,0,3,0
mlb_832037,mlb_690953,2026-03-24,MIN,BOS,Mick Abel,0,0,12,1
mlb_832037,mlb_694536,2026-03-24,MIN,BOS,Trent Baker,0,0,3,0
mlb_832037,mlb_624133,2026-03-24,MIN,BOS,Ranger Suarez,1,1,13,8
mlb_832037,mlb_814366,2026-03-24,MIN,BOS,Cade Feeney,1,0,2,1
mlb_832037,mlb_663558,2026-03-24,MIN,BOS,Jovani Morán,1,0,0,4
mlb_832037,mlb_684128,2026-03-24,MIN,BOS,Reidis Sena,1,0,3,0
mlb_832037,mlb_592454,2026-03-24,MIN,BOS,Tommy Kahnle,1,0,3,2
mlb_832037,mlb_822416,2026-03-24,MIN,BOS,Cooper Adams,1,0,3,0
mlb_832077,mlb_687075,2026-03-24,MIL,CIN,Brandon Sproat,0,1,12,0
mlb_832077,mlb_690986,2026-03-24,MIL,CIN,Kyle Harrison,0,0,13,1
mlb_832077,mlb_702153,2026-03-24,MIL,CIN,Brian Fitzpatrick,0,0,2,0
mlb_832077,mlb_695505,2026-03-24,MIL,CIN,Chase Burns,1,1,15,2
mlb_832077,mlb_695076,2026-03-24,MIL,CIN,Rhett Lowder,1,0,9,2
mlb_823244,mlb_657277,2026-03-25,SFG,NYY,Logan Webb,0,1,15,7
mlb_823244,mlb_676775,2026-03-25,SFG,NYY,Keaton Winn,0,0,3,0
mlb_823244,mlb_664141,2026-03-25,SFG,NYY,JT Brubaker,0,0,6,0
mlb_823244,mlb_668873,2026-03-25,SFG,NYY,Caleb Kilian,0,0,3,0
mlb_823244,mlb_608331,2026-03-25,SFG,NYY,Max Fried,1,1,19,0
mlb_823244,mlb_656234,2026-03-25,SFG,NYY,Jake Bird,1,0,2,0
mlb_823244,mlb_687396,2026-03-25,SFG,NYY,Brent Headrick,1,0,3,0
mlb_823244,mlb_666808,2026-03-25,SFG,NYY,Camilo Doval,1,0,3,0
mlb_823081,mlb_669461,2026-03-26,STL,TBR,Matthew Liberatore,0,1,15,1
mlb_823081,mlb_694335,2026-03-26,STL,TBR,Matt Svanson,0,0,1,3
mlb_823081,mlb_677865,2026-03-26,STL,TBR,Justin Bruihl,0,0,1,2
mlb_823081,mlb_688297,2026-03-26,STL,TBR,Chris Roycroft,0,0,1,1
mlb_823081,mlb_668941,2026-03-26,STL,TBR,JoJo Romero,0,0,2,0
mlb_823081,mlb_676617,2026-03-26,STL,TBR,Riley O'Brien,0,0,4,0
mlb_823081,mlb_592773,2026-03-26,STL,TBR,Ryne Stanek,0,0,3,0
mlb_823081,mlb_656876,2026-03-26,STL,TBR,Drew Rasmussen,1,1,15,1
mlb_823081,mlb_693855,2026-03-26,STL,TBR,Ian Seymour,1,0,0,5
mlb_823081,mlb_664076,2026-03-26,STL,TBR,Garrett Cleavinger,1,0,1,2
mlb_823081,mlb_643377,2026-03-26,STL,TBR,Griffin Jax,1,0,2,1
mlb_823081,mlb_672782,2026-03-26,STL,TBR,Yoendrys Gómez,1,0,6,0
mlb_823163,mlb_669302,2026-03-26,SEA,CLE,Logan Gilbert,0,1,16,3
mlb_823163,mlb_678606,2026-03-26,SEA,CLE,Jose A. Ferrer,0,0,2,0
mlb_823163,mlb_642100,2026-03-26,SEA,CLE,Gabe Speier,0,0,3,2
mlb_823163,mlb_668984,2026-03-26,SEA,CLE,Casey Legumina,0,0,3,0
mlb_823163,mlb_681867,2026-03-26,SEA,CLE,Cooper Criswell,0,0,3,1
mlb_823163,mlb_676440,2026-03-26,SEA,CLE,Tanner Bibee,1,1,15,3
mlb_823163,mlb_641401,2026-03-26,SEA,CLE,Connor Brogdon,1,0,3,0
mlb_823163,mlb_542888,2026-03-26,SEA,CLE,Shawn Armstrong,1,0,2,1
mlb_823163,mlb_681870,2026-03-26,SEA,CLE,Erik Sabrowski,1,0,4,0
mlb_823163,mlb_671922,2026-03-26,SEA,CLE,Cade Smith,1,0,3,0
mlb_823325,mlb_601713,2026-03-26,SDP,DET,Nick Pivetta,0,1,9,6
mlb_823325,mlb_676760,2026-03-26,SDP,DET,Ron Marinaccio,0,0,6,2
mlb_823325,mlb_699134,2026-03-26,SDP,DET,Bradgley Rodriguez,0,0,6,0
mlb_823325,mlb_688158,2026-03-26,SDP,DET,David Morgan,0,0,3,0
mlb_823325,mlb_593974,2026-03-26,SDP,DET,Wandy Peralta,0,0,3,0
mlb_823325,mlb_669373,2026-03-26,SDP,DET,Tarik Skubal,1,1,18,1
mlb_823325,mlb_623454,2026-03-26,SDP,DET,Drew Anderson,1,0,4,1
mlb_823325,mlb_663947,2026-03-26,SDP,DET,Tyler Holton,1,0,2,0
mlb_823325,mlb_676684,2026-03-26,SDP,DET,Will Vest,1,0,3,0
mlb_823486,mlb_650911,2026-03-26,PHI,TEX,Cristopher Sánchez,0,1,18,0
mlb_823486,mlb_680742,2026-03-26,PHI,TEX,Jonathan Bowlan,0,0,3,0
mlb_823486,mlb_647315,2026-03-26,PHI,TEX,Zach Pop,0,0,3,0
mlb_823486,mlb_679775,2026-03-26,PHI,TEX,Kyle Backhus,0,0,1,3
mlb_823486,mlb_661395,2026-03-26,PHI,TEX,Jhoan Duran,0,0,2,0
mlb_823486,mlb_543135,2026-03-26,PHI,TEX,Nathan Eovaldi,1,1,14,5
mlb_823486,mlb_656222,2026-03-26,PHI,TEX,Jalen Beeks,1,0,4,0
mlb_823486,mlb_641302,2026-03-26,PHI,TEX,Tyler Alexander,1,0,3,0
mlb_823486,mlb_691945,2026-03-26,PHI,TEX,Carter Baumler,1,0,3,0
mlb_823649,mlb_642547,2026-03-26,NYM,PIT,Freddy Peralta,0,1,15,4
mlb_823649,mlb_668964,2026-03-26,NYM,PIT,Tobias Myers,0,0,9,1
mlb_823649,mlb_472610,2026-03-26,NYM,PIT,Luis García,0,0,3,2
mlb_823649,mlb_694973,2026-03-26,NYM,PIT,Paul Skenes,1,1,2,5
mlb_823649,mlb_670990,2026-03-26,NYM,PIT,Yohan Ramírez,1,0,7,0
mlb_823649,mlb_682254,2026-03-26,NYM,PIT,Mason Montgomery,1,0,4,2
mlb_823649,mlb_676755,2026-03-26,NYM,PIT,Isaac Mattson,1,0,2,2
mlb_823649,mlb_664875,2026-03-26,NYM,PIT,Justin Lawrence,1,0,3,2
mlb_823649,mlb_642397,2026-03-26,NYM,PIT,Gregory Soto,1,0,3,0
mlb_823649,mlb_642701,2026-03-26,NYM,PIT,Dennis Santana,1,0,3,0
mlb_823812,mlb_694819,2026-03-26,MIL,CHW,Jacob Misiorowski,0,1,15,1
mlb_823812,mlb_676879,2026-03-26,MIL,CHW,Aaron Ashby,0,0,3,0
mlb_823812,mlb_681982,2026-03-26,MIL,CHW,Grant Anderson,0,0,3,0
mlb_823812,mlb_669084,2026-03-26,MIL,CHW,DL Hall,0,0,3,0
mlb_823812,mlb_663765,2026-03-26,MIL,CHW,Jake Woodford,0,0,3,1
mlb_823812,mlb_681343,2026-03-26,MIL,CHW,Shane Smith,1,1,5,4
mlb_823812,mlb_656794,2026-03-26,MIL,CHW,Sean Newcomb,1,0,7,2
mlb_823812,mlb_656457,2026-03-26,MIL,CHW,Tyler Gilbert,1,0,3,2
mlb_823812,mlb_663855,2026-03-26,MIL,CHW,Jordan Hicks,1,0,2,3
mlb_823812,mlb_699151,2026-03-26,MIL,CHW,Jedixson Paez,1,0,4,3
mlb_823812,mlb_673929,2026-03-26,MIL,CHW,Jordan Leasure,1,0,3,0
mlb_823974,mlb_808967,2026-03-26,LAD,ARI,Yoshinobu Yamamoto,0,1,18,2
mlb_823974,mlb_595014,2026-03-26,LAD,ARI,Blake Treinen,0,0,3,0
mlb_823974,mlb_694361,2026-03-26,LAD,ARI,Will Klein,0,0,3,0
mlb_823974,mlb_656945,2026-03-26,LAD,ARI,Tanner Scott,0,0,3,0
mlb_823974,mlb_668678,2026-03-26,LAD,ARI,Zac Gallen,1,1,12,4
mlb_823974,mlb_666661,2026-03-26,LAD,ARI,Juan Morillo,1,0,3,0
mlb_823974,mlb_657044,2026-03-26,LAD,ARI,Ryan Thompson,1,0,3,0
mlb_823974,mlb_664199,2026-03-26,LAD,ARI,Taylor Clarke,1,0,1,4
mlb_823974,mlb_694851,2026-03-26,LAD,ARI,Andrew Hoffmann,1,0,5,0
mlb_824218,mlb_686613,2026-03-26,HOU,LAA,Hunter Brown,0,1,14,0
mlb_824218,mlb_805123,2026-03-26,HOU,LAA,AJ Blubaugh,0,0,7,1
mlb_824218,mlb_687911,2026-03-26,HOU,LAA,Bryan King,0,0,3,1
mlb_824218,mlb_685005,2026-03-26,HOU,LAA,Christian Roa,0,0,3,1
mlb_824218,mlb_667755,2026-03-26,HOU,LAA,José Soriano,1,1,18,0
mlb_824218,mlb_700712,2026-03-26,HOU,LAA,Walbert Ureña,1,0,2,0
mlb_824218,mlb_681217,2026-03-26,HOU,LAA,Chase Silseth,1,0,1,0
mlb_824218,mlb_519141,2026-03-26,HOU,LAA,Drew Pomeranz,1,0,3,0
mlb_824218,mlb_605447,2026-03-26,HOU,LAA,Jordan Romano,1,0,3,0
mlb_824541,mlb_671096,2026-03-26,CIN,BOS,Andrew Abbott,0,1,18,0
mlb_824541,mlb_572955,2026-03-26,CIN,BOS,Pierce Johnson,0,0,1,1
mlb_824541,mlb_594580,2026-03-26,CIN,BOS,Sam Moll,0,0,3,0
mlb_824541,mlb_668933,2026-03-26,CIN,BOS,Graham Ashcraft,0,0,2,0
mlb_824541,mlb_683175,2026-03-26,CIN,BOS,Connor Phillips,0,0,2,2
mlb_824541,mlb_656271,2026-03-26,CIN,BOS,Brock Burke,0,0,1,0
mlb_824541,mlb_676979,2026-03-26,CIN,BOS,Garrett Crochet,1,1,18,0
mlb_824541,mlb_686580,2026-03-26,CIN,BOS,Justin Slaten,1,0,3,0
mlb_824541,mlb_676477,2026-03-26,CIN,BOS,Garrett Whitlock,1,0,3,0
mlb_824541,mlb_547973,2026-03-26,CIN,BOS,Aroldis Chapman,1,0,3,0
mlb_824704,mlb_571510,2026-03-26,CHC,WSN,Matthew Boyd,0,1,11,6
mlb_824704,mlb_676962,2026-03-26,CHC,WSN,Ben Brown,0,0,10,2
mlb_824704,mlb_571948,2026-03-26,CHC,WSN,Hoby Milner,0,0,3,0
mlb_824704,mlb_657097,2026-03-26,CHC,WSN,Jacob Webb,0,0,3,2
mlb_824704,mlb_676917,2026-03-26,CHC,WSN,Cade Cavalli,1,1,11,3
mlb_824704,mlb_676571,2026-03-26,CHC,WSN,PJ Poulin,1,0,3,0
mlb_824704,mlb_695418,2026-03-26,CHC,WSN,Brad Lord,1,0,7,1
mlb_824704,mlb_690925,2026-03-26,CHC,WSN,Clayton Beeter,1,0,3,0
mlb_824704,mlb_672335,2026-03-26,CHC,WSN,Cionel Pérez,1,0,3,0
mlb_824865,mlb_669432,2026-03-26,BAL,MIN,Trevor Rogers,0,1,21,0
mlb_824865,mlb_669330,2026-03-26,BAL,MIN,Tyler Wells,0,0,3,1
mlb_824865,mlb_664854,2026-03-26,BAL,MIN,Ryan Helsley,0,0,3,0
mlb_824865,mlb_657746,2026-03-26,BAL,MIN,Joe Ryan,1,1,16,0
mlb_824865,mlb_681892,2026-03-26,BAL,MIN,Kody Funderburk,1,0,2,1
mlb_824865,mlb_623437,2026-03-26,BAL,MIN,Justin Topa,1,0,3,1
mlb_824865,mlb_573124,2026-03-26,BAL,MIN,Taylor Rogers,1,0,3,0
mlb_822839,mlb_592332,2026-03-27,TOR,ATH,Kevin Gausman,0,1,18,1
mlb_822839,mlb_686973,2026-03-27,TOR,ATH,Louis Varland,0,0,3,0
mlb_822839,mlb_643511,2026-03-27,TOR,ATH,Tyler Rogers,0,0,3,0
mlb_822839,mlb_656546,2026-03-27,TOR,ATH,Jeff Hoffman,0,0,3,1
mlb_822839,mlb_622663,2026-03-27,TOR,ATH,Luis Severino,1,1,15,2
mlb_822839,mlb_605130,2026-03-27,TOR,ATH,Scott Barlow,1,0,5,0
mlb_822839,mlb_663687,2026-03-27,TOR,ATH,Hogan Harris,1,0,4,0
mlb_822839,mlb_686993,2026-03-27,TOR,ATH,Justin Sterner,1,0,2,1
mlb_823162,mlb_669923,2026-03-27,SEA,CLE,George Kirby,0,1,18,1
mlb_823162,mlb_660825,2026-03-27,SEA,CLE,Eduard Bazardo,0,0,3,0
mlb_823162,mlb_666374,2026-03-27,SEA,CLE,Matt Brash,0,0,3,0
mlb_823162,mlb_662253,2026-03-27,SEA,CLE,Andrés Muñoz,0,0,3,0
mlb_823162,mlb_668909,2026-03-27,SEA,CLE,Gavin Williams,1,1,15,3
mlb_823162,mlb_670059,2026-03-27,SEA,CLE,Colin Holderman,1,0,3,2
mlb_823162,mlb_688883,2026-03-27,SEA,CLE,Peyton Pallette,1,0,6,0
mlb_823243,mlb_592662,2026-03-27,SFG,NYY,Robbie Ray,0,1,16,2
mlb_823243,mlb_676130,2026-03-27,SFG,NYY,José Buttó,0,0,2,1
mlb_823243,mlb_669062,2026-03-27,SFG,NYY,Erik Miller,0,0,3,0
mlb_823243,mlb_676254,2026-03-27,SFG,NYY,Ryan Walker,0,0,1,0
mlb_823243,mlb_621366,2026-03-27,SFG,NYY,Ryan Borucki,0,0,2,0
mlb_823243,mlb_657424,2026-03-27,SFG,NYY,Matt Gage,0,0,3,0
mlb_823243,mlb_693645,2026-03-27,SFG,NYY,Cam Schlittler,1,1,16,0
mlb_823243,mlb_518585,2026-03-27,SFG,NYY,Fernando Cruz,1,0,2,0
mlb_823243,mlb_657612,2026-03-27,SFG,NYY,Tim Hill,1,0,3,0
mlb_823243,mlb_666808,2026-03-27,SFG,NYY,Camilo Doval,1,0,3,0
mlb_823243,mlb_670280,2026-03-27,SFG,NYY,David Bednar,1,0,3,0
mlb_823324,mlb_650633,2026-03-27,SDP,DET,Michael King,0,1,15,1
mlb_823324,mlb_670970,2026-03-27,SDP,DET,Adrian Morejon,0,0,6,0
mlb_823324,mlb_669093,2026-03-27,SDP,DET,Jeremiah Estrada,0,0,2,4
mlb_823324,mlb_593974,2026-03-27,SDP,DET,Wandy Peralta,0,0,1,0
mlb_823324,mlb_688158,2026-03-27,SDP,DET,David Morgan,0,0,3,0
mlb_823324,mlb_664285,2026-03-27,SDP,DET,Framber Valdez,1,1,18,2
mlb_823324,mlb_646241,2026-03-27,SDP,DET,Enmanuel De Jesus,1,0,3,0
mlb_823324,mlb_640448,2026-03-27,SDP,DET,Kyle Finnegan,1,0,3,0
mlb_823324,mlb_445276,2026-03-27,SDP,DET,Kenley Jansen,1,0,3,0
mlb_823893,mlb_645261,2026-03-27,MIA,COL,Sandy Alcantara,0,1,21,1
mlb_823893,mlb_677053,2026-03-27,MIA,COL,Andrew Nardi,0,0,2,0
mlb_823893,mlb_669622,2026-03-27,MIA,COL,Anthony Bender,0,0,1,0
mlb_823893,mlb_664126,2026-03-27,MIA,COL,Pete Fairbanks,0,0,3,0
mlb_823893,mlb_607536,2026-03-27,MIA,COL,Kyle Freeland,1,1,13,2
mlb_823893,mlb_623474,2026-03-27,MIA,COL,Jimmy Herget,1,0,4,0
mlb_823893,mlb_657514,2026-03-27,MIA,COL,Brennan Bernardino,1,0,1,0
mlb_823893,mlb_675848,2026-03-27,MIA,COL,Juan Mejia,1,0,6,0
mlb_823971,mlb_686218,2026-03-27,LAD,ARI,Emmet Sheehan,0,1,10,4
mlb_823971,mlb_676263,2026-03-27,LAD,ARI,Jack Dreyer,0,0,5,0
mlb_823971,mlb_676508,2026-03-27,LAD,ARI,Ben Casparius,0,0,2,0
mlb_823971,mlb_656945,2026-03-27,LAD,ARI,Tanner Scott,0,0,1,0
mlb_823971,mlb_681911,2026-03-27,LAD,ARI,Alex Vesia,0,0,3,0
mlb_823971,mlb_683618,2026-03-27,LAD,ARI,Edgardo Henriquez,0,0,3,0
mlb_823971,mlb_621242,2026-03-27,LAD,ARI,Edwin Díaz,0,0,3,0
mlb_823971,mlb_669194,2026-03-27,LAD,ARI,Ryne Nelson,1,1,14,4
mlb_823971,mlb_642528,2026-03-27,LAD,ARI,Jonathan Loáisiga,1,0,4,0
mlb_823971,mlb_657044,2026-03-27,LAD,ARI,Ryan Thompson,1,0,3,0
mlb_823971,mlb_656464,2026-03-27,LAD,ARI,Kevin Ginkel,1,0,3,1
mlb_824216,mlb_681347,2026-03-27,HOU,LAA,Mike Burrows,0,1,17,5
mlb_824216,mlb_682610,2026-03-27,HOU,LAA,Roddery Muñoz,0,0,2,0
mlb_824216,mlb_595345,2026-03-27,HOU,LAA,Steven Okert,0,0,5,0
mlb_824216,mlb_680802,2026-03-27,HOU,LAA,Ryan Weiss,0,0,3,1
mlb_824216,mlb_579328,2026-03-27,HOU,LAA,Yusei Kikuchi,1,1,13,2
mlb_824216,mlb_681217,2026-03-27,HOU,LAA,Chase Silseth,1,0,2,0
mlb_824216,mlb_666171,2026-03-27,HOU,LAA,Ryan Zeferjahn,1,0,6,0
mlb_824216,mlb_696147,2026-03-27,HOU,LAA,Sam Bachman,1,0,3,0
mlb_824216,mlb_605447,2026-03-27,HOU,LAA,Jordan Romano,1,0,3,0
mlb_824946,mlb_519242,2026-03-27,ATL,KCR,Chris Sale,0,1,18,0
mlb_824946,mlb_669276,2026-03-27,ATL,KCR,Dylan Lee,0,0,3,0
mlb_824946,mlb_663158,2026-03-27,ATL,KCR,Robert Suarez,0,0,3,0
mlb_824946,mlb_641755,2026-03-27,ATL,KCR,Tyler Kinley,0,0,3,0
mlb_824946,mlb_666142,2026-03-27,ATL,KCR,Cole Ragans,1,1,12,4
mlb_824946,mlb_663559,2026-03-27,ATL,KCR,Bailey Falter,1,0,9,2
mlb_824946,mlb_656638,2026-03-27,ATL,KCR,Alex Lange,1,0,3,0
mlb_822838,mlb_656302,2026-03-28,TOR,ATH,Dylan Cease,0,1,16,1
mlb_822838,mlb_680755,2026-03-28,TOR,ATH,Braydon Fisher,0,0,2,0
mlb_822838,mlb_689254,2026-03-28,TOR,ATH,Mason Fluharty,0,0,0,2
mlb_822838,mlb_663893,2026-03-28,TOR,ATH,Brendon Little,0,0,2,3
mlb_822838,mlb_667297,2026-03-28,TOR,ATH,Tommy Nance,0,0,4,0
mlb_822838,mlb_643511,2026-03-28,TOR,ATH,Tyler Rogers,0,0,3,0
mlb_822838,mlb_686973,2026-03-28,TOR,ATH,Louis Varland,0,0,3,1
mlb_822838,mlb_693686,2026-03-28,TOR,ATH,Spencer Miles,0,0,3,0
mlb_822838,mlb_605488,2026-03-28,TOR,ATH,Jeffrey Springs,1,1,16,2
mlb_822838,mlb_643410,2026-03-28,TOR,ATH,Mark Leiter Jr.,1,0,2,1
mlb_822838,mlb_665660,2026-03-28,TOR,ATH,Elvis Alvarado,1,0,3,2
mlb_822838,mlb_663687,2026-03-28,TOR,ATH,Hogan Harris,1,0,2,0
mlb_822838,mlb_547184,2026-03-28,TOR,ATH,Michael Kelly,1,0,4,1
mlb_822838,mlb_605130,2026-03-28,TOR,ATH,Scott Barlow,1,0,3,1
mlb_822838,mlb_665622,2026-03-28,TOR,ATH,Luis Medina,1,0,1,1
mlb_823082,mlb_700241,2026-03-28,STL,TBR,Michael McGreevy,0,1,18,0
mlb_823082,mlb_676617,2026-03-28,STL,TBR,Riley O'Brien,0,0,3,0
mlb_823082,mlb_668941,2026-03-28,STL,TBR,JoJo Romero,0,0,3,0
mlb_823082,mlb_694335,2026-03-28,STL,TBR,Matt Svanson,0,0,2,3
mlb_823082,mlb_592773,2026-03-28,STL,TBR,Ryne Stanek,0,0,4,2
mlb_823082,mlb_671212,2026-03-28,STL,TBR,Joe Boyle,1,1,18,2
mlb_823082,mlb_642121,2026-03-28,STL,TBR,Cole Sulser,1,0,6,2
mlb_823082,mlb_641329,2026-03-28,STL,TBR,Bryan Baker,1,0,3,0
mlb_823082,mlb_643377,2026-03-28,STL,TBR,Griffin Jax,1,0,1,2
mlb_823161,mlb_693433,2026-03-28,SEA,CLE,Bryan Woo,0,1,18,2
mlb_823161,mlb_660825,2026-03-28,SEA,CLE,Eduard Bazardo,0,0,2,1
mlb_823161,mlb_642100,2026-03-28,SEA,CLE,Gabe Speier,0,0,1,0
mlb_823161,mlb_668984,2026-03-28,SEA,CLE,Casey Legumina,0,0,3,0
mlb_823161,mlb_677961,2026-03-28,SEA,CLE,Cole Wilcox,0,0,3,0
mlb_823161,mlb_662253,2026-03-28,SEA,CLE,Andrés Muñoz,0,0,3,3
mlb_823161,mlb_676282,2026-03-28,SEA,CLE,Joey Cantillo,1,1,11,2
mlb_823161,mlb_670036,2026-03-28,SEA,CLE,Matt Festa,1,0,5,0
mlb_823161,mlb_682120,2026-03-28,SEA,CLE,Tim Herrin,1,0,2,0
mlb_823161,mlb_681870,2026-03-28,SEA,CLE,Erik Sabrowski,1,0,2,0
mlb_823161,mlb_542888,2026-03-28,SEA,CLE,Shawn Armstrong,1,0,4,0
mlb_823161,mlb_671922,2026-03-28,SEA,CLE,Cade Smith,1,0,3,1
mlb_823161,mlb_641401,2026-03-28,SEA,CLE,Connor Brogdon,1,0,3,2
mlb_823241,mlb_641816,2026-03-28,SFG,NYY,Tyler Mahle,0,1,12,2
mlb_823241,mlb_621366,2026-03-28,SFG,NYY,Ryan Borucki,0,0,3,1
mlb_823241,mlb_657424,2026-03-28,SFG,NYY,Matt Gage,0,0,3,0
mlb_823241,mlb_676775,2026-03-28,SFG,NYY,Keaton Winn,0,0,3,0
mlb_823241,mlb_669062,2026-03-28,SFG,NYY,Erik Miller,0,0,2,0
mlb_823241,mlb_664141,2026-03-28,SFG,NYY,JT Brubaker,0,0,1,0
mlb_823241,mlb_676254,2026-03-28,SFG,NYY,Ryan Walker,0,0,3,0
mlb_823241,mlb_701542,2026-03-28,SFG,NYY,Will Warren,1,1,13,1
mlb_823241,mlb_687396,2026-03-28,SFG,NYY,Brent Headrick,1,0,2,0
mlb_823241,mlb_656234,2026-03-28,SFG,NYY,Jake Bird,1,0,5,0
mlb_823241,mlb_657612,2026-03-28,SFG,NYY,Tim Hill,1,0,4,0
mlb_823241,mlb_670280,2026-03-28,SFG,NYY,David Bednar,1,0,3,0
mlb_823323,mlb_681190,2026-03-28,SDP,DET,Randy Vásquez,0,1,18,0
mlb_823323,mlb_606996,2026-03-28,SDP,DET,Kyle Hart,0,0,6,0
mlb_823323,mlb_695243,2026-03-28,SDP,DET,Mason Miller,0,0,3,0
mlb_823323,mlb_656427,2026-03-28,SDP,DET,Jack Flaherty,1,1,13,3
mlb_823323,mlb_676428,2026-03-28,SDP,DET,Brant Hurter,1,0,3,0
mlb_823323,mlb_657756,2026-03-28,SDP,DET,Connor Seabold,1,0,7,0
mlb_823323,mlb_676684,2026-03-28,SDP,DET,Will Vest,1,0,1,0
mlb_823488,mlb_605400,2026-03-28,PHI,TEX,Aaron Nola,0,1,15,3
mlb_823488,mlb_621383,2026-03-28,PHI,TEX,Tanner Banks,0,0,3,0
mlb_823488,mlb_621237,2026-03-28,PHI,TEX,José Alvarado,0,0,3,0
mlb_823488,mlb_641835,2026-03-28,PHI,TEX,Tim Mayza,0,0,6,0
mlb_823488,mlb_661395,2026-03-28,PHI,TEX,Jhoan Duran,0,0,3,2
mlb_823488,mlb_656641,2026-03-28,PHI,TEX,Jacob Latz,1,1,12,0
mlb_823488,mlb_668390,2026-03-28,PHI,TEX,Cole Winn,1,0,3,0
mlb_823488,mlb_656222,2026-03-28,PHI,TEX,Jalen Beeks,1,0,3,0
mlb_823488,mlb_596001,2026-03-28,PHI,TEX,Jakob Junis,1,0,6,0
mlb_823488,mlb_676395,2026-03-28,PHI,TEX,Robert Garcia,1,0,2,2
mlb_823488,mlb_455119,2026-03-28,PHI,TEX,Chris Martin,1,0,1,1
mlb_823488,mlb_641302,2026-03-28,PHI,TEX,Tyler Alexander,1,0,3,1
mlb_823651,mlb_656849,2026-03-28,NYM,PIT,David Peterson,0,1,16,0
mlb_823651,mlb_623211,2026-03-28,NYM,PIT,Huascar Brazobán,0,0,2,0
mlb_823651,mlb_596133,2026-03-28,NYM,PIT,Luke Weaver,0,0,3,0
mlb_823651,mlb_548384,2026-03-28,NYM,PIT,Brooks Raley,0,0,3,0
mlb_823651,mlb_642207,2026-03-28,NYM,PIT,Devin Williams,0,0,3,0
mlb_823651,mlb_472610,2026-03-28,NYM,PIT,Luis García,0,0,3,1
mlb_823651,mlb_663992,2026-03-28,NYM,PIT,Richard Lovelady,0,0,3,1
mlb_823651,mlb_656605,2026-03-28,NYM,PIT,Mitch Keller,1,1,18,0
mlb_823651,mlb_664875,2026-03-28,NYM,PIT,Justin Lawrence,1,0,2,0
mlb_823651,mlb_642397,2026-03-28,NYM,PIT,Gregory Soto,1,0,4,0
mlb_823651,mlb_642701,2026-03-28,NYM,PIT,Dennis Santana,1,0,3,0
mlb_823651,mlb_682995,2026-03-28,NYM,PIT,Hunter Barco,1,0,3,4
mlb_823811,mlb_694477,2026-03-28,MIL,CHW,Chad Patrick,0,1,13,1
mlb_823811,mlb_676879,2026-03-28,MIL,CHW,Aaron Ashby,0,0,5,0
mlb_823811,mlb_672582,2026-03-28,MIL,CHW,Angel Zerpa,0,0,3,0
mlb_823811,mlb_682842,2026-03-28,MIL,CHW,Abner Uribe,0,0,3,0
mlb_823811,mlb_669084,2026-03-28,MIL,CHW,DL Hall,0,0,3,0
mlb_823811,mlb_680732,2026-03-28,MIL,CHW,Sean Burke,1,1,12,4
mlb_823811,mlb_669684,2026-03-28,MIL,CHW,Chris Murphy,1,0,3,0
mlb_823811,mlb_691799,2026-03-28,MIL,CHW,Grant Taylor,1,0,3,1
mlb_823811,mlb_663542,2026-03-28,MIL,CHW,Bryan Hudson,1,0,2,1
mlb_823811,mlb_699151,2026-03-28,MIL,CHW,Jedixson Paez,1,0,1,0
mlb_823811,mlb_622554,2026-03-28,MIL,CHW,Seranthony Domínguez,1,0,3,0
mlb_823892,mlb_691587,2026-03-28,MIA,COL,Eury Pérez,0,1,21,3
mlb_823892,mlb_676534,2026-03-28,MIA,COL,Calvin Faucher,0,0,3,0
mlb_823892,mlb_664126,2026-03-28,MIA,COL,Pete Fairbanks,0,0,3,0
mlb_823892,mlb_547179,2026-03-28,MIA,COL,Michael Lorenzen,1,1,13,3
mlb_823892,mlb_657514,2026-03-28,MIA,COL,Brennan Bernardino,1,0,2,0
mlb_823892,mlb_688642,2026-03-28,MIA,COL,Zach Agnos,1,0,4,0
mlb_823892,mlb_677955,2026-03-28,MIA,COL,Jaden Hill,1,0,5,1
mlb_823973,mlb_607192,2026-03-28,LAD,ARI,Tyler Glasnow,0,1,18,2
mlb_823973,mlb_681911,2026-03-28,LAD,ARI,Alex Vesia,0,0,3,0
mlb_823973,mlb_694361,2026-03-28,LAD,ARI,Will Klein,0,0,3,0
mlb_823973,mlb_621242,2026-03-28,LAD,ARI,Edwin Díaz,0,0,3,0
mlb_823973,mlb_593958,2026-03-28,LAD,ARI,Eduardo Rodriguez,1,1,15,1
mlb_823973,mlb_642528,2026-03-28,LAD,ARI,Jonathan Loáisiga,1,0,3,0
mlb_823973,mlb_605452,2026-03-28,LAD,ARI,Joe Ross,1,0,3,0
mlb_823973,mlb_666661,2026-03-28,LAD,ARI,Juan Morillo,1,0,2,2
mlb_823973,mlb_623149,2026-03-28,LAD,ARI,Paul Sewald,1,0,1,0
mlb_824213,mlb_664299,2026-03-28,HOU,LAA,Cristian Javier,0,1,14,6
mlb_824213,mlb_678906,2026-03-28,HOU,LAA,Kai-Wei Teng,0,0,7,0
mlb_824213,mlb_687911,2026-03-28,HOU,LAA,Bryan King,0,0,3,0
mlb_824213,mlb_650556,2026-03-28,HOU,LAA,Bryan Abreu,0,0,3,3
mlb_824213,mlb_672282,2026-03-28,HOU,LAA,Reid Detmers,1,1,14,3
mlb_824213,mlb_700712,2026-03-28,HOU,LAA,Walbert Ureña,1,0,3,6
mlb_824213,mlb_664192,2026-03-28,HOU,LAA,Joey Lucchesi,1,0,1,2
mlb_824213,mlb_608718,2026-03-28,HOU,LAA,Brent Suter,1,0,6,0
mlb_824540,mlb_663903,2026-03-28,CIN,BOS,Brady Singer,0,1,12,3
mlb_824540,mlb_594580,2026-03-28,CIN,BOS,Sam Moll,0,0,3,0
mlb_824540,mlb_572955,2026-03-28,CIN,BOS,Pierce Johnson,0,0,2,0
mlb_824540,mlb_668933,2026-03-28,CIN,BOS,Graham Ashcraft,0,0,3,1
mlb_824540,mlb_663574,2026-03-28,CIN,BOS,Tony Santillan,0,0,3,0
mlb_824540,mlb_641941,2026-03-28,CIN,BOS,Emilio Pagán,0,0,4,1
mlb_824540,mlb_683175,2026-03-28,CIN,BOS,Connor Phillips,0,0,6,0
mlb_824540,mlb_543243,2026-03-28,CIN,BOS,Sonny Gray,1,1,12,4
mlb_824540,mlb_669711,2026-03-28,CIN,BOS,Greg Weissert,1,0,3,1
mlb_824540,mlb_543056,2026-03-28,CIN,BOS,Danny Coulombe,1,0,2,0
mlb_824540,mlb_670245,2026-03-28,CIN,BOS,Ryan Watson,1,0,7,0
mlb_824540,mlb_547973,2026-03-28,CIN,BOS,Aroldis Chapman,1,0,3,0
mlb_824540,mlb_676477,2026-03-28,CIN,BOS,Garrett Whitlock,1,0,3,0
mlb_824540,mlb_686580,2026-03-28,CIN,BOS,Justin Slaten,1,0,1,1
mlb_824701,mlb_690990,2026-03-28,CHC,WSN,Cade Horton,0,1,19,2
mlb_824701,mlb_664208,2026-03-28,CHC,WSN,Phil Maton,0,0,2,0
mlb_824701,mlb_573204,2026-03-28,CHC,WSN,Caleb Thielbar,0,0,3,0
mlb_824701,mlb_657097,2026-03-28,CHC,WSN,Jacob Webb,0,0,3,0
mlb_824701,mlb_571945,2026-03-28,CHC,WSN,Miles Mikolas,1,1,15,6
mlb_824701,mlb_701552,2026-03-28,CHC,WSN,Andre Granillo,1,0,2,2
mlb_824701,mlb_686610,2026-03-28,CHC,WSN,Ken Waldichuk,1,0,4,2
mlb_824701,mlb_669371,2026-03-28,CHC,WSN,Cole Henry,1,0,3,0
mlb_824862,mlb_680694,2026-03-28,BAL,MIN,Kyle Bradish,0,1,14,3
mlb_824862,mlb_666974,2026-03-28,BAL,MIN,Yennier Cano,0,0,1,0
mlb_824862,mlb_608650,2026-03-28,BAL,MIN,Dietrich Enns,0,0,5,1
mlb_824862,mlb_682274,2026-03-28,BAL,MIN,Yaramil Hiraldo,0,0,1,0
mlb_824862,mlb_689296,2026-03-28,BAL,MIN,Anthony Nunez,0,0,6,0
mlb_824862,mlb_671737,2026-03-28,BAL,MIN,Taj Bradley,1,1,13,1
mlb_824862,mlb_607455,2026-03-28,BAL,MIN,Anthony Banda,1,0,2,0
mlb_824862,mlb_681892,2026-03-28,BAL,MIN,Kody Funderburk,1,0,2,0
mlb_824862,mlb_679358,2026-03-28,BAL,MIN,Eric Orze,1,0,4,0
mlb_824862,mlb_623437,2026-03-28,BAL,MIN,Justin Topa,1,0,3,0
mlb_824862,mlb_663485,2026-03-28,BAL,MIN,Cole Sands,1,0,3,0
mlb_824945,mlb_625643,2026-03-28,ATL,KCR,Reynaldo López,0,1,18,1
mlb_824945,mlb_669276,2026-03-28,ATL,KCR,Dylan Lee,0,0,3,0
mlb_824945,mlb_606303,2026-03-28,ATL,KCR,Joel Payamps,0,0,1,1
mlb_824945,mlb_607481,2026-03-28,ATL,KCR,Aaron Bummer,0,0,2,0
mlb_824945,mlb_674370,2026-03-28,ATL,KCR,Osvaldo Bido,0,0,3,0
mlb_824945,mlb_608379,2026-03-28,ATL,KCR,Michael Wacha,1,1,18,0
mlb_824945,mlb_621381,2026-03-28,ATL,KCR,Matt Strahm,1,0,3,0
mlb_824945,mlb_668674,2026-03-28,ATL,KCR,Lucas Erceg,1,0,3,0
mlb_824945,mlb_608032,2026-03-28,ATL,KCR,Carlos Estévez,1,0,1,6
mlb_822837,mlb_641778,2026-03-29,TOR,ATH,Eric Lauer,0,1,16,2
mlb_822837,mlb_680755,2026-03-29,TOR,ATH,Braydon Fisher,0,0,5,0
mlb_822837,mlb_667297,2026-03-29,TOR,ATH,Tommy Nance,0,0,2,0
mlb_822837,mlb_689254,2026-03-29,TOR,ATH,Mason Fluharty,0,0,1,0
mlb_822837,mlb_656546,2026-03-29,TOR,ATH,Jeff Hoffman,0,0,3,0
mlb_822837,mlb_806960,2026-03-29,TOR,ATH,Luis Morales,1,1,13,5
mlb_822837,mlb_669372,2026-03-29,TOR,ATH,J.T. Ginn,1,0,11,0
mlb_823079,mlb_669160,2026-03-29,STL,TBR,Dustin May,0,1,12,6
mlb_823079,mlb_677865,2026-03-29,STL,TBR,Justin Bruihl,0,0,6,0
mlb_823079,mlb_666277,2026-03-29,STL,TBR,George Soriano,0,0,3,0
mlb_823079,mlb_690155,2026-03-29,STL,TBR,Matt Pushard,0,0,3,3
mlb_823079,mlb_688297,2026-03-29,STL,TBR,Chris Roycroft,0,0,3,2
mlb_823079,mlb_571927,2026-03-29,STL,TBR,Steven Matz,1,1,15,4
mlb_823079,mlb_687330,2026-03-29,STL,TBR,Kevin Kelly,1,0,3,0
mlb_823079,mlb_664076,2026-03-29,STL,TBR,Garrett Cleavinger,1,0,3,0
mlb_823079,mlb_669438,2026-03-29,STL,TBR,Mason Englert,1,0,3,3
mlb_823079,mlb_641329,2026-03-29,STL,TBR,Bryan Baker,1,0,3,0
mlb_823160,mlb_676106,2026-03-29,SEA,CLE,Emerson Hancock,0,1,18,0
mlb_823160,mlb_681867,2026-03-29,SEA,CLE,Cooper Criswell,0,0,9,0
mlb_823160,mlb_677944,2026-03-29,SEA,CLE,Slade Cecconi,1,1,13,6
mlb_823160,mlb_688883,2026-03-29,SEA,CLE,Peyton Pallette,1,0,5,1
mlb_823160,mlb_670059,2026-03-29,SEA,CLE,Colin Holderman,1,0,6,1
mlb_823487,mlb_666200,2026-03-29,PHI,TEX,Jesús Luzardo,0,1,18,6
mlb_823487,mlb_647315,2026-03-29,PHI,TEX,Zach Pop,0,0,3,2
mlb_823487,mlb_641745,2026-03-29,PHI,TEX,Brad Keller,0,0,3,0
mlb_823487,mlb_679775,2026-03-29,PHI,TEX,Kyle Backhus,0,0,3,0
mlb_823487,mlb_669022,2026-03-29,PHI,TEX,MacKenzie Gore,1,1,16,2
mlb_823487,mlb_668390,2026-03-29,PHI,TEX,Cole Winn,1,0,2,0
mlb_823487,mlb_691945,2026-03-29,PHI,TEX,Carter Baumler,1,0,5,1
mlb_823487,mlb_455119,2026-03-29,PHI,TEX,Chris Martin,1,0,1,0
mlb_823487,mlb_676395,2026-03-29,PHI,TEX,Robert Garcia,1,0,3,0
mlb_823647,mlb_690997,2026-03-29,NYM,PIT,Nolan McLean,0,1,15,2
mlb_823647,mlb_623211,2026-03-29,NYM,PIT,Huascar Brazobán,0,0,5,0
mlb_823647,mlb_640455,2026-03-29,NYM,PIT,Sean Manaea,0,0,4,0
mlb_823647,mlb_596133,2026-03-29,NYM,PIT,Luke Weaver,0,0,3,0
mlb_823647,mlb_663992,2026-03-29,NYM,PIT,Richard Lovelady,0,0,3,2
mlb_823647,mlb_669387,2026-03-29,NYM,PIT,Carmen Mlodzinski,1,1,13,2
mlb_823647,mlb_670990,2026-03-29,NYM,PIT,Yohan Ramírez,1,0,5,0
mlb_823647,mlb_682254,2026-03-29,NYM,PIT,Mason Montgomery,1,0,3,0
mlb_823647,mlb_676755,2026-03-29,NYM,PIT,Isaac Mattson,1,0,3,0
mlb_823647,mlb_642701,2026-03-29,NYM,PIT,Dennis Santana,1,0,3,0
mlb_823647,mlb_664353,2026-03-29,NYM,PIT,José Urquidy,1,0,3,1
mlb_823810,mlb_687075,2026-03-29,MIL,CHW,Brandon Sproat,0,1,9,7
mlb_823810,mlb_681982,2026-03-29,MIL,CHW,Grant Anderson,0,0,6,0
mlb_823810,mlb_657649,2026-03-29,MIL,CHW,Jared Koenig,0,0,3,0
mlb_823810,mlb_663765,2026-03-29,MIL,CHW,Jake Woodford,0,0,6,0
mlb_823810,mlb_656730,2026-03-29,MIL,CHW,Trevor Megill,0,0,3,0
mlb_823810,mlb_641743,2026-03-29,MIL,CHW,Anthony Kay,1,1,14,2
mlb_823810,mlb_673929,2026-03-29,MIL,CHW,Jordan Leasure,1,0,4,1
mlb_823810,mlb_691799,2026-03-29,MIL,CHW,Grant Taylor,1,0,3,0
mlb_823810,mlb_669684,2026-03-29,MIL,CHW,Chris Murphy,1,0,1,4
mlb_823810,mlb_622554,2026-03-29,MIL,CHW,Seranthony Domínguez,1,0,1,2
mlb_823810,mlb_663855,2026-03-29,MIL,CHW,Jordan Hicks,1,0,1,0
mlb_823891,mlb_676974,2026-03-29,MIA,COL,Max Meyer,0,1,15,3
mlb_823891,mlb_663969,2026-03-29,MIA,COL,Tyler Phillips,0,0,6,0
mlb_823891,mlb_667463,2026-03-29,MIA,COL,John King,0,0,3,0
mlb_823891,mlb_656848,2026-03-29,MIA,COL,Michael Petersen,0,0,3,0
mlb_823891,mlb_500779,2026-03-29,MIA,COL,Jose Quintana,1,1,13,2
mlb_823891,mlb_623474,2026-03-29,MIA,COL,Jimmy Herget,1,0,2,0
mlb_823891,mlb_622608,2026-03-29,MIA,COL,Antonio Senzatela,1,0,8,0
mlb_823891,mlb_680767,2026-03-29,MIA,COL,Victor Vodnik,1,0,3,2
mlb_824215,mlb_837227,2026-03-29,HOU,LAA,Tatsuya Imai,0,1,8,4
mlb_824215,mlb_682610,2026-03-29,HOU,LAA,Roddery Muñoz,0,0,6,2
mlb_824215,mlb_685005,2026-03-29,HOU,LAA,Christian Roa,0,0,1,0
mlb_824215,mlb_595345,2026-03-29,HOU,LAA,Steven Okert,0,0,3,0
mlb_824215,mlb_805123,2026-03-29,HOU,LAA,AJ Blubaugh,0,0,6,0
mlb_824215,mlb_650556,2026-03-29,HOU,LAA,Bryan Abreu,0,0,1,1
mlb_824215,mlb_687911,2026-03-29,HOU,LAA,Bryan King,0,0,2,0
mlb_824215,mlb_686799,2026-03-29,HOU,LAA,Jack Kochanowicz,1,1,12,6
mlb_824215,mlb_681217,2026-03-29,HOU,LAA,Chase Silseth,1,0,3,0
mlb_824215,mlb_696147,2026-03-29,HOU,LAA,Sam Bachman,1,0,6,0
mlb_824215,mlb_519141,2026-03-29,HOU,LAA,Drew Pomeranz,1,0,3,3
mlb_824538,mlb_695076,2026-03-29,CIN,BOS,Rhett Lowder,0,1,15,2
mlb_824538,mlb_656271,2026-03-29,CIN,BOS,Brock Burke,0,0,4,0
mlb_824538,mlb_572955,2026-03-29,CIN,BOS,Pierce Johnson,0,0,2,0
mlb_824538,mlb_663574,2026-03-29,CIN,BOS,Tony Santillan,0,0,3,0
mlb_824538,mlb_641941,2026-03-29,CIN,BOS,Emilio Pagán,0,0,3,0
mlb_824538,mlb_813349,2026-03-29,CIN,BOS,Connelly Early,1,1,16,1
mlb_824538,mlb_669711,2026-03-29,CIN,BOS,Greg Weissert,1,0,2,2
mlb_824538,mlb_663558,2026-03-29,CIN,BOS,Jovani Morán,1,0,6,0
mlb_824700,mlb_684007,2026-03-29,CHC,WSN,Shota Imanaga,0,1,15,4
mlb_824700,mlb_664208,2026-03-29,CHC,WSN,Phil Maton,0,0,3,0
mlb_824700,mlb_640451,2026-03-29,CHC,WSN,Hunter Harvey,0,0,3,0
mlb_824700,mlb_571948,2026-03-29,CHC,WSN,Hoby Milner,0,0,3,2
mlb_824700,mlb_694037,2026-03-29,CHC,WSN,Daniel Palencia,0,0,3,0
mlb_824700,mlb_663623,2026-03-29,CHC,WSN,Jake Irvin,1,1,15,2
mlb_824700,mlb_676571,2026-03-29,CHC,WSN,PJ Poulin,1,0,2,0
mlb_824700,mlb_681402,2026-03-29,CHC,WSN,Gus Varland,1,0,4,0
mlb_824700,mlb_672335,2026-03-29,CHC,WSN,Cionel Pérez,1,0,3,1
mlb_824700,mlb_690925,2026-03-29,CHC,WSN,Clayton Beeter,1,0,3,0
mlb_824864,mlb_669358,2026-03-29,BAL,MIN,Shane Baz,0,1,16,4
mlb_824864,mlb_664991,2026-03-29,BAL,MIN,Grant Wolfram,0,0,3,0
mlb_824864,mlb_682274,2026-03-29,BAL,MIN,Yaramil Hiraldo,0,0,1,1
mlb_824864,mlb_670329,2026-03-29,BAL,MIN,Rico Garcia,0,0,1,0
mlb_824864,mlb_669330,2026-03-29,BAL,MIN,Tyler Wells,0,0,2,1
mlb_824864,mlb_666974,2026-03-29,BAL,MIN,Yennier Cano,0,0,1,0
mlb_824864,mlb_664854,2026-03-29,BAL,MIN,Ryan Helsley,0,0,3,0
mlb_824864,mlb_641927,2026-03-29,BAL,MIN,Bailey Ober,1,1,12,3
mlb_824864,mlb_690953,2026-03-29,BAL,MIN,Mick Abel,1,0,10,5
mlb_824864,mlb_607455,2026-03-29,BAL,MIN,Anthony Banda,1,0,2,0
mlb_824944,mlb_656550,2026-03-29,ATL,KCR,Grant Holmes,0,1,15,3
mlb_824944,mlb_800311,2026-03-29,ATL,KCR,Didier Fuentes,0,0,12,1
mlb_824944,mlb_607625,2026-03-29,ATL,KCR,Seth Lugo,1,1,19,0
mlb_824944,mlb_621381,2026-03-29,ATL,KCR,Matt Strahm,1,0,2,0
mlb_824944,mlb_670167,2026-03-29,ATL,KCR,John Schreiber,1,0,3,1
mlb_824944,mlb_668674,2026-03-29,ATL,KCR,Lucas Erceg,1,0,3,0
mlb_822834,mlb_664074,2026-03-30,TOR,COL,Cody Ponce,0,1,7,1
mlb_822834,mlb_686973,2026-03-30,TOR,COL,Louis Varland,0,0,4,1
mlb_822834,mlb_693686,2026-03-30,TOR,COL,Spencer Miles,0,0,5,3
mlb_822834,mlb_663893,2026-03-30,TOR,COL,Brendon Little,0,0,2,4
mlb_822834,mlb_643511,2026-03-30,TOR,COL,Tyler Rogers,0,0,3,0
mlb_822834,mlb_623168,2026-03-30,TOR,COL,Tyler Heineman,0,0,6,5
mlb_822834,mlb_608372,2026-03-30,TOR,COL,Tomoyuki Sugano,1,1,14,1
mlb_822834,mlb_677955,2026-03-30,TOR,COL,Jaden Hill,1,0,1,0
mlb_822834,mlb_801403,2026-03-30,TOR,COL,Chase Dollander,1,0,12,4
mlb_823080,mlb_681517,2026-03-30,STL,NYM,Kyle Leahy,0,1,15,4
mlb_823080,mlb_694335,2026-03-30,STL,NYM,Matt Svanson,0,0,6,0
mlb_823080,mlb_666277,2026-03-30,STL,NYM,George Soriano,0,0,6,0
mlb_823080,mlb_605280,2026-03-30,STL,NYM,Clay Holmes,1,1,17,2
mlb_823080,mlb_668964,2026-03-30,STL,NYM,Tobias Myers,1,0,4,0
mlb_823080,mlb_548384,2026-03-30,STL,NYM,Brooks Raley,1,0,3,0
mlb_823080,mlb_642207,2026-03-30,STL,NYM,Devin Williams,1,0,3,0
mlb_823159,mlb_622491,2026-03-30,SEA,NYY,Luis Castillo,0,1,18,0
mlb_823159,mlb_678606,2026-03-30,SEA,NYY,Jose A. Ferrer,0,0,1,1
mlb_823159,mlb_660825,2026-03-30,SEA,NYY,Eduard Bazardo,0,0,2,0
mlb_823159,mlb_642100,2026-03-30,SEA,NYY,Gabe Speier,0,0,3,0
mlb_823159,mlb_666374,2026-03-30,SEA,NYY,Matt Brash,0,0,3,0
mlb_823159,mlb_677960,2026-03-30,SEA,NYY,Ryan Weathers,1,1,13,1
mlb_823159,mlb_518585,2026-03-30,SEA,NYY,Fernando Cruz,1,0,2,0
mlb_823159,mlb_656234,2026-03-30,SEA,NYY,Jake Bird,1,0,3,0
mlb_823159,mlb_687396,2026-03-30,SEA,NYY,Brent Headrick,1,0,2,0
mlb_823159,mlb_666808,2026-03-30,SEA,NYY,Camilo Doval,1,0,1,0
mlb_823159,mlb_621112,2026-03-30,SEA,NYY,Paul Blackburn,1,0,4,1
mlb_823320,mlb_621111,2026-03-30,SDP,SFG,Walker Buehler,0,1,12,3
mlb_823320,mlb_593974,2026-03-30,SDP,SFG,Wandy Peralta,0,0,3,0
mlb_823320,mlb_688158,2026-03-30,SDP,SFG,David Morgan,0,0,6,0
mlb_823320,mlb_676760,2026-03-30,SDP,SFG,Ron Marinaccio,0,0,6,0
mlb_823320,mlb_694738,2026-03-30,SDP,SFG,Landen Roupp,1,1,18,0
mlb_823320,mlb_657424,2026-03-30,SDP,SFG,Matt Gage,1,0,3,0
mlb_823320,mlb_676775,2026-03-30,SDP,SFG,Keaton Winn,1,0,3,0
mlb_823320,mlb_676254,2026-03-30,SDP,SFG,Ryan Walker,1,0,3,2
mlb_823484,mlb_592836,2026-03-30,PHI,WSN,Taijuan Walker,0,1,14,7
mlb_823484,mlb_680742,2026-03-30,PHI,WSN,Jonathan Bowlan,0,0,4,2
mlb_823484,mlb_641835,2026-03-30,PHI,WSN,Tim Mayza,0,0,6,0
mlb_823484,mlb_621237,2026-03-30,PHI,WSN,José Alvarado,0,0,1,4
mlb_823484,mlb_664238,2026-03-30,PHI,WSN,Dylan Moore,0,0,2,0
mlb_823484,mlb_656492,2026-03-30,PHI,WSN,Foster Griffin,1,1,15,2
mlb_823484,mlb_695418,2026-03-30,PHI,WSN,Brad Lord,1,0,9,0
mlb_823484,mlb_669371,2026-03-30,PHI,WSN,Cole Henry,1,0,3,0
mlb_823809,mlb_690986,2026-03-30,MIL,TBR,Kyle Harrison,0,1,15,1
mlb_823809,mlb_676879,2026-03-30,MIL,TBR,Aaron Ashby,0,0,6,1
mlb_823809,mlb_672582,2026-03-30,MIL,TBR,Angel Zerpa,0,0,3,0
mlb_823809,mlb_656730,2026-03-30,MIL,TBR,Trevor Megill,0,0,3,1
mlb_823809,mlb_607259,2026-03-30,MIL,TBR,Nick Martinez,1,1,18,2
mlb_823809,mlb_643377,2026-03-30,MIL,TBR,Griffin Jax,1,0,3,0
mlb_823809,mlb_664076,2026-03-30,MIL,TBR,Garrett Cleavinger,1,0,3,0
mlb_823809,mlb_693855,2026-03-30,MIL,TBR,Ian Seymour,1,0,2,0
mlb_823809,mlb_687330,2026-03-30,MIL,TBR,Kevin Kelly,1,0,1,0
mlb_823890,mlb_663978,2026-03-30,MIA,CHW,Chris Paddack,0,1,12,8
mlb_823890,mlb_669199,2026-03-30,MIA,CHW,Lake Bachar,0,0,9,1
mlb_823890,mlb_667463,2026-03-30,MIA,CHW,John King,0,0,3,0
mlb_823890,mlb_656848,2026-03-30,MIA,CHW,Michael Petersen,0,0,3,0
mlb_823890,mlb_663436,2026-03-30,MIA,CHW,Davis Martin,1,1,15,3
mlb_823890,mlb_656794,2026-03-30,MIA,CHW,Sean Newcomb,1,0,8,1
mlb_823890,mlb_663855,2026-03-30,MIA,CHW,Jordan Hicks,1,0,4,0
mlb_823972,mlb_808963,2026-03-30,LAD,CLE,Roki Sasaki,0,1,12,1
mlb_823972,mlb_656945,2026-03-30,LAD,CLE,Tanner Scott,0,0,3,0
mlb_823972,mlb_680736,2026-03-30,LAD,CLE,Justin Wrobleski,0,0,12,3
mlb_823972,mlb_800048,2026-03-30,LAD,CLE,Parker Messick,1,1,18,0
mlb_823972,mlb_542888,2026-03-30,LAD,CLE,Shawn Armstrong,1,0,2,0
mlb_823972,mlb_681870,2026-03-30,LAD,CLE,Erik Sabrowski,1,0,4,0
mlb_823972,mlb_671922,2026-03-30,LAD,CLE,Cade Smith,1,0,3,2
mlb_824135,mlb_663460,2026-03-30,KCR,MIN,Kris Bubic,0,1,18,1
mlb_824135,mlb_663738,2026-03-30,KCR,MIN,Daniel Lynch IV,0,0,3,0
mlb_824135,mlb_683232,2026-03-30,KCR,MIN,Nick Mears,0,0,3,0
mlb_824135,mlb_670167,2026-03-30,KCR,MIN,John Schreiber,0,0,3,0
mlb_824135,mlb_680573,2026-03-30,KCR,MIN,Simeon Woods Richardson,1,1,15,2
mlb_824135,mlb_681892,2026-03-30,KCR,MIN,Kody Funderburk,1,0,4,1
mlb_824135,mlb_623437,2026-03-30,KCR,MIN,Justin Topa,1,0,2,0
mlb_824135,mlb_573124,2026-03-30,KCR,MIN,Taylor Rogers,1,0,3,0
mlb_824214,mlb_621121,2026-03-30,HOU,BOS,Lance McCullers Jr.,0,1,21,1
mlb_824214,mlb_680802,2026-03-30,HOU,BOS,Ryan Weiss,0,0,6,0
mlb_824214,mlb_624133,2026-03-30,HOU,BOS,Ranger Suarez,1,1,13,4
mlb_824214,mlb_670912,2026-03-30,HOU,BOS,Johan Oviedo,1,0,11,4
mlb_824539,mlb_695505,2026-03-30,CIN,PIT,Chase Burns,0,1,15,0
mlb_824539,mlb_683742,2026-03-30,CIN,PIT,Jose Franco,0,0,5,0
mlb_824539,mlb_668933,2026-03-30,CIN,PIT,Graham Ashcraft,0,0,4,0
mlb_824539,mlb_683175,2026-03-30,CIN,PIT,Connor Phillips,0,0,3,0
mlb_824539,mlb_677952,2026-03-30,CIN,PIT,Braxton Ashcraft,1,1,18,2
mlb_824539,mlb_676755,2026-03-30,CIN,PIT,Isaac Mattson,1,0,3,0
mlb_824539,mlb_664875,2026-03-30,CIN,PIT,Justin Lawrence,1,0,3,0
mlb_824702,mlb_665795,2026-03-30,CHC,LAA,Edward Cabrera,0,1,18,0
mlb_824702,mlb_607067,2026-03-30,CHC,LAA,Colin Rea,0,0,9,2
mlb_824702,mlb_696270,2026-03-30,CHC,LAA,Ryan Johnson,1,1,10,6
mlb_824702,mlb_664192,2026-03-30,CHC,LAA,Joey Lucchesi,1,0,5,0
mlb_824702,mlb_641312,2026-03-30,CHC,LAA,Shaun Anderson,1,0,9,1
mlb_824863,mlb_605135,2026-03-30,BAL,TEX,Chris Bassitt,0,1,13,4
mlb_824863,mlb_608650,2026-03-30,BAL,TEX,Dietrich Enns,0,0,5,0
mlb_824863,mlb_670329,2026-03-30,BAL,TEX,Rico Garcia,0,0,6,0
mlb_824863,mlb_669330,2026-03-30,BAL,TEX,Tyler Wells,0,0,3,1
mlb_824863,mlb_683004,2026-03-30,BAL,TEX,Jack Leiter,1,1,18,2
mlb_824863,mlb_596001,2026-03-30,BAL,TEX,Jakob Junis,1,0,3,0
mlb_824863,mlb_656222,2026-03-30,BAL,TEX,Jalen Beeks,1,0,3,0
mlb_824863,mlb_641302,2026-03-30,BAL,TEX,Tyler Alexander,1,0,3,0
mlb_824943,mlb_693821,2026-03-30,ATL,ATH,Bryce Elder,0,1,18,0
mlb_824943,mlb_607481,2026-03-30,ATL,ATH,Aaron Bummer,0,0,3,0
mlb_824943,mlb_663158,2026-03-30,ATL,ATH,Robert Suarez,0,0,3,0
mlb_824943,mlb_628452,2026-03-30,ATL,ATH,Raisel Iglesias,0,0,3,0
mlb_824943,mlb_682052,2026-03-30,ATL,ATH,Jacob Lopez,1,1,12,3
mlb_824943,mlb_686993,2026-03-30,ATL,ATH,Justin Sterner,1,0,3,0
mlb_824943,mlb_665660,2026-03-30,ATL,ATH,Elvis Alvarado,1,0,3,0
mlb_824943,mlb_643410,2026-03-30,ATL,ATH,Mark Leiter Jr.,1,0,3,0
mlb_824943,mlb_547184,2026-03-30,ATL,ATH,Michael Kelly,1,0,3,1
mlb_825108,mlb_647336,2026-03-30,ARI,DET,Michael Soroka,0,1,15,0
mlb_825108,mlb_656464,2026-03-30,ARI,DET,Kevin Ginkel,0,0,3,0
mlb_825108,mlb_605452,2026-03-30,ARI,DET,Joe Ross,0,0,2,6
mlb_825108,mlb_657044,2026-03-30,ARI,DET,Ryan Thompson,0,0,0,0
mlb_825108,mlb_666661,2026-03-30,ARI,DET,Juan Morillo,0,0,1,0
mlb_825108,mlb_664199,2026-03-30,ARI,DET,Taylor Clarke,0,0,3,0
mlb_825108,mlb_623149,2026-03-30,ARI,DET,Paul Sewald,0,0,3,0
mlb_825108,mlb_434378,2026-03-30,ARI,DET,Justin Verlander,1,1,11,5
mlb_825108,mlb_646241,2026-03-30,ARI,DET,Enmanuel De Jesus,1,0,3,3
mlb_825108,mlb_676428,2026-03-30,ARI,DET,Brant Hurter,1,0,6,1
mlb_825108,mlb_640448,2026-03-30,ARI,DET,Kyle Finnegan,1,0,1,0
mlb_825108,mlb_663947,2026-03-30,ARI,DET,Tyler Holton,1,0,3,0
mlb_822836,mlb_453286,2026-03-31,TOR,COL,Max Scherzer,0,1,18,1
mlb_822836,mlb_689254,2026-03-31,TOR,COL,Mason Fluharty,0,0,2,0
mlb_822836,mlb_680755,2026-03-31,TOR,COL,Braydon Fisher,0,0,4,0
mlb_822836,mlb_656546,2026-03-31,TOR,COL,Jeff Hoffman,0,0,3,0
mlb_822836,mlb_663372,2026-03-31,TOR,COL,Ryan Feltner,1,1,9,0
mlb_822836,mlb_675848,2026-03-31,TOR,COL,Juan Mejia,1,0,4,2
mlb_822836,mlb_677955,2026-03-31,TOR,COL,Jaden Hill,1,0,2,0
mlb_822836,mlb_657514,2026-03-31,TOR,COL,Brennan Bernardino,1,0,3,0
mlb_822836,mlb_688642,2026-03-31,TOR,COL,Zach Agnos,1,0,6,3
mlb_823077,mlb_669467,2026-03-31,STL,NYM,Andre Pallante,0,1,15,0
mlb_823077,mlb_700669,2026-03-31,STL,NYM,Gordon Graceffo,0,0,3,0
mlb_823077,mlb_592773,2026-03-31,STL,NYM,Ryne Stanek,0,0,3,0
mlb_823077,mlb_668941,2026-03-31,STL,NYM,JoJo Romero,0,0,3,0
mlb_823077,mlb_676617,2026-03-31,STL,NYM,Riley O'Brien,0,0,3,0
mlb_823077,mlb_673540,2026-03-31,STL,NYM,Kodai Senga,1,1,18,2
mlb_823077,mlb_663992,2026-03-31,STL,NYM,Richard Lovelady,1,0,6,1
mlb_823158,mlb_669302,2026-03-31,SEA,NYY,Logan Gilbert,0,1,16,5
mlb_823158,mlb_677961,2026-03-31,SEA,NYY,Cole Wilcox,0,0,6,0
mlb_823158,mlb_668984,2026-03-31,SEA,NYY,Casey Legumina,0,0,5,0
mlb_823158,mlb_608331,2026-03-31,SEA,NYY,Max Fried,1,1,21,0
mlb_823158,mlb_687396,2026-03-31,SEA,NYY,Brent Headrick,1,0,3,0
mlb_823158,mlb_657612,2026-03-31,SEA,NYY,Tim Hill,1,0,3,0
mlb_823322,mlb_608566,2026-03-31,SDP,SFG,Germán Márquez,0,1,9,4
mlb_823322,mlb_606996,2026-03-31,SDP,SFG,Kyle Hart,0,0,7,4
mlb_823322,mlb_699134,2026-03-31,SDP,SFG,Bradgley Rodriguez,0,0,5,0
mlb_823322,mlb_669093,2026-03-31,SDP,SFG,Jeremiah Estrada,0,0,3,0
mlb_823322,mlb_688158,2026-03-31,SDP,SFG,David Morgan,0,0,3,1
mlb_823322,mlb_657277,2026-03-31,SDP,SFG,Logan Webb,1,1,18,3
mlb_823322,mlb_664141,2026-03-31,SDP,SFG,JT Brubaker,1,0,6,0
mlb_823322,mlb_676130,2026-03-31,SDP,SFG,José Buttó,1,0,3,0
mlb_823485,mlb_691725,2026-03-31,PHI,WSN,Andrew Painter,0,1,16,1
mlb_823485,mlb_621383,2026-03-31,PHI,WSN,Tanner Banks,0,0,5,1
mlb_823485,mlb_641745,2026-03-31,PHI,WSN,Brad Keller,0,0,3,0
mlb_823485,mlb_661395,2026-03-31,PHI,WSN,Jhoan Duran,0,0,3,0
mlb_823485,mlb_676571,2026-03-31,PHI,WSN,PJ Poulin,1,1,3,0
mlb_823485,mlb_641793,2026-03-31,PHI,WSN,Zack Littell,1,0,15,3
mlb_823485,mlb_686610,2026-03-31,PHI,WSN,Ken Waldichuk,1,0,6,0
mlb_823807,mlb_605540,2026-03-31,MIL,TBR,Brandon Woodruff,0,1,15,2
mlb_823807,mlb_657649,2026-03-31,MIL,TBR,Jared Koenig,0,0,3,0
mlb_823807,mlb_681982,2026-03-31,MIL,TBR,Grant Anderson,0,0,3,0
mlb_823807,mlb_682842,2026-03-31,MIL,TBR,Abner Uribe,0,0,3,0
mlb_823807,mlb_672582,2026-03-31,MIL,TBR,Angel Zerpa,0,0,3,0
mlb_823807,mlb_663556,2026-03-31,MIL,TBR,Shane McClanahan,1,1,14,3
mlb_823807,mlb_642121,2026-03-31,MIL,TBR,Cole Sulser,1,0,4,2
mlb_823807,mlb_672782,2026-03-31,MIL,TBR,Yoendrys Gómez,1,0,6,1
mlb_823888,mlb_676083,2026-03-31,MIA,CHW,Janson Junk,0,1,13,2
mlb_823888,mlb_677053,2026-03-31,MIA,CHW,Andrew Nardi,0,0,3,0
mlb_823888,mlb_669622,2026-03-31,MIA,CHW,Anthony Bender,0,0,5,0
mlb_823888,mlb_676534,2026-03-31,MIA,CHW,Calvin Faucher,0,0,3,0
mlb_823888,mlb_664126,2026-03-31,MIA,CHW,Pete Fairbanks,0,0,3,0
mlb_823888,mlb_607200,2026-03-31,MIA,CHW,Erick Fedde,1,1,15,4
mlb_823888,mlb_663542,2026-03-31,MIA,CHW,Bryan Hudson,1,0,5,2
mlb_823888,mlb_699151,2026-03-31,MIA,CHW,Jedixson Paez,1,0,4,3
mlb_823969,mlb_660271,2026-03-31,LAD,CLE,Shohei Ohtani,0,1,18,0
mlb_823969,mlb_681911,2026-03-31,LAD,CLE,Alex Vesia,0,0,3,0
mlb_823969,mlb_676263,2026-03-31,LAD,CLE,Jack Dreyer,0,0,3,0
mlb_823969,mlb_621242,2026-03-31,LAD,CLE,Edwin Díaz,0,0,3,1
mlb_823969,mlb_676440,2026-03-31,LAD,CLE,Tanner Bibee,1,1,12,1
mlb_823969,mlb_663465,2026-03-31,LAD,CLE,Kolby Allard,1,0,8,1
mlb_823969,mlb_670036,2026-03-31,LAD,CLE,Matt Festa,1,0,4,2
mlb_824212,mlb_686613,2026-03-31,HOU,BOS,Hunter Brown,0,1,18,1
mlb_824212,mlb_675989,2026-03-31,HOU,BOS,Cody Bolton,0,0,9,1
mlb_824212,mlb_678394,2026-03-31,HOU,BOS,Brayan Bello,1,1,14,6
mlb_824212,mlb_670245,2026-03-31,HOU,BOS,Ryan Watson,1,0,4,2
mlb_824212,mlb_663558,2026-03-31,HOU,BOS,Jovani Morán,1,0,6,1
mlb_824537,mlb_682227,2026-03-31,CIN,PIT,Brandon Williamson,0,1,14,6
mlb_824537,mlb_656271,2026-03-31,CIN,PIT,Brock Burke,0,0,7,0
mlb_824537,mlb_594580,2026-03-31,CIN,PIT,Sam Moll,0,0,3,0
mlb_824537,mlb_572955,2026-03-31,CIN,PIT,Pierce Johnson,0,0,3,2
mlb_824537,mlb_696149,2026-03-31,CIN,PIT,Bubba Chandler,1,1,13,1
mlb_824537,mlb_670990,2026-03-31,CIN,PIT,Yohan Ramírez,1,0,2,0
mlb_824537,mlb_682995,2026-03-31,CIN,PIT,Hunter Barco,1,0,6,2
mlb_824537,mlb_642701,2026-03-31,CIN,PIT,Dennis Santana,1,0,3,0
mlb_824537,mlb_642397,2026-03-31,CIN,PIT,Gregory Soto,1,0,3,0
mlb_824699,mlb_592791,2026-03-31,CHC,LAA,Jameson Taillon,0,1,14,0
mlb_824699,mlb_571948,2026-03-31,CHC,LAA,Hoby Milner,0,0,1,0
mlb_824699,mlb_664208,2026-03-31,CHC,LAA,Phil Maton,0,0,2,2
mlb_824699,mlb_676962,2026-03-31,CHC,LAA,Ben Brown,0,0,10,0
mlb_824699,mlb_667755,2026-03-31,CHC,LAA,José Soriano,1,1,18,0
mlb_824699,mlb_681217,2026-03-31,CHC,LAA,Chase Silseth,1,0,3,0
mlb_824699,mlb_519141,2026-03-31,CHC,LAA,Drew Pomeranz,1,0,4,0
mlb_824699,mlb_605447,2026-03-31,CHC,LAA,Jordan Romano,1,0,2,0
mlb_824861,mlb_621107,2026-03-31,BAL,TEX,Zach Eflin,0,1,11,1
mlb_824861,mlb_664991,2026-03-31,BAL,TEX,Grant Wolfram,0,0,4,2
mlb_824861,mlb_666974,2026-03-31,BAL,TEX,Yennier Cano,0,0,3,1
mlb_824861,mlb_682274,2026-03-31,BAL,TEX,Yaramil Hiraldo,0,0,3,3
mlb_824861,mlb_689296,2026-03-31,BAL,TEX,Anthony Nunez,0,0,6,1
mlb_824861,mlb_594798,2026-03-31,BAL,TEX,Jacob deGrom,1,1,14,3
mlb_824861,mlb_668390,2026-03-31,BAL,TEX,Cole Winn,1,0,4,0
mlb_824861,mlb_596001,2026-03-31,BAL,TEX,Jakob Junis,1,0,3,0
mlb_824861,mlb_676395,2026-03-31,BAL,TEX,Robert Garcia,1,0,3,0
mlb_824861,mlb_455119,2026-03-31,BAL,TEX,Chris Martin,1,0,3,2
mlb_824942,mlb_660761,2026-03-31,ATL,ATH,José Suarez,0,1,11,4
mlb_824942,mlb_606303,2026-03-31,ATL,ATH,Joel Payamps,0,0,3,1
mlb_824942,mlb_527048,2026-03-31,ATL,ATH,Martín Pérez,0,0,13,0
mlb_824942,mlb_650644,2026-03-31,ATL,ATH,Aaron Civale,1,1,15,2
mlb_824942,mlb_663687,2026-03-31,ATL,ATH,Hogan Harris,1,0,3,0
mlb_824942,mlb_686993,2026-03-31,ATL,ATH,Justin Sterner,1,0,3,0
mlb_824942,mlb_605130,2026-03-31,ATL,ATH,Scott Barlow,1,0,3,0
mlb_824942,mlb_643410,2026-03-31,ATL,ATH,Mark Leiter Jr.,1,0,3,0
mlb_825107,mlb_694297,2026-03-31,ARI,DET,Brandon Pfaadt,0,1,18,5
mlb_825107,mlb_694851,2026-03-31,ARI,DET,Andrew Hoffmann,0,0,6,0
mlb_825107,mlb_623149,2026-03-31,ARI,DET,Paul Sewald,0,0,3,0
mlb_825107,mlb_663554,2026-03-31,ARI,DET,Casey Mize,1,1,18,1
mlb_825107,mlb_623454,2026-03-31,ARI,DET,Drew Anderson,1,0,3,2
mlb_825107,mlb_676684,2026-03-31,ARI,DET,Will Vest,1,0,2,3
mlb_825107,mlb_445276,2026-03-31,ARI,DET,Kenley Jansen,1,0,1,1
mlb_822835,mlb_592332,2026-04-01,TOR,COL,Kevin Gausman,0,1,18,0
mlb_822835,mlb_643511,2026-04-01,TOR,COL,Tyler Rogers,0,0,3,0
mlb_822835,mlb_667297,2026-04-01,TOR,COL,Tommy Nance,0,0,1,1
mlb_822835,mlb_689254,2026-04-01,TOR,COL,Mason Fluharty,0,0,2,0
mlb_822835,mlb_656546,2026-04-01,TOR,COL,Jeff Hoffman,0,0,3,0
mlb_822835,mlb_663893,2026-04-01,TOR,COL,Brendon Little,0,0,3,1
mlb_822835,mlb_607536,2026-04-01,TOR,COL,Kyle Freeland,1,1,15,1
mlb_822835,mlb_622608,2026-04-01,TOR,COL,Antonio Senzatela,1,0,6,0
mlb_822835,mlb_680767,2026-04-01,TOR,COL,Victor Vodnik,1,0,3,0
mlb_822835,mlb_657514,2026-04-01,TOR,COL,Brennan Bernardino,1,0,3,0
mlb_822835,mlb_623474,2026-04-01,TOR,COL,Jimmy Herget,1,0,3,0
mlb_823078,mlb_669461,2026-04-01,STL,NYM,Matthew Liberatore,0,1,18,1
mlb_823078,mlb_592773,2026-04-01,STL,NYM,Ryne Stanek,0,0,2,0
mlb_823078,mlb_668941,2026-04-01,STL,NYM,JoJo Romero,0,0,4,0
mlb_823078,mlb_676617,2026-04-01,STL,NYM,Riley O'Brien,0,0,3,0
mlb_823078,mlb_677865,2026-04-01,STL,NYM,Justin Bruihl,0,0,3,0
mlb_823078,mlb_688297,2026-04-01,STL,NYM,Chris Roycroft,0,0,1,0
mlb_823078,mlb_700669,2026-04-01,STL,NYM,Gordon Graceffo,0,0,2,0
mlb_823078,mlb_642547,2026-04-01,STL,NYM,Freddy Peralta,1,1,16,1
mlb_823078,mlb_623211,2026-04-01,STL,NYM,Huascar Brazobán,1,0,2,0
mlb_823078,mlb_548384,2026-04-01,STL,NYM,Brooks Raley,1,0,3,0
mlb_823078,mlb_596133,2026-04-01,STL,NYM,Luke Weaver,1,0,3,0
mlb_823078,mlb_642207,2026-04-01,STL,NYM,Devin Williams,1,0,3,0
mlb_823078,mlb_668964,2026-04-01,STL,NYM,Tobias Myers,1,0,5,1
mlb_823157,mlb_669923,2026-04-01,SEA,NYY,George Kirby,0,1,18,4
mlb_823157,mlb_678606,2026-04-01,SEA,NYY,Jose A. Ferrer,0,0,3,0
mlb_823157,mlb_681867,2026-04-01,SEA,NYY,Cooper Criswell,0,0,6,1
mlb_823157,mlb_693645,2026-04-01,SEA,NYY,Cam Schlittler,1,1,19,0
mlb_823157,mlb_518585,2026-04-01,SEA,NYY,Fernando Cruz,1,0,2,0
mlb_823157,mlb_666808,2026-04-01,SEA,NYY,Camilo Doval,1,0,2,2
mlb_823157,mlb_670280,2026-04-01,SEA,NYY,David Bednar,1,0,4,1
mlb_823321,mlb_601713,2026-04-01,SDP,SFG,Nick Pivetta,0,1,15,0
mlb_823321,mlb_669093,2026-04-01,SDP,SFG,Jeremiah Estrada,0,0,3,0
mlb_823321,mlb_670970,2026-04-01,SDP,SFG,Adrian Morejon,0,0,5,1
mlb_823321,mlb_695243,2026-04-01,SDP,SFG,Mason Miller,0,0,4,0
mlb_823321,mlb_605288,2026-04-01,SDP,SFG,Adrian Houser,1,1,16,3
mlb_823321,mlb_668873,2026-04-01,SDP,SFG,Caleb Kilian,1,0,5,0
mlb_823321,mlb_676130,2026-04-01,SDP,SFG,José Buttó,1,0,1,4
mlb_823321,mlb_621366,2026-04-01,SDP,SFG,Ryan Borucki,1,0,2,0
mlb_823483,mlb_650911,2026-04-01,PHI,WSN,Cristopher Sánchez,0,1,16,1
mlb_823483,mlb_680742,2026-04-01,PHI,WSN,Jonathan Bowlan,0,0,2,1
mlb_823483,mlb_641745,2026-04-01,PHI,WSN,Brad Keller,0,0,3,3
mlb_823483,mlb_647315,2026-04-01,PHI,WSN,Zach Pop,0,0,3,0
mlb_823483,mlb_621237,2026-04-01,PHI,WSN,José Alvarado,0,0,3,0
mlb_823483,mlb_661395,2026-04-01,PHI,WSN,Jhoan Duran,0,0,3,0
mlb_823483,mlb_676917,2026-04-01,PHI,WSN,Cade Cavalli,1,1,18,1
mlb_823483,mlb_701552,2026-04-01,PHI,WSN,Andre Granillo,1,0,2,1
mlb_823483,mlb_672335,2026-04-01,PHI,WSN,Cionel Pérez,1,0,2,1
mlb_823483,mlb_690925,2026-04-01,PHI,WSN,Clayton Beeter,1,0,3,1
mlb_823483,mlb_676571,2026-04-01,PHI,WSN,PJ Poulin,1,0,1,1
mlb_823483,mlb_669371,2026-04-01,PHI,WSN,Cole Henry,1,0,1,1
mlb_823806,mlb_694819,2026-04-01,MIL,TBR,Jacob Misiorowski,0,1,18,2
mlb_823806,mlb_681982,2026-04-01,MIL,TBR,Grant Anderson,0,0,3,0
mlb_823806,mlb_676879,2026-04-01,MIL,TBR,Aaron Ashby,0,0,3,0
mlb_823806,mlb_669084,2026-04-01,MIL,TBR,DL Hall,0,0,3,0
mlb_823806,mlb_656876,2026-04-01,MIL,TBR,Drew Rasmussen,1,1,15,2
mlb_823806,mlb_693855,2026-04-01,MIL,TBR,Ian Seymour,1,0,6,0
mlb_823806,mlb_643377,2026-04-01,MIL,TBR,Griffin Jax,1,0,0,5
mlb_823806,mlb_669438,2026-04-01,MIL,TBR,Mason Englert,1,0,3,1
mlb_823889,mlb_645261,2026-04-01,MIA,CHW,Sandy Alcantara,0,1,27,0
mlb_823889,mlb_681343,2026-04-01,MIA,CHW,Shane Smith,1,1,9,8
mlb_823889,mlb_608371,2026-04-01,MIA,CHW,Lucas Sims,1,0,6,0
mlb_823889,mlb_669684,2026-04-01,MIA,CHW,Chris Murphy,1,0,6,1
mlb_823889,mlb_673929,2026-04-01,MIA,CHW,Jordan Leasure,1,0,3,1
mlb_823970,mlb_808967,2026-04-01,LAD,CLE,Yoshinobu Yamamoto,0,1,18,2
mlb_823970,mlb_694361,2026-04-01,LAD,CLE,Will Klein,0,0,5,1
mlb_823970,mlb_656945,2026-04-01,LAD,CLE,Tanner Scott,0,0,1,1
mlb_823970,mlb_595014,2026-04-01,LAD,CLE,Blake Treinen,0,0,3,0
mlb_823970,mlb_668909,2026-04-01,LAD,CLE,Gavin Williams,1,1,21,0
mlb_823970,mlb_542888,2026-04-01,LAD,CLE,Shawn Armstrong,1,0,2,0
mlb_823970,mlb_681870,2026-04-01,LAD,CLE,Erik Sabrowski,1,0,1,0
mlb_823970,mlb_671922,2026-04-01,LAD,CLE,Cade Smith,1,0,3,1
mlb_824136,mlb_702070,2026-04-01,KCR,MIN,Noah Cameron,0,1,15,1
mlb_824136,mlb_683232,2026-04-01,KCR,MIN,Nick Mears,0,0,3,0
mlb_824136,mlb_663738,2026-04-01,KCR,MIN,Daniel Lynch IV,0,0,3,3
mlb_824136,mlb_656638,2026-04-01,KCR,MIN,Alex Lange,0,0,1,2
mlb_824136,mlb_674444,2026-04-01,KCR,MIN,Steven Cruz,0,0,2,0
mlb_824136,mlb_663559,2026-04-01,KCR,MIN,Bailey Falter,0,0,1,3
mlb_824136,mlb_668674,2026-04-01,KCR,MIN,Lucas Erceg,0,0,2,0
mlb_824136,mlb_657746,2026-04-01,KCR,MIN,Joe Ryan,1,1,12,5
mlb_824136,mlb_689520,2026-04-01,KCR,MIN,Cody Laweryson,1,0,4,4
mlb_824136,mlb_687849,2026-04-01,KCR,MIN,Zak Kent,1,0,5,4
mlb_824136,mlb_607455,2026-04-01,KCR,MIN,Anthony Banda,1,0,3,0
mlb_824211,mlb_681347,2026-04-01,HOU,BOS,Mike Burrows,0,1,15,2
mlb_824211,mlb_805123,2026-04-01,HOU,BOS,AJ Blubaugh,0,0,3,0
mlb_824211,mlb_687911,2026-04-01,HOU,BOS,Bryan King,0,0,3,0
mlb_824211,mlb_678906,2026-04-01,HOU,BOS,Kai-Wei Teng,0,0,3,1
mlb_824211,mlb_650556,2026-04-01,HOU,BOS,Bryan Abreu,0,0,3,1
mlb_824211,mlb_676979,2026-04-01,HOU,BOS,Garrett Crochet,1,1,15,5
mlb_824211,mlb_669711,2026-04-01,HOU,BOS,Greg Weissert,1,0,3,0
mlb_824211,mlb_543056,2026-04-01,HOU,BOS,Danny Coulombe,1,0,3,1
mlb_824211,mlb_676477,2026-04-01,HOU,BOS,Garrett Whitlock,1,0,3,0
mlb_824536,mlb_671096,2026-04-01,CIN,PIT,Andrew Abbott,0,1,17,4
mlb_824536,mlb_683175,2026-04-01,CIN,PIT,Connor Phillips,0,0,1,0
mlb_824536,mlb_668933,2026-04-01,CIN,PIT,Graham Ashcraft,0,0,3,0
mlb_824536,mlb_663574,2026-04-01,CIN,PIT,Tony Santillan,0,0,3,0
mlb_824536,mlb_641941,2026-04-01,CIN,PIT,Emilio Pagán,0,0,3,4
mlb_824536,mlb_694973,2026-04-01,CIN,PIT,Paul Skenes,1,1,15,1
mlb_824536,mlb_682254,2026-04-01,CIN,PIT,Mason Montgomery,1,0,2,2
mlb_824536,mlb_676755,2026-04-01,CIN,PIT,Isaac Mattson,1,0,4,0
mlb_824536,mlb_664875,2026-04-01,CIN,PIT,Justin Lawrence,1,0,3,0
mlb_824536,mlb_642397,2026-04-01,CIN,PIT,Gregory Soto,1,0,3,0
mlb_824698,mlb_571510,2026-04-01,CHC,LAA,Matthew Boyd,0,1,17,2
mlb_824698,mlb_640451,2026-04-01,CHC,LAA,Hunter Harvey,0,0,4,0
mlb_824698,mlb_573204,2026-04-01,CHC,LAA,Caleb Thielbar,0,0,3,0
mlb_824698,mlb_694037,2026-04-01,CHC,LAA,Daniel Palencia,0,0,3,0
mlb_824698,mlb_579328,2026-04-01,CHC,LAA,Yusei Kikuchi,1,1,16,5
mlb_824698,mlb_666171,2026-04-01,CHC,LAA,Ryan Zeferjahn,1,0,2,1
mlb_824698,mlb_608718,2026-04-01,CHC,LAA,Brent Suter,1,0,6,0
mlb_824860,mlb_669432,2026-04-01,BAL,TEX,Trevor Rogers,0,1,18,2
mlb_824860,mlb_544150,2026-04-01,BAL,TEX,Albert Suárez,0,0,9,1
mlb_824860,mlb_543135,2026-04-01,BAL,TEX,Nathan Eovaldi,1,1,12,6
mlb_824860,mlb_641302,2026-04-01,BAL,TEX,Tyler Alexander,1,0,3,1
mlb_824860,mlb_691945,2026-04-01,BAL,TEX,Carter Baumler,1,0,6,1
mlb_824860,mlb_656641,2026-04-01,BAL,TEX,Jacob Latz,1,0,3,0
mlb_824940,mlb_519242,2026-04-01,ATL,ATH,Chris Sale,0,1,18,1
mlb_824940,mlb_663158,2026-04-01,ATL,ATH,Robert Suarez,0,0,3,0
mlb_824940,mlb_669276,2026-04-01,ATL,ATH,Dylan Lee,0,0,3,0
mlb_824940,mlb_628452,2026-04-01,ATL,ATH,Raisel Iglesias,0,0,3,0
mlb_824940,mlb_622663,2026-04-01,ATL,ATH,Luis Severino,1,1,10,4
mlb_824940,mlb_665660,2026-04-01,ATL,ATH,Elvis Alvarado,1,0,2,1
mlb_824940,mlb_663687,2026-04-01,ATL,ATH,Hogan Harris,1,0,6,0
mlb_824940,mlb_665622,2026-04-01,ATL,ATH,Luis Medina,1,0,6,0
mlb_825106,mlb_668678,2026-04-01,ARI,DET,Zac Gallen,0,1,18,0
mlb_825106,mlb_664199,2026-04-01,ARI,DET,Taylor Clarke,0,0,3,0
mlb_825106,mlb_666661,2026-04-01,ARI,DET,Juan Morillo,0,0,3,0
mlb_825106,mlb_642528,2026-04-01,ARI,DET,Jonathan Loáisiga,0,0,3,0
mlb_825106,mlb_669373,2026-04-01,ARI,DET,Tarik Skubal,1,1,21,1
mlb_825106,mlb_640448,2026-04-01,ARI,DET,Kyle Finnegan,1,0,3,0
mlb_823242,mlb_592662,2026-04-02,SFG,NYM,Robbie Ray,0,1,16,2
mlb_823242,mlb_676254,2026-04-02,SFG,NYM,Ryan Walker,0,0,2,0
mlb_823242,mlb_694918,2026-04-02,SFG,NYM,Blade Tidwell,0,0,9,0
mlb_823242,mlb_656849,2026-04-02,SFG,NYM,David Peterson,1,1,13,6
mlb_823242,mlb_640455,2026-04-02,SFG,NYM,Sean Manaea,1,0,11,1
mlb_824133,mlb_666142,2026-04-02,KCR,MIN,Cole Ragans,0,1,18,1
mlb_824133,mlb_621381,2026-04-02,KCR,MIN,Matt Strahm,0,0,3,0
mlb_824133,mlb_670167,2026-04-02,KCR,MIN,John Schreiber,0,0,3,1
mlb_824133,mlb_674444,2026-04-02,KCR,MIN,Steven Cruz,0,0,3,3
mlb_824133,mlb_671737,2026-04-02,KCR,MIN,Taj Bradley,1,1,18,0
mlb_824133,mlb_681892,2026-04-02,KCR,MIN,Kody Funderburk,1,0,3,0
mlb_824133,mlb_663485,2026-04-02,KCR,MIN,Cole Sands,1,0,2,1
mlb_824133,mlb_573124,2026-04-02,KCR,MIN,Taylor Rogers,1,0,1,0
mlb_824133,mlb_623437,2026-04-02,KCR,MIN,Justin Topa,1,0,3,0
mlb_825105,mlb_669194,2026-04-02,ARI,ATL,Ryne Nelson,0,1,14,7
mlb_825105,mlb_656464,2026-04-02,ARI,ATL,Kevin Ginkel,0,0,1,3
mlb_825105,mlb_605452,2026-04-02,ARI,ATL,Joe Ross,0,0,6,2
mlb_825105,mlb_694851,2026-04-02,ARI,ATL,Andrew Hoffmann,0,0,3,0
mlb_825105,mlb_543510,2026-04-02,ARI,ATL,James McCann,0,0,3,5
mlb_825105,mlb_625643,2026-04-02,ARI,ATL,Reynaldo López,1,1,15,1
mlb_825105,mlb_641755,2026-04-02,ARI,ATL,Tyler Kinley,1,0,3,0
mlb_825105,mlb_674370,2026-04-02,ARI,ATL,Osvaldo Bido,1,0,9,1
mlb_822758,mlb_571945,2026-04-03,WSN,LAD,Miles Mikolas,0,1,13,11
mlb_822758,mlb_681402,2026-04-03,WSN,LAD,Gus Varland,0,0,2,0
mlb_822758,mlb_686610,2026-04-03,WSN,LAD,Ken Waldichuk,0,0,6,1
mlb_822758,mlb_701552,2026-04-03,WSN,LAD,Andre Granillo,0,0,6,1
mlb_822758,mlb_686218,2026-04-03,WSN,LAD,Emmet Sheehan,1,1,17,4
mlb_822758,mlb_676263,2026-04-03,WSN,LAD,Jack Dreyer,1,0,1,0
mlb_822758,mlb_595014,2026-04-03,WSN,LAD,Blake Treinen,1,0,3,0
mlb_822758,mlb_683618,2026-04-03,WSN,LAD,Edgardo Henriquez,1,0,3,2
mlb_822758,mlb_676508,2026-04-03,WSN,LAD,Ben Casparius,1,0,3,0
mlb_822919,mlb_669022,2026-04-03,TEX,CIN,MacKenzie Gore,0,1,18,3
mlb_822919,mlb_668390,2026-04-03,TEX,CIN,Cole Winn,0,0,3,0
mlb_822919,mlb_596001,2026-04-03,TEX,CIN,Jakob Junis,0,0,3,0
mlb_822919,mlb_455119,2026-04-03,TEX,CIN,Chris Martin,0,0,3,2
mlb_822919,mlb_663903,2026-04-03,TEX,CIN,Brady Singer,1,1,15,2
mlb_822919,mlb_594580,2026-04-03,TEX,CIN,Sam Moll,1,0,3,0
mlb_822919,mlb_668933,2026-04-03,TEX,CIN,Graham Ashcraft,1,0,3,1
mlb_822919,mlb_663574,2026-04-03,TEX,CIN,Tony Santillan,1,0,3,0
mlb_822919,mlb_641941,2026-04-03,TEX,CIN,Emilio Pagán,1,0,3,0
mlb_823240,mlb_641816,2026-04-03,SFG,NYM,Tyler Mahle,0,1,15,5
mlb_823240,mlb_664141,2026-04-03,SFG,NYM,JT Brubaker,0,0,4,3
mlb_823240,mlb_657424,2026-04-03,SFG,NYM,Matt Gage,0,0,5,0
mlb_823240,mlb_669062,2026-04-03,SFG,NYM,Erik Miller,0,0,2,2
mlb_823240,mlb_668873,2026-04-03,SFG,NYM,Caleb Kilian,0,0,1,0
mlb_823240,mlb_690997,2026-04-03,SFG,NYM,Nolan McLean,1,1,16,2
mlb_823240,mlb_548384,2026-04-03,SFG,NYM,Brooks Raley,1,0,2,0
mlb_823240,mlb_623211,2026-04-03,SFG,NYM,Huascar Brazobán,1,0,3,0
mlb_823240,mlb_663992,2026-04-03,SFG,NYM,Richard Lovelady,1,0,3,1
mlb_823240,mlb_472610,2026-04-03,SFG,NYM,Luis García,1,0,3,0
mlb_823406,mlb_656605,2026-04-03,PIT,BAL,Mitch Keller,0,1,18,2
mlb_823406,mlb_670990,2026-04-03,PIT,BAL,Yohan Ramírez,0,0,1,1
mlb_823406,mlb_682254,2026-04-03,PIT,BAL,Mason Montgomery,0,0,2,0
mlb_823406,mlb_642701,2026-04-03,PIT,BAL,Dennis Santana,0,0,3,0
mlb_823406,mlb_642397,2026-04-03,PIT,BAL,Gregory Soto,0,0,3,1
mlb_823406,mlb_680694,2026-04-03,PIT,BAL,Kyle Bradish,1,1,12,4
mlb_823406,mlb_608650,2026-04-03,PIT,BAL,Dietrich Enns,1,0,3,1
mlb_823406,mlb_669330,2026-04-03,PIT,BAL,Tyler Wells,1,0,6,0
mlb_823406,mlb_670329,2026-04-03,PIT,BAL,Rico Garcia,1,0,3,0
mlb_823568,mlb_701542,2026-04-03,NYY,MIA,Will Warren,0,1,17,2
mlb_823568,mlb_657612,2026-04-03,NYY,MIA,Tim Hill,0,0,1,0
mlb_823568,mlb_656234,2026-04-03,NYY,MIA,Jake Bird,0,0,3,0
mlb_823568,mlb_687396,2026-04-03,NYY,MIA,Brent Headrick,0,0,3,0
mlb_823568,mlb_642232,2026-04-03,NYY,MIA,Ryan Yarbrough,0,0,3,0
mlb_823568,mlb_691587,2026-04-03,NYY,MIA,Eury Pérez,1,1,12,4
mlb_823568,mlb_663969,2026-04-03,NYY,MIA,Tyler Phillips,1,0,6,1
mlb_823568,mlb_656848,2026-04-03,NYY,MIA,Michael Petersen,1,0,3,1
mlb_823568,mlb_669199,2026-04-03,NYY,MIA,Lake Bachar,1,0,3,2
mlb_823732,mlb_641927,2026-04-03,MIN,TBR,Bailey Ober,0,1,12,3
mlb_823732,mlb_679358,2026-04-03,MIN,TBR,Eric Orze,0,0,6,0
mlb_823732,mlb_623437,2026-04-03,MIN,TBR,Justin Topa,0,0,2,0
mlb_823732,mlb_681892,2026-04-03,MIN,TBR,Kody Funderburk,0,0,1,0
mlb_823732,mlb_607455,2026-04-03,MIN,TBR,Anthony Banda,0,0,3,1
mlb_823732,mlb_689520,2026-04-03,MIN,TBR,Cody Laweryson,0,0,3,0
mlb_823732,mlb_671212,2026-04-03,MIN,TBR,Joe Boyle,1,1,16,3
mlb_823732,mlb_685801,2026-04-03,MIN,TBR,Hunter Bigge,1,0,2,0
mlb_823732,mlb_687330,2026-04-03,MIN,TBR,Kevin Kelly,1,0,1,6
mlb_823732,mlb_672782,2026-04-03,MIN,TBR,Yoendrys Gómez,1,0,5,1
mlb_824056,mlb_672282,2026-04-03,LAA,SEA,Reid Detmers,0,1,20,0
mlb_824056,mlb_681217,2026-04-03,LAA,SEA,Chase Silseth,0,0,1,0
mlb_824056,mlb_519141,2026-04-03,LAA,SEA,Drew Pomeranz,0,0,3,0
mlb_824056,mlb_605447,2026-04-03,LAA,SEA,Jordan Romano,0,0,3,0
mlb_824056,mlb_608718,2026-04-03,LAA,SEA,Brent Suter,0,0,3,3
mlb_824056,mlb_693433,2026-04-03,LAA,SEA,Bryan Woo,1,1,21,0
mlb_824056,mlb_666374,2026-04-03,LAA,SEA,Matt Brash,1,0,3,0
mlb_824056,mlb_662253,2026-04-03,LAA,SEA,Andrés Muñoz,1,0,3,0
mlb_824056,mlb_642100,2026-04-03,LAA,SEA,Gabe Speier,1,0,3,1
mlb_824299,mlb_664285,2026-04-03,DET,STL,Framber Valdez,0,1,18,0
mlb_824299,mlb_676684,2026-04-03,DET,STL,Will Vest,0,0,3,0
mlb_824299,mlb_640448,2026-04-03,DET,STL,Kyle Finnegan,0,0,3,0
mlb_824299,mlb_663947,2026-04-03,DET,STL,Tyler Holton,0,0,3,0
mlb_824299,mlb_700241,2026-04-03,DET,STL,Michael McGreevy,1,1,14,3
mlb_824299,mlb_677865,2026-04-03,DET,STL,Justin Bruihl,1,0,2,0
mlb_824299,mlb_666277,2026-04-03,DET,STL,George Soriano,1,0,2,1
mlb_824299,mlb_700669,2026-04-03,DET,STL,Gordon Graceffo,1,0,3,0
mlb_824299,mlb_688297,2026-04-03,DET,STL,Chris Roycroft,1,0,3,0
mlb_824377,mlb_547179,2026-04-03,COL,PHI,Michael Lorenzen,0,1,9,9
mlb_824377,mlb_678368,2026-04-03,COL,PHI,Valente Bellozo,0,0,18,1
mlb_824377,mlb_605400,2026-04-03,COL,PHI,Aaron Nola,1,1,19,1
mlb_824377,mlb_679775,2026-04-03,COL,PHI,Kyle Backhus,1,0,2,0
mlb_824377,mlb_641835,2026-04-03,COL,PHI,Tim Mayza,1,0,3,0
mlb_824377,mlb_647315,2026-04-03,COL,PHI,Zach Pop,1,0,3,0
mlb_824458,mlb_676282,2026-04-03,CLE,CHC,Joey Cantillo,0,1,16,1
mlb_824458,mlb_670036,2026-04-03,CLE,CHC,Matt Festa,0,0,2,0
mlb_824458,mlb_641401,2026-04-03,CLE,CHC,Connor Brogdon,0,0,3,0
mlb_824458,mlb_542888,2026-04-03,CLE,CHC,Shawn Armstrong,0,0,3,0
mlb_824458,mlb_671922,2026-04-03,CLE,CHC,Cade Smith,0,0,3,0
mlb_824458,mlb_690990,2026-04-03,CLE,CHC,Cade Horton,1,1,3,0
mlb_824458,mlb_607067,2026-04-03,CLE,CHC,Colin Rea,1,0,10,1
mlb_824458,mlb_571948,2026-04-03,CLE,CHC,Hoby Milner,1,0,5,0
mlb_824458,mlb_640451,2026-04-03,CLE,CHC,Hunter Harvey,1,0,2,3
mlb_824458,mlb_657097,2026-04-03,CLE,CHC,Jacob Webb,1,0,4,0
mlb_824621,mlb_691799,2026-04-03,CHW,TOR,Grant Taylor,0,1,3,0
mlb_824621,mlb_680732,2026-04-03,CHW,TOR,Sean Burke,0,0,18,1
mlb_824621,mlb_673929,2026-04-03,CHW,TOR,Jordan Leasure,0,0,3,2
mlb_824621,mlb_656794,2026-04-03,CHW,TOR,Sean Newcomb,0,0,2,0
mlb_824621,mlb_622554,2026-04-03,CHW,TOR,Seranthony Domínguez,0,0,4,1
mlb_824621,mlb_656302,2026-04-03,CHW,TOR,Dylan Cease,1,1,13,3
mlb_824621,mlb_680755,2026-04-03,CHW,TOR,Braydon Fisher,1,0,5,0
mlb_824621,mlb_663893,2026-04-03,CHW,TOR,Brendon Little,1,0,3,0
mlb_824621,mlb_686973,2026-04-03,CHW,TOR,Louis Varland,1,0,3,0
mlb_824621,mlb_643511,2026-04-03,CHW,TOR,Tyler Rogers,1,0,3,0
mlb_824621,mlb_656546,2026-04-03,CHW,TOR,Jeff Hoffman,1,0,2,2
mlb_824786,mlb_543243,2026-04-03,BOS,SDP,Sonny Gray,0,1,18,2
mlb_824786,mlb_669711,2026-04-03,BOS,SDP,Greg Weissert,0,0,3,0
mlb_824786,mlb_686580,2026-04-03,BOS,SDP,Justin Slaten,0,0,3,0
mlb_824786,mlb_547973,2026-04-03,BOS,SDP,Aroldis Chapman,0,0,3,0
mlb_824786,mlb_650633,2026-04-03,BOS,SDP,Michael King,1,1,17,4
mlb_824786,mlb_593974,2026-04-03,BOS,SDP,Wandy Peralta,1,0,4,1
mlb_824786,mlb_676760,2026-04-03,BOS,SDP,Ron Marinaccio,1,0,3,0
mlb_825026,mlb_605488,2026-04-03,ATH,HOU,Jeffrey Springs,0,1,18,1
mlb_825026,mlb_547184,2026-04-03,ATH,HOU,Michael Kelly,0,0,3,1
mlb_825026,mlb_669372,2026-04-03,ATH,HOU,J.T. Ginn,0,0,6,2
mlb_825026,mlb_664299,2026-04-03,ATH,HOU,Cristian Javier,1,1,11,6
mlb_825026,mlb_682610,2026-04-03,ATH,HOU,Roddery Muñoz,1,0,4,5
mlb_825026,mlb_680802,2026-04-03,ATH,HOU,Ryan Weiss,1,0,9,0
mlb_825103,mlb_593958,2026-04-03,ARI,ATL,Eduardo Rodriguez,0,1,21,0
mlb_825103,mlb_666661,2026-04-03,ARI,ATL,Juan Morillo,0,0,3,0
mlb_825103,mlb_623149,2026-04-03,ARI,ATL,Paul Sewald,0,0,2,2
mlb_825103,mlb_657044,2026-04-03,ARI,ATL,Ryan Thompson,0,0,1,0
mlb_825103,mlb_656550,2026-04-03,ARI,ATL,Grant Holmes,1,1,18,0
mlb_825103,mlb_669276,2026-04-03,ARI,ATL,Dylan Lee,1,0,3,0
mlb_825103,mlb_663158,2026-04-03,ARI,ATL,Robert Suarez,1,0,3,0
mlb_825103,mlb_628452,2026-04-03,ARI,ATL,Raisel Iglesias,1,0,3,0
mlb_822757,mlb_663623,2026-04-04,WSN,LAD,Jake Irvin,0,1,12,6
mlb_822757,mlb_695418,2026-04-04,WSN,LAD,Brad Lord,0,0,6,3
mlb_822757,mlb_681402,2026-04-04,WSN,LAD,Gus Varland,0,0,3,1
mlb_822757,mlb_669371,2026-04-04,WSN,LAD,Cole Henry,0,0,6,0
mlb_822757,mlb_607192,2026-04-04,WSN,LAD,Tyler Glasnow,1,1,18,2
mlb_822757,mlb_656945,2026-04-04,WSN,LAD,Tanner Scott,1,0,3,0
mlb_822757,mlb_676508,2026-04-04,WSN,LAD,Ben Casparius,1,0,3,2
mlb_822757,mlb_683618,2026-04-04,WSN,LAD,Edgardo Henriquez,1,0,3,1
mlb_822920,mlb_677958,2026-04-04,TEX,CIN,Kumar Rocker,0,1,15,2
mlb_822920,mlb_656222,2026-04-04,TEX,CIN,Jalen Beeks,0,0,3,0
mlb_822920,mlb_656641,2026-04-04,TEX,CIN,Jacob Latz,0,0,3,0
mlb_822920,mlb_691945,2026-04-04,TEX,CIN,Carter Baumler,0,0,3,0
mlb_822920,mlb_641302,2026-04-04,TEX,CIN,Tyler Alexander,0,0,3,0
mlb_822920,mlb_695076,2026-04-04,TEX,CIN,Rhett Lowder,1,1,18,0
mlb_822920,mlb_668933,2026-04-04,TEX,CIN,Graham Ashcraft,1,0,3,0
mlb_822920,mlb_663574,2026-04-04,TEX,CIN,Tony Santillan,1,0,3,0
mlb_822920,mlb_641941,2026-04-04,TEX,CIN,Emilio Pagán,1,0,3,0
mlb_823239,mlb_694738,2026-04-04,SFG,NYM,Landen Roupp,0,1,14,7
mlb_823239,mlb_621366,2026-04-04,SFG,NYM,Ryan Borucki,0,0,4,1
mlb_823239,mlb_676775,2026-04-04,SFG,NYM,Keaton Winn,0,0,3,1
mlb_823239,mlb_668873,2026-04-04,SFG,NYM,Caleb Kilian,0,0,3,0
mlb_823239,mlb_683766,2026-04-04,SFG,NYM,Christian Koss,0,0,3,0
mlb_823239,mlb_605280,2026-04-04,SFG,NYM,Clay Holmes,1,1,21,0
mlb_823239,mlb_668964,2026-04-04,SFG,NYM,Tobias Myers,1,0,6,0
mlb_823404,mlb_669387,2026-04-04,PIT,BAL,Carmen Mlodzinski,0,1,14,2
mlb_823404,mlb_682995,2026-04-04,PIT,BAL,Hunter Barco,0,0,7,0
mlb_823404,mlb_676755,2026-04-04,PIT,BAL,Isaac Mattson,0,0,3,0
mlb_823404,mlb_642701,2026-04-04,PIT,BAL,Dennis Santana,0,0,3,0
mlb_823404,mlb_669358,2026-04-04,PIT,BAL,Shane Baz,1,1,17,1
mlb_823404,mlb_670329,2026-04-04,PIT,BAL,Rico Garcia,1,0,1,0
mlb_823404,mlb_664991,2026-04-04,PIT,BAL,Grant Wolfram,1,0,3,0
mlb_823404,mlb_689296,2026-04-04,PIT,BAL,Anthony Nunez,1,0,3,1
mlb_823404,mlb_664854,2026-04-04,PIT,BAL,Ryan Helsley,1,0,1,1
mlb_823569,mlb_677960,2026-04-04,NYY,MIA,Ryan Weathers,0,1,11,3
mlb_823569,mlb_621112,2026-04-04,NYY,MIA,Paul Blackburn,0,0,5,1
mlb_823569,mlb_657612,2026-04-04,NYY,MIA,Tim Hill,0,0,3,0
mlb_823569,mlb_518585,2026-04-04,NYY,MIA,Fernando Cruz,0,0,2,0
mlb_823569,mlb_666808,2026-04-04,NYY,MIA,Camilo Doval,0,0,1,2
mlb_823569,mlb_687396,2026-04-04,NYY,MIA,Brent Headrick,0,0,2,0
mlb_823569,mlb_670280,2026-04-04,NYY,MIA,David Bednar,0,0,3,1
mlb_823569,mlb_676974,2026-04-04,NYY,MIA,Max Meyer,1,1,14,2
mlb_823569,mlb_677053,2026-04-04,NYY,MIA,Andrew Nardi,1,0,1,1
mlb_823569,mlb_669622,2026-04-04,NYY,MIA,Anthony Bender,1,0,1,2
mlb_823569,mlb_667463,2026-04-04,NYY,MIA,John King,1,0,2,0
mlb_823569,mlb_676534,2026-04-04,NYY,MIA,Calvin Faucher,1,0,3,1
mlb_823569,mlb_656848,2026-04-04,NYY,MIA,Michael Petersen,1,0,3,3
mlb_823730,mlb_690953,2026-04-04,MIN,TBR,Mick Abel,0,1,12,4
mlb_823730,mlb_573124,2026-04-04,MIN,TBR,Taylor Rogers,0,0,3,2
mlb_823730,mlb_607455,2026-04-04,MIN,TBR,Anthony Banda,0,0,3,0
mlb_823730,mlb_687849,2026-04-04,MIN,TBR,Zak Kent,0,0,6,1
mlb_823730,mlb_689520,2026-04-04,MIN,TBR,Cody Laweryson,0,0,3,0
mlb_823730,mlb_571927,2026-04-04,MIN,TBR,Steven Matz,1,1,18,1
mlb_823730,mlb_642121,2026-04-04,MIN,TBR,Cole Sulser,1,0,6,0
mlb_823730,mlb_669438,2026-04-04,MIN,TBR,Mason Englert,1,0,3,0
mlb_824054,mlb_686799,2026-04-04,LAA,SEA,Jack Kochanowicz,0,1,17,0
mlb_824054,mlb_664192,2026-04-04,LAA,SEA,Joey Lucchesi,0,0,1,0
mlb_824054,mlb_681217,2026-04-04,LAA,SEA,Chase Silseth,0,0,3,0
mlb_824054,mlb_696147,2026-04-04,LAA,SEA,Sam Bachman,0,0,2,0
mlb_824054,mlb_519141,2026-04-04,LAA,SEA,Drew Pomeranz,0,0,1,0
mlb_824054,mlb_605447,2026-04-04,LAA,SEA,Jordan Romano,0,0,3,0
mlb_824054,mlb_676106,2026-04-04,LAA,SEA,Emerson Hancock,1,1,20,1
mlb_824054,mlb_660825,2026-04-04,LAA,SEA,Eduard Bazardo,1,0,4,0
mlb_824132,mlb_679883,2026-04-04,KCR,MIL,Luinder Avila,0,1,9,5
mlb_824132,mlb_663738,2026-04-04,KCR,MIL,Daniel Lynch IV,0,0,6,0
mlb_824132,mlb_656638,2026-04-04,KCR,MIL,Alex Lange,0,0,6,0
mlb_824132,mlb_670167,2026-04-04,KCR,MIL,John Schreiber,0,0,3,0
mlb_824132,mlb_674444,2026-04-04,KCR,MIL,Steven Cruz,0,0,3,0
mlb_824132,mlb_694477,2026-04-04,KCR,MIL,Chad Patrick,1,1,15,0
mlb_824132,mlb_676879,2026-04-04,KCR,MIL,Aaron Ashby,1,0,5,2
mlb_824132,mlb_682842,2026-04-04,KCR,MIL,Abner Uribe,1,0,4,0
mlb_824132,mlb_656730,2026-04-04,KCR,MIL,Trevor Megill,1,0,3,0
mlb_824134,mlb_607625,2026-04-04,KCR,MIL,Seth Lugo,0,1,15,2
mlb_824134,mlb_683232,2026-04-04,KCR,MIL,Nick Mears,0,0,3,0
mlb_824134,mlb_669212,2026-04-04,KCR,MIL,Eli Morgan,0,0,9,0
mlb_824134,mlb_701656,2026-04-04,KCR,MIL,Logan Henderson,1,1,6,2
mlb_824134,mlb_687075,2026-04-04,KCR,MIL,Brandon Sproat,1,0,11,4
mlb_824134,mlb_657649,2026-04-04,KCR,MIL,Jared Koenig,1,0,1,2
mlb_824134,mlb_669084,2026-04-04,KCR,MIL,DL Hall,1,0,6,0
mlb_824378,mlb_657514,2026-04-04,COL,PHI,Brennan Bernardino,0,1,2,1
mlb_824378,mlb_623474,2026-04-04,COL,PHI,Jimmy Herget,0,0,4,0
mlb_824378,mlb_801403,2026-04-04,COL,PHI,Chase Dollander,0,0,13,1
mlb_824378,mlb_677955,2026-04-04,COL,PHI,Jaden Hill,0,0,2,0
mlb_824378,mlb_675848,2026-04-04,COL,PHI,Juan Mejia,0,0,3,0
mlb_824378,mlb_680767,2026-04-04,COL,PHI,Victor Vodnik,0,0,3,0
mlb_824378,mlb_666200,2026-04-04,COL,PHI,Jesús Luzardo,1,1,20,1
mlb_824378,mlb_621237,2026-04-04,COL,PHI,José Alvarado,1,0,1,0
mlb_824378,mlb_641745,2026-04-04,COL,PHI,Brad Keller,1,0,3,0
mlb_824378,mlb_661395,2026-04-04,COL,PHI,Jhoan Duran,1,0,3,0
mlb_824622,mlb_691799,2026-04-04,CHW,TOR,Grant Taylor,0,1,3,0
mlb_824622,mlb_641743,2026-04-04,CHW,TOR,Anthony Kay,0,0,13,2
mlb_824622,mlb_669684,2026-04-04,CHW,TOR,Chris Murphy,0,0,3,1
mlb_824622,mlb_663855,2026-04-04,CHW,TOR,Jordan Hicks,0,0,4,0
mlb_824622,mlb_656794,2026-04-04,CHW,TOR,Sean Newcomb,0,0,1,0
mlb_824622,mlb_622554,2026-04-04,CHW,TOR,Seranthony Domínguez,0,0,3,0
mlb_824622,mlb_689254,2026-04-04,CHW,TOR,Mason Fluharty,1,1,3,1
mlb_824622,mlb_681751,2026-04-04,CHW,TOR,Lazaro Estrada,1,0,12,0
mlb_824622,mlb_663893,2026-04-04,CHW,TOR,Brendon Little,1,0,1,3
mlb_824622,mlb_667297,2026-04-04,CHW,TOR,Tommy Nance,1,0,5,0
mlb_824622,mlb_680755,2026-04-04,CHW,TOR,Braydon Fisher,1,0,3,2
mlb_824782,mlb_813349,2026-04-04,BOS,SDP,Connelly Early,0,1,12,2
mlb_824782,mlb_670245,2026-04-04,BOS,SDP,Ryan Watson,0,0,4,0
mlb_824782,mlb_543056,2026-04-04,BOS,SDP,Danny Coulombe,0,0,2,0
mlb_824782,mlb_686580,2026-04-04,BOS,SDP,Justin Slaten,0,0,3,0
mlb_824782,mlb_677161,2026-04-04,BOS,SDP,Zack Kelly,0,0,3,0
mlb_824782,mlb_547973,2026-04-04,BOS,SDP,Aroldis Chapman,0,0,3,1
mlb_824782,mlb_681190,2026-04-04,BOS,SDP,Randy Vásquez,1,1,18,1
mlb_824782,mlb_669093,2026-04-04,BOS,SDP,Jeremiah Estrada,1,0,3,0
mlb_824782,mlb_670970,2026-04-04,BOS,SDP,Adrian Morejon,1,0,3,1
mlb_824782,mlb_695243,2026-04-04,BOS,SDP,Mason Miller,1,0,3,0
mlb_825027,mlb_806960,2026-04-04,ATH,HOU,Luis Morales,0,1,9,5
mlb_825027,mlb_665660,2026-04-04,ATH,HOU,Elvis Alvarado,0,0,6,2
mlb_825027,mlb_663687,2026-04-04,ATH,HOU,Hogan Harris,0,0,3,3
mlb_825027,mlb_665622,2026-04-04,ATH,HOU,Luis Medina,0,0,6,1
mlb_825027,mlb_547184,2026-04-04,ATH,HOU,Michael Kelly,0,0,3,0
mlb_825027,mlb_837227,2026-04-04,ATH,HOU,Tatsuya Imai,1,1,17,0
mlb_825027,mlb_678906,2026-04-04,ATH,HOU,Kai-Wei Teng,1,0,7,0
mlb_825027,mlb_595345,2026-04-04,ATH,HOU,Steven Okert,1,0,3,0
mlb_825104,mlb_647336,2026-04-04,ARI,ATL,Michael Soroka,0,1,15,1
mlb_825104,mlb_664199,2026-04-04,ARI,ATL,Taylor Clarke,0,0,3,0
mlb_825104,mlb_642528,2026-04-04,ARI,ATL,Jonathan Loáisiga,0,0,3,0
mlb_825104,mlb_666661,2026-04-04,ARI,ATL,Juan Morillo,0,0,3,0
mlb_825104,mlb_623149,2026-04-04,ARI,ATL,Paul Sewald,0,0,3,0
mlb_825104,mlb_693821,2026-04-04,ARI,ATL,Bryce Elder,1,1,21,2
mlb_825104,mlb_641755,2026-04-04,ARI,ATL,Tyler Kinley,1,0,3,0
mlb_822756,mlb_656492,2026-04-05,WSN,LAD,Foster Griffin,0,1,15,1
mlb_822756,mlb_676571,2026-04-05,WSN,LAD,PJ Poulin,0,0,6,2
mlb_822756,mlb_672335,2026-04-05,WSN,LAD,Cionel Pérez,0,0,0,4
mlb_822756,mlb_690925,2026-04-05,WSN,LAD,Clayton Beeter,0,0,5,1
mlb_822756,mlb_701552,2026-04-05,WSN,LAD,Andre Granillo,0,0,1,0
mlb_822756,mlb_808963,2026-04-05,WSN,LAD,Roki Sasaki,1,1,15,6
mlb_822756,mlb_681911,2026-04-05,WSN,LAD,Alex Vesia,1,0,3,0
mlb_822756,mlb_676263,2026-04-05,WSN,LAD,Jack Dreyer,1,0,3,0
mlb_822756,mlb_656945,2026-04-05,WSN,LAD,Tanner Scott,1,0,3,0
mlb_822756,mlb_621242,2026-04-05,WSN,LAD,Edwin Díaz,1,0,3,0
mlb_822917,mlb_683004,2026-04-05,TEX,CIN,Jack Leiter,0,1,15,1
mlb_822917,mlb_656641,2026-04-05,TEX,CIN,Jacob Latz,0,0,3,0
mlb_822917,mlb_668390,2026-04-05,TEX,CIN,Cole Winn,0,0,3,0
mlb_822917,mlb_676395,2026-04-05,TEX,CIN,Robert Garcia,0,0,1,1
mlb_822917,mlb_455119,2026-04-05,TEX,CIN,Chris Martin,0,0,4,0
mlb_822917,mlb_656222,2026-04-05,TEX,CIN,Jalen Beeks,0,0,1,0
mlb_822917,mlb_695505,2026-04-05,TEX,CIN,Chase Burns,1,1,18,1
mlb_822917,mlb_572955,2026-04-05,TEX,CIN,Pierce Johnson,1,0,2,0
mlb_822917,mlb_594580,2026-04-05,TEX,CIN,Sam Moll,1,0,1,0
mlb_822917,mlb_683175,2026-04-05,TEX,CIN,Connor Phillips,1,0,3,0
mlb_822917,mlb_656271,2026-04-05,TEX,CIN,Brock Burke,1,0,3,0
mlb_823238,mlb_657277,2026-04-05,SFG,NYM,Logan Webb,0,1,21,1
mlb_823238,mlb_676775,2026-04-05,SFG,NYM,Keaton Winn,0,0,1,2
mlb_823238,mlb_669062,2026-04-05,SFG,NYM,Erik Miller,0,0,2,2
mlb_823238,mlb_664141,2026-04-05,SFG,NYM,JT Brubaker,0,0,3,0
mlb_823238,mlb_673540,2026-04-05,SFG,NYM,Kodai Senga,1,1,17,2
mlb_823238,mlb_623211,2026-04-05,SFG,NYM,Huascar Brazobán,1,0,4,0
mlb_823238,mlb_596133,2026-04-05,SFG,NYM,Luke Weaver,1,0,3,0
mlb_823238,mlb_642207,2026-04-05,SFG,NYM,Devin Williams,1,0,3,0
mlb_823405,mlb_677952,2026-04-05,PIT,BAL,Braxton Ashcraft,0,1,18,1
mlb_823405,mlb_682254,2026-04-05,PIT,BAL,Mason Montgomery,0,0,3,1
mlb_823405,mlb_664353,2026-04-05,PIT,BAL,José Urquidy,0,0,6,0
mlb_823405,mlb_605135,2026-04-05,PIT,BAL,Chris Bassitt,1,1,6,6
mlb_823405,mlb_700249,2026-04-05,PIT,BAL,Cade Povich,1,0,17,2
mlb_823405,mlb_666974,2026-04-05,PIT,BAL,Yennier Cano,1,0,1,0
mlb_823566,mlb_608331,2026-04-05,NYY,MIA,Max Fried,0,1,20,3
mlb_823566,mlb_518585,2026-04-05,NYY,MIA,Fernando Cruz,0,0,2,1
mlb_823566,mlb_656234,2026-04-05,NYY,MIA,Jake Bird,0,0,0,3
mlb_823566,mlb_642232,2026-04-05,NYY,MIA,Ryan Yarbrough,0,0,5,0
mlb_823566,mlb_664126,2026-04-05,NYY,MIA,Pete Fairbanks,1,1,3,3
mlb_823566,mlb_677053,2026-04-05,NYY,MIA,Andrew Nardi,1,0,3,0
mlb_823566,mlb_663978,2026-04-05,NYY,MIA,Chris Paddack,1,0,14,1
mlb_823566,mlb_667463,2026-04-05,NYY,MIA,John King,1,0,1,0
mlb_823566,mlb_676534,2026-04-05,NYY,MIA,Calvin Faucher,1,0,3,0
mlb_823566,mlb_669622,2026-04-05,NYY,MIA,Anthony Bender,1,0,3,2
mlb_823729,mlb_680573,2026-04-05,MIN,TBR,Simeon Woods Richardson,0,1,20,1
mlb_823729,mlb_681892,2026-04-05,MIN,TBR,Kody Funderburk,0,0,1,0
mlb_823729,mlb_663485,2026-04-05,MIN,TBR,Cole Sands,0,0,6,0
mlb_823729,mlb_623437,2026-04-05,MIN,TBR,Justin Topa,0,0,1,3
mlb_823729,mlb_573124,2026-04-05,MIN,TBR,Taylor Rogers,0,0,2,0
mlb_823729,mlb_607259,2026-04-05,MIN,TBR,Nick Martinez,1,1,18,1
mlb_823729,mlb_643377,2026-04-05,MIN,TBR,Griffin Jax,1,0,6,0
mlb_823729,mlb_641329,2026-04-05,MIN,TBR,Bryan Baker,1,0,3,0
mlb_823729,mlb_687330,2026-04-05,MIN,TBR,Kevin Kelly,1,0,3,0
mlb_824053,mlb_691946,2026-04-05,LAA,SEA,George Klassen,0,1,8,2
mlb_824053,mlb_666171,2026-04-05,LAA,SEA,Ryan Zeferjahn,0,0,6,2
mlb_824053,mlb_608718,2026-04-05,LAA,SEA,Brent Suter,0,0,7,1
mlb_824053,mlb_696147,2026-04-05,LAA,SEA,Sam Bachman,0,0,6,1
mlb_824053,mlb_641312,2026-04-05,LAA,SEA,Shaun Anderson,0,0,6,1
mlb_824053,mlb_622491,2026-04-05,LAA,SEA,Luis Castillo,1,1,11,4
mlb_824053,mlb_678606,2026-04-05,LAA,SEA,Jose A. Ferrer,1,0,3,2
mlb_824053,mlb_677961,2026-04-05,LAA,SEA,Cole Wilcox,1,0,4,0
mlb_824053,mlb_668984,2026-04-05,LAA,SEA,Casey Legumina,1,0,6,0
mlb_824053,mlb_662253,2026-04-05,LAA,SEA,Andrés Muñoz,1,0,3,0
mlb_824053,mlb_666374,2026-04-05,LAA,SEA,Matt Brash,1,0,3,1
mlb_824053,mlb_642100,2026-04-05,LAA,SEA,Gabe Speier,1,0,2,1
mlb_824131,mlb_663460,2026-04-05,KCR,MIL,Kris Bubic,0,1,15,4
mlb_824131,mlb_683232,2026-04-05,KCR,MIL,Nick Mears,0,0,3,0
mlb_824131,mlb_621381,2026-04-05,KCR,MIL,Matt Strahm,0,0,3,2
mlb_824131,mlb_674444,2026-04-05,KCR,MIL,Steven Cruz,0,0,3,0
mlb_824131,mlb_668674,2026-04-05,KCR,MIL,Lucas Erceg,0,0,3,2
mlb_824131,mlb_690986,2026-04-05,KCR,MIL,Kyle Harrison,1,1,16,2
mlb_824131,mlb_681982,2026-04-05,KCR,MIL,Grant Anderson,1,0,2,2
mlb_824131,mlb_682842,2026-04-05,KCR,MIL,Abner Uribe,1,0,1,1
mlb_824131,mlb_672582,2026-04-05,KCR,MIL,Angel Zerpa,1,0,5,0
mlb_824131,mlb_656730,2026-04-05,KCR,MIL,Trevor Megill,1,0,3,0
mlb_824296,mlb_672456,2026-04-05,DET,STL,Keider Montero,0,1,13,3
mlb_824296,mlb_646241,2026-04-05,DET,STL,Enmanuel De Jesus,0,0,8,2
mlb_824296,mlb_657756,2026-04-05,DET,STL,Connor Seabold,0,0,6,0
mlb_824296,mlb_681517,2026-04-05,DET,STL,Kyle Leahy,1,1,15,2
mlb_824296,mlb_666277,2026-04-05,DET,STL,George Soriano,1,0,1,1
mlb_824296,mlb_668941,2026-04-05,DET,STL,JoJo Romero,1,0,5,0
mlb_824296,mlb_592773,2026-04-05,DET,STL,Ryne Stanek,1,0,3,0
mlb_824296,mlb_676617,2026-04-05,DET,STL,Riley O'Brien,1,0,3,0
mlb_824379,mlb_608372,2026-04-05,COL,PHI,Tomoyuki Sugano,0,1,18,1
mlb_824379,mlb_677955,2026-04-05,COL,PHI,Jaden Hill,0,0,3,0
mlb_824379,mlb_657514,2026-04-05,COL,PHI,Brennan Bernardino,0,0,3,0
mlb_824379,mlb_680767,2026-04-05,COL,PHI,Victor Vodnik,0,0,3,0
mlb_824379,mlb_592836,2026-04-05,COL,PHI,Taijuan Walker,1,1,15,4
mlb_824379,mlb_641835,2026-04-05,COL,PHI,Tim Mayza,1,0,3,0
mlb_824379,mlb_621383,2026-04-05,COL,PHI,Tanner Banks,1,0,3,0
mlb_824379,mlb_679775,2026-04-05,COL,PHI,Kyle Backhus,1,0,3,0
mlb_824459,mlb_677944,2026-04-05,CLE,CHC,Slade Cecconi,0,1,18,0
mlb_824459,mlb_682120,2026-04-05,CLE,CHC,Tim Herrin,0,0,3,0
mlb_824459,mlb_641401,2026-04-05,CLE,CHC,Connor Brogdon,0,0,3,1
mlb_824459,mlb_688883,2026-04-05,CLE,CHC,Peyton Pallette,0,0,3,0
mlb_824459,mlb_665795,2026-04-05,CLE,CHC,Edward Cabrera,1,1,17,0
mlb_824459,mlb_573204,2026-04-05,CLE,CHC,Caleb Thielbar,1,0,4,0
mlb_824459,mlb_571948,2026-04-05,CLE,CHC,Hoby Milner,1,0,3,0
mlb_824459,mlb_694037,2026-04-05,CLE,CHC,Daniel Palencia,1,0,3,0
mlb_824460,mlb_800048,2026-04-05,CLE,CHC,Parker Messick,0,1,15,1
mlb_824460,mlb_670036,2026-04-05,CLE,CHC,Matt Festa,0,0,3,2
mlb_824460,mlb_681870,2026-04-05,CLE,CHC,Erik Sabrowski,0,0,2,0
mlb_824460,mlb_542888,2026-04-05,CLE,CHC,Shawn Armstrong,0,0,4,1
mlb_824460,mlb_671922,2026-04-05,CLE,CHC,Cade Smith,0,0,3,1
mlb_824460,mlb_684007,2026-04-05,CLE,CHC,Shota Imanaga,1,1,15,1
mlb_824460,mlb_676962,2026-04-05,CLE,CHC,Ben Brown,1,0,6,2
mlb_824460,mlb_657097,2026-04-05,CLE,CHC,Jacob Webb,1,0,1,3
mlb_824460,mlb_681799,2026-04-05,CLE,CHC,Ethan Roberts,1,0,2,0
mlb_824620,mlb_663436,2026-04-05,CHW,TOR,Davis Martin,0,1,18,0
mlb_824620,mlb_663542,2026-04-05,CHW,TOR,Bryan Hudson,0,0,2,0
mlb_824620,mlb_673929,2026-04-05,CHW,TOR,Jordan Leasure,0,0,4,0
mlb_824620,mlb_669684,2026-04-05,CHW,TOR,Chris Murphy,0,0,3,0
mlb_824620,mlb_641778,2026-04-05,CHW,TOR,Eric Lauer,1,1,6,2
mlb_824620,mlb_608723,2026-04-05,CHW,TOR,Austin Voth,1,0,8,1
mlb_824620,mlb_573009,2026-04-05,CHW,TOR,Joe Mantiply,1,0,4,0
mlb_824620,mlb_693686,2026-04-05,CHW,TOR,Spencer Miles,1,0,6,0
mlb_824781,mlb_624133,2026-04-05,BOS,SDP,Ranger Suarez,0,1,12,4
mlb_824781,mlb_669711,2026-04-05,BOS,SDP,Greg Weissert,0,0,3,2
mlb_824781,mlb_700413,2026-04-05,BOS,SDP,Tyler Uberstine,0,0,8,1
mlb_824781,mlb_543056,2026-04-05,BOS,SDP,Danny Coulombe,0,0,1,0
mlb_824781,mlb_677161,2026-04-05,BOS,SDP,Zack Kelly,0,0,3,1
mlb_824781,mlb_621111,2026-04-05,BOS,SDP,Walker Buehler,1,1,8,4
mlb_824781,mlb_606996,2026-04-05,BOS,SDP,Kyle Hart,1,0,7,0
mlb_824781,mlb_699134,2026-04-05,BOS,SDP,Bradgley Rodriguez,1,0,5,1
mlb_824781,mlb_593974,2026-04-05,BOS,SDP,Wandy Peralta,1,0,1,1
mlb_824781,mlb_669093,2026-04-05,BOS,SDP,Jeremiah Estrada,1,0,3,0
mlb_824781,mlb_695243,2026-04-05,BOS,SDP,Mason Miller,1,0,3,0
mlb_825025,mlb_682052,2026-04-05,ATH,HOU,Jacob Lopez,0,1,13,3
mlb_825025,mlb_686993,2026-04-05,ATH,HOU,Justin Sterner,0,0,4,0
mlb_825025,mlb_669372,2026-04-05,ATH,HOU,J.T. Ginn,0,0,4,2
mlb_825025,mlb_605130,2026-04-05,ATH,HOU,Scott Barlow,0,0,0,4
mlb_825025,mlb_643410,2026-04-05,ATH,HOU,Mark Leiter Jr.,0,0,3,0
mlb_825025,mlb_663687,2026-04-05,ATH,HOU,Hogan Harris,0,0,4,1
mlb_825025,mlb_665660,2026-04-05,ATH,HOU,Elvis Alvarado,0,0,2,0
mlb_825025,mlb_621121,2026-04-05,ATH,HOU,Lance McCullers Jr.,1,1,12,3
mlb_825025,mlb_595345,2026-04-05,ATH,HOU,Steven Okert,1,0,1,2
mlb_825025,mlb_805123,2026-04-05,ATH,HOU,AJ Blubaugh,1,0,6,4
mlb_825025,mlb_685005,2026-04-05,ATH,HOU,Christian Roa,1,0,2,0
mlb_825025,mlb_687911,2026-04-05,ATH,HOU,Bryan King,1,0,5,0
mlb_825025,mlb_650556,2026-04-05,ATH,HOU,Bryan Abreu,1,0,1,3
mlb_825102,mlb_694297,2026-04-05,ARI,ATL,Brandon Pfaadt,0,1,14,3
mlb_825102,mlb_664199,2026-04-05,ARI,ATL,Taylor Clarke,0,0,4,0
mlb_825102,mlb_657044,2026-04-05,ARI,ATL,Ryan Thompson,0,0,3,1
mlb_825102,mlb_656464,2026-04-05,ARI,ATL,Kevin Ginkel,0,0,3,0
mlb_825102,mlb_642528,2026-04-05,ARI,ATL,Jonathan Loáisiga,0,0,3,1
mlb_825102,mlb_688497,2026-04-05,ARI,ATL,Taylor Rashi,0,0,3,0
mlb_825102,mlb_527048,2026-04-05,ARI,ATL,Martín Pérez,1,1,15,4
mlb_825102,mlb_641755,2026-04-05,ARI,ATL,Tyler Kinley,1,0,3,0
mlb_825102,mlb_669276,2026-04-05,ARI,ATL,Dylan Lee,1,0,3,1
mlb_825102,mlb_663158,2026-04-05,ARI,ATL,Robert Suarez,1,0,3,0
mlb_825102,mlb_628452,2026-04-05,ARI,ATL,Raisel Iglesias,1,0,3,0
mlb_825102,mlb_606303,2026-04-05,ARI,ATL,Joel Payamps,1,0,0,1
mlb_822755,mlb_641793,2026-04-06,WSN,STL,Zack Littell,0,1,15,1
mlb_822755,mlb_686610,2026-04-06,WSN,STL,Ken Waldichuk,0,0,7,3
mlb_822755,mlb_701552,2026-04-06,WSN,STL,Andre Granillo,0,0,2,2
mlb_822755,mlb_672335,2026-04-06,WSN,STL,Cionel Pérez,0,0,3,0
mlb_822755,mlb_669467,2026-04-06,WSN,STL,Andre Pallante,1,1,15,2
mlb_822755,mlb_677865,2026-04-06,WSN,STL,Justin Bruihl,1,0,2,1
mlb_822755,mlb_668941,2026-04-06,WSN,STL,JoJo Romero,1,0,3,0
mlb_822755,mlb_592773,2026-04-06,WSN,STL,Ryne Stanek,1,0,2,3
mlb_822755,mlb_694335,2026-04-06,WSN,STL,Matt Svanson,1,0,2,3
mlb_822832,mlb_453286,2026-04-06,TOR,LAD,Max Scherzer,0,1,6,2
mlb_822832,mlb_676596,2026-04-06,TOR,LAD,Josh Fleming,0,0,9,4
mlb_822832,mlb_573009,2026-04-06,TOR,LAD,Joe Mantiply,0,0,2,3
mlb_822832,mlb_667297,2026-04-06,TOR,LAD,Tommy Nance,0,0,4,4
mlb_822832,mlb_693686,2026-04-06,TOR,LAD,Spencer Miles,0,0,3,1
mlb_822832,mlb_623168,2026-04-06,TOR,LAD,Tyler Heineman,0,0,3,0
mlb_822832,mlb_680736,2026-04-06,TOR,LAD,Justin Wrobleski,1,1,15,1
mlb_822832,mlb_694361,2026-04-06,TOR,LAD,Will Klein,1,0,6,0
mlb_822832,mlb_683618,2026-04-06,TOR,LAD,Edgardo Henriquez,1,0,3,0
mlb_822832,mlb_500743,2026-04-06,TOR,LAD,Miguel Rojas,1,0,3,1
mlb_822918,mlb_594798,2026-04-06,TEX,SEA,Jacob deGrom,0,1,15,1
mlb_822918,mlb_656222,2026-04-06,TEX,SEA,Jalen Beeks,0,0,3,0
mlb_822918,mlb_641302,2026-04-06,TEX,SEA,Tyler Alexander,0,0,2,0
mlb_822918,mlb_668390,2026-04-06,TEX,SEA,Cole Winn,0,0,1,0
mlb_822918,mlb_676395,2026-04-06,TEX,SEA,Robert Garcia,0,0,3,0
mlb_822918,mlb_596001,2026-04-06,TEX,SEA,Jakob Junis,0,0,3,0
mlb_822918,mlb_669302,2026-04-06,TEX,SEA,Logan Gilbert,1,1,18,2
mlb_822918,mlb_678606,2026-04-06,TEX,SEA,Jose A. Ferrer,1,0,3,0
mlb_822918,mlb_681867,2026-04-06,TEX,SEA,Cooper Criswell,1,0,3,0
mlb_823002,mlb_663556,2026-04-06,TBR,CHC,Shane McClanahan,0,1,12,2
mlb_823002,mlb_687330,2026-04-06,TBR,CHC,Kevin Kelly,0,0,3,0
mlb_823002,mlb_693855,2026-04-06,TBR,CHC,Ian Seymour,0,0,4,1
mlb_823002,mlb_685801,2026-04-06,TBR,CHC,Hunter Bigge,0,0,5,0
mlb_823002,mlb_641329,2026-04-06,TBR,CHC,Bryan Baker,0,0,3,1
mlb_823002,mlb_592791,2026-04-06,TBR,CHC,Jameson Taillon,1,1,18,4
mlb_823002,mlb_664208,2026-04-06,TBR,CHC,Phil Maton,1,0,3,2
mlb_823002,mlb_702303,2026-04-06,TBR,CHC,Riley Martin,1,0,3,0
mlb_823237,mlb_605288,2026-04-06,SFG,PHI,Adrian Houser,0,1,18,4
mlb_823237,mlb_621366,2026-04-06,SFG,PHI,Ryan Borucki,0,0,1,2
mlb_823237,mlb_668873,2026-04-06,SFG,PHI,Caleb Kilian,0,0,2,0
mlb_823237,mlb_657424,2026-04-06,SFG,PHI,Matt Gage,0,0,3,0
mlb_823237,mlb_694918,2026-04-06,SFG,PHI,Blade Tidwell,0,0,3,0
mlb_823237,mlb_691725,2026-04-06,SFG,PHI,Andrew Painter,1,1,12,4
mlb_823237,mlb_641835,2026-04-06,SFG,PHI,Tim Mayza,1,0,3,0
mlb_823237,mlb_680742,2026-04-06,SFG,PHI,Jonathan Bowlan,1,0,3,0
mlb_823237,mlb_621237,2026-04-06,SFG,PHI,José Alvarado,1,0,3,0
mlb_823237,mlb_641745,2026-04-06,SFG,PHI,Brad Keller,1,0,3,0
mlb_823237,mlb_661395,2026-04-06,SFG,PHI,Jhoan Duran,1,0,3,0
mlb_823401,mlb_696149,2026-04-06,PIT,SDP,Bubba Chandler,0,1,13,3
mlb_823401,mlb_670990,2026-04-06,PIT,SDP,Yohan Ramírez,0,0,5,1
mlb_823401,mlb_676755,2026-04-06,PIT,SDP,Isaac Mattson,0,0,3,0
mlb_823401,mlb_664875,2026-04-06,PIT,SDP,Justin Lawrence,0,0,3,1
mlb_823401,mlb_642397,2026-04-06,PIT,SDP,Gregory Soto,0,0,3,0
mlb_823401,mlb_608566,2026-04-06,PIT,SDP,Germán Márquez,1,1,15,0
mlb_823401,mlb_676760,2026-04-06,PIT,SDP,Ron Marinaccio,1,0,6,0
mlb_823401,mlb_688158,2026-04-06,PIT,SDP,David Morgan,1,0,6,0
mlb_823728,mlb_657746,2026-04-06,MIN,DET,Joe Ryan,0,1,15,3
mlb_823728,mlb_607455,2026-04-06,MIN,DET,Anthony Banda,0,0,3,0
mlb_823728,mlb_679358,2026-04-06,MIN,DET,Eric Orze,0,0,2,0
mlb_823728,mlb_681892,2026-04-06,MIN,DET,Kody Funderburk,0,0,2,0
mlb_823728,mlb_689520,2026-04-06,MIN,DET,Cody Laweryson,0,0,5,0
mlb_823728,mlb_663554,2026-04-06,MIN,DET,Casey Mize,1,1,13,5
mlb_823728,mlb_623454,2026-04-06,MIN,DET,Drew Anderson,1,0,9,1
mlb_823728,mlb_676428,2026-04-06,MIN,DET,Brant Hurter,1,0,2,1
mlb_823886,mlb_676083,2026-04-06,MIA,CIN,Janson Junk,0,1,22,2
mlb_823886,mlb_663969,2026-04-06,MIA,CIN,Tyler Phillips,0,0,5,0
mlb_823886,mlb_682227,2026-04-06,MIA,CIN,Brandon Williamson,1,1,20,0
mlb_823886,mlb_656271,2026-04-06,MIA,CIN,Brock Burke,1,0,1,0
mlb_823886,mlb_663574,2026-04-06,MIA,CIN,Tony Santillan,1,0,3,0
mlb_823886,mlb_641941,2026-04-06,MIA,CIN,Emilio Pagán,1,0,3,0
mlb_824052,mlb_667755,2026-04-06,LAA,ATL,José Soriano,0,1,24,1
mlb_824052,mlb_681217,2026-04-06,LAA,ATL,Chase Silseth,0,0,2,1
mlb_824052,mlb_605447,2026-04-06,LAA,ATL,Jordan Romano,0,0,1,0
mlb_824052,mlb_519242,2026-04-06,LAA,ATL,Chris Sale,1,1,12,6
mlb_824052,mlb_606303,2026-04-06,LAA,ATL,Joel Payamps,1,0,3,0
mlb_824052,mlb_607481,2026-04-06,LAA,ATL,Aaron Bummer,1,0,3,0
mlb_824052,mlb_674370,2026-04-06,LAA,ATL,Osvaldo Bido,1,0,6,0
mlb_824376,mlb_663372,2026-04-06,COL,HOU,Ryan Feltner,0,1,16,4
mlb_824376,mlb_623474,2026-04-06,COL,HOU,Jimmy Herget,0,0,5,1
mlb_824376,mlb_688642,2026-04-06,COL,HOU,Zach Agnos,0,0,1,2
mlb_824376,mlb_675848,2026-04-06,COL,HOU,Juan Mejia,0,0,5,0
mlb_824376,mlb_675989,2026-04-06,COL,HOU,Cody Bolton,1,1,13,2
mlb_824376,mlb_680802,2026-04-06,COL,HOU,Ryan Weiss,1,0,8,7
mlb_824376,mlb_660853,2026-04-06,COL,HOU,Enyel De Los Santos,1,0,3,0
mlb_824456,mlb_676440,2026-04-06,CLE,KCR,Tanner Bibee,0,1,14,1
mlb_824456,mlb_682120,2026-04-06,CLE,KCR,Tim Herrin,0,0,1,0
mlb_824456,mlb_688883,2026-04-06,CLE,KCR,Peyton Pallette,0,0,6,1
mlb_824456,mlb_663465,2026-04-06,CLE,KCR,Kolby Allard,0,0,6,2
mlb_824456,mlb_608379,2026-04-06,CLE,KCR,Michael Wacha,1,1,21,1
mlb_824456,mlb_621381,2026-04-06,CLE,KCR,Matt Strahm,1,0,3,1
mlb_824456,mlb_668674,2026-04-06,CLE,KCR,Lucas Erceg,1,0,3,0
mlb_824619,mlb_691799,2026-04-06,CHW,BAL,Grant Taylor,0,1,3,0
mlb_824619,mlb_607200,2026-04-06,CHW,BAL,Erick Fedde,0,0,18,2
mlb_824619,mlb_608371,2026-04-06,CHW,BAL,Lucas Sims,0,0,6,0
mlb_824619,mlb_687064,2026-04-06,CHW,BAL,Brandon Young,1,1,15,0
mlb_824619,mlb_669330,2026-04-06,CHW,BAL,Tyler Wells,1,0,6,0
mlb_824619,mlb_670329,2026-04-06,CHW,BAL,Rico Garcia,1,0,3,0
mlb_824619,mlb_664854,2026-04-06,CHW,BAL,Ryan Helsley,1,0,3,1
mlb_824783,mlb_678394,2026-04-06,BOS,MIL,Brayan Bello,0,1,10,4
mlb_824783,mlb_543056,2026-04-06,BOS,MIL,Danny Coulombe,0,0,2,0
mlb_824783,mlb_663558,2026-04-06,BOS,MIL,Jovani Morán,0,0,9,1
mlb_824783,mlb_676477,2026-04-06,BOS,MIL,Garrett Whitlock,0,0,3,2
mlb_824783,mlb_670245,2026-04-06,BOS,MIL,Ryan Watson,0,0,3,1
mlb_824783,mlb_605540,2026-04-06,BOS,MIL,Brandon Woodruff,1,1,17,5
mlb_824783,mlb_676879,2026-04-06,BOS,MIL,Aaron Ashby,1,0,4,0
mlb_824783,mlb_681982,2026-04-06,BOS,MIL,Grant Anderson,1,0,3,0
mlb_824783,mlb_672582,2026-04-06,BOS,MIL,Angel Zerpa,1,0,3,1
mlb_822754,mlb_676917,2026-04-07,WSN,STL,Cade Cavalli,0,1,14,2
mlb_822754,mlb_687606,2026-04-07,WSN,STL,Paxton Schultz,0,0,3,0
mlb_822754,mlb_676571,2026-04-07,WSN,STL,PJ Poulin,0,0,4,1
mlb_822754,mlb_681402,2026-04-07,WSN,STL,Gus Varland,0,0,3,2
mlb_822754,mlb_690925,2026-04-07,WSN,STL,Clayton Beeter,0,0,3,0
mlb_822754,mlb_669371,2026-04-07,WSN,STL,Cole Henry,0,0,3,2
mlb_822754,mlb_669461,2026-04-07,WSN,STL,Matthew Liberatore,1,1,15,4
mlb_822754,mlb_700669,2026-04-07,WSN,STL,Gordon Graceffo,1,0,6,1
mlb_822754,mlb_666277,2026-04-07,WSN,STL,George Soriano,1,0,6,0
mlb_822754,mlb_676617,2026-04-07,WSN,STL,Riley O'Brien,1,0,3,1
mlb_822831,mlb_592332,2026-04-07,TOR,LAD,Kevin Gausman,0,1,16,3
mlb_822831,mlb_689254,2026-04-07,TOR,LAD,Mason Fluharty,0,0,4,0
mlb_822831,mlb_686973,2026-04-07,TOR,LAD,Louis Varland,0,0,4,0
mlb_822831,mlb_656546,2026-04-07,TOR,LAD,Jeff Hoffman,0,0,3,1
mlb_822831,mlb_808967,2026-04-07,TOR,LAD,Yoshinobu Yamamoto,1,1,18,1
mlb_822831,mlb_681911,2026-04-07,TOR,LAD,Alex Vesia,1,0,3,0
mlb_822831,mlb_595014,2026-04-07,TOR,LAD,Blake Treinen,1,0,3,0
mlb_822831,mlb_621242,2026-04-07,TOR,LAD,Edwin Díaz,1,0,3,0
mlb_822916,mlb_543135,2026-04-07,TEX,SEA,Nathan Eovaldi,0,1,18,2
mlb_822916,mlb_656641,2026-04-07,TEX,SEA,Jacob Latz,0,0,6,0
mlb_822916,mlb_596001,2026-04-07,TEX,SEA,Jakob Junis,0,0,3,0
mlb_822916,mlb_669923,2026-04-07,TEX,SEA,George Kirby,1,1,24,3
mlb_822999,mlb_669438,2026-04-07,TBR,CHC,Mason Englert,0,1,11,4
mlb_822999,mlb_642121,2026-04-07,TBR,CHC,Cole Sulser,0,0,7,1
mlb_822999,mlb_672782,2026-04-07,TBR,CHC,Yoendrys Gómez,0,0,9,4
mlb_822999,mlb_665871,2026-04-07,TBR,CHC,Javier Assad,1,1,17,0
mlb_822999,mlb_571948,2026-04-07,TBR,CHC,Hoby Milner,1,0,4,0
mlb_822999,mlb_664208,2026-04-07,TBR,CHC,Phil Maton,1,0,2,2
mlb_822999,mlb_573204,2026-04-07,TBR,CHC,Caleb Thielbar,1,0,1,0
mlb_822999,mlb_657097,2026-04-07,TBR,CHC,Jacob Webb,1,0,3,0
mlb_823235,mlb_592662,2026-04-07,SFG,PHI,Robbie Ray,0,1,20,0
mlb_823235,mlb_676254,2026-04-07,SFG,PHI,Ryan Walker,0,0,4,0
mlb_823235,mlb_676775,2026-04-07,SFG,PHI,Keaton Winn,0,0,3,0
mlb_823235,mlb_650911,2026-04-07,SFG,PHI,Cristopher Sánchez,1,1,15,4
mlb_823235,mlb_647315,2026-04-07,SFG,PHI,Zach Pop,1,0,3,0
mlb_823235,mlb_621383,2026-04-07,SFG,PHI,Tanner Banks,1,0,3,0
mlb_823235,mlb_689147,2026-04-07,SFG,PHI,Orion Kerkering,1,0,3,2
mlb_823402,mlb_694973,2026-04-07,PIT,SDP,Paul Skenes,0,1,19,1
mlb_823402,mlb_676755,2026-04-07,PIT,SDP,Isaac Mattson,0,0,2,0
mlb_823402,mlb_642397,2026-04-07,PIT,SDP,Gregory Soto,0,0,3,0
mlb_823402,mlb_670990,2026-04-07,PIT,SDP,Yohan Ramírez,0,0,3,0
mlb_823402,mlb_601713,2026-04-07,PIT,SDP,Nick Pivetta,1,1,15,2
mlb_823402,mlb_699134,2026-04-07,PIT,SDP,Bradgley Rodriguez,1,0,3,0
mlb_823402,mlb_593974,2026-04-07,PIT,SDP,Wandy Peralta,1,0,3,0
mlb_823402,mlb_670970,2026-04-07,PIT,SDP,Adrian Morejon,1,0,1,5
mlb_823402,mlb_676760,2026-04-07,PIT,SDP,Ron Marinaccio,1,0,2,0
mlb_823567,mlb_693645,2026-04-07,NYY,ATH,Cam Schlittler,0,1,15,3
mlb_823567,mlb_656234,2026-04-07,NYY,ATH,Jake Bird,0,0,2,0
mlb_823567,mlb_687396,2026-04-07,NYY,ATH,Brent Headrick,0,0,3,0
mlb_823567,mlb_518585,2026-04-07,NYY,ATH,Fernando Cruz,0,0,4,0
mlb_823567,mlb_670280,2026-04-07,NYY,ATH,David Bednar,0,0,3,0
mlb_823567,mlb_650644,2026-04-07,NYY,ATH,Aaron Civale,1,1,15,1
mlb_823567,mlb_686993,2026-04-07,NYY,ATH,Justin Sterner,1,0,6,0
mlb_823567,mlb_643410,2026-04-07,NYY,ATH,Mark Leiter Jr.,1,0,2,4
mlb_823567,mlb_669270,2026-04-07,NYY,ATH,Joel Kuhnel,1,0,1,0
mlb_823648,mlb_642547,2026-04-07,NYM,ARI,Freddy Peralta,0,1,14,3
mlb_823648,mlb_623211,2026-04-07,NYM,ARI,Huascar Brazobán,0,0,1,0
mlb_823648,mlb_472610,2026-04-07,NYM,ARI,Luis García,0,0,6,0
mlb_823648,mlb_548384,2026-04-07,NYM,ARI,Brooks Raley,0,0,3,0
mlb_823648,mlb_642207,2026-04-07,NYM,ARI,Devin Williams,0,0,3,0
mlb_823648,mlb_596133,2026-04-07,NYM,ARI,Luke Weaver,0,0,3,0
mlb_823648,mlb_668678,2026-04-07,NYM,ARI,Zac Gallen,1,1,15,2
mlb_823648,mlb_657044,2026-04-07,NYM,ARI,Ryan Thompson,1,0,3,0
mlb_823648,mlb_666661,2026-04-07,NYM,ARI,Juan Morillo,1,0,3,0
mlb_823648,mlb_642528,2026-04-07,NYM,ARI,Jonathan Loáisiga,1,0,3,1
mlb_823648,mlb_656464,2026-04-07,NYM,ARI,Kevin Ginkel,1,0,3,0
mlb_823648,mlb_623149,2026-04-07,NYM,ARI,Paul Sewald,1,0,1,1
mlb_823727,mlb_671737,2026-04-07,MIN,DET,Taj Bradley,0,1,19,1
mlb_823727,mlb_573124,2026-04-07,MIN,DET,Taylor Rogers,0,0,3,0
mlb_823727,mlb_663485,2026-04-07,MIN,DET,Cole Sands,0,0,1,0
mlb_823727,mlb_679358,2026-04-07,MIN,DET,Eric Orze,0,0,2,1
mlb_823727,mlb_623437,2026-04-07,MIN,DET,Justin Topa,0,0,2,0
mlb_823727,mlb_669373,2026-04-07,MIN,DET,Tarik Skubal,1,1,14,4
mlb_823727,mlb_663947,2026-04-07,MIN,DET,Tyler Holton,1,0,4,0
mlb_823727,mlb_657756,2026-04-07,MIN,DET,Connor Seabold,1,0,6,0
mlb_823887,mlb_645261,2026-04-07,MIA,CIN,Sandy Alcantara,0,1,25,2
mlb_823887,mlb_669622,2026-04-07,MIA,CIN,Anthony Bender,0,0,2,0
mlb_823887,mlb_676534,2026-04-07,MIA,CIN,Calvin Faucher,0,0,1,4
mlb_823887,mlb_667463,2026-04-07,MIA,CIN,John King,0,0,2,0
mlb_823887,mlb_671096,2026-04-07,MIA,CIN,Andrew Abbott,1,1,16,2
mlb_823887,mlb_572955,2026-04-07,MIA,CIN,Pierce Johnson,1,0,2,0
mlb_823887,mlb_683742,2026-04-07,MIA,CIN,Jose Franco,1,0,6,0
mlb_823887,mlb_641941,2026-04-07,MIA,CIN,Emilio Pagán,1,0,3,0
mlb_823887,mlb_668933,2026-04-07,MIA,CIN,Graham Ashcraft,1,0,3,1
mlb_824051,mlb_579328,2026-04-07,LAA,ATL,Yusei Kikuchi,0,1,15,4
mlb_824051,mlb_641312,2026-04-07,LAA,ATL,Shaun Anderson,0,0,9,3
mlb_824051,mlb_815083,2026-04-07,LAA,ATL,Mitch Farris,0,0,3,0
mlb_824051,mlb_625643,2026-04-07,LAA,ATL,Reynaldo López,1,1,14,2
mlb_824051,mlb_641755,2026-04-07,LAA,ATL,Tyler Kinley,1,0,2,0
mlb_824051,mlb_669276,2026-04-07,LAA,ATL,Dylan Lee,1,0,2,0
mlb_824051,mlb_663158,2026-04-07,LAA,ATL,Robert Suarez,1,0,3,0
mlb_824051,mlb_607481,2026-04-07,LAA,ATL,Aaron Bummer,1,0,1,0
mlb_824051,mlb_628452,2026-04-07,LAA,ATL,Raisel Iglesias,1,0,5,0
mlb_824375,mlb_607536,2026-04-07,COL,HOU,Kyle Freeland,0,1,19,1
mlb_824375,mlb_622608,2026-04-07,COL,HOU,Antonio Senzatela,0,0,8,0
mlb_824375,mlb_681347,2026-04-07,COL,HOU,Mike Burrows,1,1,16,3
mlb_824375,mlb_595345,2026-04-07,COL,HOU,Steven Okert,1,0,3,1
mlb_824375,mlb_678906,2026-04-07,COL,HOU,Kai-Wei Teng,1,0,2,1
mlb_824375,mlb_685005,2026-04-07,COL,HOU,Christian Roa,1,0,3,0
mlb_824457,mlb_668909,2026-04-07,CLE,KCR,Gavin Williams,0,1,17,1
mlb_824457,mlb_682120,2026-04-07,CLE,KCR,Tim Herrin,0,0,1,0
mlb_824457,mlb_681870,2026-04-07,CLE,KCR,Erik Sabrowski,0,0,3,0
mlb_824457,mlb_542888,2026-04-07,CLE,KCR,Shawn Armstrong,0,0,3,0
mlb_824457,mlb_671922,2026-04-07,CLE,KCR,Cade Smith,0,0,3,0
mlb_824457,mlb_702070,2026-04-07,CLE,KCR,Noah Cameron,1,1,17,1
mlb_824457,mlb_663738,2026-04-07,CLE,KCR,Daniel Lynch IV,1,0,4,0
mlb_824457,mlb_683232,2026-04-07,CLE,KCR,Nick Mears,1,0,3,0
mlb_824457,mlb_670167,2026-04-07,CLE,KCR,John Schreiber,1,0,1,1
mlb_824618,mlb_681343,2026-04-07,CHW,BAL,Shane Smith,0,1,11,0
mlb_824618,mlb_656794,2026-04-07,CHW,BAL,Sean Newcomb,0,0,4,1
mlb_824618,mlb_673929,2026-04-07,CHW,BAL,Jordan Leasure,0,0,3,0
mlb_824618,mlb_663855,2026-04-07,CHW,BAL,Jordan Hicks,0,0,4,2
mlb_824618,mlb_669684,2026-04-07,CHW,BAL,Chris Murphy,0,0,2,1
mlb_824618,mlb_663542,2026-04-07,CHW,BAL,Bryan Hudson,0,0,3,0
mlb_824618,mlb_669432,2026-04-07,CHW,BAL,Trevor Rogers,1,1,18,2
mlb_824618,mlb_666974,2026-04-07,CHW,BAL,Yennier Cano,1,0,3,0
mlb_824618,mlb_664991,2026-04-07,CHW,BAL,Grant Wolfram,1,0,2,0
mlb_824618,mlb_689296,2026-04-07,CHW,BAL,Anthony Nunez,1,0,1,0
mlb_824618,mlb_664854,2026-04-07,CHW,BAL,Ryan Helsley,1,0,3,0
mlb_824780,mlb_676979,2026-04-07,BOS,MIL,Garrett Crochet,0,1,19,2
mlb_824780,mlb_677161,2026-04-07,BOS,MIL,Zack Kelly,0,0,2,0
mlb_824780,mlb_676477,2026-04-07,BOS,MIL,Garrett Whitlock,0,0,3,0
mlb_824780,mlb_547973,2026-04-07,BOS,MIL,Aroldis Chapman,0,0,3,0
mlb_824780,mlb_694819,2026-04-07,BOS,MIL,Jacob Misiorowski,1,1,16,3
mlb_824780,mlb_669084,2026-04-07,BOS,MIL,DL Hall,1,0,7,0
mlb_824780,mlb_663765,2026-04-07,BOS,MIL,Jake Woodford,1,0,1,0
mlb_822753,mlb_571945,2026-04-08,WSN,STL,Miles Mikolas,0,1,9,2
mlb_822753,mlb_695418,2026-04-08,WSN,STL,Brad Lord,0,0,9,1
mlb_822753,mlb_672335,2026-04-08,WSN,STL,Cionel Pérez,0,0,3,1
mlb_822753,mlb_669371,2026-04-08,WSN,STL,Cole Henry,0,0,5,2
mlb_822753,mlb_676571,2026-04-08,WSN,STL,PJ Poulin,0,0,1,0
mlb_822753,mlb_700241,2026-04-08,WSN,STL,Michael McGreevy,1,1,18,1
mlb_822753,mlb_694335,2026-04-08,WSN,STL,Matt Svanson,1,0,5,0
mlb_822753,mlb_677865,2026-04-08,WSN,STL,Justin Bruihl,1,0,1,0
mlb_822753,mlb_676617,2026-04-08,WSN,STL,Riley O'Brien,1,0,3,0
mlb_822833,mlb_656302,2026-04-08,TOR,LAD,Dylan Cease,0,1,15,2
mlb_822833,mlb_686973,2026-04-08,TOR,LAD,Louis Varland,0,0,3,0
mlb_822833,mlb_689254,2026-04-08,TOR,LAD,Mason Fluharty,0,0,1,1
mlb_822833,mlb_643511,2026-04-08,TOR,LAD,Tyler Rogers,0,0,5,0
mlb_822833,mlb_656546,2026-04-08,TOR,LAD,Jeff Hoffman,0,0,3,0
mlb_822833,mlb_660271,2026-04-08,TOR,LAD,Shohei Ohtani,1,1,18,1
mlb_822833,mlb_676263,2026-04-08,TOR,LAD,Jack Dreyer,1,0,1,2
mlb_822833,mlb_595014,2026-04-08,TOR,LAD,Blake Treinen,1,0,2,0
mlb_822833,mlb_676508,2026-04-08,TOR,LAD,Ben Casparius,1,0,3,1
mlb_822915,mlb_669022,2026-04-08,TEX,SEA,MacKenzie Gore,0,1,15,0
mlb_822915,mlb_455119,2026-04-08,TEX,SEA,Chris Martin,0,0,3,0
mlb_822915,mlb_681168,2026-04-08,TEX,SEA,Luis Curvelo,0,0,6,0
mlb_822915,mlb_668390,2026-04-08,TEX,SEA,Cole Winn,0,0,3,0
mlb_822915,mlb_693433,2026-04-08,TEX,SEA,Bryan Woo,1,1,15,3
mlb_822915,mlb_678606,2026-04-08,TEX,SEA,Jose A. Ferrer,1,0,3,0
mlb_822915,mlb_660825,2026-04-08,TEX,SEA,Eduard Bazardo,1,0,3,0
mlb_822915,mlb_642100,2026-04-08,TEX,SEA,Gabe Speier,1,0,3,0
mlb_823000,mlb_671212,2026-04-08,TBR,CHC,Joe Boyle,0,1,13,6
mlb_823000,mlb_669947,2026-04-08,TBR,CHC,Jesse Scholtens,0,0,14,0
mlb_823000,mlb_607067,2026-04-08,TBR,CHC,Colin Rea,1,1,15,1
mlb_823000,mlb_571948,2026-04-08,TBR,CHC,Hoby Milner,1,0,3,0
mlb_823000,mlb_676962,2026-04-08,TBR,CHC,Ben Brown,1,0,6,1
mlb_823000,mlb_640451,2026-04-08,TBR,CHC,Hunter Harvey,1,0,3,0
mlb_823234,mlb_641816,2026-04-08,SFG,PHI,Tyler Mahle,0,1,17,0
mlb_823234,mlb_657424,2026-04-08,SFG,PHI,Matt Gage,0,0,2,0
mlb_823234,mlb_668873,2026-04-08,SFG,PHI,Caleb Kilian,0,0,2,0
mlb_823234,mlb_694918,2026-04-08,SFG,PHI,Blade Tidwell,0,0,3,0
mlb_823234,mlb_669062,2026-04-08,SFG,PHI,Erik Miller,0,0,3,0
mlb_823234,mlb_605400,2026-04-08,SFG,PHI,Aaron Nola,1,1,18,3
mlb_823234,mlb_680742,2026-04-08,SFG,PHI,Jonathan Bowlan,1,0,3,0
mlb_823234,mlb_621237,2026-04-08,SFG,PHI,José Alvarado,1,0,2,2
mlb_823234,mlb_647315,2026-04-08,SFG,PHI,Zach Pop,1,0,1,0
mlb_823403,mlb_656605,2026-04-08,PIT,SDP,Mitch Keller,0,1,18,0
mlb_823403,mlb_664875,2026-04-08,PIT,SDP,Justin Lawrence,0,0,3,4
mlb_823403,mlb_664353,2026-04-08,PIT,SDP,José Urquidy,0,0,6,4
mlb_823403,mlb_650633,2026-04-08,PIT,SDP,Michael King,1,1,18,2
mlb_823403,mlb_606996,2026-04-08,PIT,SDP,Kyle Hart,1,0,3,0
mlb_823403,mlb_669093,2026-04-08,PIT,SDP,Jeremiah Estrada,1,0,3,0
mlb_823403,mlb_695243,2026-04-08,PIT,SDP,Mason Miller,1,0,3,0
mlb_823564,mlb_701542,2026-04-08,NYY,ATH,Will Warren,0,1,14,2
mlb_823564,mlb_657612,2026-04-08,NYY,ATH,Tim Hill,0,0,4,0
mlb_823564,mlb_666808,2026-04-08,NYY,ATH,Camilo Doval,0,0,3,0
mlb_823564,mlb_687396,2026-04-08,NYY,ATH,Brent Headrick,0,0,3,0
mlb_823564,mlb_670280,2026-04-08,NYY,ATH,David Bednar,0,0,3,1
mlb_823564,mlb_622663,2026-04-08,NYY,ATH,Luis Severino,1,1,15,2
mlb_823564,mlb_605130,2026-04-08,NYY,ATH,Scott Barlow,1,0,5,0
mlb_823564,mlb_663687,2026-04-08,NYY,ATH,Hogan Harris,1,0,2,0
mlb_823564,mlb_665660,2026-04-08,NYY,ATH,Elvis Alvarado,1,0,2,0
mlb_823564,mlb_669270,2026-04-08,NYY,ATH,Joel Kuhnel,1,0,3,0
mlb_823646,mlb_656849,2026-04-08,NYM,ARI,David Peterson,0,1,15,5
mlb_823646,mlb_640455,2026-04-08,NYM,ARI,Sean Manaea,0,0,12,2
mlb_823646,mlb_669194,2026-04-08,NYM,ARI,Ryne Nelson,1,1,17,1
mlb_823646,mlb_657044,2026-04-08,NYM,ARI,Ryan Thompson,1,0,1,0
mlb_823646,mlb_694851,2026-04-08,NYM,ARI,Andrew Hoffmann,1,0,6,1
mlb_823646,mlb_664199,2026-04-08,NYM,ARI,Taylor Clarke,1,0,3,0
mlb_823726,mlb_641927,2026-04-08,MIN,DET,Bailey Ober,0,1,17,2
mlb_823726,mlb_623437,2026-04-08,MIN,DET,Justin Topa,0,0,1,0
mlb_823726,mlb_607455,2026-04-08,MIN,DET,Anthony Banda,0,0,2,4
mlb_823726,mlb_663485,2026-04-08,MIN,DET,Cole Sands,0,0,1,0
mlb_823726,mlb_689520,2026-04-08,MIN,DET,Cody Laweryson,0,0,4,0
mlb_823726,mlb_681892,2026-04-08,MIN,DET,Kody Funderburk,0,0,2,0
mlb_823726,mlb_664285,2026-04-08,MIN,DET,Framber Valdez,1,1,15,8
mlb_823726,mlb_646241,2026-04-08,MIN,DET,Enmanuel De Jesus,1,0,3,0
mlb_823726,mlb_640448,2026-04-08,MIN,DET,Kyle Finnegan,1,0,3,0
mlb_823726,mlb_676684,2026-04-08,MIN,DET,Will Vest,1,0,3,0
mlb_823885,mlb_691587,2026-04-08,MIA,CIN,Eury Pérez,0,1,15,4
mlb_823885,mlb_687473,2026-04-08,MIA,CIN,Ryan Gusto,0,0,3,0
mlb_823885,mlb_677053,2026-04-08,MIA,CIN,Andrew Nardi,0,0,3,0
mlb_823885,mlb_669199,2026-04-08,MIA,CIN,Lake Bachar,0,0,3,0
mlb_823885,mlb_656848,2026-04-08,MIA,CIN,Michael Petersen,0,0,3,0
mlb_823885,mlb_663903,2026-04-08,MIA,CIN,Brady Singer,1,1,8,6
mlb_823885,mlb_594580,2026-04-08,MIA,CIN,Sam Moll,1,0,7,0
mlb_823885,mlb_683175,2026-04-08,MIA,CIN,Connor Phillips,1,0,6,1
mlb_823885,mlb_572955,2026-04-08,MIA,CIN,Pierce Johnson,1,0,3,0
mlb_824050,mlb_672282,2026-04-08,LAA,ATL,Reid Detmers,0,1,13,6
mlb_824050,mlb_666171,2026-04-08,LAA,ATL,Ryan Zeferjahn,0,0,5,2
mlb_824050,mlb_696147,2026-04-08,LAA,ATL,Sam Bachman,0,0,3,0
mlb_824050,mlb_608718,2026-04-08,LAA,ATL,Brent Suter,0,0,6,0
mlb_824050,mlb_656550,2026-04-08,LAA,ATL,Grant Holmes,1,1,20,2
mlb_824050,mlb_606303,2026-04-08,LAA,ATL,Joel Payamps,1,0,1,0
mlb_824050,mlb_660761,2026-04-08,LAA,ATL,José Suarez,1,0,6,0
mlb_824374,mlb_547179,2026-04-08,COL,HOU,Michael Lorenzen,0,1,17,1
mlb_824374,mlb_688642,2026-04-08,COL,HOU,Zach Agnos,0,0,10,0
mlb_824374,mlb_664299,2026-04-08,COL,HOU,Cristian Javier,1,1,3,1
mlb_824374,mlb_805123,2026-04-08,COL,HOU,AJ Blubaugh,1,0,3,5
mlb_824374,mlb_660853,2026-04-08,COL,HOU,Enyel De Los Santos,1,0,6,1
mlb_824374,mlb_685005,2026-04-08,COL,HOU,Christian Roa,1,0,5,1
mlb_824374,mlb_678906,2026-04-08,COL,HOU,Kai-Wei Teng,1,0,4,0
mlb_824374,mlb_650556,2026-04-08,COL,HOU,Bryan Abreu,1,0,3,1
mlb_824455,mlb_676282,2026-04-08,CLE,KCR,Joey Cantillo,0,1,17,2
mlb_824455,mlb_641401,2026-04-08,CLE,KCR,Connor Brogdon,0,0,4,0
mlb_824455,mlb_681870,2026-04-08,CLE,KCR,Erik Sabrowski,0,0,2,0
mlb_824455,mlb_670036,2026-04-08,CLE,KCR,Matt Festa,0,0,4,0
mlb_824455,mlb_666142,2026-04-08,CLE,KCR,Cole Ragans,1,1,2,3
mlb_824455,mlb_679883,2026-04-08,CLE,KCR,Luinder Avila,1,0,9,1
mlb_824455,mlb_656638,2026-04-08,CLE,KCR,Alex Lange,1,0,7,1
mlb_824455,mlb_674444,2026-04-08,CLE,KCR,Steven Cruz,1,0,4,5
mlb_824455,mlb_686475,2026-04-08,CLE,KCR,Tyler Tolbert,1,0,2,0
mlb_824617,mlb_680732,2026-04-08,CHW,BAL,Sean Burke,0,1,15,2
mlb_824617,mlb_608371,2026-04-08,CHW,BAL,Lucas Sims,0,0,1,2
mlb_824617,mlb_663542,2026-04-08,CHW,BAL,Bryan Hudson,0,0,2,0
mlb_824617,mlb_656794,2026-04-08,CHW,BAL,Sean Newcomb,0,0,3,0
mlb_824617,mlb_663855,2026-04-08,CHW,BAL,Jordan Hicks,0,0,2,0
mlb_824617,mlb_805326,2026-04-08,CHW,BAL,Tyler Schweitzer,0,0,4,1
mlb_824617,mlb_680694,2026-04-08,CHW,BAL,Kyle Bradish,1,1,15,3
mlb_824617,mlb_669330,2026-04-08,CHW,BAL,Tyler Wells,1,0,3,0
mlb_824617,mlb_664991,2026-04-08,CHW,BAL,Grant Wolfram,1,0,3,0
mlb_824617,mlb_689296,2026-04-08,CHW,BAL,Anthony Nunez,1,0,3,0
mlb_824617,mlb_670329,2026-04-08,CHW,BAL,Rico Garcia,1,0,3,0
mlb_824779,mlb_543243,2026-04-08,BOS,MIL,Sonny Gray,0,1,19,0
mlb_824779,mlb_669711,2026-04-08,BOS,MIL,Greg Weissert,0,0,2,0
mlb_824779,mlb_701719,2026-04-08,BOS,MIL,Tyler Samaniego,0,0,3,0
mlb_824779,mlb_670245,2026-04-08,BOS,MIL,Ryan Watson,0,0,3,0
mlb_824779,mlb_675660,2026-04-08,BOS,MIL,Shane Drohan,1,1,8,3
mlb_824779,mlb_681982,2026-04-08,BOS,MIL,Grant Anderson,1,0,4,0
mlb_824779,mlb_676879,2026-04-08,BOS,MIL,Aaron Ashby,1,0,3,0
mlb_824779,mlb_663765,2026-04-08,BOS,MIL,Jake Woodford,1,0,9,2
mlb_823319,mlb_681190,2026-04-09,SDP,COL,Randy Vásquez,0,1,17,1
mlb_823319,mlb_699134,2026-04-09,SDP,COL,Bradgley Rodriguez,0,0,4,0
mlb_823319,mlb_670970,2026-04-09,SDP,COL,Adrian Morejon,0,0,3,0
mlb_823319,mlb_695243,2026-04-09,SDP,COL,Mason Miller,0,0,3,0
mlb_823319,mlb_669093,2026-04-09,SDP,COL,Jeremiah Estrada,0,0,4,2
mlb_823319,mlb_688158,2026-04-09,SDP,COL,David Morgan,0,0,5,0
mlb_823319,mlb_623474,2026-04-09,SDP,COL,Jimmy Herget,1,1,3,0
mlb_823319,mlb_801403,2026-04-09,SDP,COL,Chase Dollander,1,0,13,1
mlb_823319,mlb_677955,2026-04-09,SDP,COL,Jaden Hill,1,0,5,0
mlb_823319,mlb_675848,2026-04-09,SDP,COL,Juan Mejia,1,0,3,0
mlb_823319,mlb_680767,2026-04-09,SDP,COL,Victor Vodnik,1,0,6,1
mlb_823319,mlb_657514,2026-04-09,SDP,COL,Brennan Bernardino,1,0,3,1
mlb_823319,mlb_678368,2026-04-09,SDP,COL,Valente Bellozo,1,0,1,4
mlb_823565,mlb_677960,2026-04-09,NYY,ATH,Ryan Weathers,0,1,24,1
mlb_823565,mlb_621112,2026-04-09,NYY,ATH,Paul Blackburn,0,0,3,0
mlb_823565,mlb_605488,2026-04-09,NYY,ATH,Jeffrey Springs,1,1,21,0
mlb_823565,mlb_686993,2026-04-09,NYY,ATH,Justin Sterner,1,0,3,0
mlb_823565,mlb_663687,2026-04-09,NYY,ATH,Hogan Harris,1,0,3,0
mlb_823645,mlb_690997,2026-04-09,NYM,ARI,Nolan McLean,0,1,19,2
mlb_823645,mlb_596133,2026-04-09,NYM,ARI,Luke Weaver,0,0,2,2
mlb_823645,mlb_472610,2026-04-09,NYM,ARI,Luis García,0,0,1,3
mlb_823645,mlb_663992,2026-04-09,NYM,ARI,Richard Lovelady,0,0,5,0
mlb_823645,mlb_593958,2026-04-09,NYM,ARI,Eduardo Rodriguez,1,1,18,1
mlb_823645,mlb_664199,2026-04-09,NYM,ARI,Taylor Clarke,1,0,3,0
mlb_823645,mlb_688497,2026-04-09,NYM,ARI,Taylor Rashi,1,0,6,0
mlb_823724,mlb_690953,2026-04-09,MIN,DET,Mick Abel,0,1,18,0
mlb_823724,mlb_670183,2026-04-09,MIN,DET,Garrett Acton,0,0,6,1
mlb_823724,mlb_679358,2026-04-09,MIN,DET,Eric Orze,0,0,3,0
mlb_823724,mlb_656427,2026-04-09,MIN,DET,Jack Flaherty,1,1,17,1
mlb_823724,mlb_663947,2026-04-09,MIN,DET,Tyler Holton,1,0,4,0
mlb_823724,mlb_676684,2026-04-09,MIN,DET,Will Vest,1,0,2,2
mlb_823724,mlb_676428,2026-04-09,MIN,DET,Brant Hurter,1,0,1,0
mlb_823884,mlb_676974,2026-04-09,MIA,CIN,Max Meyer,0,1,15,1
mlb_823884,mlb_669622,2026-04-09,MIA,CIN,Anthony Bender,0,0,3,0
mlb_823884,mlb_663969,2026-04-09,MIA,CIN,Tyler Phillips,0,0,9,0
mlb_823884,mlb_695076,2026-04-09,MIA,CIN,Rhett Lowder,1,1,16,5
mlb_823884,mlb_656271,2026-04-09,MIA,CIN,Brock Burke,1,0,2,0
mlb_823884,mlb_683742,2026-04-09,MIA,CIN,Jose Franco,1,0,6,3
mlb_824130,mlb_607625,2026-04-09,KCR,CHW,Seth Lugo,0,1,19,2
mlb_824130,mlb_670167,2026-04-09,KCR,CHW,John Schreiber,0,0,2,0
mlb_824130,mlb_669212,2026-04-09,KCR,CHW,Eli Morgan,0,0,6,0
mlb_824130,mlb_641743,2026-04-09,KCR,CHW,Anthony Kay,1,1,17,0
mlb_824130,mlb_691799,2026-04-09,KCR,CHW,Grant Taylor,1,0,4,0
mlb_824130,mlb_673929,2026-04-09,KCR,CHW,Jordan Leasure,1,0,3,0
mlb_824130,mlb_622554,2026-04-09,KCR,CHW,Seranthony Domínguez,1,0,3,0
mlb_822829,mlb_571578,2026-04-10,TOR,MIN,Patrick Corbin,0,1,12,4
mlb_822829,mlb_667297,2026-04-10,TOR,MIN,Tommy Nance,0,0,2,0
mlb_822829,mlb_573009,2026-04-10,TOR,MIN,Joe Mantiply,0,0,3,0
mlb_822829,mlb_686973,2026-04-10,TOR,MIN,Louis Varland,0,0,4,0
mlb_822829,mlb_680755,2026-04-10,TOR,MIN,Braydon Fisher,0,0,6,0
mlb_822829,mlb_680573,2026-04-10,TOR,MIN,Simeon Woods Richardson,1,1,12,5
mlb_822829,mlb_607455,2026-04-10,TOR,MIN,Anthony Banda,1,0,5,3
mlb_822829,mlb_573124,2026-04-10,TOR,MIN,Taylor Rogers,1,0,4,1
mlb_822829,mlb_623437,2026-04-10,TOR,MIN,Justin Topa,1,0,3,1
mlb_822997,mlb_571927,2026-04-10,TBR,NYY,Steven Matz,0,1,15,2
mlb_822997,mlb_643377,2026-04-10,TBR,NYY,Griffin Jax,0,0,3,0
mlb_822997,mlb_693855,2026-04-10,TBR,NYY,Ian Seymour,0,0,3,0
mlb_822997,mlb_685801,2026-04-10,TBR,NYY,Hunter Bigge,0,0,3,1
mlb_822997,mlb_641329,2026-04-10,TBR,NYY,Bryan Baker,0,0,3,0
mlb_822997,mlb_661563,2026-04-10,TBR,NYY,Luis Gil,1,1,12,3
mlb_822997,mlb_656234,2026-04-10,TBR,NYY,Jake Bird,1,0,3,0
mlb_822997,mlb_687396,2026-04-10,TBR,NYY,Brent Headrick,1,0,1,2
mlb_822997,mlb_666808,2026-04-10,TBR,NYY,Camilo Doval,1,0,2,0
mlb_822997,mlb_642232,2026-04-10,TBR,NYY,Ryan Yarbrough,1,0,6,0
mlb_823076,mlb_669160,2026-04-10,STL,BOS,Dustin May,0,1,18,2
mlb_823076,mlb_592773,2026-04-10,STL,BOS,Ryne Stanek,0,0,3,0
mlb_823076,mlb_668941,2026-04-10,STL,BOS,JoJo Romero,0,0,3,0
mlb_823076,mlb_676617,2026-04-10,STL,BOS,Riley O'Brien,0,0,3,0
mlb_823076,mlb_813349,2026-04-10,STL,BOS,Connelly Early,1,1,13,1
mlb_823076,mlb_677161,2026-04-10,STL,BOS,Zack Kelly,1,0,2,2
mlb_823076,mlb_701719,2026-04-10,STL,BOS,Tyler Samaniego,1,0,2,0
mlb_823076,mlb_669711,2026-04-10,STL,BOS,Greg Weissert,1,0,4,0
mlb_823076,mlb_663558,2026-04-10,STL,BOS,Jovani Morán,1,0,3,0
mlb_823156,mlb_676106,2026-04-10,SEA,HOU,Emerson Hancock,0,1,15,3
mlb_823156,mlb_642100,2026-04-10,SEA,HOU,Gabe Speier,0,0,3,0
mlb_823156,mlb_660825,2026-04-10,SEA,HOU,Eduard Bazardo,0,0,3,0
mlb_823156,mlb_677961,2026-04-10,SEA,HOU,Cole Wilcox,0,0,1,3
mlb_823156,mlb_666374,2026-04-10,SEA,HOU,Matt Brash,0,0,2,0
mlb_823156,mlb_662253,2026-04-10,SEA,HOU,Andrés Muñoz,0,0,3,0
mlb_823156,mlb_837227,2026-04-10,SEA,HOU,Tatsuya Imai,1,1,1,3
mlb_823156,mlb_595345,2026-04-10,SEA,HOU,Steven Okert,1,0,5,0
mlb_823156,mlb_680802,2026-04-10,SEA,HOU,Ryan Weiss,1,0,7,2
mlb_823156,mlb_641585,2026-04-10,SEA,HOU,J.P. France,1,0,8,4
mlb_823156,mlb_660853,2026-04-10,SEA,HOU,Enyel De Los Santos,1,0,3,0
mlb_823318,mlb_621111,2026-04-10,SDP,COL,Walker Buehler,0,1,18,0
mlb_823318,mlb_606996,2026-04-10,SDP,COL,Kyle Hart,0,0,3,0
mlb_823318,mlb_670970,2026-04-10,SDP,COL,Adrian Morejon,0,0,2,2
mlb_823318,mlb_592094,2026-04-10,SDP,COL,Jason Adam,0,0,1,0
mlb_823318,mlb_695243,2026-04-10,SDP,COL,Mason Miller,0,0,3,0
mlb_823318,mlb_608372,2026-04-10,SDP,COL,Tomoyuki Sugano,1,1,18,2
mlb_823318,mlb_622608,2026-04-10,SDP,COL,Antonio Senzatela,1,0,5,0
mlb_823318,mlb_677955,2026-04-10,SDP,COL,Jaden Hill,1,0,1,0
mlb_823318,mlb_675848,2026-04-10,SDP,COL,Juan Mejia,1,0,1,3
mlb_823482,mlb_666200,2026-04-10,PHI,ARI,Jesús Luzardo,0,1,14,5
mlb_823482,mlb_680742,2026-04-10,PHI,ARI,Jonathan Bowlan,0,0,4,0
mlb_823482,mlb_641745,2026-04-10,PHI,ARI,Brad Keller,0,0,3,0
mlb_823482,mlb_689147,2026-04-10,PHI,ARI,Orion Kerkering,0,0,3,0
mlb_823482,mlb_621383,2026-04-10,PHI,ARI,Tanner Banks,0,0,3,0
mlb_823482,mlb_647336,2026-04-10,PHI,ARI,Michael Soroka,1,1,17,4
mlb_823482,mlb_642528,2026-04-10,PHI,ARI,Jonathan Loáisiga,1,0,3,0
mlb_823482,mlb_666661,2026-04-10,PHI,ARI,Juan Morillo,1,0,4,0
mlb_823482,mlb_623149,2026-04-10,PHI,ARI,Paul Sewald,1,0,3,0
mlb_823643,mlb_605280,2026-04-10,NYM,ATH,Clay Holmes,0,1,16,1
mlb_823643,mlb_668964,2026-04-10,NYM,ATH,Tobias Myers,0,0,9,3
mlb_823643,mlb_663992,2026-04-10,NYM,ATH,Richard Lovelady,0,0,2,0
mlb_823643,mlb_669372,2026-04-10,NYM,ATH,J.T. Ginn,1,1,12,0
mlb_823643,mlb_643410,2026-04-10,NYM,ATH,Mark Leiter Jr.,1,0,3,0
mlb_823643,mlb_678022,2026-04-10,NYM,ATH,Jack Perkins,1,0,7,0
mlb_823643,mlb_605130,2026-04-10,NYM,ATH,Scott Barlow,1,0,2,0
mlb_823643,mlb_665660,2026-04-10,NYM,ATH,Elvis Alvarado,1,0,3,0
mlb_823808,mlb_676879,2026-04-10,MIL,WSN,Aaron Ashby,0,1,7,2
mlb_823808,mlb_694477,2026-04-10,MIL,WSN,Chad Patrick,0,0,9,0
mlb_823808,mlb_672582,2026-04-10,MIL,WSN,Angel Zerpa,0,0,5,1
mlb_823808,mlb_682842,2026-04-10,MIL,WSN,Abner Uribe,0,0,3,0
mlb_823808,mlb_656730,2026-04-10,MIL,WSN,Trevor Megill,0,0,0,4
mlb_823808,mlb_668834,2026-04-10,MIL,WSN,Easton McGee,0,0,3,0
mlb_823808,mlb_663623,2026-04-10,MIL,WSN,Jake Irvin,1,1,15,3
mlb_823808,mlb_687606,2026-04-10,MIL,WSN,Paxton Schultz,1,0,3,0
mlb_823808,mlb_672335,2026-04-10,MIL,WSN,Cionel Pérez,1,0,3,0
mlb_823808,mlb_676571,2026-04-10,MIL,WSN,PJ Poulin,1,0,3,0
mlb_823808,mlb_690925,2026-04-10,MIL,WSN,Clayton Beeter,1,0,3,0
mlb_823968,mlb_607192,2026-04-10,LAD,TEX,Tyler Glasnow,0,1,18,4
mlb_823968,mlb_681911,2026-04-10,LAD,TEX,Alex Vesia,0,0,3,0
mlb_823968,mlb_656945,2026-04-10,LAD,TEX,Tanner Scott,0,0,3,0
mlb_823968,mlb_621242,2026-04-10,LAD,TEX,Edwin Díaz,0,0,3,3
mlb_823968,mlb_677958,2026-04-10,LAD,TEX,Kumar Rocker,1,1,15,3
mlb_823968,mlb_676395,2026-04-10,LAD,TEX,Robert Garcia,1,0,3,2
mlb_823968,mlb_656222,2026-04-10,LAD,TEX,Jalen Beeks,1,0,3,0
mlb_823968,mlb_681168,2026-04-10,LAD,TEX,Luis Curvelo,1,0,3,2
mlb_823968,mlb_656641,2026-04-10,LAD,TEX,Jacob Latz,1,0,2,1
mlb_824128,mlb_663460,2026-04-10,KCR,CHW,Kris Bubic,0,1,21,0
mlb_824128,mlb_621381,2026-04-10,KCR,CHW,Matt Strahm,0,0,3,0
mlb_824128,mlb_668674,2026-04-10,KCR,CHW,Lucas Erceg,0,0,3,0
mlb_824128,mlb_663436,2026-04-10,KCR,CHW,Davis Martin,1,1,21,2
mlb_824128,mlb_701474,2026-04-10,KCR,CHW,Duncan Davitt,1,0,3,0
mlb_824297,mlb_672456,2026-04-10,DET,MIA,Keider Montero,0,1,18,0
mlb_824297,mlb_676428,2026-04-10,DET,MIA,Brant Hurter,0,0,3,0
mlb_824297,mlb_640448,2026-04-10,DET,MIA,Kyle Finnegan,0,0,3,0
mlb_824297,mlb_445276,2026-04-10,DET,MIA,Kenley Jansen,0,0,3,0
mlb_824297,mlb_663978,2026-04-10,DET,MIA,Chris Paddack,1,1,18,2
mlb_824297,mlb_669199,2026-04-10,DET,MIA,Lake Bachar,1,0,6,0
mlb_824534,mlb_695505,2026-04-10,CIN,LAA,Chase Burns,0,1,16,5
mlb_824534,mlb_683175,2026-04-10,CIN,LAA,Connor Phillips,0,0,5,0
mlb_824534,mlb_594580,2026-04-10,CIN,LAA,Sam Moll,0,0,1,2
mlb_824534,mlb_693312,2026-04-10,CIN,LAA,Kyle Nicolas,0,0,2,3
mlb_824534,mlb_664731,2026-04-10,CIN,LAA,P.J. Higgins,0,0,3,0
mlb_824534,mlb_686799,2026-04-10,CIN,LAA,Jack Kochanowicz,1,1,21,1
mlb_824534,mlb_815083,2026-04-10,CIN,LAA,Mitch Farris,1,0,6,1
mlb_824695,mlb_684007,2026-04-10,CHC,PIT,Shota Imanaga,0,1,18,0
mlb_824695,mlb_573204,2026-04-10,CHC,PIT,Caleb Thielbar,0,0,2,2
mlb_824695,mlb_681799,2026-04-10,CHC,PIT,Ethan Roberts,0,0,4,0
mlb_824695,mlb_702303,2026-04-10,CHC,PIT,Riley Martin,0,0,3,0
mlb_824695,mlb_669387,2026-04-10,CHC,PIT,Carmen Mlodzinski,1,1,16,0
mlb_824695,mlb_682254,2026-04-10,CHC,PIT,Mason Montgomery,1,0,2,0
mlb_824695,mlb_676755,2026-04-10,CHC,PIT,Isaac Mattson,1,0,3,0
mlb_824695,mlb_642397,2026-04-10,CHC,PIT,Gregory Soto,1,0,3,0
mlb_824695,mlb_642701,2026-04-10,CHC,PIT,Dennis Santana,1,0,3,0
mlb_824858,mlb_669358,2026-04-10,BAL,SFG,Shane Baz,0,1,15,3
mlb_824858,mlb_666974,2026-04-10,BAL,SFG,Yennier Cano,0,0,3,0
mlb_824858,mlb_675919,2026-04-10,BAL,SFG,Nick Raquet,0,0,3,3
mlb_824858,mlb_544150,2026-04-10,BAL,SFG,Albert Suárez,0,0,6,0
mlb_824858,mlb_694738,2026-04-10,BAL,SFG,Landen Roupp,1,1,18,1
mlb_824858,mlb_676775,2026-04-10,BAL,SFG,Keaton Winn,1,0,3,0
mlb_824858,mlb_664141,2026-04-10,BAL,SFG,JT Brubaker,1,0,2,0
mlb_824858,mlb_657424,2026-04-10,BAL,SFG,Matt Gage,1,0,1,0
mlb_824858,mlb_694918,2026-04-10,BAL,SFG,Blade Tidwell,1,0,3,2
mlb_824941,mlb_693821,2026-04-10,ATL,CLE,Bryce Elder,0,1,14,2
mlb_824941,mlb_607481,2026-04-10,ATL,CLE,Aaron Bummer,0,0,1,0
mlb_824941,mlb_641755,2026-04-10,ATL,CLE,Tyler Kinley,0,0,3,0
mlb_824941,mlb_669276,2026-04-10,ATL,CLE,Dylan Lee,0,0,3,0
mlb_824941,mlb_660761,2026-04-10,ATL,CLE,José Suarez,0,0,2,3
mlb_824941,mlb_606303,2026-04-10,ATL,CLE,Joel Payamps,0,0,1,0
mlb_824941,mlb_674370,2026-04-10,ATL,CLE,Osvaldo Bido,0,0,3,0
mlb_824941,mlb_677944,2026-04-10,ATL,CLE,Slade Cecconi,1,1,16,5
mlb_824941,mlb_670036,2026-04-10,ATL,CLE,Matt Festa,1,0,2,2
mlb_824941,mlb_688883,2026-04-10,ATL,CLE,Peyton Pallette,1,0,3,2
mlb_824941,mlb_663465,2026-04-10,ATL,CLE,Kolby Allard,1,0,3,2
mlb_822830,mlb_641778,2026-04-11,TOR,MIN,Eric Lauer,0,1,16,7
mlb_822830,mlb_693686,2026-04-11,TOR,MIN,Spencer Miles,0,0,11,0
mlb_822830,mlb_657746,2026-04-11,TOR,MIN,Joe Ryan,1,1,21,2
mlb_822830,mlb_681892,2026-04-11,TOR,MIN,Kody Funderburk,1,0,3,0
mlb_822830,mlb_663485,2026-04-11,TOR,MIN,Cole Sands,1,0,3,2
mlb_822996,mlb_607259,2026-04-11,TBR,NYY,Nick Martinez,0,1,14,1
mlb_822996,mlb_687330,2026-04-11,TBR,NYY,Kevin Kelly,0,0,1,0
mlb_822996,mlb_693855,2026-04-11,TBR,NYY,Ian Seymour,0,0,5,0
mlb_822996,mlb_643377,2026-04-11,TBR,NYY,Griffin Jax,0,0,1,0
mlb_822996,mlb_641329,2026-04-11,TBR,NYY,Bryan Baker,0,0,3,2
mlb_822996,mlb_685801,2026-04-11,TBR,NYY,Hunter Bigge,0,0,3,0
mlb_822996,mlb_642121,2026-04-11,TBR,NYY,Cole Sulser,0,0,3,1
mlb_822996,mlb_608331,2026-04-11,TBR,NYY,Max Fried,1,1,24,3
mlb_822996,mlb_518585,2026-04-11,TBR,NYY,Fernando Cruz,1,0,2,0
mlb_822996,mlb_657612,2026-04-11,TBR,NYY,Tim Hill,1,0,1,0
mlb_822996,mlb_670280,2026-04-11,TBR,NYY,David Bednar,1,0,1,2
mlb_823074,mlb_681517,2026-04-11,STL,BOS,Kyle Leahy,0,1,12,2
mlb_823074,mlb_700669,2026-04-11,STL,BOS,Gordon Graceffo,0,0,7,0
mlb_823074,mlb_677865,2026-04-11,STL,BOS,Justin Bruihl,0,0,3,0
mlb_823074,mlb_694335,2026-04-11,STL,BOS,Matt Svanson,0,0,3,5
mlb_823074,mlb_694363,2026-04-11,STL,BOS,Jared Shuster,0,0,2,0
mlb_823074,mlb_624133,2026-04-11,STL,BOS,Ranger Suarez,1,1,18,0
mlb_823074,mlb_669711,2026-04-11,STL,BOS,Greg Weissert,1,0,2,0
mlb_823074,mlb_543056,2026-04-11,STL,BOS,Danny Coulombe,1,0,1,0
mlb_823074,mlb_676477,2026-04-11,STL,BOS,Garrett Whitlock,1,0,3,1
mlb_823074,mlb_670245,2026-04-11,STL,BOS,Ryan Watson,1,0,3,0
mlb_823155,mlb_622491,2026-04-11,SEA,HOU,Luis Castillo,0,1,10,7
mlb_823155,mlb_668984,2026-04-11,SEA,HOU,Casey Legumina,0,0,5,0
mlb_823155,mlb_678606,2026-04-11,SEA,HOU,Jose A. Ferrer,0,0,3,0
mlb_823155,mlb_660825,2026-04-11,SEA,HOU,Eduard Bazardo,0,0,3,0
mlb_823155,mlb_666374,2026-04-11,SEA,HOU,Matt Brash,0,0,3,0
mlb_823155,mlb_662253,2026-04-11,SEA,HOU,Andrés Muñoz,0,0,3,0
mlb_823155,mlb_621121,2026-04-11,SEA,HOU,Lance McCullers Jr.,1,1,13,6
mlb_823155,mlb_595345,2026-04-11,SEA,HOU,Steven Okert,1,0,2,1
mlb_823155,mlb_678906,2026-04-11,SEA,HOU,Kai-Wei Teng,1,0,2,0
mlb_823155,mlb_687911,2026-04-11,SEA,HOU,Bryan King,1,0,4,0
mlb_823155,mlb_805123,2026-04-11,SEA,HOU,AJ Blubaugh,1,0,3,0
mlb_823155,mlb_650556,2026-04-11,SEA,HOU,Bryan Abreu,1,0,1,1
mlb_823316,mlb_608566,2026-04-11,SDP,COL,Germán Márquez,0,1,15,4
mlb_823316,mlb_593974,2026-04-11,SDP,COL,Wandy Peralta,0,0,4,0
mlb_823316,mlb_676760,2026-04-11,SDP,COL,Ron Marinaccio,0,0,5,1
mlb_823316,mlb_699134,2026-04-11,SDP,COL,Bradgley Rodriguez,0,0,2,0
mlb_823316,mlb_592094,2026-04-11,SDP,COL,Jason Adam,0,0,1,0
mlb_823316,mlb_663372,2026-04-11,SDP,COL,Ryan Feltner,1,1,12,6
mlb_823316,mlb_688642,2026-04-11,SDP,COL,Zach Agnos,1,0,4,3
mlb_823316,mlb_657514,2026-04-11,SDP,COL,Brennan Bernardino,1,0,2,0
mlb_823316,mlb_547179,2026-04-11,SDP,COL,Michael Lorenzen,1,0,3,0
mlb_823316,mlb_623474,2026-04-11,SDP,COL,Jimmy Herget,1,0,3,0
mlb_823480,mlb_592836,2026-04-11,PHI,ARI,Taijuan Walker,0,1,15,2
mlb_823480,mlb_641835,2026-04-11,PHI,ARI,Tim Mayza,0,0,2,0
mlb_823480,mlb_689147,2026-04-11,PHI,ARI,Orion Kerkering,0,0,3,0
mlb_823480,mlb_621237,2026-04-11,PHI,ARI,José Alvarado,0,0,1,0
mlb_823480,mlb_641745,2026-04-11,PHI,ARI,Brad Keller,0,0,3,1
mlb_823480,mlb_661395,2026-04-11,PHI,ARI,Jhoan Duran,0,0,3,0
mlb_823480,mlb_694297,2026-04-11,PHI,ARI,Brandon Pfaadt,1,1,18,4
mlb_823480,mlb_656464,2026-04-11,PHI,ARI,Kevin Ginkel,1,0,3,0
mlb_823480,mlb_657044,2026-04-11,PHI,ARI,Ryan Thompson,1,0,3,0
mlb_823644,mlb_673540,2026-04-11,NYM,ATH,Kodai Senga,0,1,7,7
mlb_823644,mlb_623211,2026-04-11,NYM,ATH,Huascar Brazobán,0,0,8,0
mlb_823644,mlb_548384,2026-04-11,NYM,ATH,Brooks Raley,0,0,3,0
mlb_823644,mlb_518886,2026-04-11,NYM,ATH,Craig Kimbrel,0,0,3,0
mlb_823644,mlb_596133,2026-04-11,NYM,ATH,Luke Weaver,0,0,3,4
mlb_823644,mlb_472610,2026-04-11,NYM,ATH,Luis García,0,0,3,0
mlb_823644,mlb_682052,2026-04-11,NYM,ATH,Jacob Lopez,1,1,15,5
mlb_823644,mlb_669270,2026-04-11,NYM,ATH,Joel Kuhnel,1,0,3,0
mlb_823644,mlb_686993,2026-04-11,NYM,ATH,Justin Sterner,1,0,3,1
mlb_823644,mlb_643410,2026-04-11,NYM,ATH,Mark Leiter Jr.,1,0,3,0
mlb_823644,mlb_665622,2026-04-11,NYM,ATH,Luis Medina,1,0,3,0
mlb_823805,mlb_690986,2026-04-11,MIL,WSN,Kyle Harrison,0,1,13,2
mlb_823805,mlb_681982,2026-04-11,MIL,WSN,Grant Anderson,0,0,2,0
mlb_823805,mlb_687075,2026-04-11,MIL,WSN,Brandon Sproat,0,0,11,1
mlb_823805,mlb_669084,2026-04-11,MIL,WSN,DL Hall,0,0,1,0
mlb_823805,mlb_656492,2026-04-11,MIL,WSN,Foster Griffin,1,1,16,0
mlb_823805,mlb_695418,2026-04-11,MIL,WSN,Brad Lord,1,0,5,0
mlb_823805,mlb_672335,2026-04-11,MIL,WSN,Cionel Pérez,1,0,3,0
mlb_823805,mlb_690925,2026-04-11,MIL,WSN,Clayton Beeter,1,0,3,1
mlb_823967,mlb_686218,2026-04-11,LAD,TEX,Emmet Sheehan,0,1,18,3
mlb_823967,mlb_676263,2026-04-11,LAD,TEX,Jack Dreyer,0,0,3,0
mlb_823967,mlb_656945,2026-04-11,LAD,TEX,Tanner Scott,0,0,3,0
mlb_823967,mlb_595014,2026-04-11,LAD,TEX,Blake Treinen,0,0,2,0
mlb_823967,mlb_681911,2026-04-11,LAD,TEX,Alex Vesia,0,0,1,0
mlb_823967,mlb_683004,2026-04-11,LAD,TEX,Jack Leiter,1,1,11,5
mlb_823967,mlb_641302,2026-04-11,LAD,TEX,Tyler Alexander,1,0,7,0
mlb_823967,mlb_676395,2026-04-11,LAD,TEX,Robert Garcia,1,0,3,0
mlb_823967,mlb_455119,2026-04-11,LAD,TEX,Chris Martin,1,0,3,1
mlb_824129,mlb_608379,2026-04-11,KCR,CHW,Michael Wacha,0,1,24,0
mlb_824129,mlb_668674,2026-04-11,KCR,CHW,Lucas Erceg,0,0,3,0
mlb_824129,mlb_607200,2026-04-11,KCR,CHW,Erick Fedde,1,1,15,1
mlb_824129,mlb_656794,2026-04-11,KCR,CHW,Sean Newcomb,1,0,6,0
mlb_824129,mlb_663855,2026-04-11,KCR,CHW,Jordan Hicks,1,0,3,1
mlb_824294,mlb_663554,2026-04-11,DET,MIA,Casey Mize,0,1,17,1
mlb_824294,mlb_623454,2026-04-11,DET,MIA,Drew Anderson,0,0,10,0
mlb_824294,mlb_676083,2026-04-11,DET,MIA,Janson Junk,1,1,15,5
mlb_824294,mlb_667463,2026-04-11,DET,MIA,John King,1,0,3,0
mlb_824294,mlb_656848,2026-04-11,DET,MIA,Michael Petersen,1,0,3,0
mlb_824294,mlb_669622,2026-04-11,DET,MIA,Anthony Bender,1,0,3,1
mlb_824535,mlb_682227,2026-04-11,CIN,LAA,Brandon Williamson,0,1,12,3
mlb_824535,mlb_683175,2026-04-11,CIN,LAA,Connor Phillips,0,0,2,0
mlb_824535,mlb_572955,2026-04-11,CIN,LAA,Pierce Johnson,0,0,4,0
mlb_824535,mlb_668933,2026-04-11,CIN,LAA,Graham Ashcraft,0,0,3,0
mlb_824535,mlb_663574,2026-04-11,CIN,LAA,Tony Santillan,0,0,3,0
mlb_824535,mlb_641941,2026-04-11,CIN,LAA,Emilio Pagán,0,0,3,0
mlb_824535,mlb_691946,2026-04-11,CIN,LAA,George Klassen,1,1,6,5
mlb_824535,mlb_608718,2026-04-11,CIN,LAA,Brent Suter,1,0,11,0
mlb_824535,mlb_666171,2026-04-11,CIN,LAA,Ryan Zeferjahn,1,0,6,1
mlb_824535,mlb_681217,2026-04-11,CIN,LAA,Chase Silseth,1,0,1,1
mlb_824697,mlb_665795,2026-04-11,CHC,PIT,Edward Cabrera,0,1,15,3
mlb_824697,mlb_676962,2026-04-11,CHC,PIT,Ben Brown,0,0,6,0
mlb_824697,mlb_657097,2026-04-11,CHC,PIT,Jacob Webb,0,0,3,0
mlb_824697,mlb_571948,2026-04-11,CHC,PIT,Hoby Milner,0,0,3,0
mlb_824697,mlb_694037,2026-04-11,CHC,PIT,Daniel Palencia,0,0,3,0
mlb_824697,mlb_573204,2026-04-11,CHC,PIT,Caleb Thielbar,0,0,3,1
mlb_824697,mlb_677952,2026-04-11,CHC,PIT,Braxton Ashcraft,1,1,15,1
mlb_824697,mlb_682254,2026-04-11,CHC,PIT,Mason Montgomery,1,0,3,0
mlb_824697,mlb_664875,2026-04-11,CHC,PIT,Justin Lawrence,1,0,2,1
mlb_824697,mlb_642397,2026-04-11,CHC,PIT,Gregory Soto,1,0,1,0
mlb_824697,mlb_676755,2026-04-11,CHC,PIT,Isaac Mattson,1,0,3,0
mlb_824697,mlb_642701,2026-04-11,CHC,PIT,Dennis Santana,1,0,3,1
mlb_824697,mlb_670990,2026-04-11,CHC,PIT,Yohan Ramírez,1,0,6,0
mlb_824857,mlb_605135,2026-04-11,BAL,SFG,Chris Bassitt,0,1,14,2
mlb_824857,mlb_664991,2026-04-11,BAL,SFG,Grant Wolfram,0,0,3,0
mlb_824857,mlb_666974,2026-04-11,BAL,SFG,Yennier Cano,0,0,1,0
mlb_824857,mlb_670329,2026-04-11,BAL,SFG,Rico Garcia,0,0,3,0
mlb_824857,mlb_689296,2026-04-11,BAL,SFG,Anthony Nunez,0,0,3,0
mlb_824857,mlb_664854,2026-04-11,BAL,SFG,Ryan Helsley,0,0,3,0
mlb_824857,mlb_657277,2026-04-11,BAL,SFG,Logan Webb,1,1,18,4
mlb_824857,mlb_668873,2026-04-11,BAL,SFG,Caleb Kilian,1,0,2,1
mlb_824857,mlb_621366,2026-04-11,BAL,SFG,Ryan Borucki,1,0,4,1
mlb_824939,mlb_527048,2026-04-11,ATL,CLE,Martín Pérez,0,1,15,1
mlb_824939,mlb_606303,2026-04-11,ATL,CLE,Joel Payamps,0,0,1,1
mlb_824939,mlb_607481,2026-04-11,ATL,CLE,Aaron Bummer,0,0,2,0
mlb_824939,mlb_674370,2026-04-11,ATL,CLE,Osvaldo Bido,0,0,8,3
mlb_824939,mlb_641755,2026-04-11,ATL,CLE,Tyler Kinley,0,0,1,1
mlb_824939,mlb_800048,2026-04-11,ATL,CLE,Parker Messick,1,1,20,0
mlb_824939,mlb_641401,2026-04-11,ATL,CLE,Connor Brogdon,1,0,1,0
mlb_824939,mlb_681870,2026-04-11,ATL,CLE,Erik Sabrowski,1,0,3,0
mlb_824939,mlb_542888,2026-04-11,ATL,CLE,Shawn Armstrong,1,0,3,0
mlb_822828,mlb_453286,2026-04-12,TOR,MIN,Max Scherzer,0,1,7,8
mlb_822828,mlb_573009,2026-04-12,TOR,MIN,Joe Mantiply,0,0,5,0
mlb_822828,mlb_667297,2026-04-12,TOR,MIN,Tommy Nance,0,0,3,0
mlb_822828,mlb_689254,2026-04-12,TOR,MIN,Mason Fluharty,0,0,3,0
mlb_822828,mlb_686973,2026-04-12,TOR,MIN,Louis Varland,0,0,3,0
mlb_822828,mlb_643511,2026-04-12,TOR,MIN,Tyler Rogers,0,0,3,0
mlb_822828,mlb_656546,2026-04-12,TOR,MIN,Jeff Hoffman,0,0,3,0
mlb_822828,mlb_671737,2026-04-12,TOR,MIN,Taj Bradley,1,1,15,1
mlb_822828,mlb_702193,2026-04-12,TOR,MIN,Andrew Morris,1,0,9,1
mlb_822828,mlb_623437,2026-04-12,TOR,MIN,Justin Topa,1,0,3,0
mlb_822998,mlb_656876,2026-04-12,TBR,NYY,Drew Rasmussen,0,1,18,0
mlb_822998,mlb_642121,2026-04-12,TBR,NYY,Cole Sulser,0,0,1,2
mlb_822998,mlb_687330,2026-04-12,TBR,NYY,Kevin Kelly,0,0,5,0
mlb_822998,mlb_669438,2026-04-12,TBR,NYY,Mason Englert,0,0,3,2
mlb_822998,mlb_693645,2026-04-12,TBR,NYY,Cam Schlittler,1,1,15,3
mlb_822998,mlb_642232,2026-04-12,TBR,NYY,Ryan Yarbrough,1,0,3,1
mlb_822998,mlb_666808,2026-04-12,TBR,NYY,Camilo Doval,1,0,3,0
mlb_822998,mlb_687396,2026-04-12,TBR,NYY,Brent Headrick,1,0,3,1
mlb_823075,mlb_669467,2026-04-12,STL,BOS,Andre Pallante,0,1,15,7
mlb_823075,mlb_666277,2026-04-12,STL,BOS,George Soriano,0,0,3,0
mlb_823075,mlb_694363,2026-04-12,STL,BOS,Jared Shuster,0,0,9,2
mlb_823075,mlb_678394,2026-04-12,STL,BOS,Brayan Bello,1,1,20,2
mlb_823075,mlb_543056,2026-04-12,STL,BOS,Danny Coulombe,1,0,1,0
mlb_823075,mlb_677161,2026-04-12,STL,BOS,Zack Kelly,1,0,6,1
mlb_823154,mlb_669302,2026-04-12,SEA,HOU,Logan Gilbert,0,1,21,1
mlb_823154,mlb_678606,2026-04-12,SEA,HOU,Jose A. Ferrer,0,0,3,0
mlb_823154,mlb_681867,2026-04-12,SEA,HOU,Cooper Criswell,0,0,3,0
mlb_823154,mlb_675989,2026-04-12,SEA,HOU,Cody Bolton,1,1,3,2
mlb_823154,mlb_681151,2026-04-12,SEA,HOU,Jayden Murray,1,0,6,2
mlb_823154,mlb_685005,2026-04-12,SEA,HOU,Christian Roa,1,0,8,2
mlb_823154,mlb_660853,2026-04-12,SEA,HOU,Enyel De Los Santos,1,0,4,0
mlb_823154,mlb_650556,2026-04-12,SEA,HOU,Bryan Abreu,1,0,3,0
mlb_823317,mlb_601713,2026-04-12,SDP,COL,Nick Pivetta,0,1,9,0
mlb_823317,mlb_606996,2026-04-12,SDP,COL,Kyle Hart,0,0,7,2
mlb_823317,mlb_688158,2026-04-12,SDP,COL,David Morgan,0,0,5,0
mlb_823317,mlb_593974,2026-04-12,SDP,COL,Wandy Peralta,0,0,3,0
mlb_823317,mlb_699134,2026-04-12,SDP,COL,Bradgley Rodriguez,0,0,3,0
mlb_823317,mlb_607536,2026-04-12,SDP,COL,Kyle Freeland,1,1,0,0
mlb_823317,mlb_623474,2026-04-12,SDP,COL,Jimmy Herget,1,0,3,1
mlb_823317,mlb_801403,2026-04-12,SDP,COL,Chase Dollander,1,0,3,1
mlb_823317,mlb_678368,2026-04-12,SDP,COL,Valente Bellozo,1,0,13,5
mlb_823317,mlb_657514,2026-04-12,SDP,COL,Brennan Bernardino,1,0,2,0
mlb_823317,mlb_680767,2026-04-12,SDP,COL,Victor Vodnik,1,0,3,0
mlb_823479,mlb_647315,2026-04-12,PHI,ARI,Zach Pop,0,1,6,1
mlb_823479,mlb_691725,2026-04-12,PHI,ARI,Andrew Painter,0,0,15,1
mlb_823479,mlb_621237,2026-04-12,PHI,ARI,José Alvarado,0,0,1,2
mlb_823479,mlb_680742,2026-04-12,PHI,ARI,Jonathan Bowlan,0,0,2,0
mlb_823479,mlb_641835,2026-04-12,PHI,ARI,Tim Mayza,0,0,3,0
mlb_823479,mlb_668678,2026-04-12,PHI,ARI,Zac Gallen,1,1,15,3
mlb_823479,mlb_642528,2026-04-12,PHI,ARI,Jonathan Loáisiga,1,0,3,0
mlb_823479,mlb_664199,2026-04-12,PHI,ARI,Taylor Clarke,1,0,3,0
mlb_823479,mlb_656464,2026-04-12,PHI,ARI,Kevin Ginkel,1,0,1,0
mlb_823479,mlb_657044,2026-04-12,PHI,ARI,Ryan Thompson,1,0,2,0
mlb_823479,mlb_623149,2026-04-12,PHI,ARI,Paul Sewald,1,0,3,0
mlb_823642,mlb_642547,2026-04-12,NYM,ATH,Freddy Peralta,0,1,18,1
mlb_823642,mlb_640455,2026-04-12,NYM,ATH,Sean Manaea,0,0,9,0
mlb_823642,mlb_650644,2026-04-12,NYM,ATH,Aaron Civale,1,1,17,0
mlb_823642,mlb_663687,2026-04-12,NYM,ATH,Hogan Harris,1,0,3,0
mlb_823642,mlb_605130,2026-04-12,NYM,ATH,Scott Barlow,1,0,3,0
mlb_823642,mlb_665660,2026-04-12,NYM,ATH,Elvis Alvarado,1,0,1,0
mlb_823642,mlb_669270,2026-04-12,NYM,ATH,Joel Kuhnel,1,0,3,0
mlb_823804,mlb_605540,2026-04-12,MIL,WSN,Brandon Woodruff,0,1,18,2
mlb_823804,mlb_682842,2026-04-12,MIL,WSN,Abner Uribe,0,0,2,2
mlb_823804,mlb_672582,2026-04-12,MIL,WSN,Angel Zerpa,0,0,2,4
mlb_823804,mlb_676879,2026-04-12,MIL,WSN,Aaron Ashby,0,0,2,0
mlb_823804,mlb_663765,2026-04-12,MIL,WSN,Jake Woodford,0,0,3,0
mlb_823804,mlb_641793,2026-04-12,MIL,WSN,Zack Littell,1,1,15,3
mlb_823804,mlb_686610,2026-04-12,MIL,WSN,Ken Waldichuk,1,0,5,1
mlb_823804,mlb_669371,2026-04-12,MIL,WSN,Cole Henry,1,0,0,2
mlb_823804,mlb_676571,2026-04-12,MIL,WSN,PJ Poulin,1,0,4,0
mlb_823804,mlb_681402,2026-04-12,MIL,WSN,Gus Varland,1,0,3,0
mlb_823966,mlb_808963,2026-04-12,LAD,TEX,Roki Sasaki,0,1,12,2
mlb_823966,mlb_683618,2026-04-12,LAD,TEX,Edgardo Henriquez,0,0,3,1
mlb_823966,mlb_676263,2026-04-12,LAD,TEX,Jack Dreyer,0,0,3,0
mlb_823966,mlb_676508,2026-04-12,LAD,TEX,Ben Casparius,0,0,3,2
mlb_823966,mlb_694361,2026-04-12,LAD,TEX,Will Klein,0,0,6,0
mlb_823966,mlb_594798,2026-04-12,LAD,TEX,Jacob deGrom,1,1,18,1
mlb_823966,mlb_656641,2026-04-12,LAD,TEX,Jacob Latz,1,0,2,1
mlb_823966,mlb_668390,2026-04-12,LAD,TEX,Cole Winn,1,0,4,0
mlb_823966,mlb_596001,2026-04-12,LAD,TEX,Jakob Junis,1,0,3,0
mlb_824126,mlb_702070,2026-04-12,KCR,CHW,Noah Cameron,0,1,16,5
mlb_824126,mlb_683232,2026-04-12,KCR,CHW,Nick Mears,0,0,2,0
mlb_824126,mlb_670167,2026-04-12,KCR,CHW,John Schreiber,0,0,3,1
mlb_824126,mlb_663738,2026-04-12,KCR,CHW,Daniel Lynch IV,0,0,3,0
mlb_824126,mlb_656638,2026-04-12,KCR,CHW,Alex Lange,0,0,3,0
mlb_824126,mlb_691799,2026-04-12,KCR,CHW,Grant Taylor,1,1,6,0
mlb_824126,mlb_656794,2026-04-12,KCR,CHW,Sean Newcomb,1,0,1,2
mlb_824126,mlb_686563,2026-04-12,KCR,CHW,Jonathan Cannon,1,0,0,1
mlb_824126,mlb_685126,2026-04-12,KCR,CHW,Brandon Eisert,1,0,3,2
mlb_824126,mlb_663855,2026-04-12,KCR,CHW,Jordan Hicks,1,0,4,0
mlb_824126,mlb_663542,2026-04-12,KCR,CHW,Bryan Hudson,1,0,3,0
mlb_824126,mlb_673929,2026-04-12,KCR,CHW,Jordan Leasure,1,0,4,0
mlb_824126,mlb_608371,2026-04-12,KCR,CHW,Lucas Sims,1,0,3,0
mlb_824126,mlb_622554,2026-04-12,KCR,CHW,Seranthony Domínguez,1,0,3,0
mlb_824293,mlb_669373,2026-04-12,DET,MIA,Tarik Skubal,0,1,20,1
mlb_824293,mlb_640448,2026-04-12,DET,MIA,Kyle Finnegan,0,0,4,0
mlb_824293,mlb_657756,2026-04-12,DET,MIA,Connor Seabold,0,0,3,1
mlb_824293,mlb_645261,2026-04-12,DET,MIA,Sandy Alcantara,1,1,18,7
mlb_824293,mlb_663969,2026-04-12,DET,MIA,Tyler Phillips,1,0,6,1
mlb_824533,mlb_671096,2026-04-12,CIN,LAA,Andrew Abbott,0,1,9,7
mlb_824533,mlb_693312,2026-04-12,CIN,LAA,Kyle Nicolas,0,0,6,0
mlb_824533,mlb_656271,2026-04-12,CIN,LAA,Brock Burke,0,0,4,1
mlb_824533,mlb_594580,2026-04-12,CIN,LAA,Sam Moll,0,0,5,1
mlb_824533,mlb_683175,2026-04-12,CIN,LAA,Connor Phillips,0,0,3,0
mlb_824533,mlb_667755,2026-04-12,CIN,LAA,José Soriano,1,1,21,0
mlb_824533,mlb_696147,2026-04-12,CIN,LAA,Sam Bachman,1,0,2,3
mlb_824533,mlb_680704,2026-04-12,CIN,LAA,Nick Sandlin,1,0,1,2
mlb_824533,mlb_519141,2026-04-12,CIN,LAA,Drew Pomeranz,1,0,3,1
mlb_824696,mlb_592791,2026-04-12,CHC,PIT,Jameson Taillon,0,1,18,6
mlb_824696,mlb_702303,2026-04-12,CHC,PIT,Riley Martin,0,0,4,0
mlb_824696,mlb_681799,2026-04-12,CHC,PIT,Ethan Roberts,0,0,2,0
mlb_824696,mlb_694037,2026-04-12,CHC,PIT,Daniel Palencia,0,0,3,0
mlb_824696,mlb_696149,2026-04-12,CHC,PIT,Bubba Chandler,1,1,16,3
mlb_824696,mlb_682995,2026-04-12,CHC,PIT,Hunter Barco,1,0,5,1
mlb_824696,mlb_664875,2026-04-12,CHC,PIT,Justin Lawrence,1,0,3,2
mlb_824696,mlb_664353,2026-04-12,CHC,PIT,José Urquidy,1,0,1,1
mlb_824859,mlb_700249,2026-04-12,BAL,SFG,Cade Povich,0,1,20,1
mlb_824859,mlb_689296,2026-04-12,BAL,SFG,Anthony Nunez,0,0,1,0
mlb_824859,mlb_669330,2026-04-12,BAL,SFG,Tyler Wells,0,0,6,1
mlb_824859,mlb_605288,2026-04-12,BAL,SFG,Adrian Houser,1,1,14,4
mlb_824859,mlb_657424,2026-04-12,BAL,SFG,Matt Gage,1,0,2,1
mlb_824859,mlb_676254,2026-04-12,BAL,SFG,Ryan Walker,1,0,2,1
mlb_824859,mlb_669062,2026-04-12,BAL,SFG,Erik Miller,1,0,3,0
mlb_824859,mlb_664141,2026-04-12,BAL,SFG,JT Brubaker,1,0,3,0
mlb_824938,mlb_519242,2026-04-12,ATL,CLE,Chris Sale,0,1,18,1
mlb_824938,mlb_689266,2026-04-12,ATL,CLE,Dylan Dodd,0,0,9,0
mlb_824938,mlb_676440,2026-04-12,ATL,CLE,Tanner Bibee,1,1,14,8
mlb_824938,mlb_663465,2026-04-12,ATL,CLE,Kolby Allard,1,0,9,5
mlb_824938,mlb_595978,2026-04-12,ATL,CLE,Austin Hedges,1,0,1,0
mlb_823073,mlb_669461,2026-04-13,STL,CLE,Matthew Liberatore,0,1,15,4
mlb_823073,mlb_677865,2026-04-13,STL,CLE,Justin Bruihl,0,0,3,2
mlb_823073,mlb_700669,2026-04-13,STL,CLE,Gordon Graceffo,0,0,4,1
mlb_823073,mlb_681676,2026-04-13,STL,CLE,Ryan Fernandez,0,0,5,2
mlb_823073,mlb_668909,2026-04-13,STL,CLE,Gavin Williams,1,1,15,2
mlb_823073,mlb_682120,2026-04-13,STL,CLE,Tim Herrin,1,0,3,0
mlb_823073,mlb_681870,2026-04-13,STL,CLE,Erik Sabrowski,1,0,3,0
mlb_823073,mlb_683769,2026-04-13,STL,CLE,Hunter Gaddis,1,0,3,1
mlb_823073,mlb_671922,2026-04-13,STL,CLE,Cade Smith,1,0,3,0
mlb_823153,mlb_669923,2026-04-13,SEA,HOU,George Kirby,0,1,23,2
mlb_823153,mlb_666374,2026-04-13,SEA,HOU,Matt Brash,0,0,1,0
mlb_823153,mlb_677961,2026-04-13,SEA,HOU,Cole Wilcox,0,0,3,0
mlb_823153,mlb_681347,2026-04-13,SEA,HOU,Mike Burrows,1,1,18,6
mlb_823153,mlb_641585,2026-04-13,SEA,HOU,J.P. France,1,0,6,0
mlb_823400,mlb_694973,2026-04-13,PIT,WSN,Paul Skenes,0,1,18,1
mlb_823400,mlb_664353,2026-04-13,PIT,WSN,José Urquidy,0,0,3,4
mlb_823400,mlb_681895,2026-04-13,PIT,WSN,Evan Sisk,0,0,6,0
mlb_823400,mlb_676917,2026-04-13,PIT,WSN,Cade Cavalli,1,1,4,4
mlb_823400,mlb_687606,2026-04-13,PIT,WSN,Paxton Schultz,1,0,8,1
mlb_823400,mlb_671131,2026-04-13,PIT,WSN,Jackson Rutledge,1,0,4,7
mlb_823400,mlb_695418,2026-04-13,PIT,WSN,Brad Lord,1,0,2,3
mlb_823400,mlb_687377,2026-04-13,PIT,WSN,Orlando Ribalta,1,0,3,0
mlb_823400,mlb_686894,2026-04-13,PIT,WSN,Joey Wiemer,1,0,3,1
mlb_823481,mlb_650911,2026-04-13,PHI,CHC,Cristopher Sánchez,0,1,18,2
mlb_823481,mlb_686751,2026-04-13,PHI,CHC,Seth Johnson,0,0,5,5
mlb_823481,mlb_689147,2026-04-13,PHI,CHC,Orion Kerkering,0,0,4,0
mlb_823481,mlb_665871,2026-04-13,PHI,CHC,Javier Assad,1,1,13,9
mlb_823481,mlb_657097,2026-04-13,PHI,CHC,Jacob Webb,1,0,2,0
mlb_823481,mlb_656212,2026-04-13,PHI,CHC,Charlie Barnes,1,0,9,4
mlb_823563,mlb_701542,2026-04-13,NYY,LAA,Will Warren,0,1,11,4
mlb_823563,mlb_518585,2026-04-13,NYY,LAA,Fernando Cruz,0,0,1,0
mlb_823563,mlb_657612,2026-04-13,NYY,LAA,Tim Hill,0,0,5,1
mlb_823563,mlb_656234,2026-04-13,NYY,LAA,Jake Bird,0,0,3,3
mlb_823563,mlb_666808,2026-04-13,NYY,LAA,Camilo Doval,0,0,4,2
mlb_823563,mlb_621112,2026-04-13,NYY,LAA,Paul Blackburn,0,0,3,0
mlb_823563,mlb_579328,2026-04-13,NYY,LAA,Yusei Kikuchi,1,1,10,4
mlb_823563,mlb_641312,2026-04-13,NYY,LAA,Shaun Anderson,1,0,7,4
mlb_823563,mlb_815083,2026-04-13,NYY,LAA,Mitch Farris,1,0,4,0
mlb_823563,mlb_519141,2026-04-13,NYY,LAA,Drew Pomeranz,1,0,3,0
mlb_823563,mlb_605447,2026-04-13,NYY,LAA,Jordan Romano,1,0,0,3
mlb_823725,mlb_641927,2026-04-13,MIN,BOS,Bailey Ober,0,1,18,4
mlb_823725,mlb_679358,2026-04-13,MIN,BOS,Eric Orze,0,0,3,2
mlb_823725,mlb_670183,2026-04-13,MIN,BOS,Garrett Acton,0,0,6,0
mlb_823725,mlb_676979,2026-04-13,MIN,BOS,Garrett Crochet,1,1,5,11
mlb_823725,mlb_663558,2026-04-13,MIN,BOS,Jovani Morán,1,0,7,0
mlb_823725,mlb_670245,2026-04-13,MIN,BOS,Ryan Watson,1,0,6,2
mlb_823725,mlb_701719,2026-04-13,MIN,BOS,Tyler Samaniego,1,0,6,0
mlb_823964,mlb_680736,2026-04-13,LAD,NYM,Justin Wrobleski,0,1,24,0
mlb_823964,mlb_656945,2026-04-13,LAD,NYM,Tanner Scott,0,0,3,0
mlb_823964,mlb_656849,2026-04-13,LAD,NYM,David Peterson,1,1,15,4
mlb_823964,mlb_518886,2026-04-13,LAD,NYM,Craig Kimbrel,1,0,3,0
mlb_823964,mlb_680702,2026-04-13,LAD,NYM,Joey Gerber,1,0,6,0
mlb_824856,mlb_665152,2026-04-13,BAL,ARI,Dean Kremer,0,1,15,4
mlb_824856,mlb_544150,2026-04-13,BAL,ARI,Albert Suárez,0,0,6,3
mlb_824856,mlb_670329,2026-04-13,BAL,ARI,Rico Garcia,0,0,3,0
mlb_824856,mlb_664854,2026-04-13,BAL,ARI,Ryan Helsley,0,0,3,0
mlb_824856,mlb_669194,2026-04-13,BAL,ARI,Ryne Nelson,1,1,16,2
mlb_824856,mlb_688497,2026-04-13,BAL,ARI,Taylor Rashi,1,0,2,4
mlb_824856,mlb_642528,2026-04-13,BAL,ARI,Jonathan Loáisiga,1,0,2,2
mlb_824856,mlb_694851,2026-04-13,BAL,ARI,Andrew Hoffmann,1,0,4,1
mlb_824937,mlb_656550,2026-04-13,ATL,MIA,Grant Holmes,0,1,12,3
mlb_824937,mlb_607481,2026-04-13,ATL,MIA,Aaron Bummer,0,0,3,3
mlb_824937,mlb_691548,2026-04-13,ATL,MIA,Rolddy Muñoz,0,0,6,3
mlb_824937,mlb_660761,2026-04-13,ATL,MIA,José Suarez,0,0,6,1
mlb_824937,mlb_691587,2026-04-13,ATL,MIA,Eury Pérez,1,1,12,4
mlb_824937,mlb_677053,2026-04-13,ATL,MIA,Andrew Nardi,1,0,3,0
mlb_824937,mlb_676534,2026-04-13,ATL,MIA,Calvin Faucher,1,0,2,0
mlb_824937,mlb_667463,2026-04-13,ATL,MIA,John King,1,0,1,0
mlb_824937,mlb_669199,2026-04-13,ATL,MIA,Lake Bachar,1,0,6,0
mlb_824937,mlb_669622,2026-04-13,ATL,MIA,Anthony Bender,1,0,3,0
mlb_825024,mlb_622663,2026-04-13,ATH,TEX,Luis Severino,0,1,18,4
mlb_825024,mlb_678022,2026-04-13,ATH,TEX,Jack Perkins,0,0,5,4
mlb_825024,mlb_665622,2026-04-13,ATH,TEX,Luis Medina,0,0,4,0
mlb_825024,mlb_543135,2026-04-13,ATH,TEX,Nathan Eovaldi,1,1,21,0
mlb_825024,mlb_681168,2026-04-13,ATH,TEX,Luis Curvelo,1,0,6,1
mlb_823072,mlb_700241,2026-04-14,STL,CLE,Michael McGreevy,0,1,15,2
mlb_823072,mlb_666277,2026-04-14,STL,CLE,George Soriano,0,0,3,0
mlb_823072,mlb_668941,2026-04-14,STL,CLE,JoJo Romero,0,0,4,0
mlb_823072,mlb_592773,2026-04-14,STL,CLE,Ryne Stanek,0,0,2,3
mlb_823072,mlb_694335,2026-04-14,STL,CLE,Matt Svanson,0,0,3,0
mlb_823072,mlb_676617,2026-04-14,STL,CLE,Riley O'Brien,0,0,3,0
mlb_823072,mlb_676282,2026-04-14,STL,CLE,Joey Cantillo,1,1,18,2
mlb_823072,mlb_542888,2026-04-14,STL,CLE,Shawn Armstrong,1,0,3,0
mlb_823072,mlb_681870,2026-04-14,STL,CLE,Erik Sabrowski,1,0,3,2
mlb_823072,mlb_671922,2026-04-14,STL,CLE,Cade Smith,1,0,3,1
mlb_823072,mlb_682120,2026-04-14,STL,CLE,Tim Herrin,1,0,1,1
mlb_823315,mlb_650633,2026-04-14,SDP,SEA,Michael King,0,1,18,1
mlb_823315,mlb_670970,2026-04-14,SDP,SEA,Adrian Morejon,0,0,3,0
mlb_823315,mlb_592094,2026-04-14,SDP,SEA,Jason Adam,0,0,3,0
mlb_823315,mlb_695243,2026-04-14,SDP,SEA,Mason Miller,0,0,3,0
mlb_823315,mlb_693433,2026-04-14,SDP,SEA,Bryan Woo,1,1,21,3
mlb_823315,mlb_668984,2026-04-14,SDP,SEA,Casey Legumina,1,0,3,1
mlb_823398,mlb_656605,2026-04-14,PIT,WSN,Mitch Keller,0,1,12,5
mlb_823398,mlb_670990,2026-04-14,PIT,WSN,Yohan Ramírez,0,0,6,0
mlb_823398,mlb_682254,2026-04-14,PIT,WSN,Mason Montgomery,0,0,3,0
mlb_823398,mlb_676755,2026-04-14,PIT,WSN,Isaac Mattson,0,0,6,0
mlb_823398,mlb_676571,2026-04-14,PIT,WSN,PJ Poulin,1,1,3,1
mlb_823398,mlb_571945,2026-04-14,PIT,WSN,Miles Mikolas,1,0,10,3
mlb_823398,mlb_680730,2026-04-14,PIT,WSN,Mitchell Parker,1,0,6,0
mlb_823398,mlb_672335,2026-04-14,PIT,WSN,Cionel Pérez,1,0,3,0
mlb_823398,mlb_690925,2026-04-14,PIT,WSN,Clayton Beeter,1,0,2,0
mlb_823398,mlb_681402,2026-04-14,PIT,WSN,Gus Varland,1,0,3,0
mlb_823478,mlb_605400,2026-04-14,PHI,CHC,Aaron Nola,0,1,15,3
mlb_823478,mlb_641835,2026-04-14,PHI,CHC,Tim Mayza,0,0,1,4
mlb_823478,mlb_641745,2026-04-14,PHI,CHC,Brad Keller,0,0,2,0
mlb_823478,mlb_663767,2026-04-14,PHI,CHC,Chase Shugart,0,0,6,0
mlb_823478,mlb_621383,2026-04-14,PHI,CHC,Tanner Banks,0,0,3,3
mlb_823478,mlb_702303,2026-04-14,PHI,CHC,Riley Martin,1,1,3,0
mlb_823478,mlb_607067,2026-04-14,PHI,CHC,Colin Rea,1,0,18,3
mlb_823478,mlb_657097,2026-04-14,PHI,CHC,Jacob Webb,1,0,1,1
mlb_823478,mlb_573204,2026-04-14,PHI,CHC,Caleb Thielbar,1,0,2,0
mlb_823478,mlb_669020,2026-04-14,PHI,CHC,Ryan Rolison,1,0,3,0
mlb_823562,mlb_677960,2026-04-14,NYY,LAA,Ryan Weathers,0,1,15,5
mlb_823562,mlb_621112,2026-04-14,NYY,LAA,Paul Blackburn,0,0,3,1
mlb_823562,mlb_660787,2026-04-14,NYY,LAA,Yerry De los Santos,0,0,6,1
mlb_823562,mlb_687396,2026-04-14,NYY,LAA,Brent Headrick,0,0,3,0
mlb_823562,mlb_672282,2026-04-14,NYY,LAA,Reid Detmers,1,1,21,1
mlb_823562,mlb_681217,2026-04-14,NYY,LAA,Chase Silseth,1,0,3,0
mlb_823562,mlb_666171,2026-04-14,NYY,LAA,Ryan Zeferjahn,1,0,3,0
mlb_823723,mlb_690953,2026-04-14,MIN,BOS,Mick Abel,0,1,21,0
mlb_823723,mlb_573124,2026-04-14,MIN,BOS,Taylor Rogers,0,0,3,0
mlb_823723,mlb_663485,2026-04-14,MIN,BOS,Cole Sands,0,0,3,0
mlb_823723,mlb_543243,2026-04-14,MIN,BOS,Sonny Gray,1,1,12,5
mlb_823723,mlb_681252,2026-04-14,MIN,BOS,Jack Anderson,1,0,9,1
mlb_823723,mlb_547973,2026-04-14,MIN,BOS,Aroldis Chapman,1,0,3,0
mlb_823802,mlb_694819,2026-04-14,MIL,TOR,Jacob Misiorowski,0,1,16,2
mlb_823802,mlb_669084,2026-04-14,MIL,TOR,DL Hall,0,0,2,0
mlb_823802,mlb_672582,2026-04-14,MIL,TOR,Angel Zerpa,0,0,3,0
mlb_823802,mlb_682842,2026-04-14,MIL,TOR,Abner Uribe,0,0,3,1
mlb_823802,mlb_656730,2026-04-14,MIL,TOR,Trevor Megill,0,0,3,3
mlb_823802,mlb_681982,2026-04-14,MIL,TOR,Grant Anderson,0,0,3,3
mlb_823802,mlb_592332,2026-04-14,MIL,TOR,Kevin Gausman,1,1,15,3
mlb_823802,mlb_689254,2026-04-14,MIL,TOR,Mason Fluharty,1,0,3,0
mlb_823802,mlb_680755,2026-04-14,MIL,TOR,Braydon Fisher,1,0,3,1
mlb_823802,mlb_643511,2026-04-14,MIL,TOR,Tyler Rogers,1,0,3,0
mlb_823802,mlb_656546,2026-04-14,MIL,TOR,Jeff Hoffman,1,0,2,2
mlb_823802,mlb_686973,2026-04-14,MIL,TOR,Louis Varland,1,0,4,1
mlb_823965,mlb_808967,2026-04-14,LAD,NYM,Yoshinobu Yamamoto,0,1,23,1
mlb_823965,mlb_595014,2026-04-14,LAD,NYM,Blake Treinen,0,0,1,0
mlb_823965,mlb_681911,2026-04-14,LAD,NYM,Alex Vesia,0,0,3,0
mlb_823965,mlb_690997,2026-04-14,LAD,NYM,Nolan McLean,1,1,21,1
mlb_823965,mlb_548384,2026-04-14,LAD,NYM,Brooks Raley,1,0,3,1
mlb_824210,mlb_676467,2026-04-14,HOU,COL,Colton Gordon,0,1,11,4
mlb_824210,mlb_805123,2026-04-14,HOU,COL,AJ Blubaugh,0,0,4,1
mlb_824210,mlb_595345,2026-04-14,HOU,COL,Steven Okert,0,0,3,0
mlb_824210,mlb_678906,2026-04-14,HOU,COL,Kai-Wei Teng,0,0,4,1
mlb_824210,mlb_687911,2026-04-14,HOU,COL,Bryan King,0,0,4,0
mlb_824210,mlb_660853,2026-04-14,HOU,COL,Enyel De Los Santos,0,0,1,0
mlb_824210,mlb_547179,2026-04-14,HOU,COL,Michael Lorenzen,1,1,8,7
mlb_824210,mlb_622608,2026-04-14,HOU,COL,Antonio Senzatela,1,0,10,0
mlb_824210,mlb_675848,2026-04-14,HOU,COL,Juan Mejia,1,0,3,0
mlb_824210,mlb_688642,2026-04-14,HOU,COL,Zach Agnos,1,0,3,0
mlb_824292,mlb_664285,2026-04-14,DET,KCR,Framber Valdez,0,1,21,1
mlb_824292,mlb_676684,2026-04-14,DET,KCR,Will Vest,0,0,3,0
mlb_824292,mlb_445276,2026-04-14,DET,KCR,Kenley Jansen,0,0,3,0
mlb_824292,mlb_666142,2026-04-14,DET,KCR,Cole Ragans,1,1,18,0
mlb_824292,mlb_621381,2026-04-14,DET,KCR,Matt Strahm,1,0,3,0
mlb_824292,mlb_683232,2026-04-14,DET,KCR,Nick Mears,1,0,3,2
mlb_824531,mlb_663903,2026-04-14,CIN,SFG,Brady Singer,0,1,18,1
mlb_824531,mlb_668933,2026-04-14,CIN,SFG,Graham Ashcraft,0,0,3,0
mlb_824531,mlb_663574,2026-04-14,CIN,SFG,Tony Santillan,0,0,3,0
mlb_824531,mlb_641941,2026-04-14,CIN,SFG,Emilio Pagán,0,0,3,0
mlb_824531,mlb_592662,2026-04-14,CIN,SFG,Robbie Ray,1,1,15,2
mlb_824531,mlb_668873,2026-04-14,CIN,SFG,Caleb Kilian,1,0,3,0
mlb_824531,mlb_676775,2026-04-14,CIN,SFG,Keaton Winn,1,0,3,0
mlb_824531,mlb_676254,2026-04-14,CIN,SFG,Ryan Walker,1,0,3,0
mlb_824616,mlb_702273,2026-04-14,CHW,TBR,Noah Schultz,0,1,13,4
mlb_824616,mlb_608371,2026-04-14,CHW,TBR,Lucas Sims,0,0,4,2
mlb_824616,mlb_685126,2026-04-14,CHW,TBR,Brandon Eisert,0,0,4,2
mlb_824616,mlb_663855,2026-04-14,CHW,TBR,Jordan Hicks,0,0,3,0
mlb_824616,mlb_663542,2026-04-14,CHW,TBR,Bryan Hudson,0,0,3,0
mlb_824616,mlb_663556,2026-04-14,CHW,TBR,Shane McClanahan,1,1,15,3
mlb_824616,mlb_685801,2026-04-14,CHW,TBR,Hunter Bigge,1,0,3,0
mlb_824616,mlb_669438,2026-04-14,CHW,TBR,Mason Englert,1,0,3,0
mlb_824616,mlb_672782,2026-04-14,CHW,TBR,Yoendrys Gómez,1,0,5,2
mlb_824616,mlb_641329,2026-04-14,CHW,TBR,Bryan Baker,1,0,1,0
mlb_824853,mlb_669432,2026-04-14,BAL,ARI,Trevor Rogers,0,1,14,4
mlb_824853,mlb_670329,2026-04-14,BAL,ARI,Rico Garcia,0,0,4,0
mlb_824853,mlb_664991,2026-04-14,BAL,ARI,Grant Wolfram,0,0,4,0
mlb_824853,mlb_666974,2026-04-14,BAL,ARI,Yennier Cano,0,0,3,0
mlb_824853,mlb_675919,2026-04-14,BAL,ARI,Nick Raquet,0,0,2,0
mlb_824853,mlb_518876,2026-04-14,BAL,ARI,Merrill Kelly,1,1,16,2
mlb_824853,mlb_664199,2026-04-14,BAL,ARI,Taylor Clarke,1,0,5,0
mlb_824853,mlb_666661,2026-04-14,BAL,ARI,Juan Morillo,1,0,2,1
mlb_824853,mlb_657044,2026-04-14,BAL,ARI,Ryan Thompson,1,0,1,0
mlb_824853,mlb_623149,2026-04-14,BAL,ARI,Paul Sewald,1,0,3,0
mlb_824935,mlb_625643,2026-04-14,ATL,MIA,Reynaldo López,0,1,15,4
mlb_824935,mlb_669276,2026-04-14,ATL,MIA,Dylan Lee,0,0,3,0
mlb_824935,mlb_641755,2026-04-14,ATL,MIA,Tyler Kinley,0,0,3,0
mlb_824935,mlb_663158,2026-04-14,ATL,MIA,Robert Suarez,0,0,3,1
mlb_824935,mlb_628452,2026-04-14,ATL,MIA,Raisel Iglesias,0,0,3,0
mlb_824935,mlb_676974,2026-04-14,ATL,MIA,Max Meyer,1,1,15,3
mlb_824935,mlb_656848,2026-04-14,ATL,MIA,Michael Petersen,1,0,6,0
mlb_824935,mlb_664126,2026-04-14,ATL,MIA,Pete Fairbanks,1,0,3,3
mlb_825022,mlb_605488,2026-04-14,ATH,TEX,Jeffrey Springs,0,1,19,1
mlb_825022,mlb_686993,2026-04-14,ATH,TEX,Justin Sterner,0,0,2,0
mlb_825022,mlb_663687,2026-04-14,ATH,TEX,Hogan Harris,0,0,2,0
mlb_825022,mlb_665660,2026-04-14,ATH,TEX,Elvis Alvarado,0,0,1,0
mlb_825022,mlb_643410,2026-04-14,ATH,TEX,Mark Leiter Jr.,0,0,3,0
mlb_825022,mlb_669022,2026-04-14,ATH,TEX,MacKenzie Gore,1,1,14,2
mlb_825022,mlb_455119,2026-04-14,ATH,TEX,Chris Martin,1,0,1,0
mlb_825022,mlb_676395,2026-04-14,ATH,TEX,Robert Garcia,1,0,5,0
mlb_825022,mlb_681168,2026-04-14,ATH,TEX,Luis Curvelo,1,0,0,0
mlb_825022,mlb_641302,2026-04-14,ATH,TEX,Tyler Alexander,1,0,4,0
mlb_823071,mlb_669160,2026-04-15,STL,CLE,Dustin May,0,1,18,1
mlb_823071,mlb_677865,2026-04-15,STL,CLE,Justin Bruihl,0,0,2,2
mlb_823071,mlb_668941,2026-04-15,STL,CLE,JoJo Romero,0,0,4,0
mlb_823071,mlb_676617,2026-04-15,STL,CLE,Riley O'Brien,0,0,3,0
mlb_823071,mlb_677944,2026-04-15,STL,CLE,Slade Cecconi,1,1,12,1
mlb_823071,mlb_641401,2026-04-15,STL,CLE,Connor Brogdon,1,0,4,3
mlb_823071,mlb_682120,2026-04-15,STL,CLE,Tim Herrin,1,0,1,0
mlb_823071,mlb_670036,2026-04-15,STL,CLE,Matt Festa,1,0,7,1
mlb_823314,mlb_681190,2026-04-15,SDP,SEA,Randy Vásquez,0,1,12,4
mlb_823314,mlb_676760,2026-04-15,SDP,SEA,Ron Marinaccio,0,0,6,2
mlb_823314,mlb_593974,2026-04-15,SDP,SEA,Wandy Peralta,0,0,3,0
mlb_823314,mlb_689690,2026-04-15,SDP,SEA,Alek Jacob,0,0,6,0
mlb_823314,mlb_676106,2026-04-15,SDP,SEA,Emerson Hancock,1,1,18,2
mlb_823314,mlb_660825,2026-04-15,SDP,SEA,Eduard Bazardo,1,0,3,0
mlb_823314,mlb_642100,2026-04-15,SDP,SEA,Gabe Speier,1,0,3,0
mlb_823314,mlb_662253,2026-04-15,SDP,SEA,Andrés Muñoz,1,0,2,5
mlb_823314,mlb_678606,2026-04-15,SDP,SEA,Jose A. Ferrer,1,0,0,0
mlb_823399,mlb_682254,2026-04-15,PIT,WSN,Mason Montgomery,0,1,3,0
mlb_823399,mlb_669387,2026-04-15,PIT,WSN,Carmen Mlodzinski,0,0,18,0
mlb_823399,mlb_642397,2026-04-15,PIT,WSN,Gregory Soto,0,0,3,0
mlb_823399,mlb_642701,2026-04-15,PIT,WSN,Dennis Santana,0,0,3,0
mlb_823399,mlb_663623,2026-04-15,PIT,WSN,Jake Irvin,1,1,15,2
mlb_823399,mlb_695418,2026-04-15,PIT,WSN,Brad Lord,1,0,9,0
mlb_823477,mlb_666200,2026-04-15,PHI,CHC,Jesús Luzardo,0,1,16,9
mlb_823477,mlb_679775,2026-04-15,PHI,CHC,Kyle Backhus,0,0,5,1
mlb_823477,mlb_621237,2026-04-15,PHI,CHC,José Alvarado,0,0,3,0
mlb_823477,mlb_664238,2026-04-15,PHI,CHC,Dylan Moore,0,0,3,1
mlb_823477,mlb_684007,2026-04-15,PHI,CHC,Shota Imanaga,1,1,18,1
mlb_823477,mlb_676962,2026-04-15,PHI,CHC,Ben Brown,1,0,6,0
mlb_823477,mlb_681432,2026-04-15,PHI,CHC,Luke Little,1,0,3,1
mlb_823561,mlb_661563,2026-04-15,NYY,LAA,Luis Gil,0,1,15,4
mlb_823561,mlb_657612,2026-04-15,NYY,LAA,Tim Hill,0,0,3,0
mlb_823561,mlb_518585,2026-04-15,NYY,LAA,Fernando Cruz,0,0,3,0
mlb_823561,mlb_687396,2026-04-15,NYY,LAA,Brent Headrick,0,0,3,0
mlb_823561,mlb_670280,2026-04-15,NYY,LAA,David Bednar,0,0,3,0
mlb_823561,mlb_686799,2026-04-15,NYY,LAA,Jack Kochanowicz,1,1,20,3
mlb_823561,mlb_519141,2026-04-15,NYY,LAA,Drew Pomeranz,1,0,4,0
mlb_823561,mlb_605447,2026-04-15,NYY,LAA,Jordan Romano,1,0,1,2
mlb_823722,mlb_680573,2026-04-15,MIN,BOS,Simeon Woods Richardson,0,1,15,7
mlb_823722,mlb_607455,2026-04-15,MIN,BOS,Anthony Banda,0,0,3,2
mlb_823722,mlb_623437,2026-04-15,MIN,BOS,Justin Topa,0,0,3,0
mlb_823722,mlb_681892,2026-04-15,MIN,BOS,Kody Funderburk,0,0,3,0
mlb_823722,mlb_679358,2026-04-15,MIN,BOS,Eric Orze,0,0,3,0
mlb_823722,mlb_813349,2026-04-15,MIN,BOS,Connelly Early,1,1,18,1
mlb_823722,mlb_543056,2026-04-15,MIN,BOS,Danny Coulombe,1,0,3,0
mlb_823722,mlb_676477,2026-04-15,MIN,BOS,Garrett Whitlock,1,0,3,0
mlb_823722,mlb_670245,2026-04-15,MIN,BOS,Ryan Watson,1,0,3,4
mlb_823803,mlb_694477,2026-04-15,MIL,TOR,Chad Patrick,0,1,20,1
mlb_823803,mlb_669084,2026-04-15,MIL,TOR,DL Hall,0,0,1,0
mlb_823803,mlb_676879,2026-04-15,MIL,TOR,Aaron Ashby,0,0,3,0
mlb_823803,mlb_682842,2026-04-15,MIL,TOR,Abner Uribe,0,0,3,0
mlb_823803,mlb_656302,2026-04-15,MIL,TOR,Dylan Cease,1,1,18,0
mlb_823803,mlb_689254,2026-04-15,MIL,TOR,Mason Fluharty,1,0,2,0
mlb_823803,mlb_680755,2026-04-15,MIL,TOR,Braydon Fisher,1,0,1,0
mlb_823803,mlb_643511,2026-04-15,MIL,TOR,Tyler Rogers,1,0,3,2
mlb_823963,mlb_660271,2026-04-15,LAD,NYM,Shohei Ohtani,0,1,18,1
mlb_823963,mlb_595014,2026-04-15,LAD,NYM,Blake Treinen,0,0,3,0
mlb_823963,mlb_656945,2026-04-15,LAD,NYM,Tanner Scott,0,0,3,0
mlb_823963,mlb_669165,2026-04-15,LAD,NYM,Kyle Hurt,0,0,3,1
mlb_823963,mlb_605280,2026-04-15,LAD,NYM,Clay Holmes,1,1,15,2
mlb_823963,mlb_668964,2026-04-15,LAD,NYM,Tobias Myers,1,0,6,1
mlb_823963,mlb_642207,2026-04-15,LAD,NYM,Devin Williams,1,0,1,4
mlb_823963,mlb_681810,2026-04-15,LAD,NYM,Austin Warren,1,0,2,1
mlb_824209,mlb_681293,2026-04-15,HOU,COL,Spencer Arrighetti,0,1,18,1
mlb_824209,mlb_595345,2026-04-15,HOU,COL,Steven Okert,0,0,2,0
mlb_824209,mlb_650556,2026-04-15,HOU,COL,Bryan Abreu,0,0,4,0
mlb_824209,mlb_660853,2026-04-15,HOU,COL,Enyel De Los Santos,0,0,3,0
mlb_824209,mlb_500779,2026-04-15,HOU,COL,Jose Quintana,1,1,11,3
mlb_824209,mlb_677955,2026-04-15,HOU,COL,Jaden Hill,1,0,1,0
mlb_824209,mlb_685299,2026-04-15,HOU,COL,Tanner Gordon,1,0,12,0
mlb_824291,mlb_656427,2026-04-15,DET,KCR,Jack Flaherty,0,1,18,1
mlb_824291,mlb_663947,2026-04-15,DET,KCR,Tyler Holton,0,0,2,0
mlb_824291,mlb_640448,2026-04-15,DET,KCR,Kyle Finnegan,0,0,4,0
mlb_824291,mlb_445276,2026-04-15,DET,KCR,Kenley Jansen,0,0,3,0
mlb_824291,mlb_607625,2026-04-15,DET,KCR,Seth Lugo,1,1,20,1
mlb_824291,mlb_663738,2026-04-15,DET,KCR,Daniel Lynch IV,1,0,1,0
mlb_824291,mlb_669212,2026-04-15,DET,KCR,Eli Morgan,1,0,3,1
mlb_824532,mlb_695076,2026-04-15,CIN,SFG,Rhett Lowder,0,1,20,3
mlb_824532,mlb_656271,2026-04-15,CIN,SFG,Brock Burke,0,0,1,0
mlb_824532,mlb_668933,2026-04-15,CIN,SFG,Graham Ashcraft,0,0,3,0
mlb_824532,mlb_572955,2026-04-15,CIN,SFG,Pierce Johnson,0,0,3,0
mlb_824532,mlb_641816,2026-04-15,CIN,SFG,Tyler Mahle,1,1,12,8
mlb_824532,mlb_694918,2026-04-15,CIN,SFG,Blade Tidwell,1,0,3,0
mlb_824532,mlb_621366,2026-04-15,CIN,SFG,Ryan Borucki,1,0,3,0
mlb_824532,mlb_664141,2026-04-15,CIN,SFG,JT Brubaker,1,0,6,0
mlb_824615,mlb_680732,2026-04-15,CHW,TBR,Sean Burke,0,1,16,4
mlb_824615,mlb_656457,2026-04-15,CHW,TBR,Tyler Gilbert,0,0,5,4
mlb_824615,mlb_663542,2026-04-15,CHW,TBR,Bryan Hudson,0,0,3,0
mlb_824615,mlb_624512,2026-04-15,CHW,TBR,Reese McGuire,0,0,3,0
mlb_824615,mlb_642121,2026-04-15,CHW,TBR,Cole Sulser,1,1,6,0
mlb_824615,mlb_669947,2026-04-15,CHW,TBR,Jesse Scholtens,1,0,15,0
mlb_824615,mlb_669438,2026-04-15,CHW,TBR,Mason Englert,1,0,3,0
mlb_824615,mlb_693855,2026-04-15,CHW,TBR,Ian Seymour,1,0,3,3
mlb_824855,mlb_680694,2026-04-15,BAL,ARI,Kyle Bradish,0,1,18,4
mlb_824855,mlb_664991,2026-04-15,BAL,ARI,Grant Wolfram,0,0,2,1
mlb_824855,mlb_666974,2026-04-15,BAL,ARI,Yennier Cano,0,0,1,0
mlb_824855,mlb_689296,2026-04-15,BAL,ARI,Anthony Nunez,0,0,3,0
mlb_824855,mlb_664854,2026-04-15,BAL,ARI,Ryan Helsley,0,0,3,0
mlb_824855,mlb_669330,2026-04-15,BAL,ARI,Tyler Wells,0,0,3,3
mlb_824855,mlb_593958,2026-04-15,BAL,ARI,Eduardo Rodriguez,1,1,15,4
mlb_824855,mlb_656464,2026-04-15,BAL,ARI,Kevin Ginkel,1,0,6,1
mlb_824855,mlb_664199,2026-04-15,BAL,ARI,Taylor Clarke,1,0,3,0
mlb_824855,mlb_657044,2026-04-15,BAL,ARI,Ryan Thompson,1,0,3,0
mlb_824855,mlb_666661,2026-04-15,BAL,ARI,Juan Morillo,1,0,3,0
mlb_824936,mlb_693821,2026-04-15,ATL,MIA,Bryce Elder,0,1,17,0
mlb_824936,mlb_669276,2026-04-15,ATL,MIA,Dylan Lee,0,0,1,0
mlb_824936,mlb_641755,2026-04-15,ATL,MIA,Tyler Kinley,0,0,3,0
mlb_824936,mlb_674370,2026-04-15,ATL,MIA,Osvaldo Bido,0,0,1,3
mlb_824936,mlb_663158,2026-04-15,ATL,MIA,Robert Suarez,0,0,2,0
mlb_824936,mlb_628452,2026-04-15,ATL,MIA,Raisel Iglesias,0,0,3,0
mlb_824936,mlb_663978,2026-04-15,ATL,MIA,Chris Paddack,1,1,14,2
mlb_824936,mlb_667463,2026-04-15,ATL,MIA,John King,1,0,4,1
mlb_824936,mlb_677053,2026-04-15,ATL,MIA,Andrew Nardi,1,0,3,3
mlb_824936,mlb_676534,2026-04-15,ATL,MIA,Calvin Faucher,1,0,3,0
mlb_825021,mlb_669372,2026-04-15,ATH,TEX,J.T. Ginn,0,1,16,2
mlb_825021,mlb_663687,2026-04-15,ATH,TEX,Hogan Harris,0,0,2,0
mlb_825021,mlb_605130,2026-04-15,ATH,TEX,Scott Barlow,0,0,3,0
mlb_825021,mlb_643410,2026-04-15,ATH,TEX,Mark Leiter Jr.,0,0,2,3
mlb_825021,mlb_669270,2026-04-15,ATH,TEX,Joel Kuhnel,0,0,4,0
mlb_825021,mlb_677958,2026-04-15,ATH,TEX,Kumar Rocker,1,1,14,2
mlb_825021,mlb_656222,2026-04-15,ATH,TEX,Jalen Beeks,1,0,3,1
mlb_825021,mlb_668390,2026-04-15,ATH,TEX,Cole Winn,1,0,3,3
mlb_825021,mlb_686560,2026-04-15,ATH,TEX,Gavin Collyer,1,0,1,0
mlb_825021,mlb_656641,2026-04-15,ATH,TEX,Jacob Latz,1,0,3,0
mlb_823313,mlb_621111,2026-04-16,SDP,SEA,Walker Buehler,0,1,15,2
mlb_823313,mlb_699134,2026-04-16,SDP,SEA,Bradgley Rodriguez,0,0,1,0
mlb_823313,mlb_670970,2026-04-16,SDP,SEA,Adrian Morejon,0,0,5,0
mlb_823313,mlb_592094,2026-04-16,SDP,SEA,Jason Adam,0,0,3,0
mlb_823313,mlb_695243,2026-04-16,SDP,SEA,Mason Miller,0,0,3,0
mlb_823313,mlb_622491,2026-04-16,SDP,SEA,Luis Castillo,1,1,16,4
mlb_823313,mlb_677961,2026-04-16,SDP,SEA,Cole Wilcox,1,0,5,1
mlb_823313,mlb_681867,2026-04-16,SDP,SEA,Cooper Criswell,1,0,3,0
mlb_823396,mlb_677952,2026-04-16,PIT,WSN,Braxton Ashcraft,0,1,17,5
mlb_823396,mlb_681895,2026-04-16,PIT,WSN,Evan Sisk,0,0,1,1
mlb_823396,mlb_670990,2026-04-16,PIT,WSN,Yohan Ramírez,0,0,3,1
mlb_823396,mlb_676755,2026-04-16,PIT,WSN,Isaac Mattson,0,0,3,0
mlb_823396,mlb_664875,2026-04-16,PIT,WSN,Justin Lawrence,0,0,3,0
mlb_823396,mlb_642701,2026-04-16,PIT,WSN,Dennis Santana,0,0,3,1
mlb_823396,mlb_656492,2026-04-16,PIT,WSN,Foster Griffin,1,1,16,4
mlb_823396,mlb_687606,2026-04-16,PIT,WSN,Paxton Schultz,1,0,1,2
mlb_823396,mlb_676571,2026-04-16,PIT,WSN,PJ Poulin,1,0,2,0
mlb_823396,mlb_681402,2026-04-16,PIT,WSN,Gus Varland,1,0,2,0
mlb_823396,mlb_672335,2026-04-16,PIT,WSN,Cionel Pérez,1,0,3,0
mlb_823396,mlb_690925,2026-04-16,PIT,WSN,Clayton Beeter,1,0,3,1
mlb_823396,mlb_687377,2026-04-16,PIT,WSN,Orlando Ribalta,1,0,3,0
mlb_823560,mlb_608331,2026-04-16,NYY,LAA,Max Fried,0,1,16,5
mlb_823560,mlb_518585,2026-04-16,NYY,LAA,Fernando Cruz,0,0,2,1
mlb_823560,mlb_683409,2026-04-16,NYY,LAA,Angel Chivilli,0,0,2,1
mlb_823560,mlb_642232,2026-04-16,NYY,LAA,Ryan Yarbrough,0,0,7,4
mlb_823560,mlb_608718,2026-04-16,NYY,LAA,Brent Suter,1,1,6,1
mlb_823560,mlb_680704,2026-04-16,NYY,LAA,Nick Sandlin,1,0,4,2
mlb_823560,mlb_691951,2026-04-16,NYY,LAA,Sam Aldegheri,1,0,5,1
mlb_823560,mlb_696147,2026-04-16,NYY,LAA,Sam Bachman,1,0,9,0
mlb_823560,mlb_681217,2026-04-16,NYY,LAA,Chase Silseth,1,0,3,0
mlb_823801,mlb_687075,2026-04-16,MIL,TOR,Brandon Sproat,0,1,20,1
mlb_823801,mlb_676879,2026-04-16,MIL,TOR,Aaron Ashby,0,0,1,0
mlb_823801,mlb_656730,2026-04-16,MIL,TOR,Trevor Megill,0,0,3,0
mlb_823801,mlb_672582,2026-04-16,MIL,TOR,Angel Zerpa,0,0,3,0
mlb_823801,mlb_571578,2026-04-16,MIL,TOR,Patrick Corbin,1,1,17,1
mlb_823801,mlb_667297,2026-04-16,MIL,TOR,Tommy Nance,1,0,2,1
mlb_823801,mlb_573009,2026-04-16,MIL,TOR,Joe Mantiply,1,0,3,0
mlb_823801,mlb_686973,2026-04-16,MIL,TOR,Louis Varland,1,0,2,0
mlb_824208,mlb_680802,2026-04-16,HOU,COL,Ryan Weiss,0,1,11,2
mlb_824208,mlb_685005,2026-04-16,HOU,COL,Christian Roa,0,0,4,1
mlb_824208,mlb_805123,2026-04-16,HOU,COL,AJ Blubaugh,0,0,6,0
mlb_824208,mlb_678906,2026-04-16,HOU,COL,Kai-Wei Teng,0,0,6,0
mlb_824208,mlb_675848,2026-04-16,HOU,COL,Juan Mejia,1,1,2,2
mlb_824208,mlb_801403,2026-04-16,HOU,COL,Chase Dollander,1,0,16,0
mlb_824208,mlb_677955,2026-04-16,HOU,COL,Jaden Hill,1,0,3,0
mlb_824208,mlb_623474,2026-04-16,HOU,COL,Jimmy Herget,1,0,3,0
mlb_824208,mlb_680767,2026-04-16,HOU,COL,Victor Vodnik,1,0,3,0
mlb_824289,mlb_672456,2026-04-16,DET,KCR,Keider Montero,0,1,18,4
mlb_824289,mlb_623454,2026-04-16,DET,KCR,Drew Anderson,0,0,1,3
mlb_824289,mlb_663947,2026-04-16,DET,KCR,Tyler Holton,0,0,1,1
mlb_824289,mlb_646241,2026-04-16,DET,KCR,Enmanuel De Jesus,0,0,3,0
mlb_824289,mlb_657756,2026-04-16,DET,KCR,Connor Seabold,0,0,4,1
mlb_824289,mlb_663460,2026-04-16,DET,KCR,Kris Bubic,1,1,14,5
mlb_824289,mlb_670167,2026-04-16,DET,KCR,John Schreiber,1,0,1,1
mlb_824289,mlb_656638,2026-04-16,DET,KCR,Alex Lange,1,0,3,0
mlb_824289,mlb_683232,2026-04-16,DET,KCR,Nick Mears,1,0,3,1
mlb_824289,mlb_663738,2026-04-16,DET,KCR,Daniel Lynch IV,1,0,3,0
mlb_824289,mlb_668674,2026-04-16,DET,KCR,Lucas Erceg,1,0,2,3
mlb_824453,mlb_800048,2026-04-16,CLE,BAL,Parker Messick,0,1,24,2
mlb_824453,mlb_671922,2026-04-16,CLE,BAL,Cade Smith,0,0,3,0
mlb_824453,mlb_669358,2026-04-16,CLE,BAL,Shane Baz,1,1,18,4
mlb_824453,mlb_671382,2026-04-16,CLE,BAL,Cameron Foster,1,0,5,0
mlb_824453,mlb_669330,2026-04-16,CLE,BAL,Tyler Wells,1,0,1,0
mlb_824530,mlb_695505,2026-04-16,CIN,SFG,Chase Burns,0,1,18,0
mlb_824530,mlb_656271,2026-04-16,CIN,SFG,Brock Burke,0,0,2,3
mlb_824530,mlb_683175,2026-04-16,CIN,SFG,Connor Phillips,0,0,3,0
mlb_824530,mlb_594580,2026-04-16,CIN,SFG,Sam Moll,0,0,2,0
mlb_824530,mlb_693312,2026-04-16,CIN,SFG,Kyle Nicolas,0,0,2,0
mlb_824530,mlb_694738,2026-04-16,CIN,SFG,Landen Roupp,1,1,18,0
mlb_824530,mlb_676254,2026-04-16,CIN,SFG,Ryan Walker,1,0,3,0
mlb_824530,mlb_676775,2026-04-16,CIN,SFG,Keaton Winn,1,0,3,0
mlb_824530,mlb_669062,2026-04-16,CIN,SFG,Erik Miller,1,0,3,0
mlb_824614,mlb_673929,2026-04-16,CHW,TBR,Jordan Leasure,0,1,4,0
mlb_824614,mlb_641743,2026-04-16,CHW,TBR,Anthony Kay,0,0,8,1
mlb_824614,mlb_663855,2026-04-16,CHW,TBR,Jordan Hicks,0,0,3,0
mlb_824614,mlb_691799,2026-04-16,CHW,TBR,Grant Taylor,0,0,4,1
mlb_824614,mlb_656794,2026-04-16,CHW,TBR,Sean Newcomb,0,0,5,0
mlb_824614,mlb_622554,2026-04-16,CHW,TBR,Seranthony Domínguez,0,0,1,3
mlb_824614,mlb_608371,2026-04-16,CHW,TBR,Lucas Sims,0,0,2,0
mlb_824614,mlb_571927,2026-04-16,CHW,TBR,Steven Matz,1,1,16,2
mlb_824614,mlb_643377,2026-04-16,CHW,TBR,Griffin Jax,1,0,2,0
mlb_824614,mlb_687330,2026-04-16,CHW,TBR,Kevin Kelly,1,0,6,1
mlb_824614,mlb_641329,2026-04-16,CHW,TBR,Bryan Baker,1,0,3,0
mlb_825023,mlb_682052,2026-04-16,ATH,TEX,Jacob Lopez,0,1,15,2
mlb_825023,mlb_665622,2026-04-16,ATH,TEX,Luis Medina,0,0,4,2
mlb_825023,mlb_605130,2026-04-16,ATH,TEX,Scott Barlow,0,0,2,1
mlb_825023,mlb_678022,2026-04-16,ATH,TEX,Jack Perkins,0,0,3,0
mlb_825023,mlb_686993,2026-04-16,ATH,TEX,Justin Sterner,0,0,3,4
mlb_825023,mlb_683004,2026-04-16,ATH,TEX,Jack Leiter,1,1,17,3
mlb_825023,mlb_676395,2026-04-16,ATH,TEX,Robert Garcia,1,0,1,0
mlb_825023,mlb_641302,2026-04-16,ATH,TEX,Tyler Alexander,1,0,1,0
mlb_825023,mlb_596001,2026-04-16,ATH,TEX,Jakob Junis,1,0,4,3
mlb_825023,mlb_656641,2026-04-16,ATH,TEX,Jacob Latz,1,0,1,0
mlb_825023,mlb_615698,2026-04-16,ATH,TEX,Cal Quantrill,1,0,3,0
mlb_822752,mlb_641793,2026-04-17,WSN,SFG,Zack Littell,0,1,12,8
mlb_822752,mlb_687606,2026-04-17,WSN,SFG,Paxton Schultz,0,0,9,1
mlb_822752,mlb_676571,2026-04-17,WSN,SFG,PJ Poulin,0,0,3,0
mlb_822752,mlb_663992,2026-04-17,WSN,SFG,Richard Lovelady,0,0,3,1
mlb_822752,mlb_657277,2026-04-17,WSN,SFG,Logan Webb,1,1,18,4
mlb_822752,mlb_657424,2026-04-17,WSN,SFG,Matt Gage,1,0,3,1
mlb_822752,mlb_668873,2026-04-17,WSN,SFG,Caleb Kilian,1,0,3,0
mlb_822752,mlb_694918,2026-04-17,WSN,SFG,Blade Tidwell,1,0,3,0
mlb_823152,mlb_669302,2026-04-17,SEA,TEX,Logan Gilbert,0,1,16,2
mlb_823152,mlb_660825,2026-04-17,SEA,TEX,Eduard Bazardo,0,0,2,0
mlb_823152,mlb_678606,2026-04-17,SEA,TEX,Jose A. Ferrer,0,0,2,1
mlb_823152,mlb_668984,2026-04-17,SEA,TEX,Casey Legumina,0,0,7,2
mlb_823152,mlb_594798,2026-04-17,SEA,TEX,Jacob deGrom,1,1,12,0
mlb_823152,mlb_686560,2026-04-17,SEA,TEX,Gavin Collyer,1,0,4,0
mlb_823152,mlb_641302,2026-04-17,SEA,TEX,Tyler Alexander,1,0,2,0
mlb_823152,mlb_656222,2026-04-17,SEA,TEX,Jalen Beeks,1,0,3,0
mlb_823152,mlb_668390,2026-04-17,SEA,TEX,Cole Winn,1,0,3,0
mlb_823152,mlb_656641,2026-04-17,SEA,TEX,Jacob Latz,1,0,3,0
mlb_823397,mlb_696149,2026-04-17,PIT,TBR,Bubba Chandler,0,1,18,1
mlb_823397,mlb_682254,2026-04-17,PIT,TBR,Mason Montgomery,0,0,3,0
mlb_823397,mlb_642397,2026-04-17,PIT,TBR,Gregory Soto,0,0,3,0
mlb_823397,mlb_642701,2026-04-17,PIT,TBR,Dennis Santana,0,0,3,0
mlb_823397,mlb_607259,2026-04-17,PIT,TBR,Nick Martinez,1,1,16,2
mlb_823397,mlb_643377,2026-04-17,PIT,TBR,Griffin Jax,1,0,2,1
mlb_823397,mlb_672782,2026-04-17,PIT,TBR,Yoendrys Gómez,1,0,6,2
mlb_823476,mlb_592836,2026-04-17,PHI,ATL,Taijuan Walker,0,1,12,7
mlb_823476,mlb_641835,2026-04-17,PHI,ATL,Tim Mayza,0,0,6,0
mlb_823476,mlb_621383,2026-04-17,PHI,ATL,Tanner Banks,0,0,3,0
mlb_823476,mlb_689147,2026-04-17,PHI,ATL,Orion Kerkering,0,0,3,1
mlb_823476,mlb_663767,2026-04-17,PHI,ATL,Chase Shugart,0,0,3,1
mlb_823476,mlb_527048,2026-04-17,PHI,ATL,Martín Pérez,1,1,18,0
mlb_823476,mlb_660761,2026-04-17,PHI,ATL,José Suarez,1,0,9,0
mlb_823559,mlb_693645,2026-04-17,NYY,KCR,Cam Schlittler,0,1,18,1
mlb_823559,mlb_687396,2026-04-17,NYY,KCR,Brent Headrick,0,0,3,0
mlb_823559,mlb_666808,2026-04-17,NYY,KCR,Camilo Doval,0,0,3,1
mlb_823559,mlb_670280,2026-04-17,NYY,KCR,David Bednar,0,0,3,0
mlb_823559,mlb_608379,2026-04-17,NYY,KCR,Michael Wacha,1,1,18,2
mlb_823559,mlb_669212,2026-04-17,NYY,KCR,Eli Morgan,1,0,3,0
mlb_823559,mlb_656638,2026-04-17,NYY,KCR,Alex Lange,1,0,3,2
mlb_823720,mlb_657746,2026-04-17,MIN,CIN,Joe Ryan,0,1,18,2
mlb_823720,mlb_623437,2026-04-17,MIN,CIN,Justin Topa,0,0,3,0
mlb_823720,mlb_681892,2026-04-17,MIN,CIN,Kody Funderburk,0,0,3,0
mlb_823720,mlb_663485,2026-04-17,MIN,CIN,Cole Sands,0,0,3,0
mlb_823720,mlb_682227,2026-04-17,MIN,CIN,Brandon Williamson,1,1,16,1
mlb_823720,mlb_683175,2026-04-17,MIN,CIN,Connor Phillips,1,0,2,0
mlb_823720,mlb_668933,2026-04-17,MIN,CIN,Graham Ashcraft,1,0,3,0
mlb_823720,mlb_663574,2026-04-17,MIN,CIN,Tony Santillan,1,0,3,0
mlb_823720,mlb_641941,2026-04-17,MIN,CIN,Emilio Pagán,1,0,3,0
mlb_823883,mlb_676083,2026-04-17,MIA,MIL,Janson Junk,0,1,16,4
mlb_823883,mlb_667463,2026-04-17,MIA,MIL,John King,0,0,4,0
mlb_823883,mlb_663969,2026-04-17,MIA,MIL,Tyler Phillips,0,0,4,0
mlb_823883,mlb_664126,2026-04-17,MIA,MIL,Pete Fairbanks,0,0,3,0
mlb_823883,mlb_676534,2026-04-17,MIA,MIL,Calvin Faucher,0,0,3,3
mlb_823883,mlb_689441,2026-04-17,MIA,MIL,Coleman Crow,1,1,16,2
mlb_823883,mlb_669084,2026-04-17,MIA,MIL,DL Hall,1,0,2,1
mlb_823883,mlb_681982,2026-04-17,MIA,MIL,Grant Anderson,1,0,3,0
mlb_823883,mlb_672582,2026-04-17,MIA,MIL,Angel Zerpa,1,0,3,1
mlb_823883,mlb_682842,2026-04-17,MIA,MIL,Abner Uribe,1,0,3,0
mlb_823883,mlb_656730,2026-04-17,MIA,MIL,Trevor Megill,1,0,3,1
mlb_824048,mlb_667755,2026-04-17,LAA,SDP,José Soriano,0,1,17,0
mlb_824048,mlb_681217,2026-04-17,LAA,SDP,Chase Silseth,0,0,1,0
mlb_824048,mlb_641312,2026-04-17,LAA,SDP,Shaun Anderson,0,0,6,0
mlb_824048,mlb_605447,2026-04-17,LAA,SDP,Jordan Romano,0,0,3,0
mlb_824048,mlb_663362,2026-04-17,LAA,SDP,Matt Waldron,1,1,11,6
mlb_824048,mlb_688158,2026-04-17,LAA,SDP,David Morgan,1,0,2,2
mlb_824048,mlb_593974,2026-04-17,LAA,SDP,Wandy Peralta,1,0,5,0
mlb_824048,mlb_699134,2026-04-17,LAA,SDP,Bradgley Rodriguez,1,0,3,0
mlb_824048,mlb_606996,2026-04-17,LAA,SDP,Kyle Hart,1,0,3,0
mlb_824207,mlb_663567,2026-04-17,HOU,STL,Peter Lambert,0,1,15,4
mlb_824207,mlb_595345,2026-04-17,HOU,STL,Steven Okert,0,0,3,0
mlb_824207,mlb_650556,2026-04-17,HOU,STL,Bryan Abreu,0,0,3,3
mlb_824207,mlb_641585,2026-04-17,HOU,STL,J.P. France,0,0,6,2
mlb_824207,mlb_681517,2026-04-17,HOU,STL,Kyle Leahy,1,1,15,3
mlb_824207,mlb_677865,2026-04-17,HOU,STL,Justin Bruihl,1,0,3,0
mlb_824207,mlb_668941,2026-04-17,HOU,STL,JoJo Romero,1,0,3,0
mlb_824207,mlb_592773,2026-04-17,HOU,STL,Ryne Stanek,1,0,3,1
mlb_824207,mlb_666277,2026-04-17,HOU,STL,George Soriano,1,0,3,0
mlb_824373,mlb_608372,2026-04-17,COL,LAD,Tomoyuki Sugano,0,1,12,5
mlb_824373,mlb_688642,2026-04-17,COL,LAD,Zach Agnos,0,0,12,2
mlb_824373,mlb_657514,2026-04-17,COL,LAD,Brennan Bernardino,0,0,3,0
mlb_824373,mlb_607192,2026-04-17,COL,LAD,Tyler Glasnow,1,1,21,1
mlb_824373,mlb_676263,2026-04-17,COL,LAD,Jack Dreyer,1,0,6,0
mlb_824454,mlb_676440,2026-04-17,CLE,BAL,Tanner Bibee,0,1,18,0
mlb_824454,mlb_683769,2026-04-17,CLE,BAL,Hunter Gaddis,0,0,3,0
mlb_824454,mlb_542888,2026-04-17,CLE,BAL,Shawn Armstrong,0,0,0,3
mlb_824454,mlb_681870,2026-04-17,CLE,BAL,Erik Sabrowski,0,0,2,2
mlb_824454,mlb_641401,2026-04-17,CLE,BAL,Connor Brogdon,0,0,4,1
mlb_824454,mlb_605135,2026-04-17,CLE,BAL,Chris Bassitt,1,1,15,0
mlb_824454,mlb_666974,2026-04-17,CLE,BAL,Yennier Cano,1,0,2,0
mlb_824454,mlb_664991,2026-04-17,CLE,BAL,Grant Wolfram,1,0,2,3
mlb_824454,mlb_689296,2026-04-17,CLE,BAL,Anthony Nunez,1,0,2,1
mlb_824454,mlb_670329,2026-04-17,CLE,BAL,Rico Garcia,1,0,3,0
mlb_824454,mlb_664854,2026-04-17,CLE,BAL,Ryan Helsley,1,0,3,0
mlb_824693,mlb_665795,2026-04-17,CHC,NYM,Edward Cabrera,0,1,18,3
mlb_824693,mlb_702303,2026-04-17,CHC,NYM,Riley Martin,0,0,3,0
mlb_824693,mlb_657097,2026-04-17,CHC,NYM,Jacob Webb,0,0,3,1
mlb_824693,mlb_571948,2026-04-17,CHC,NYM,Hoby Milner,0,0,3,0
mlb_824693,mlb_673540,2026-04-17,CHC,NYM,Kodai Senga,1,1,10,7
mlb_824693,mlb_623211,2026-04-17,CHC,NYM,Huascar Brazobán,1,0,2,0
mlb_824693,mlb_640455,2026-04-17,CHC,NYM,Sean Manaea,1,0,12,5
mlb_824778,mlb_624133,2026-04-17,BOS,DET,Ranger Suarez,0,1,24,0
mlb_824778,mlb_547973,2026-04-17,BOS,DET,Aroldis Chapman,0,0,3,0
mlb_824778,mlb_676477,2026-04-17,BOS,DET,Garrett Whitlock,0,0,3,0
mlb_824778,mlb_663554,2026-04-17,BOS,DET,Casey Mize,1,1,20,0
mlb_824778,mlb_640448,2026-04-17,BOS,DET,Kyle Finnegan,1,0,3,0
mlb_824778,mlb_676428,2026-04-17,BOS,DET,Brant Hurter,1,0,1,0
mlb_824778,mlb_676684,2026-04-17,BOS,DET,Will Vest,1,0,4,1
mlb_825019,mlb_650644,2026-04-17,ATH,CHW,Aaron Civale,0,1,14,5
mlb_825019,mlb_665660,2026-04-17,ATH,CHW,Elvis Alvarado,0,0,6,4
mlb_825019,mlb_686993,2026-04-17,ATH,CHW,Justin Sterner,0,0,7,0
mlb_825019,mlb_663436,2026-04-17,ATH,CHW,Davis Martin,1,1,21,1
mlb_825019,mlb_680951,2026-04-17,ATH,CHW,Doug Nikhazy,1,0,6,1
mlb_825101,mlb_647336,2026-04-17,ARI,TOR,Michael Soroka,0,1,21,2
mlb_825101,mlb_642528,2026-04-17,ARI,TOR,Jonathan Loáisiga,0,0,3,1
mlb_825101,mlb_623149,2026-04-17,ARI,TOR,Paul Sewald,0,0,3,0
mlb_825101,mlb_680755,2026-04-17,ARI,TOR,Braydon Fisher,1,1,3,0
mlb_825101,mlb_641778,2026-04-17,ARI,TOR,Eric Lauer,1,0,15,3
mlb_825101,mlb_693686,2026-04-17,ARI,TOR,Spencer Miles,1,0,3,2
mlb_825101,mlb_573009,2026-04-17,ARI,TOR,Joe Mantiply,1,0,3,1
mlb_822751,mlb_676917,2026-04-18,WSN,SFG,Cade Cavalli,0,1,12,3
mlb_822751,mlb_680730,2026-04-18,WSN,SFG,Mitchell Parker,0,0,9,3
mlb_822751,mlb_681402,2026-04-18,WSN,SFG,Gus Varland,0,0,3,0
mlb_822751,mlb_663992,2026-04-18,WSN,SFG,Richard Lovelady,0,0,6,0
mlb_822751,mlb_672335,2026-04-18,WSN,SFG,Cionel Pérez,0,0,6,1
mlb_822751,mlb_605288,2026-04-18,WSN,SFG,Adrian Houser,1,1,17,5
mlb_822751,mlb_621366,2026-04-18,WSN,SFG,Ryan Borucki,1,0,1,0
mlb_822751,mlb_669062,2026-04-18,WSN,SFG,Erik Miller,1,0,3,0
mlb_822751,mlb_657424,2026-04-18,WSN,SFG,Matt Gage,1,0,3,0
mlb_822751,mlb_676254,2026-04-18,WSN,SFG,Ryan Walker,1,0,6,1
mlb_822751,mlb_668873,2026-04-18,WSN,SFG,Caleb Kilian,1,0,6,0
mlb_823151,mlb_669923,2026-04-18,SEA,TEX,George Kirby,0,1,17,1
mlb_823151,mlb_666374,2026-04-18,SEA,TEX,Matt Brash,0,0,1,0
mlb_823151,mlb_642100,2026-04-18,SEA,TEX,Gabe Speier,0,0,2,0
mlb_823151,mlb_660825,2026-04-18,SEA,TEX,Eduard Bazardo,0,0,3,0
mlb_823151,mlb_678606,2026-04-18,SEA,TEX,Jose A. Ferrer,0,0,1,0
mlb_823151,mlb_677961,2026-04-18,SEA,TEX,Cole Wilcox,0,0,2,2
mlb_823151,mlb_662253,2026-04-18,SEA,TEX,Andrés Muñoz,0,0,1,0
mlb_823151,mlb_543135,2026-04-18,SEA,TEX,Nathan Eovaldi,1,1,15,4
mlb_823151,mlb_615698,2026-04-18,SEA,TEX,Cal Quantrill,1,0,9,3
mlb_823394,mlb_694973,2026-04-18,PIT,TBR,Paul Skenes,0,1,12,0
mlb_823394,mlb_676742,2026-04-18,PIT,TBR,Cam Sanders,0,0,2,4
mlb_823394,mlb_681895,2026-04-18,PIT,TBR,Evan Sisk,0,0,5,1
mlb_823394,mlb_664875,2026-04-18,PIT,TBR,Justin Lawrence,0,0,5,0
mlb_823394,mlb_642397,2026-04-18,PIT,TBR,Gregory Soto,0,0,3,0
mlb_823394,mlb_676755,2026-04-18,PIT,TBR,Isaac Mattson,0,0,3,0
mlb_823394,mlb_670990,2026-04-18,PIT,TBR,Yohan Ramírez,0,0,9,3
mlb_823394,mlb_656876,2026-04-18,PIT,TBR,Drew Rasmussen,1,1,11,4
mlb_823394,mlb_669438,2026-04-18,PIT,TBR,Mason Englert,1,0,2,0
mlb_823394,mlb_693855,2026-04-18,PIT,TBR,Ian Seymour,1,0,5,0
mlb_823394,mlb_685801,2026-04-18,PIT,TBR,Hunter Bigge,1,0,3,0
mlb_823394,mlb_641329,2026-04-18,PIT,TBR,Bryan Baker,1,0,3,1
mlb_823394,mlb_642121,2026-04-18,PIT,TBR,Cole Sulser,1,0,4,0
mlb_823394,mlb_687330,2026-04-18,PIT,TBR,Kevin Kelly,1,0,5,1
mlb_823394,mlb_643377,2026-04-18,PIT,TBR,Griffin Jax,1,0,3,0
mlb_823394,mlb_672782,2026-04-18,PIT,TBR,Yoendrys Gómez,1,0,3,1
mlb_823474,mlb_650911,2026-04-18,PHI,ATL,Cristopher Sánchez,0,1,18,3
mlb_823474,mlb_621237,2026-04-18,PHI,ATL,José Alvarado,0,0,3,0
mlb_823474,mlb_621383,2026-04-18,PHI,ATL,Tanner Banks,0,0,3,0
mlb_823474,mlb_641745,2026-04-18,PHI,ATL,Brad Keller,0,0,3,0
mlb_823474,mlb_519242,2026-04-18,PHI,ATL,Chris Sale,1,1,21,1
mlb_823474,mlb_669276,2026-04-18,PHI,ATL,Dylan Lee,1,0,3,0
mlb_823474,mlb_663158,2026-04-18,PHI,ATL,Robert Suarez,1,0,3,0
mlb_823558,mlb_701542,2026-04-18,NYY,KCR,Will Warren,0,1,21,2
mlb_823558,mlb_621112,2026-04-18,NYY,KCR,Paul Blackburn,0,0,6,2
mlb_823558,mlb_702070,2026-04-18,NYY,KCR,Noah Cameron,1,1,12,7
mlb_823558,mlb_687765,2026-04-18,NYY,KCR,Mitch Spence,1,0,12,6
mlb_823721,mlb_671737,2026-04-18,MIN,CIN,Taj Bradley,0,1,18,2
mlb_823721,mlb_623437,2026-04-18,MIN,CIN,Justin Topa,0,0,2,1
mlb_823721,mlb_681892,2026-04-18,MIN,CIN,Kody Funderburk,0,0,1,0
mlb_823721,mlb_679358,2026-04-18,MIN,CIN,Eric Orze,0,0,3,1
mlb_823721,mlb_663485,2026-04-18,MIN,CIN,Cole Sands,0,0,3,1
mlb_823721,mlb_671096,2026-04-18,MIN,CIN,Andrew Abbott,1,1,14,4
mlb_823721,mlb_594580,2026-04-18,MIN,CIN,Sam Moll,1,0,1,0
mlb_823721,mlb_572955,2026-04-18,MIN,CIN,Pierce Johnson,1,0,3,0
mlb_823721,mlb_656271,2026-04-18,MIN,CIN,Brock Burke,1,0,3,0
mlb_823721,mlb_693312,2026-04-18,MIN,CIN,Kyle Nicolas,1,0,3,0
mlb_823721,mlb_663574,2026-04-18,MIN,CIN,Tony Santillan,1,0,3,0
mlb_823882,mlb_645261,2026-04-18,MIA,MIL,Sandy Alcantara,0,1,15,3
mlb_823882,mlb_669622,2026-04-18,MIA,MIL,Anthony Bender,0,0,2,2
mlb_823882,mlb_669199,2026-04-18,MIA,MIL,Lake Bachar,0,0,7,0
mlb_823882,mlb_667463,2026-04-18,MIA,MIL,John King,0,0,3,0
mlb_823882,mlb_605540,2026-04-18,MIA,MIL,Brandon Woodruff,1,1,21,1
mlb_823882,mlb_663765,2026-04-18,MIA,MIL,Jake Woodford,1,0,4,1
mlb_823882,mlb_682842,2026-04-18,MIA,MIL,Abner Uribe,1,0,2,0
mlb_824049,mlb_579328,2026-04-18,LAA,SDP,Yusei Kikuchi,0,1,18,0
mlb_824049,mlb_666171,2026-04-18,LAA,SDP,Ryan Zeferjahn,0,0,3,2
mlb_824049,mlb_680704,2026-04-18,LAA,SDP,Nick Sandlin,0,0,5,2
mlb_824049,mlb_641312,2026-04-18,LAA,SDP,Shaun Anderson,0,0,1,0
mlb_824049,mlb_608566,2026-04-18,LAA,SDP,Germán Márquez,1,1,17,0
mlb_824049,mlb_670970,2026-04-18,LAA,SDP,Adrian Morejon,1,0,4,0
mlb_824049,mlb_592094,2026-04-18,LAA,SDP,Jason Adam,1,0,3,1
mlb_824049,mlb_695243,2026-04-18,LAA,SDP,Mason Miller,1,0,3,0
mlb_824206,mlb_621121,2026-04-18,HOU,STL,Lance McCullers Jr.,0,1,15,4
mlb_824206,mlb_676467,2026-04-18,HOU,STL,Colton Gordon,0,0,8,3
mlb_824206,mlb_805123,2026-04-18,HOU,STL,AJ Blubaugh,0,0,4,0
mlb_824206,mlb_669467,2026-04-18,HOU,STL,Andre Pallante,1,1,15,1
mlb_824206,mlb_700669,2026-04-18,HOU,STL,Gordon Graceffo,1,0,6,0
mlb_824206,mlb_694335,2026-04-18,HOU,STL,Matt Svanson,1,0,3,1
mlb_824206,mlb_666277,2026-04-18,HOU,STL,George Soriano,1,0,1,3
mlb_824206,mlb_676617,2026-04-18,HOU,STL,Riley O'Brien,1,0,2,0
mlb_824372,mlb_663372,2026-04-18,COL,LAD,Ryan Feltner,0,1,17,3
mlb_824372,mlb_657514,2026-04-18,COL,LAD,Brennan Bernardino,0,0,4,0
mlb_824372,mlb_677955,2026-04-18,COL,LAD,Jaden Hill,0,0,3,0
mlb_824372,mlb_680767,2026-04-18,COL,LAD,Victor Vodnik,0,0,3,0
mlb_824372,mlb_686218,2026-04-18,COL,LAD,Emmet Sheehan,1,1,15,2
mlb_824372,mlb_694361,2026-04-18,COL,LAD,Will Klein,1,0,3,2
mlb_824372,mlb_681911,2026-04-18,COL,LAD,Alex Vesia,1,0,3,0
mlb_824372,mlb_683618,2026-04-18,COL,LAD,Edgardo Henriquez,1,0,3,0
mlb_824451,mlb_668909,2026-04-18,CLE,BAL,Gavin Williams,0,1,21,1
mlb_824451,mlb_683769,2026-04-18,CLE,BAL,Hunter Gaddis,0,0,3,1
mlb_824451,mlb_671922,2026-04-18,CLE,BAL,Cade Smith,0,0,3,0
mlb_824451,mlb_665152,2026-04-18,CLE,BAL,Dean Kremer,1,1,18,3
mlb_824451,mlb_544150,2026-04-18,CLE,BAL,Albert Suárez,1,0,6,1
mlb_824694,mlb_592791,2026-04-18,CHC,NYM,Jameson Taillon,0,1,18,1
mlb_824694,mlb_676962,2026-04-18,CHC,NYM,Ben Brown,0,0,6,1
mlb_824694,mlb_573204,2026-04-18,CHC,NYM,Caleb Thielbar,0,0,3,0
mlb_824694,mlb_642547,2026-04-18,CHC,NYM,Freddy Peralta,1,1,17,3
mlb_824694,mlb_548384,2026-04-18,CHC,NYM,Brooks Raley,1,0,2,1
mlb_824694,mlb_596133,2026-04-18,CHC,NYM,Luke Weaver,1,0,2,0
mlb_824694,mlb_518886,2026-04-18,CHC,NYM,Craig Kimbrel,1,0,3,0
mlb_824775,mlb_678394,2026-04-18,BOS,DET,Brayan Bello,0,1,12,4
mlb_824775,mlb_663558,2026-04-18,BOS,DET,Jovani Morán,0,0,9,0
mlb_824775,mlb_669711,2026-04-18,BOS,DET,Greg Weissert,0,0,3,0
mlb_824775,mlb_677161,2026-04-18,BOS,DET,Zack Kelly,0,0,3,0
mlb_824775,mlb_669373,2026-04-18,BOS,DET,Tarik Skubal,1,1,18,1
mlb_824775,mlb_663947,2026-04-18,BOS,DET,Tyler Holton,1,0,6,0
mlb_824775,mlb_445276,2026-04-18,BOS,DET,Kenley Jansen,1,0,3,0
mlb_825020,mlb_622663,2026-04-18,ATH,CHW,Luis Severino,0,1,16,5
mlb_825020,mlb_663687,2026-04-18,ATH,CHW,Hogan Harris,0,0,4,1
mlb_825020,mlb_669270,2026-04-18,ATH,CHW,Joel Kuhnel,0,0,4,0
mlb_825020,mlb_643410,2026-04-18,ATH,CHW,Mark Leiter Jr.,0,0,2,0
mlb_825020,mlb_678022,2026-04-18,ATH,CHW,Jack Perkins,0,0,7,0
mlb_825020,mlb_607200,2026-04-18,ATH,CHW,Erick Fedde,1,1,14,3
mlb_825020,mlb_656794,2026-04-18,ATH,CHW,Sean Newcomb,1,0,4,1
mlb_825020,mlb_673929,2026-04-18,ATH,CHW,Jordan Leasure,1,0,3,2
mlb_825020,mlb_663542,2026-04-18,ATH,CHW,Bryan Hudson,1,0,3,0
mlb_825020,mlb_622554,2026-04-18,ATH,CHW,Seranthony Domínguez,1,0,3,0
mlb_825020,mlb_663855,2026-04-18,ATH,CHW,Jordan Hicks,1,0,3,0
mlb_825020,mlb_608371,2026-04-18,ATH,CHW,Lucas Sims,1,0,2,1
mlb_825098,mlb_668678,2026-04-18,ARI,TOR,Zac Gallen,0,1,17,2
mlb_825098,mlb_657044,2026-04-18,ARI,TOR,Ryan Thompson,0,0,3,0
mlb_825098,mlb_666661,2026-04-18,ARI,TOR,Juan Morillo,0,0,4,0
mlb_825098,mlb_656464,2026-04-18,ARI,TOR,Kevin Ginkel,0,0,3,0
mlb_825098,mlb_453286,2026-04-18,ARI,TOR,Max Scherzer,1,1,18,2
mlb_825098,mlb_643511,2026-04-18,ARI,TOR,Tyler Rogers,1,0,3,0
mlb_825098,mlb_656546,2026-04-18,ARI,TOR,Jeff Hoffman,1,0,3,4
mlb_822750,mlb_676571,2026-04-19,WSN,SFG,PJ Poulin,0,1,2,0
mlb_822750,mlb_571945,2026-04-19,WSN,SFG,Miles Mikolas,0,0,12,0
mlb_822750,mlb_674841,2026-04-19,WSN,SFG,Andrew Alvarez,0,0,13,0
mlb_822750,mlb_592662,2026-04-19,WSN,SFG,Robbie Ray,1,1,18,3
mlb_822750,mlb_676775,2026-04-19,WSN,SFG,Keaton Winn,1,0,3,0
mlb_822750,mlb_664141,2026-04-19,WSN,SFG,JT Brubaker,1,0,3,0
mlb_823150,mlb_693433,2026-04-19,SEA,TEX,Bryan Woo,0,1,21,2
mlb_823150,mlb_642100,2026-04-19,SEA,TEX,Gabe Speier,0,0,3,0
mlb_823150,mlb_662253,2026-04-19,SEA,TEX,Andrés Muñoz,0,0,3,0
mlb_823150,mlb_669022,2026-04-19,SEA,TEX,MacKenzie Gore,1,1,15,5
mlb_823150,mlb_641302,2026-04-19,SEA,TEX,Tyler Alexander,1,0,3,0
mlb_823150,mlb_656222,2026-04-19,SEA,TEX,Jalen Beeks,1,0,2,0
mlb_823150,mlb_686560,2026-04-19,SEA,TEX,Gavin Collyer,1,0,1,0
mlb_823150,mlb_596001,2026-04-19,SEA,TEX,Jakob Junis,1,0,3,0
mlb_823393,mlb_656605,2026-04-19,PIT,TBR,Mitch Keller,0,1,21,2
mlb_823393,mlb_676755,2026-04-19,PIT,TBR,Isaac Mattson,0,0,3,0
mlb_823393,mlb_696062,2026-04-19,PIT,TBR,Wilber Dotel,0,0,3,1
mlb_823393,mlb_663556,2026-04-19,PIT,TBR,Shane McClanahan,1,1,13,4
mlb_823393,mlb_669438,2026-04-19,PIT,TBR,Mason Englert,1,0,7,1
mlb_823393,mlb_693855,2026-04-19,PIT,TBR,Ian Seymour,1,0,4,1
mlb_823475,mlb_691725,2026-04-19,PHI,ATL,Andrew Painter,0,1,12,3
mlb_823475,mlb_641835,2026-04-19,PHI,ATL,Tim Mayza,0,0,3,1
mlb_823475,mlb_663767,2026-04-19,PHI,ATL,Chase Shugart,0,0,2,0
mlb_823475,mlb_679775,2026-04-19,PHI,ATL,Kyle Backhus,0,0,4,0
mlb_823475,mlb_689147,2026-04-19,PHI,ATL,Orion Kerkering,0,0,3,0
mlb_823475,mlb_686751,2026-04-19,PHI,ATL,Seth Johnson,0,0,3,0
mlb_823475,mlb_656550,2026-04-19,PHI,ATL,Grant Holmes,1,1,14,2
mlb_823475,mlb_607481,2026-04-19,PHI,ATL,Aaron Bummer,1,0,1,0
mlb_823475,mlb_641755,2026-04-19,PHI,ATL,Tyler Kinley,1,0,3,0
mlb_823475,mlb_669276,2026-04-19,PHI,ATL,Dylan Lee,1,0,3,0
mlb_823475,mlb_663158,2026-04-19,PHI,ATL,Robert Suarez,1,0,3,0
mlb_823475,mlb_628452,2026-04-19,PHI,ATL,Raisel Iglesias,1,0,3,0
mlb_823556,mlb_677960,2026-04-19,NYY,KCR,Ryan Weathers,0,1,22,0
mlb_823556,mlb_683409,2026-04-19,NYY,KCR,Angel Chivilli,0,0,5,0
mlb_823556,mlb_666142,2026-04-19,NYY,KCR,Cole Ragans,1,1,13,7
mlb_823556,mlb_696131,2026-04-19,NYY,KCR,Mason Black,1,0,5,0
mlb_823556,mlb_669212,2026-04-19,NYY,KCR,Eli Morgan,1,0,3,0
mlb_823556,mlb_670167,2026-04-19,NYY,KCR,John Schreiber,1,0,3,0
mlb_823718,mlb_641927,2026-04-19,MIN,CIN,Bailey Ober,0,1,19,1
mlb_823718,mlb_573124,2026-04-19,MIN,CIN,Taylor Rogers,0,0,2,0
mlb_823718,mlb_702193,2026-04-19,MIN,CIN,Andrew Morris,0,0,4,3
mlb_823718,mlb_670183,2026-04-19,MIN,CIN,Garrett Acton,0,0,5,3
mlb_823718,mlb_663903,2026-04-19,MIN,CIN,Brady Singer,1,1,18,3
mlb_823718,mlb_683175,2026-04-19,MIN,CIN,Connor Phillips,1,0,3,0
mlb_823718,mlb_693312,2026-04-19,MIN,CIN,Kyle Nicolas,1,0,3,0
mlb_823718,mlb_641941,2026-04-19,MIN,CIN,Emilio Pagán,1,0,3,1
mlb_823718,mlb_668933,2026-04-19,MIN,CIN,Graham Ashcraft,1,0,3,0
mlb_823881,mlb_691587,2026-04-19,MIA,MIL,Eury Pérez,0,1,18,1
mlb_823881,mlb_656848,2026-04-19,MIA,MIL,Michael Petersen,0,0,5,1
mlb_823881,mlb_677053,2026-04-19,MIA,MIL,Andrew Nardi,0,0,0,1
mlb_823881,mlb_676534,2026-04-19,MIA,MIL,Calvin Faucher,0,0,1,0
mlb_823881,mlb_664126,2026-04-19,MIA,MIL,Pete Fairbanks,0,0,3,0
mlb_823881,mlb_694819,2026-04-19,MIA,MIL,Jacob Misiorowski,1,1,15,3
mlb_823881,mlb_669084,2026-04-19,MIA,MIL,DL Hall,1,0,1,2
mlb_823881,mlb_681982,2026-04-19,MIA,MIL,Grant Anderson,1,0,2,0
mlb_823881,mlb_692230,2026-04-19,MIA,MIL,Carlos Rodriguez,1,0,6,0
mlb_824047,mlb_700712,2026-04-19,LAA,SDP,Walbert Ureña,0,1,18,2
mlb_824047,mlb_696147,2026-04-19,LAA,SDP,Sam Bachman,0,0,6,0
mlb_824047,mlb_608718,2026-04-19,LAA,SDP,Brent Suter,0,0,3,0
mlb_824047,mlb_650633,2026-04-19,LAA,SDP,Michael King,1,1,15,0
mlb_824047,mlb_676760,2026-04-19,LAA,SDP,Ron Marinaccio,1,0,3,0
mlb_824047,mlb_606996,2026-04-19,LAA,SDP,Kyle Hart,1,0,1,1
mlb_824047,mlb_699134,2026-04-19,LAA,SDP,Bradgley Rodriguez,1,0,5,0
mlb_824047,mlb_695243,2026-04-19,LAA,SDP,Mason Miller,1,0,3,0
mlb_824205,mlb_681347,2026-04-19,HOU,STL,Mike Burrows,0,1,14,4
mlb_824205,mlb_595345,2026-04-19,HOU,STL,Steven Okert,0,0,1,0
mlb_824205,mlb_678906,2026-04-19,HOU,STL,Kai-Wei Teng,0,0,6,0
mlb_824205,mlb_660853,2026-04-19,HOU,STL,Enyel De Los Santos,0,0,3,0
mlb_824205,mlb_687911,2026-04-19,HOU,STL,Bryan King,0,0,6,3
mlb_824205,mlb_669461,2026-04-19,HOU,STL,Matthew Liberatore,1,1,18,1
mlb_824205,mlb_592773,2026-04-19,HOU,STL,Ryne Stanek,1,0,3,0
mlb_824205,mlb_668941,2026-04-19,HOU,STL,JoJo Romero,1,0,2,3
mlb_824205,mlb_676617,2026-04-19,HOU,STL,Riley O'Brien,1,0,4,0
mlb_824205,mlb_677865,2026-04-19,HOU,STL,Justin Bruihl,1,0,2,1
mlb_824205,mlb_700669,2026-04-19,HOU,STL,Gordon Graceffo,1,0,1,0
mlb_824371,mlb_547179,2026-04-19,COL,LAD,Michael Lorenzen,0,1,15,3
mlb_824371,mlb_622608,2026-04-19,COL,LAD,Antonio Senzatela,0,0,6,1
mlb_824371,mlb_623474,2026-04-19,COL,LAD,Jimmy Herget,0,0,3,0
mlb_824371,mlb_680767,2026-04-19,COL,LAD,Victor Vodnik,0,0,3,2
mlb_824371,mlb_808963,2026-04-19,COL,LAD,Roki Sasaki,1,1,14,3
mlb_824371,mlb_681911,2026-04-19,COL,LAD,Alex Vesia,1,0,1,0
mlb_824371,mlb_694361,2026-04-19,COL,LAD,Will Klein,1,0,3,0
mlb_824371,mlb_595014,2026-04-19,COL,LAD,Blake Treinen,1,0,0,3
mlb_824371,mlb_676263,2026-04-19,COL,LAD,Jack Dreyer,1,0,3,0
mlb_824371,mlb_621242,2026-04-19,COL,LAD,Edwin Díaz,1,0,0,3
mlb_824371,mlb_669165,2026-04-19,COL,LAD,Kyle Hurt,1,0,3,0
mlb_824452,mlb_676282,2026-04-19,CLE,BAL,Joey Cantillo,0,1,14,4
mlb_824452,mlb_670036,2026-04-19,CLE,BAL,Matt Festa,0,0,1,0
mlb_824452,mlb_688883,2026-04-19,CLE,BAL,Peyton Pallette,0,0,6,0
mlb_824452,mlb_681870,2026-04-19,CLE,BAL,Erik Sabrowski,0,0,3,0
mlb_824452,mlb_542888,2026-04-19,CLE,BAL,Shawn Armstrong,0,0,3,0
mlb_824452,mlb_669432,2026-04-19,CLE,BAL,Trevor Rogers,1,1,15,6
mlb_824452,mlb_669330,2026-04-19,CLE,BAL,Tyler Wells,1,0,6,0
mlb_824452,mlb_671382,2026-04-19,CLE,BAL,Cameron Foster,1,0,3,2
mlb_824691,mlb_665871,2026-04-19,CHC,NYM,Javier Assad,0,1,17,1
mlb_824691,mlb_657097,2026-04-19,CHC,NYM,Jacob Webb,0,0,4,0
mlb_824691,mlb_702303,2026-04-19,CHC,NYM,Riley Martin,0,0,3,0
mlb_824691,mlb_656686,2026-04-19,CHC,NYM,Corbin Martin,0,0,3,0
mlb_824691,mlb_573204,2026-04-19,CHC,NYM,Caleb Thielbar,0,0,3,0
mlb_824691,mlb_668964,2026-04-19,CHC,NYM,Tobias Myers,1,1,6,0
mlb_824691,mlb_656849,2026-04-19,CHC,NYM,David Peterson,1,0,11,0
mlb_824691,mlb_623211,2026-04-19,CHC,NYM,Huascar Brazobán,1,0,1,0
mlb_824691,mlb_548384,2026-04-19,CHC,NYM,Brooks Raley,1,0,2,0
mlb_824691,mlb_596133,2026-04-19,CHC,NYM,Luke Weaver,1,0,4,0
mlb_824691,mlb_642207,2026-04-19,CHC,NYM,Devin Williams,1,0,3,1
mlb_824691,mlb_518886,2026-04-19,CHC,NYM,Craig Kimbrel,1,0,2,1
mlb_824777,mlb_676979,2026-04-19,BOS,DET,Garrett Crochet,0,1,15,5
mlb_824777,mlb_670245,2026-04-19,BOS,DET,Ryan Watson,0,0,3,0
mlb_824777,mlb_681252,2026-04-19,BOS,DET,Jack Anderson,0,0,9,1
mlb_824777,mlb_664285,2026-04-19,BOS,DET,Framber Valdez,1,1,18,1
mlb_824777,mlb_640448,2026-04-19,BOS,DET,Kyle Finnegan,1,0,3,0
mlb_824777,mlb_676684,2026-04-19,BOS,DET,Will Vest,1,0,3,0
mlb_824777,mlb_657756,2026-04-19,BOS,DET,Connor Seabold,1,0,3,1
mlb_825018,mlb_605488,2026-04-19,ATH,CHW,Jeffrey Springs,0,1,15,7
mlb_825018,mlb_686930,2026-04-19,ATH,CHW,Mason Barnett,0,0,6,0
mlb_825018,mlb_665622,2026-04-19,ATH,CHW,Luis Medina,0,0,3,0
mlb_825018,mlb_605130,2026-04-19,ATH,CHW,Scott Barlow,0,0,3,0
mlb_825018,mlb_702273,2026-04-19,ATH,CHW,Noah Schultz,1,1,15,1
mlb_825018,mlb_691799,2026-04-19,ATH,CHW,Grant Taylor,1,0,5,3
mlb_825018,mlb_673929,2026-04-19,ATH,CHW,Jordan Leasure,1,0,1,0
mlb_825018,mlb_663542,2026-04-19,ATH,CHW,Bryan Hudson,1,0,3,0
mlb_825018,mlb_622554,2026-04-19,ATH,CHW,Seranthony Domínguez,1,0,3,0
mlb_825100,mlb_669194,2026-04-19,ARI,TOR,Ryne Nelson,0,1,1,8
mlb_825100,mlb_694851,2026-04-19,ARI,TOR,Andrew Hoffmann,0,0,7,1
mlb_825100,mlb_694297,2026-04-19,ARI,TOR,Brandon Pfaadt,0,0,19,1
mlb_825100,mlb_592332,2026-04-19,ARI,TOR,Kevin Gausman,1,1,18,2
mlb_825100,mlb_689254,2026-04-19,ARI,TOR,Mason Fluharty,1,0,3,2
mlb_825100,mlb_667297,2026-04-19,ARI,TOR,Tommy Nance,1,0,3,0
mlb_825100,mlb_680755,2026-04-19,ARI,TOR,Braydon Fisher,1,0,3,0
mlb_822749,mlb_663623,2026-04-20,WSN,ATL,Jake Irvin,0,1,15,4
mlb_822749,mlb_676571,2026-04-20,WSN,ATL,PJ Poulin,0,0,1,2
mlb_822749,mlb_695418,2026-04-20,WSN,ATL,Brad Lord,0,0,8,1
mlb_822749,mlb_642759,2026-04-20,WSN,ATL,Julian Fernández,0,0,3,2
mlb_822749,mlb_693821,2026-04-20,WSN,ATL,Bryce Elder,1,1,20,4
mlb_822749,mlb_607481,2026-04-20,WSN,ATL,Aaron Bummer,1,0,1,0
mlb_822749,mlb_641755,2026-04-20,WSN,ATL,Tyler Kinley,1,0,3,0
mlb_822749,mlb_606303,2026-04-20,WSN,ATL,Joel Payamps,1,0,3,0
mlb_822994,mlb_669947,2026-04-20,TBR,CIN,Jesse Scholtens,0,1,17,5
mlb_822994,mlb_694680,2026-04-20,TBR,CIN,Trevor Martin,0,0,7,1
mlb_822994,mlb_642121,2026-04-20,TBR,CIN,Cole Sulser,0,0,3,0
mlb_822994,mlb_695076,2026-04-20,TBR,CIN,Rhett Lowder,1,1,18,1
mlb_822994,mlb_656271,2026-04-20,TBR,CIN,Brock Burke,1,0,3,0
mlb_822994,mlb_572955,2026-04-20,TBR,CIN,Pierce Johnson,1,0,3,0
mlb_822994,mlb_683175,2026-04-20,TBR,CIN,Connor Phillips,1,0,3,0
mlb_823149,mlb_676106,2026-04-20,SEA,ATH,Emerson Hancock,0,1,15,3
mlb_823149,mlb_678606,2026-04-20,SEA,ATH,Jose A. Ferrer,0,0,3,0
mlb_823149,mlb_666374,2026-04-20,SEA,ATH,Matt Brash,0,0,3,0
mlb_823149,mlb_668984,2026-04-20,SEA,ATH,Casey Legumina,0,0,3,3
mlb_823149,mlb_681867,2026-04-20,SEA,ATH,Cooper Criswell,0,0,3,0
mlb_823149,mlb_669372,2026-04-20,SEA,ATH,J.T. Ginn,1,1,16,3
mlb_823149,mlb_663687,2026-04-20,SEA,ATH,Hogan Harris,1,0,5,0
mlb_823149,mlb_643410,2026-04-20,SEA,ATH,Mark Leiter Jr.,1,0,3,0
mlb_823149,mlb_669270,2026-04-20,SEA,ATH,Joel Kuhnel,1,0,3,1
mlb_823879,mlb_676974,2026-04-20,MIA,STL,Max Meyer,0,1,16,2
mlb_823879,mlb_676534,2026-04-20,MIA,STL,Calvin Faucher,0,0,2,0
mlb_823879,mlb_677053,2026-04-20,MIA,STL,Andrew Nardi,0,0,4,0
mlb_823879,mlb_669622,2026-04-20,MIA,STL,Anthony Bender,0,0,2,0
mlb_823879,mlb_664126,2026-04-20,MIA,STL,Pete Fairbanks,0,0,3,1
mlb_823879,mlb_700241,2026-04-20,MIA,STL,Michael McGreevy,1,1,17,4
mlb_823879,mlb_694335,2026-04-20,MIA,STL,Matt Svanson,1,0,4,0
mlb_823879,mlb_681676,2026-04-20,MIA,STL,Ryan Fernandez,1,0,3,1
mlb_824046,mlb_672282,2026-04-20,LAA,TOR,Reid Detmers,0,1,18,4
mlb_824046,mlb_681217,2026-04-20,LAA,TOR,Chase Silseth,0,0,3,0
mlb_824046,mlb_641312,2026-04-20,LAA,TOR,Shaun Anderson,0,0,6,1
mlb_824046,mlb_656302,2026-04-20,LAA,TOR,Dylan Cease,1,1,15,2
mlb_824046,mlb_680755,2026-04-20,LAA,TOR,Braydon Fisher,1,0,3,0
mlb_824046,mlb_686973,2026-04-20,LAA,TOR,Louis Varland,1,0,4,0
mlb_824046,mlb_643511,2026-04-20,LAA,TOR,Tyler Rogers,1,0,2,0
mlb_824046,mlb_656546,2026-04-20,LAA,TOR,Jeff Hoffman,1,0,3,0
mlb_824125,mlb_607625,2026-04-20,KCR,BAL,Seth Lugo,0,1,21,0
mlb_824125,mlb_621381,2026-04-20,KCR,BAL,Matt Strahm,0,0,3,0
mlb_824125,mlb_668674,2026-04-20,KCR,BAL,Lucas Erceg,0,0,3,1
mlb_824125,mlb_663738,2026-04-20,KCR,BAL,Daniel Lynch IV,0,0,4,1
mlb_824125,mlb_670167,2026-04-20,KCR,BAL,John Schreiber,0,0,2,0
mlb_824125,mlb_656638,2026-04-20,KCR,BAL,Alex Lange,0,0,3,5
mlb_824125,mlb_680694,2026-04-20,KCR,BAL,Kyle Bradish,1,1,16,1
mlb_824125,mlb_670329,2026-04-20,KCR,BAL,Rico Garcia,1,0,3,0
mlb_824125,mlb_664991,2026-04-20,KCR,BAL,Grant Wolfram,1,0,2,0
mlb_824125,mlb_666974,2026-04-20,KCR,BAL,Yennier Cano,1,0,3,0
mlb_824125,mlb_664854,2026-04-20,KCR,BAL,Ryan Helsley,1,0,3,0
mlb_824125,mlb_689296,2026-04-20,KCR,BAL,Anthony Nunez,1,0,6,1
mlb_824125,mlb_671382,2026-04-20,KCR,BAL,Cameron Foster,1,0,3,3
mlb_824370,mlb_500779,2026-04-20,COL,LAD,Jose Quintana,0,1,15,6
mlb_824370,mlb_685299,2026-04-20,COL,LAD,Tanner Gordon,0,0,12,6
mlb_824370,mlb_680736,2026-04-20,COL,LAD,Justin Wrobleski,1,1,21,1
mlb_824370,mlb_683618,2026-04-20,COL,LAD,Edgardo Henriquez,1,0,3,1
mlb_824370,mlb_671109,2026-04-20,COL,LAD,Jake Eder,1,0,3,1
mlb_824450,mlb_677944,2026-04-20,CLE,HOU,Slade Cecconi,0,1,15,7
mlb_824450,mlb_670036,2026-04-20,CLE,HOU,Matt Festa,0,0,6,1
mlb_824450,mlb_682120,2026-04-20,CLE,HOU,Tim Herrin,0,0,3,0
mlb_824450,mlb_641401,2026-04-20,CLE,HOU,Connor Brogdon,0,0,3,1
mlb_824450,mlb_681293,2026-04-20,CLE,HOU,Spencer Arrighetti,1,1,15,2
mlb_824450,mlb_595345,2026-04-20,CLE,HOU,Steven Okert,1,0,3,0
mlb_824450,mlb_805123,2026-04-20,CLE,HOU,AJ Blubaugh,1,0,3,0
mlb_824450,mlb_681151,2026-04-20,CLE,HOU,Jayden Murray,1,0,6,0
mlb_824692,mlb_607067,2026-04-20,CHC,PHI,Colin Rea,0,1,20,1
mlb_824692,mlb_571948,2026-04-20,CHC,PHI,Hoby Milner,0,0,4,0
mlb_824692,mlb_656686,2026-04-20,CHC,PHI,Corbin Martin,0,0,3,0
mlb_824692,mlb_605400,2026-04-20,CHC,PHI,Aaron Nola,1,1,13,5
mlb_824692,mlb_679775,2026-04-20,CHC,PHI,Kyle Backhus,1,0,2,0
mlb_824692,mlb_663767,2026-04-20,CHC,PHI,Chase Shugart,1,0,6,0
mlb_824692,mlb_686751,2026-04-20,CHC,PHI,Seth Johnson,1,0,3,0
mlb_824776,mlb_543243,2026-04-20,BOS,DET,Sonny Gray,0,1,8,1
mlb_824776,mlb_543056,2026-04-20,BOS,DET,Danny Coulombe,0,0,2,1
mlb_824776,mlb_677161,2026-04-20,BOS,DET,Zack Kelly,0,0,5,0
mlb_824776,mlb_663558,2026-04-20,BOS,DET,Jovani Morán,0,0,0,1
mlb_824776,mlb_669711,2026-04-20,BOS,DET,Greg Weissert,0,0,3,0
mlb_824776,mlb_676477,2026-04-20,BOS,DET,Garrett Whitlock,0,0,3,0
mlb_824776,mlb_670245,2026-04-20,BOS,DET,Ryan Watson,0,0,4,3
mlb_824776,mlb_547973,2026-04-20,BOS,DET,Aroldis Chapman,0,0,2,0
mlb_824776,mlb_656427,2026-04-20,BOS,DET,Jack Flaherty,1,1,10,2
mlb_824776,mlb_676428,2026-04-20,BOS,DET,Brant Hurter,1,0,8,1
mlb_824776,mlb_663947,2026-04-20,BOS,DET,Tyler Holton,1,0,2,3
mlb_824776,mlb_623454,2026-04-20,BOS,DET,Drew Anderson,1,0,4,2
mlb_822747,mlb_656492,2026-04-21,WSN,ATL,Foster Griffin,0,1,18,3
mlb_822747,mlb_681402,2026-04-21,WSN,ATL,Gus Varland,0,0,3,0
mlb_822747,mlb_672335,2026-04-21,WSN,ATL,Cionel Pérez,0,0,3,1
mlb_822747,mlb_690925,2026-04-21,WSN,ATL,Clayton Beeter,0,0,3,0
mlb_822747,mlb_625643,2026-04-21,WSN,ATL,Reynaldo López,1,1,3,4
mlb_822747,mlb_660761,2026-04-21,WSN,ATL,José Suarez,1,0,9,0
mlb_822747,mlb_689266,2026-04-21,WSN,ATL,Dylan Dodd,1,0,3,1
mlb_822747,mlb_607481,2026-04-21,WSN,ATL,Aaron Bummer,1,0,3,0
mlb_822747,mlb_641656,2026-04-21,WSN,ATL,Ian Hamilton,1,0,3,3
mlb_822747,mlb_606303,2026-04-21,WSN,ATL,Joel Payamps,1,0,3,3
mlb_822914,mlb_677958,2026-04-21,TEX,PIT,Kumar Rocker,0,1,18,1
mlb_822914,mlb_668390,2026-04-21,TEX,PIT,Cole Winn,0,0,3,0
mlb_822914,mlb_656641,2026-04-21,TEX,PIT,Jacob Latz,0,0,3,0
mlb_822914,mlb_596001,2026-04-21,TEX,PIT,Jakob Junis,0,0,3,0
mlb_822914,mlb_669387,2026-04-21,TEX,PIT,Carmen Mlodzinski,1,1,13,5
mlb_822914,mlb_696062,2026-04-21,TEX,PIT,Wilber Dotel,1,0,5,0
mlb_822914,mlb_664875,2026-04-21,TEX,PIT,Justin Lawrence,1,0,3,0
mlb_822914,mlb_681895,2026-04-21,TEX,PIT,Evan Sisk,1,0,3,0
mlb_822995,mlb_571927,2026-04-21,TBR,CIN,Steven Matz,0,1,9,4
mlb_822995,mlb_693855,2026-04-21,TBR,CIN,Ian Seymour,0,0,3,0
mlb_822995,mlb_643377,2026-04-21,TBR,CIN,Griffin Jax,0,0,4,2
mlb_822995,mlb_685801,2026-04-21,TBR,CIN,Hunter Bigge,0,0,2,3
mlb_822995,mlb_672782,2026-04-21,TBR,CIN,Yoendrys Gómez,0,0,6,2
mlb_822995,mlb_810938,2026-04-21,TBR,CIN,Ben Williamson,0,0,3,1
mlb_822995,mlb_695505,2026-04-21,TBR,CIN,Chase Burns,1,1,17,2
mlb_822995,mlb_594580,2026-04-21,TBR,CIN,Sam Moll,1,0,4,0
mlb_822995,mlb_572955,2026-04-21,TBR,CIN,Pierce Johnson,1,0,3,0
mlb_822995,mlb_693312,2026-04-21,TBR,CIN,Kyle Nicolas,1,0,3,4
mlb_823148,mlb_622491,2026-04-21,SEA,ATH,Luis Castillo,0,1,15,2
mlb_823148,mlb_660825,2026-04-21,SEA,ATH,Eduard Bazardo,0,0,3,1
mlb_823148,mlb_642100,2026-04-21,SEA,ATH,Gabe Speier,0,0,3,1
mlb_823148,mlb_677961,2026-04-21,SEA,ATH,Cole Wilcox,0,0,6,1
mlb_823148,mlb_682052,2026-04-21,SEA,ATH,Jacob Lopez,1,1,16,2
mlb_823148,mlb_605130,2026-04-21,SEA,ATH,Scott Barlow,1,0,4,0
mlb_823148,mlb_663687,2026-04-21,SEA,ATH,Hogan Harris,1,0,1,0
mlb_823148,mlb_678022,2026-04-21,SEA,ATH,Jack Perkins,1,0,6,0
mlb_823236,mlb_694738,2026-04-21,SFG,LAD,Landen Roupp,0,1,15,1
mlb_823236,mlb_621366,2026-04-21,SFG,LAD,Ryan Borucki,0,0,3,0
mlb_823236,mlb_657424,2026-04-21,SFG,LAD,Matt Gage,0,0,2,0
mlb_823236,mlb_669062,2026-04-21,SFG,LAD,Erik Miller,0,0,3,0
mlb_823236,mlb_676775,2026-04-21,SFG,LAD,Keaton Winn,0,0,1,0
mlb_823236,mlb_676254,2026-04-21,SFG,LAD,Ryan Walker,0,0,3,0
mlb_823236,mlb_808967,2026-04-21,SFG,LAD,Yoshinobu Yamamoto,1,1,21,3
mlb_823236,mlb_656945,2026-04-21,SFG,LAD,Tanner Scott,1,0,3,0
mlb_823640,mlb_690997,2026-04-21,NYM,MIN,Nolan McLean,0,1,20,3
mlb_823640,mlb_623211,2026-04-21,NYM,MIN,Huascar Brazobán,0,0,4,0
mlb_823640,mlb_642207,2026-04-21,NYM,MIN,Devin Williams,0,0,0,2
mlb_823640,mlb_681810,2026-04-21,NYM,MIN,Austin Warren,0,0,3,0
mlb_823640,mlb_680573,2026-04-21,NYM,MIN,Simeon Woods Richardson,1,1,15,3
mlb_823640,mlb_607455,2026-04-21,NYM,MIN,Anthony Banda,1,0,3,0
mlb_823640,mlb_623437,2026-04-21,NYM,MIN,Justin Topa,1,0,3,0
mlb_823640,mlb_663485,2026-04-21,NYM,MIN,Cole Sands,1,0,6,0
mlb_823880,mlb_663978,2026-04-21,MIA,STL,Chris Paddack,0,1,14,5
mlb_823880,mlb_667463,2026-04-21,MIA,STL,John King,0,0,4,0
mlb_823880,mlb_663969,2026-04-21,MIA,STL,Tyler Phillips,0,0,9,0
mlb_823880,mlb_669160,2026-04-21,MIA,STL,Dustin May,1,1,16,1
mlb_823880,mlb_677865,2026-04-21,MIA,STL,Justin Bruihl,1,0,5,0
mlb_823880,mlb_592773,2026-04-21,MIA,STL,Ryne Stanek,1,0,2,2
mlb_823880,mlb_666277,2026-04-21,MIA,STL,George Soriano,1,0,1,0
mlb_823880,mlb_676617,2026-04-21,MIA,STL,Riley O'Brien,1,0,3,0
mlb_824045,mlb_686799,2026-04-21,LAA,TOR,Jack Kochanowicz,0,1,17,1
mlb_824045,mlb_696147,2026-04-21,LAA,TOR,Sam Bachman,0,0,4,0
mlb_824045,mlb_519141,2026-04-21,LAA,TOR,Drew Pomeranz,0,0,3,3
mlb_824045,mlb_680704,2026-04-21,LAA,TOR,Nick Sandlin,0,0,3,0
mlb_824045,mlb_571578,2026-04-21,LAA,TOR,Patrick Corbin,1,1,15,1
mlb_824045,mlb_693686,2026-04-21,LAA,TOR,Spencer Miles,1,0,4,0
mlb_824045,mlb_689254,2026-04-21,LAA,TOR,Mason Fluharty,1,0,2,0
mlb_824045,mlb_643511,2026-04-21,LAA,TOR,Tyler Rogers,1,0,3,0
mlb_824045,mlb_656546,2026-04-21,LAA,TOR,Jeff Hoffman,1,0,1,1
mlb_824045,mlb_686973,2026-04-21,LAA,TOR,Louis Varland,1,0,2,0
mlb_824127,mlb_663460,2026-04-21,KCR,BAL,Kris Bubic,0,1,18,3
mlb_824127,mlb_683232,2026-04-21,KCR,BAL,Nick Mears,0,0,3,0
mlb_824127,mlb_621381,2026-04-21,KCR,BAL,Matt Strahm,0,0,3,2
mlb_824127,mlb_668674,2026-04-21,KCR,BAL,Lucas Erceg,0,0,3,0
mlb_824127,mlb_669358,2026-04-21,KCR,BAL,Shane Baz,1,1,19,4
mlb_824127,mlb_664991,2026-04-21,KCR,BAL,Grant Wolfram,1,0,2,0
mlb_824127,mlb_670329,2026-04-21,KCR,BAL,Rico Garcia,1,0,3,1
mlb_824127,mlb_664854,2026-04-21,KCR,BAL,Ryan Helsley,1,0,1,1
mlb_824290,mlb_672456,2026-04-21,DET,MIL,Keider Montero,0,1,17,3
mlb_824290,mlb_646241,2026-04-21,DET,MIL,Enmanuel De Jesus,0,0,4,7
mlb_824290,mlb_657756,2026-04-21,DET,MIL,Connor Seabold,0,0,3,2
mlb_824290,mlb_668670,2026-04-21,DET,MIL,Jake Rogers,0,0,3,0
mlb_824290,mlb_690986,2026-04-21,DET,MIL,Kyle Harrison,1,1,9,1
mlb_824290,mlb_681982,2026-04-21,DET,MIL,Grant Anderson,1,0,6,0
mlb_824290,mlb_656730,2026-04-21,DET,MIL,Trevor Megill,1,0,3,0
mlb_824290,mlb_676879,2026-04-21,DET,MIL,Aaron Ashby,1,0,3,0
mlb_824290,mlb_663765,2026-04-21,DET,MIL,Jake Woodford,1,0,6,3
mlb_824369,mlb_623474,2026-04-21,COL,SDP,Jimmy Herget,0,1,3,0
mlb_824369,mlb_801403,2026-04-21,COL,SDP,Chase Dollander,0,0,18,1
mlb_824369,mlb_675848,2026-04-21,COL,SDP,Juan Mejia,0,0,3,0
mlb_824369,mlb_657514,2026-04-21,COL,SDP,Brennan Bernardino,0,0,3,0
mlb_824369,mlb_681190,2026-04-21,COL,SDP,Randy Vásquez,1,1,21,0
mlb_824369,mlb_592094,2026-04-21,COL,SDP,Jason Adam,1,0,3,0
mlb_824369,mlb_670970,2026-04-21,COL,SDP,Adrian Morejon,1,0,3,0
mlb_824448,mlb_800048,2026-04-21,CLE,HOU,Parker Messick,0,1,15,3
mlb_824448,mlb_542888,2026-04-21,CLE,HOU,Shawn Armstrong,0,0,3,0
mlb_824448,mlb_641401,2026-04-21,CLE,HOU,Connor Brogdon,0,0,1,1
mlb_824448,mlb_682120,2026-04-21,CLE,HOU,Tim Herrin,0,0,2,0
mlb_824448,mlb_688883,2026-04-21,CLE,HOU,Peyton Pallette,0,0,3,0
mlb_824448,mlb_671922,2026-04-21,CLE,HOU,Cade Smith,0,0,3,1
mlb_824448,mlb_680802,2026-04-21,CLE,HOU,Ryan Weiss,1,1,10,2
mlb_824448,mlb_676467,2026-04-21,CLE,HOU,Colton Gordon,1,0,3,0
mlb_824448,mlb_678906,2026-04-21,CLE,HOU,Kai-Wei Teng,1,0,8,0
mlb_824448,mlb_660853,2026-04-21,CLE,HOU,Enyel De Los Santos,1,0,1,3
mlb_824448,mlb_687911,2026-04-21,CLE,HOU,Bryan King,1,0,2,3
mlb_824690,mlb_684007,2026-04-21,CHC,PHI,Shota Imanaga,0,1,21,1
mlb_824690,mlb_702303,2026-04-21,CHC,PHI,Riley Martin,0,0,3,2
mlb_824690,mlb_657097,2026-04-21,CHC,PHI,Jacob Webb,0,0,1,1
mlb_824690,mlb_573204,2026-04-21,CHC,PHI,Caleb Thielbar,0,0,2,0
mlb_824690,mlb_666200,2026-04-21,CHC,PHI,Jesús Luzardo,1,1,14,1
mlb_824690,mlb_689147,2026-04-21,CHC,PHI,Orion Kerkering,1,0,1,0
mlb_824690,mlb_621383,2026-04-21,CHC,PHI,Tanner Banks,1,0,3,2
mlb_824690,mlb_641835,2026-04-21,CHC,PHI,Tim Mayza,1,0,3,3
mlb_824690,mlb_621237,2026-04-21,CHC,PHI,José Alvarado,1,0,1,1
mlb_824690,mlb_641745,2026-04-21,CHC,PHI,Brad Keller,1,0,2,0
mlb_824773,mlb_813349,2026-04-21,BOS,NYY,Connelly Early,0,1,16,3
mlb_824773,mlb_681252,2026-04-21,BOS,NYY,Jack Anderson,0,0,6,1
mlb_824773,mlb_701719,2026-04-21,BOS,NYY,Tyler Samaniego,0,0,5,0
mlb_824773,mlb_661563,2026-04-21,BOS,NYY,Luis Gil,1,1,19,0
mlb_824773,mlb_687396,2026-04-21,BOS,NYY,Brent Headrick,1,0,2,0
mlb_824773,mlb_657612,2026-04-21,BOS,NYY,Tim Hill,1,0,3,0
mlb_824773,mlb_670280,2026-04-21,BOS,NYY,David Bednar,1,0,3,0
mlb_825099,mlb_518876,2026-04-21,ARI,CHW,Merrill Kelly,0,1,13,8
mlb_825099,mlb_664199,2026-04-21,ARI,CHW,Taylor Clarke,0,0,4,0
mlb_825099,mlb_642528,2026-04-21,ARI,CHW,Jonathan Loáisiga,0,0,4,0
mlb_825099,mlb_656464,2026-04-21,ARI,CHW,Kevin Ginkel,0,0,3,0
mlb_825099,mlb_657044,2026-04-21,ARI,CHW,Ryan Thompson,0,0,0,3
mlb_825099,mlb_543510,2026-04-21,ARI,CHW,James McCann,0,0,3,0
mlb_825099,mlb_680732,2026-04-21,ARI,CHW,Sean Burke,1,1,18,2
mlb_825099,mlb_608371,2026-04-21,ARI,CHW,Lucas Sims,1,0,3,0
mlb_825099,mlb_674370,2026-04-21,ARI,CHW,Osvaldo Bido,1,0,6,3
mlb_822748,mlb_641793,2026-04-22,WSN,ATL,Zack Littell,0,1,18,8
mlb_822748,mlb_680730,2026-04-22,WSN,ATL,Mitchell Parker,0,0,6,0
mlb_822748,mlb_642759,2026-04-22,WSN,ATL,Julian Fernández,0,0,3,0
mlb_822748,mlb_800311,2026-04-22,WSN,ATL,Didier Fuentes,1,1,9,4
mlb_822748,mlb_527048,2026-04-22,WSN,ATL,Martín Pérez,1,0,9,2
mlb_822748,mlb_669276,2026-04-22,WSN,ATL,Dylan Lee,1,0,3,0
mlb_822748,mlb_641755,2026-04-22,WSN,ATL,Tyler Kinley,1,0,3,0
mlb_822748,mlb_663158,2026-04-22,WSN,ATL,Robert Suarez,1,0,3,0
mlb_822913,mlb_683004,2026-04-22,TEX,PIT,Jack Leiter,0,1,15,4
mlb_822913,mlb_641302,2026-04-22,TEX,PIT,Tyler Alexander,0,0,6,0
mlb_822913,mlb_686560,2026-04-22,TEX,PIT,Gavin Collyer,0,0,3,0
mlb_822913,mlb_668390,2026-04-22,TEX,PIT,Cole Winn,0,0,1,3
mlb_822913,mlb_656222,2026-04-22,TEX,PIT,Jalen Beeks,0,0,2,1
mlb_822913,mlb_677952,2026-04-22,TEX,PIT,Braxton Ashcraft,1,1,21,2
mlb_822913,mlb_642397,2026-04-22,TEX,PIT,Gregory Soto,1,0,3,2
mlb_822913,mlb_642701,2026-04-22,TEX,PIT,Dennis Santana,1,0,3,0
mlb_822993,mlb_607259,2026-04-22,TBR,CIN,Nick Martinez,0,1,24,1
mlb_822993,mlb_687330,2026-04-22,TBR,CIN,Kevin Kelly,0,0,3,0
mlb_822993,mlb_682227,2026-04-22,TBR,CIN,Brandon Williamson,1,1,13,5
mlb_822993,mlb_683175,2026-04-22,TBR,CIN,Connor Phillips,1,0,6,1
mlb_822993,mlb_663574,2026-04-22,TBR,CIN,Tony Santillan,1,0,2,0
mlb_822993,mlb_656271,2026-04-22,TBR,CIN,Brock Burke,1,0,3,0
mlb_823147,mlb_669302,2026-04-22,SEA,ATH,Logan Gilbert,0,1,12,3
mlb_823147,mlb_678606,2026-04-22,SEA,ATH,Jose A. Ferrer,0,0,6,0
mlb_823147,mlb_666374,2026-04-22,SEA,ATH,Matt Brash,0,0,3,0
mlb_823147,mlb_681867,2026-04-22,SEA,ATH,Cooper Criswell,0,0,3,0
mlb_823147,mlb_662253,2026-04-22,SEA,ATH,Andrés Muñoz,0,0,3,1
mlb_823147,mlb_650644,2026-04-22,SEA,ATH,Aaron Civale,1,1,16,3
mlb_823147,mlb_669620,2026-04-22,SEA,ATH,Brady Basso,1,0,2,0
mlb_823147,mlb_643410,2026-04-22,SEA,ATH,Mark Leiter Jr.,1,0,3,1
mlb_823147,mlb_686993,2026-04-22,SEA,ATH,Justin Sterner,1,0,3,0
mlb_823147,mlb_669270,2026-04-22,SEA,ATH,Joel Kuhnel,1,0,2,1
mlb_823231,mlb_641816,2026-04-22,SFG,LAD,Tyler Mahle,0,1,21,0
mlb_823231,mlb_668873,2026-04-22,SFG,LAD,Caleb Kilian,0,0,3,0
mlb_823231,mlb_676254,2026-04-22,SFG,LAD,Ryan Walker,0,0,3,0
mlb_823231,mlb_660271,2026-04-22,SFG,LAD,Shohei Ohtani,1,1,18,0
mlb_823231,mlb_676263,2026-04-22,SFG,LAD,Jack Dreyer,1,0,3,3
mlb_823231,mlb_669165,2026-04-22,SFG,LAD,Kyle Hurt,1,0,3,0
mlb_823641,mlb_605280,2026-04-22,NYM,MIN,Clay Holmes,0,1,21,2
mlb_823641,mlb_548384,2026-04-22,NYM,MIN,Brooks Raley,0,0,2,0
mlb_823641,mlb_596133,2026-04-22,NYM,MIN,Luke Weaver,0,0,4,0
mlb_823641,mlb_687570,2026-04-22,NYM,MIN,Connor Prielipp,1,1,12,2
mlb_823641,mlb_696070,2026-04-22,NYM,MIN,Kendry Rojas,1,0,6,0
mlb_823641,mlb_679358,2026-04-22,NYM,MIN,Eric Orze,1,0,3,0
mlb_823641,mlb_573124,2026-04-22,NYM,MIN,Taylor Rogers,1,0,2,1
mlb_823641,mlb_623437,2026-04-22,NYM,MIN,Justin Topa,1,0,1,0
mlb_823878,mlb_676083,2026-04-22,MIA,STL,Janson Junk,0,1,15,0
mlb_823878,mlb_677053,2026-04-22,MIA,STL,Andrew Nardi,0,0,3,0
mlb_823878,mlb_669622,2026-04-22,MIA,STL,Anthony Bender,0,0,3,0
mlb_823878,mlb_656848,2026-04-22,MIA,STL,Michael Petersen,0,0,3,0
mlb_823878,mlb_669199,2026-04-22,MIA,STL,Lake Bachar,0,0,1,1
mlb_823878,mlb_664126,2026-04-22,MIA,STL,Pete Fairbanks,0,0,2,0
mlb_823878,mlb_681517,2026-04-22,MIA,STL,Kyle Leahy,1,1,15,4
mlb_823878,mlb_700669,2026-04-22,MIA,STL,Gordon Graceffo,1,0,3,0
mlb_823878,mlb_694335,2026-04-22,MIA,STL,Matt Svanson,1,0,3,0
mlb_823878,mlb_681676,2026-04-22,MIA,STL,Ryan Fernandez,1,0,3,0
mlb_824044,mlb_667755,2026-04-22,LAA,TOR,José Soriano,0,1,15,0
mlb_824044,mlb_666171,2026-04-22,LAA,TOR,Ryan Zeferjahn,0,0,4,2
mlb_824044,mlb_681217,2026-04-22,LAA,TOR,Chase Silseth,0,0,2,1
mlb_824044,mlb_608718,2026-04-22,LAA,TOR,Brent Suter,0,0,3,0
mlb_824044,mlb_605447,2026-04-22,LAA,TOR,Jordan Romano,0,0,3,0
mlb_824044,mlb_641778,2026-04-22,LAA,TOR,Eric Lauer,1,1,15,3
mlb_824044,mlb_667297,2026-04-22,LAA,TOR,Tommy Nance,1,0,4,2
mlb_824044,mlb_680755,2026-04-22,LAA,TOR,Braydon Fisher,1,0,1,2
mlb_824044,mlb_573009,2026-04-22,LAA,TOR,Joe Mantiply,1,0,4,0
mlb_824123,mlb_608379,2026-04-22,KCR,BAL,Michael Wacha,0,1,16,6
mlb_824123,mlb_669212,2026-04-22,KCR,BAL,Eli Morgan,0,0,5,2
mlb_824123,mlb_656638,2026-04-22,KCR,BAL,Alex Lange,0,0,3,0
mlb_824123,mlb_696131,2026-04-22,KCR,BAL,Mason Black,0,0,3,0
mlb_824123,mlb_605135,2026-04-22,KCR,BAL,Chris Bassitt,1,1,16,5
mlb_824123,mlb_666974,2026-04-22,KCR,BAL,Yennier Cano,1,0,3,1
mlb_824123,mlb_669330,2026-04-22,KCR,BAL,Tyler Wells,1,0,5,0
mlb_824123,mlb_689296,2026-04-22,KCR,BAL,Anthony Nunez,1,0,3,0
mlb_824286,mlb_663554,2026-04-22,DET,MIL,Casey Mize,0,1,18,1
mlb_824286,mlb_640448,2026-04-22,DET,MIL,Kyle Finnegan,0,0,3,0
mlb_824286,mlb_676684,2026-04-22,DET,MIL,Will Vest,0,0,3,1
mlb_824286,mlb_445276,2026-04-22,DET,MIL,Kenley Jansen,0,0,3,0
mlb_824286,mlb_669084,2026-04-22,DET,MIL,DL Hall,1,1,6,0
mlb_824286,mlb_694477,2026-04-22,DET,MIL,Chad Patrick,1,0,12,4
mlb_824286,mlb_692230,2026-04-22,DET,MIL,Carlos Rodriguez,1,0,6,1
mlb_824367,mlb_608372,2026-04-22,COL,SDP,Tomoyuki Sugano,0,1,17,1
mlb_824367,mlb_677955,2026-04-22,COL,SDP,Jaden Hill,0,0,4,1
mlb_824367,mlb_622608,2026-04-22,COL,SDP,Antonio Senzatela,0,0,6,1
mlb_824367,mlb_621111,2026-04-22,COL,SDP,Walker Buehler,1,1,8,4
mlb_824367,mlb_606996,2026-04-22,COL,SDP,Kyle Hart,1,0,7,1
mlb_824367,mlb_688158,2026-04-22,COL,SDP,David Morgan,1,0,4,2
mlb_824367,mlb_593974,2026-04-22,COL,SDP,Wandy Peralta,1,0,5,1
mlb_824449,mlb_676440,2026-04-22,CLE,HOU,Tanner Bibee,0,1,18,2
mlb_824449,mlb_670036,2026-04-22,CLE,HOU,Matt Festa,0,0,3,0
mlb_824449,mlb_683769,2026-04-22,CLE,HOU,Hunter Gaddis,0,0,3,0
mlb_824449,mlb_681870,2026-04-22,CLE,HOU,Erik Sabrowski,0,0,3,0
mlb_824449,mlb_663567,2026-04-22,CLE,HOU,Peter Lambert,1,1,18,0
mlb_824449,mlb_805123,2026-04-22,CLE,HOU,AJ Blubaugh,1,0,3,0
mlb_824449,mlb_595345,2026-04-22,CLE,HOU,Steven Okert,1,0,2,0
mlb_824449,mlb_660853,2026-04-22,CLE,HOU,Enyel De Los Santos,1,0,4,0
mlb_824688,mlb_571510,2026-04-22,CHC,PHI,Matthew Boyd,0,1,14,2
mlb_824688,mlb_676962,2026-04-22,CHC,PHI,Ben Brown,0,0,7,0
mlb_824688,mlb_656686,2026-04-22,CHC,PHI,Corbin Martin,0,0,3,0
mlb_824688,mlb_571948,2026-04-22,CHC,PHI,Hoby Milner,0,0,3,0
mlb_824688,mlb_679775,2026-04-22,CHC,PHI,Kyle Backhus,1,1,3,1
mlb_824688,mlb_592836,2026-04-22,CHC,PHI,Taijuan Walker,1,0,12,5
mlb_824688,mlb_660604,2026-04-22,CHC,PHI,Alan Rangel,1,0,9,1
mlb_824774,mlb_624133,2026-04-22,BOS,NYY,Ranger Suarez,0,1,14,4
mlb_824774,mlb_677161,2026-04-22,BOS,NYY,Zack Kelly,0,0,3,0
mlb_824774,mlb_700842,2026-04-22,BOS,NYY,Eduardo Rivera,0,0,10,0
mlb_824774,mlb_608331,2026-04-22,BOS,NYY,Max Fried,1,1,24,0
mlb_824774,mlb_687396,2026-04-22,BOS,NYY,Brent Headrick,1,0,3,1
mlb_825097,mlb_593958,2026-04-22,ARI,CHW,Eduardo Rodriguez,0,1,15,4
mlb_825097,mlb_664199,2026-04-22,ARI,CHW,Taylor Clarke,0,0,3,1
mlb_825097,mlb_657044,2026-04-22,ARI,CHW,Ryan Thompson,0,0,3,2
mlb_825097,mlb_666661,2026-04-22,ARI,CHW,Juan Morillo,0,0,3,0
mlb_825097,mlb_623149,2026-04-22,ARI,CHW,Paul Sewald,0,0,3,0
mlb_825097,mlb_641743,2026-04-22,ARI,CHW,Anthony Kay,1,1,11,8
mlb_825097,mlb_663855,2026-04-22,ARI,CHW,Jordan Hicks,1,0,1,0
mlb_825097,mlb_663542,2026-04-22,ARI,CHW,Bryan Hudson,1,0,3,0
mlb_825097,mlb_608371,2026-04-22,ARI,CHW,Lucas Sims,1,0,3,2
mlb_825097,mlb_656794,2026-04-22,ARI,CHW,Sean Newcomb,1,0,6,1
mlb_822745,mlb_676917,2026-04-23,WSN,ATL,Cade Cavalli,0,1,15,2
mlb_822745,mlb_663992,2026-04-23,WSN,ATL,Richard Lovelady,0,0,3,0
mlb_822745,mlb_672335,2026-04-23,WSN,ATL,Cionel Pérez,0,0,1,3
mlb_822745,mlb_681402,2026-04-23,WSN,ATL,Gus Varland,0,0,2,1
mlb_822745,mlb_642759,2026-04-23,WSN,ATL,Julian Fernández,0,0,6,1
mlb_822745,mlb_702275,2026-04-23,WSN,ATL,JR Ritchie,1,1,21,2
mlb_822745,mlb_669276,2026-04-23,WSN,ATL,Dylan Lee,1,0,3,0
mlb_822745,mlb_471911,2026-04-23,WSN,ATL,Carlos Carrasco,1,0,3,0
mlb_822912,mlb_594798,2026-04-23,TEX,PIT,Jacob deGrom,0,1,17,1
mlb_822912,mlb_686560,2026-04-23,TEX,PIT,Gavin Collyer,0,0,1,0
mlb_822912,mlb_656222,2026-04-23,TEX,PIT,Jalen Beeks,0,0,3,0
mlb_822912,mlb_596001,2026-04-23,TEX,PIT,Jakob Junis,0,0,3,0
mlb_822912,mlb_682608,2026-04-23,TEX,PIT,Peyton Gray,0,0,3,0
mlb_822912,mlb_696149,2026-04-23,TEX,PIT,Bubba Chandler,1,1,12,6
mlb_822912,mlb_681895,2026-04-23,TEX,PIT,Evan Sisk,1,0,6,0
mlb_822912,mlb_664875,2026-04-23,TEX,PIT,Justin Lawrence,1,0,3,0
mlb_822912,mlb_670990,2026-04-23,TEX,PIT,Yohan Ramírez,1,0,3,0
mlb_823233,mlb_657277,2026-04-23,SFG,LAD,Logan Webb,0,1,21,3
mlb_823233,mlb_694918,2026-04-23,SFG,LAD,Blade Tidwell,0,0,6,0
mlb_823233,mlb_607192,2026-04-23,SFG,LAD,Tyler Glasnow,1,1,24,0
mlb_823233,mlb_656945,2026-04-23,SFG,LAD,Tanner Scott,1,0,3,0
mlb_823639,mlb_681035,2026-04-23,NYM,MIN,Christian Scott,0,1,4,1
mlb_823639,mlb_668964,2026-04-23,NYM,MIN,Tobias Myers,0,0,7,1
mlb_823639,mlb_656849,2026-04-23,NYM,MIN,David Peterson,0,0,10,1
mlb_823639,mlb_518886,2026-04-23,NYM,MIN,Craig Kimbrel,0,0,2,3
mlb_823639,mlb_623211,2026-04-23,NYM,MIN,Huascar Brazobán,0,0,2,1
mlb_823639,mlb_642207,2026-04-23,NYM,MIN,Devin Williams,0,0,2,1
mlb_823639,mlb_657746,2026-04-23,NYM,MIN,Joe Ryan,1,1,15,7
mlb_823639,mlb_702193,2026-04-23,NYM,MIN,Andrew Morris,1,0,8,2
mlb_823639,mlb_607455,2026-04-23,NYM,MIN,Anthony Banda,1,0,1,1
mlb_824288,mlb_669373,2026-04-23,DET,MIL,Tarik Skubal,0,1,18,4
mlb_824288,mlb_663947,2026-04-23,DET,MIL,Tyler Holton,0,0,3,0
mlb_824288,mlb_572143,2026-04-23,DET,MIL,Burch Smith,0,0,4,0
mlb_824288,mlb_676428,2026-04-23,DET,MIL,Brant Hurter,0,0,2,0
mlb_824288,mlb_687075,2026-04-23,DET,MIL,Brandon Sproat,1,1,16,3
mlb_824288,mlb_676879,2026-04-23,DET,MIL,Aaron Ashby,1,0,1,0
mlb_824288,mlb_681982,2026-04-23,DET,MIL,Grant Anderson,1,0,1,0
mlb_824288,mlb_656730,2026-04-23,DET,MIL,Trevor Megill,1,0,3,0
mlb_824288,mlb_672582,2026-04-23,DET,MIL,Angel Zerpa,1,0,3,1
mlb_824288,mlb_682842,2026-04-23,DET,MIL,Abner Uribe,1,0,1,1
mlb_824368,mlb_663372,2026-04-23,COL,SDP,Ryan Feltner,0,1,6,2
mlb_824368,mlb_688642,2026-04-23,COL,SDP,Zach Agnos,0,0,9,2
mlb_824368,mlb_678020,2026-04-23,COL,SDP,Seth Halvorsen,0,0,3,0
mlb_824368,mlb_675848,2026-04-23,COL,SDP,Juan Mejia,0,0,5,1
mlb_824368,mlb_680767,2026-04-23,COL,SDP,Victor Vodnik,0,0,2,5
mlb_824368,mlb_657514,2026-04-23,COL,SDP,Brennan Bernardino,0,0,2,0
mlb_824368,mlb_663362,2026-04-23,COL,SDP,Matt Waldron,1,1,15,6
mlb_824368,mlb_670970,2026-04-23,COL,SDP,Adrian Morejon,1,0,3,1
mlb_824368,mlb_676760,2026-04-23,COL,SDP,Ron Marinaccio,1,0,6,1
mlb_824368,mlb_695243,2026-04-23,COL,SDP,Mason Miller,1,0,3,0
mlb_824689,mlb_665795,2026-04-23,CHC,PHI,Edward Cabrera,0,1,21,5
mlb_824689,mlb_571948,2026-04-23,CHC,PHI,Hoby Milner,0,0,2,1
mlb_824689,mlb_657097,2026-04-23,CHC,PHI,Jacob Webb,0,0,1,0
mlb_824689,mlb_573204,2026-04-23,CHC,PHI,Caleb Thielbar,0,0,0,1
mlb_824689,mlb_702303,2026-04-23,CHC,PHI,Riley Martin,0,0,3,0
mlb_824689,mlb_665871,2026-04-23,CHC,PHI,Javier Assad,0,0,3,0
mlb_824689,mlb_650911,2026-04-23,CHC,PHI,Cristopher Sánchez,1,1,16,6
mlb_824689,mlb_663767,2026-04-23,CHC,PHI,Chase Shugart,1,0,2,0
mlb_824689,mlb_689147,2026-04-23,CHC,PHI,Orion Kerkering,1,0,3,0
mlb_824689,mlb_641745,2026-04-23,CHC,PHI,Brad Keller,1,0,3,1
mlb_824689,mlb_621237,2026-04-23,CHC,PHI,José Alvarado,1,0,3,0
mlb_824689,mlb_621383,2026-04-23,CHC,PHI,Tanner Banks,1,0,1,1
mlb_824770,mlb_801139,2026-04-23,BOS,NYY,Payton Tolle,0,1,18,1
mlb_824770,mlb_543056,2026-04-23,BOS,NYY,Danny Coulombe,0,0,2,3
mlb_824770,mlb_669711,2026-04-23,BOS,NYY,Greg Weissert,0,0,1,0
mlb_824770,mlb_701719,2026-04-23,BOS,NYY,Tyler Samaniego,0,0,4,0
mlb_824770,mlb_670245,2026-04-23,BOS,NYY,Ryan Watson,0,0,2,0
mlb_824770,mlb_693645,2026-04-23,BOS,NYY,Cam Schlittler,1,1,24,2
mlb_824770,mlb_670280,2026-04-23,BOS,NYY,David Bednar,1,0,3,0
mlb_825096,mlb_647336,2026-04-23,ARI,CHW,Michael Soroka,0,1,15,1
mlb_825096,mlb_656464,2026-04-23,ARI,CHW,Kevin Ginkel,0,0,5,0
mlb_825096,mlb_666661,2026-04-23,ARI,CHW,Juan Morillo,0,0,4,0
mlb_825096,mlb_623149,2026-04-23,ARI,CHW,Paul Sewald,0,0,2,3
mlb_825096,mlb_642528,2026-04-23,ARI,CHW,Jonathan Loáisiga,0,0,1,0
mlb_825096,mlb_663436,2026-04-23,ARI,CHW,Davis Martin,1,1,19,1
mlb_825096,mlb_691799,2026-04-23,ARI,CHW,Grant Taylor,1,0,5,0
mlb_825096,mlb_622554,2026-04-23,ARI,CHW,Seranthony Domínguez,1,0,3,0
mlb_822827,mlb_453286,2026-04-24,TOR,CLE,Max Scherzer,0,1,7,7
mlb_822827,mlb_573009,2026-04-24,TOR,CLE,Joe Mantiply,0,0,5,0
mlb_822827,mlb_693686,2026-04-24,TOR,CLE,Spencer Miles,0,0,6,1
mlb_822827,mlb_667297,2026-04-24,TOR,CLE,Tommy Nance,0,0,3,0
mlb_822827,mlb_689254,2026-04-24,TOR,CLE,Mason Fluharty,0,0,3,0
mlb_822827,mlb_680755,2026-04-24,TOR,CLE,Braydon Fisher,0,0,3,0
mlb_822827,mlb_668909,2026-04-24,TOR,CLE,Gavin Williams,1,1,18,6
mlb_822827,mlb_683769,2026-04-24,TOR,CLE,Hunter Gaddis,1,0,3,0
mlb_822827,mlb_681870,2026-04-24,TOR,CLE,Erik Sabrowski,1,0,3,0
mlb_822827,mlb_671922,2026-04-24,TOR,CLE,Cade Smith,1,0,3,0
mlb_822909,mlb_543135,2026-04-24,TEX,ATH,Nathan Eovaldi,0,1,18,6
mlb_822909,mlb_615698,2026-04-24,TEX,ATH,Cal Quantrill,0,0,9,2
mlb_822909,mlb_622663,2026-04-24,TEX,ATH,Luis Severino,1,1,20,1
mlb_822909,mlb_663687,2026-04-24,TEX,ATH,Hogan Harris,1,0,2,0
mlb_822909,mlb_686993,2026-04-24,TEX,ATH,Justin Sterner,1,0,2,0
mlb_822909,mlb_665622,2026-04-24,TEX,ATH,Luis Medina,1,0,3,0
mlb_822992,mlb_656876,2026-04-24,TBR,MIN,Drew Rasmussen,0,1,18,1
mlb_822992,mlb_642121,2026-04-24,TBR,MIN,Cole Sulser,0,0,3,0
mlb_822992,mlb_694680,2026-04-24,TBR,MIN,Trevor Martin,0,0,3,1
mlb_822992,mlb_641329,2026-04-24,TBR,MIN,Bryan Baker,0,0,3,0
mlb_822992,mlb_671737,2026-04-24,TBR,MIN,Taj Bradley,1,1,19,6
mlb_822992,mlb_607455,2026-04-24,TBR,MIN,Anthony Banda,1,0,2,0
mlb_822992,mlb_679358,2026-04-24,TBR,MIN,Eric Orze,1,0,3,0
mlb_823069,mlb_669467,2026-04-24,STL,SEA,Andre Pallante,0,1,16,3
mlb_823069,mlb_677865,2026-04-24,STL,SEA,Justin Bruihl,0,0,3,0
mlb_823069,mlb_666277,2026-04-24,STL,SEA,George Soriano,0,0,2,0
mlb_823069,mlb_700669,2026-04-24,STL,SEA,Gordon Graceffo,0,0,6,0
mlb_823069,mlb_669923,2026-04-24,STL,SEA,George Kirby,1,1,18,2
mlb_823069,mlb_666374,2026-04-24,STL,SEA,Matt Brash,1,0,3,0
mlb_823069,mlb_642100,2026-04-24,STL,SEA,Gabe Speier,1,0,1,0
mlb_823069,mlb_660825,2026-04-24,STL,SEA,Eduard Bazardo,1,0,2,0
mlb_823069,mlb_662253,2026-04-24,STL,SEA,Andrés Muñoz,1,0,3,0
mlb_823232,mlb_605288,2026-04-24,SFG,MIA,Adrian Houser,0,1,12,8
mlb_823232,mlb_664141,2026-04-24,SFG,MIA,JT Brubaker,0,0,9,1
mlb_823232,mlb_668873,2026-04-24,SFG,MIA,Caleb Kilian,0,0,3,0
mlb_823232,mlb_621366,2026-04-24,SFG,MIA,Ryan Borucki,0,0,3,0
mlb_823232,mlb_645261,2026-04-24,SFG,MIA,Sandy Alcantara,1,1,18,3
mlb_823232,mlb_669199,2026-04-24,SFG,MIA,Lake Bachar,1,0,6,1
mlb_823232,mlb_667463,2026-04-24,SFG,MIA,John King,1,0,3,0
mlb_823638,mlb_642547,2026-04-24,NYM,COL,Freddy Peralta,0,1,17,2
mlb_823638,mlb_640455,2026-04-24,NYM,COL,Sean Manaea,0,0,10,2
mlb_823638,mlb_547179,2026-04-24,NYM,COL,Michael Lorenzen,1,1,21,1
mlb_823638,mlb_677955,2026-04-24,NYM,COL,Jaden Hill,1,0,1,2
mlb_823638,mlb_622608,2026-04-24,NYM,COL,Antonio Senzatela,1,0,5,0
mlb_823800,mlb_605540,2026-04-24,MIL,PIT,Brandon Woodruff,0,1,15,3
mlb_823800,mlb_675660,2026-04-24,MIL,PIT,Shane Drohan,0,0,12,3
mlb_823800,mlb_694973,2026-04-24,MIL,PIT,Paul Skenes,1,1,21,0
mlb_823800,mlb_682254,2026-04-24,MIL,PIT,Mason Montgomery,1,0,3,0
mlb_823800,mlb_676755,2026-04-24,MIL,PIT,Isaac Mattson,1,0,3,0
mlb_823962,mlb_686218,2026-04-24,LAD,CHC,Emmet Sheehan,0,1,19,1
mlb_823962,mlb_681911,2026-04-24,LAD,CHC,Alex Vesia,0,0,2,2
mlb_823962,mlb_595014,2026-04-24,LAD,CHC,Blake Treinen,0,0,3,1
mlb_823962,mlb_656945,2026-04-24,LAD,CHC,Tanner Scott,0,0,2,2
mlb_823962,mlb_683618,2026-04-24,LAD,CHC,Edgardo Henriquez,0,0,1,0
mlb_823962,mlb_592791,2026-04-24,LAD,CHC,Jameson Taillon,1,1,15,4
mlb_823962,mlb_669020,2026-04-24,LAD,CHC,Ryan Rolison,1,0,9,0
mlb_823962,mlb_656686,2026-04-24,LAD,CHC,Corbin Martin,1,0,3,0
mlb_824124,mlb_702070,2026-04-24,KCR,LAA,Noah Cameron,0,1,19,3
mlb_824124,mlb_683232,2026-04-24,KCR,LAA,Nick Mears,0,0,1,0
mlb_824124,mlb_663738,2026-04-24,KCR,LAA,Daniel Lynch IV,0,0,1,0
mlb_824124,mlb_621381,2026-04-24,KCR,LAA,Matt Strahm,0,0,3,0
mlb_824124,mlb_668674,2026-04-24,KCR,LAA,Lucas Erceg,0,0,3,0
mlb_824124,mlb_579328,2026-04-24,KCR,LAA,Yusei Kikuchi,1,1,15,5
mlb_824124,mlb_641312,2026-04-24,KCR,LAA,Shaun Anderson,1,0,3,0
mlb_824124,mlb_666171,2026-04-24,KCR,LAA,Ryan Zeferjahn,1,0,3,0
mlb_824124,mlb_519141,2026-04-24,KCR,LAA,Drew Pomeranz,1,0,3,1
mlb_824204,mlb_621121,2026-04-24,HOU,NYY,Lance McCullers Jr.,0,1,15,7
mlb_824204,mlb_676467,2026-04-24,HOU,NYY,Colton Gordon,0,0,6,5
mlb_824204,mlb_681151,2026-04-24,HOU,NYY,Jayden Murray,0,0,3,0
mlb_824204,mlb_650556,2026-04-24,HOU,NYY,Bryan Abreu,0,0,3,0
mlb_824204,mlb_701542,2026-04-24,HOU,NYY,Will Warren,1,1,18,2
mlb_824204,mlb_518585,2026-04-24,HOU,NYY,Fernando Cruz,1,0,3,2
mlb_824204,mlb_642232,2026-04-24,HOU,NYY,Ryan Yarbrough,1,0,6,0
mlb_824529,mlb_671096,2026-04-24,CIN,DET,Andrew Abbott,0,1,12,5
mlb_824529,mlb_693312,2026-04-24,CIN,DET,Kyle Nicolas,0,0,3,0
mlb_824529,mlb_572955,2026-04-24,CIN,DET,Pierce Johnson,0,0,3,0
mlb_824529,mlb_656271,2026-04-24,CIN,DET,Brock Burke,0,0,3,0
mlb_824529,mlb_663574,2026-04-24,CIN,DET,Tony Santillan,0,0,3,3
mlb_824529,mlb_668933,2026-04-24,CIN,DET,Graham Ashcraft,0,0,3,0
mlb_824529,mlb_664285,2026-04-24,CIN,DET,Framber Valdez,1,1,13,2
mlb_824529,mlb_640448,2026-04-24,CIN,DET,Kyle Finnegan,1,0,5,1
mlb_824529,mlb_676684,2026-04-24,CIN,DET,Will Vest,1,0,2,3
mlb_824529,mlb_676428,2026-04-24,CIN,DET,Brant Hurter,1,0,1,1
mlb_824529,mlb_623454,2026-04-24,CIN,DET,Drew Anderson,1,0,3,0
mlb_824529,mlb_445276,2026-04-24,CIN,DET,Kenley Jansen,1,0,2,2
mlb_824611,mlb_663542,2026-04-24,CHW,WSN,Bryan Hudson,0,1,3,0
mlb_824611,mlb_607200,2026-04-24,CHW,WSN,Erick Fedde,0,0,17,3
mlb_824611,mlb_656794,2026-04-24,CHW,WSN,Sean Newcomb,0,0,1,0
mlb_824611,mlb_673929,2026-04-24,CHW,WSN,Jordan Leasure,0,0,3,1
mlb_824611,mlb_622554,2026-04-24,CHW,WSN,Seranthony Domínguez,0,0,3,0
mlb_824611,mlb_676571,2026-04-24,CHW,WSN,PJ Poulin,1,1,5,0
mlb_824611,mlb_571945,2026-04-24,CHW,WSN,Miles Mikolas,1,0,11,2
mlb_824611,mlb_663992,2026-04-24,CHW,WSN,Richard Lovelady,1,0,2,0
mlb_824611,mlb_683000,2026-04-24,CHW,WSN,Riley Cornelio,1,0,6,3
mlb_824854,mlb_687064,2026-04-24,BAL,BOS,Brandon Young,0,1,17,3
mlb_824854,mlb_666974,2026-04-24,BAL,BOS,Yennier Cano,0,0,1,0
mlb_824854,mlb_552640,2026-04-24,BAL,BOS,Andrew Kittredge,0,0,3,0
mlb_824854,mlb_671382,2026-04-24,BAL,BOS,Cameron Foster,0,0,6,0
mlb_824854,mlb_678394,2026-04-24,BAL,BOS,Brayan Bello,1,1,10,8
mlb_824854,mlb_663558,2026-04-24,BAL,BOS,Jovani Morán,1,0,8,1
mlb_824854,mlb_670245,2026-04-24,BAL,BOS,Ryan Watson,1,0,6,1
mlb_824932,mlb_656550,2026-04-24,ATL,PHI,Grant Holmes,0,1,18,3
mlb_824932,mlb_607481,2026-04-24,ATL,PHI,Aaron Bummer,0,0,3,0
mlb_824932,mlb_606303,2026-04-24,ATL,PHI,Joel Payamps,0,0,3,0
mlb_824932,mlb_663158,2026-04-24,ATL,PHI,Robert Suarez,0,0,3,0
mlb_824932,mlb_691725,2026-04-24,ATL,PHI,Andrew Painter,1,1,17,5
mlb_824932,mlb_679775,2026-04-24,ATL,PHI,Kyle Backhus,1,0,3,0
mlb_824932,mlb_663767,2026-04-24,ATL,PHI,Chase Shugart,1,0,1,0
mlb_824932,mlb_641835,2026-04-24,ATL,PHI,Tim Mayza,1,0,3,0
mlb_822826,mlb_592332,2026-04-25,TOR,CLE,Kevin Gausman,0,1,20,2
mlb_822826,mlb_689254,2026-04-25,TOR,CLE,Mason Fluharty,0,0,1,0
mlb_822826,mlb_643511,2026-04-25,TOR,CLE,Tyler Rogers,0,0,3,0
mlb_822826,mlb_686973,2026-04-25,TOR,CLE,Louis Varland,0,0,3,1
mlb_822826,mlb_676282,2026-04-25,TOR,CLE,Joey Cantillo,1,1,15,3
mlb_822826,mlb_670036,2026-04-25,TOR,CLE,Matt Festa,1,0,3,1
mlb_822826,mlb_688883,2026-04-25,TOR,CLE,Peyton Pallette,1,0,3,1
mlb_822826,mlb_641401,2026-04-25,TOR,CLE,Connor Brogdon,1,0,3,0
mlb_822910,mlb_669022,2026-04-25,TEX,ATH,MacKenzie Gore,0,1,15,3
mlb_822910,mlb_668390,2026-04-25,TEX,ATH,Cole Winn,0,0,3,0
mlb_822910,mlb_656222,2026-04-25,TEX,ATH,Jalen Beeks,0,0,3,0
mlb_822910,mlb_596001,2026-04-25,TEX,ATH,Jakob Junis,0,0,3,0
mlb_822910,mlb_656641,2026-04-25,TEX,ATH,Jacob Latz,0,0,3,0
mlb_822910,mlb_605488,2026-04-25,TEX,ATH,Jeffrey Springs,1,1,18,4
mlb_822910,mlb_605130,2026-04-25,TEX,ATH,Scott Barlow,1,0,3,0
mlb_822910,mlb_643410,2026-04-25,TEX,ATH,Mark Leiter Jr.,1,0,3,0
mlb_822989,mlb_663556,2026-04-25,TBR,MIN,Shane McClanahan,0,1,15,0
mlb_822989,mlb_687330,2026-04-25,TBR,MIN,Kevin Kelly,0,0,6,0
mlb_822989,mlb_685801,2026-04-25,TBR,MIN,Hunter Bigge,0,0,3,0
mlb_822989,mlb_694680,2026-04-25,TBR,MIN,Trevor Martin,0,0,3,1
mlb_822989,mlb_641927,2026-04-25,TBR,MIN,Bailey Ober,1,1,18,2
mlb_822989,mlb_573124,2026-04-25,TBR,MIN,Taylor Rogers,1,0,0,3
mlb_822989,mlb_679358,2026-04-25,TBR,MIN,Eric Orze,1,0,3,0
mlb_822989,mlb_670183,2026-04-25,TBR,MIN,Garrett Acton,1,0,3,1
mlb_823070,mlb_669461,2026-04-25,STL,SEA,Matthew Liberatore,0,1,10,5
mlb_823070,mlb_700669,2026-04-25,STL,SEA,Gordon Graceffo,0,0,2,1
mlb_823070,mlb_677865,2026-04-25,STL,SEA,Justin Bruihl,0,0,3,0
mlb_823070,mlb_666277,2026-04-25,STL,SEA,George Soriano,0,0,3,1
mlb_823070,mlb_592773,2026-04-25,STL,SEA,Ryne Stanek,0,0,2,0
mlb_823070,mlb_668941,2026-04-25,STL,SEA,JoJo Romero,0,0,2,2
mlb_823070,mlb_676617,2026-04-25,STL,SEA,Riley O'Brien,0,0,3,2
mlb_823070,mlb_694335,2026-04-25,STL,SEA,Matt Svanson,0,0,2,0
mlb_823070,mlb_693433,2026-04-25,STL,SEA,Bryan Woo,1,1,9,7
mlb_823070,mlb_678606,2026-04-25,STL,SEA,Jose A. Ferrer,1,0,6,0
mlb_823070,mlb_681867,2026-04-25,STL,SEA,Cooper Criswell,1,0,6,2
mlb_823070,mlb_666374,2026-04-25,STL,SEA,Matt Brash,1,0,3,0
mlb_823070,mlb_662253,2026-04-25,STL,SEA,Andrés Muñoz,1,0,3,0
mlb_823229,mlb_592662,2026-04-25,SFG,MIA,Robbie Ray,0,1,15,1
mlb_823229,mlb_657424,2026-04-25,SFG,MIA,Matt Gage,0,0,3,0
mlb_823229,mlb_676775,2026-04-25,SFG,MIA,Keaton Winn,0,0,3,0
mlb_823229,mlb_669062,2026-04-25,SFG,MIA,Erik Miller,0,0,3,0
mlb_823229,mlb_676254,2026-04-25,SFG,MIA,Ryan Walker,0,0,3,1
mlb_823229,mlb_691587,2026-04-25,SFG,MIA,Eury Pérez,1,1,16,4
mlb_823229,mlb_669622,2026-04-25,SFG,MIA,Anthony Bender,1,0,2,0
mlb_823229,mlb_663969,2026-04-25,SFG,MIA,Tyler Phillips,1,0,6,2
mlb_823799,mlb_694819,2026-04-25,MIL,PIT,Jacob Misiorowski,0,1,18,3
mlb_823799,mlb_676879,2026-04-25,MIL,PIT,Aaron Ashby,0,0,6,0
mlb_823799,mlb_682842,2026-04-25,MIL,PIT,Abner Uribe,0,0,3,0
mlb_823799,mlb_672582,2026-04-25,MIL,PIT,Angel Zerpa,0,0,2,3
mlb_823799,mlb_681982,2026-04-25,MIL,PIT,Grant Anderson,0,0,1,0
mlb_823799,mlb_656605,2026-04-25,MIL,PIT,Mitch Keller,1,1,15,3
mlb_823799,mlb_676755,2026-04-25,MIL,PIT,Isaac Mattson,1,0,3,0
mlb_823799,mlb_682254,2026-04-25,MIL,PIT,Mason Montgomery,1,0,3,0
mlb_823799,mlb_642701,2026-04-25,MIL,PIT,Dennis Santana,1,0,3,0
mlb_823799,mlb_642397,2026-04-25,MIL,PIT,Gregory Soto,1,0,3,0
mlb_823799,mlb_670990,2026-04-25,MIL,PIT,Yohan Ramírez,1,0,3,0
mlb_823960,mlb_808963,2026-04-25,LAD,CHC,Roki Sasaki,0,1,15,4
mlb_823960,mlb_676263,2026-04-25,LAD,CHC,Jack Dreyer,0,0,2,0
mlb_823960,mlb_694361,2026-04-25,LAD,CHC,Will Klein,0,0,4,0
mlb_823960,mlb_669165,2026-04-25,LAD,CHC,Kyle Hurt,0,0,3,0
mlb_823960,mlb_671109,2026-04-25,LAD,CHC,Jake Eder,0,0,3,0
mlb_823960,mlb_607067,2026-04-25,LAD,CHC,Colin Rea,1,1,10,6
mlb_823960,mlb_665871,2026-04-25,LAD,CHC,Javier Assad,1,0,7,6
mlb_823960,mlb_592826,2026-04-25,LAD,CHC,Vince Velasquez,1,0,7,0
mlb_824121,mlb_666142,2026-04-25,KCR,LAA,Cole Ragans,0,1,18,1
mlb_824121,mlb_663738,2026-04-25,KCR,LAA,Daniel Lynch IV,0,0,3,0
mlb_824121,mlb_670167,2026-04-25,KCR,LAA,John Schreiber,0,0,3,0
mlb_824121,mlb_696131,2026-04-25,KCR,LAA,Mason Black,0,0,3,0
mlb_824121,mlb_700712,2026-04-25,KCR,LAA,Walbert Ureña,1,1,11,4
mlb_824121,mlb_680704,2026-04-25,KCR,LAA,Nick Sandlin,1,0,4,0
mlb_824121,mlb_681217,2026-04-25,KCR,LAA,Chase Silseth,1,0,3,1
mlb_824121,mlb_641312,2026-04-25,KCR,LAA,Shaun Anderson,1,0,3,3
mlb_824121,mlb_605447,2026-04-25,KCR,LAA,Jordan Romano,1,0,2,4
mlb_824121,mlb_624428,2026-04-25,KCR,LAA,Adam Frazier,1,0,1,0
mlb_824203,mlb_681347,2026-04-25,HOU,NYY,Mike Burrows,0,1,15,2
mlb_824203,mlb_595345,2026-04-25,HOU,NYY,Steven Okert,0,0,3,0
mlb_824203,mlb_678906,2026-04-25,HOU,NYY,Kai-Wei Teng,0,0,1,1
mlb_824203,mlb_656986,2026-04-25,HOU,NYY,Bennett Sousa,0,0,1,2
mlb_824203,mlb_805123,2026-04-25,HOU,NYY,AJ Blubaugh,0,0,4,1
mlb_824203,mlb_681151,2026-04-25,HOU,NYY,Jayden Murray,0,0,3,2
mlb_824203,mlb_677960,2026-04-25,HOU,NYY,Ryan Weathers,1,1,16,2
mlb_824203,mlb_518585,2026-04-25,HOU,NYY,Fernando Cruz,1,0,2,0
mlb_824203,mlb_656234,2026-04-25,HOU,NYY,Jake Bird,1,0,3,0
mlb_824203,mlb_666808,2026-04-25,HOU,NYY,Camilo Doval,1,0,3,0
mlb_824203,mlb_657612,2026-04-25,HOU,NYY,Tim Hill,1,0,3,1
mlb_824527,mlb_663903,2026-04-25,CIN,DET,Brady Singer,0,1,16,2
mlb_824527,mlb_683175,2026-04-25,CIN,DET,Connor Phillips,0,0,2,0
mlb_824527,mlb_668933,2026-04-25,CIN,DET,Graham Ashcraft,0,0,3,0
mlb_824527,mlb_594580,2026-04-25,CIN,DET,Sam Moll,0,0,3,0
mlb_824527,mlb_641941,2026-04-25,CIN,DET,Emilio Pagán,0,0,3,0
mlb_824527,mlb_656427,2026-04-25,CIN,DET,Jack Flaherty,1,1,6,6
mlb_824527,mlb_572143,2026-04-25,CIN,DET,Burch Smith,1,0,6,0
mlb_824527,mlb_663947,2026-04-25,CIN,DET,Tyler Holton,1,0,3,2
mlb_824527,mlb_657756,2026-04-25,CIN,DET,Connor Seabold,1,0,1,0
mlb_824527,mlb_623454,2026-04-25,CIN,DET,Drew Anderson,1,0,8,1
mlb_824613,mlb_702273,2026-04-25,CHW,WSN,Noah Schultz,0,1,18,2
mlb_824613,mlb_663855,2026-04-25,CHW,WSN,Jordan Hicks,0,0,3,0
mlb_824613,mlb_699823,2026-04-25,CHW,WSN,Tyler Davis,0,0,3,0
mlb_824613,mlb_691799,2026-04-25,CHW,WSN,Grant Taylor,0,0,3,0
mlb_824613,mlb_673929,2026-04-25,CHW,WSN,Jordan Leasure,0,0,2,4
mlb_824613,mlb_674370,2026-04-25,CHW,WSN,Osvaldo Bido,0,0,1,0
mlb_824613,mlb_663623,2026-04-25,CHW,WSN,Jake Irvin,1,1,17,0
mlb_824613,mlb_680730,2026-04-25,CHW,WSN,Mitchell Parker,1,0,4,2
mlb_824613,mlb_681402,2026-04-25,CHW,WSN,Gus Varland,1,0,3,0
mlb_824613,mlb_672335,2026-04-25,CHW,WSN,Cionel Pérez,1,0,3,0
mlb_824613,mlb_695418,2026-04-25,CHW,WSN,Brad Lord,1,0,3,1
mlb_824851,mlb_669432,2026-04-25,BAL,BOS,Trevor Rogers,0,1,5,3
mlb_824851,mlb_669330,2026-04-25,BAL,BOS,Tyler Wells,0,0,4,0
mlb_824851,mlb_544150,2026-04-25,BAL,BOS,Albert Suárez,0,0,12,4
mlb_824851,mlb_669211,2026-04-25,BAL,BOS,Keegan Akin,0,0,3,6
mlb_824851,mlb_642215,2026-04-25,BAL,BOS,Weston Wilson,0,0,3,4
mlb_824851,mlb_676979,2026-04-25,BAL,BOS,Garrett Crochet,1,1,18,0
mlb_824851,mlb_669711,2026-04-25,BAL,BOS,Greg Weissert,1,0,3,1
mlb_824851,mlb_543056,2026-04-25,BAL,BOS,Danny Coulombe,1,0,3,0
mlb_824851,mlb_701719,2026-04-25,BAL,BOS,Tyler Samaniego,1,0,3,0
mlb_824933,mlb_693821,2026-04-25,ATL,PHI,Bryce Elder,0,1,21,3
mlb_824933,mlb_669276,2026-04-25,ATL,PHI,Dylan Lee,0,0,3,1
mlb_824933,mlb_641755,2026-04-25,ATL,PHI,Tyler Kinley,0,0,3,2
mlb_824933,mlb_660761,2026-04-25,ATL,PHI,José Suarez,0,0,3,2
mlb_824933,mlb_554430,2026-04-25,ATL,PHI,Zack Wheeler,1,1,15,2
mlb_824933,mlb_621383,2026-04-25,ATL,PHI,Tanner Banks,1,0,0,2
mlb_824933,mlb_689147,2026-04-25,ATL,PHI,Orion Kerkering,1,0,4,0
mlb_824933,mlb_621237,2026-04-25,ATL,PHI,José Alvarado,1,0,4,0
mlb_824933,mlb_641745,2026-04-25,ATL,PHI,Brad Keller,1,0,4,0
mlb_824933,mlb_679775,2026-04-25,ATL,PHI,Kyle Backhus,1,0,3,1
mlb_825093,mlb_668678,2026-04-25,ARI,SDP,Zac Gallen,0,1,9,0
mlb_825093,mlb_694297,2026-04-25,ARI,SDP,Brandon Pfaadt,0,0,9,4
mlb_825093,mlb_664199,2026-04-25,ARI,SDP,Taylor Clarke,0,0,3,1
mlb_825093,mlb_642528,2026-04-25,ARI,SDP,Jonathan Loáisiga,0,0,3,0
mlb_825093,mlb_694851,2026-04-25,ARI,SDP,Andrew Hoffmann,0,0,3,1
mlb_825093,mlb_608566,2026-04-25,ARI,SDP,Germán Márquez,1,1,18,4
mlb_825093,mlb_670970,2026-04-25,ARI,SDP,Adrian Morejon,1,0,3,0
mlb_825093,mlb_592094,2026-04-25,ARI,SDP,Jason Adam,1,0,3,0
mlb_825093,mlb_695243,2026-04-25,ARI,SDP,Mason Miller,1,0,3,0
mlb_822824,mlb_571578,2026-04-26,TOR,CLE,Patrick Corbin,0,1,14,2
mlb_822824,mlb_680755,2026-04-26,TOR,CLE,Braydon Fisher,0,0,4,0
mlb_822824,mlb_643511,2026-04-26,TOR,CLE,Tyler Rogers,0,0,3,0
mlb_822824,mlb_656546,2026-04-26,TOR,CLE,Jeff Hoffman,0,0,3,0
mlb_822824,mlb_686973,2026-04-26,TOR,CLE,Louis Varland,0,0,3,0
mlb_822824,mlb_677944,2026-04-26,TOR,CLE,Slade Cecconi,1,1,17,4
mlb_822824,mlb_682120,2026-04-26,TOR,CLE,Tim Herrin,1,0,3,0
mlb_822824,mlb_670059,2026-04-26,TOR,CLE,Colin Holderman,1,0,4,0
mlb_822911,mlb_677958,2026-04-26,TEX,ATH,Kumar Rocker,0,1,18,2
mlb_822911,mlb_641302,2026-04-26,TEX,ATH,Tyler Alexander,0,0,3,0
mlb_822911,mlb_686560,2026-04-26,TEX,ATH,Gavin Collyer,0,0,3,0
mlb_822911,mlb_682608,2026-04-26,TEX,ATH,Peyton Gray,0,0,3,0
mlb_822911,mlb_669372,2026-04-26,TEX,ATH,J.T. Ginn,1,1,10,0
mlb_822911,mlb_669270,2026-04-26,TEX,ATH,Joel Kuhnel,1,0,2,0
mlb_822911,mlb_682052,2026-04-26,TEX,ATH,Jacob Lopez,1,0,3,1
mlb_822911,mlb_686993,2026-04-26,TEX,ATH,Justin Sterner,1,0,3,0
mlb_822911,mlb_663687,2026-04-26,TEX,ATH,Hogan Harris,1,0,3,0
mlb_822911,mlb_678022,2026-04-26,TEX,ATH,Jack Perkins,1,0,6,0
mlb_822991,mlb_643377,2026-04-26,TBR,MIN,Griffin Jax,0,1,7,0
mlb_822991,mlb_669947,2026-04-26,TBR,MIN,Jesse Scholtens,0,0,13,2
mlb_822991,mlb_642121,2026-04-26,TBR,MIN,Cole Sulser,0,0,4,0
mlb_822991,mlb_641329,2026-04-26,TBR,MIN,Bryan Baker,0,0,3,0
mlb_822991,mlb_680573,2026-04-26,TBR,MIN,Simeon Woods Richardson,1,1,13,4
mlb_822991,mlb_607455,2026-04-26,TBR,MIN,Anthony Banda,1,0,2,0
mlb_822991,mlb_681892,2026-04-26,TBR,MIN,Kody Funderburk,1,0,4,0
mlb_822991,mlb_663485,2026-04-26,TBR,MIN,Cole Sands,1,0,2,0
mlb_822991,mlb_623437,2026-04-26,TBR,MIN,Justin Topa,1,0,3,0
mlb_823068,mlb_700241,2026-04-26,STL,SEA,Michael McGreevy,0,1,18,1
mlb_823068,mlb_694335,2026-04-26,STL,SEA,Matt Svanson,0,0,3,1
mlb_823068,mlb_592773,2026-04-26,STL,SEA,Ryne Stanek,0,0,3,0
mlb_823068,mlb_668941,2026-04-26,STL,SEA,JoJo Romero,0,0,3,1
mlb_823068,mlb_676106,2026-04-26,STL,SEA,Emerson Hancock,1,1,18,2
mlb_823068,mlb_642100,2026-04-26,STL,SEA,Gabe Speier,1,0,2,0
mlb_823068,mlb_660825,2026-04-26,STL,SEA,Eduard Bazardo,1,0,4,0
mlb_823068,mlb_678606,2026-04-26,STL,SEA,Jose A. Ferrer,1,0,3,0
mlb_823230,mlb_694738,2026-04-26,SFG,MIA,Landen Roupp,0,1,23,3
mlb_823230,mlb_669062,2026-04-26,SFG,MIA,Erik Miller,0,0,4,0
mlb_823230,mlb_676974,2026-04-26,SFG,MIA,Max Meyer,1,1,15,1
mlb_823230,mlb_676534,2026-04-26,SFG,MIA,Calvin Faucher,1,0,3,2
mlb_823230,mlb_677053,2026-04-26,SFG,MIA,Andrew Nardi,1,0,3,3
mlb_823230,mlb_669622,2026-04-26,SFG,MIA,Anthony Bender,1,0,3,0
mlb_823635,mlb_690997,2026-04-26,NYM,COL,Nolan McLean,0,1,15,2
mlb_823635,mlb_623211,2026-04-26,NYM,COL,Huascar Brazobán,0,0,6,1
mlb_823635,mlb_681810,2026-04-26,NYM,COL,Austin Warren,0,0,6,0
mlb_823635,mlb_500779,2026-04-26,NYM,COL,Jose Quintana,1,1,16,1
mlb_823635,mlb_675848,2026-04-26,NYM,COL,Juan Mejia,1,0,5,0
mlb_823635,mlb_677955,2026-04-26,NYM,COL,Jaden Hill,1,0,3,0
mlb_823635,mlb_680767,2026-04-26,NYM,COL,Victor Vodnik,1,0,3,0
mlb_823637,mlb_673540,2026-04-26,NYM,COL,Kodai Senga,0,1,8,3
mlb_823637,mlb_605218,2026-04-26,NYM,COL,Carl Edwards Jr.,0,0,10,0
mlb_823637,mlb_596133,2026-04-26,NYM,COL,Luke Weaver,0,0,3,0
mlb_823637,mlb_548384,2026-04-26,NYM,COL,Brooks Raley,0,0,3,0
mlb_823637,mlb_642207,2026-04-26,NYM,COL,Devin Williams,0,0,3,0
mlb_823637,mlb_801403,2026-04-26,NYM,COL,Chase Dollander,1,1,21,0
mlb_823637,mlb_678020,2026-04-26,NYM,COL,Seth Halvorsen,1,0,3,0
mlb_823637,mlb_688642,2026-04-26,NYM,COL,Zach Agnos,1,0,3,0
mlb_823797,mlb_690986,2026-04-26,MIL,PIT,Kyle Harrison,0,1,18,0
mlb_823797,mlb_656730,2026-04-26,MIL,PIT,Trevor Megill,0,0,3,0
mlb_823797,mlb_676879,2026-04-26,MIL,PIT,Aaron Ashby,0,0,3,0
mlb_823797,mlb_682842,2026-04-26,MIL,PIT,Abner Uribe,0,0,3,0
mlb_823797,mlb_669387,2026-04-26,MIL,PIT,Carmen Mlodzinski,1,1,11,5
mlb_823797,mlb_681895,2026-04-26,MIL,PIT,Evan Sisk,1,0,4,0
mlb_823797,mlb_676742,2026-04-26,MIL,PIT,Cam Sanders,1,0,6,0
mlb_823797,mlb_664875,2026-04-26,MIL,PIT,Justin Lawrence,1,0,3,0
mlb_823959,mlb_680736,2026-04-26,LAD,CHC,Justin Wrobleski,0,1,18,0
mlb_823959,mlb_683618,2026-04-26,LAD,CHC,Edgardo Henriquez,0,0,3,0
mlb_823959,mlb_676263,2026-04-26,LAD,CHC,Jack Dreyer,0,0,3,0
mlb_823959,mlb_669165,2026-04-26,LAD,CHC,Kyle Hurt,0,0,3,0
mlb_823959,mlb_684007,2026-04-26,LAD,CHC,Shota Imanaga,1,1,16,5
mlb_823959,mlb_571948,2026-04-26,LAD,CHC,Hoby Milner,1,0,3,1
mlb_823959,mlb_605441,2026-04-26,LAD,CHC,Yacksel Ríos,1,0,5,0
mlb_824122,mlb_607625,2026-04-26,KCR,LAA,Seth Lugo,0,1,19,7
mlb_824122,mlb_669212,2026-04-26,KCR,LAA,Eli Morgan,0,0,2,0
mlb_824122,mlb_683232,2026-04-26,KCR,LAA,Nick Mears,0,0,3,0
mlb_824122,mlb_656638,2026-04-26,KCR,LAA,Alex Lange,0,0,3,1
mlb_824122,mlb_668674,2026-04-26,KCR,LAA,Lucas Erceg,0,0,3,1
mlb_824122,mlb_672282,2026-04-26,KCR,LAA,Reid Detmers,1,1,15,3
mlb_824122,mlb_696147,2026-04-26,KCR,LAA,Sam Bachman,1,0,3,2
mlb_824122,mlb_666171,2026-04-26,KCR,LAA,Ryan Zeferjahn,1,0,5,0
mlb_824122,mlb_608718,2026-04-26,KCR,LAA,Brent Suter,1,0,3,2
mlb_824122,mlb_519141,2026-04-26,KCR,LAA,Drew Pomeranz,1,0,1,1
mlb_824122,mlb_664192,2026-04-26,KCR,LAA,Joey Lucchesi,1,0,2,3
mlb_824202,mlb_681293,2026-04-26,HOU,NYY,Spencer Arrighetti,0,1,21,1
mlb_824202,mlb_687911,2026-04-26,HOU,NYY,Bryan King,0,0,3,0
mlb_824202,mlb_660853,2026-04-26,HOU,NYY,Enyel De Los Santos,0,0,3,3
mlb_824202,mlb_661563,2026-04-26,HOU,NYY,Luis Gil,1,1,12,6
mlb_824202,mlb_621112,2026-04-26,HOU,NYY,Paul Blackburn,1,0,9,1
mlb_824202,mlb_642232,2026-04-26,HOU,NYY,Ryan Yarbrough,1,0,3,0
mlb_824528,mlb_695076,2026-04-26,CIN,DET,Rhett Lowder,0,1,15,2
mlb_824528,mlb_656271,2026-04-26,CIN,DET,Brock Burke,0,0,3,0
mlb_824528,mlb_594580,2026-04-26,CIN,DET,Sam Moll,0,0,1,2
mlb_824528,mlb_572955,2026-04-26,CIN,DET,Pierce Johnson,0,0,2,2
mlb_824528,mlb_683742,2026-04-26,CIN,DET,Jose Franco,0,0,6,2
mlb_824528,mlb_672456,2026-04-26,CIN,DET,Keider Montero,1,1,15,3
mlb_824528,mlb_676428,2026-04-26,CIN,DET,Brant Hurter,1,0,3,0
mlb_824528,mlb_676684,2026-04-26,CIN,DET,Will Vest,1,0,3,0
mlb_824528,mlb_640448,2026-04-26,CIN,DET,Kyle Finnegan,1,0,3,0
mlb_824528,mlb_669724,2026-04-26,CIN,DET,Brenan Hanifee,1,0,3,0
mlb_824612,mlb_663542,2026-04-26,CHW,WSN,Bryan Hudson,0,1,3,0
mlb_824612,mlb_680732,2026-04-26,CHW,WSN,Sean Burke,0,0,22,0
mlb_824612,mlb_656794,2026-04-26,CHW,WSN,Sean Newcomb,0,0,2,0
mlb_824612,mlb_622554,2026-04-26,CHW,WSN,Seranthony Domínguez,0,0,3,2
mlb_824612,mlb_656492,2026-04-26,CHW,WSN,Foster Griffin,1,1,21,0
mlb_824612,mlb_681402,2026-04-26,CHW,WSN,Gus Varland,1,0,3,0
mlb_824612,mlb_663992,2026-04-26,CHW,WSN,Richard Lovelady,1,0,3,0
mlb_824612,mlb_687606,2026-04-26,CHW,WSN,Paxton Schultz,1,0,3,1
mlb_824852,mlb_680694,2026-04-26,BAL,BOS,Kyle Bradish,0,1,15,3
mlb_824852,mlb_664991,2026-04-26,BAL,BOS,Grant Wolfram,0,0,0,2
mlb_824852,mlb_666974,2026-04-26,BAL,BOS,Yennier Cano,0,0,3,0
mlb_824852,mlb_689296,2026-04-26,BAL,BOS,Anthony Nunez,0,0,3,0
mlb_824852,mlb_670329,2026-04-26,BAL,BOS,Rico Garcia,0,0,3,0
mlb_824852,mlb_552640,2026-04-26,BAL,BOS,Andrew Kittredge,0,0,3,0
mlb_824852,mlb_813349,2026-04-26,BAL,BOS,Connelly Early,1,1,20,2
mlb_824852,mlb_677161,2026-04-26,BAL,BOS,Zack Kelly,1,0,1,0
mlb_824852,mlb_676477,2026-04-26,BAL,BOS,Garrett Whitlock,1,0,3,1
mlb_824852,mlb_547973,2026-04-26,BAL,BOS,Aroldis Chapman,1,0,3,0
mlb_824934,mlb_519242,2026-04-26,ATL,PHI,Chris Sale,0,1,18,0
mlb_824934,mlb_606303,2026-04-26,ATL,PHI,Joel Payamps,0,0,3,0
mlb_824934,mlb_607481,2026-04-26,ATL,PHI,Aaron Bummer,0,0,3,2
mlb_824934,mlb_663158,2026-04-26,ATL,PHI,Robert Suarez,0,0,3,0
mlb_824934,mlb_605400,2026-04-26,ATL,PHI,Aaron Nola,1,1,14,6
mlb_824934,mlb_663767,2026-04-26,ATL,PHI,Chase Shugart,1,0,3,0
mlb_824934,mlb_641835,2026-04-26,ATL,PHI,Tim Mayza,1,0,3,0
mlb_824934,mlb_676510,2026-04-26,ATL,PHI,Nolan Hoffman,1,0,4,0
mlb_825094,mlb_669194,2026-04-26,ARI,SDP,Ryne Nelson,0,1,15,6
mlb_825094,mlb_656464,2026-04-26,ARI,SDP,Kevin Ginkel,0,0,3,1
mlb_825094,mlb_657044,2026-04-26,ARI,SDP,Ryan Thompson,0,0,3,0
mlb_825094,mlb_666661,2026-04-26,ARI,SDP,Juan Morillo,0,0,3,0
mlb_825094,mlb_642528,2026-04-26,ARI,SDP,Jonathan Loáisiga,0,0,3,0
mlb_825094,mlb_650633,2026-04-26,ARI,SDP,Michael King,1,1,18,2
mlb_825094,mlb_688158,2026-04-26,ARI,SDP,David Morgan,1,0,1,4
mlb_825094,mlb_699134,2026-04-26,ARI,SDP,Bradgley Rodriguez,1,0,2,2
mlb_825094,mlb_676760,2026-04-26,ARI,SDP,Ron Marinaccio,1,0,1,4
mlb_825094,mlb_593974,2026-04-26,ARI,SDP,Wandy Peralta,1,0,2,0
mlb_822825,mlb_656302,2026-04-27,TOR,BOS,Dylan Cease,0,1,17,4
mlb_822825,mlb_573009,2026-04-27,TOR,BOS,Joe Mantiply,0,0,3,0
mlb_822825,mlb_695445,2026-04-27,TOR,BOS,Chase Lee,0,0,4,1
mlb_822825,mlb_667297,2026-04-27,TOR,BOS,Tommy Nance,0,0,3,0
mlb_822825,mlb_624133,2026-04-27,TOR,BOS,Ranger Suarez,1,1,24,0
mlb_822825,mlb_669711,2026-04-27,TOR,BOS,Greg Weissert,1,0,3,0
mlb_822906,mlb_683004,2026-04-27,TEX,NYY,Jack Leiter,0,1,18,4
mlb_822906,mlb_682608,2026-04-27,TEX,NYY,Peyton Gray,0,0,6,0
mlb_822906,mlb_686560,2026-04-27,TEX,NYY,Gavin Collyer,0,0,3,0
mlb_822906,mlb_608331,2026-04-27,TEX,NYY,Max Fried,1,1,18,0
mlb_822906,mlb_666808,2026-04-27,TEX,NYY,Camilo Doval,1,0,3,1
mlb_822906,mlb_657612,2026-04-27,TEX,NYY,Tim Hill,1,0,3,0
mlb_822906,mlb_670280,2026-04-27,TEX,NYY,David Bednar,1,0,3,1
mlb_823311,mlb_681190,2026-04-27,SDP,CHC,Randy Vásquez,0,1,15,5
mlb_823311,mlb_670970,2026-04-27,SDP,CHC,Adrian Morejon,0,0,5,0
mlb_823311,mlb_592094,2026-04-27,SDP,CHC,Jason Adam,0,0,4,0
mlb_823311,mlb_695243,2026-04-27,SDP,CHC,Mason Miller,0,0,3,2
mlb_823311,mlb_571510,2026-04-27,SDP,CHC,Matthew Boyd,1,1,12,5
mlb_823311,mlb_676962,2026-04-27,SDP,CHC,Ben Brown,1,0,6,1
mlb_823311,mlb_664208,2026-04-27,SDP,CHC,Phil Maton,1,0,3,2
mlb_823311,mlb_657097,2026-04-27,SDP,CHC,Jacob Webb,1,0,3,1
mlb_823395,mlb_682254,2026-04-27,PIT,STL,Mason Montgomery,0,1,3,0
mlb_823395,mlb_664875,2026-04-27,PIT,STL,Justin Lawrence,0,0,3,0
mlb_823395,mlb_696062,2026-04-27,PIT,STL,Wilber Dotel,0,0,12,0
mlb_823395,mlb_681895,2026-04-27,PIT,STL,Evan Sisk,0,0,2,0
mlb_823395,mlb_676755,2026-04-27,PIT,STL,Isaac Mattson,0,0,1,0
mlb_823395,mlb_642397,2026-04-27,PIT,STL,Gregory Soto,0,0,3,0
mlb_823395,mlb_642701,2026-04-27,PIT,STL,Dennis Santana,0,0,2,4
mlb_823395,mlb_676742,2026-04-27,PIT,STL,Cam Sanders,0,0,1,0
mlb_823395,mlb_669160,2026-04-27,PIT,STL,Dustin May,1,1,18,2
mlb_823395,mlb_681676,2026-04-27,PIT,STL,Ryan Fernandez,1,0,6,0
mlb_823395,mlb_666277,2026-04-27,PIT,STL,George Soriano,1,0,3,0
mlb_823719,mlb_687570,2026-04-27,MIN,SEA,Connor Prielipp,0,1,15,2
mlb_823719,mlb_702193,2026-04-27,MIN,SEA,Andrew Morris,0,0,9,2
mlb_823719,mlb_573124,2026-04-27,MIN,SEA,Taylor Rogers,0,0,3,0
mlb_823719,mlb_622491,2026-04-27,MIN,SEA,Luis Castillo,1,1,15,7
mlb_823719,mlb_677961,2026-04-27,MIN,SEA,Cole Wilcox,1,0,4,1
mlb_823719,mlb_695380,2026-04-27,MIN,SEA,Alex Hoppe,1,0,5,3
mlb_823961,mlb_808967,2026-04-27,LAD,MIA,Yoshinobu Yamamoto,0,1,15,4
mlb_823961,mlb_681911,2026-04-27,LAD,MIA,Alex Vesia,0,0,3,0
mlb_823961,mlb_656945,2026-04-27,LAD,MIA,Tanner Scott,0,0,3,0
mlb_823961,mlb_683618,2026-04-27,LAD,MIA,Edgardo Henriquez,0,0,3,0
mlb_823961,mlb_671109,2026-04-27,LAD,MIA,Jake Eder,0,0,3,0
mlb_823961,mlb_663978,2026-04-27,LAD,MIA,Chris Paddack,1,1,12,2
mlb_823961,mlb_667463,2026-04-27,LAD,MIA,John King,1,0,3,0
mlb_823961,mlb_656848,2026-04-27,LAD,MIA,Michael Petersen,1,0,4,0
mlb_823961,mlb_677053,2026-04-27,LAD,MIA,Andrew Nardi,1,0,2,0
mlb_823961,mlb_676534,2026-04-27,LAD,MIA,Calvin Faucher,1,0,3,0
mlb_823961,mlb_664126,2026-04-27,LAD,MIA,Pete Fairbanks,1,0,1,3
mlb_823961,mlb_663969,2026-04-27,LAD,MIA,Tyler Phillips,1,0,1,0
mlb_824446,mlb_800048,2026-04-27,CLE,TBR,Parker Messick,0,1,17,1
mlb_824446,mlb_670036,2026-04-27,CLE,TBR,Matt Festa,0,0,1,0
mlb_824446,mlb_681870,2026-04-27,CLE,TBR,Erik Sabrowski,0,0,2,0
mlb_824446,mlb_683769,2026-04-27,CLE,TBR,Hunter Gaddis,0,0,1,2
mlb_824446,mlb_670059,2026-04-27,CLE,TBR,Colin Holderman,0,0,6,0
mlb_824446,mlb_571927,2026-04-27,CLE,TBR,Steven Matz,1,1,21,2
mlb_824446,mlb_693855,2026-04-27,CLE,TBR,Ian Seymour,1,0,3,0
mlb_824446,mlb_641329,2026-04-27,CLE,TBR,Bryan Baker,1,0,3,0
mlb_824609,mlb_641743,2026-04-27,CHW,LAA,Anthony Kay,0,1,12,4
mlb_824609,mlb_674370,2026-04-27,CHW,LAA,Osvaldo Bido,0,0,9,1
mlb_824609,mlb_663855,2026-04-27,CHW,LAA,Jordan Hicks,0,0,1,0
mlb_824609,mlb_691799,2026-04-27,CHW,LAA,Grant Taylor,0,0,4,2
mlb_824609,mlb_663542,2026-04-27,CHW,LAA,Bryan Hudson,0,0,1,0
mlb_824609,mlb_686799,2026-04-27,CHW,LAA,Jack Kochanowicz,1,1,18,3
mlb_824609,mlb_680704,2026-04-27,CHW,LAA,Nick Sandlin,1,0,0,3
mlb_824609,mlb_519141,2026-04-27,CHW,LAA,Drew Pomeranz,1,0,3,2
mlb_824609,mlb_820862,2026-04-27,CHW,LAA,José Fermin,1,0,3,0
mlb_822823,mlb_702056,2026-04-28,TOR,BOS,Trey Yesavage,0,1,16,0
mlb_822823,mlb_689254,2026-04-28,TOR,BOS,Mason Fluharty,0,0,2,0
mlb_822823,mlb_656546,2026-04-28,TOR,BOS,Jeff Hoffman,0,0,3,0
mlb_822823,mlb_643511,2026-04-28,TOR,BOS,Tyler Rogers,0,0,3,0
mlb_822823,mlb_686973,2026-04-28,TOR,BOS,Louis Varland,0,0,3,0
mlb_822823,mlb_801139,2026-04-28,TOR,BOS,Payton Tolle,1,1,14,3
mlb_822823,mlb_677161,2026-04-28,TOR,BOS,Zack Kelly,1,0,3,0
mlb_822823,mlb_701719,2026-04-28,TOR,BOS,Tyler Samaniego,1,0,2,0
mlb_822823,mlb_670245,2026-04-28,TOR,BOS,Ryan Watson,1,0,5,0
mlb_822908,mlb_594798,2026-04-28,TEX,NYY,Jacob deGrom,0,1,18,1
mlb_822908,mlb_656222,2026-04-28,TEX,NYY,Jalen Beeks,0,0,3,1
mlb_822908,mlb_596001,2026-04-28,TEX,NYY,Jakob Junis,0,0,3,0
mlb_822908,mlb_668390,2026-04-28,TEX,NYY,Cole Winn,0,0,3,1
mlb_822908,mlb_693645,2026-04-28,TEX,NYY,Cam Schlittler,1,1,18,0
mlb_822908,mlb_687396,2026-04-28,TEX,NYY,Brent Headrick,1,0,3,0
mlb_822908,mlb_518585,2026-04-28,TEX,NYY,Fernando Cruz,1,0,3,0
mlb_822908,mlb_670280,2026-04-28,TEX,NYY,David Bednar,1,0,3,2
mlb_823310,mlb_621111,2026-04-28,SDP,CHC,Walker Buehler,0,1,14,2
mlb_823310,mlb_606996,2026-04-28,SDP,CHC,Kyle Hart,0,0,2,2
mlb_823310,mlb_688158,2026-04-28,SDP,CHC,David Morgan,0,0,2,1
mlb_823310,mlb_593974,2026-04-28,SDP,CHC,Wandy Peralta,0,0,3,3
mlb_823310,mlb_676760,2026-04-28,SDP,CHC,Ron Marinaccio,0,0,6,0
mlb_823310,mlb_665795,2026-04-28,SDP,CHC,Edward Cabrera,1,1,17,3
mlb_823310,mlb_571948,2026-04-28,SDP,CHC,Hoby Milner,1,0,4,0
mlb_823310,mlb_669020,2026-04-28,SDP,CHC,Ryan Rolison,1,0,6,0
mlb_823390,mlb_677952,2026-04-28,PIT,STL,Braxton Ashcraft,0,1,13,6
mlb_823390,mlb_682995,2026-04-28,PIT,STL,Hunter Barco,0,0,14,5
mlb_823390,mlb_681517,2026-04-28,PIT,STL,Kyle Leahy,1,1,16,3
mlb_823390,mlb_700669,2026-04-28,PIT,STL,Gordon Graceffo,1,0,5,0
mlb_823390,mlb_677865,2026-04-28,PIT,STL,Justin Bruihl,1,0,3,3
mlb_823390,mlb_694335,2026-04-28,PIT,STL,Matt Svanson,1,0,3,1
mlb_823473,mlb_666200,2026-04-28,PHI,SFG,Jesús Luzardo,0,1,21,0
mlb_823473,mlb_689147,2026-04-28,PHI,SFG,Orion Kerkering,0,0,3,0
mlb_823473,mlb_641835,2026-04-28,PHI,SFG,Tim Mayza,0,0,3,0
mlb_823473,mlb_641816,2026-04-28,PHI,SFG,Tyler Mahle,1,1,15,5
mlb_823473,mlb_657424,2026-04-28,PHI,SFG,Matt Gage,1,0,3,0
mlb_823473,mlb_694918,2026-04-28,PHI,SFG,Blade Tidwell,1,0,6,2
mlb_823636,mlb_605280,2026-04-28,NYM,WSN,Clay Holmes,0,1,18,0
mlb_823636,mlb_668964,2026-04-28,NYM,WSN,Tobias Myers,0,0,6,0
mlb_823636,mlb_518886,2026-04-28,NYM,WSN,Craig Kimbrel,0,0,3,0
mlb_823636,mlb_641793,2026-04-28,NYM,WSN,Zack Littell,1,1,11,8
mlb_823636,mlb_695418,2026-04-28,NYM,WSN,Brad Lord,1,0,7,0
mlb_823636,mlb_701552,2026-04-28,NYM,WSN,Andre Granillo,1,0,6,0
mlb_823716,mlb_657746,2026-04-28,MIN,SEA,Joe Ryan,0,1,18,2
mlb_823716,mlb_681892,2026-04-28,MIN,SEA,Kody Funderburk,0,0,4,1
mlb_823716,mlb_663485,2026-04-28,MIN,SEA,Cole Sands,0,0,2,2
mlb_823716,mlb_472610,2026-04-28,MIN,SEA,Luis García,0,0,3,2
mlb_823716,mlb_669302,2026-04-28,MIN,SEA,Logan Gilbert,1,1,15,1
mlb_823716,mlb_660825,2026-04-28,MIN,SEA,Eduard Bazardo,1,0,3,0
mlb_823716,mlb_642100,2026-04-28,MIN,SEA,Gabe Speier,1,0,3,0
mlb_823716,mlb_666374,2026-04-28,MIN,SEA,Matt Brash,1,0,3,0
mlb_823716,mlb_681867,2026-04-28,MIN,SEA,Cooper Criswell,1,0,3,0
mlb_823798,mlb_694477,2026-04-28,MIL,ARI,Chad Patrick,0,1,15,2
mlb_823798,mlb_675660,2026-04-28,MIL,ARI,Shane Drohan,0,0,3,0
mlb_823798,mlb_663765,2026-04-28,MIL,ARI,Jake Woodford,0,0,9,0
mlb_823798,mlb_518876,2026-04-28,MIL,ARI,Merrill Kelly,1,1,15,5
mlb_823798,mlb_694851,2026-04-28,MIL,ARI,Andrew Hoffmann,1,0,1,8
mlb_823798,mlb_657044,2026-04-28,MIL,ARI,Ryan Thompson,1,0,2,0
mlb_823798,mlb_664199,2026-04-28,MIL,ARI,Taylor Clarke,1,0,3,0
mlb_823798,mlb_543510,2026-04-28,MIL,ARI,James McCann,1,0,3,0
mlb_823956,mlb_660271,2026-04-28,LAD,MIA,Shohei Ohtani,0,1,18,2
mlb_823956,mlb_656945,2026-04-28,LAD,MIA,Tanner Scott,0,0,3,0
mlb_823956,mlb_595014,2026-04-28,LAD,MIA,Blake Treinen,0,0,3,0
mlb_823956,mlb_676263,2026-04-28,LAD,MIA,Jack Dreyer,0,0,3,0
mlb_823956,mlb_676083,2026-04-28,LAD,MIA,Janson Junk,1,1,18,0
mlb_823956,mlb_669622,2026-04-28,LAD,MIA,Anthony Bender,1,0,3,0
mlb_823956,mlb_656848,2026-04-28,LAD,MIA,Michael Petersen,1,0,1,1
mlb_823956,mlb_667463,2026-04-28,LAD,MIA,John King,1,0,2,0
mlb_823956,mlb_663969,2026-04-28,LAD,MIA,Tyler Phillips,1,0,3,0
mlb_824447,mlb_676440,2026-04-28,CLE,TBR,Tanner Bibee,0,1,15,1
mlb_824447,mlb_682120,2026-04-28,CLE,TBR,Tim Herrin,0,0,5,0
mlb_824447,mlb_641401,2026-04-28,CLE,TBR,Connor Brogdon,0,0,4,0
mlb_824447,mlb_688883,2026-04-28,CLE,TBR,Peyton Pallette,0,0,3,0
mlb_824447,mlb_607259,2026-04-28,CLE,TBR,Nick Martinez,1,1,21,0
mlb_824447,mlb_693855,2026-04-28,CLE,TBR,Ian Seymour,1,0,2,0
mlb_824447,mlb_687330,2026-04-28,CLE,TBR,Kevin Kelly,1,0,1,0
mlb_824447,mlb_642121,2026-04-28,CLE,TBR,Cole Sulser,1,0,3,0
mlb_824526,mlb_695505,2026-04-28,CIN,COL,Chase Burns,0,1,18,2
mlb_824526,mlb_668933,2026-04-28,CIN,COL,Graham Ashcraft,0,0,3,0
mlb_824526,mlb_663574,2026-04-28,CIN,COL,Tony Santillan,0,0,3,0
mlb_824526,mlb_656271,2026-04-28,CIN,COL,Brock Burke,0,0,3,0
mlb_824526,mlb_607536,2026-04-28,CIN,COL,Kyle Freeland,1,1,15,4
mlb_824526,mlb_685299,2026-04-28,CIN,COL,Tanner Gordon,1,0,9,3
mlb_824610,mlb_663436,2026-04-28,CHW,LAA,Davis Martin,0,1,17,1
mlb_824610,mlb_656794,2026-04-28,CHW,LAA,Sean Newcomb,0,0,4,0
mlb_824610,mlb_673929,2026-04-28,CHW,LAA,Jordan Leasure,0,0,3,1
mlb_824610,mlb_622554,2026-04-28,CHW,LAA,Seranthony Domínguez,0,0,3,0
mlb_824610,mlb_667755,2026-04-28,CHW,LAA,José Soriano,1,1,15,3
mlb_824610,mlb_608718,2026-04-28,CHW,LAA,Brent Suter,1,0,3,1
mlb_824610,mlb_664192,2026-04-28,CHW,LAA,Joey Lucchesi,1,0,1,1
mlb_824610,mlb_820862,2026-04-28,CHW,LAA,José Fermin,1,0,5,0
mlb_824849,mlb_669358,2026-04-28,BAL,HOU,Shane Baz,0,1,17,1
mlb_824849,mlb_670329,2026-04-28,BAL,HOU,Rico Garcia,0,0,1,0
mlb_824849,mlb_552640,2026-04-28,BAL,HOU,Andrew Kittredge,0,0,3,0
mlb_824849,mlb_689296,2026-04-28,BAL,HOU,Anthony Nunez,0,0,3,2
mlb_824849,mlb_664854,2026-04-28,BAL,HOU,Ryan Helsley,0,0,3,0
mlb_824849,mlb_678906,2026-04-28,BAL,HOU,Kai-Wei Teng,1,1,9,2
mlb_824849,mlb_595345,2026-04-28,BAL,HOU,Steven Okert,1,0,1,0
mlb_824849,mlb_680802,2026-04-28,BAL,HOU,Ryan Weiss,1,0,11,3
mlb_824849,mlb_656986,2026-04-28,BAL,HOU,Bennett Sousa,1,0,3,0
mlb_824931,mlb_527048,2026-04-28,ATL,DET,Martín Pérez,0,1,15,0
mlb_824931,mlb_800311,2026-04-28,ATL,DET,Didier Fuentes,0,0,6,0
mlb_824931,mlb_641755,2026-04-28,ATL,DET,Tyler Kinley,0,0,3,0
mlb_824931,mlb_607481,2026-04-28,ATL,DET,Aaron Bummer,0,0,3,2
mlb_824931,mlb_663554,2026-04-28,ATL,DET,Casey Mize,1,1,7,2
mlb_824931,mlb_676428,2026-04-28,ATL,DET,Brant Hurter,1,0,8,0
mlb_824931,mlb_572143,2026-04-28,ATL,DET,Burch Smith,1,0,6,1
mlb_824931,mlb_663947,2026-04-28,ATL,DET,Tyler Holton,1,0,3,2
mlb_825017,mlb_650644,2026-04-28,ATH,KCR,Aaron Civale,0,1,15,0
mlb_825017,mlb_663687,2026-04-28,ATH,KCR,Hogan Harris,0,0,2,1
mlb_825017,mlb_605130,2026-04-28,ATH,KCR,Scott Barlow,0,0,4,0
mlb_825017,mlb_643410,2026-04-28,ATH,KCR,Mark Leiter Jr.,0,0,3,0
mlb_825017,mlb_678022,2026-04-28,ATH,KCR,Jack Perkins,0,0,3,0
mlb_825017,mlb_686993,2026-04-28,ATH,KCR,Justin Sterner,0,0,3,3
mlb_825017,mlb_663460,2026-04-28,ATH,KCR,Kris Bubic,1,1,15,1
mlb_825017,mlb_670167,2026-04-28,ATH,KCR,John Schreiber,1,0,3,0
mlb_825017,mlb_663738,2026-04-28,ATH,KCR,Daniel Lynch IV,1,0,3,0
mlb_825017,mlb_621381,2026-04-28,ATH,KCR,Matt Strahm,1,0,3,0
mlb_825017,mlb_683232,2026-04-28,ATH,KCR,Nick Mears,1,0,3,0
mlb_825017,mlb_668674,2026-04-28,ATH,KCR,Lucas Erceg,1,0,3,0
mlb_822821,mlb_641778,2026-04-29,TOR,BOS,Eric Lauer,0,1,13,1
mlb_822821,mlb_680755,2026-04-29,TOR,BOS,Braydon Fisher,0,0,5,0
mlb_822821,mlb_667297,2026-04-29,TOR,BOS,Tommy Nance,0,0,2,0
mlb_822821,mlb_573009,2026-04-29,TOR,BOS,Joe Mantiply,0,0,1,0
mlb_822821,mlb_693686,2026-04-29,TOR,BOS,Spencer Miles,0,0,6,0
mlb_822821,mlb_678394,2026-04-29,TOR,BOS,Brayan Bello,1,1,11,4
mlb_822821,mlb_669711,2026-04-29,TOR,BOS,Greg Weissert,1,0,2,2
mlb_822821,mlb_663558,2026-04-29,TOR,BOS,Jovani Morán,1,0,8,1
mlb_822821,mlb_676477,2026-04-29,TOR,BOS,Garrett Whitlock,1,0,3,1
mlb_822907,mlb_543135,2026-04-29,TEX,NYY,Nathan Eovaldi,0,1,21,0
mlb_822907,mlb_656641,2026-04-29,TEX,NYY,Jacob Latz,0,0,6,0
mlb_822907,mlb_695684,2026-04-29,TEX,NYY,Elmer Rodríguez,1,1,12,2
mlb_822907,mlb_687396,2026-04-29,TEX,NYY,Brent Headrick,1,0,4,0
mlb_822907,mlb_656234,2026-04-29,TEX,NYY,Jake Bird,1,0,3,1
mlb_822907,mlb_657612,2026-04-29,TEX,NYY,Tim Hill,1,0,2,0
mlb_822907,mlb_518585,2026-04-29,TEX,NYY,Fernando Cruz,1,0,3,0
mlb_823312,mlb_663362,2026-04-29,SDP,CHC,Matt Waldron,0,1,15,3
mlb_823312,mlb_670970,2026-04-29,SDP,CHC,Adrian Morejon,0,0,2,1
mlb_823312,mlb_699134,2026-04-29,SDP,CHC,Bradgley Rodriguez,0,0,4,0
mlb_823312,mlb_592094,2026-04-29,SDP,CHC,Jason Adam,0,0,3,1
mlb_823312,mlb_695243,2026-04-29,SDP,CHC,Mason Miller,0,0,3,0
mlb_823312,mlb_592791,2026-04-29,SDP,CHC,Jameson Taillon,1,1,21,3
mlb_823312,mlb_656686,2026-04-29,SDP,CHC,Corbin Martin,1,0,0,1
mlb_823312,mlb_676962,2026-04-29,SDP,CHC,Ben Brown,1,0,5,0
mlb_823312,mlb_571948,2026-04-29,SDP,CHC,Hoby Milner,1,0,1,0
mlb_823392,mlb_696149,2026-04-29,PIT,STL,Bubba Chandler,0,1,15,3
mlb_823392,mlb_681895,2026-04-29,PIT,STL,Evan Sisk,0,0,4,1
mlb_823392,mlb_606965,2026-04-29,PIT,STL,Chris Devenski,0,0,2,1
mlb_823392,mlb_642701,2026-04-29,PIT,STL,Dennis Santana,0,0,3,0
mlb_823392,mlb_670990,2026-04-29,PIT,STL,Yohan Ramírez,0,0,3,0
mlb_823392,mlb_669467,2026-04-29,PIT,STL,Andre Pallante,1,1,18,1
mlb_823392,mlb_592773,2026-04-29,PIT,STL,Ryne Stanek,1,0,1,2
mlb_823392,mlb_668941,2026-04-29,PIT,STL,JoJo Romero,1,0,2,0
mlb_823392,mlb_666277,2026-04-29,PIT,STL,George Soriano,1,0,3,1
mlb_823392,mlb_676617,2026-04-29,PIT,STL,Riley O'Brien,1,0,3,0
mlb_823633,mlb_656849,2026-04-29,NYM,WSN,David Peterson,0,1,11,7
mlb_823633,mlb_640455,2026-04-29,NYM,WSN,Sean Manaea,0,0,8,6
mlb_823633,mlb_605218,2026-04-29,NYM,WSN,Carl Edwards Jr.,0,0,8,1
mlb_823633,mlb_676917,2026-04-29,NYM,WSN,Cade Cavalli,1,1,18,2
mlb_823633,mlb_672335,2026-04-29,NYM,WSN,Cionel Pérez,1,0,3,0
mlb_823633,mlb_687606,2026-04-29,NYM,WSN,Paxton Schultz,1,0,3,0
mlb_823633,mlb_676571,2026-04-29,NYM,WSN,PJ Poulin,1,0,3,0
mlb_823717,mlb_671737,2026-04-29,MIN,SEA,Taj Bradley,0,1,21,2
mlb_823717,mlb_607455,2026-04-29,MIN,SEA,Anthony Banda,0,0,3,0
mlb_823717,mlb_679358,2026-04-29,MIN,SEA,Eric Orze,0,0,1,3
mlb_823717,mlb_573124,2026-04-29,MIN,SEA,Taylor Rogers,0,0,2,0
mlb_823717,mlb_669923,2026-04-29,MIN,SEA,George Kirby,1,1,17,2
mlb_823717,mlb_660825,2026-04-29,MIN,SEA,Eduard Bazardo,1,0,2,0
mlb_823717,mlb_678606,2026-04-29,MIN,SEA,Jose A. Ferrer,1,0,2,0
mlb_823717,mlb_666374,2026-04-29,MIN,SEA,Matt Brash,1,0,0,0
mlb_823717,mlb_642100,2026-04-29,MIN,SEA,Gabe Speier,1,0,2,1
mlb_823717,mlb_681867,2026-04-29,MIN,SEA,Cooper Criswell,1,0,1,0
mlb_823717,mlb_662253,2026-04-29,MIN,SEA,Andrés Muñoz,1,0,3,0
mlb_823796,mlb_687075,2026-04-29,MIL,ARI,Brandon Sproat,0,1,13,4
mlb_823796,mlb_669084,2026-04-29,MIL,ARI,DL Hall,0,0,7,0
mlb_823796,mlb_702153,2026-04-29,MIL,ARI,Brian Fitzpatrick,0,0,4,0
mlb_823796,mlb_681982,2026-04-29,MIL,ARI,Grant Anderson,0,0,3,2
mlb_823796,mlb_593958,2026-04-29,MIL,ARI,Eduardo Rodriguez,1,1,14,2
mlb_823796,mlb_656464,2026-04-29,MIL,ARI,Kevin Ginkel,1,0,4,0
mlb_823796,mlb_666661,2026-04-29,MIL,ARI,Juan Morillo,1,0,3,0
mlb_823796,mlb_664199,2026-04-29,MIL,ARI,Taylor Clarke,1,0,3,0
mlb_823796,mlb_623149,2026-04-29,MIL,ARI,Paul Sewald,1,0,3,0
mlb_823958,mlb_607192,2026-04-29,LAD,MIA,Tyler Glasnow,0,1,17,2
mlb_823958,mlb_681911,2026-04-29,LAD,MIA,Alex Vesia,0,0,1,0
mlb_823958,mlb_694361,2026-04-29,LAD,MIA,Will Klein,0,0,6,1
mlb_823958,mlb_669165,2026-04-29,LAD,MIA,Kyle Hurt,0,0,3,0
mlb_823958,mlb_645261,2026-04-29,LAD,MIA,Sandy Alcantara,1,1,18,2
mlb_823958,mlb_677053,2026-04-29,LAD,MIA,Andrew Nardi,1,0,3,0
mlb_823958,mlb_667463,2026-04-29,LAD,MIA,John King,1,0,3,0
mlb_823958,mlb_676534,2026-04-29,LAD,MIA,Calvin Faucher,1,0,3,0
mlb_824445,mlb_668909,2026-04-29,CLE,TBR,Gavin Williams,0,1,23,1
mlb_824445,mlb_681870,2026-04-29,CLE,TBR,Erik Sabrowski,0,0,1,0
mlb_824445,mlb_671922,2026-04-29,CLE,TBR,Cade Smith,0,0,3,0
mlb_824445,mlb_656876,2026-04-29,CLE,TBR,Drew Rasmussen,1,1,15,3
mlb_824445,mlb_668984,2026-04-29,CLE,TBR,Casey Legumina,1,0,3,0
mlb_824445,mlb_672782,2026-04-29,CLE,TBR,Yoendrys Gómez,1,0,6,0
mlb_824525,mlb_682227,2026-04-29,CIN,COL,Brandon Williamson,0,1,9,4
mlb_824525,mlb_682825,2026-04-29,CIN,COL,Luis Mey,0,0,6,1
mlb_824525,mlb_683742,2026-04-29,CIN,COL,Jose Franco,0,0,9,3
mlb_824525,mlb_624431,2026-04-29,CIN,COL,Jose Trevino,0,0,3,5
mlb_824525,mlb_608372,2026-04-29,CIN,COL,Tomoyuki Sugano,1,1,16,0
mlb_824525,mlb_657514,2026-04-29,CIN,COL,Brennan Bernardino,1,0,5,0
mlb_824525,mlb_675848,2026-04-29,CIN,COL,Juan Mejia,1,0,3,0
mlb_824525,mlb_623474,2026-04-29,CIN,COL,Jimmy Herget,1,0,3,2
mlb_824608,mlb_607200,2026-04-29,CHW,LAA,Erick Fedde,0,1,21,2
mlb_824608,mlb_663542,2026-04-29,CHW,LAA,Bryan Hudson,0,0,3,0
mlb_824608,mlb_699823,2026-04-29,CHW,LAA,Tyler Davis,0,0,3,0
mlb_824608,mlb_622554,2026-04-29,CHW,LAA,Seranthony Domínguez,0,0,3,0
mlb_824608,mlb_579328,2026-04-29,CHW,LAA,Yusei Kikuchi,1,1,6,0
mlb_824608,mlb_815083,2026-04-29,CHW,LAA,Mitch Farris,1,0,11,1
mlb_824608,mlb_681217,2026-04-29,CHW,LAA,Chase Silseth,1,0,2,0
mlb_824608,mlb_696147,2026-04-29,CHW,LAA,Sam Bachman,1,0,2,0
mlb_824608,mlb_666171,2026-04-29,CHW,LAA,Ryan Zeferjahn,1,0,6,1
mlb_824608,mlb_519141,2026-04-29,CHW,LAA,Drew Pomeranz,1,0,1,1
mlb_824930,mlb_702275,2026-04-29,ATL,DET,JR Ritchie,0,1,16,3
mlb_824930,mlb_669276,2026-04-29,ATL,DET,Dylan Lee,0,0,5,0
mlb_824930,mlb_625643,2026-04-29,ATL,DET,Reynaldo López,0,0,6,0
mlb_824930,mlb_669373,2026-04-29,ATL,DET,Tarik Skubal,1,1,21,2
mlb_824930,mlb_640448,2026-04-29,ATL,DET,Kyle Finnegan,1,0,3,0
mlb_824930,mlb_445276,2026-04-29,ATL,DET,Kenley Jansen,1,0,0,2
mlb_825015,mlb_622663,2026-04-29,ATH,KCR,Luis Severino,0,1,21,1
mlb_825015,mlb_669270,2026-04-29,ATH,KCR,Joel Kuhnel,0,0,5,1
mlb_825015,mlb_643410,2026-04-29,ATH,KCR,Mark Leiter Jr.,0,0,1,0
mlb_825015,mlb_608379,2026-04-29,ATH,KCR,Michael Wacha,1,1,15,4
mlb_825015,mlb_679883,2026-04-29,ATH,KCR,Luinder Avila,1,0,3,1
mlb_825015,mlb_656638,2026-04-29,ATH,KCR,Alex Lange,1,0,3,0
mlb_825015,mlb_696131,2026-04-29,ATH,KCR,Mason Black,1,0,3,0
mlb_823391,mlb_694973,2026-04-30,PIT,STL,Paul Skenes,0,1,15,5
mlb_823391,mlb_670990,2026-04-30,PIT,STL,Yohan Ramírez,0,0,3,0
mlb_823391,mlb_682254,2026-04-30,PIT,STL,Mason Montgomery,0,0,3,0
mlb_823391,mlb_676755,2026-04-30,PIT,STL,Isaac Mattson,0,0,2,5
mlb_823391,mlb_606965,2026-04-30,PIT,STL,Chris Devenski,0,0,4,0
mlb_823391,mlb_690928,2026-04-30,PIT,STL,Hunter Dobbins,1,1,13,3
mlb_823391,mlb_677865,2026-04-30,PIT,STL,Justin Bruihl,1,0,2,0
mlb_823391,mlb_700669,2026-04-30,PIT,STL,Gordon Graceffo,1,0,4,0
mlb_823391,mlb_668941,2026-04-30,PIT,STL,JoJo Romero,1,0,2,1
mlb_823391,mlb_592773,2026-04-30,PIT,STL,Ryne Stanek,1,0,3,0
mlb_823391,mlb_694335,2026-04-30,PIT,STL,Matt Svanson,1,0,3,1
mlb_823471,mlb_641835,2026-04-30,PHI,SFG,Tim Mayza,0,1,6,0
mlb_823471,mlb_676510,2026-04-30,PHI,SFG,Nolan Hoffman,0,0,6,1
mlb_823471,mlb_680742,2026-04-30,PHI,SFG,Jonathan Bowlan,0,0,3,2
mlb_823471,mlb_670950,2026-04-30,PHI,SFG,Trevor Richards,0,0,7,1
mlb_823471,mlb_641745,2026-04-30,PHI,SFG,Brad Keller,0,0,3,1
mlb_823471,mlb_621237,2026-04-30,PHI,SFG,José Alvarado,0,0,2,0
mlb_823471,mlb_663767,2026-04-30,PHI,SFG,Chase Shugart,0,0,3,0
mlb_823471,mlb_605288,2026-04-30,PHI,SFG,Adrian Houser,1,1,14,3
mlb_823471,mlb_621366,2026-04-30,PHI,SFG,Ryan Borucki,1,0,1,1
mlb_823471,mlb_668873,2026-04-30,PHI,SFG,Caleb Kilian,1,0,6,0
mlb_823471,mlb_676775,2026-04-30,PHI,SFG,Keaton Winn,1,0,6,1
mlb_823471,mlb_657424,2026-04-30,PHI,SFG,Matt Gage,1,0,2,1
mlb_823472,mlb_650911,2026-04-30,PHI,SFG,Cristopher Sánchez,0,1,20,2
mlb_823472,mlb_689147,2026-04-30,PHI,SFG,Orion Kerkering,0,0,2,0
mlb_823472,mlb_621383,2026-04-30,PHI,SFG,Tanner Banks,0,0,4,0
mlb_823472,mlb_663767,2026-04-30,PHI,SFG,Chase Shugart,0,0,1,0
mlb_823472,mlb_657277,2026-04-30,PHI,SFG,Logan Webb,1,1,21,1
mlb_823472,mlb_669062,2026-04-30,PHI,SFG,Erik Miller,1,0,3,0
mlb_823472,mlb_676254,2026-04-30,PHI,SFG,Ryan Walker,1,0,2,2
mlb_823634,mlb_642547,2026-04-30,NYM,WSN,Freddy Peralta,0,1,18,3
mlb_823634,mlb_548384,2026-04-30,NYM,WSN,Brooks Raley,0,0,3,0
mlb_823634,mlb_596133,2026-04-30,NYM,WSN,Luke Weaver,0,0,3,2
mlb_823634,mlb_642207,2026-04-30,NYM,WSN,Devin Williams,0,0,3,0
mlb_823634,mlb_571945,2026-04-30,NYM,WSN,Miles Mikolas,1,1,12,3
mlb_823634,mlb_680730,2026-04-30,NYM,WSN,Mitchell Parker,1,0,9,1
mlb_823634,mlb_663992,2026-04-30,NYM,WSN,Richard Lovelady,1,0,2,0
mlb_823634,mlb_681402,2026-04-30,NYM,WSN,Gus Varland,1,0,4,0
mlb_823714,mlb_641927,2026-04-30,MIN,TOR,Bailey Ober,0,1,18,1
mlb_823714,mlb_607455,2026-04-30,MIN,TOR,Anthony Banda,0,0,2,0
mlb_823714,mlb_702193,2026-04-30,MIN,TOR,Andrew Morris,0,0,4,0
mlb_823714,mlb_623437,2026-04-30,MIN,TOR,Justin Topa,0,0,3,0
mlb_823714,mlb_592332,2026-04-30,MIN,TOR,Kevin Gausman,1,1,17,4
mlb_823714,mlb_667297,2026-04-30,MIN,TOR,Tommy Nance,1,0,4,0
mlb_823714,mlb_689254,2026-04-30,MIN,TOR,Mason Fluharty,1,0,1,3
mlb_823714,mlb_573009,2026-04-30,MIN,TOR,Joe Mantiply,1,0,2,0
mlb_823795,mlb_605540,2026-04-30,MIL,ARI,Brandon Woodruff,0,1,4,0
mlb_823795,mlb_681982,2026-04-30,MIL,ARI,Grant Anderson,0,0,2,0
mlb_823795,mlb_675660,2026-04-30,MIL,ARI,Shane Drohan,0,0,12,1
mlb_823795,mlb_656730,2026-04-30,MIL,ARI,Trevor Megill,0,0,3,0
mlb_823795,mlb_702153,2026-04-30,MIL,ARI,Brian Fitzpatrick,0,0,3,0
mlb_823795,mlb_663765,2026-04-30,MIL,ARI,Jake Woodford,0,0,3,0
mlb_823795,mlb_647336,2026-04-30,MIL,ARI,Michael Soroka,1,1,9,8
mlb_823795,mlb_691769,2026-04-30,MIL,ARI,Philip Abner,1,0,7,2
mlb_823795,mlb_642528,2026-04-30,MIL,ARI,Jonathan Loáisiga,1,0,2,1
mlb_823795,mlb_694297,2026-04-30,MIL,ARI,Brandon Pfaadt,1,0,3,1
mlb_823795,mlb_543510,2026-04-30,MIL,ARI,James McCann,1,0,3,1
mlb_824524,mlb_671096,2026-04-30,CIN,COL,Andrew Abbott,0,1,18,2
mlb_824524,mlb_683175,2026-04-30,CIN,COL,Connor Phillips,0,0,3,0
mlb_824524,mlb_663574,2026-04-30,CIN,COL,Tony Santillan,0,0,3,0
mlb_824524,mlb_641941,2026-04-30,CIN,COL,Emilio Pagán,0,0,3,2
mlb_824524,mlb_547179,2026-04-30,CIN,COL,Michael Lorenzen,1,1,16,4
mlb_824524,mlb_622608,2026-04-30,CIN,COL,Antonio Senzatela,1,0,5,0
mlb_824524,mlb_680767,2026-04-30,CIN,COL,Victor Vodnik,1,0,3,2
mlb_824848,mlb_605135,2026-04-30,BAL,HOU,Chris Bassitt,0,1,20,1
mlb_824848,mlb_670329,2026-04-30,BAL,HOU,Rico Garcia,0,0,1,0
mlb_824848,mlb_689296,2026-04-30,BAL,HOU,Anthony Nunez,0,0,3,2
mlb_824848,mlb_664744,2026-04-30,BAL,HOU,Jose Espada,0,0,3,0
mlb_824848,mlb_663567,2026-04-30,BAL,HOU,Peter Lambert,1,1,13,2
mlb_824848,mlb_595345,2026-04-30,BAL,HOU,Steven Okert,1,0,2,3
mlb_824848,mlb_805123,2026-04-30,BAL,HOU,AJ Blubaugh,1,0,3,0
mlb_824848,mlb_669920,2026-04-30,BAL,HOU,Jason Alexander,1,0,6,5
mlb_824850,mlb_687064,2026-04-30,BAL,HOU,Brandon Young,0,1,12,10
mlb_824850,mlb_671382,2026-04-30,BAL,HOU,Cameron Foster,0,0,6,1
mlb_824850,mlb_669211,2026-04-30,BAL,HOU,Keegan Akin,0,0,3,0
mlb_824850,mlb_669330,2026-04-30,BAL,HOU,Tyler Wells,0,0,3,0
mlb_824850,mlb_666974,2026-04-30,BAL,HOU,Yennier Cano,0,0,3,0
mlb_824850,mlb_621121,2026-04-30,BAL,HOU,Lance McCullers Jr.,1,1,18,3
mlb_824850,mlb_650556,2026-04-30,BAL,HOU,Bryan Abreu,1,0,3,1
mlb_824850,mlb_660853,2026-04-30,BAL,HOU,Enyel De Los Santos,1,0,3,0
mlb_824850,mlb_675989,2026-04-30,BAL,HOU,Cody Bolton,1,0,3,1
mlb_824929,mlb_693821,2026-04-30,ATL,DET,Bryce Elder,0,1,18,1
mlb_824929,mlb_641755,2026-04-30,ATL,DET,Tyler Kinley,0,0,3,0
mlb_824929,mlb_606303,2026-04-30,ATL,DET,Joel Payamps,0,0,1,2
mlb_824929,mlb_607481,2026-04-30,ATL,DET,Aaron Bummer,0,0,2,0
mlb_824929,mlb_660761,2026-04-30,ATL,DET,José Suarez,0,0,3,2
mlb_824929,mlb_664285,2026-04-30,ATL,DET,Framber Valdez,1,1,18,2
mlb_824929,mlb_623454,2026-04-30,ATL,DET,Drew Anderson,1,0,6,0
mlb_824929,mlb_640448,2026-04-30,ATL,DET,Kyle Finnegan,1,0,3,0
mlb_825016,mlb_605488,2026-04-30,ATH,KCR,Jeffrey Springs,0,1,9,2
mlb_825016,mlb_665622,2026-04-30,ATH,KCR,Luis Medina,0,0,8,0
mlb_825016,mlb_605130,2026-04-30,ATH,KCR,Scott Barlow,0,0,3,0
mlb_825016,mlb_669620,2026-04-30,ATH,KCR,Brady Basso,0,0,4,1
mlb_825016,mlb_678022,2026-04-30,ATH,KCR,Jack Perkins,0,0,3,0
mlb_825016,mlb_702070,2026-04-30,ATH,KCR,Noah Cameron,1,1,16,5
mlb_825016,mlb_670167,2026-04-30,ATH,KCR,John Schreiber,1,0,5,1
mlb_825016,mlb_656638,2026-04-30,ATH,KCR,Alex Lange,1,0,3,0
mlb_822744,mlb_663623,2026-05-01,WSN,MIL,Jake Irvin,0,1,15,4
mlb_822744,mlb_672335,2026-05-01,WSN,MIL,Cionel Pérez,0,0,6,0
mlb_822744,mlb_701552,2026-05-01,WSN,MIL,Andre Granillo,0,0,3,2
mlb_822744,mlb_687606,2026-05-01,WSN,MIL,Paxton Schultz,0,0,3,0
mlb_822744,mlb_694819,2026-05-01,WSN,MIL,Jacob Misiorowski,1,1,16,0
mlb_822744,mlb_676879,2026-05-01,WSN,MIL,Aaron Ashby,1,0,8,1
mlb_822744,mlb_668834,2026-05-01,WSN,MIL,Easton McGee,1,0,3,0
mlb_822990,mlb_663556,2026-05-01,TBR,SFG,Shane McClanahan,0,1,18,0
mlb_822990,mlb_693855,2026-05-01,TBR,SFG,Ian Seymour,0,0,3,0
mlb_822990,mlb_642121,2026-05-01,TBR,SFG,Cole Sulser,0,0,3,0
mlb_822990,mlb_641329,2026-05-01,TBR,SFG,Bryan Baker,0,0,3,0
mlb_822990,mlb_592662,2026-05-01,TBR,SFG,Robbie Ray,1,1,19,3
mlb_822990,mlb_664141,2026-05-01,TBR,SFG,JT Brubaker,1,0,5,0
mlb_823066,mlb_669461,2026-05-01,STL,LAD,Matthew Liberatore,0,1,17,2
mlb_823066,mlb_666277,2026-05-01,STL,LAD,George Soriano,0,0,4,0
mlb_823066,mlb_700669,2026-05-01,STL,LAD,Gordon Graceffo,0,0,3,0
mlb_823066,mlb_694335,2026-05-01,STL,LAD,Matt Svanson,0,0,3,0
mlb_823066,mlb_686218,2026-05-01,STL,LAD,Emmet Sheehan,1,1,14,4
mlb_823066,mlb_676263,2026-05-01,STL,LAD,Jack Dreyer,1,0,4,0
mlb_823066,mlb_683618,2026-05-01,STL,LAD,Edgardo Henriquez,1,0,3,3
mlb_823066,mlb_669165,2026-05-01,STL,LAD,Kyle Hurt,1,0,3,0
mlb_823146,mlb_693433,2026-05-01,SEA,KCR,Bryan Woo,0,1,18,6
mlb_823146,mlb_677961,2026-05-01,SEA,KCR,Cole Wilcox,0,0,3,0
mlb_823146,mlb_678606,2026-05-01,SEA,KCR,Jose A. Ferrer,0,0,3,1
mlb_823146,mlb_695380,2026-05-01,SEA,KCR,Alex Hoppe,0,0,3,0
mlb_823146,mlb_666142,2026-05-01,SEA,KCR,Cole Ragans,1,1,16,4
mlb_823146,mlb_683232,2026-05-01,SEA,KCR,Nick Mears,1,0,2,0
mlb_823146,mlb_663738,2026-05-01,SEA,KCR,Daniel Lynch IV,1,0,3,2
mlb_823146,mlb_621381,2026-05-01,SEA,KCR,Matt Strahm,1,0,3,0
mlb_823146,mlb_668674,2026-05-01,SEA,KCR,Lucas Erceg,1,0,3,0
mlb_823309,mlb_608566,2026-05-01,SDP,CHW,Germán Márquez,0,1,15,7
mlb_823309,mlb_593974,2026-05-01,SDP,CHW,Wandy Peralta,0,0,6,0
mlb_823309,mlb_676760,2026-05-01,SDP,CHW,Ron Marinaccio,0,0,6,1
mlb_823309,mlb_702273,2026-05-01,SDP,CHW,Noah Schultz,1,1,18,0
mlb_823309,mlb_699823,2026-05-01,SDP,CHW,Tyler Davis,1,0,3,0
mlb_823309,mlb_674370,2026-05-01,SDP,CHW,Osvaldo Bido,1,0,3,2
mlb_823309,mlb_663855,2026-05-01,SDP,CHW,Jordan Hicks,1,0,3,0
mlb_823389,mlb_656605,2026-05-01,PIT,CIN,Mitch Keller,0,1,21,1
mlb_823389,mlb_664875,2026-05-01,PIT,CIN,Justin Lawrence,0,0,3,0
mlb_823389,mlb_681895,2026-05-01,PIT,CIN,Evan Sisk,0,0,3,0
mlb_823389,mlb_663903,2026-05-01,PIT,CIN,Brady Singer,1,1,10,4
mlb_823389,mlb_687209,2026-05-01,PIT,CIN,Zach Maxwell,1,0,3,4
mlb_823389,mlb_594580,2026-05-01,PIT,CIN,Sam Moll,1,0,2,0
mlb_823389,mlb_572955,2026-05-01,PIT,CIN,Pierce Johnson,1,0,3,1
mlb_823389,mlb_682825,2026-05-01,PIT,CIN,Luis Mey,1,0,3,0
mlb_823389,mlb_624431,2026-05-01,PIT,CIN,Jose Trevino,1,0,3,0
mlb_823557,mlb_701542,2026-05-01,NYY,BAL,Will Warren,0,1,19,2
mlb_823557,mlb_518585,2026-05-01,NYY,BAL,Fernando Cruz,0,0,2,0
mlb_823557,mlb_666808,2026-05-01,NYY,BAL,Camilo Doval,0,0,3,0
mlb_823557,mlb_656234,2026-05-01,NYY,BAL,Jake Bird,0,0,3,0
mlb_823557,mlb_700249,2026-05-01,NYY,BAL,Cade Povich,1,1,12,5
mlb_823557,mlb_544150,2026-05-01,NYY,BAL,Albert Suárez,1,0,8,1
mlb_823557,mlb_669330,2026-05-01,NYY,BAL,Tyler Wells,1,0,4,1
mlb_823713,mlb_680573,2026-05-01,MIN,TOR,Simeon Woods Richardson,0,1,14,6
mlb_823713,mlb_573124,2026-05-01,MIN,TOR,Taylor Rogers,0,0,3,0
mlb_823713,mlb_679358,2026-05-01,MIN,TOR,Eric Orze,0,0,7,1
mlb_823713,mlb_472610,2026-05-01,MIN,TOR,Luis García,0,0,3,0
mlb_823713,mlb_571578,2026-05-01,MIN,TOR,Patrick Corbin,1,1,16,2
mlb_823713,mlb_680755,2026-05-01,MIN,TOR,Braydon Fisher,1,0,2,0
mlb_823713,mlb_656546,2026-05-01,MIN,TOR,Jeff Hoffman,1,0,3,1
mlb_823713,mlb_643511,2026-05-01,MIN,TOR,Tyler Rogers,1,0,3,0
mlb_823713,mlb_686973,2026-05-01,MIN,TOR,Louis Varland,1,0,3,0
mlb_823877,mlb_691587,2026-05-01,MIA,PHI,Eury Pérez,0,1,15,2
mlb_823877,mlb_806188,2026-05-01,MIA,PHI,Cade Gibson,0,0,5,4
mlb_823877,mlb_669199,2026-05-01,MIA,PHI,Lake Bachar,0,0,7,0
mlb_823877,mlb_554430,2026-05-01,MIA,PHI,Zack Wheeler,1,1,18,1
mlb_823877,mlb_689147,2026-05-01,MIA,PHI,Orion Kerkering,1,0,3,0
mlb_823877,mlb_680742,2026-05-01,MIA,PHI,Jonathan Bowlan,1,0,2,3
mlb_823877,mlb_621237,2026-05-01,MIA,PHI,José Alvarado,1,0,1,0
mlb_823877,mlb_641745,2026-05-01,MIA,PHI,Brad Keller,1,0,3,1
mlb_824041,mlb_700712,2026-05-01,LAA,NYM,Walbert Ureña,0,1,15,1
mlb_824041,mlb_608718,2026-05-01,LAA,NYM,Brent Suter,0,0,2,2
mlb_824041,mlb_681217,2026-05-01,LAA,NYM,Chase Silseth,0,0,1,0
mlb_824041,mlb_820862,2026-05-01,LAA,NYM,José Fermin,0,0,3,1
mlb_824041,mlb_680704,2026-05-01,LAA,NYM,Nick Sandlin,0,0,6,0
mlb_824041,mlb_681035,2026-05-01,LAA,NYM,Christian Scott,1,1,15,3
mlb_824041,mlb_623211,2026-05-01,LAA,NYM,Huascar Brazobán,1,0,3,0
mlb_824041,mlb_548384,2026-05-01,LAA,NYM,Brooks Raley,1,0,3,0
mlb_824041,mlb_596133,2026-05-01,LAA,NYM,Luke Weaver,1,0,3,0
mlb_824041,mlb_642207,2026-05-01,LAA,NYM,Devin Williams,1,0,3,0
mlb_824287,mlb_656427,2026-05-01,DET,TEX,Jack Flaherty,0,1,11,4
mlb_824287,mlb_646241,2026-05-01,DET,TEX,Enmanuel De Jesus,0,0,4,0
mlb_824287,mlb_669724,2026-05-01,DET,TEX,Brenan Hanifee,0,0,3,0
mlb_824287,mlb_676428,2026-05-01,DET,TEX,Brant Hurter,0,0,3,0
mlb_824287,mlb_572143,2026-05-01,DET,TEX,Burch Smith,0,0,6,1
mlb_824287,mlb_669022,2026-05-01,DET,TEX,MacKenzie Gore,1,1,11,3
mlb_824287,mlb_668390,2026-05-01,DET,TEX,Cole Winn,1,0,2,1
mlb_824287,mlb_656222,2026-05-01,DET,TEX,Jalen Beeks,1,0,5,0
mlb_824287,mlb_641302,2026-05-01,DET,TEX,Tyler Alexander,1,0,3,0
mlb_824287,mlb_596001,2026-05-01,DET,TEX,Jakob Junis,1,0,3,0
mlb_824287,mlb_656641,2026-05-01,DET,TEX,Jacob Latz,1,0,3,0
mlb_824366,mlb_500779,2026-05-01,COL,ATL,Jose Quintana,0,1,18,1
mlb_824366,mlb_688642,2026-05-01,COL,ATL,Zach Agnos,0,0,4,3
mlb_824366,mlb_677955,2026-05-01,COL,ATL,Jaden Hill,0,0,2,2
mlb_824366,mlb_675848,2026-05-01,COL,ATL,Juan Mejia,0,0,3,2
mlb_824366,mlb_656550,2026-05-01,COL,ATL,Grant Holmes,1,1,15,6
mlb_824366,mlb_683627,2026-05-01,COL,ATL,Anthony Molina,1,0,6,0
mlb_824366,mlb_800311,2026-05-01,COL,ATL,Didier Fuentes,1,0,3,0
mlb_824366,mlb_663158,2026-05-01,COL,ATL,Robert Suarez,1,0,3,0
mlb_824686,mlb_607067,2026-05-01,CHC,ARI,Colin Rea,0,1,16,2
mlb_824686,mlb_669020,2026-05-01,CHC,ARI,Ryan Rolison,0,0,2,3
mlb_824686,mlb_664208,2026-05-01,CHC,ARI,Phil Maton,0,0,3,0
mlb_824686,mlb_657097,2026-05-01,CHC,ARI,Jacob Webb,0,0,6,0
mlb_824686,mlb_668678,2026-05-01,CHC,ARI,Zac Gallen,1,1,11,6
mlb_824686,mlb_657044,2026-05-01,CHC,ARI,Ryan Thompson,1,0,4,0
mlb_824686,mlb_805299,2026-05-01,CHC,ARI,Brandyn Garcia,1,0,6,0
mlb_824686,mlb_656464,2026-05-01,CHC,ARI,Kevin Ginkel,1,0,3,0
mlb_824772,mlb_687562,2026-05-01,BOS,HOU,Jake Bennett,0,1,15,1
mlb_824772,mlb_677161,2026-05-01,BOS,HOU,Zack Kelly,0,0,4,0
mlb_824772,mlb_543056,2026-05-01,BOS,HOU,Danny Coulombe,0,0,2,0
mlb_824772,mlb_676477,2026-05-01,BOS,HOU,Garrett Whitlock,0,0,3,0
mlb_824772,mlb_547973,2026-05-01,BOS,HOU,Aroldis Chapman,0,0,3,0
mlb_824772,mlb_681347,2026-05-01,BOS,HOU,Mike Burrows,1,1,18,3
mlb_824772,mlb_656986,2026-05-01,BOS,HOU,Bennett Sousa,1,0,3,0
mlb_824772,mlb_687911,2026-05-01,BOS,HOU,Bryan King,1,0,3,0
mlb_825012,mlb_669372,2026-05-01,ATH,CLE,J.T. Ginn,0,1,13,5
mlb_825012,mlb_663687,2026-05-01,ATH,CLE,Hogan Harris,0,0,4,0
mlb_825012,mlb_686993,2026-05-01,ATH,CLE,Justin Sterner,0,0,3,2
mlb_825012,mlb_669620,2026-05-01,ATH,CLE,Brady Basso,0,0,2,1
mlb_825012,mlb_669270,2026-05-01,ATH,CLE,Joel Kuhnel,0,0,5,0
mlb_825012,mlb_676282,2026-05-01,ATH,CLE,Joey Cantillo,1,1,12,4
mlb_825012,mlb_682120,2026-05-01,ATH,CLE,Tim Herrin,1,0,3,0
mlb_825012,mlb_670036,2026-05-01,ATH,CLE,Matt Festa,1,0,3,0
mlb_825012,mlb_683769,2026-05-01,ATH,CLE,Hunter Gaddis,1,0,0,1
mlb_825012,mlb_681870,2026-05-01,ATH,CLE,Erik Sabrowski,1,0,3,0
mlb_825012,mlb_641401,2026-05-01,ATH,CLE,Connor Brogdon,1,0,2,0
mlb_825012,mlb_671922,2026-05-01,ATH,CLE,Cade Smith,1,0,4,0
mlb_822746,mlb_656492,2026-05-02,WSN,MIL,Foster Griffin,0,1,18,3
mlb_822746,mlb_695418,2026-05-02,WSN,MIL,Brad Lord,0,0,6,1
mlb_822746,mlb_687377,2026-05-02,WSN,MIL,Orlando Ribalta,0,0,3,0
mlb_822746,mlb_690986,2026-05-02,WSN,MIL,Kyle Harrison,1,1,18,1
mlb_822746,mlb_681982,2026-05-02,WSN,MIL,Grant Anderson,1,0,2,0
mlb_822746,mlb_669084,2026-05-02,WSN,MIL,DL Hall,1,0,1,0
mlb_822746,mlb_656730,2026-05-02,WSN,MIL,Trevor Megill,1,0,3,0
mlb_822746,mlb_682842,2026-05-02,WSN,MIL,Abner Uribe,1,0,3,0
mlb_822988,mlb_643377,2026-05-02,TBR,SFG,Griffin Jax,0,1,8,0
mlb_822988,mlb_669947,2026-05-02,TBR,SFG,Jesse Scholtens,0,0,9,1
mlb_822988,mlb_687330,2026-05-02,TBR,SFG,Kevin Kelly,0,0,4,0
mlb_822988,mlb_664076,2026-05-02,TBR,SFG,Garrett Cleavinger,0,0,3,0
mlb_822988,mlb_668984,2026-05-02,TBR,SFG,Casey Legumina,0,0,3,0
mlb_822988,mlb_694738,2026-05-02,TBR,SFG,Landen Roupp,1,1,13,4
mlb_822988,mlb_657424,2026-05-02,TBR,SFG,Matt Gage,1,0,2,0
mlb_822988,mlb_621366,2026-05-02,TBR,SFG,Ryan Borucki,1,0,4,0
mlb_822988,mlb_666619,2026-05-02,TBR,SFG,Gregory Santos,1,0,5,1
mlb_823067,mlb_700241,2026-05-02,STL,LAD,Michael McGreevy,0,1,18,0
mlb_823067,mlb_592773,2026-05-02,STL,LAD,Ryne Stanek,0,0,3,0
mlb_823067,mlb_668941,2026-05-02,STL,LAD,JoJo Romero,0,0,3,0
mlb_823067,mlb_676617,2026-05-02,STL,LAD,Riley O'Brien,0,0,3,2
mlb_823067,mlb_808963,2026-05-02,STL,LAD,Roki Sasaki,1,1,18,3
mlb_823067,mlb_681911,2026-05-02,STL,LAD,Alex Vesia,1,0,3,0
mlb_823067,mlb_671109,2026-05-02,STL,LAD,Jake Eder,1,0,3,0
mlb_823144,mlb_676106,2026-05-02,SEA,KCR,Emerson Hancock,0,1,21,1
mlb_823144,mlb_660825,2026-05-02,SEA,KCR,Eduard Bazardo,0,0,3,0
mlb_823144,mlb_662253,2026-05-02,SEA,KCR,Andrés Muñoz,0,0,3,1
mlb_823144,mlb_681867,2026-05-02,SEA,KCR,Cooper Criswell,0,0,3,1
mlb_823144,mlb_607625,2026-05-02,SEA,KCR,Seth Lugo,1,1,18,2
mlb_823144,mlb_679883,2026-05-02,SEA,KCR,Luinder Avila,1,0,6,0
mlb_823144,mlb_621381,2026-05-02,SEA,KCR,Matt Strahm,1,0,3,0
mlb_823144,mlb_668674,2026-05-02,SEA,KCR,Lucas Erceg,1,0,3,0
mlb_823308,mlb_650633,2026-05-02,SDP,CHW,Michael King,0,1,18,4
mlb_823308,mlb_699134,2026-05-02,SDP,CHW,Bradgley Rodriguez,0,0,3,0
mlb_823308,mlb_606996,2026-05-02,SDP,CHW,Kyle Hart,0,0,3,0
mlb_823308,mlb_669093,2026-05-02,SDP,CHW,Jeremiah Estrada,0,0,3,0
mlb_823308,mlb_680732,2026-05-02,SDP,CHW,Sean Burke,1,1,18,0
mlb_823308,mlb_663542,2026-05-02,SDP,CHW,Bryan Hudson,1,0,3,0
mlb_823308,mlb_691799,2026-05-02,SDP,CHW,Grant Taylor,1,0,4,0
mlb_823308,mlb_622554,2026-05-02,SDP,CHW,Seranthony Domínguez,1,0,2,0
mlb_823388,mlb_669387,2026-05-02,PIT,CIN,Carmen Mlodzinski,0,1,17,5
mlb_823388,mlb_606965,2026-05-02,PIT,CIN,Chris Devenski,0,0,1,1
mlb_823388,mlb_670990,2026-05-02,PIT,CIN,Yohan Ramírez,0,0,6,1
mlb_823388,mlb_642397,2026-05-02,PIT,CIN,Gregory Soto,0,0,3,0
mlb_823388,mlb_695076,2026-05-02,PIT,CIN,Rhett Lowder,1,1,4,8
mlb_823388,mlb_683175,2026-05-02,PIT,CIN,Connor Phillips,1,0,0,2
mlb_823388,mlb_594580,2026-05-02,PIT,CIN,Sam Moll,1,0,5,0
mlb_823388,mlb_656271,2026-05-02,PIT,CIN,Brock Burke,1,0,3,5
mlb_823388,mlb_668933,2026-05-02,PIT,CIN,Graham Ashcraft,1,0,3,0
mlb_823388,mlb_683742,2026-05-02,PIT,CIN,Jose Franco,1,0,3,0
mlb_823388,mlb_624431,2026-05-02,PIT,CIN,Jose Trevino,1,0,6,2
mlb_823554,mlb_677960,2026-05-02,NYY,BAL,Ryan Weathers,0,1,15,3
mlb_823554,mlb_656234,2026-05-02,NYY,BAL,Jake Bird,0,0,3,0
mlb_823554,mlb_666808,2026-05-02,NYY,BAL,Camilo Doval,0,0,2,1
mlb_823554,mlb_657612,2026-05-02,NYY,BAL,Tim Hill,0,0,1,0
mlb_823554,mlb_621112,2026-05-02,NYY,BAL,Paul Blackburn,0,0,6,0
mlb_823554,mlb_680694,2026-05-02,NYY,BAL,Kyle Bradish,1,1,12,5
mlb_823554,mlb_669211,2026-05-02,NYY,BAL,Keegan Akin,1,0,3,1
mlb_823554,mlb_664991,2026-05-02,NYY,BAL,Grant Wolfram,1,0,3,0
mlb_823554,mlb_689296,2026-05-02,NYY,BAL,Anthony Nunez,1,0,0,3
mlb_823554,mlb_608650,2026-05-02,NYY,BAL,Dietrich Enns,1,0,3,0
mlb_823554,mlb_675919,2026-05-02,NYY,BAL,Nick Raquet,1,0,3,0
mlb_823715,mlb_687570,2026-05-02,MIN,TOR,Connor Prielipp,0,1,15,2
mlb_823715,mlb_623437,2026-05-02,MIN,TOR,Justin Topa,0,0,2,1
mlb_823715,mlb_681892,2026-05-02,MIN,TOR,Kody Funderburk,0,0,4,0
mlb_823715,mlb_472610,2026-05-02,MIN,TOR,Luis García,0,0,0,4
mlb_823715,mlb_607455,2026-05-02,MIN,TOR,Anthony Banda,0,0,3,4
mlb_823715,mlb_804619,2026-05-02,MIN,TOR,John Klein,0,0,3,0
mlb_823715,mlb_656302,2026-05-02,MIN,TOR,Dylan Cease,1,1,21,4
mlb_823715,mlb_689254,2026-05-02,MIN,TOR,Mason Fluharty,1,0,3,0
mlb_823715,mlb_693686,2026-05-02,MIN,TOR,Spencer Miles,1,0,3,0
mlb_823876,mlb_676974,2026-05-02,MIA,PHI,Max Meyer,0,1,21,0
mlb_823876,mlb_669622,2026-05-02,MIA,PHI,Anthony Bender,0,0,3,0
mlb_823876,mlb_677053,2026-05-02,MIA,PHI,Andrew Nardi,0,0,3,0
mlb_823876,mlb_691725,2026-05-02,MIA,PHI,Andrew Painter,1,1,15,3
mlb_823876,mlb_621383,2026-05-02,MIA,PHI,Tanner Banks,1,0,3,1
mlb_823876,mlb_670950,2026-05-02,MIA,PHI,Trevor Richards,1,0,6,0
mlb_824042,mlb_672282,2026-05-02,LAA,NYM,Reid Detmers,0,1,19,3
mlb_824042,mlb_696147,2026-05-02,LAA,NYM,Sam Bachman,0,0,5,0
mlb_824042,mlb_666171,2026-05-02,LAA,NYM,Ryan Zeferjahn,0,0,6,0
mlb_824042,mlb_690997,2026-05-02,LAA,NYM,Nolan McLean,1,1,12,3
mlb_824042,mlb_668964,2026-05-02,LAA,NYM,Tobias Myers,1,0,8,0
mlb_824042,mlb_623211,2026-05-02,LAA,NYM,Huascar Brazobán,1,0,4,0
mlb_824042,mlb_518886,2026-05-02,LAA,NYM,Craig Kimbrel,1,0,3,0
mlb_824042,mlb_681810,2026-05-02,LAA,NYM,Austin Warren,1,0,2,1
mlb_824284,mlb_672456,2026-05-02,DET,TEX,Keider Montero,0,1,20,1
mlb_824284,mlb_623454,2026-05-02,DET,TEX,Drew Anderson,0,0,7,0
mlb_824284,mlb_677958,2026-05-02,DET,TEX,Kumar Rocker,1,1,6,5
mlb_824284,mlb_615698,2026-05-02,DET,TEX,Cal Quantrill,1,0,9,0
mlb_824284,mlb_682608,2026-05-02,DET,TEX,Peyton Gray,1,0,6,0
mlb_824284,mlb_686560,2026-05-02,DET,TEX,Gavin Collyer,1,0,3,0
mlb_824365,mlb_657514,2026-05-02,COL,ATL,Brennan Bernardino,0,1,2,2
mlb_824365,mlb_801403,2026-05-02,COL,ATL,Chase Dollander,0,0,16,6
mlb_824365,mlb_685299,2026-05-02,COL,ATL,Tanner Gordon,0,0,9,1
mlb_824365,mlb_519242,2026-05-02,COL,ATL,Chris Sale,1,1,21,1
mlb_824365,mlb_669276,2026-05-02,COL,ATL,Dylan Lee,1,0,3,0
mlb_824365,mlb_676702,2026-05-02,COL,ATL,Hunter Stratton,1,0,3,0
mlb_824685,mlb_684007,2026-05-02,CHC,ARI,Shota Imanaga,0,1,21,0
mlb_824685,mlb_676962,2026-05-02,CHC,ARI,Ben Brown,0,0,6,0
mlb_824685,mlb_669194,2026-05-02,CHC,ARI,Ryne Nelson,1,1,17,1
mlb_824685,mlb_656464,2026-05-02,CHC,ARI,Kevin Ginkel,1,0,1,0
mlb_824685,mlb_664199,2026-05-02,CHC,ARI,Taylor Clarke,1,0,2,0
mlb_824685,mlb_666661,2026-05-02,CHC,ARI,Juan Morillo,1,0,3,1
mlb_824685,mlb_642528,2026-05-02,CHC,ARI,Jonathan Loáisiga,1,0,1,0
mlb_824771,mlb_813349,2026-05-02,BOS,HOU,Connelly Early,0,1,12,5
mlb_824771,mlb_670245,2026-05-02,BOS,HOU,Ryan Watson,0,0,9,1
mlb_824771,mlb_701719,2026-05-02,BOS,HOU,Tyler Samaniego,0,0,6,0
mlb_824771,mlb_681293,2026-05-02,BOS,HOU,Spencer Arrighetti,1,1,15,1
mlb_824771,mlb_660853,2026-05-02,BOS,HOU,Enyel De Los Santos,1,0,5,1
mlb_824771,mlb_656986,2026-05-02,BOS,HOU,Bennett Sousa,1,0,0,1
mlb_824771,mlb_678906,2026-05-02,BOS,HOU,Kai-Wei Teng,1,0,4,0
mlb_824771,mlb_687911,2026-05-02,BOS,HOU,Bryan King,1,0,3,0
mlb_825014,mlb_682052,2026-05-02,ATH,CLE,Jacob Lopez,0,1,16,6
mlb_825014,mlb_605130,2026-05-02,ATH,CLE,Scott Barlow,0,0,4,2
mlb_825014,mlb_663687,2026-05-02,ATH,CLE,Hogan Harris,0,0,1,1
mlb_825014,mlb_806960,2026-05-02,ATH,CLE,Luis Morales,0,0,6,5
mlb_825014,mlb_677944,2026-05-02,ATH,CLE,Slade Cecconi,1,1,16,5
mlb_825014,mlb_670036,2026-05-02,ATH,CLE,Matt Festa,1,0,2,0
mlb_825014,mlb_682120,2026-05-02,ATH,CLE,Tim Herrin,1,0,3,0
mlb_825014,mlb_683769,2026-05-02,ATH,CLE,Hunter Gaddis,1,0,1,1
mlb_825014,mlb_670059,2026-05-02,ATH,CLE,Colin Holderman,1,0,5,0
mlb_822742,mlb_676571,2026-05-03,WSN,MIL,PJ Poulin,0,1,6,0
mlb_822742,mlb_641793,2026-05-03,WSN,MIL,Zack Littell,0,0,11,1
mlb_822742,mlb_680730,2026-05-03,WSN,MIL,Mitchell Parker,0,0,6,0
mlb_822742,mlb_681402,2026-05-03,WSN,MIL,Gus Varland,0,0,2,1
mlb_822742,mlb_663992,2026-05-03,WSN,MIL,Richard Lovelady,0,0,2,0
mlb_822742,mlb_701656,2026-05-03,WSN,MIL,Logan Henderson,1,1,18,2
mlb_822742,mlb_702153,2026-05-03,WSN,MIL,Brian Fitzpatrick,1,0,4,1
mlb_822742,mlb_663765,2026-05-03,WSN,MIL,Jake Woodford,1,0,2,0
mlb_822987,mlb_571927,2026-05-03,TBR,SFG,Steven Matz,0,1,18,1
mlb_822987,mlb_685801,2026-05-03,TBR,SFG,Hunter Bigge,0,0,6,0
mlb_822987,mlb_641329,2026-05-03,TBR,SFG,Bryan Baker,0,0,3,0
mlb_822987,mlb_693855,2026-05-03,TBR,SFG,Ian Seymour,0,0,3,0
mlb_822987,mlb_641816,2026-05-03,TBR,SFG,Tyler Mahle,1,1,16,0
mlb_822987,mlb_657424,2026-05-03,TBR,SFG,Matt Gage,1,0,2,0
mlb_822987,mlb_676775,2026-05-03,TBR,SFG,Keaton Winn,1,0,3,0
mlb_822987,mlb_676254,2026-05-03,TBR,SFG,Ryan Walker,1,0,3,1
mlb_822987,mlb_668873,2026-05-03,TBR,SFG,Caleb Kilian,1,0,3,1
mlb_823065,mlb_669160,2026-05-03,STL,LAD,Dustin May,0,1,18,3
mlb_823065,mlb_677865,2026-05-03,STL,LAD,Justin Bruihl,0,0,3,0
mlb_823065,mlb_694363,2026-05-03,STL,LAD,Jared Shuster,0,0,6,1
mlb_823065,mlb_680736,2026-05-03,STL,LAD,Justin Wrobleski,1,1,18,0
mlb_823065,mlb_694361,2026-05-03,STL,LAD,Will Klein,1,0,5,1
mlb_823065,mlb_595014,2026-05-03,STL,LAD,Blake Treinen,1,0,1,0
mlb_823065,mlb_656945,2026-05-03,STL,LAD,Tanner Scott,1,0,3,0
mlb_823145,mlb_622491,2026-05-03,SEA,KCR,Luis Castillo,0,1,18,4
mlb_823145,mlb_695380,2026-05-03,SEA,KCR,Alex Hoppe,0,0,3,0
mlb_823145,mlb_677961,2026-05-03,SEA,KCR,Cole Wilcox,0,0,3,0
mlb_823145,mlb_689546,2026-05-03,SEA,KCR,Nick Davila,0,0,3,0
mlb_823145,mlb_663460,2026-05-03,SEA,KCR,Kris Bubic,1,1,21,1
mlb_823145,mlb_670167,2026-05-03,SEA,KCR,John Schreiber,1,0,2,0
mlb_823145,mlb_663738,2026-05-03,SEA,KCR,Daniel Lynch IV,1,0,4,0
mlb_823307,mlb_656288,2026-05-03,SDP,CHW,Griffin Canning,0,1,15,1
mlb_823307,mlb_670970,2026-05-03,SDP,CHW,Adrian Morejon,0,0,6,2
mlb_823307,mlb_592094,2026-05-03,SDP,CHW,Jason Adam,0,0,3,0
mlb_823307,mlb_695243,2026-05-03,SDP,CHW,Mason Miller,0,0,3,0
mlb_823307,mlb_641743,2026-05-03,SDP,CHW,Anthony Kay,1,1,15,3
mlb_823307,mlb_673929,2026-05-03,SDP,CHW,Jordan Leasure,1,0,3,0
mlb_823307,mlb_699823,2026-05-03,SDP,CHW,Tyler Davis,1,0,3,1
mlb_823307,mlb_663542,2026-05-03,SDP,CHW,Bryan Hudson,1,0,3,0
mlb_823387,mlb_677952,2026-05-03,PIT,CIN,Braxton Ashcraft,0,1,23,0
mlb_823387,mlb_642397,2026-05-03,PIT,CIN,Gregory Soto,0,0,4,0
mlb_823387,mlb_695505,2026-05-03,PIT,CIN,Chase Burns,1,1,21,0
mlb_823387,mlb_663574,2026-05-03,PIT,CIN,Tony Santillan,1,0,3,1
mlb_823555,mlb_608331,2026-05-03,NYY,BAL,Max Fried,0,1,16,3
mlb_823555,mlb_518585,2026-05-03,NYY,BAL,Fernando Cruz,0,0,3,0
mlb_823555,mlb_687396,2026-05-03,NYY,BAL,Brent Headrick,0,0,5,0
mlb_823555,mlb_670280,2026-05-03,NYY,BAL,David Bednar,0,0,3,0
mlb_823555,mlb_694346,2026-05-03,NYY,BAL,Trey Gibson,1,1,14,3
mlb_823555,mlb_664991,2026-05-03,NYY,BAL,Grant Wolfram,1,0,2,1
mlb_823555,mlb_666974,2026-05-03,NYY,BAL,Yennier Cano,1,0,2,0
mlb_823555,mlb_670329,2026-05-03,NYY,BAL,Rico Garcia,1,0,3,0
mlb_823555,mlb_552640,2026-05-03,NYY,BAL,Andrew Kittredge,1,0,1,7
mlb_823555,mlb_608650,2026-05-03,NYY,BAL,Dietrich Enns,1,0,2,0
mlb_823711,mlb_657746,2026-05-03,MIN,TOR,Joe Ryan,0,1,1,0
mlb_823711,mlb_702193,2026-05-03,MIN,TOR,Andrew Morris,0,0,11,0
mlb_823711,mlb_573124,2026-05-03,MIN,TOR,Taylor Rogers,0,0,7,1
mlb_823711,mlb_679358,2026-05-03,MIN,TOR,Eric Orze,0,0,4,0
mlb_823711,mlb_681892,2026-05-03,MIN,TOR,Kody Funderburk,0,0,1,0
mlb_823711,mlb_623437,2026-05-03,MIN,TOR,Justin Topa,0,0,3,2
mlb_823711,mlb_702056,2026-05-03,MIN,TOR,Trey Yesavage,1,1,12,1
mlb_823711,mlb_680755,2026-05-03,MIN,TOR,Braydon Fisher,1,0,2,3
mlb_823711,mlb_573009,2026-05-03,MIN,TOR,Joe Mantiply,1,0,3,0
mlb_823711,mlb_667297,2026-05-03,MIN,TOR,Tommy Nance,1,0,4,0
mlb_823711,mlb_656546,2026-05-03,MIN,TOR,Jeff Hoffman,1,0,3,0
mlb_823875,mlb_663978,2026-05-03,MIA,PHI,Chris Paddack,0,1,8,7
mlb_823875,mlb_667463,2026-05-03,MIA,PHI,John King,0,0,4,0
mlb_823875,mlb_663969,2026-05-03,MIA,PHI,Tyler Phillips,0,0,9,0
mlb_823875,mlb_694795,2026-05-03,MIA,PHI,Josh Ekness,0,0,3,0
mlb_823875,mlb_676534,2026-05-03,MIA,PHI,Calvin Faucher,0,0,3,0
mlb_823875,mlb_666200,2026-05-03,MIA,PHI,Jesús Luzardo,1,1,19,2
mlb_823875,mlb_663767,2026-05-03,MIA,PHI,Chase Shugart,1,0,5,0
mlb_823875,mlb_689147,2026-05-03,MIA,PHI,Orion Kerkering,1,0,3,0
mlb_824043,mlb_686799,2026-05-03,LAA,NYM,Jack Kochanowicz,0,1,19,2
mlb_824043,mlb_642048,2026-05-03,LAA,NYM,Tayler Saucedo,0,0,2,1
mlb_824043,mlb_680704,2026-05-03,LAA,NYM,Nick Sandlin,0,0,3,2
mlb_824043,mlb_519141,2026-05-03,LAA,NYM,Drew Pomeranz,0,0,3,0
mlb_824043,mlb_605280,2026-05-03,LAA,NYM,Clay Holmes,1,1,20,1
mlb_824043,mlb_596133,2026-05-03,LAA,NYM,Luke Weaver,1,0,4,0
mlb_824043,mlb_548384,2026-05-03,LAA,NYM,Brooks Raley,1,0,3,0
mlb_824285,mlb_663947,2026-05-03,DET,TEX,Tyler Holton,0,1,2,0
mlb_824285,mlb_669724,2026-05-03,DET,TEX,Brenan Hanifee,0,0,5,0
mlb_824285,mlb_676428,2026-05-03,DET,TEX,Brant Hurter,0,0,10,0
mlb_824285,mlb_676568,2026-05-03,DET,TEX,Ricky Vanasco,0,0,4,1
mlb_824285,mlb_640448,2026-05-03,DET,TEX,Kyle Finnegan,0,0,3,0
mlb_824285,mlb_572143,2026-05-03,DET,TEX,Burch Smith,0,0,3,0
mlb_824285,mlb_683004,2026-05-03,DET,TEX,Jack Leiter,1,1,20,5
mlb_824285,mlb_641302,2026-05-03,DET,TEX,Tyler Alexander,1,0,1,2
mlb_824285,mlb_686560,2026-05-03,DET,TEX,Gavin Collyer,1,0,3,0
mlb_824364,mlb_607536,2026-05-03,COL,ATL,Kyle Freeland,0,1,13,6
mlb_824364,mlb_622608,2026-05-03,COL,ATL,Antonio Senzatela,0,0,8,2
mlb_824364,mlb_680767,2026-05-03,COL,ATL,Victor Vodnik,0,0,3,0
mlb_824364,mlb_623474,2026-05-03,COL,ATL,Jimmy Herget,0,0,3,3
mlb_824364,mlb_675911,2026-05-03,COL,ATL,Spencer Strider,1,1,10,3
mlb_824364,mlb_607481,2026-05-03,COL,ATL,Aaron Bummer,1,0,3,2
mlb_824364,mlb_800311,2026-05-03,COL,ATL,Didier Fuentes,1,0,2,0
mlb_824364,mlb_669276,2026-05-03,COL,ATL,Dylan Lee,1,0,3,0
mlb_824364,mlb_625643,2026-05-03,COL,ATL,Reynaldo López,1,0,3,0
mlb_824364,mlb_641755,2026-05-03,COL,ATL,Tyler Kinley,1,0,3,1
mlb_824364,mlb_663158,2026-05-03,COL,ATL,Robert Suarez,1,0,3,0
mlb_824687,mlb_571510,2026-05-03,CHC,ARI,Matthew Boyd,0,1,18,2
mlb_824687,mlb_664208,2026-05-03,CHC,ARI,Phil Maton,0,0,3,0
mlb_824687,mlb_571948,2026-05-03,CHC,ARI,Hoby Milner,0,0,3,0
mlb_824687,mlb_656686,2026-05-03,CHC,ARI,Corbin Martin,0,0,3,2
mlb_824687,mlb_518876,2026-05-03,CHC,ARI,Merrill Kelly,1,1,13,6
mlb_824687,mlb_657044,2026-05-03,CHC,ARI,Ryan Thompson,1,0,2,0
mlb_824687,mlb_694297,2026-05-03,CHC,ARI,Brandon Pfaadt,1,0,7,2
mlb_824687,mlb_623149,2026-05-03,CHC,ARI,Paul Sewald,1,0,2,0
mlb_824769,mlb_624133,2026-05-03,BOS,HOU,Ranger Suarez,0,1,12,0
mlb_824769,mlb_701719,2026-05-03,BOS,HOU,Tyler Samaniego,0,0,2,0
mlb_824769,mlb_669711,2026-05-03,BOS,HOU,Greg Weissert,0,0,4,1
mlb_824769,mlb_663558,2026-05-03,BOS,HOU,Jovani Morán,0,0,2,0
mlb_824769,mlb_676477,2026-05-03,BOS,HOU,Garrett Whitlock,0,0,4,0
mlb_824769,mlb_547973,2026-05-03,BOS,HOU,Aroldis Chapman,0,0,3,0
mlb_824769,mlb_677161,2026-05-03,BOS,HOU,Zack Kelly,0,0,3,2
mlb_824769,mlb_675989,2026-05-03,BOS,HOU,Cody Bolton,1,1,7,0
mlb_824769,mlb_805123,2026-05-03,BOS,HOU,AJ Blubaugh,1,0,11,1
mlb_824769,mlb_595345,2026-05-03,BOS,HOU,Steven Okert,1,0,3,0
mlb_824769,mlb_660853,2026-05-03,BOS,HOU,Enyel De Los Santos,1,0,3,0
mlb_824769,mlb_650556,2026-05-03,BOS,HOU,Bryan Abreu,1,0,6,0
mlb_825013,mlb_650644,2026-05-03,ATH,CLE,Aaron Civale,0,1,18,1
mlb_825013,mlb_686993,2026-05-03,ATH,CLE,Justin Sterner,0,0,3,0
mlb_825013,mlb_643410,2026-05-03,ATH,CLE,Mark Leiter Jr.,0,0,3,0
mlb_825013,mlb_669270,2026-05-03,ATH,CLE,Joel Kuhnel,0,0,3,0
mlb_825013,mlb_800048,2026-05-03,ATH,CLE,Parker Messick,1,1,15,4
mlb_825013,mlb_688883,2026-05-03,ATH,CLE,Peyton Pallette,1,0,3,3
mlb_825013,mlb_670059,2026-05-03,ATH,CLE,Colin Holderman,1,0,6,0
mlb_822984,mlb_607259,2026-05-04,TBR,TOR,Nick Martinez,0,1,15,1
mlb_822984,mlb_693855,2026-05-04,TBR,TOR,Ian Seymour,0,0,4,0
mlb_822984,mlb_687330,2026-05-04,TBR,TOR,Kevin Kelly,0,0,2,0
mlb_822984,mlb_642121,2026-05-04,TBR,TOR,Cole Sulser,0,0,3,0
mlb_822984,mlb_668984,2026-05-04,TBR,TOR,Casey Legumina,0,0,2,0
mlb_822984,mlb_641329,2026-05-04,TBR,TOR,Bryan Baker,0,0,1,0
mlb_822984,mlb_641778,2026-05-04,TBR,TOR,Eric Lauer,1,1,13,3
mlb_822984,mlb_693686,2026-05-04,TBR,TOR,Spencer Miles,1,0,4,2
mlb_822984,mlb_689254,2026-05-04,TBR,TOR,Mason Fluharty,1,0,1,0
mlb_822984,mlb_667297,2026-05-04,TBR,TOR,Tommy Nance,1,0,3,0
mlb_822984,mlb_573009,2026-05-04,TBR,TOR,Joe Mantiply,1,0,3,0
mlb_823064,mlb_681517,2026-05-04,STL,MIL,Kyle Leahy,0,1,16,1
mlb_823064,mlb_666277,2026-05-04,STL,MIL,George Soriano,0,0,2,0
mlb_823064,mlb_668941,2026-05-04,STL,MIL,JoJo Romero,0,0,3,0
mlb_823064,mlb_592773,2026-05-04,STL,MIL,Ryne Stanek,0,0,3,0
mlb_823064,mlb_700669,2026-05-04,STL,MIL,Gordon Graceffo,0,0,1,2
mlb_823064,mlb_676617,2026-05-04,STL,MIL,Riley O'Brien,0,0,2,0
mlb_823064,mlb_694477,2026-05-04,STL,MIL,Chad Patrick,1,1,10,4
mlb_823064,mlb_669084,2026-05-04,STL,MIL,DL Hall,1,0,5,0
mlb_823064,mlb_675660,2026-05-04,STL,MIL,Shane Drohan,1,0,4,1
mlb_823064,mlb_681982,2026-05-04,STL,MIL,Grant Anderson,1,0,2,0
mlb_823064,mlb_663765,2026-05-04,STL,MIL,Jake Woodford,1,0,3,1
mlb_823143,mlb_669302,2026-05-04,SEA,ATL,Logan Gilbert,0,1,18,4
mlb_823143,mlb_678606,2026-05-04,SEA,ATL,Jose A. Ferrer,0,0,4,0
mlb_823143,mlb_660825,2026-05-04,SEA,ATL,Eduard Bazardo,0,0,2,0
mlb_823143,mlb_662253,2026-05-04,SEA,ATL,Andrés Muñoz,0,0,3,0
mlb_823143,mlb_702275,2026-05-04,SEA,ATL,JR Ritchie,1,1,15,3
mlb_823143,mlb_641755,2026-05-04,SEA,ATL,Tyler Kinley,1,0,3,2
mlb_823143,mlb_607481,2026-05-04,SEA,ATL,Aaron Bummer,1,0,2,0
mlb_823143,mlb_471911,2026-05-04,SEA,ATL,Carlos Carrasco,1,0,4,0
mlb_823228,mlb_686790,2026-05-04,SFG,SDP,Trevor McDonald,0,1,21,1
mlb_823228,mlb_676775,2026-05-04,SFG,SDP,Keaton Winn,0,0,3,0
mlb_823228,mlb_668873,2026-05-04,SFG,SDP,Caleb Kilian,0,0,3,1
mlb_823228,mlb_681190,2026-05-04,SFG,SDP,Randy Vásquez,1,1,17,3
mlb_823228,mlb_606996,2026-05-04,SFG,SDP,Kyle Hart,1,0,1,0
mlb_823228,mlb_699134,2026-05-04,SFG,SDP,Bradgley Rodriguez,1,0,4,0
mlb_823228,mlb_593974,2026-05-04,SFG,SDP,Wandy Peralta,1,0,2,0
mlb_823552,mlb_693645,2026-05-04,NYY,BAL,Cam Schlittler,0,1,17,1
mlb_823552,mlb_656234,2026-05-04,NYY,BAL,Jake Bird,0,0,1,0
mlb_823552,mlb_657612,2026-05-04,NYY,BAL,Tim Hill,0,0,3,0
mlb_823552,mlb_666808,2026-05-04,NYY,BAL,Camilo Doval,0,0,3,0
mlb_823552,mlb_621112,2026-05-04,NYY,BAL,Paul Blackburn,0,0,3,0
mlb_823552,mlb_669358,2026-05-04,NYY,BAL,Shane Baz,1,1,17,6
mlb_823552,mlb_666974,2026-05-04,NYY,BAL,Yennier Cano,1,0,2,0
mlb_823552,mlb_669211,2026-05-04,NYY,BAL,Keegan Akin,1,0,2,0
mlb_823552,mlb_642152,2026-05-04,NYY,BAL,Lou Trivino,1,0,2,6
mlb_823552,mlb_642215,2026-05-04,NYY,BAL,Weston Wilson,1,0,1,0
mlb_823874,mlb_676083,2026-05-04,MIA,PHI,Janson Junk,0,1,16,1
mlb_823874,mlb_667463,2026-05-04,MIA,PHI,John King,0,0,2,0
mlb_823874,mlb_676534,2026-05-04,MIA,PHI,Calvin Faucher,0,0,3,0
mlb_823874,mlb_669199,2026-05-04,MIA,PHI,Lake Bachar,0,0,6,0
mlb_823874,mlb_605400,2026-05-04,MIA,PHI,Aaron Nola,1,1,18,0
mlb_823874,mlb_621383,2026-05-04,MIA,PHI,Tanner Banks,1,0,3,0
mlb_823874,mlb_621237,2026-05-04,MIA,PHI,José Alvarado,1,0,3,0
mlb_823874,mlb_641745,2026-05-04,MIA,PHI,Brad Keller,1,0,3,0
mlb_824039,mlb_667755,2026-05-04,LAA,CHW,José Soriano,0,1,12,5
mlb_824039,mlb_815083,2026-05-04,LAA,CHW,Mitch Farris,0,0,12,1
mlb_824039,mlb_608718,2026-05-04,LAA,CHW,Brent Suter,0,0,3,0
mlb_824039,mlb_663436,2026-05-04,LAA,CHW,Davis Martin,1,1,21,0
mlb_824039,mlb_656794,2026-05-04,LAA,CHW,Sean Newcomb,1,0,6,0
mlb_824120,mlb_608379,2026-05-04,KCR,CLE,Michael Wacha,0,1,21,2
mlb_824120,mlb_621381,2026-05-04,KCR,CLE,Matt Strahm,0,0,3,0
mlb_824120,mlb_656638,2026-05-04,KCR,CLE,Alex Lange,0,0,3,0
mlb_824120,mlb_676440,2026-05-04,KCR,CLE,Tanner Bibee,1,1,12,4
mlb_824120,mlb_670036,2026-05-04,KCR,CLE,Matt Festa,1,0,5,1
mlb_824120,mlb_641401,2026-05-04,KCR,CLE,Connor Brogdon,1,0,4,1
mlb_824120,mlb_688883,2026-05-04,KCR,CLE,Peyton Pallette,1,0,3,0
mlb_824201,mlb_595345,2026-05-04,HOU,LAD,Steven Okert,0,1,2,1
mlb_824201,mlb_680802,2026-05-04,HOU,LAD,Ryan Weiss,0,0,13,7
mlb_824201,mlb_678906,2026-05-04,HOU,LAD,Kai-Wei Teng,0,0,6,0
mlb_824201,mlb_650556,2026-05-04,HOU,LAD,Bryan Abreu,0,0,3,0
mlb_824201,mlb_656986,2026-05-04,HOU,LAD,Bennett Sousa,0,0,3,0
mlb_824201,mlb_808967,2026-05-04,HOU,LAD,Yoshinobu Yamamoto,1,1,18,3
mlb_824201,mlb_669165,2026-05-04,HOU,LAD,Kyle Hurt,1,0,3,0
mlb_824201,mlb_595014,2026-05-04,HOU,LAD,Blake Treinen,1,0,3,0
mlb_824201,mlb_676263,2026-05-04,HOU,LAD,Jack Dreyer,1,0,3,0
mlb_824283,mlb_663947,2026-05-04,DET,BOS,Tyler Holton,0,1,3,0
mlb_824283,mlb_680744,2026-05-04,DET,BOS,Ty Madden,0,0,15,0
mlb_824283,mlb_676568,2026-05-04,DET,BOS,Ricky Vanasco,0,0,2,4
mlb_824283,mlb_646241,2026-05-04,DET,BOS,Enmanuel De Jesus,0,0,4,1
mlb_824283,mlb_445276,2026-05-04,DET,BOS,Kenley Jansen,0,0,3,0
mlb_824283,mlb_801139,2026-05-04,DET,BOS,Payton Tolle,1,1,21,2
mlb_824283,mlb_676477,2026-05-04,DET,BOS,Garrett Whitlock,1,0,3,2
mlb_824283,mlb_547973,2026-05-04,DET,BOS,Aroldis Chapman,1,0,3,0
mlb_824363,mlb_608372,2026-05-04,COL,NYM,Tomoyuki Sugano,0,1,16,4
mlb_824363,mlb_677955,2026-05-04,COL,NYM,Jaden Hill,0,0,2,0
mlb_824363,mlb_675848,2026-05-04,COL,NYM,Juan Mejia,0,0,6,0
mlb_824363,mlb_657514,2026-05-04,COL,NYM,Brennan Bernardino,0,0,3,0
mlb_824363,mlb_623211,2026-05-04,COL,NYM,Huascar Brazobán,1,1,3,0
mlb_824363,mlb_681810,2026-05-04,COL,NYM,Austin Warren,1,0,6,0
mlb_824363,mlb_656849,2026-05-04,COL,NYM,David Peterson,1,0,12,2
mlb_824363,mlb_518886,2026-05-04,COL,NYM,Craig Kimbrel,1,0,3,0
mlb_824363,mlb_642207,2026-05-04,COL,NYM,Devin Williams,1,0,3,0
mlb_824684,mlb_665795,2026-05-04,CHC,CIN,Edward Cabrera,0,1,18,3
mlb_824684,mlb_571948,2026-05-04,CHC,CIN,Hoby Milner,0,0,2,0
mlb_824684,mlb_664208,2026-05-04,CHC,CIN,Phil Maton,0,0,1,0
mlb_824684,mlb_676962,2026-05-04,CHC,CIN,Ben Brown,0,0,3,1
mlb_824684,mlb_669020,2026-05-04,CHC,CIN,Ryan Rolison,0,0,3,0
mlb_824684,mlb_695534,2026-05-04,CHC,CIN,Chase Petty,1,1,17,3
mlb_824684,mlb_656271,2026-05-04,CHC,CIN,Brock Burke,1,0,2,0
mlb_824684,mlb_668933,2026-05-04,CHC,CIN,Graham Ashcraft,1,0,5,0
mlb_824684,mlb_641941,2026-05-04,CHC,CIN,Emilio Pagán,1,0,2,2
mlb_822743,mlb_676917,2026-05-05,WSN,MIN,Cade Cavalli,0,1,12,6
mlb_822743,mlb_687606,2026-05-05,WSN,MIN,Paxton Schultz,0,0,6,0
mlb_822743,mlb_701552,2026-05-05,WSN,MIN,Andre Granillo,0,0,6,4
mlb_822743,mlb_687377,2026-05-05,WSN,MIN,Orlando Ribalta,0,0,3,1
mlb_822743,mlb_671737,2026-05-05,WSN,MIN,Taj Bradley,1,1,18,2
mlb_822743,mlb_679358,2026-05-05,WSN,MIN,Eric Orze,1,0,3,1
mlb_822743,mlb_607455,2026-05-05,WSN,MIN,Anthony Banda,1,0,3,0
mlb_822743,mlb_472610,2026-05-05,WSN,MIN,Luis García,1,0,3,0
mlb_822986,mlb_656876,2026-05-05,TBR,TOR,Drew Rasmussen,0,1,18,3
mlb_822986,mlb_685801,2026-05-05,TBR,TOR,Hunter Bigge,0,0,3,0
mlb_822986,mlb_668984,2026-05-05,TBR,TOR,Casey Legumina,0,0,3,0
mlb_822986,mlb_642121,2026-05-05,TBR,TOR,Cole Sulser,0,0,3,0
mlb_822986,mlb_592332,2026-05-05,TBR,TOR,Kevin Gausman,1,1,18,2
mlb_822986,mlb_656546,2026-05-05,TBR,TOR,Jeff Hoffman,1,0,3,0
mlb_822986,mlb_643511,2026-05-05,TBR,TOR,Tyler Rogers,1,0,1,2
mlb_822986,mlb_686973,2026-05-05,TBR,TOR,Louis Varland,1,0,2,0
mlb_823142,mlb_669923,2026-05-05,SEA,ATL,George Kirby,0,1,21,2
mlb_823142,mlb_678606,2026-05-05,SEA,ATL,Jose A. Ferrer,0,0,3,0
mlb_823142,mlb_662253,2026-05-05,SEA,ATL,Andrés Muñoz,0,0,3,1
mlb_823142,mlb_693821,2026-05-05,SEA,ATL,Bryce Elder,1,1,18,2
mlb_823142,mlb_669276,2026-05-05,SEA,ATL,Dylan Lee,1,0,3,0
mlb_823142,mlb_663158,2026-05-05,SEA,ATL,Robert Suarez,1,0,3,0
mlb_823142,mlb_628452,2026-05-05,SEA,ATL,Raisel Iglesias,1,0,3,0
mlb_823227,mlb_657277,2026-05-05,SFG,SDP,Logan Webb,0,1,12,6
mlb_823227,mlb_664141,2026-05-05,SFG,SDP,JT Brubaker,0,0,3,1
mlb_823227,mlb_621366,2026-05-05,SFG,SDP,Ryan Borucki,0,0,3,1
mlb_823227,mlb_666619,2026-05-05,SFG,SDP,Gregory Santos,0,0,6,2
mlb_823227,mlb_666711,2026-05-05,SFG,SDP,Joel Peguero,0,0,3,0
mlb_823227,mlb_621111,2026-05-05,SFG,SDP,Walker Buehler,1,1,16,4
mlb_823227,mlb_669093,2026-05-05,SFG,SDP,Jeremiah Estrada,1,0,5,1
mlb_823227,mlb_592094,2026-05-05,SFG,SDP,Jason Adam,1,0,3,0
mlb_823227,mlb_676760,2026-05-05,SFG,SDP,Ron Marinaccio,1,0,3,0
mlb_823469,mlb_650911,2026-05-05,PHI,ATH,Cristopher Sánchez,0,1,24,0
mlb_823469,mlb_661395,2026-05-05,PHI,ATH,Jhoan Duran,0,0,3,1
mlb_823469,mlb_622663,2026-05-05,PHI,ATH,Luis Severino,1,1,15,1
mlb_823469,mlb_605130,2026-05-05,PHI,ATH,Scott Barlow,1,0,3,0
mlb_823469,mlb_643410,2026-05-05,PHI,ATH,Mark Leiter Jr.,1,0,2,4
mlb_823469,mlb_621053,2026-05-05,PHI,ATH,Tyler Ferguson,1,0,4,4
mlb_823553,mlb_695684,2026-05-05,NYY,TEX,Elmer Rodríguez,0,1,14,3
mlb_823553,mlb_687396,2026-05-05,NYY,TEX,Brent Headrick,0,0,4,0
mlb_823553,mlb_657612,2026-05-05,NYY,TEX,Tim Hill,0,0,1,0
mlb_823553,mlb_518585,2026-05-05,NYY,TEX,Fernando Cruz,0,0,3,0
mlb_823553,mlb_670280,2026-05-05,NYY,TEX,David Bednar,0,0,5,1
mlb_823553,mlb_594798,2026-05-05,NYY,TEX,Jacob deGrom,1,1,19,6
mlb_823553,mlb_656222,2026-05-05,NYY,TEX,Jalen Beeks,1,0,2,0
mlb_823553,mlb_641302,2026-05-05,NYY,TEX,Tyler Alexander,1,0,3,1
mlb_823873,mlb_645261,2026-05-05,MIA,BAL,Sandy Alcantara,0,1,13,7
mlb_823873,mlb_669622,2026-05-05,MIA,BAL,Anthony Bender,0,0,2,0
mlb_823873,mlb_656848,2026-05-05,MIA,BAL,Michael Petersen,0,0,3,0
mlb_823873,mlb_694795,2026-05-05,MIA,BAL,Josh Ekness,0,0,3,0
mlb_823873,mlb_687531,2026-05-05,MIA,BAL,William Kempner,0,0,3,0
mlb_823873,mlb_677053,2026-05-05,MIA,BAL,Andrew Nardi,0,0,3,2
mlb_823873,mlb_605135,2026-05-05,MIA,BAL,Chris Bassitt,1,1,12,4
mlb_823873,mlb_669211,2026-05-05,MIA,BAL,Keegan Akin,1,0,3,0
mlb_823873,mlb_689296,2026-05-05,MIA,BAL,Anthony Nunez,1,0,4,2
mlb_823873,mlb_664991,2026-05-05,MIA,BAL,Grant Wolfram,1,0,2,0
mlb_823873,mlb_552640,2026-05-05,MIA,BAL,Andrew Kittredge,1,0,2,1
mlb_823873,mlb_670329,2026-05-05,MIA,BAL,Rico Garcia,1,0,4,0
mlb_824040,mlb_691951,2026-05-05,LAA,CHW,Sam Aldegheri,0,1,12,2
mlb_824040,mlb_820862,2026-05-05,LAA,CHW,José Fermin,0,0,3,0
mlb_824040,mlb_519141,2026-05-05,LAA,CHW,Drew Pomeranz,0,0,3,0
mlb_824040,mlb_696147,2026-05-05,LAA,CHW,Sam Bachman,0,0,5,1
mlb_824040,mlb_666171,2026-05-05,LAA,CHW,Ryan Zeferjahn,0,0,4,0
mlb_824040,mlb_607200,2026-05-05,LAA,CHW,Erick Fedde,1,1,14,4
mlb_824040,mlb_699823,2026-05-05,LAA,CHW,Tyler Davis,1,0,4,0
mlb_824040,mlb_673929,2026-05-05,LAA,CHW,Jordan Leasure,1,0,3,0
mlb_824040,mlb_663542,2026-05-05,LAA,CHW,Bryan Hudson,1,0,3,0
mlb_824119,mlb_663568,2026-05-05,KCR,CLE,Stephen Kolek,0,1,18,3
mlb_824119,mlb_683232,2026-05-05,KCR,CLE,Nick Mears,0,0,3,0
mlb_824119,mlb_663738,2026-05-05,KCR,CLE,Daniel Lynch IV,0,0,3,0
mlb_824119,mlb_668674,2026-05-05,KCR,CLE,Lucas Erceg,0,0,3,0
mlb_824119,mlb_668909,2026-05-05,KCR,CLE,Gavin Williams,1,1,18,5
mlb_824119,mlb_670059,2026-05-05,KCR,CLE,Colin Holderman,1,0,6,0
mlb_824200,mlb_663567,2026-05-05,HOU,LAD,Peter Lambert,0,1,21,0
mlb_824200,mlb_687911,2026-05-05,HOU,LAD,Bryan King,0,0,6,1
mlb_824200,mlb_660271,2026-05-05,HOU,LAD,Shohei Ohtani,1,1,21,2
mlb_824200,mlb_681911,2026-05-05,HOU,LAD,Alex Vesia,1,0,3,0
mlb_824281,mlb_664285,2026-05-05,DET,BOS,Framber Valdez,0,1,9,10
mlb_824281,mlb_669724,2026-05-05,DET,BOS,Brenan Hanifee,0,0,9,0
mlb_824281,mlb_572143,2026-05-05,DET,BOS,Burch Smith,0,0,6,0
mlb_824281,mlb_646241,2026-05-05,DET,BOS,Enmanuel De Jesus,0,0,3,0
mlb_824281,mlb_663558,2026-05-05,DET,BOS,Jovani Morán,1,1,3,2
mlb_824281,mlb_678394,2026-05-05,DET,BOS,Brayan Bello,1,0,21,1
mlb_824281,mlb_687941,2026-05-05,DET,BOS,Alec Gamboa,1,0,3,0
mlb_824682,mlb_592791,2026-05-05,CHC,CIN,Jameson Taillon,0,1,17,2
mlb_824682,mlb_665871,2026-05-05,CHC,CIN,Javier Assad,0,0,4,0
mlb_824682,mlb_657097,2026-05-05,CHC,CIN,Jacob Webb,0,0,3,0
mlb_824682,mlb_694037,2026-05-05,CHC,CIN,Daniel Palencia,0,0,3,0
mlb_824682,mlb_669020,2026-05-05,CHC,CIN,Ryan Rolison,0,0,3,0
mlb_824682,mlb_671096,2026-05-05,CHC,CIN,Andrew Abbott,1,1,17,0
mlb_824682,mlb_683175,2026-05-05,CHC,CIN,Connor Phillips,1,0,4,1
mlb_824682,mlb_663574,2026-05-05,CHC,CIN,Tony Santillan,1,0,3,1
mlb_824682,mlb_641941,2026-05-05,CHC,CIN,Emilio Pagán,1,0,0,0
mlb_824682,mlb_683742,2026-05-05,CHC,CIN,Jose Franco,1,0,3,0
mlb_824682,mlb_594580,2026-05-05,CHC,CIN,Sam Moll,1,0,0,1
mlb_825092,mlb_593958,2026-05-05,ARI,PIT,Eduardo Rodriguez,0,1,21,0
mlb_825092,mlb_642528,2026-05-05,ARI,PIT,Jonathan Loáisiga,0,0,3,0
mlb_825092,mlb_805299,2026-05-05,ARI,PIT,Brandyn Garcia,0,0,3,0
mlb_825092,mlb_696149,2026-05-05,ARI,PIT,Bubba Chandler,1,1,15,2
mlb_825092,mlb_670990,2026-05-05,ARI,PIT,Yohan Ramírez,1,0,1,5
mlb_825092,mlb_681895,2026-05-05,ARI,PIT,Evan Sisk,1,0,5,0
mlb_825092,mlb_642701,2026-05-05,ARI,PIT,Dennis Santana,1,0,3,2
mlb_822740,mlb_571945,2026-05-06,WSN,MIN,Miles Mikolas,0,1,16,2
mlb_822740,mlb_680730,2026-05-06,WSN,MIN,Mitchell Parker,0,0,8,0
mlb_822740,mlb_687849,2026-05-06,WSN,MIN,Zak Kent,0,0,3,0
mlb_822740,mlb_641927,2026-05-06,WSN,MIN,Bailey Ober,1,1,15,5
mlb_822740,mlb_702193,2026-05-06,WSN,MIN,Andrew Morris,1,0,2,1
mlb_822740,mlb_681892,2026-05-06,WSN,MIN,Kody Funderburk,1,0,3,1
mlb_822740,mlb_623437,2026-05-06,WSN,MIN,Justin Topa,1,0,2,6
mlb_822740,mlb_472610,2026-05-06,WSN,MIN,Luis García,1,0,2,2
mlb_822985,mlb_663556,2026-05-06,TBR,TOR,Shane McClanahan,0,1,17,0
mlb_822985,mlb_687330,2026-05-06,TBR,TOR,Kevin Kelly,0,0,3,0
mlb_822985,mlb_664076,2026-05-06,TBR,TOR,Garrett Cleavinger,0,0,1,0
mlb_822985,mlb_641329,2026-05-06,TBR,TOR,Bryan Baker,0,0,3,0
mlb_822985,mlb_693855,2026-05-06,TBR,TOR,Ian Seymour,0,0,3,0
mlb_822985,mlb_571578,2026-05-06,TBR,TOR,Patrick Corbin,1,1,16,2
mlb_822985,mlb_680755,2026-05-06,TBR,TOR,Braydon Fisher,1,0,4,0
mlb_822985,mlb_686973,2026-05-06,TBR,TOR,Louis Varland,1,0,3,1
mlb_822985,mlb_689254,2026-05-06,TBR,TOR,Mason Fluharty,1,0,1,0
mlb_823063,mlb_669467,2026-05-06,STL,MIL,Andre Pallante,0,1,18,5
mlb_823063,mlb_694363,2026-05-06,STL,MIL,Jared Shuster,0,0,6,0
mlb_823063,mlb_694335,2026-05-06,STL,MIL,Matt Svanson,0,0,3,1
mlb_823063,mlb_687075,2026-05-06,STL,MIL,Brandon Sproat,1,1,12,0
mlb_823063,mlb_669084,2026-05-06,STL,MIL,DL Hall,1,0,3,0
mlb_823063,mlb_676879,2026-05-06,STL,MIL,Aaron Ashby,1,0,6,0
mlb_823063,mlb_656730,2026-05-06,STL,MIL,Trevor Megill,1,0,3,1
mlb_823063,mlb_682842,2026-05-06,STL,MIL,Abner Uribe,1,0,3,1
mlb_823141,mlb_693433,2026-05-06,SEA,ATL,Bryan Woo,0,1,18,0
mlb_823141,mlb_681867,2026-05-06,SEA,ATL,Cooper Criswell,0,0,3,0
mlb_823141,mlb_660825,2026-05-06,SEA,ATL,Eduard Bazardo,0,0,3,1
mlb_823141,mlb_678606,2026-05-06,SEA,ATL,Jose A. Ferrer,0,0,3,0
mlb_823141,mlb_527048,2026-05-06,SEA,ATL,Martín Pérez,1,1,17,2
mlb_823141,mlb_641755,2026-05-06,SEA,ATL,Tyler Kinley,1,0,1,0
mlb_823141,mlb_800311,2026-05-06,SEA,ATL,Didier Fuentes,1,0,6,1
mlb_823226,mlb_605288,2026-05-06,SFG,SDP,Adrian Houser,0,1,18,2
mlb_823226,mlb_676775,2026-05-06,SFG,SDP,Keaton Winn,0,0,2,1
mlb_823226,mlb_657424,2026-05-06,SFG,SDP,Matt Gage,0,0,1,0
mlb_823226,mlb_676254,2026-05-06,SFG,SDP,Ryan Walker,0,0,3,2
mlb_823226,mlb_666711,2026-05-06,SFG,SDP,Joel Peguero,0,0,3,0
mlb_823226,mlb_699134,2026-05-06,SFG,SDP,Bradgley Rodriguez,1,1,3,0
mlb_823226,mlb_663362,2026-05-06,SFG,SDP,Matt Waldron,1,0,15,1
mlb_823226,mlb_670970,2026-05-06,SFG,SDP,Adrian Morejon,1,0,6,0
mlb_823226,mlb_695243,2026-05-06,SFG,SDP,Mason Miller,1,0,3,0
mlb_823470,mlb_554430,2026-05-06,PHI,ATH,Zack Wheeler,0,1,19,3
mlb_823470,mlb_641835,2026-05-06,PHI,ATH,Tim Mayza,0,0,2,0
mlb_823470,mlb_621237,2026-05-06,PHI,ATH,José Alvarado,0,0,2,0
mlb_823470,mlb_689147,2026-05-06,PHI,ATH,Orion Kerkering,0,0,1,0
mlb_823470,mlb_641745,2026-05-06,PHI,ATH,Brad Keller,0,0,3,0
mlb_823470,mlb_605488,2026-05-06,PHI,ATH,Jeffrey Springs,1,1,16,2
mlb_823470,mlb_686993,2026-05-06,PHI,ATH,Justin Sterner,1,0,2,0
mlb_823470,mlb_678022,2026-05-06,PHI,ATH,Jack Perkins,1,0,4,4
mlb_823470,mlb_663687,2026-05-06,PHI,ATH,Hogan Harris,1,0,2,0
mlb_823550,mlb_701542,2026-05-06,NYY,TEX,Will Warren,0,1,12,6
mlb_823550,mlb_660787,2026-05-06,NYY,TEX,Yerry De los Santos,0,0,10,0
mlb_823550,mlb_642232,2026-05-06,NYY,TEX,Ryan Yarbrough,0,0,5,0
mlb_823550,mlb_543135,2026-05-06,NYY,TEX,Nathan Eovaldi,1,1,24,1
mlb_823550,mlb_656641,2026-05-06,NYY,TEX,Jacob Latz,1,0,3,0
mlb_823872,mlb_691587,2026-05-06,MIA,BAL,Eury Pérez,0,1,15,5
mlb_823872,mlb_690978,2026-05-06,MIA,BAL,Dax Fulton,0,0,12,2
mlb_823872,mlb_687064,2026-05-06,MIA,BAL,Brandon Young,1,1,18,3
mlb_823872,mlb_664991,2026-05-06,MIA,BAL,Grant Wolfram,1,0,2,1
mlb_823872,mlb_689296,2026-05-06,MIA,BAL,Anthony Nunez,1,0,4,0
mlb_823872,mlb_670329,2026-05-06,MIA,BAL,Rico Garcia,1,0,3,0
mlb_824036,mlb_700712,2026-05-06,LAA,CHW,Walbert Ureña,0,1,18,1
mlb_824036,mlb_608718,2026-05-06,LAA,CHW,Brent Suter,0,0,2,1
mlb_824036,mlb_519141,2026-05-06,LAA,CHW,Drew Pomeranz,0,0,1,0
mlb_824036,mlb_681217,2026-05-06,LAA,CHW,Chase Silseth,0,0,6,0
mlb_824036,mlb_702273,2026-05-06,LAA,CHW,Noah Schultz,1,1,11,7
mlb_824036,mlb_674370,2026-05-06,LAA,CHW,Osvaldo Bido,1,0,7,0
mlb_824036,mlb_663855,2026-05-06,LAA,CHW,Jordan Hicks,1,0,3,0
mlb_824036,mlb_691799,2026-05-06,LAA,CHW,Grant Taylor,1,0,3,1
mlb_824118,mlb_666142,2026-05-06,KCR,CLE,Cole Ragans,0,1,9,0
mlb_824118,mlb_679883,2026-05-06,KCR,CLE,Luinder Avila,0,0,6,2
mlb_824118,mlb_670167,2026-05-06,KCR,CLE,John Schreiber,0,0,5,0
mlb_824118,mlb_656638,2026-05-06,KCR,CLE,Alex Lange,0,0,4,1
mlb_824118,mlb_672021,2026-05-06,KCR,CLE,Eric Cerantola,0,0,3,0
mlb_824118,mlb_676282,2026-05-06,KCR,CLE,Joey Cantillo,1,1,15,1
mlb_824118,mlb_670036,2026-05-06,KCR,CLE,Matt Festa,1,0,3,0
mlb_824118,mlb_681870,2026-05-06,KCR,CLE,Erik Sabrowski,1,0,4,0
mlb_824118,mlb_683769,2026-05-06,KCR,CLE,Hunter Gaddis,1,0,2,0
mlb_824118,mlb_671922,2026-05-06,KCR,CLE,Cade Smith,1,0,3,0
mlb_824198,mlb_621121,2026-05-06,HOU,LAD,Lance McCullers Jr.,0,1,8,6
mlb_824198,mlb_669920,2026-05-06,HOU,LAD,Jason Alexander,0,0,13,5
mlb_824198,mlb_660853,2026-05-06,HOU,LAD,Enyel De Los Santos,0,0,3,0
mlb_824198,mlb_663967,2026-05-06,HOU,LAD,César Salazar,0,0,3,1
mlb_824198,mlb_607192,2026-05-06,HOU,LAD,Tyler Glasnow,1,1,3,1
mlb_824198,mlb_676263,2026-05-06,HOU,LAD,Jack Dreyer,1,0,6,0
mlb_824198,mlb_683618,2026-05-06,HOU,LAD,Edgardo Henriquez,1,0,6,0
mlb_824198,mlb_669165,2026-05-06,HOU,LAD,Kyle Hurt,1,0,3,0
mlb_824198,mlb_595014,2026-05-06,HOU,LAD,Blake Treinen,1,0,3,1
mlb_824198,mlb_656945,2026-05-06,HOU,LAD,Tanner Scott,1,0,3,0
mlb_824198,mlb_592779,2026-05-06,HOU,LAD,Brock Stewart,1,0,3,0
mlb_824282,mlb_656427,2026-05-06,DET,BOS,Jack Flaherty,0,1,15,4
mlb_824282,mlb_623454,2026-05-06,DET,BOS,Drew Anderson,0,0,4,0
mlb_824282,mlb_676428,2026-05-06,DET,BOS,Brant Hurter,0,0,2,0
mlb_824282,mlb_640448,2026-05-06,DET,BOS,Kyle Finnegan,0,0,3,0
mlb_824282,mlb_572143,2026-05-06,DET,BOS,Burch Smith,0,0,3,0
mlb_824282,mlb_543243,2026-05-06,DET,BOS,Sonny Gray,1,1,15,0
mlb_824282,mlb_701719,2026-05-06,DET,BOS,Tyler Samaniego,1,0,6,0
mlb_824282,mlb_677161,2026-05-06,DET,BOS,Zack Kelly,1,0,3,0
mlb_824282,mlb_669711,2026-05-06,DET,BOS,Greg Weissert,1,0,3,0
mlb_824361,mlb_547179,2026-05-06,COL,NYM,Michael Lorenzen,0,1,15,7
mlb_824361,mlb_688642,2026-05-06,COL,NYM,Zach Agnos,0,0,12,3
mlb_824361,mlb_642547,2026-05-06,COL,NYM,Freddy Peralta,1,1,15,0
mlb_824361,mlb_668964,2026-05-06,COL,NYM,Tobias Myers,1,0,2,4
mlb_824361,mlb_548384,2026-05-06,COL,NYM,Brooks Raley,1,0,4,0
mlb_824361,mlb_596133,2026-05-06,COL,NYM,Luke Weaver,1,0,3,0
mlb_824361,mlb_640455,2026-05-06,COL,NYM,Sean Manaea,1,0,1,1
mlb_824361,mlb_642207,2026-05-06,COL,NYM,Devin Williams,1,0,2,0
mlb_824683,mlb_607067,2026-05-06,CHC,CIN,Colin Rea,0,1,16,2
mlb_824683,mlb_657097,2026-05-06,CHC,CIN,Jacob Webb,0,0,5,0
mlb_824683,mlb_664208,2026-05-06,CHC,CIN,Phil Maton,0,0,3,0
mlb_824683,mlb_656686,2026-05-06,CHC,CIN,Corbin Martin,0,0,0,3
mlb_824683,mlb_571948,2026-05-06,CHC,CIN,Hoby Milner,0,0,3,1
mlb_824683,mlb_663423,2026-05-06,CHC,CIN,Trent Thornton,0,0,3,0
mlb_824683,mlb_663903,2026-05-06,CHC,CIN,Brady Singer,1,1,18,4
mlb_824683,mlb_594580,2026-05-06,CHC,CIN,Sam Moll,1,0,2,0
mlb_824683,mlb_572955,2026-05-06,CHC,CIN,Pierce Johnson,1,0,1,0
mlb_824683,mlb_622088,2026-05-06,CHC,CIN,Tejay Antone,1,0,3,0
mlb_824683,mlb_668933,2026-05-06,CHC,CIN,Graham Ashcraft,1,0,3,2
mlb_824683,mlb_656271,2026-05-06,CHC,CIN,Brock Burke,1,0,2,1
mlb_825091,mlb_647336,2026-05-06,ARI,PIT,Michael Soroka,0,1,19,1
mlb_825091,mlb_656464,2026-05-06,ARI,PIT,Kevin Ginkel,0,0,2,0
mlb_825091,mlb_666661,2026-05-06,ARI,PIT,Juan Morillo,0,0,3,0
mlb_825091,mlb_664199,2026-05-06,ARI,PIT,Taylor Clarke,0,0,3,0
mlb_825091,mlb_694973,2026-05-06,ARI,PIT,Paul Skenes,1,1,24,0
mlb_825091,mlb_642397,2026-05-06,ARI,PIT,Gregory Soto,1,0,3,0
mlb_822741,mlb_663623,2026-05-07,WSN,MIN,Jake Irvin,0,1,15,4
mlb_822741,mlb_663992,2026-05-07,WSN,MIN,Richard Lovelady,0,0,2,0
mlb_822741,mlb_687377,2026-05-07,WSN,MIN,Orlando Ribalta,0,0,3,1
mlb_822741,mlb_676571,2026-05-07,WSN,MIN,PJ Poulin,0,0,3,0
mlb_822741,mlb_681402,2026-05-07,WSN,MIN,Gus Varland,0,0,4,0
mlb_822741,mlb_680573,2026-05-07,WSN,MIN,Simeon Woods Richardson,1,1,13,5
mlb_822741,mlb_607455,2026-05-07,WSN,MIN,Anthony Banda,1,0,2,0
mlb_822741,mlb_804619,2026-05-07,WSN,MIN,John Klein,1,0,4,2
mlb_822741,mlb_573124,2026-05-07,WSN,MIN,Taylor Rogers,1,0,5,0
mlb_823306,mlb_650633,2026-05-07,SDP,STL,Michael King,0,1,18,1
mlb_823306,mlb_699134,2026-05-07,SDP,STL,Bradgley Rodriguez,0,0,3,1
mlb_823306,mlb_593974,2026-05-07,SDP,STL,Wandy Peralta,0,0,3,0
mlb_823306,mlb_592094,2026-05-07,SDP,STL,Jason Adam,0,0,3,0
mlb_823306,mlb_669461,2026-05-07,SDP,STL,Matthew Liberatore,1,1,18,1
mlb_823306,mlb_666277,2026-05-07,SDP,STL,George Soriano,1,0,3,0
mlb_823306,mlb_668941,2026-05-07,SDP,STL,JoJo Romero,1,0,3,0
mlb_823306,mlb_676617,2026-05-07,SDP,STL,Riley O'Brien,1,0,3,0
mlb_823467,mlb_691725,2026-05-07,PHI,ATH,Andrew Painter,0,1,11,8
mlb_823467,mlb_621383,2026-05-07,PHI,ATH,Tanner Banks,0,0,4,2
mlb_823467,mlb_663767,2026-05-07,PHI,ATH,Chase Shugart,0,0,6,2
mlb_823467,mlb_680742,2026-05-07,PHI,ATH,Jonathan Bowlan,0,0,3,0
mlb_823467,mlb_596117,2026-05-07,PHI,ATH,Garrett Stubbs,0,0,3,0
mlb_823467,mlb_669372,2026-05-07,PHI,ATH,J.T. Ginn,1,1,24,1
mlb_823467,mlb_621139,2026-05-07,PHI,ATH,Brooks Kriske,1,0,3,0
mlb_823551,mlb_621112,2026-05-07,NYY,TEX,Paul Blackburn,0,1,3,0
mlb_823551,mlb_694341,2026-05-07,NYY,TEX,Brendan Beck,0,0,9,2
mlb_823551,mlb_657612,2026-05-07,NYY,TEX,Tim Hill,0,0,5,0
mlb_823551,mlb_687396,2026-05-07,NYY,TEX,Brent Headrick,0,0,4,0
mlb_823551,mlb_656234,2026-05-07,NYY,TEX,Jake Bird,0,0,3,0
mlb_823551,mlb_666808,2026-05-07,NYY,TEX,Camilo Doval,0,0,3,0
mlb_823551,mlb_669022,2026-05-07,NYY,TEX,MacKenzie Gore,1,1,16,5
mlb_823551,mlb_656222,2026-05-07,NYY,TEX,Jalen Beeks,1,0,1,2
mlb_823551,mlb_668390,2026-05-07,NYY,TEX,Cole Winn,1,0,1,0
mlb_823551,mlb_641302,2026-05-07,NYY,TEX,Tyler Alexander,1,0,2,1
mlb_823551,mlb_682608,2026-05-07,NYY,TEX,Peyton Gray,1,0,3,1
mlb_823551,mlb_686560,2026-05-07,NYY,TEX,Gavin Collyer,1,0,1,0
mlb_823870,mlb_676974,2026-05-07,MIA,BAL,Max Meyer,0,1,15,2
mlb_823870,mlb_677053,2026-05-07,MIA,BAL,Andrew Nardi,0,0,3,0
mlb_823870,mlb_656848,2026-05-07,MIA,BAL,Michael Petersen,0,0,3,0
mlb_823870,mlb_694795,2026-05-07,MIA,BAL,Josh Ekness,0,0,3,1
mlb_823870,mlb_676534,2026-05-07,MIA,BAL,Calvin Faucher,0,0,3,0
mlb_823870,mlb_700249,2026-05-07,MIA,BAL,Cade Povich,1,1,9,3
mlb_823870,mlb_666974,2026-05-07,MIA,BAL,Yennier Cano,1,0,6,0
mlb_823870,mlb_608650,2026-05-07,MIA,BAL,Dietrich Enns,1,0,6,0
mlb_823870,mlb_669211,2026-05-07,MIA,BAL,Keegan Akin,1,0,3,0
mlb_823870,mlb_552640,2026-05-07,MIA,BAL,Andrew Kittredge,1,0,2,1
mlb_824117,mlb_607625,2026-05-07,KCR,CLE,Seth Lugo,0,1,12,4
mlb_824117,mlb_663738,2026-05-07,KCR,CLE,Daniel Lynch IV,0,0,3,0
mlb_824117,mlb_656638,2026-05-07,KCR,CLE,Alex Lange,0,0,3,1
mlb_824117,mlb_672021,2026-05-07,KCR,CLE,Eric Cerantola,0,0,6,3
mlb_824117,mlb_683232,2026-05-07,KCR,CLE,Nick Mears,0,0,3,0
mlb_824117,mlb_677944,2026-05-07,KCR,CLE,Slade Cecconi,1,1,16,2
mlb_824117,mlb_682120,2026-05-07,KCR,CLE,Tim Herrin,1,0,1,0
mlb_824117,mlb_641401,2026-05-07,KCR,CLE,Connor Brogdon,1,0,4,2
mlb_824117,mlb_683769,2026-05-07,KCR,CLE,Hunter Gaddis,1,0,2,1
mlb_824117,mlb_681870,2026-05-07,KCR,CLE,Erik Sabrowski,1,0,1,0
mlb_824117,mlb_671922,2026-05-07,KCR,CLE,Cade Smith,1,0,3,0
mlb_824362,mlb_500779,2026-05-07,COL,NYM,Jose Quintana,0,1,17,2
mlb_824362,mlb_675848,2026-05-07,COL,NYM,Juan Mejia,0,0,3,0
mlb_824362,mlb_657514,2026-05-07,COL,NYM,Brennan Bernardino,0,0,1,0
mlb_824362,mlb_622608,2026-05-07,COL,NYM,Antonio Senzatela,0,0,6,0
mlb_824362,mlb_681035,2026-05-07,COL,NYM,Christian Scott,1,1,14,1
mlb_824362,mlb_623211,2026-05-07,COL,NYM,Huascar Brazobán,1,0,3,1
mlb_824362,mlb_681810,2026-05-07,COL,NYM,Austin Warren,1,0,4,0
mlb_824362,mlb_518886,2026-05-07,COL,NYM,Craig Kimbrel,1,0,3,4
mlb_824681,mlb_684007,2026-05-07,CHC,CIN,Shota Imanaga,0,1,18,1
mlb_824681,mlb_663423,2026-05-07,CHC,CIN,Trent Thornton,0,0,3,0
mlb_824681,mlb_668970,2026-05-07,CHC,CIN,Gavin Hollowell,0,0,5,2
mlb_824681,mlb_694037,2026-05-07,CHC,CIN,Daniel Palencia,0,0,1,0
mlb_824681,mlb_695076,2026-05-07,CHC,CIN,Rhett Lowder,1,1,9,3
mlb_824681,mlb_683175,2026-05-07,CHC,CIN,Connor Phillips,1,0,3,5
mlb_824681,mlb_682825,2026-05-07,CHC,CIN,Luis Mey,1,0,6,0
mlb_824681,mlb_683742,2026-05-07,CHC,CIN,Jose Franco,1,0,6,0
mlb_824767,mlb_687562,2026-05-07,BOS,TBR,Jake Bennett,0,1,16,4
mlb_824767,mlb_669711,2026-05-07,BOS,TBR,Greg Weissert,0,0,0,1
mlb_824767,mlb_701719,2026-05-07,BOS,TBR,Tyler Samaniego,0,0,2,0
mlb_824767,mlb_670245,2026-05-07,BOS,TBR,Ryan Watson,0,0,9,3
mlb_824767,mlb_643377,2026-05-07,BOS,TBR,Griffin Jax,1,1,12,3
mlb_824767,mlb_685801,2026-05-07,BOS,TBR,Hunter Bigge,1,0,6,0
mlb_824767,mlb_687330,2026-05-07,BOS,TBR,Kevin Kelly,1,0,3,0
mlb_824767,mlb_664076,2026-05-07,BOS,TBR,Garrett Cleavinger,1,0,3,1
mlb_824767,mlb_642121,2026-05-07,BOS,TBR,Cole Sulser,1,0,3,0
mlb_825090,mlb_668678,2026-05-07,ARI,PIT,Zac Gallen,0,1,18,4
mlb_825090,mlb_805299,2026-05-07,ARI,PIT,Brandyn Garcia,0,0,3,0
mlb_825090,mlb_657044,2026-05-07,ARI,PIT,Ryan Thompson,0,0,3,0
mlb_825090,mlb_623149,2026-05-07,ARI,PIT,Paul Sewald,0,0,3,0
mlb_825090,mlb_656605,2026-05-07,ARI,PIT,Mitch Keller,1,1,18,2
mlb_825090,mlb_642701,2026-05-07,ARI,PIT,Dennis Santana,1,0,3,0
mlb_825090,mlb_682254,2026-05-07,ARI,PIT,Mason Montgomery,1,0,2,0
mlb_825090,mlb_676755,2026-05-07,ARI,PIT,Isaac Mattson,1,0,1,0
mlb_825090,mlb_642397,2026-05-07,ARI,PIT,Gregory Soto,1,0,3,0
mlb_822822,mlb_656302,2026-05-08,TOR,LAA,Dylan Cease,0,1,21,0
mlb_822822,mlb_656546,2026-05-08,TOR,LAA,Jeff Hoffman,0,0,3,0
mlb_822822,mlb_686973,2026-05-08,TOR,LAA,Louis Varland,0,0,3,0
mlb_822822,mlb_672282,2026-05-08,TOR,LAA,Reid Detmers,1,1,11,2
mlb_822822,mlb_820862,2026-05-08,TOR,LAA,José Fermin,1,0,4,0
mlb_822822,mlb_608718,2026-05-08,TOR,LAA,Brent Suter,1,0,3,0
mlb_822822,mlb_489446,2026-05-08,TOR,LAA,Kirby Yates,1,0,3,0
mlb_822822,mlb_666201,2026-05-08,TOR,LAA,Alek Manoah,1,0,3,0
mlb_822904,mlb_677958,2026-05-08,TEX,CHC,Kumar Rocker,0,1,11,3
mlb_822904,mlb_615698,2026-05-08,TEX,CHC,Cal Quantrill,0,0,10,4
mlb_822904,mlb_641302,2026-05-08,TEX,CHC,Tyler Alexander,0,0,3,0
mlb_822904,mlb_596001,2026-05-08,TEX,CHC,Jakob Junis,0,0,3,0
mlb_822904,mlb_676962,2026-05-08,TEX,CHC,Ben Brown,1,1,12,0
mlb_822904,mlb_669020,2026-05-08,TEX,CHC,Ryan Rolison,1,0,1,1
mlb_822904,mlb_665871,2026-05-08,TEX,CHC,Javier Assad,1,0,11,0
mlb_822904,mlb_681799,2026-05-08,TEX,CHC,Ethan Roberts,1,0,3,0
mlb_823225,mlb_592662,2026-05-08,SFG,PIT,Robbie Ray,0,1,18,1
mlb_823225,mlb_676775,2026-05-08,SFG,PIT,Keaton Winn,0,0,3,0
mlb_823225,mlb_657424,2026-05-08,SFG,PIT,Matt Gage,0,0,3,0
mlb_823225,mlb_668873,2026-05-08,SFG,PIT,Caleb Kilian,0,0,3,1
mlb_823225,mlb_669387,2026-05-08,SFG,PIT,Carmen Mlodzinski,1,1,18,2
mlb_823225,mlb_664875,2026-05-08,SFG,PIT,Justin Lawrence,1,0,0,3
mlb_823225,mlb_681895,2026-05-08,SFG,PIT,Evan Sisk,1,0,3,0
mlb_823225,mlb_676742,2026-05-08,SFG,PIT,Cam Sanders,1,0,3,0
mlb_823303,mlb_656288,2026-05-08,SDP,STL,Griffin Canning,0,1,13,6
mlb_823303,mlb_673513,2026-05-08,SDP,STL,Yuki Matsui,0,0,8,0
mlb_823303,mlb_593974,2026-05-08,SDP,STL,Wandy Peralta,0,0,3,0
mlb_823303,mlb_676760,2026-05-08,SDP,STL,Ron Marinaccio,0,0,3,0
mlb_823303,mlb_700241,2026-05-08,SDP,STL,Michael McGreevy,1,1,18,0
mlb_823303,mlb_700669,2026-05-08,SDP,STL,Gordon Graceffo,1,0,6,0
mlb_823303,mlb_592773,2026-05-08,SDP,STL,Ryne Stanek,1,0,3,0
mlb_823466,mlb_666200,2026-05-08,PHI,COL,Jesús Luzardo,0,1,9,6
mlb_823466,mlb_680742,2026-05-08,PHI,COL,Jonathan Bowlan,0,0,6,0
mlb_823466,mlb_641835,2026-05-08,PHI,COL,Tim Mayza,0,0,6,1
mlb_823466,mlb_661395,2026-05-08,PHI,COL,Jhoan Duran,0,0,3,0
mlb_823466,mlb_621237,2026-05-08,PHI,COL,José Alvarado,0,0,3,0
mlb_823466,mlb_689147,2026-05-08,PHI,COL,Orion Kerkering,0,0,3,0
mlb_823466,mlb_641745,2026-05-08,PHI,COL,Brad Keller,0,0,3,2
mlb_823466,mlb_801403,2026-05-08,PHI,COL,Chase Dollander,1,1,17,2
mlb_823466,mlb_677955,2026-05-08,PHI,COL,Jaden Hill,1,0,3,0
mlb_823466,mlb_657514,2026-05-08,PHI,COL,Brennan Bernardino,1,0,1,3
mlb_823466,mlb_623474,2026-05-08,PHI,COL,Jimmy Herget,1,0,3,2
mlb_823466,mlb_680767,2026-05-08,PHI,COL,Victor Vodnik,1,0,6,0
mlb_823466,mlb_675848,2026-05-08,PHI,COL,Juan Mejia,1,0,3,0
mlb_823794,mlb_694819,2026-05-08,MIL,NYY,Jacob Misiorowski,0,1,18,0
mlb_823794,mlb_675660,2026-05-08,MIL,NYY,Shane Drohan,0,0,9,0
mlb_823794,mlb_608331,2026-05-08,MIL,NYY,Max Fried,1,1,18,5
mlb_823794,mlb_665645,2026-05-08,MIL,NYY,Kervin Castro,1,0,6,1
mlb_823871,mlb_702281,2026-05-08,MIA,WSN,Robby Snelling,0,1,15,3
mlb_823871,mlb_669622,2026-05-08,MIA,WSN,Anthony Bender,0,0,3,0
mlb_823871,mlb_667463,2026-05-08,MIA,WSN,John King,0,0,2,0
mlb_823871,mlb_663969,2026-05-08,MIA,WSN,Tyler Phillips,0,0,7,0
mlb_823871,mlb_656492,2026-05-08,MIA,WSN,Foster Griffin,1,1,21,2
mlb_823871,mlb_695418,2026-05-08,MIA,WSN,Brad Lord,1,0,5,0
mlb_823871,mlb_676571,2026-05-08,MIA,WSN,PJ Poulin,1,0,1,0
mlb_823957,mlb_686218,2026-05-08,LAD,ATL,Emmet Sheehan,0,1,14,1
mlb_823957,mlb_681911,2026-05-08,LAD,ATL,Alex Vesia,0,0,1,0
mlb_823957,mlb_669165,2026-05-08,LAD,ATL,Kyle Hurt,0,0,3,0
mlb_823957,mlb_694361,2026-05-08,LAD,ATL,Will Klein,0,0,3,0
mlb_823957,mlb_592779,2026-05-08,LAD,ATL,Brock Stewart,0,0,3,0
mlb_823957,mlb_656945,2026-05-08,LAD,ATL,Tanner Scott,0,0,3,0
mlb_823957,mlb_519242,2026-05-08,LAD,ATL,Chris Sale,1,1,21,3
mlb_823957,mlb_607481,2026-05-08,LAD,ATL,Aaron Bummer,1,0,3,0
mlb_824116,mlb_663460,2026-05-08,KCR,DET,Kris Bubic,0,1,17,3
mlb_824116,mlb_683232,2026-05-08,KCR,DET,Nick Mears,0,0,1,0
mlb_824116,mlb_679883,2026-05-08,KCR,DET,Luinder Avila,0,0,3,0
mlb_824116,mlb_670167,2026-05-08,KCR,DET,John Schreiber,0,0,3,0
mlb_824116,mlb_668674,2026-05-08,KCR,DET,Lucas Erceg,0,0,3,0
mlb_824116,mlb_672456,2026-05-08,KCR,DET,Keider Montero,1,1,18,1
mlb_824116,mlb_663947,2026-05-08,KCR,DET,Tyler Holton,1,0,3,0
mlb_824116,mlb_640448,2026-05-08,KCR,DET,Kyle Finnegan,1,0,0,2
mlb_824116,mlb_676428,2026-05-08,KCR,DET,Brant Hurter,1,0,5,1
mlb_824443,mlb_800048,2026-05-08,CLE,MIN,Parker Messick,0,1,17,1
mlb_824443,mlb_670036,2026-05-08,CLE,MIN,Matt Festa,0,0,2,2
mlb_824443,mlb_670059,2026-05-08,CLE,MIN,Colin Holderman,0,0,2,0
mlb_824443,mlb_682120,2026-05-08,CLE,MIN,Tim Herrin,0,0,3,0
mlb_824443,mlb_671922,2026-05-08,CLE,MIN,Cade Smith,0,0,3,1
mlb_824443,mlb_687570,2026-05-08,CLE,MIN,Connor Prielipp,1,1,15,4
mlb_824443,mlb_681892,2026-05-08,CLE,MIN,Kody Funderburk,1,0,4,1
mlb_824443,mlb_679358,2026-05-08,CLE,MIN,Eric Orze,1,0,2,0
mlb_824443,mlb_607455,2026-05-08,CLE,MIN,Anthony Banda,1,0,2,1
mlb_824443,mlb_672782,2026-05-08,CLE,MIN,Yoendrys Gómez,1,0,1,0
mlb_824522,mlb_666157,2026-05-08,CIN,HOU,Nick Lodolo,0,1,16,4
mlb_824522,mlb_572955,2026-05-08,CIN,HOU,Pierce Johnson,0,0,5,0
mlb_824522,mlb_622088,2026-05-08,CIN,HOU,Tejay Antone,0,0,3,1
mlb_824522,mlb_663574,2026-05-08,CIN,HOU,Tony Santillan,0,0,0,4
mlb_824522,mlb_624431,2026-05-08,CIN,HOU,Jose Trevino,0,0,3,1
mlb_824522,mlb_681347,2026-05-08,CIN,HOU,Mike Burrows,1,1,21,0
mlb_824522,mlb_805123,2026-05-08,CIN,HOU,AJ Blubaugh,1,0,3,0
mlb_824522,mlb_701121,2026-05-08,CIN,HOU,Logan VanWey,1,0,3,0
mlb_824607,mlb_680732,2026-05-08,CHW,SEA,Sean Burke,0,1,13,6
mlb_824607,mlb_656794,2026-05-08,CHW,SEA,Sean Newcomb,0,0,5,0
mlb_824607,mlb_699823,2026-05-08,CHW,SEA,Tyler Davis,0,0,3,3
mlb_824607,mlb_670950,2026-05-08,CHW,SEA,Trevor Richards,0,0,3,3
mlb_824607,mlb_622554,2026-05-08,CHW,SEA,Seranthony Domínguez,0,0,3,0
mlb_824607,mlb_676106,2026-05-08,CHW,SEA,Emerson Hancock,1,1,18,5
mlb_824607,mlb_660825,2026-05-08,CHW,SEA,Eduard Bazardo,1,0,3,0
mlb_824607,mlb_695380,2026-05-08,CHW,SEA,Alex Hoppe,1,0,3,2
mlb_824607,mlb_681006,2026-05-08,CHW,SEA,Josh Simpson,1,0,3,1
mlb_824768,mlb_813349,2026-05-08,BOS,TBR,Connelly Early,0,1,21,0
mlb_824768,mlb_676477,2026-05-08,BOS,TBR,Garrett Whitlock,0,0,3,0
mlb_824768,mlb_547973,2026-05-08,BOS,TBR,Aroldis Chapman,0,0,3,0
mlb_824768,mlb_669947,2026-05-08,BOS,TBR,Jesse Scholtens,1,1,14,2
mlb_824768,mlb_669438,2026-05-08,BOS,TBR,Mason Englert,1,0,10,0
mlb_824846,mlb_680694,2026-05-08,BAL,ATH,Kyle Bradish,0,1,21,3
mlb_824846,mlb_694346,2026-05-08,BAL,ATH,Trey Gibson,0,0,6,1
mlb_824846,mlb_682052,2026-05-08,BAL,ATH,Jacob Lopez,1,1,16,2
mlb_824846,mlb_686993,2026-05-08,BAL,ATH,Justin Sterner,1,0,2,0
mlb_824846,mlb_605130,2026-05-08,BAL,ATH,Scott Barlow,1,0,3,0
mlb_824846,mlb_669270,2026-05-08,BAL,ATH,Joel Kuhnel,1,0,3,0
mlb_824846,mlb_678022,2026-05-08,BAL,ATH,Jack Perkins,1,0,2,1
mlb_824846,mlb_663687,2026-05-08,BAL,ATH,Hogan Harris,1,0,1,0
mlb_825088,mlb_669194,2026-05-08,ARI,NYM,Ryne Nelson,0,1,20,1
mlb_825088,mlb_666661,2026-05-08,ARI,NYM,Juan Morillo,0,0,4,0
mlb_825088,mlb_805299,2026-05-08,ARI,NYM,Brandyn Garcia,0,0,3,0
mlb_825088,mlb_656464,2026-05-08,ARI,NYM,Kevin Ginkel,0,0,1,2
mlb_825088,mlb_642528,2026-05-08,ARI,NYM,Jonathan Loáisiga,0,0,2,0
mlb_825088,mlb_690997,2026-05-08,ARI,NYM,Nolan McLean,1,1,18,1
mlb_825088,mlb_596133,2026-05-08,ARI,NYM,Luke Weaver,1,0,3,0
mlb_825088,mlb_548384,2026-05-08,ARI,NYM,Brooks Raley,1,0,3,0
mlb_825088,mlb_642207,2026-05-08,ARI,NYM,Devin Williams,1,0,3,0
mlb_825088,mlb_668964,2026-05-08,ARI,NYM,Tobias Myers,1,0,3,0
mlb_822820,mlb_702056,2026-05-09,TOR,LAA,Trey Yesavage,0,1,12,0
mlb_822820,mlb_689254,2026-05-09,TOR,LAA,Mason Fluharty,0,0,3,0
mlb_822820,mlb_680755,2026-05-09,TOR,LAA,Braydon Fisher,0,0,3,0
mlb_822820,mlb_573009,2026-05-09,TOR,LAA,Joe Mantiply,0,0,3,0
mlb_822820,mlb_643511,2026-05-09,TOR,LAA,Tyler Rogers,0,0,3,1
mlb_822820,mlb_667297,2026-05-09,TOR,LAA,Tommy Nance,0,0,3,0
mlb_822820,mlb_686799,2026-05-09,TOR,LAA,Jack Kochanowicz,1,1,12,7
mlb_822820,mlb_815083,2026-05-09,TOR,LAA,Mitch Farris,1,0,9,3
mlb_822820,mlb_624428,2026-05-09,TOR,LAA,Adam Frazier,1,0,3,4
mlb_822905,mlb_683004,2026-05-09,TEX,CHC,Jack Leiter,0,1,14,0
mlb_822905,mlb_656222,2026-05-09,TEX,CHC,Jalen Beeks,0,0,4,0
mlb_822905,mlb_668390,2026-05-09,TEX,CHC,Cole Winn,0,0,3,0
mlb_822905,mlb_686560,2026-05-09,TEX,CHC,Gavin Collyer,0,0,6,0
mlb_822905,mlb_665795,2026-05-09,TEX,CHC,Edward Cabrera,1,1,15,5
mlb_822905,mlb_657097,2026-05-09,TEX,CHC,Jacob Webb,1,0,3,1
mlb_822905,mlb_681799,2026-05-09,TEX,CHC,Ethan Roberts,1,0,6,0
mlb_823224,mlb_694738,2026-05-09,SFG,PIT,Landen Roupp,0,1,12,1
mlb_823224,mlb_621366,2026-05-09,SFG,PIT,Ryan Borucki,0,0,2,1
mlb_823224,mlb_676254,2026-05-09,SFG,PIT,Ryan Walker,0,0,2,2
mlb_823224,mlb_657424,2026-05-09,SFG,PIT,Matt Gage,0,0,2,0
mlb_823224,mlb_664141,2026-05-09,SFG,PIT,JT Brubaker,0,0,2,4
mlb_823224,mlb_666619,2026-05-09,SFG,PIT,Gregory Santos,0,0,4,2
mlb_823224,mlb_683766,2026-05-09,SFG,PIT,Christian Koss,0,0,3,3
mlb_823224,mlb_677952,2026-05-09,SFG,PIT,Braxton Ashcraft,1,1,21,1
mlb_823224,mlb_681895,2026-05-09,SFG,PIT,Evan Sisk,1,0,3,0
mlb_823224,mlb_676742,2026-05-09,SFG,PIT,Cam Sanders,1,0,3,2
mlb_823304,mlb_681190,2026-05-09,SDP,STL,Randy Vásquez,0,1,15,1
mlb_823304,mlb_669093,2026-05-09,SDP,STL,Jeremiah Estrada,0,0,3,0
mlb_823304,mlb_592094,2026-05-09,SDP,STL,Jason Adam,0,0,3,0
mlb_823304,mlb_670970,2026-05-09,SDP,STL,Adrian Morejon,0,0,2,1
mlb_823304,mlb_695243,2026-05-09,SDP,STL,Mason Miller,0,0,4,0
mlb_823304,mlb_669160,2026-05-09,SDP,STL,Dustin May,1,1,18,3
mlb_823304,mlb_677865,2026-05-09,SDP,STL,Justin Bruihl,1,0,3,0
mlb_823304,mlb_694335,2026-05-09,SDP,STL,Matt Svanson,1,0,3,1
mlb_823468,mlb_605400,2026-05-09,PHI,COL,Aaron Nola,0,1,14,3
mlb_823468,mlb_641835,2026-05-09,PHI,COL,Tim Mayza,0,0,1,0
mlb_823468,mlb_621383,2026-05-09,PHI,COL,Tanner Banks,0,0,6,0
mlb_823468,mlb_663767,2026-05-09,PHI,COL,Chase Shugart,0,0,3,0
mlb_823468,mlb_689147,2026-05-09,PHI,COL,Orion Kerkering,0,0,3,0
mlb_823468,mlb_607536,2026-05-09,PHI,COL,Kyle Freeland,1,1,15,7
mlb_823468,mlb_685299,2026-05-09,PHI,COL,Tanner Gordon,1,0,9,2
mlb_823792,mlb_690986,2026-05-09,MIL,NYY,Kyle Harrison,0,1,12,2
mlb_823792,mlb_694477,2026-05-09,MIL,NYY,Chad Patrick,0,0,9,0
mlb_823792,mlb_669084,2026-05-09,MIL,NYY,DL Hall,0,0,3,0
mlb_823792,mlb_676879,2026-05-09,MIL,NYY,Aaron Ashby,0,0,6,1
mlb_823792,mlb_693645,2026-05-09,MIL,NYY,Cam Schlittler,1,1,18,0
mlb_823792,mlb_687396,2026-05-09,MIL,NYY,Brent Headrick,1,0,4,1
mlb_823792,mlb_666808,2026-05-09,MIL,NYY,Camilo Doval,1,0,2,1
mlb_823792,mlb_670280,2026-05-09,MIL,NYY,David Bednar,1,0,3,0
mlb_823792,mlb_518585,2026-05-09,MIL,NYY,Fernando Cruz,1,0,1,2
mlb_823792,mlb_657612,2026-05-09,MIL,NYY,Tim Hill,1,0,1,0
mlb_823869,mlb_676083,2026-05-09,MIA,WSN,Janson Junk,0,1,18,4
mlb_823869,mlb_669199,2026-05-09,MIA,WSN,Lake Bachar,0,0,3,0
mlb_823869,mlb_677053,2026-05-09,MIA,WSN,Andrew Nardi,0,0,3,0
mlb_823869,mlb_656848,2026-05-09,MIA,WSN,Michael Petersen,0,0,2,3
mlb_823869,mlb_667463,2026-05-09,MIA,WSN,John King,0,0,1,0
mlb_823869,mlb_663992,2026-05-09,MIA,WSN,Richard Lovelady,1,1,6,0
mlb_823869,mlb_641793,2026-05-09,MIA,WSN,Zack Littell,1,0,12,3
mlb_823869,mlb_680730,2026-05-09,MIA,WSN,Mitchell Parker,1,0,3,5
mlb_823869,mlb_687849,2026-05-09,MIA,WSN,Zak Kent,1,0,3,0
mlb_823955,mlb_605483,2026-05-09,LAD,ATL,Blake Snell,0,1,9,5
mlb_823955,mlb_676263,2026-05-09,LAD,ATL,Jack Dreyer,0,0,4,0
mlb_823955,mlb_683618,2026-05-09,LAD,ATL,Edgardo Henriquez,0,0,5,1
mlb_823955,mlb_801434,2026-05-09,LAD,ATL,Paul Gervase,0,0,9,1
mlb_823955,mlb_675911,2026-05-09,LAD,ATL,Spencer Strider,1,1,18,0
mlb_823955,mlb_669276,2026-05-09,LAD,ATL,Dylan Lee,1,0,3,0
mlb_823955,mlb_625643,2026-05-09,LAD,ATL,Reynaldo López,1,0,6,2
mlb_824115,mlb_608379,2026-05-09,KCR,DET,Michael Wacha,0,1,21,0
mlb_824115,mlb_621381,2026-05-09,KCR,DET,Matt Strahm,0,0,3,1
mlb_824115,mlb_674444,2026-05-09,KCR,DET,Steven Cruz,0,0,3,0
mlb_824115,mlb_572143,2026-05-09,KCR,DET,Burch Smith,1,1,1,2
mlb_824115,mlb_663947,2026-05-09,KCR,DET,Tyler Holton,1,0,5,0
mlb_824115,mlb_680744,2026-05-09,KCR,DET,Ty Madden,1,0,18,3
mlb_824444,mlb_676440,2026-05-09,CLE,MIN,Tanner Bibee,0,1,18,1
mlb_824444,mlb_683769,2026-05-09,CLE,MIN,Hunter Gaddis,0,0,3,0
mlb_824444,mlb_670059,2026-05-09,CLE,MIN,Colin Holderman,0,0,3,0
mlb_824444,mlb_681870,2026-05-09,CLE,MIN,Erik Sabrowski,0,0,3,0
mlb_824444,mlb_688883,2026-05-09,CLE,MIN,Peyton Pallette,0,0,6,1
mlb_824444,mlb_657746,2026-05-09,CLE,MIN,Joe Ryan,1,1,18,1
mlb_824444,mlb_702193,2026-05-09,CLE,MIN,Andrew Morris,1,0,2,0
mlb_824444,mlb_573124,2026-05-09,CLE,MIN,Taylor Rogers,1,0,3,0
mlb_824444,mlb_672782,2026-05-09,CLE,MIN,Yoendrys Gómez,1,0,1,0
mlb_824444,mlb_681892,2026-05-09,CLE,MIN,Kody Funderburk,1,0,1,0
mlb_824444,mlb_679358,2026-05-09,CLE,MIN,Eric Orze,1,0,5,0
mlb_824444,mlb_472610,2026-05-09,CLE,MIN,Luis García,1,0,3,0
mlb_824523,mlb_695505,2026-05-09,CIN,HOU,Chase Burns,0,1,18,1
mlb_824523,mlb_656271,2026-05-09,CIN,HOU,Brock Burke,0,0,3,0
mlb_824523,mlb_668933,2026-05-09,CIN,HOU,Graham Ashcraft,0,0,3,0
mlb_824523,mlb_572955,2026-05-09,CIN,HOU,Pierce Johnson,0,0,3,0
mlb_824523,mlb_681293,2026-05-09,CIN,HOU,Spencer Arrighetti,1,1,17,3
mlb_824523,mlb_660853,2026-05-09,CIN,HOU,Enyel De Los Santos,1,0,3,0
mlb_824523,mlb_595345,2026-05-09,CIN,HOU,Steven Okert,1,0,3,0
mlb_824523,mlb_650556,2026-05-09,CIN,HOU,Bryan Abreu,1,0,1,0
mlb_824606,mlb_641743,2026-05-09,CHW,SEA,Anthony Kay,0,1,15,1
mlb_824606,mlb_691799,2026-05-09,CHW,SEA,Grant Taylor,0,0,6,0
mlb_824606,mlb_663542,2026-05-09,CHW,SEA,Bryan Hudson,0,0,3,0
mlb_824606,mlb_805326,2026-05-09,CHW,SEA,Tyler Schweitzer,0,0,3,0
mlb_824606,mlb_622491,2026-05-09,CHW,SEA,Luis Castillo,1,1,12,4
mlb_824606,mlb_681006,2026-05-09,CHW,SEA,Josh Simpson,1,0,3,1
mlb_824606,mlb_689546,2026-05-09,CHW,SEA,Nick Davila,1,0,3,0
mlb_824606,mlb_660761,2026-05-09,CHW,SEA,José Suarez,1,0,6,1
mlb_824847,mlb_669358,2026-05-09,BAL,ATH,Shane Baz,0,1,14,5
mlb_824847,mlb_642152,2026-05-09,BAL,ATH,Lou Trivino,0,0,7,0
mlb_824847,mlb_608650,2026-05-09,BAL,ATH,Dietrich Enns,0,0,3,0
mlb_824847,mlb_552640,2026-05-09,BAL,ATH,Andrew Kittredge,0,0,3,1
mlb_824847,mlb_650644,2026-05-09,BAL,ATH,Aaron Civale,1,1,15,0
mlb_824847,mlb_663687,2026-05-09,BAL,ATH,Hogan Harris,1,0,3,0
mlb_824847,mlb_605130,2026-05-09,BAL,ATH,Scott Barlow,1,0,3,0
mlb_824847,mlb_643410,2026-05-09,BAL,ATH,Mark Leiter Jr.,1,0,3,2
mlb_824847,mlb_669270,2026-05-09,BAL,ATH,Joel Kuhnel,1,0,3,0
mlb_825089,mlb_518876,2026-05-09,ARI,NYM,Merrill Kelly,0,1,21,1
mlb_825089,mlb_664199,2026-05-09,ARI,NYM,Taylor Clarke,0,0,3,0
mlb_825089,mlb_623149,2026-05-09,ARI,NYM,Paul Sewald,0,0,3,0
mlb_825089,mlb_605280,2026-05-09,ARI,NYM,Clay Holmes,1,1,17,2
mlb_825089,mlb_681810,2026-05-09,ARI,NYM,Austin Warren,1,0,4,0
mlb_825089,mlb_518886,2026-05-09,ARI,NYM,Craig Kimbrel,1,0,3,0
mlb_822819,mlb_693686,2026-05-10,TOR,LAA,Spencer Miles,0,1,9,0
mlb_822819,mlb_667297,2026-05-10,TOR,LAA,Tommy Nance,0,0,3,0
mlb_822819,mlb_641778,2026-05-10,TOR,LAA,Eric Lauer,0,0,15,6
mlb_822819,mlb_667755,2026-05-10,TOR,LAA,José Soriano,1,1,23,1
mlb_822819,mlb_696147,2026-05-10,TOR,LAA,Sam Bachman,1,0,1,0
mlb_822819,mlb_666171,2026-05-10,TOR,LAA,Ryan Zeferjahn,1,0,3,0
mlb_822902,mlb_594798,2026-05-10,TEX,CHC,Jacob deGrom,0,1,21,0
mlb_822902,mlb_656641,2026-05-10,TEX,CHC,Jacob Latz,0,0,6,0
mlb_822902,mlb_592791,2026-05-10,TEX,CHC,Jameson Taillon,1,1,16,1
mlb_822902,mlb_571948,2026-05-10,TEX,CHC,Hoby Milner,1,0,2,0
mlb_822902,mlb_664208,2026-05-10,TEX,CHC,Phil Maton,1,0,4,0
mlb_822902,mlb_694037,2026-05-10,TEX,CHC,Daniel Palencia,1,0,2,2
mlb_823221,mlb_641816,2026-05-10,SFG,PIT,Tyler Mahle,0,1,17,4
mlb_823221,mlb_676775,2026-05-10,SFG,PIT,Keaton Winn,0,0,3,0
mlb_823221,mlb_656529,2026-05-10,SFG,PIT,Sam Hentges,0,0,1,0
mlb_823221,mlb_668873,2026-05-10,SFG,PIT,Caleb Kilian,0,0,3,0
mlb_823221,mlb_666711,2026-05-10,SFG,PIT,Joel Peguero,0,0,4,2
mlb_823221,mlb_681916,2026-05-10,SFG,PIT,Dylan Smith,0,0,2,0
mlb_823221,mlb_621366,2026-05-10,SFG,PIT,Ryan Borucki,0,0,6,0
mlb_823221,mlb_696149,2026-05-10,SFG,PIT,Bubba Chandler,1,1,15,2
mlb_823221,mlb_676755,2026-05-10,SFG,PIT,Isaac Mattson,1,0,1,2
mlb_823221,mlb_682254,2026-05-10,SFG,PIT,Mason Montgomery,1,0,5,0
mlb_823221,mlb_642701,2026-05-10,SFG,PIT,Dennis Santana,1,0,2,0
mlb_823221,mlb_642397,2026-05-10,SFG,PIT,Gregory Soto,1,0,4,0
mlb_823221,mlb_670990,2026-05-10,SFG,PIT,Yohan Ramírez,1,0,6,2
mlb_823221,mlb_664875,2026-05-10,SFG,PIT,Justin Lawrence,1,0,1,1
mlb_823305,mlb_621111,2026-05-10,SDP,STL,Walker Buehler,0,1,18,2
mlb_823305,mlb_676760,2026-05-10,SDP,STL,Ron Marinaccio,0,0,6,0
mlb_823305,mlb_699134,2026-05-10,SDP,STL,Bradgley Rodriguez,0,0,3,0
mlb_823305,mlb_669093,2026-05-10,SDP,STL,Jeremiah Estrada,0,0,2,0
mlb_823305,mlb_670970,2026-05-10,SDP,STL,Adrian Morejon,0,0,1,0
mlb_823305,mlb_681517,2026-05-10,SDP,STL,Kyle Leahy,1,1,15,0
mlb_823305,mlb_592773,2026-05-10,SDP,STL,Ryne Stanek,1,0,3,0
mlb_823305,mlb_668941,2026-05-10,SDP,STL,JoJo Romero,1,0,4,0
mlb_823305,mlb_666277,2026-05-10,SDP,STL,George Soriano,1,0,2,0
mlb_823305,mlb_676617,2026-05-10,SDP,STL,Riley O'Brien,1,0,3,2
mlb_823305,mlb_700669,2026-05-10,SDP,STL,Gordon Graceffo,1,0,1,1
mlb_823463,mlb_650911,2026-05-10,PHI,COL,Cristopher Sánchez,0,1,21,0
mlb_823463,mlb_680742,2026-05-10,PHI,COL,Jonathan Bowlan,0,0,3,0
mlb_823463,mlb_661395,2026-05-10,PHI,COL,Jhoan Duran,0,0,3,0
mlb_823463,mlb_608372,2026-05-10,PHI,COL,Tomoyuki Sugano,1,1,15,5
mlb_823463,mlb_678020,2026-05-10,PHI,COL,Seth Halvorsen,1,0,3,1
mlb_823463,mlb_688642,2026-05-10,PHI,COL,Zach Agnos,1,0,6,0
mlb_823793,mlb_701656,2026-05-10,MIL,NYY,Logan Henderson,0,1,15,2
mlb_823793,mlb_669084,2026-05-10,MIL,NYY,DL Hall,0,0,3,1
mlb_823793,mlb_656730,2026-05-10,MIL,NYY,Trevor Megill,0,0,3,0
mlb_823793,mlb_676879,2026-05-10,MIL,NYY,Aaron Ashby,0,0,3,0
mlb_823793,mlb_682842,2026-05-10,MIL,NYY,Abner Uribe,0,0,3,0
mlb_823793,mlb_607074,2026-05-10,MIL,NYY,Carlos Rodón,1,1,13,3
mlb_823793,mlb_656234,2026-05-10,MIL,NYY,Jake Bird,1,0,2,0
mlb_823793,mlb_621112,2026-05-10,MIL,NYY,Paul Blackburn,1,0,2,0
mlb_823793,mlb_518585,2026-05-10,MIL,NYY,Fernando Cruz,1,0,4,0
mlb_823793,mlb_657612,2026-05-10,MIL,NYY,Tim Hill,1,0,3,0
mlb_823793,mlb_670280,2026-05-10,MIL,NYY,David Bednar,1,0,2,1
mlb_823868,mlb_645261,2026-05-10,MIA,WSN,Sandy Alcantara,0,1,18,2
mlb_823868,mlb_676534,2026-05-10,MIA,WSN,Calvin Faucher,0,0,6,0
mlb_823868,mlb_677053,2026-05-10,MIA,WSN,Andrew Nardi,0,0,2,0
mlb_823868,mlb_694795,2026-05-10,MIA,WSN,Josh Ekness,0,0,1,0
mlb_823868,mlb_676917,2026-05-10,MIA,WSN,Cade Cavalli,1,1,17,2
mlb_823868,mlb_676571,2026-05-10,MIA,WSN,PJ Poulin,1,0,1,0
mlb_823868,mlb_687377,2026-05-10,MIA,WSN,Orlando Ribalta,1,0,3,0
mlb_823868,mlb_681402,2026-05-10,MIA,WSN,Gus Varland,1,0,1,3
mlb_823868,mlb_687606,2026-05-10,MIA,WSN,Paxton Schultz,1,0,2,0
mlb_823954,mlb_680736,2026-05-10,LAD,ATL,Justin Wrobleski,0,1,26,7
mlb_823954,mlb_670090,2026-05-10,LAD,ATL,Wyatt Mills,0,0,1,0
mlb_823954,mlb_693821,2026-05-10,LAD,ATL,Bryce Elder,1,1,17,0
mlb_823954,mlb_663158,2026-05-10,LAD,ATL,Robert Suarez,1,0,4,0
mlb_823954,mlb_641755,2026-05-10,LAD,ATL,Tyler Kinley,1,0,3,2
mlb_823954,mlb_628452,2026-05-10,LAD,ATL,Raisel Iglesias,1,0,3,0
mlb_824113,mlb_702070,2026-05-10,KCR,DET,Noah Cameron,0,1,12,3
mlb_824113,mlb_670167,2026-05-10,KCR,DET,John Schreiber,0,0,3,0
mlb_824113,mlb_683232,2026-05-10,KCR,DET,Nick Mears,0,0,2,2
mlb_824113,mlb_663738,2026-05-10,KCR,DET,Daniel Lynch IV,0,0,2,1
mlb_824113,mlb_656638,2026-05-10,KCR,DET,Alex Lange,0,0,5,0
mlb_824113,mlb_674444,2026-05-10,KCR,DET,Steven Cruz,0,0,3,0
mlb_824113,mlb_669724,2026-05-10,KCR,DET,Brenan Hanifee,1,1,2,0
mlb_824113,mlb_676428,2026-05-10,KCR,DET,Brant Hurter,1,0,4,0
mlb_824113,mlb_623454,2026-05-10,KCR,DET,Drew Anderson,1,0,6,3
mlb_824113,mlb_646241,2026-05-10,KCR,DET,Enmanuel De Jesus,1,0,7,0
mlb_824113,mlb_640448,2026-05-10,KCR,DET,Kyle Finnegan,1,0,5,0
mlb_824113,mlb_445276,2026-05-10,KCR,DET,Kenley Jansen,1,0,3,0
mlb_824440,mlb_668909,2026-05-10,CLE,MIN,Gavin Williams,0,1,18,5
mlb_824440,mlb_680916,2026-05-10,CLE,MIN,Franco Aleman,0,0,6,0
mlb_824440,mlb_682120,2026-05-10,CLE,MIN,Tim Herrin,0,0,3,0
mlb_824440,mlb_702193,2026-05-10,CLE,MIN,Andrew Morris,1,1,3,0
mlb_824440,mlb_696070,2026-05-10,CLE,MIN,Kendry Rojas,1,0,10,1
mlb_824440,mlb_701519,2026-05-10,CLE,MIN,Travis Adams,1,0,4,2
mlb_824440,mlb_607455,2026-05-10,CLE,MIN,Anthony Banda,1,0,4,0
mlb_824440,mlb_472610,2026-05-10,CLE,MIN,Luis García,1,0,3,1
mlb_824440,mlb_672782,2026-05-10,CLE,MIN,Yoendrys Gómez,1,0,3,0
mlb_824520,mlb_671096,2026-05-10,CIN,HOU,Andrew Abbott,0,1,18,0
mlb_824520,mlb_622088,2026-05-10,CIN,HOU,Tejay Antone,0,0,3,0
mlb_824520,mlb_594580,2026-05-10,CIN,HOU,Sam Moll,0,0,3,0
mlb_824520,mlb_668933,2026-05-10,CIN,HOU,Graham Ashcraft,0,0,3,0
mlb_824520,mlb_678906,2026-05-10,CIN,HOU,Kai-Wei Teng,1,1,9,3
mlb_824520,mlb_805123,2026-05-10,CIN,HOU,AJ Blubaugh,1,0,3,0
mlb_824520,mlb_675989,2026-05-10,CIN,HOU,Cody Bolton,1,0,6,2
mlb_824520,mlb_681151,2026-05-10,CIN,HOU,Jayden Murray,1,0,3,0
mlb_824520,mlb_701121,2026-05-10,CIN,HOU,Logan VanWey,1,0,3,0
mlb_824605,mlb_663436,2026-05-10,CHW,SEA,Davis Martin,0,1,18,1
mlb_824605,mlb_656794,2026-05-10,CHW,SEA,Sean Newcomb,0,0,3,0
mlb_824605,mlb_663542,2026-05-10,CHW,SEA,Bryan Hudson,0,0,3,0
mlb_824605,mlb_622554,2026-05-10,CHW,SEA,Seranthony Domínguez,0,0,3,0
mlb_824605,mlb_669302,2026-05-10,CHW,SEA,Logan Gilbert,1,1,18,0
mlb_824605,mlb_678606,2026-05-10,CHW,SEA,José A. Ferrer,1,0,3,0
mlb_824605,mlb_660825,2026-05-10,CHW,SEA,Eduard Bazardo,1,0,3,2
mlb_824765,mlb_801139,2026-05-10,BOS,TBR,Payton Tolle,0,1,15,3
mlb_824765,mlb_677161,2026-05-10,BOS,TBR,Zack Kelly,0,0,1,1
mlb_824765,mlb_701719,2026-05-10,BOS,TBR,Tyler Samaniego,0,0,2,0
mlb_824765,mlb_686580,2026-05-10,BOS,TBR,Justin Slaten,0,0,3,0
mlb_824765,mlb_669711,2026-05-10,BOS,TBR,Greg Weissert,0,0,2,0
mlb_824765,mlb_663558,2026-05-10,BOS,TBR,Jovani Morán,0,0,4,0
mlb_824765,mlb_607259,2026-05-10,BOS,TBR,Nick Martinez,1,1,17,1
mlb_824765,mlb_687330,2026-05-10,BOS,TBR,Kevin Kelly,1,0,4,0
mlb_824765,mlb_664076,2026-05-10,BOS,TBR,Garrett Cleavinger,1,0,3,0
mlb_824765,mlb_641329,2026-05-10,BOS,TBR,Bryan Baker,1,0,3,0
mlb_824845,mlb_669211,2026-05-10,BAL,ATH,Keegan Akin,0,1,3,0
mlb_824845,mlb_605135,2026-05-10,BAL,ATH,Chris Bassitt,0,0,18,1
mlb_824845,mlb_689296,2026-05-10,BAL,ATH,Anthony Nunez,0,0,3,0
mlb_824845,mlb_670329,2026-05-10,BAL,ATH,Rico Garcia,0,0,3,0
mlb_824845,mlb_622663,2026-05-10,BAL,ATH,Luis Severino,1,1,16,2
mlb_824845,mlb_686993,2026-05-10,BAL,ATH,Justin Sterner,1,0,2,0
mlb_824845,mlb_665622,2026-05-10,BAL,ATH,Luis Medina,1,0,6,0
mlb_825085,mlb_593958,2026-05-10,ARI,NYM,Eduardo Rodriguez,0,1,25,1
mlb_825085,mlb_666661,2026-05-10,ARI,NYM,Juan Morillo,0,0,2,0
mlb_825085,mlb_623211,2026-05-10,ARI,NYM,Huascar Brazobán,1,1,3,2
mlb_825085,mlb_668964,2026-05-10,ARI,NYM,Tobias Myers,1,0,3,0
mlb_825085,mlb_656849,2026-05-10,ARI,NYM,David Peterson,1,0,15,3
mlb_825085,mlb_640455,2026-05-10,ARI,NYM,Sean Manaea,1,0,3,0
mlb_822818,mlb_592332,2026-05-11,TOR,TBR,Kevin Gausman,0,1,14,7
mlb_822818,mlb_689254,2026-05-11,TOR,TBR,Mason Fluharty,0,0,3,0
mlb_822818,mlb_680755,2026-05-11,TOR,TBR,Braydon Fisher,0,0,3,1
mlb_822818,mlb_573009,2026-05-11,TOR,TBR,Joe Mantiply,0,0,4,0
mlb_822818,mlb_684320,2026-05-11,TOR,TBR,Yariel Rodríguez,0,0,3,0
mlb_822818,mlb_656876,2026-05-11,TOR,TBR,Drew Rasmussen,1,1,18,3
mlb_822818,mlb_693855,2026-05-11,TOR,TBR,Ian Seymour,1,0,1,2
mlb_822818,mlb_685801,2026-05-11,TOR,TBR,Hunter Bigge,1,0,5,0
mlb_822818,mlb_641329,2026-05-11,TOR,TBR,Bryan Baker,1,0,3,0
mlb_822901,mlb_596001,2026-05-11,TEX,ARI,Jakob Junis,0,1,8,1
mlb_822901,mlb_656222,2026-05-11,TEX,ARI,Jalen Beeks,0,0,3,0
mlb_822901,mlb_682608,2026-05-11,TEX,ARI,Peyton Gray,0,0,8,0
mlb_822901,mlb_668390,2026-05-11,TEX,ARI,Cole Winn,0,0,3,0
mlb_822901,mlb_641302,2026-05-11,TEX,ARI,Tyler Alexander,0,0,5,0
mlb_822901,mlb_647336,2026-05-11,TEX,ARI,Michael Soroka,1,1,19,0
mlb_822901,mlb_805299,2026-05-11,TEX,ARI,Brandyn Garcia,1,0,2,0
mlb_822901,mlb_664199,2026-05-11,TEX,ARI,Taylor Clarke,1,0,3,0
mlb_822901,mlb_623149,2026-05-11,TEX,ARI,Paul Sewald,1,0,3,0
mlb_823953,mlb_808963,2026-05-11,LAD,SFG,Roki Sasaki,0,1,15,3
mlb_823953,mlb_595014,2026-05-11,LAD,SFG,Blake Treinen,0,0,3,0
mlb_823953,mlb_681911,2026-05-11,LAD,SFG,Alex Vesia,0,0,1,3
mlb_823953,mlb_694361,2026-05-11,LAD,SFG,Will Klein,0,0,2,0
mlb_823953,mlb_676263,2026-05-11,LAD,SFG,Jack Dreyer,0,0,3,0
mlb_823953,mlb_670090,2026-05-11,LAD,SFG,Wyatt Mills,0,0,3,3
mlb_823953,mlb_686790,2026-05-11,LAD,SFG,Trevor McDonald,1,1,16,3
mlb_823953,mlb_657424,2026-05-11,LAD,SFG,Matt Gage,1,0,5,0
mlb_823953,mlb_676775,2026-05-11,LAD,SFG,Keaton Winn,1,0,3,0
mlb_823953,mlb_664141,2026-05-11,LAD,SFG,JT Brubaker,1,0,3,0
mlb_824199,mlb_663567,2026-05-11,HOU,SEA,Peter Lambert,0,1,21,3
mlb_824199,mlb_595345,2026-05-11,HOU,SEA,Steven Okert,0,0,3,0
mlb_824199,mlb_687911,2026-05-11,HOU,SEA,Bryan King,0,0,3,0
mlb_824199,mlb_669923,2026-05-11,HOU,SEA,George Kirby,1,1,15,1
mlb_824199,mlb_689546,2026-05-11,HOU,SEA,Nick Davila,1,0,3,0
mlb_824199,mlb_681867,2026-05-11,HOU,SEA,Cooper Criswell,1,0,3,0
mlb_824199,mlb_660825,2026-05-11,HOU,SEA,Eduard Bazardo,1,0,3,0
mlb_824199,mlb_662253,2026-05-11,HOU,SEA,Andrés Muñoz,1,0,3,0
mlb_824441,mlb_676282,2026-05-11,CLE,LAA,Joey Cantillo,0,1,18,0
mlb_824441,mlb_670036,2026-05-11,CLE,LAA,Matt Festa,0,0,3,0
mlb_824441,mlb_670059,2026-05-11,CLE,LAA,Colin Holderman,0,0,3,1
mlb_824441,mlb_688883,2026-05-11,CLE,LAA,Peyton Pallette,0,0,3,1
mlb_824441,mlb_608718,2026-05-11,CLE,LAA,Brent Suter,1,1,5,2
mlb_824441,mlb_820862,2026-05-11,CLE,LAA,José Fermin,1,0,2,3
mlb_824441,mlb_489446,2026-05-11,CLE,LAA,Kirby Yates,1,0,2,2
mlb_824441,mlb_666201,2026-05-11,CLE,LAA,Alek Manoah,1,0,15,0
mlb_824844,mlb_687064,2026-05-11,BAL,NYY,Brandon Young,0,1,16,2
mlb_824844,mlb_608650,2026-05-11,BAL,NYY,Dietrich Enns,0,0,5,0
mlb_824844,mlb_670329,2026-05-11,BAL,NYY,Rico Garcia,0,0,3,0
mlb_824844,mlb_689296,2026-05-11,BAL,NYY,Anthony Nunez,0,0,3,0
mlb_824844,mlb_677960,2026-05-11,BAL,NYY,Ryan Weathers,1,1,19,2
mlb_824844,mlb_687396,2026-05-11,BAL,NYY,Brent Headrick,1,0,2,1
mlb_824844,mlb_666808,2026-05-11,BAL,NYY,Camilo Doval,1,0,3,0
