name_norm,team,year,Throws,FBv,SwStr_pct,K_pct,xFIP,GS,pa
a.j. burnett,PITTSBURGH,2015,,91.7,,,4.37,26,699
aaron brooks,"KANSAS CITY,OAKLAND",2015,,92.2,,,6.08,9,250
aaron harang,PHILADELPHIA,2015,,89.6,,,5.07,29,748
aaron nola,PHILADELPHIA,2015,R,91.2,,,3.72,13,318
aaron sanchez,TORONTO,2015,,95.1,,,4.4,11,380
adam conley,MIAMI,2015,,91.8,,,3.56,11,281
adam morgan,PHILADELPHIA,2015,,89.5,,,4.77,15,352
adam wainwright,ST. LOUIS,2015,,90.6,,,,4,0
adam warren,NEW YORK,2015,,93.4,,,3.61,17,534
addison reed,,2015,,93.2,,,2.78,0,241
aj ramos,,2015,,93.1,,,2.76,0,277
al alburquerque,,2015,,94.4,,,4.07,0,271
alec asher,PHILADELPHIA,2015,,92.2,,,,7,0
alex colome,,2015,,94.6,,,4.34,0,457
alex wilson,DETROIT,2015,,93.3,,,2.85,1,273
alex wood,"ATLANTA,LOS ANGELES",2015,,89.7,,,4.25,31,801
alexi ogando,,2015,,95.2,,,4.13,0,277
alfredo simon,,2015,,93.5,,,5.3,0,820
allen webster,ARIZONA,2015,,92.0,,,,5,0
andrew cashner,SAN DIEGO,2015,,95.5,,,3.88,31,804
andrew chafin,,2015,,92.9,,,3.61,0,306
andrew heaney,LOS ANGELES,2015,,84.8,,,4.31,18,438
andrew miller,,2015,,94.9,,,2.07,0,246
anibal sanchez,,2015,,92.4,,,3.82,0,660
anthony bass,,2015,,93.2,,,4.07,0,272
anthony desclafani,CINCINNATI,2015,,93.4,,,3.93,31,785
anthony ranaudo,TEXAS,2015,,91.6,,,,2,0
antonio bastardo,,2015,,93.4,,,2.85,0,239
archie bradley,ARIZONA,2015,,92.8,,,,8,0
aroldis chapman,,2015,L,100.1,,,2.45,0,278
arquimedes caminero,,2015,,98.9,,,3.88,0,318
asher wojciechowski,HOUSTON,2015,,91.5,,,,3,0
bartolo colon,,2015,,90.9,,,4.1,0,815
blaine boyer,,2015,,93.0,,,3.77,0,268
blaine hardy,,2015,,88.8,,,3.53,0,265
blake treinen,,2015,R,97.1,,,3.21,0,280
brad boxberger,,2015,,93.3,,,4.05,0,271
brad brach,,2015,,94.7,,,3.03,0,324
brad hand,MIAMI,2015,,93.0,,,4.9,12,408
brad ziegler,,2015,,84.5,,,3.1,0,262
brandon finnegan,"CINCINNATI,KANSAS CITY",2015,,92.5,,,,4,0
brandon gomes,,2015,,91.4,,,4.16,0,245
brandon maurer,,2015,,95.9,,,2.94,0,206
brandon mccarthy,LOS ANGELES,2015,,94.5,,,,4,0
brandon morrow,SAN DIEGO,2015,,94.0,,,,5,0
brett anderson,LOS ANGELES,2015,,91.5,,,3.53,31,750
brett cecil,,2015,,92.4,,,2.26,0,214
brett oberholtzer,HOUSTON,2015,,89.1,,,,8,0
brian duensing,,2015,,92.3,,,4.93,0,209
brian matusz,,2015,,91.4,,,3.56,0,206
bryan mitchell,NEW YORK,2015,,96.8,,,,2,0
bryan morris,,2015,,95.7,,,3.82,0,277
bryan shaw,,2015,,,,,4.13,0,265
buck farmer,DETROIT,2015,,93.2,,,,5,0
bud norris,"BALTIMORE,SAN DIEGO",2015,,94.4,,,5.3,11,377
burke badenhop,,2015,,89.2,,,4.55,0,285
c.j. wilson,LOS ANGELES,2015,,90.9,,,4.55,21,553
carlos carrasco,CLEVELAND,2015,R,95.3,,,2.87,30,730
carlos frias,,2015,,95.3,,,4.49,0,333
carlos martinez,,2015,,96.4,,,3.46,0,755
carlos rodon,,2015,,94.2,,,4.46,0,607
carlos torres,,2015,,92.8,,,3.48,0,243
carlos villanueva,,2015,,89.0,,,3.51,0,250
carson smith,,2015,,94.2,,,2.35,0,285
casey fien,,2015,,93.3,,,4.05,0,257
cc sabathia,NEW YORK,2015,,90.8,,,3.82,29,726
cesar ramos,,2015,,90.3,,,4.02,0,221
chad bettis,COLORADO,2015,,92.5,,,4.25,20,502
chad billingsley,PHILADELPHIA,2015,,91.7,,,,7,0
charlie morton,PITTSBURGH,2015,,92.8,,,4.31,23,563
chase anderson,ARIZONA,2015,,92.2,,,3.96,27,640
chase whitley,NEW YORK,2015,,89.6,,,,4,0
chasen shreve,,2015,,92.0,,,3.91,0,251
chi chi gonzalez,,2015,,92.2,,,4.43,0,280
chris archer,TAMPA BAY,2015,,95.8,,,3.24,34,868
chris bassitt,OAKLAND,2015,R,94.0,,,4.37,13,361
chris capuano,NEW YORK,2015,,89.2,,,,4,0
chris heston,SAN FRANCISCO,2015,,90.2,,,4.31,31,746
chris narveson,MIAMI,2015,,89.6,,,,2,0
chris rusin,COLORADO,2015,,90.5,,,4.77,22,594
chris sale,CHICAGO,2015,L,95.2,,,2.76,31,854
chris tillman,BALTIMORE,2015,,92.1,,,4.46,31,740
chris young,KANSAS CITY,2015,,87.1,,,3.43,18,500
christian bergman,COLORADO,2015,,90.2,,,4.8,4,286
christian friedrich,,2015,,91.8,,,5.0,0,270
clay buchholz,BOSTON,2015,,92.9,,,3.17,18,469
clayton kershaw,LOS ANGELES,2015,,94.3,,,2.13,33,890
clayton richard,CHICAGO,2015,,92.5,,,,3,0
cody allen,,2015,,95.6,,,2.78,0,286
cody anderson,CLEVELAND,2015,,92.8,,,4.34,15,365
cody martin,"ATLANTA,OAKLAND",2015,,90.1,,,,2,0
colby lewis,TEXAS,2015,,88.6,,,4.55,33,859
cole hamels,"PHILADELPHIA,TEXAS",2015,,92.9,,,3.41,32,880
colin rea,SAN DIEGO,2015,R,91.7,,,,6,0
collin mchugh,HOUSTON,2015,,91.0,,,3.38,32,859
corey kluber,CLEVELAND,2015,,93.2,,,3.31,32,886
corey knebel,,2015,,95.5,,,3.29,0,209
cory rasmus,LOS ANGELES,2015,,92.3,,,,1,0
craig breslow,BOSTON,2015,,90.5,,,4.25,2,280
craig kimbrel,,2015,R,98.0,,,2.2,0,239
dallas keuchel,HOUSTON,2015,,89.5,,,2.85,33,911
dan haren,"CHICAGO,MIAMI",2015,,86.6,,,4.05,32,768
dan jennings,,2015,,93.0,,,2.85,0,244
dan otero,,2015,,90.6,,,5.27,0,204
dan straily,HOUSTON,2015,,89.8,,,,3,0
daniel hudson,ARIZONA,2015,,96.7,,,4.19,1,290
daniel norris,"DETROIT,TORONTO",2015,,92.5,,,4.05,13,251
danny duffy,KANSAS CITY,2015,,94.5,,,4.55,24,588
danny farquhar,,2015,,93.5,,,4.25,0,219
danny salazar,CLEVELAND,2015,,95.6,,,3.77,30,757
darren o'day,,2015,,87.7,,,2.22,0,257
david buchanan,PHILADELPHIA,2015,,89.8,,,6.0,15,351
david hale,COLORADO,2015,,91.0,,,4.25,12,346
david holmberg,CINCINNATI,2015,,88.4,,,,6,0
david phelps,MIAMI,2015,,91.1,,,4.71,19,482
david price,"DETROIT,TORONTO",2015,,94.6,,,3.19,32,888
david robertson,,2015,,93.5,,,3.17,0,250
dellin betances,,2015,,97.6,,,2.43,0,332
derek holland,TEXAS,2015,,92.0,,,5.7,10,245
dillon gee,NEW YORK,2015,,89.5,,,,7,0
doug fister,WASHINGTON,2015,,86.8,,,4.55,15,449
drew hutchison,TORONTO,2015,,93.0,,,5.1,28,664
drew pomeranz,OAKLAND,2015,L,92.5,,,3.59,9,357
drew smyly,TAMPA BAY,2015,,90.8,,,4.28,12,275
drew storen,,2015,,94.8,,,2.87,0,228
dustin mcgowan,PHILADELPHIA,2015,,94.4,,,,1,0
eddie butler,COLORADO,2015,,94.3,,,5.89,16,370
edinson volquez,,2015,,94.4,,,4.55,0,850
eduardo rodriguez,,2015,R,94.7,,,4.31,0,521
edwin jackson,,2015,,94.1,,,4.1,0,228
erasmo ramirez,,2015,,91.5,,,3.91,0,665
eric stults,ATLANTA,2015,,89.1,,,,8,0
erik johnson,CHICAGO,2015,,92.0,,,,6,0
ervin santana,MINNESOTA,2015,,93.1,,,4.93,17,457
evan scribner,,2015,,91.6,,,4.25,0,238
felix doubront,,2015,,91.3,,,4.83,0,328
felix hernandez,,2015,,92.6,,,3.48,0,825
fernando abad,,2015,,91.4,,,4.02,0,205
fernando rodney,,2015,,95.6,,,3.82,0,277
fernando rodriguez,,2015,R,94.3,,,3.82,0,242
fernando salas,,2015,,91.2,,,3.48,0,269
francisco liriano,PITTSBURGH,2015,,92.7,,,3.48,31,773
francisco rodriguez,,2015,,90.3,,,2.89,0,216
frankie montas,CHICAGO,2015,,97.3,,,,2,0
franklin morales,,2015,,92.7,,,3.74,0,258
garrett richards,LOS ANGELES,2015,,96.4,,,3.56,32,865
george kontos,,2015,,91.7,,,3.41,0,284
gerrit cole,PITTSBURGH,2015,,96.3,,,3.56,32,832
gio gonzalez,WASHINGTON,2015,,92.8,,,3.8,31,758
glen perkins,,2015,,94.4,,,3.33,0,238
gonzalez germen,"CHICAGO,COLORADO",2015,,94.8,,,,1,0
hansel robles,,2015,,96.4,,,2.65,0,216
hector rondon,,2015,,96.9,,,2.65,0,281
hector santiago,,2015,,90.9,,,4.05,0,776
henderson alvarez,MIAMI,2015,,91.8,,,,4,0
henry owens,BOSTON,2015,,89.8,,,4.77,11,272
hisashi iwakuma,SEATTLE,2015,,89.7,,,3.96,20,516
huston street,,2015,,89.1,,,2.8,0,255
ian kennedy,SAN DIEGO,2015,,91.9,,,4.49,30,712
ian thomas,"ATLANTA,LOS ANGELES",2015,,90.6,,,,1,0
ivan nova,,2015,,93.8,,,4.71,0,413
j.a. happ,"PITTSBURGH,SEATTLE",2015,,92.6,,,3.82,31,717
j.j. hoover,,2015,,94.0,,,3.85,0,264
j.r. graham,MINNESOTA,2015,,95.5,,,5.2,1,283
jacob degrom,NEW YORK,2015,R,95.6,,,2.74,30,751
jaime garcia,,2015,,90.6,,,3.19,0,510
jake arrieta,CHICAGO,2015,,95.1,,,2.37,33,870
jake brigham,ATLANTA,2015,,92.3,,,,1,0
jake diekman,,2015,,97.1,,,3.21,0,260
jake odorizzi,TAMPA BAY,2015,,91.9,,,4.1,28,700
jake peavy,SAN FRANCISCO,2015,,90.6,,,3.91,19,448
jake petricka,,2015,,94.8,,,3.31,0,220
james paxton,SEATTLE,2015,R,94.9,,,4.55,13,297
james shields,SAN DIEGO,2015,,91.7,,,3.93,33,860
jared hughes,,2015,,93.8,,,4.58,0,284
jarred cosart,MIAMI,2015,,94.7,,,5.1,13,296
jason hammel,CHICAGO,2015,,92.8,,,4.1,31,710
jason marquis,CINCINNATI,2015,,88.3,,,3.96,9,216
jason motte,,2015,,95.7,,,3.26,0,206
jason vargas,KANSAS CITY,2015,,88.2,,,,9,0
jean machi,,2015,,93.3,,,5.13,0,257
jeanmar gomez,,2015,,88.9,,,3.93,0,319
jeff locke,PITTSBURGH,2015,,92.0,,,3.88,30,736
jeff samardzija,CHICAGO,2015,,94.5,,,4.37,32,910
jerad eickhoff,PHILADELPHIA,2015,,91.7,,,3.77,8,203
jered weaver,LOS ANGELES,2015,,84.1,,,3.96,26,669
jeremy guthrie,KANSAS CITY,2015,,92.6,,,6.0,24,664
jeremy hellickson,ARIZONA,2015,,90.7,,,4.93,27,636
jeremy jeffress,,2015,,96.2,,,3.64,0,285
jerome williams,PHILADELPHIA,2015,,90.8,,,6.04,21,553
jesse chavez,OAKLAND,2015,,91.9,,,4.19,26,672
jesse hahn,OAKLAND,2015,,92.4,,,3.91,16,406
jeurys familia,,2015,,98.0,,,2.72,0,308
jim johnson,,2015,,94.4,,,3.19,0,291
jimmy nelson,MILWAUKEE,2015,,94.0,,,3.88,30,752
joakim soria,,2015,,92.7,,,3.03,0,272
joaquin benoit,,2015,,94.8,,,3.0,0,254
joe blanton,"KANSAS CITY,PITTSBURGH",2015,,91.2,,,3.66,4,309
joe kelly,BOSTON,2015,,96.2,,,4.67,25,587
joe ross,WASHINGTON,2015,R,93.7,,,3.36,13,314
joe smith,,2015,,89.4,,,3.66,0,271
john axford,,2015,,96.8,,,3.74,0,250
john danks,CHICAGO,2015,,90.0,,,4.05,30,768
john lackey,ST. LOUIS,2015,,92.2,,,3.59,33,896
john lamb,CINCINNATI,2015,,91.6,,,3.61,10,220
johnny cueto,"CINCINNATI,KANSAS CITY",2015,,93.3,,,3.69,32,866
jon gray,COLORADO,2015,,95.0,,,,9,0
jon lester,CHICAGO,2015,,92.6,,,3.14,32,827
jonathan broxton,,2015,,94.9,,,3.61,0,257
jonathan papelbon,,2015,,92.0,,,3.03,0,259
jonathon niese,,2015,,89.6,,,4.25,0,770
jordan lyles,COLORADO,2015,,93.1,,,4.22,10,212
jordan zimmermann,WASHINGTON,2015,,93.6,,,3.93,33,831
jorge de la rosa,COLORADO,2015,,92.1,,,3.99,26,634
jose alvarez,,2015,,91.5,,,3.29,0,283
jose fernandez,,2015,,96.8,,,3.07,0,265
jose quintana,CHICAGO,2015,L,91.9,,,3.91,32,862
jose urena,,2015,,94.6,,,5.34,0,274
josh a. smith,CINCINNATI,2015,,90.6,,,,7,0
josh collmenter,ARIZONA,2015,,87.1,,,5.27,12,499
josh fields,,2015,,95.0,,,2.2,0,209
josh tomlin,CLEVELAND,2015,,89.3,,,4.4,10,251
juan nicasio,LOS ANGELES,2015,,95.7,,,3.64,1,260
julio teheran,ATLANTA,2015,,92.1,,,4.74,33,843
jumbo diaz,,2015,,98.0,,,3.56,0,255
junichi tazawa,,2015,,94.2,,,3.85,0,247
justin de fratus,,2015,,92.4,,,4.43,0,362
justin grimm,,2015,,95.9,,,3.91,0,205
justin masterson,BOSTON,2015,,88.1,,,4.67,9,273
justin nicolino,MIAMI,2015,,89.3,,,5.34,12,301
justin verlander,DETROIT,2015,R,93.4,,,2.76,20,535
justin wilson,,2015,,95.9,,,3.51,0,244
kelvin herrera,,2015,,98.9,,,3.61,0,286
ken giles,,2015,,97.2,,,3.12,0,298
kendall graveman,OAKLAND,2015,,90.7,,,5.27,21,502
keone kela,,2015,,96.3,,,2.65,0,243
kevin correia,PHILADELPHIA,2015,,88.9,,,,5,0
kevin gausman,BALTIMORE,2015,R,95.9,,,3.96,17,470
kevin jepsen,,2015,,95.0,,,3.82,0,285
kevin quackenbush,,2015,,91.2,,,3.77,0,243
kevin siegrist,,2015,,94.7,,,3.43,0,312
keyvius sampson,CINCINNATI,2015,,92.7,,,5.63,12,251
kris medlen,KANSAS CITY,2015,,91.5,,,4.34,8,243
kyle gibson,MINNESOTA,2015,,92.6,,,4.02,32,821
kyle hendricks,CHICAGO,2015,,90.9,,,3.56,32,739
kyle kendrick,COLORADO,2015,,89.5,,,5.59,27,629
kyle lobstein,DETROIT,2015,,87.1,,,5.1,11,280
kyle lohse,MILWAUKEE,2015,,89.8,,,5.48,22,665
kyle ryan,DETROIT,2015,,89.3,,,4.93,6,237
lance lynn,ST. LOUIS,2015,,92.8,,,3.8,31,751
lance mccullers,HOUSTON,2015,R,95.1,,,3.72,22,520
liam hendriks,,2015,,95.5,,,3.0,0,261
logan verrett,"NEW YORK,TEXAS",2015,,91.2,,,,4,0
luis avilan,,2015,,94.2,,,3.17,0,220
luis garcia,,2015,R,96.1,,,3.77,0,304
luis severino,NEW YORK,2015,R,96.0,,,3.96,11,255
luke gregerson,,2015,,89.8,,,2.31,0,239
luke hochevar,,2015,,95.1,,,3.31,0,214
madison bumgarner,SAN FRANCISCO,2015,,92.7,,,3.12,32,869
manny banuelos,ATLANTA,2015,,89.5,,,,6,0
marco estrada,TORONTO,2015,,89.8,,,3.41,28,724
marcus stroman,TORONTO,2015,,93.4,,,,4,0
mark buehrle,TORONTO,2015,,84.5,,,4.74,32,827
mark lowe,,2015,,96.1,,,2.31,0,214
mark melancon,,2015,,91.9,,,2.63,0,293
martin perez,,2015,L,92.7,,,4.22,0,338
masahiro tanaka,NEW YORK,2015,,92.7,,,3.99,24,608
mat latos,"LOS ANGELES,MIAMI",2015,,92.0,,,4.58,21,494
matt andriese,TAMPA BAY,2015,,92.2,,,4.19,8,282
matt barnes,BOSTON,2015,,95.5,,,,2,0
matt cain,SAN FRANCISCO,2015,,91.6,,,7.12,11,271
matt garza,MILWAUKEE,2015,,93.3,,,4.74,25,666
matt harrison,TEXAS,2015,,83.0,,,,3,0
matt harvey,NEW YORK,2015,,96.5,,,2.59,29,754
matt moore,TAMPA BAY,2015,,92.6,,,5.1,12,278
matt shoemaker,LOS ANGELES,2015,,90.9,,,3.82,24,569
matt wisler,ATLANTA,2015,,94.0,,,5.77,19,478
matthew boyd,"DETROIT,TORONTO",2015,L,91.7,,,5.66,12,252
max scherzer,WASHINGTON,2015,R,94.8,,,2.61,33,899
michael blazek,,2015,,94.0,,,3.1,0,222
michael lorenzen,CINCINNATI,2015,R,94.7,,,5.89,21,515
michael pineda,NEW YORK,2015,,93.4,,,3.38,27,668
michael wacha,ST. LOUIS,2015,R,94.8,,,3.74,30,762
miguel gonzalez,,2015,,91.7,,,4.74,0,622
mike bolsinger,LOS ANGELES,2015,,87.7,,,3.88,21,466
mike dunn,,2015,,95.3,,,3.82,0,235
mike fiers,"HOUSTON,MILWAUKEE",2015,,89.9,,,3.8,30,761
mike foltynewicz,ATLANTA,2015,,95.7,,,4.83,15,399
mike leake,"CINCINNATI,SAN FRANCISCO",2015,,90.9,,,4.58,30,778
mike montgomery,SEATTLE,2015,,91.9,,,5.03,16,395
mike pelfrey,MINNESOTA,2015,,93.6,,,5.13,30,714
mike wright,BALTIMORE,2015,,94.2,,,5.27,9,204
nate karns,TAMPA BAY,2015,,92.2,,,4.19,26,621
nathan eovaldi,NEW YORK,2015,R,97.4,,,4.02,27,673
neal cotts,,2015,,90.6,,,4.07,0,268
neftali feliz,,2015,,95.2,,,3.88,0,212
nick martinez,TEXAS,2015,R,90.3,,,5.52,21,558
nick tropeano,LOS ANGELES,2015,,91.2,,,,7,0
noah syndergaard,NEW YORK,2015,,97.7,,,2.76,24,603
odrisamer despaigne,SAN DIEGO,2015,,91.5,,,4.8,18,548
pat neshek,,2015,,90.5,,,3.14,0,223
patrick corbin,ARIZONA,2015,L,92.7,,,4.31,16,357
pedro baez,,2015,,97.8,,,2.7,0,208
pedro strop,,2015,,95.7,,,2.55,0,270
pedro villarreal,,2015,,92.9,,,3.99,0,214
phil hughes,MINNESOTA,2015,,91.3,,,5.77,25,651
phil klein,TEXAS,2015,,91.3,,,,2,0
r.a. dickey,TORONTO,2015,,82.3,,,4.1,33,884
raisel iglesias,CINCINNATI,2015,R,92.8,,,3.56,16,395
randall delgado,ARIZONA,2015,,93.7,,,3.1,1,307
randy wolf,DETROIT,2015,,89.3,,,,7,0
rich hill,BOSTON,2015,,90.9,,,,4,0
rick porcello,BOSTON,2015,,92.1,,,4.49,28,737
ricky nolasco,MINNESOTA,2015,,90.9,,,,8,0
robbie ray,ARIZONA,2015,L,94.1,,,3.93,23,545
robbie ross,,2015,,93.0,,,4.02,0,259
roberto hernandez,,2015,,89.3,,,4.58,0,357
roberto osuna,,2015,,96.2,,,2.8,0,271
roenis elias,,2015,,92.3,,,4.64,0,490
ross detwiler,"ATLANTA,TEXAS",2015,,92.9,,,6.0,7,288
rubby de la rosa,ARIZONA,2015,,95.1,,,4.05,32,809
ryan madson,,2015,,94.8,,,2.65,0,248
ryan mattheus,,2015,,93.6,,,3.33,0,253
ryan vogelsong,SAN FRANCISCO,2015,,91.6,,,5.24,22,598
ryan webb,,2015,,92.6,,,3.46,0,204
ryan weber,ATLANTA,2015,,89.8,,,,5,0
sam dyson,,2015,,96.9,,,2.7,0,309
santiago casilla,,2015,,94.1,,,3.48,0,244
scott copeland,TORONTO,2015,,90.7,,,,3,0
scott feldman,HOUSTON,2015,,90.6,,,4.43,18,451
scott kazmir,"HOUSTON,OAKLAND",2015,,92.5,,,4.19,31,763
scott oberg,,2015,,95.8,,,4.9,0,259
sean gilmartin,NEW YORK,2015,,89.3,,,2.76,1,235
sean nolin,OAKLAND,2015,,87.6,,,,6,0
sean o'sullivan,,2015,,90.1,,,5.2,0,327
sergio romo,,2015,,88.1,,,2.2,0,230
seth maness,,2015,,90.4,,,4.4,0,270
shane greene,DETROIT,2015,,93.3,,,5.27,16,373
shaun marcum,CLEVELAND,2015,,85.9,,,,6,0
shawn kelley,,2015,,92.5,,,2.57,0,205
shawn tolleson,,2015,,93.5,,,3.64,0,298
shelby miller,ATLANTA,2015,,94.9,,,3.33,33,860
sonny gray,OAKLAND,2015,R,93.7,,,3.46,31,831
stephen strasburg,WASHINGTON,2015,,96.0,,,3.03,23,523
steve cishek,,2015,,90.3,,,4.28,0,243
steve geltz,TAMPA BAY,2015,,92.8,,,3.48,2,268
steven matz,NEW YORK,2015,L,94.8,,,,6,0
steven wright,BOSTON,2015,,83.9,,,3.85,9,310
taijuan walker,SEATTLE,2015,R,94.8,,,4.22,29,705
tanner roark,WASHINGTON,2015,,93.3,,,4.67,12,466
taylor jordan,WASHINGTON,2015,,92.5,,,,1,0
taylor jungmann,MILWAUKEE,2015,,92.6,,,4.28,21,501
tim cooney,ST. LOUIS,2015,,90.1,,,,6,0
tim hudson,SAN FRANCISCO,2015,,88.5,,,5.1,22,525
tim lincecum,SAN FRANCISCO,2015,,88.1,,,4.83,15,333
todd redmond,TORONTO,2015,,89.9,,,,1,0
tom koehler,MIAMI,2015,,92.6,,,4.37,31,800
tom wilhelmsen,,2015,,95.6,,,3.03,0,266
tommy hunter,,2015,,97.2,,,3.88,0,249
tommy layne,,2015,,90.4,,,3.99,0,207
tommy milone,MINNESOTA,2015,,88.2,,,4.25,23,543
tony cingrani,CINCINNATI,2015,,92.4,,,,1,0
tony sipp,,2015,,91.6,,,2.49,0,216
tony watson,,2015,,94.5,,,3.12,0,293
tony zych,SEATTLE,2015,,96.8,,,,1,0
travis wood,CHICAGO,2015,,91.0,,,3.82,9,419
trevor bauer,CLEVELAND,2015,,93.5,,,3.96,30,744
trevor cahill,"ATLANTA,CHICAGO",2015,,93.1,,,,3,0
trevor may,MINNESOTA,2015,,93.8,,,3.59,16,492
trevor rosenthal,,2015,,98.3,,,2.76,0,287
tsuyoshi wada,CHICAGO,2015,,89.1,,,,7,0
tyler clippard,,2015,,92.1,,,3.61,0,301
tyler cravy,MILWAUKEE,2015,,91.5,,,,7,0
tyler duffey,MINNESOTA,2015,,91.0,,,3.8,10,242
tyler lyons,ST. LOUIS,2015,,90.8,,,4.77,8,255
tyler matzek,COLORADO,2015,,92.3,,,,5,0
tyler wilson,BALTIMORE,2015,,90.7,,,,5,0
tyson ross,SAN DIEGO,2015,,93.6,,,3.14,33,823
ubaldo jimenez,,2015,,91.3,,,3.85,0,791
vance worley,PITTSBURGH,2015,,89.8,,,4.46,8,310
vidal nuno,,2015,,90.3,,,3.74,0,376
vince velasquez,HOUSTON,2015,R,95.2,,,4.02,7,231
wade davis,,2015,,96.5,,,2.57,0,251
wade miley,BOSTON,2015,,91.4,,,4.02,32,831
wandy rodriguez,,2015,,89.0,,,5.03,0,392
wei-yin chen,BALTIMORE,2015,,92.2,,,3.82,31,792
will harris,,2015,,93.0,,,3.43,0,276
will smith,,2015,,93.9,,,2.43,0,264
williams perez,,2015,,89.0,,,5.2,0,514
wily peralta,MILWAUKEE,2015,,94.8,,,5.1,20,478
yimi garcia,,2015,,94.1,,,2.76,0,225
yohan flande,COLORADO,2015,,91.3,,,5.41,10,296
yohan pino,KANSAS CITY,2015,,89.8,,,,1,0
yordano ventura,KANSAS CITY,2015,,97.2,,,4.07,28,693
yovani gallardo,TEXAS,2015,,91.2,,,4.37,33,793
yusmeiro petit,SAN FRANCISCO,2015,,89.1,,,3.24,1,316
zach davies,MILWAUKEE,2015,,89.3,,,,6,0
zach duke,,2015,,89.7,,,3.69,0,254
zach mcallister,CLEVELAND,2015,,95.9,,,3.0,1,299
zach putnam,,2015,,90.8,,,3.59,0,212
zack britton,,2015,,96.5,,,1.8,0,253
zack godley,ARIZONA,2015,,92.4,,,,6,0
zack greinke,LOS ANGELES,2015,,92.4,,,2.65,32,843
a.j. cole,WASHINGTON,2016,,91.5,,,,8,0
a.j. griffin,TEXAS,2016,,88.2,,,5.42,23,509
a.j. schugel,,2016,,92.3,,,4.52,0,204
aaron blair,ATLANTA,2016,,91.5,,,5.45,15,324
aaron nola,PHILADELPHIA,2016,R,90.9,,,3.41,20,483
aaron sanchez,TORONTO,2016,,95.2,,,4.13,30,790
adam conley,MIAMI,2016,,91.7,,,4.25,25,583
adam morgan,PHILADELPHIA,2016,,91.3,,,5.42,21,507
adam wainwright,ST. LOUIS,2016,,90.8,,,4.61,33,847
adam warren,"CHICAGO,NEW YORK",2016,,93.5,,,4.05,1,277
addison reed,,2016,,93.1,,,2.8,0,304
aj ramos,,2016,,92.4,,,3.93,0,278
albert suarez,,2016,R,92.6,,,4.34,0,355
alec asher,PHILADELPHIA,2016,,90.5,,,,5,0
alex claudio,,2016,,86.0,,,3.24,0,217
alex cobb,TAMPA BAY,2016,,90.9,,,,5,0
alex colome,,2016,,95.2,,,2.59,0,226
alex meyer,"LOS ANGELES,MINNESOTA",2016,,95.9,,,,6,0
alex reyes,ST. LOUIS,2016,,97.7,,,,5,0
alex wilson,,2016,,92.4,,,3.59,0,297
alex wood,LOS ANGELES,2016,,91.2,,,3.66,10,254
alfredo simon,,2016,,93.1,,,7.0,0,298
andrew albers,MINNESOTA,2016,,88.1,,,,2,0
andrew cashner,"MIAMI,SAN DIEGO",2016,,94.2,,,5.63,27,587
andrew miller,,2016,,95.0,,,1.66,0,275
andrew triggs,OAKLAND,2016,,91.7,,,3.72,7,238
anibal sanchez,,2016,,91.7,,,4.46,0,668
anthony desclafani,CINCINNATI,2016,,93.5,,,3.88,20,507
anthony ranaudo,"CHICAGO,TEXAS",2016,,91.6,,,,5,0
antonio bastardo,,2016,,92.1,,,3.72,0,297
archie bradley,ARIZONA,2016,,93.0,,,4.55,26,638
ariel miranda,,2016,,93.5,,,4.84,0,232
aroldis chapman,,2016,L,101.1,,,2.0,0,222
arquimedes caminero,,2016,,98.8,,,5.14,0,280
bartolo colon,,2016,,90.4,,,4.28,0,791
blaine boyer,,2016,,92.5,,,3.43,0,282
blake snell,TAMPA BAY,2016,,94.2,,,4.16,19,401
blake treinen,,2016,R,96.4,,,2.65,0,263
blake wood,,2016,,96.7,,,3.96,0,330
brad brach,,2016,,95.2,,,2.8,0,311
brad hand,,2016,,93.5,,,2.98,0,364
brad peacock,HOUSTON,2016,,92.5,,,,5,0
brad ziegler,,2016,,84.5,,,3.41,0,289
braden shipley,ARIZONA,2016,,92.2,,,6.83,11,306
brandon finnegan,CINCINNATI,2016,,92.3,,,5.21,31,734
brandon kintzler,,2016,,93.1,,,3.88,0,224
brandon maurer,,2016,,96.1,,,3.85,0,300
brandon mccarthy,LOS ANGELES,2016,,93.4,,,,9,0
brent suter,MILWAUKEE,2016,L,84.3,,,,2,0
brett oberholtzer,"LOS ANGELES,PHILADELPHIA",2016,,89.6,,,5.71,2,321
brian flynn,KANSAS CITY,2016,,93.2,,,4.05,1,221
brock stewart,LOS ANGELES,2016,,93.9,,,,5,0
bryan mitchell,NEW YORK,2016,,95.4,,,,5,0
bryan shaw,,2016,,,,,3.51,0,275
buck farmer,DETROIT,2016,,93.5,,,,1,0
bud norris,"ATLANTA,LOS ANGELES",2016,,94.1,,,4.52,19,495
carlos carrasco,CLEVELAND,2016,R,94.5,,,3.46,25,599
carlos estevez,,2016,R,97.9,,,3.64,0,246
carlos martinez,,2016,,97.2,,,3.33,0,809
carlos rodon,,2016,,94.2,,,3.85,0,714
carlos torres,,2016,,92.4,,,3.74,0,339
carlos villanueva,,2016,,88.8,,,5.21,0,321
casey kelly,ATLANTA,2016,,90.7,,,,1,0
cc sabathia,NEW YORK,2016,,89.0,,,3.48,30,768
cesar ramos,,2016,,89.1,,,5.6,0,212
chad bettis,COLORADO,2016,,92.3,,,4.61,32,814
chad green,NEW YORK,2016,,95.1,,,,8,0
chad kuhl,PITTSBURGH,2016,,92.6,,,4.31,14,301
charlie morton,PHILADELPHIA,2016,,91.6,,,,4,0
chase anderson,MILWAUKEE,2016,,91.6,,,5.24,30,647
chien-ming wang,,2016,,91.7,,,5.93,0,231
chris archer,TAMPA BAY,2016,,95.0,,,3.82,33,850
chris bassitt,OAKLAND,2016,R,93.6,,,,5,0
chris devenski,HOUSTON,2016,,92.9,,,2.98,5,408
chris rusin,COLORADO,2016,,90.4,,,3.88,7,350
chris sale,CHICAGO,2016,L,93.7,,,3.61,32,907
chris tillman,BALTIMORE,2016,,92.3,,,4.65,30,715
chris young,KANSAS CITY,2016,,88.3,,,6.25,13,406
christian bergman,COLORADO,2016,,90.2,,,,1,0
christian friedrich,SAN DIEGO,2016,,89.9,,,3.93,23,567
clay buchholz,BOSTON,2016,,92.8,,,4.58,21,588
clayton kershaw,LOS ANGELES,2016,,93.6,,,2.05,21,544
clayton richard,"CHICAGO,SAN DIEGO",2016,,92.1,,,3.96,9,306
cody allen,,2016,,94.9,,,3.48,0,264
cody anderson,CLEVELAND,2016,,94.2,,,4.46,9,270
cody martin,SEATTLE,2016,,88.4,,,,2,0
cody reed,CINCINNATI,2016,,93.6,,,5.86,10,229
colby lewis,TEXAS,2016,,87.9,,,4.37,19,472
cole hamels,TEXAS,2016,,92.6,,,4.19,32,848
colin rea,"MIAMI,SAN DIEGO",2016,R,92.5,,,4.94,19,453
collin mchugh,HOUSTON,2016,,90.7,,,3.48,33,795
corey kluber,CLEVELAND,2016,,92.9,,,3.31,32,860
cory rasmus,LOS ANGELES,2016,,92.3,,,,1,0
craig kimbrel,,2016,R,98.0,,,3.21,0,220
dallas keuchel,HOUSTON,2016,,88.8,,,3.93,26,701
dan jennings,,2016,,91.4,,,3.93,0,259
dan otero,,2016,,90.9,,,2.55,0,269
dan straily,CINCINNATI,2016,,89.8,,,4.46,31,792
daniel hudson,,2016,,96.4,,,4.22,0,268
daniel mengden,OAKLAND,2016,,92.8,,,5.17,14,332
daniel norris,DETROIT,2016,,93.7,,,4.34,13,302
daniel wright,"CINCINNATI,LOS ANGELES",2016,,89.9,,,,7,0
danny duffy,KANSAS CITY,2016,,95.5,,,3.99,26,731
danny salazar,CLEVELAND,2016,,95.4,,,3.96,25,584
david hernandez,,2016,,94.7,,,3.85,0,321
david phelps,MIAMI,2016,,94.3,,,2.78,5,352
david price,BOSTON,2016,,93.6,,,3.72,35,951
david robertson,,2016,,93.2,,,3.19,0,267
dellin betances,,2016,,98.3,,,2.25,0,299
deolis guerra,,2016,,90.8,,,4.13,0,220
derek holland,TEXAS,2016,,91.5,,,4.9,20,461
derek law,,2016,,93.5,,,3.51,0,214
dillon gee,KANSAS CITY,2016,,90.0,,,4.65,14,551
dillon overton,OAKLAND,2016,,89.0,,,,5,0
doug fister,HOUSTON,2016,,87.5,,,4.68,32,778
drew hutchison,"PITTSBURGH,TORONTO",2016,,92.6,,,,3,0
drew pomeranz,"BOSTON,SAN DIEGO",2016,L,91.8,,,3.24,30,703
drew smyly,TAMPA BAY,2016,,90.8,,,3.77,30,738
drew storen,,2016,,92.9,,,4.34,0,228
dustin mcgowan,,2016,,95.5,,,3.26,0,279
dylan bundy,BALTIMORE,2016,,94.4,,,4.28,14,474
eddie butler,COLORADO,2016,,93.7,,,5.9,9,293
edinson volquez,,2016,,94.0,,,5.21,0,853
eduardo rodriguez,,2016,R,94.0,,,3.74,0,457
edwin diaz,,2016,R,97.0,,,2.55,0,217
edwin escobar,ARIZONA,2016,,92.4,,,,2,0
edwin jackson,"MIAMI,SAN DIEGO",2016,,92.1,,,5.6,13,373
enny romero,,2016,,96.8,,,4.22,0,204
erasmo ramirez,,2016,,92.0,,,3.93,0,378
eric surkamp,OAKLAND,2016,,88.5,,,,9,0
erik johnson,"CHICAGO,SAN DIEGO",2016,,90.1,,,,6,0
ervin santana,MINNESOTA,2016,,93.4,,,4.13,30,748
felipe vazquez,,2016,,96.5,,,3.69,0,327
felix hernandez,,2016,,91.1,,,5.14,0,655
fernando rodney,,2016,,95.8,,,3.48,0,283
fernando salas,,2016,,91.6,,,3.96,0,293
francisco liriano,"PITTSBURGH,TORONTO",2016,,93.1,,,4.34,29,731
francisco rodriguez,,2016,,89.9,,,3.99,0,235
gabriel ynoa,NEW YORK,2016,,94.3,,,,3,0
garrett richards,LOS ANGELES,2016,,96.4,,,,6,0
george kontos,,2016,,91.7,,,3.72,0,216
gerrit cole,PITTSBURGH,2016,,95.9,,,3.99,21,506
gio gonzalez,WASHINGTON,2016,,91.6,,,4.22,32,765
hansel robles,,2016,,95.8,,,3.66,0,331
heath hembree,,2016,,94.5,,,4.4,0,223
hector neris,,2016,,94.8,,,3.48,0,328
hector santiago,,2016,,91.9,,,5.42,0,785
henry owens,BOSTON,2016,,89.1,,,,5,0
hisashi iwakuma,SEATTLE,2016,,88.9,,,4.61,33,836
homer bailey,CINCINNATI,2016,,93.6,,,,6,0
hunter strickland,,2016,,97.8,,,3.51,0,250
ian kennedy,KANSAS CITY,2016,,92.7,,,4.43,33,818
ian krol,,2016,,94.4,,,2.98,0,217
ivan nova,,2016,,93.4,,,4.43,0,684
j.a. happ,TORONTO,2016,,92.4,,,4.37,32,796
j.p. howell,,2016,,85.9,,,3.77,0,220
jacob degrom,NEW YORK,2016,R,94.0,,,4.02,24,604
jacob turner,CHICAGO,2016,,94.5,,,,2,0
jaime garcia,,2016,,91.1,,,4.05,0,741
jake arrieta,CHICAGO,2016,,94.2,,,3.53,31,795
jake barrett,,2016,,95.6,,,4.46,0,250
jake diekman,,2016,,95.8,,,3.38,0,221
jake mcgee,,2016,,94.2,,,6.33,0,205
jake odorizzi,TAMPA BAY,2016,,91.9,,,4.25,33,773
jake peavy,SAN FRANCISCO,2016,,89.5,,,5.07,21,520
jake thompson,PHILADELPHIA,2016,,91.8,,,5.67,10,237
james paxton,SEATTLE,2016,R,97.5,,,3.26,20,511
james shields,"CHICAGO,SAN DIEGO",2016,,91.1,,,5.63,33,821
jameson taillon,PITTSBURGH,2016,R,95.0,,,3.33,18,418
jared hughes,,2016,,93.7,,,3.91,0,257
jarred cosart,"MIAMI,SAN DIEGO",2016,,93.0,,,5.82,13,268
jason grilli,,2016,,93.0,,,3.91,0,251
jason hammel,CHICAGO,2016,,92.6,,,4.46,30,692
jc ramirez,,2016,,97.0,,,2.95,0,335
jeanmar gomez,,2016,,89.6,,,4.55,0,297
jeff hoffman,COLORADO,2016,R,94.6,,,,6,0
jeff locke,PITTSBURGH,2016,,92.2,,,5.1,19,563
jeff samardzija,SAN FRANCISCO,2016,,94.7,,,3.96,32,829
jerad eickhoff,PHILADELPHIA,2016,,91.6,,,3.59,33,811
jered weaver,LOS ANGELES,2016,,83.8,,,5.38,31,766
jeremy hellickson,PHILADELPHIA,2016,,90.7,,,4.4,32,772
jeremy jeffress,,2016,,96.1,,,3.26,0,241
jesse chavez,,2016,,93.3,,,4.31,0,282
jesse hahn,OAKLAND,2016,,94.5,,,5.71,9,203
jeurys familia,,2016,,97.4,,,2.5,0,321
jhan marinez,,2016,,95.3,,,3.82,0,269
jharel cotton,OAKLAND,2016,,93.0,,,,5,0
jhoulys chacin,,2016,,91.4,,,4.49,0,632
jim johnson,,2016,,93.7,,,3.8,0,266
jimmy nelson,MILWAUKEE,2016,,93.6,,,4.55,32,807
joakim soria,,2016,,93.1,,,5.31,0,293
joaquin benoit,,2016,,94.5,,,3.61,0,204
joe biagini,,2016,,94.9,,,3.12,0,295
joe blanton,,2016,,91.6,,,3.28,0,315
joe kelly,BOSTON,2016,,97.4,,,,6,0
joe musgrove,HOUSTON,2016,,92.4,,,4.19,10,256
joe ross,WASHINGTON,2016,R,93.4,,,4.28,19,447
joe smith,,2016,,89.3,,,5.6,0,217
joel de la cruz,ATLANTA,2016,,92.3,,,4.97,9,276
john axford,,2016,,96.3,,,4.28,0,289
john danks,CHICAGO,2016,,87.7,,,,4,0
john gant,ATLANTA,2016,,92.4,,,5.14,7,222
john lackey,CHICAGO,2016,,92.4,,,4.22,29,748
john lamb,CINCINNATI,2016,,89.9,,,5.17,14,318
johnny cueto,SAN FRANCISCO,2016,,92.6,,,3.53,32,881
jon gray,COLORADO,2016,,95.8,,,4.05,29,711
jon lester,CHICAGO,2016,,92.7,,,3.07,32,796
jon moscot,CINCINNATI,2016,,91.5,,,,5,0
jonathan broxton,,2016,,95.4,,,3.51,0,259
jonathon niese,,2016,,89.9,,,5.49,0,546
jordan lyles,COLORADO,2016,,93.8,,,4.28,5,272
jordan zimmermann,DETROIT,2016,,92.4,,,4.74,18,450
jorge de la rosa,COLORADO,2016,,90.8,,,5.35,24,614
jose alvarez,,2016,,91.5,,,3.48,0,256
jose berrios,,2016,,94.0,,,6.25,0,281
jose fernandez,,2016,,95.9,,,3.0,0,737
jose quintana,CHICAGO,2016,L,92.6,,,3.59,32,837
jose urena,,2016,,96.1,,,4.31,0,373
josh a. smith,CINCINNATI,2016,,91.4,,,3.66,2,260
josh collmenter,"ARIZONA,ATLANTA",2016,,,,,,3,0
josh tomlin,CLEVELAND,2016,,88.4,,,4.71,29,725
juan nicasio,PITTSBURGH,2016,,94.3,,,3.38,12,513
julio teheran,ATLANTA,2016,,91.7,,,3.72,30,758
julio urias,,2016,,93.2,,,3.61,0,336
junichi tazawa,,2016,,93.4,,,4.25,0,208
junior guerra,MILWAUKEE,2016,,93.8,,,3.88,20,492
justin grimm,,2016,,94.8,,,4.16,0,225
justin nicolino,MIAMI,2016,,89.7,,,5.63,13,346
justin verlander,DETROIT,2016,R,94.1,,,3.12,34,903
justin wilson,,2016,,95.9,,,2.84,0,251
kelvin herrera,,2016,,97.9,,,2.61,0,283
ken giles,,2016,,97.9,,,3.19,0,286
kendall graveman,OAKLAND,2016,,91.7,,,5.14,31,785
kenley jansen,,2016,R,95.3,,,1.51,0,251
kenta maeda,LOS ANGELES,2016,,90.7,,,3.28,32,716
kevin gausman,BALTIMORE,2016,R,95.4,,,4.16,30,757
kevin jepsen,,2016,,94.2,,,5.9,0,224
kevin quackenbush,,2016,,91.1,,,5.0,0,253
kevin siegrist,,2016,,94.0,,,3.48,0,248
keyvius sampson,CINCINNATI,2016,,93.7,,,,2,0
kris medlen,KANSAS CITY,2016,,91.4,,,,6,0
kyle barraclough,,2016,,96.2,,,2.59,0,306
kyle gibson,MINNESOTA,2016,,91.8,,,4.94,25,653
kyle hendricks,CHICAGO,2016,,90.2,,,2.78,30,745
kyle ryan,,2016,,90.1,,,3.88,0,226
lance mccullers,HOUSTON,2016,R,94.4,,,3.48,14,352
liam hendriks,,2016,,94.9,,,3.16,0,275
logan verrett,NEW YORK,2016,,91.1,,,6.53,12,406
louis coleman,,2016,,89.9,,,4.71,0,211
lucas giolito,WASHINGTON,2016,,94.0,,,,4,0
lucas harrell,"ATLANTA,TEXAS",2016,,92.2,,,4.77,9,208
luis cessa,NEW YORK,2016,,95.2,,,4.61,9,285
luis perdomo,SAN DIEGO,2016,,94.8,,,4.68,20,661
luis severino,NEW YORK,2016,R,96.8,,,4.81,11,312
luke gregerson,,2016,,89.6,,,2.63,0,230
luke weaver,ST. LOUIS,2016,R,92.5,,,,8,0
madison bumgarner,SAN FRANCISCO,2016,,91.4,,,3.24,34,912
marc rzepczynski,,2016,,92.2,,,3.21,0,215
marco estrada,TORONTO,2016,,88.5,,,3.66,29,723
marcus stroman,TORONTO,2016,,93.5,,,3.93,32,854
mark lowe,,2016,,92.9,,,4.94,0,224
mark melancon,,2016,,92.4,,,2.55,0,270
martin perez,,2016,L,93.6,,,5.45,0,855
masahiro tanaka,NEW YORK,2016,,92.6,,,3.59,31,805
mat latos,"CHICAGO,WASHINGTON",2016,,91.0,,,4.87,12,309
matt albers,CHICAGO,2016,,92.9,,,6.13,1,236
matt andriese,TAMPA BAY,2016,,92.4,,,4.02,19,527
matt barnes,,2016,,97.4,,,4.28,0,288
matt bowman,,2016,,92.7,,,2.73,0,281
matt bush,,2016,,97.7,,,2.8,0,243
matt cain,SAN FRANCISCO,2016,,91.0,,,5.07,17,397
matt garza,MILWAUKEE,2016,,92.8,,,4.22,19,461
matt harvey,NEW YORK,2016,,95.1,,,4.19,17,402
matt moore,"SAN FRANCISCO,TAMPA BAY",2016,,93.4,,,4.22,33,838
matt shoemaker,LOS ANGELES,2016,,92.2,,,4.43,27,668
matt wisler,ATLANTA,2016,,93.4,,,4.81,26,671
matthew boyd,DETROIT,2016,L,91.8,,,4.08,18,412
max scherzer,WASHINGTON,2016,R,95.0,,,2.78,34,902
michael feliz,,2016,,95.6,,,3.33,0,270
michael fulmer,DETROIT,2016,,95.6,,,3.77,26,647
michael pineda,NEW YORK,2016,,94.6,,,3.88,32,755
michael tonkin,,2016,,94.5,,,5.0,0,315
michael wacha,ST. LOUIS,2016,R,93.9,,,4.28,24,606
miguel gonzalez,,2016,,91.9,,,4.02,0,566
mike bolsinger,LOS ANGELES,2016,,88.4,,,,6,0
mike clevinger,CLEVELAND,2016,,93.9,,,4.71,10,233
mike fiers,HOUSTON,2016,,90.0,,,4.71,30,724
mike foltynewicz,ATLANTA,2016,,95.9,,,3.99,22,525
mike leake,ST. LOUIS,2016,,90.1,,,4.55,30,757
mike montgomery,"CHICAGO,SEATTLE",2016,,94.3,,,4.13,7,414
mike morin,,2016,,91.9,,,3.56,0,227
mike pelfrey,DETROIT,2016,,92.9,,,6.01,22,541
mike wright,BALTIMORE,2016,,94.2,,,5.07,12,328
mychal givens,,2016,,94.9,,,3.36,0,313
nate jones,,2016,,96.5,,,2.93,0,274
nate karns,SEATTLE,2016,,93.6,,,4.52,15,417
nathan eovaldi,NEW YORK,2016,R,97.8,,,4.97,21,525
neftali feliz,,2016,,96.6,,,4.68,0,218
nick martinez,TEXAS,2016,R,92.1,,,,5,0
nick tropeano,LOS ANGELES,2016,,91.3,,,5.07,13,296
nick vincent,,2016,,90.3,,,3.02,0,247
nick wittgren,,2016,,92.8,,,3.72,0,213
noah syndergaard,NEW YORK,2016,,98.7,,,2.78,30,744
pat dean,MINNESOTA,2016,,90.1,,,5.04,9,300
patrick corbin,ARIZONA,2016,L,92.2,,,5.31,24,701
paul clemens,"MIAMI,SAN DIEGO",2016,,92.5,,,5.28,14,314
pedro baez,,2016,,97.4,,,3.36,0,294
phil hughes,MINNESOTA,2016,,91.0,,,6.61,11,259
phil klein,"PHILADELPHIA,TEXAS",2016,,92.3,,,,2,0
r.a. dickey,TORONTO,2016,,82.9,,,5.31,29,728
rafael montero,NEW YORK,2016,,93.4,,,,3,0
raisel iglesias,CINCINNATI,2016,R,94.7,,,2.91,5,325
randall delgado,,2016,,93.1,,,3.56,0,337
rich hill,"LOS ANGELES,OAKLAND",2016,,90.9,,,2.78,19,439
rick porcello,BOSTON,2016,,92.2,,,3.8,33,890
ricky nolasco,"LOS ANGELES,MINNESOTA",2016,,91.0,,,4.28,32,817
rob whalen,ATLANTA,2016,,89.8,,,,5,0
robbie ray,ARIZONA,2016,L,94.9,,,4.25,32,776
robbie ross,,2016,,94.0,,,4.46,0,238
robert gsellman,NEW YORK,2016,,94.4,,,,7,0
robert stephenson,CINCINNATI,2016,,93.9,,,,8,0
roberto osuna,,2016,,96.4,,,3.38,0,288
ross detwiler,"CLEVELAND,OAKLAND",2016,,92.9,,,5.63,7,220
ross ohlendorf,,2016,,94.6,,,4.9,0,290
ross stripling,LOS ANGELES,2016,,91.1,,,3.91,14,419
rubby de la rosa,ARIZONA,2016,,95.3,,,3.61,10,222
ryan buchter,,2016,,92.9,,,2.87,0,247
ryan dull,,2016,,91.4,,,2.39,0,290
ryan madson,,2016,,94.9,,,3.51,0,270
ryan pressly,,2016,,95.9,,,4.77,0,328
ryan vogelsong,PITTSBURGH,2016,,90.8,,,4.68,14,365
ryan weber,ATLANTA,2016,,91.3,,,,2,0
sam dyson,,2016,,96.5,,,3.21,0,285
santiago casilla,,2016,,94.3,,,3.41,0,241
scott feldman,"HOUSTON,TORONTO",2016,,90.6,,,3.85,5,338
scott kazmir,LOS ANGELES,2016,,91.7,,,4.1,26,590
sean gilmartin,NEW YORK,2016,,88.4,,,,1,0
sean manaea,OAKLAND,2016,L,92.9,,,4.37,24,594
seth lugo,NEW YORK,2016,R,93.3,,,5.45,8,260
seunghwan oh,,2016,,93.5,,,2.12,0,313
shane greene,DETROIT,2016,,94.9,,,3.33,3,256
shawn kelley,,2016,,93.0,,,2.01,0,224
shelby miller,ARIZONA,2016,,93.5,,,6.53,20,460
sonny gray,OAKLAND,2016,R,93.4,,,4.74,22,516
stephen strasburg,WASHINGTON,2016,,95.6,,,3.0,24,598
steve cishek,,2016,,91.8,,,3.05,0,258
steven brault,PITTSBURGH,2016,,91.6,,,,7,0
steven matz,NEW YORK,2016,L,92.0,,,3.14,22,547
steven wright,BOSTON,2016,,83.9,,,3.28,24,656
taijuan walker,SEATTLE,2016,R,94.6,,,4.37,25,573
tanner roark,WASHINGTON,2016,,92.7,,,3.91,33,855
taylor jungmann,MILWAUKEE,2016,,90.2,,,,6,0
taylor rogers,,2016,L,93.3,,,3.64,0,264
tim adleman,CINCINNATI,2016,,91.4,,,5.17,13,287
tim lincecum,LOS ANGELES,2016,,88.2,,,,9,0
tom koehler,MIAMI,2016,,92.4,,,4.74,33,774
tom wilhelmsen,,2016,,95.3,,,5.9,0,209
tommy milone,MINNESOTA,2016,,88.0,,,5.42,12,311
tony barnette,,2016,,93.3,,,4.34,0,246
tony cingrani,,2016,,94.7,,,3.96,0,271
tony watson,,2016,,93.8,,,3.88,0,272
travis wood,,2016,,90.9,,,3.74,0,252
trevor bauer,CLEVELAND,2016,,94.0,,,4.49,28,811
trevor cahill,CHICAGO,2016,,93.1,,,4.25,1,284
tyler anderson,COLORADO,2016,,91.4,,,3.12,19,477
tyler chatwood,COLORADO,2016,,92.7,,,4.08,27,669
tyler clippard,,2016,,91.7,,,2.8,0,262
tyler cravy,MILWAUKEE,2016,,92.2,,,,2,0
tyler duffey,MINNESOTA,2016,,91.0,,,5.6,26,596
tyler glasnow,PITTSBURGH,2016,R,94.1,,,,4,0
tyler skaggs,LOS ANGELES,2016,,93.4,,,5.71,10,219
tyler thornburg,,2016,,94.7,,,3.0,0,263
tyler wilson,BALTIMORE,2016,,90.4,,,5.45,13,414
tyrell jenkins,ATLANTA,2016,,91.8,,,6.09,8,237
ubaldo jimenez,,2016,,90.7,,,4.28,0,637
vance worley,BALTIMORE,2016,,89.4,,,4.08,4,364
vidal nuno,,2016,,90.4,,,4.31,0,247
vince velasquez,PHILADELPHIA,2016,R,94.6,,,4.13,24,551
wade leblanc,"PITTSBURGH,SEATTLE",2016,,87.4,,,4.49,8,252
wade miley,"BALTIMORE,SEATTLE",2016,,90.9,,,5.14,30,711
wei-yin chen,MIAMI,2016,,91.3,,,5.17,22,520
will harris,,2016,,93.6,,,2.71,0,255
williams perez,,2016,,91.8,,,4.37,0,233
wily peralta,MILWAUKEE,2016,,95.3,,,5.14,23,554
yordano ventura,KANSAS CITY,2016,,96.9,,,5.04,32,816
yovani gallardo,BALTIMORE,2016,,90.8,,,4.68,23,525
yu darvish,TEXAS,2016,,94.4,,,2.89,17,416
yusmeiro petit,WASHINGTON,2016,,89.2,,,3.69,1,265
zach davies,MILWAUKEE,2016,,89.9,,,3.59,28,682
zach duke,,2016,,89.7,,,2.8,0,258
zach eflin,PHILADELPHIA,2016,R,93.3,,,5.31,11,272
zach mcallister,CLEVELAND,2016,,94.8,,,4.16,2,233
zach neal,OAKLAND,2016,,90.7,,,3.82,6,281
zack britton,,2016,,96.0,,,1.7,0,254
zack godley,ARIZONA,2016,,91.6,,,4.94,9,335
zack greinke,ARIZONA,2016,,91.9,,,4.25,26,667
a.j. cole,WSN,2017,,93.2,0.2568186397984887,0.2197065491183879,5.3,8,230
a.j. griffin,TEX,2017,,87.3,0.2096975609756097,0.1901869918699186,4.7,15,338
aaron loup,TOR,2017,,92.8,0.2385829999999999,0.2462799999999999,3.32,0,265
aaron nola,PHI,2017,R,92.3,0.2539481787457754,0.2628377769432971,3.27,27,693
aaron sanchez,TOR,2017,,94.9,0.1581515679442509,0.1335993031358885,,8,0
adalberto mejia,MIN,2017,,92.6,0.2256803760282021,0.1843748531139835,5.23,0,443
adam conley,MIA,2017,,89.7,0.2156416521233275,0.150065154159395,5.66,20,463
adam morgan,PHI,2017,,94.3,0.3538331303288672,0.2859110840438489,3.79,0,229
adam ottavino,COL,2017,,94.4,0.2783453093812375,0.2544650698602794,4.54,0,243
adam wainwright,STL,2017,,90.1,0.1824033366045142,0.1821059862610402,4.61,23,546
adam warren,NYY,2017,,92.8,0.2357102803738318,0.251303738317757,3.13,0,223
adam wilk,"MINNESOTA,NEW YORK",2017,,88.3,,,,2,0
addison reed,BOS,2017,,92.3,0.2616478517270429,0.2509443976411121,3.81,0,306
aj ramos,NYM,2017,,92.4,0.3200693467336684,0.2900261306532663,3.95,0,258
alec asher,BAL,2017,,89.5,0.1975788934426229,0.1840133196721311,4.64,6,265
alex claudio,TEX,2017,,85.9,0.2127175843694494,0.1767255772646536,2.85,1,323
alex cobb,TBR,2017,,91.1,0.1647226173541963,0.1761280227596017,4.54,29,742
alex colome,TBR,2017,,95.2,0.2447355110642782,0.2064373024236038,3.1,0,281
alex meyer,LAA,2017,,96.1,0.2837146763901549,0.2742543299908842,4.36,13,292
alex wilson,DET,2017,,93.0,0.1808100113765642,0.1516370875995449,4.67,0,260
alex wood,LAD,2017,,91.9,0.248825177935943,0.2417851423487544,3.32,25,614
amir garrett,CIN,2017,,91.6,0.1970883074407195,0.1783090760425184,5.97,14,321
andrew albers,SEA,2017,,88.4,0.1758947368421052,0.1954802631578947,,6,0
andrew cashner,TEX,2017,,93.8,0.14841467122767,0.1221030026605853,4.73,28,704
andrew chafin,ARI,2017,,93.5,0.2621685779816513,0.2802568807339449,3.87,0,221
andrew heaney,LAA,2017,,91.9,0.2750115273775216,0.2382017291066282,,5,0
andrew miller,CLE,2017,,94.0,0.3653422957600827,0.399482936918304,2.35,0,244
andrew moore,SEA,2017,,91.0,0.1713631406761177,0.1273565976008724,5.81,9,243
andrew triggs,ATH,2017,,88.6,0.2480632183908046,0.1821532567049808,4.33,12,283
anibal sanchez,DET,2017,,90.7,0.2296522940851298,0.1963178551686014,4.99,0,482
anthony banda,ARI,2017,L,93.9,0.244,0.208,,4,0
anthony swarzak,MIL,2017,,94.7,0.3107468152866242,0.288734076433121,2.47,0,303
antonio senzatela,COL,2017,R,94.3,0.1693117505995204,0.1776762589928057,4.61,20,564
archie bradley,ARI,2017,,96.3,0.2383135135135135,0.2694594594594595,3.27,0,290
ariel miranda,SEA,2017,,92.1,0.2606329827197596,0.1778178061607813,4.86,0,678
arodys vizcaino,ATL,2017,,97.9,0.311647201946472,0.2447518248175182,3.6,0,235
aroldis chapman,NYY,2017,L,100.0,0.3050941597139451,0.3325840286054827,2.57,0,209
artie lewicki,DET,2017,,,0.196,0.231,,1,0
asher wojciechowski,CIN,2017,,92.5,0.2369483227561196,0.2340398912058023,4.42,8,278
austin bibens-dirkx,TEX,2017,,90.5,0.2012049530315969,0.1208548249359521,5.89,6,299
austin pruitt,TBR,2017,,91.6,0.2150037678975132,0.1755455915599096,4.45,8,371
bartolo colon,MIN,2017,,90.3,0.1214421469423669,0.1358904531456225,5.41,0,648
ben lively,PHI,2017,,91.3,0.1862554470323065,0.1456739293764087,4.7,15,372
blake parker,LAA,2017,,93.5,0.29929614181439,0.3225015641293013,2.92,0,254
blake snell,TBR,2017,,94.3,0.2542760439560439,0.2122527472527472,4.01,24,547
blake treinen,ATH,2017,R,97.3,0.2575863309352518,0.2110035971223021,3.92,0,325
blake wood,LAA,2017,,96.1,0.2691198120595144,0.2444862960062646,3.87,0,332
brad brach,BAL,2017,,95.0,0.2696276824034335,0.2556630901287554,3.79,0,275
brad hand,SDP,2017,,93.5,0.3202824956672443,0.3356273830155979,2.66,0,311
brad peacock,HOU,2017,,92.6,0.2876228851291184,0.2945614425645592,3.03,21,546
brad ziegler,MIA,2017,,83.1,0.1960273381294964,0.1078043165467625,3.95,0,211
braden shipley,ARI,2017,,93.1,0.1240625,0.1244374999999999,,3,0
brandon finnegan,CIN,2017,,,0.244,0.16,,4,0
brandon kintzler,WSN,2017,,93.7,0.1292421652421652,0.1384235517568851,3.79,0,288
brandon maurer,KCR,2017,,96.5,0.2313732673267327,0.2233722772277227,4.86,0,267
brandon mccarthy,LAD,2017,,93.2,0.1973044107013738,0.181584237165582,3.68,16,384
brandon woodruff,MIL,2017,R,94.3,0.1920769230769231,0.1924615384615384,,8,0
brent suter,MIL,2017,L,85.8,0.2201567043618739,0.1919612277867528,3.84,14,341
brett anderson,TOR,2017,,91.1,0.1848562300319488,0.1676613418530351,6.36,13,251
brett cecil,STL,2017,,91.9,0.2794732041049031,0.2408905359179019,3.08,0,277
brian duensing,CHC,2017,,92.2,0.2536247191011236,0.2412494382022471,3.15,0,257
brian ellington,MIA,2017,,98.2,0.275551282051282,0.203076923076923,5.23,0,219
brian johnson,BOS,2017,,87.4,0.1837287234042553,0.1900239361702127,,5,0
brock stewart,LAD,2017,,93.7,0.2262649903288201,0.2176711798839458,,4,0
bronson arroyo,CIN,2017,,84.4,0.1723534401508011,0.1508265786993402,6.08,14,322
bryan mitchell,NYY,2017,,96.1,0.1721028806584362,0.1199506172839506,,1,0
bryan shaw,CLE,2017,,94.8,0.2589170854271357,0.234713567839196,2.74,0,312
buck farmer,DET,2017,,92.1,0.2510089485458613,0.2258411633109619,3.92,11,219
bud norris,LAA,2017,,94.1,0.2919174311926605,0.2767412844036697,3.79,3,267
caleb smith,NYY,2017,,93.8,0.2627490347490347,0.1664401544401544,,2,0
carl edwards,CHC,2017,R,95.2,0.3625164737310774,0.3564211932324131,2.99,0,262
carlos carrasco,CLE,2017,R,94.3,0.2943755760368663,0.2754331797235023,3.71,32,798
carlos martinez,STL,2017,,96.3,0.2451606910039113,0.2337985658409387,3.42,0,858
carlos rodon,CHW,2017,,93.3,0.2483005093378608,0.2449482173174872,4.42,0,297
carlos torres,MIL,2017,,93.4,0.2168176420695504,0.168913486005089,4.7,0,322
carson fulmer,CHW,2017,,93.4,0.184,0.172,,5,0
casey lawrence,SEA,2017,,91.3,0.2548002081165452,0.2152362122788761,4.54,2,264
cc sabathia,NYY,2017,,89.2,0.212119313304721,0.1951836909871245,4.27,27,623
chad bell,DET,2017,,92.9,0.2085438121047877,0.1902746160794941,6.24,4,293
chad bettis,COL,2017,,90.1,0.1932495812395309,0.1426197654941373,,9,0
chad green,NYY,2017,,95.8,0.3804468085106383,0.436354609929078,2.63,1,253
chad kuhl,PIT,2017,,95.6,0.2263644162625886,0.2081040656471466,4.8,31,680
charlie morton,HOU,2017,,95.7,0.2643908287757677,0.2668582246529239,3.68,25,617
chase anderson,MIL,2017,,93.2,0.2458489560195468,0.2286525988449577,3.2,25,569
chase de jong,SEA,2017,,89.9,0.107,0.069,,4,0
chase whitley,TBR,2017,,90.1,0.2651951219512195,0.1810121951219512,4.18,0,238
chris archer,TBR,2017,,95.5,0.2923965822038892,0.2713022981732469,3.73,34,852
chris beck,CHW,2017,,94.6,0.1830331010452962,0.1470966898954704,6.44,0,294
chris devenski,HOU,2017,,94.0,0.3594751773049646,0.3130023640661938,2.78,0,316
chris flexen,NYM,2017,,92.6,0.1995426900584795,0.1570292397660818,6.08,9,233
chris hatcher,ATH,2017,,94.7,0.301583857442348,0.2541897274633123,3.65,0,257
chris rowley,TOR,2017,,89.3,0.1889999999999999,0.043,,3,0
chris rusin,COL,2017,,91.1,0.250381601362862,0.1927453151618398,3.34,0,340
chris sale,BOS,2017,L,94.8,0.3235936313175577,0.3526581945661701,2.68,32,851
chris smith,ATH,2017,,85.7,0.1931251292657704,0.1310124095139607,7.59,9,250
chris stratton,SFG,2017,,91.7,0.2142374999999999,0.2065645833333333,4.73,10,256
chris tillman,BAL,2017,,90.8,0.1815957820738137,0.1457662565905096,7.59,19,444
chris volstad,CHW,2017,,92.2,0.057,0.122,,2,0
chris young,KCR,2017,,86.9,0.2464642857142857,0.1352067669172932,,2,0
christian bergman,SEA,2017,,88.5,0.1608998748435544,0.1439148936170212,7.0,8,230
clayton kershaw,LAD,2017,,92.8,0.2934808013355592,0.3040317195325542,2.92,27,678
clayton richard,SDP,2017,,90.8,0.2046205179282869,0.1845597609561753,4.54,32,858
cody allen,CLE,2017,,94.3,0.3540103448275862,0.3352577586206897,3.06,0,282
cody reed,CIN,2017,,94.2,0.3205508771929825,0.2302140350877192,,1,0
cole hamels,TEX,2017,,92.1,0.2126858502812635,0.1797957594115101,4.64,24,614
collin mchugh,HOU,2017,,90.2,0.2900117073170732,0.243550243902439,4.36,12,270
corey kluber,CLE,2017,,92.7,0.2979406952965235,0.3211019086571234,2.59,29,777
corey knebel,MIL,2017,,97.3,0.3624698085419734,0.4252842415316642,2.61,0,309
cory gearrin,SFG,2017,,92.7,0.2826321070234114,0.254752508361204,3.47,0,285
craig kimbrel,BOS,2017,R,98.3,0.4433937007874015,0.5019527559055118,2.35,0,254
craig stammen,SDP,2017,,91.4,0.2454672489082969,0.2257580786026201,3.9,0,329
dallas keuchel,HOU,2017,,88.8,0.2633784277879342,0.2194053930530164,3.5,23,583
dan altavilla,SEA,2017,,96.8,0.3089230769230769,0.2620769230769231,4.57,0,203
dan jennings,TBR,2017,,91.9,0.2115173410404624,0.2043150289017341,4.12,0,266
dan otero,CLE,2017,,90.6,0.1289968602825745,0.1385667189952904,4.12,0,242
dan straily,MIA,2017,,90.5,0.2632140221402214,0.2132653471989265,4.01,33,769
daniel gossett,ATH,2017,,91.6,0.2007436708860759,0.1672303797468354,6.65,18,414
daniel hudson,PIT,2017,,95.4,0.2822285974499089,0.23541985428051,4.42,0,271
daniel mengden,ATH,2017,,92.2,0.1733733905579399,0.1198798283261802,,7,0
daniel norris,DET,2017,,93.1,0.2353433333333333,0.1915066666666666,5.52,18,459
daniel wright,LOS ANGELES,2017,,90.2,,,,2,0
danny barnes,TOR,2017,,92.0,0.257678102926337,0.2498768920282542,3.1,0,265
danny coulombe,ATH,2017,L,91.0,0.2410688775510204,0.1884681122448979,4.64,0,219
danny duffy,KCR,2017,,92.8,0.246926894107222,0.2141586176340274,4.09,24,609
danny farquhar,CHW,2017,,93.2,0.2849656925031766,0.1982681067344345,3.3,0,215
danny salazar,CLE,2017,,95.3,0.3315708430913349,0.3251393442622951,4.24,19,439
darren o'day,BAL,2017,,87.8,0.2596261216350947,0.3259062811565304,3.22,0,240
david hernandez,ARI,2017,,93.9,0.2590062656641603,0.2450551378446115,3.22,0,214
david holmberg,CHW,2017,,87.7,0.1730048780487804,0.1188595121951219,7.41,7,272
david paulino,HOU,2017,,92.7,0.2450939226519337,0.2322872928176795,,6,0
david phelps,SEA,2017,,94.7,0.2511842650103519,0.2634068322981366,4.15,0,238
david price,BOS,2017,,94.2,0.256075873827792,0.2440937766410912,3.9,11,317
david robertson,NYY,2017,,92.0,0.3641301715438951,0.3708224016145308,2.37,0,264
deck mcguire,CIN,2017,,,0.161,0.121,,2,0
dellin betances,NYY,2017,,98.3,0.3819069343065693,0.2819817518248175,2.85,0,261
derek holland,CHW,2017,,91.3,0.183553295362083,0.1728877135882831,6.7,26,626
dillon gee,MIN,2017,,91.1,0.2250811485642946,0.1950823970037453,4.76,4,212
dillon overton,SDP,2017,,89.2,0.2155959595959596,0.1348282828282828,,2,0
dillon peters,MIA,2017,,91.7,0.222532008830022,0.2030883002207505,,6,0
dinelson lamet,SDP,2017,,95.0,0.2837945443993035,0.2763244341265235,3.87,21,485
dominic leone,TOR,2017,,94.5,0.3354567010309279,0.2892412371134021,3.06,0,279
doug fister,BOS,2017,,88.3,0.1907349397590361,0.2279751948972359,4.12,15,392
drew pomeranz,BOS,2017,L,91.4,0.2409402677651905,0.2364902162718846,4.33,32,739
drew storen,CIN,2017,,90.5,0.1928316610925306,0.1903790412486065,4.3,0,246
drew verhagen,DET,2017,,93.9,0.1849447004608294,0.1658133640552995,,2,0
dustin mcgowan,MIA,2017,,93.8,0.2413504117108874,0.1971161939615736,5.27,0,331
dylan bundy,BAL,2017,,92.2,0.2512507992895204,0.2149108348134991,4.45,28,698
dylan covey,CHW,2017,,92.6,0.1574916003536693,0.1315057471264367,7.09,12,309
eddie butler,CHC,2017,,93.3,0.1831946564885496,0.1252315521628498,6.0,11,237
edinson volquez,MIA,2017,,93.6,0.2103092852371409,0.2019131596526386,5.16,0,396
eduardo rodriguez,BOS,2017,R,93.2,0.2573682119205298,0.2629611479028697,4.07,0,582
edubray ramos,PHI,2017,,94.3,0.2827793326157158,0.2990635091496232,4.21,0,256
edwin diaz,SEA,2017,R,97.4,0.3398472468916518,0.303392539964476,2.66,0,278
edwin jackson,WSN,2017,,93.1,0.2202611806797853,0.1815599284436493,5.27,13,339
enny romero,WSN,2017,,97.9,0.2712189707366297,0.2643753784056508,4.21,0,245
erasmo ramirez,SEA,2017,,92.2,0.2175693393847705,0.1978482097831568,4.54,0,539
eric skoglund,KCR,2017,,91.7,0.158,0.106,,5,0
erick fedde,WSN,2017,R,92.4,0.134,0.216,,3,0
ervin santana,MIN,2017,,93.2,0.2393320953265243,0.1995564840606623,3.84,33,863
felipe vazquez,PIT,2017,,98.4,0.3224100087796312,0.2951501316944688,2.57,0,300
felix hernandez,SEA,2017,,90.9,0.2132729905865314,0.2107436640115858,5.78,0,368
fernando rodney,ARI,2017,,94.9,0.2957809523809523,0.2807174603174603,3.25,0,231
fernando salas,LAA,2017,,91.1,0.2688231292517007,0.2195704567541302,4.42,0,263
francis martes,HOU,2017,,95.6,0.3114936440677966,0.2747425847457627,4.7,4,249
francisco liriano,HOU,2017,,92.8,0.2355413056036973,0.1879208549971115,5.03,18,439
gabriel ynoa,BAL,2017,,94.1,0.2270073349633251,0.1793985330073349,,4,0
garrett richards,LAA,2017,,95.7,0.3098205980066446,0.2519435215946843,,6,0
george kontos,PIT,2017,,91.0,0.3483698074974671,0.248467071935157,3.22,0,278
german marquez,COL,2017,R,95.0,0.2150840171942164,0.216412270418132,4.54,0,700
gerrit cole,PIT,2017,,95.9,0.2184142246642246,0.2370479242979242,4.33,33,849
gio gonzalez,WSN,2017,,90.0,0.2253976764968722,0.2372430741733691,3.71,32,827
greg holland,COL,2017,,93.4,0.3429903147699757,0.284273607748184,3.17,0,235
gregory infante,CHW,2017,,95.5,0.2528627450980392,0.2254030501089324,3.73,0,227
hansel robles,NYM,2017,,95.0,0.2381693548387097,0.2653790322580645,5.03,0,247
heath hembree,BOS,2017,,95.3,0.286446247464503,0.2598073022312372,4.57,0,271
hector neris,PHI,2017,,94.7,0.3320993485342019,0.2639381107491857,3.98,0,320
hector rondon,CHC,2017,,96.4,0.265880412371134,0.2947144329896907,4.04,0,237
hector santiago,MIN,2017,,89.2,0.1746666666666666,0.1602222222222222,6.82,0,311
henderson alvarez,PHILADELPHIA,2017,,91.5,,,,3,0
hisashi iwakuma,SEA,2017,,85.6,0.2003,0.1406470588235294,,6,0
homer bailey,CIN,2017,,93.6,0.2165897606382978,0.1586748670212766,5.97,18,420
hunter strickland,SFG,2017,,95.6,0.2534390495867769,0.2280041322314049,4.39,0,268
hyun jin ryu,LAD,2017,,90.4,0.2641542968749999,0.23117578125,4.67,24,541
ian kennedy,KCR,2017,,92.0,0.2262025796661608,0.2022833839150227,5.74,30,655
ian krol,ATL,2017,,93.4,0.2554712950600801,0.1935874499332443,4.64,0,214
ivan nova,PIT,2017,,93.1,0.1924098679098679,0.1817342657342657,5.06,0,785
j.a. happ,TOR,2017,,92.6,0.2258977455716586,0.2324247181964573,3.6,25,626
jack flaherty,STL,2017,R,93.4,0.3804033149171271,0.2942375690607735,,5,0
jackson stephens,CIN,2017,,93.8,0.216210970464135,0.2235316455696202,,4,0
jacob barnes,MIL,2017,,96.8,0.3320979591836734,0.2634261224489796,3.22,0,304
jacob degrom,NYM,2017,R,95.2,0.2910443037974683,0.2988408227848101,3.15,31,827
jacob turner,WSN,2017,,95.0,0.1074254807692307,0.0907067307692307,,2,0
jaime garcia,NYY,2017,,90.8,0.2610853552859618,0.1854891681109185,4.57,0,673
jake arrieta,CHC,2017,,92.2,0.2145335331584863,0.234259273136006,3.95,30,707
jake faria,TBR,2017,,91.8,0.2785804806991988,0.2252199563000728,4.01,14,357
jake mcgee,COL,2017,,94.9,0.192,0.2289999999999999,3.25,0,229
jake odorizzi,TBR,2017,,91.5,0.2504440626193203,0.2131324933180602,4.61,28,603
jake thompson,PHI,2017,,91.0,0.1909078455790784,0.1687957658779576,6.0,8,210
jakob junis,KCR,2017,R,91.6,0.224271047227926,0.1903148528405202,5.3,16,422
james hoyt,HOU,2017,,93.4,0.3265454545454544,0.2800139860139859,3.92,0,211
james paxton,SEA,2017,R,95.5,0.2867533998186763,0.2796971894832276,2.76,24,552
james pazos,SEA,2017,,95.6,0.289174482006543,0.2930785169029444,3.39,0,240
james shields,CHW,2017,,90.2,0.2292705943691345,0.1736470281543274,5.55,21,516
jameson taillon,PIT,2017,R,95.3,0.2109093655589123,0.2161281829952525,3.98,25,587
jared hughes,MIL,2017,,93.8,0.2941605839416057,0.2301824817518248,4.33,0,244
jarlin garcia,MIA,2017,,94.4,0.2674723788049605,0.197391206313416,4.12,0,225
jarred cosart,SDP,2017,,93.4,0.151,0.076,,6,0
jason hammel,KCR,2017,,92.2,0.215111369680851,0.1774315159574468,5.23,32,804
jason vargas,KCR,2017,,85.7,0.2180559071729957,0.1731810829817159,4.57,32,756
jc ramirez,LAA,2017,,95.6,0.2066084200995925,0.1746070620190131,5.1,24,620
jeff hoffman,COL,2017,R,94.4,0.2059331651954602,0.2055201765447667,4.76,16,440
jeff locke,MIA,2017,,90.9,0.1537242105263158,0.1814315789473684,,7,0
jeff samardzija,SFG,2017,,94.3,0.22204475781729,0.2416860821581851,3.87,32,847
jerad eickhoff,PHI,2017,,90.4,0.2209655172413793,0.1996221067548417,4.96,24,576
jered weaver,SDP,2017,,83.8,0.1701777108433734,0.1137213855421686,,9,0
jeremy hellickson,BAL,2017,,90.1,0.1730172744721689,0.1321285988483685,5.41,30,695
jeremy jeffress,MIL,2017,,94.8,0.2407739361702127,0.1752154255319148,4.51,1,295
jerry blevins,NYM,2017,,88.9,0.2995414746543778,0.3065,2.7,0,217
jesse chavez,LAA,2017,,91.2,0.2097263660017345,0.2097233304423243,5.52,21,586
jesse hahn,ATH,2017,,93.6,0.1776484375,0.1876449652777778,4.76,13,315
jhan marinez,TEX,2017,,95.3,0.239688338493292,0.185157894736842,5.06,0,262
jharel cotton,ATH,2017,,93.2,0.219736695974086,0.1823220731142989,4.45,24,564
jhoulys chacin,SDP,2017,,91.4,0.2018783638320775,0.1949558665231432,4.04,0,765
jim johnson,ATL,2017,,93.1,0.2497233294255568,0.2445392731535756,4.27,0,256
jimmy nelson,MIL,2017,,94.1,0.2610254015689204,0.2887874486365334,3.45,29,728
joakim soria,KCR,2017,,92.8,0.2962577447335812,0.2760421313506815,3.08,0,232
joaquin benoit,PIT,2017,,94.8,0.287171206225681,0.2229182879377432,3.98,0,213
joe biagini,TOR,2017,,93.3,0.1952602384655261,0.2028875064800415,4.01,18,517
joe kelly,BOS,2017,,99.0,0.2395111111111111,0.1847181818181817,3.98,0,238
joe musgrove,HOU,2017,,93.1,0.2601133651551313,0.2197631264916467,4.39,15,461
joe ross,WSN,2017,R,91.9,0.2126654960491659,0.2047971905179982,5.34,13,322
joe smith,CLE,2017,,89.3,0.2674522613065326,0.3436381909547739,2.61,0,214
john brebbia,STL,2017,,94.1,0.2805606936416185,0.2656517341040462,3.73,0,209
john gant,STL,2017,,92.5,0.1652380952380952,0.1147936507936507,,2,0
john lackey,CHC,2017,,91.0,0.2290508351488743,0.2033518518518518,5.2,30,731
johnny cueto,SFG,2017,,91.3,0.2275876494023904,0.2120505976095617,5.55,25,648
jon gray,COL,2017,,96.0,0.2225973079080202,0.2371261918115535,3.81,20,461
jon lester,CHC,2017,,91.4,0.2535731668267691,0.2418715978226064,3.95,32,763
jordan lyles,SDP,2017,,94.0,0.218969387755102,0.1551607142857142,5.48,5,324
jordan montgomery,NYY,2017,,91.9,0.2640360396039604,0.2132938613861386,4.04,29,649
jordan zimmermann,DET,2017,,92.2,0.1753670454545454,0.1446462121212121,5.85,29,713
jorge de la rosa,ARI,2017,,93.5,0.292064139941691,0.1972711370262391,3.68,0,219
jose alvarez,LAA,2017,,91.5,0.2281807747489239,0.214196556671449,4.09,0,203
jose berrios,MIN,2017,,93.9,0.2340615835777126,0.2263850020946795,3.98,0,616
jose quintana,CHC,2017,L,92.2,0.2209138257575758,0.2665959595959595,4.09,32,790
jose ramirez,ATL,2017,,97.0,0.2658746298124383,0.216639684106614,4.45,0,258
jose torres,SDP,2017,,94.7,0.2396756756756756,0.224996996996997,3.98,0,284
jose urena,MIA,2017,,95.8,0.1992518260869565,0.1587780869565217,5.23,0,724
josh fields,LAD,2017,,95.5,0.2598538550057537,0.2629309551208286,3.3,0,223
josh smoker,NYM,2017,,94.6,0.3122168905950096,0.2650431861804223,4.48,0,267
josh tomlin,CLE,2017,,87.8,0.1933301251203079,0.1841241578440808,5.44,26,585
juan nicasio,STL,2017,,95.3,0.2413170320404721,0.2578811129848229,3.27,0,290
julio teheran,ATL,2017,,91.4,0.2203248449232778,0.1879693111328762,4.54,32,812
junichi tazawa,MIA,2017,,92.8,0.191640625,0.1584302083333333,4.27,0,238
junior guerra,MIL,2017,,92.0,0.2585353260869565,0.2074710144927536,5.81,14,314
justin grimm,CHC,2017,,94.9,0.3045402684563758,0.2487371364653243,5.55,0,232
justin nicolino,MIA,2017,,90.9,0.1438963051251489,0.1119606674612634,6.7,8,229
justin verlander,HOU,2017,R,95.3,0.2361358059914408,0.2596142653352353,4.27,33,849
justin wilson,CHC,2017,,95.9,0.2947527075812274,0.3326353790613718,3.1,0,247
kelvin herrera,KCR,2017,,97.2,0.2563501513622603,0.2177679112008072,4.27,0,258
ken giles,HOU,2017,,98.2,0.3385079197465681,0.3226779303062301,2.59,0,247
kendall graveman,ATH,2017,,93.2,0.1759495327102803,0.1617788161993769,5.27,19,444
kenley jansen,LAD,2017,R,94.8,0.367263440860215,0.402510752688172,1.76,0,257
kenta maeda,LAD,2017,,92.0,0.2699793008279669,0.2430745170193192,3.47,25,557
kevin gausman,BAL,2017,R,94.9,0.2589073849878934,0.2107823849878934,5.16,34,816
keynan middleton,LAA,2017,,96.9,0.3449540709812108,0.2544801670146138,4.27,0,246
kirby yates,SDP,2017,,93.9,0.3556043329532496,0.3630627137970353,3.1,0,231
kyle barraclough,MIA,2017,,94.8,0.3213963636363636,0.2645309090909091,3.47,0,286
kyle freeland,COL,2017,L,92.2,0.1821081081081081,0.1548939088342073,4.39,28,688
kyle gibson,MIN,2017,,92.6,0.2252387888079723,0.1754453813721732,5.55,29,693
kyle hendricks,CHC,2017,,86.0,0.1885939776590578,0.2120704225352112,3.92,24,570
lance lynn,STL,2017,,92.4,0.2257678117048346,0.20318606870229,4.27,33,776
lance mccullers,HOU,2017,R,94.2,0.2640470235117558,0.2320530265132566,3.6,22,512
liam hendriks,ATH,2017,,94.9,0.265930170098478,0.2727949865711727,3.79,0,273
lisalverto bonilla,CIN,2017,,92.3,0.2555752688172042,0.1781093189964157,,4,0
lucas giolito,CHW,2017,,92.4,0.2443852813852814,0.1804242424242424,,7,0
lucas sims,ATL,2017,R,91.2,0.2022020304568528,0.1725370558375634,4.89,10,255
luis castillo,CIN,2017,R,97.4,0.2829811193526634,0.2691854349291975,2.87,15,359
luis cessa,NYY,2017,,95.3,0.2448961267605633,0.1825528169014084,,5,0
luis garcia,PHI,2017,R,97.2,0.288621485943775,0.2331937751004016,3.27,0,295
luis perdomo,SDP,2017,,94.3,0.2233113725490196,0.1763247058823529,4.86,29,716
luis severino,NYY,2017,R,97.5,0.2781174943200259,0.2845615060045439,3.1,31,782
luiz gohara,ATL,2017,,96.4,0.2568678160919539,0.2490172413793103,,5,0
luke farrell,CIN,2017,,,0.157,0.143,,1,0
luke gregerson,HOU,2017,,89.3,0.3491932960893855,0.258613407821229,3.98,0,263
luke jackson,ATL,2017,,94.6,0.2173870129870129,0.1582571428571428,5.55,0,224
luke weaver,STL,2017,R,93.2,0.2383323383084577,0.3019233830845771,3.52,10,252
madison bumgarner,SFG,2017,,91.1,0.2146340996168582,0.2224393358876117,4.01,17,450
marco estrada,TOR,2017,,89.8,0.2310132634176434,0.2171292412091301,3.98,33,806
marco gonzales,SEA,2017,,91.7,0.2287316239316239,0.1821658119658119,,8,0
marcus stroman,TOR,2017,,94.0,0.2294962962962962,0.1972785829307568,4.24,33,834
mark leiter,PHI,2017,R,91.0,0.1787274131274131,0.1664054054054054,4.99,11,395
martin perez,TEX,2017,L,93.2,0.176988018134715,0.1439268134715026,5.63,0,811
masahiro tanaka,NYY,2017,,92.3,0.2962255639097744,0.2635706766917293,4.27,30,751
mat latos,TOR,2017,,91.6,0.212,0.031,,3,0
matt albers,WSN,2017,,93.4,0.2278292410714285,0.2662924107142857,2.59,0,233
matt andriese,TBR,2017,,92.1,0.2312566438876234,0.2002171602126043,5.03,17,374
matt barnes,BOS,2017,,95.2,0.3048118234804329,0.2954829308909242,3.22,0,287
matt belisle,MIN,2017,,90.6,0.2285605700712589,0.2267054631828978,3.37,0,247
matt bowman,STL,2017,,91.7,0.2328757961783439,0.190932059447983,3.3,0,247
matt bush,TEX,2017,,97.5,0.2516655518394649,0.2499788182831661,3.98,0,240
matt cain,SFG,2017,,89.3,0.1255128578360019,0.1350844250363901,5.81,23,567
matt garza,MIL,2017,,92.0,0.1848116666666666,0.1579277777777777,4.67,22,504
matt grace,WSN,2017,,90.9,0.1672784810126582,0.143873417721519,4.15,1,215
matt harvey,NYM,2017,,94.0,0.1844641577060932,0.1609904420549582,6.12,18,431
matt moore,SFG,2017,,91.9,0.1951779867641936,0.1856053639846743,5.81,31,790
matt shoemaker,LAA,2017,,91.7,0.2417894736842105,0.1956510121457489,5.03,14,326
matt strahm,KCR,2017,L,93.7,0.2719177570093458,0.2751177570093457,,3,0
matt wisler,ATL,2017,,92.8,0.24,0.1817045454545454,,1,0
matthew boyd,DET,2017,L,92.6,0.2287319367250961,0.1904826849080803,4.83,25,605
max fried,ATL,2017,L,92.6,0.1924484679665738,0.1668607242339833,,4,0
max scherzer,WSN,2017,R,94.0,0.3193991610196838,0.3388415617941271,2.49,31,779
michael feliz,HOU,2017,,96.3,0.3161102362204724,0.3173892013498312,4.18,0,218
michael fulmer,DET,2017,,95.6,0.2148109979633401,0.1724765784114053,4.12,25,676
michael lorenzen,CIN,2017,R,96.2,0.2316589205397301,0.2192758620689655,3.76,0,361
michael pineda,NYY,2017,,93.9,0.259525974025974,0.2221779220779221,4.18,17,410
michael wacha,STL,2017,R,95.1,0.2314531891085416,0.227905632226781,3.98,30,701
miguel castro,BAL,2017,,95.0,0.2287940199335548,0.167843853820598,4.27,1,274
miguel gonzalez,TEX,2017,,90.9,0.1510457256461232,0.1435868787276341,5.1,0,684
mike bolsinger,TOR,2017,,90.0,0.18725068119891,0.1799495912806539,,5,0
mike clevinger,CLE,2017,,92.5,0.2930287081339713,0.2747464114832536,4.18,21,501
mike dunn,COL,2017,,92.4,0.2586805896805896,0.2498476658476659,3.73,0,220
mike fiers,HOU,2017,,89.5,0.217453196347032,0.2221476407914763,5.06,28,670
mike foltynewicz,ATL,2017,,95.3,0.2329830018083182,0.2117363471971066,4.93,28,692
mike leake,SEA,2017,,90.6,0.1766497153700189,0.1582462998102467,4.39,31,782
mike minor,KCR,2017,,94.7,0.2783544194107452,0.2829393414211438,2.31,0,307
mike montgomery,CHC,2017,,92.3,0.2029329797492767,0.1910901639344261,3.84,14,540
mike pelfrey,CHW,2017,,92.7,0.18448109058927,0.14888654353562,5.63,21,546
mychal givens,BAL,2017,,95.4,0.2759467918622848,0.2798270735524256,3.57,0,315
myles jaye,DET,2017,,89.8,0.045,0.0,,2,0
nate karns,KCR,2017,,93.0,0.2918355167394468,0.2834497816593886,,8,0
nick goody,CLE,2017,,91.8,0.3469933035714285,0.3297767857142857,3.47,0,221
nick martinez,TEX,2017,R,92.5,0.1553839285714285,0.1429938616071428,5.34,18,478
nick pivetta,PHI,2017,R,94.5,0.2234557503206498,0.2415699016673792,4.89,26,584
nick tepesch,TOR,2017,,89.1,0.095,0.037,,4,0
nick vincent,SEA,2017,,90.1,0.2156878048780487,0.2131243902439024,3.45,0,262
nik turley,MIN,2017,,93.4,0.168,0.121,,3,0
noah syndergaard,NYM,2017,,98.6,0.2761097046413502,0.2631814345991561,,7,0
odrisamer despaigne,MIA,2017,,92.4,0.1713972162740899,0.1214593147751606,4.96,8,254
oliver drake,MIL,2017,,91.9,0.2747010506208214,0.2494737344794651,4.76,0,251
paolo espino,TEX,2017,,88.7,0.2158677042801556,0.2444591439688716,,2,0
parker bridwell,LAA,2017,,92.5,0.2048799089356858,0.1506636311895276,5.52,20,492
pat neshek,COL,2017,,90.3,0.2624808743169399,0.2992131147540984,2.02,0,235
patrick corbin,ARI,2017,L,92.3,0.2524262935242434,0.2300556459485845,4.42,32,826
paul blackburn,ATH,2017,R,90.4,0.1042707736389684,0.0774699140401146,4.45,10,238
paul sewald,NYM,2017,R,91.4,0.2526797020484171,0.2511508379888268,3.84,0,275
pedro baez,LAD,2017,,97.2,0.3021524448705656,0.2338533077660594,4.07,0,280
pedro strop,CHC,2017,,95.8,0.3424738400789733,0.2504274432379072,2.99,0,250
peter moylan,KCR,2017,,90.4,0.2613462857142857,0.203688,3.45,0,243
phil hughes,MIN,2017,,90.0,0.1452778390297684,0.1535148842337376,5.89,9,244
r.a. dickey,ATL,2017,,83.6,0.2059598864039758,0.1686215832445864,4.36,31,815
rafael montero,NYM,2017,,93.9,0.2398821138211382,0.2036011743450768,4.39,18,550
raisel iglesias,CIN,2017,R,96.3,0.2991716842961757,0.2910496338486574,2.9,0,306
randall delgado,ARI,2017,,94.2,0.2688712195121951,0.2296234146341463,3.92,5,259
reynaldo lopez,CHW,2017,R,94.7,0.1930242587601078,0.1492169811320755,4.39,0,207
rich hill,LAD,2017,,89.2,0.2808713794796268,0.2973529700540009,3.27,25,552
richard bleier,BAL,2017,,89.0,0.1576779891304348,0.0779986413043478,3.5,0,265
rick porcello,BOS,2017,,92.1,0.2077687054631828,0.2057384204275534,4.96,33,885
ricky nolasco,LAA,2017,,91.0,0.2526656948493683,0.189507612568837,5.97,33,786
robbie ray,ARI,2017,L,94.2,0.3480113808801214,0.3401616084977238,3.76,28,665
robert gsellman,NYM,2017,,93.1,0.1719012707722385,0.1534134897360703,5.06,22,549
robert stephenson,CIN,2017,,93.7,0.2874282527881041,0.2382386617100371,5.48,11,383
roberto osuna,TOR,2017,,94.8,0.3333632286995516,0.3106367713004484,2.35,0,249
rookie davis,CIN,2017,,92.4,0.177,0.174,,6,0
ross stripling,LAD,2017,,92.9,0.2586718322698268,0.2567028258887876,3.27,2,304
ryan buchter,KCR,2017,,92.6,0.2383445544554455,0.2198910891089109,2.83,0,268
ryan madson,WSN,2017,,95.7,0.2967042253521126,0.3149049295774648,2.55,0,219
ryan merritt,CLE,2017,,87.3,0.1306307692307692,0.0958923076923077,,4,0
ryan pressly,MIN,2017,,96.0,0.273661797752809,0.250876404494382,3.84,0,252
ryan tepera,TOR,2017,,95.0,0.284451768488746,0.2501728295819936,3.55,0,319
sal romano,CIN,2017,,95.5,0.2136793349168645,0.1925914489311163,3.92,16,384
sam dyson,SFG,2017,,95.4,0.1796030871003307,0.1326085997794928,4.39,0,260
sam freeman,ATL,2017,,95.4,0.260975687103594,0.2415856236786469,3.3,0,254
sam gaviglio,KCR,2017,,88.6,0.1689808195292066,0.1590366172624237,5.81,13,313
santiago casilla,ATH,2017,,94.1,0.2538437132784958,0.2092514688601645,4.12,0,259
scott alexander,KCR,2017,L,93.7,0.2795346733668342,0.1791507537688442,3.57,0,284
scott feldman,CIN,2017,,89.1,0.2032579408543263,0.2103077765607886,5.2,21,472
scott oberg,COL,2017,,96.4,0.2623318284424379,0.2015632054176072,3.87,0,265
sean manaea,ATH,2017,L,91.7,0.2545433159073936,0.2029391336818521,4.67,29,691
sean newcomb,ATL,2017,L,93.8,0.2664021739130435,0.2309816933638443,4.76,19,456
sergio romo,TBR,2017,,86.4,0.3271252983293556,0.2732410501193317,3.57,0,224
seth lugo,NYM,2017,R,91.9,0.205343125,0.1914068749999999,4.57,18,436
seunghwan oh,STL,2017,,93.0,0.277625,0.2138181818181818,3.73,0,264
shane greene,DET,2017,,95.7,0.2325225048923679,0.2585009784735812,4.15,0,283
shelby miller,ARI,2017,,93.9,0.2752310756972111,0.2261593625498007,,4,0
sonny gray,NYY,2017,R,93.4,0.2719949079514296,0.2175675675675675,4.12,27,678
stephen strasburg,WSN,2017,,95.4,0.2886726659167604,0.2970539932508436,2.9,28,701
steven brault,PIT,2017,,92.0,0.1686832971800433,0.118524945770065,,4,0
steven matz,NYM,2017,L,92.5,0.1786209677419355,0.1644014336917562,5.27,13,298
steven wright,BOS,2017,,83.9,0.136,0.078,,5,0
t.j. mcfarland,ARI,2017,,91.6,0.1444950495049505,0.1142574257425742,3.71,1,241
taijuan walker,ARI,2017,R,93.7,0.2218920972644377,0.2228753799392097,4.24,28,683
tanner roark,WSN,2017,,92.5,0.2263207723450638,0.214633758953597,4.24,30,776
taylor rogers,MIN,2017,L,93.4,0.2108214731585518,0.2213445692883895,5.1,0,237
tim adleman,CIN,2017,,90.0,0.2500163618864292,0.2095216554379211,4.96,20,531
tom koehler,TOR,2017,,92.9,0.2085713087248322,0.2008020134228188,5.59,13,334
tommy hunter,TBR,2017,,96.3,0.255277330264672,0.2778204833141542,2.37,0,228
tommy kahnle,NYY,2017,,97.8,0.3344416184971098,0.3732878612716763,2.49,0,256
tommy milone,NYM,2017,,88.0,0.1763667136812411,0.1926459802538787,6.32,8,221
tony barnette,TEX,2017,,93.0,0.3047257889009793,0.2308019586507072,3.95,0,252
tony watson,LAD,2017,,93.5,0.249006006006006,0.190032032032032,3.22,0,291
travis wood,SDP,2017,,88.8,0.1441408364083641,0.1534864698646986,5.97,14,436
trevor bauer,CLE,2017,,94.1,0.2396174880763116,0.2656302066772655,4.42,31,749
trevor cahill,KCR,2017,,91.8,0.2759919354838709,0.2320188172043011,4.42,14,381
trevor williams,PIT,2017,,92.7,0.1928570223534373,0.187514972585407,4.3,25,642
troy scribner,LAA,2017,,88.0,0.222,0.15,,4,0
ty blach,SFG,2017,,89.7,0.1552679140127388,0.1076317675159235,4.89,24,692
tyler anderson,COL,2017,,92.0,0.2470760233918128,0.2295058479532163,4.24,15,362
tyler chatwood,COL,2017,,94.8,0.241582314588427,0.1954861450692746,4.7,25,631
tyler clippard,HOU,2017,,90.9,0.3077715078630897,0.2703506012950971,3.76,0,264
tyler duffey,MIN,2017,,92.1,0.2443276995305164,0.2477183098591549,4.64,0,310
tyler glasnow,PIT,2017,R,94.6,0.1795,0.173518315018315,6.28,13,305
tyler lyons,STL,2017,,90.1,0.2697314487632509,0.3062720848056537,3.55,0,220
tyler mahle,CIN,2017,R,92.9,0.168,0.148,,4,0
tyler pill,NYM,2017,,90.0,0.11,0.109,,3,0
tyler skaggs,LAA,2017,,92.1,0.1992521551724137,0.207694683908046,4.96,16,365
tyler wilson,BAL,2017,,90.8,0.192,0.111,,1,0
tyson ross,TEX,2017,,91.4,0.1804035269709543,0.1420653526970954,6.57,10,238
ubaldo jimenez,BAL,2017,,90.8,0.2019624489795918,0.2175008163265306,5.7,0,648
vance worley,MIA,2017,,90.2,0.1364612244897959,0.1661020408163265,5.74,12,333
vince velasquez,PHI,2017,R,93.9,0.2037944006999125,0.2319737532808399,5.81,15,315
wade davis,CHC,2017,,94.4,0.3507000993048659,0.3417646474677259,3.6,0,242
wade leblanc,PIT,2017,,87.2,0.2122531914893616,0.2005446808510638,4.96,0,283
wade miley,BAL,2017,,91.4,0.2157565530799475,0.1923423984272608,5.74,32,728
wandy peralta,CIN,2017,L,96.5,0.3275500515995872,0.2260288957688338,2.99,0,263
warwick saupold,DET,2017,,93.0,0.1798884297520661,0.1580020661157025,5.06,0,280
wei-yin chen,MIA,2017,,91.0,0.172,0.225,,5,0
wily peralta,MIL,2017,,95.9,0.2248206106870229,0.2028702290076336,5.48,8,269
yovani gallardo,SEA,2017,,92.4,0.2052071835304424,0.1619207183530442,5.63,22,578
yu darvish,LAD,2017,,94.3,0.2728907307171854,0.2570253721244925,3.71,31,766
yusmeiro petit,LAA,2017,,89.6,0.2287389347336834,0.2779122280570142,2.87,1,354
zach davies,MIL,2017,,89.7,0.1638330621542466,0.1490211519687601,4.93,33,817
zach eflin,PHI,2017,R,93.1,0.1600255319148936,0.1365861702127659,6.0,11,280
zach mcallister,CLE,2017,,95.5,0.2431948453608247,0.2672567010309278,4.3,0,249
zack godley,ARI,2017,,90.7,0.2989231404958677,0.2548801652892562,3.68,25,627
zack greinke,ARI,2017,,90.8,0.2670006381620932,0.2567779195915763,3.5,32,801
zack wheeler,NYM,2017,R,94.7,0.2162985175202156,0.2136051212938005,4.96,17,386
a.j. cole,NYY,2018,,94.0,0.3328867924528302,0.2538867924528301,4.76,2,221
a.j. minter,ATL,2018,,96.6,0.3108663967611336,0.2678947368421053,3.45,0,260
aaron nola,PHI,2018,R,92.7,0.2734610834371108,0.2694293275217932,2.75,33,831
aaron sanchez,TOR,2018,,93.7,0.241957612939208,0.1827222532069157,5.33,20,474
adam cimber,CLE,2018,,87.2,0.2068116402116402,0.2167957671957671,2.54,0,284
adam conley,MIA,2018,,95.2,0.3044366925064599,0.2483165374677002,3.81,0,202
adam morgan,PHI,2018,,94.1,0.2855358974358974,0.2380679487179487,3.71,0,213
adam ottavino,COL,2018,,94.1,0.3087238605898123,0.3772117962466488,2.19,0,308
adam plutko,CLE,2018,,91.0,0.1801338582677165,0.183326334208224,4.86,12,326
adam wainwright,STL,2018,,89.5,0.2425915032679738,0.2384869281045752,,8,0
adam warren,SEA,2018,,91.8,0.2525484633569739,0.2311513002364066,4.86,0,223
addison reed,MIN,2018,,90.8,0.2424146341463414,0.1957421602787456,4.96,0,242
adrian sampson,TEX,2018,,91.1,0.057,0.074,,4,0
alec mills,CHC,2018,,90.6,0.2,0.259,,2,0
alex claudio,TEX,2018,,86.0,0.2510959548447789,0.1504778927563499,4.33,1,299
alex cobb,BAL,2018,,92.5,0.1730131416837782,0.1546718685831622,4.93,27,661
alex colome,SEA,2018,,95.1,0.2786018433179724,0.2404248847926267,3.65,0,282
alex wilson,DET,2018,,92.3,0.2054877102199223,0.1832923673997412,3.95,0,245
alex wood,LAD,2018,,90.4,0.2293652743652743,0.2088693693693693,3.5,27,637
amir garrett,CIN,2018,,95.0,0.310652733118971,0.2816023579849946,3.65,0,264
andrew cashner,BAL,2018,,93.0,0.1618741972043823,0.1445436343029845,5.62,28,681
andrew chafin,ARI,2018,,93.5,0.3205333333333333,0.2504724137931035,3.65,0,211
andrew heaney,LAA,2018,,91.9,0.2634273783587509,0.2427287581699346,4.09,30,749
andrew kittredge,TBR,2018,R,93.0,0.204414309484193,0.1502063227953411,,3,0
andrew suarez,SFG,2018,,92.2,0.178298549556809,0.1934387590652699,4.79,0,665
andrew triggs,ATH,2018,,89.2,0.2724562798092209,0.2742623211446741,,9,0
anibal sanchez,ATL,2018,,90.4,0.2411508407517309,0.2291547972304649,3.15,0,553
anthony banda,TBR,2018,L,,0.177,0.171,,1,0
anthony desclafani,CIN,2018,,93.5,0.225711874623267,0.2173893911995177,4.18,21,484
antonio senzatela,COL,2018,R,93.6,0.2094871963230466,0.1827465528562048,4.3,13,391
archie bradley,ARI,2018,,95.6,0.2087799671592775,0.256192118226601,3.42,0,296
ariel jurado,TEX,2018,,92.3,0.0731493288590604,0.0605083892617449,6.12,8,241
aroldis chapman,NYY,2018,L,98.7,0.3809288061336253,0.37839430449069,2.42,0,212
artie lewicki,DET,2018,,92.2,0.1826447368421052,0.1747335526315789,,3,0
austin bibens-dirkx,TEX,2018,,89.4,0.2129510385756676,0.1537448071216617,5.23,6,203
austin gomber,STL,2018,,92.5,0.2168238172920065,0.2022553017944535,5.62,11,334
austin pruitt,TBR,2018,,91.8,0.1971345202769535,0.1372205736894164,4.07,0,291
austin voth,WSN,2018,R,,0.237,0.206,,2,0
bartolo colon,TEX,2018,,89.3,0.1221361957525392,0.1259570637119113,5.81,0,628
ben lively,KCR,2018,,91.2,0.1909081632653061,0.1979489795918367,,5,0
blaine hardy,DET,2018,,87.8,0.1898491124260355,0.1813949704142011,3.5,13,351
blake parker,LAA,2018,,92.1,0.2416847290640394,0.2484384236453202,4.54,0,276
blake snell,TBR,2018,,95.8,0.3391980775832475,0.3094898729831788,3.13,31,700
blake treinen,ATH,2018,R,97.5,0.3555902777777778,0.3089071180555556,2.26,0,314
brad boxberger,ARI,2018,,91.3,0.2645137420718816,0.3103868921775898,3.76,0,235
brad brach,ATL,2018,,94.0,0.2906523330283623,0.2203513266239707,3.9,0,289
brad hand,CLE,2018,,93.8,0.3316143344709897,0.3466723549488054,3.25,0,301
brad keller,KCR,2018,R,94.3,0.2183844714686623,0.1769644527595884,3.81,20,583
brad peacock,HOU,2018,,93.0,0.3204464775846295,0.3666010978956999,3.35,1,272
brad ziegler,ARI,2018,,86.0,0.2231679174484052,0.1596726078799249,3.92,0,305
brandon finnegan,CIN,2018,,91.3,0.143,0.136,,5,0
brandon kintzler,CHC,2018,,92.7,0.136,0.14,4.96,0,263
brandon mccarthy,ATL,2018,,91.9,0.168544925124792,0.1902603993344426,4.73,15,339
brandon woodruff,MIL,2018,R,95.1,0.2417208121827411,0.2460964467005076,,4,0
brent suter,MIL,2018,L,86.6,0.2429105744125326,0.2038975195822454,4.3,18,424
brett anderson,ATH,2018,,91.0,0.1681508928571428,0.1451339285714285,4.39,17,333
brett kennedy,SDP,2018,,91.4,0.1852934782608695,0.1424043478260869,,6,0
brian flynn,KCR,2018,,92.2,0.1947705314009661,0.1544806763285024,5.44,0,336
brian johnson,BOS,2018,,88.5,0.2128342407743496,0.2015269207501512,4.63,13,434
brock stewart,LAD,2018,,90.9,0.122,0.133,,2,0
bryan mitchell,SDP,2018,,94.0,0.1530247479376718,0.1099752520623281,6.04,11,337
bryan shaw,COL,2018,,94.2,0.2638389662027833,0.2066998011928429,5.4,0,257
buck farmer,DET,2018,,94.4,0.2638067092651757,0.1850487220447284,4.18,1,308
bud norris,STL,2018,,94.4,0.2679193381592554,0.2639834539813857,3.37,0,245
burch smith,KCR,2018,R,93.2,0.2395014104372355,0.2147778561354019,5.33,6,358
caleb ferguson,LAD,2018,,93.8,0.2678027465667915,0.3019138576779026,,3,0
caleb smith,MIA,2018,,92.7,0.2814555314533623,0.2672783803326102,4.36,16,326
cam bedrosian,LAA,2018,,93.1,0.2075299806576402,0.2122630560928433,4.83,0,270
carl edwards,CHC,2018,R,94.5,0.3526620762711864,0.3152807203389831,3.3,0,222
carlos carrasco,CLE,2018,R,93.7,0.3218536585365854,0.2946567944250871,3.35,30,784
carlos martinez,STL,2018,,95.1,0.2516317708333333,0.2228921874999999,3.71,0,521
carlos rodon,CHW,2018,,92.9,0.217674465920651,0.1838880976602238,4.15,0,510
carson fulmer,CHW,2018,,92.8,0.1377450592885375,0.1397667984189723,,8,0
casey kelly,SFG,2018,,91.5,0.2229999999999999,0.1657999999999999,,3,0
cc sabathia,NYY,2018,,90.2,0.2474042724707779,0.209863361547763,3.47,29,665
chad bettis,COL,2018,,90.4,0.2051086497890295,0.1531112869198312,5.06,20,518
chad green,NYY,2018,,96.1,0.2800569777043765,0.3170809248554913,3.73,0,298
chad kuhl,PIT,2018,,95.3,0.2292348008385744,0.2085744234800838,6.04,16,373
charlie morton,HOU,2018,,96.1,0.2916407297096053,0.283403946388682,3.37,30,695
chase anderson,MIL,2018,,92.5,0.2191642307692308,0.1991838461538461,4.67,30,644
chase de jong,MIN,2018,,89.2,0.143,0.1,,4,0
chasen bradford,SEA,2018,,91.1,0.211220606060606,0.1667975757575757,5.37,0,231
chasen shreve,STL,2018,,92.1,0.3170712719298245,0.2671217105263158,4.83,0,235
chaz roe,TBR,2018,,92.4,0.2578235294117647,0.2549859943977591,3.6,0,203
chris archer,PIT,2018,,94.6,0.2741407137064071,0.2437133008921329,4.27,27,638
chris bassitt,ATH,2018,R,92.4,0.1796411917098445,0.1958199481865284,3.95,7,204
chris devenski,HOU,2018,,94.2,0.2900511999999999,0.2370255999999999,,1,0
chris rusin,COL,2018,,90.8,0.1949497354497354,0.1619126984126984,4.01,0,241
chris sale,BOS,2018,L,95.2,0.3557670364500792,0.3650158478605388,2.26,27,617
chris stratton,SFG,2018,,91.1,0.2085239898989899,0.179617845117845,5.55,26,625
chris tillman,BAL,2018,,89.0,0.1304109589041096,0.1062986301369863,,7,0
chris volstad,CHW,2018,,91.3,0.1306790633608815,0.1408030303030303,5.58,1,216
christian bergman,SEA,2018,,,0.179,0.192,,2,0
clay buchholz,ARI,2018,,90.2,0.1979492242595204,0.20562341325811,3.87,16,393
clay holmes,PIT,2018,R,94.5,0.1354845070422535,0.0950788732394366,,4,0
clayton kershaw,LAD,2018,,90.8,0.2303260776781903,0.2327669654289372,3.32,26,649
clayton richard,SDP,2018,,90.3,0.1920193277310924,0.1629235294117647,5.3,27,682
cody allen,CLE,2018,,93.6,0.3200317740511915,0.2888323036187114,3.98,0,289
cody reed,CIN,2018,,92.8,0.2410112359550562,0.2333017656500803,,7,0
cole hamels,CHC,2018,,92.4,0.261989852700491,0.226423240589198,4.73,32,805
collin mchugh,HOU,2018,,92.1,0.3292663594470046,0.3435870967741936,3.13,0,283
corey kluber,CLE,2018,,92.0,0.2473283485045513,0.2633228218465539,3.18,33,842
corey knebel,MIL,2018,,96.9,0.3237095141700404,0.3985678137651821,3.25,0,223
corey oswalt,NYM,2018,,90.7,0.1666029126213592,0.1605203883495145,4.89,12,282
cory gearrin,ATH,2018,,91.9,0.2639686411149826,0.2100104529616724,4.63,0,248
craig kimbrel,BOS,2018,R,97.1,0.4116230838593327,0.3988917944093778,2.92,0,247
craig stammen,SDP,2018,,90.2,0.2673085427135678,0.2615738693467337,2.72,0,317
dallas keuchel,HOU,2018,,89.7,0.1981338773043215,0.1898588697491689,3.6,34,874
dan jennings,MIL,2018,,91.1,0.2125432220039292,0.176352652259332,4.7,1,271
dan otero,CLE,2018,,90.0,0.1771590361445782,0.1704493975903614,4.27,0,247
dan straily,MIA,2018,,90.4,0.2386595845136921,0.196941926345609,5.48,23,518
dan winkler,ATL,2018,,93.2,0.2902402010050251,0.2745366834170855,3.6,0,256
daniel gossett,ATH,2018,,93.1,0.1839257950530035,0.0961166077738516,,5,0
daniel hudson,LAD,2018,,95.3,0.2864962742175856,0.2331430700447094,,1,0
daniel mengden,ATH,2018,,92.3,0.184266516092603,0.1517300959909655,5.37,17,476
daniel norris,DET,2018,,90.2,0.2283971014492753,0.2553231884057971,,8,0
daniel ponce de leon,STL,2018,,93.2,0.2844370503597122,0.2523507194244604,,4,0
danny duffy,KCR,2018,,93.0,0.2345632432432432,0.2040684684684684,5.19,28,692
david hernandez,CIN,2018,,93.4,0.2451388888888889,0.2542467948717948,3.25,0,254
david hess,BAL,2018,,91.9,0.1859176470588235,0.1616309597523219,4.63,19,454
david price,BOS,2018,,92.7,0.2200037950664136,0.2436368121442125,4.15,30,722
david robertson,NYY,2018,,93.6,0.2950735671514115,0.2944764756201881,3.25,0,283
deck mcguire,LAA,2018,,93.3,0.2189981949458484,0.1778086642599277,,4,0
dellin betances,NYY,2018,,97.7,0.383594880847308,0.3791023830538392,2.34,0,272
dereck rodriguez,SFG,2018,,91.6,0.2272465091299677,0.186375939849624,3.71,0,487
derek holland,SFG,2018,,91.5,0.2330637491385251,0.2319769124741557,4.12,30,727
diego castillo,TBR,2018,,98.8,0.3028824188129899,0.2645330347144457,3.32,11,222
dillon peters,MIA,2018,,90.8,0.1669512761020881,0.1170324825986078,,5,0
domingo german,NYY,2018,,94.5,0.3259665757162346,0.2748281036834925,3.65,0,375
doug fister,TEX,2018,,87.5,0.1314258589511754,0.1430750452079566,5.44,12,289
drew gagnon,NYM,2018,,,0.068,0.0,,1,0
drew hutchison,TEX,2018,,90.2,0.1984534075104311,0.1645076495132127,,5,0
drew pomeranz,BOS,2018,L,89.5,0.1797975739196361,0.188100833965125,6.0,11,344
drew steckenrider,MIA,2018,,94.6,0.2528452830188679,0.2835283018867924,3.4,0,272
drew verhagen,DET,2018,,94.4,0.2815969802555169,0.2274634146341463,3.01,1,233
dylan bundy,BAL,2018,,91.6,0.2694298307475317,0.2343952750352609,4.45,31,750
dylan covey,CHW,2018,,94.6,0.1604243582741671,0.1659120699071545,4.63,21,541
dylan floro,LAD,2018,,93.8,0.2359236812570146,0.1969820426487093,2.7,0,271
eddie butler,TEX,2018,,93.6,0.1459690860215053,0.119755376344086,5.16,0,228
edgar santana,PIT,2018,,94.8,0.2609821428571429,0.2145848214285714,4.01,0,270
eduardo rodriguez,BOS,2018,R,93.3,0.2532712022367195,0.2574999999999999,3.76,0,553
edwin diaz,SEA,2018,R,97.3,0.3943499570077386,0.4170997420464316,1.92,0,280
edwin jackson,ATH,2018,,93.3,0.1949540229885057,0.1632727969348659,5.16,17,381
elieser hernandez,MIA,2018,,90.6,0.2132641509433962,0.1599290206648697,4.83,0,284
emilio pagan,ATH,2018,R,93.8,0.2996134969325153,0.2448773006134969,3.52,0,262
enyel de los santos,PHI,2018,R,94.6,0.182,0.163,,2,0
eric lauer,SDP,2018,L,91.2,0.2077274202271498,0.2020692266089778,4.76,23,504
eric skoglund,KCR,2018,,91.3,0.1680911602209945,0.1687099447513812,5.51,13,293
erick fedde,WSN,2018,R,93.3,0.2444516971279373,0.2236932114882506,5.77,11,217
ervin santana,MIN,2018,,89.2,0.1260113636363636,0.1672045454545454,,5,0
evan phillips,BAL,2018,,,0.193,0.179,,1,0
felipe vazquez,PIT,2018,,98.0,0.3042128623188406,0.2945996376811594,2.81,0,296
felix hernandez,SEA,2018,,89.6,0.1942657399836467,0.192159443990188,5.4,0,684
felix pena,LAA,2018,,92.7,0.2622413058907026,0.2401816891412349,3.76,0,389
fernando rodney,ATH,2018,,94.7,0.2650534022394487,0.2463677863910422,4.07,0,285
fernando romero,MIN,2018,,95.5,0.2346323877068558,0.1861430260047281,4.63,11,247
framber valdez,HOU,2018,L,92.6,0.2293382352941176,0.224952614379085,,5,0
francisco liriano,DET,2018,,91.9,0.2411785222579164,0.1941959614502065,5.51,26,586
frankie montas,ATH,2018,,96.4,0.202134994807892,0.1675981308411215,5.16,11,283
freddy peralta,MIL,2018,R,90.7,0.268036485480268,0.3066552494415487,3.63,14,321
gabriel moya,MIN,2018,,89.7,0.2132297872340425,0.2492510638297872,,6,0
garrett richards,LAA,2018,,95.8,0.2802675304878048,0.2769032012195122,3.98,16,323
german marquez,COL,2018,R,95.4,0.2849428938081488,0.2609143407122232,3.35,0,815
gerrit cole,HOU,2018,,96.5,0.3096661547911548,0.3438283169533169,3.06,32,799
gio gonzalez,MIL,2018,,90.1,0.2396359416445623,0.2120159151193633,4.63,32,746
glenn sparkman,KCR,2018,,93.9,0.2190109489051094,0.1632299270072992,,3,0
greg holland,WSN,2018,,92.9,0.2966298342541436,0.2144060773480662,3.95,0,212
hansel robles,LAA,2018,,95.9,0.2773813953488372,0.2670348837209302,4.24,0,242
heath fillmyer,KCR,2018,,92.5,0.2184854215918046,0.172933806146572,4.57,13,344
heath hembree,BOS,2018,,94.5,0.3119455040871934,0.2828764759309718,3.3,0,260
hector neris,PHI,2018,,94.6,0.4212602739726027,0.3869150684931506,3.81,0,203
hector rondon,HOU,2018,,97.2,0.321047191011236,0.3007730337078652,3.27,0,250
hector santiago,CHW,2018,,90.8,0.2095030846887268,0.2362052720134604,4.6,0,460
hector velazquez,BOS,2018,,91.5,0.175579418344519,0.1393303504847129,4.83,0,370
homer bailey,CIN,2018,,93.0,0.1910565509518477,0.1553734602463606,5.77,20,494
hunter wood,TBR,2018,,94.3,0.2981112828438949,0.2303987635239567,,8,0
hyun jin ryu,LAD,2018,,90.3,0.2756686956521739,0.2837382608695652,3.01,15,324
ian kennedy,KCR,2018,,91.9,0.1896415,0.200124,5.06,22,518
ivan nova,PIT,2018,,93.0,0.2052401107594936,0.1707381329113924,4.73,0,683
j.a. happ,NYY,2018,,92.3,0.2434859906604403,0.2694569713142095,3.84,31,732
jace fry,CHW,2018,,93.6,0.3352926470588235,0.3137279411764706,3.08,1,214
jack flaherty,STL,2018,R,93.2,0.313423674770825,0.3009406137903547,3.25,28,615
jacob barnes,MIL,2018,,95.3,0.3011360381861575,0.2185704057279236,3.98,0,217
jacob degrom,NYM,2018,R,96.0,0.3154732087227414,0.3251635514018691,2.46,32,835
jacob nix,SDP,2018,,92.9,0.1393041749502982,0.0936739562624254,,9,0
jacob turner,DET,2018,,,0.104,0.065,,1,0
jaime barria,LAA,2018,,91.3,0.2324861751152074,0.1749221198156682,4.57,26,537
jaime garcia,CHC,2018,,89.2,0.2121760670731707,0.1778879573170732,4.93,0,369
jaime schultz,TBR,2018,,94.9,0.351,0.3,,1,0
jake arrieta,PHI,2018,,92.4,0.1904251474926253,0.1917721238938053,4.12,31,722
jake diekman,ARI,2018,,95.1,0.2891353754940711,0.2717628458498023,3.95,0,243
jake faria,TBR,2018,,91.5,0.1963577386468952,0.1743975903614457,5.48,12,281
jake mcgee,COL,2018,,93.7,0.2269545454545454,0.2038181818181818,4.83,0,227
jake odorizzi,MIN,2018,,91.1,0.2471660935350756,0.2256213892709766,4.73,32,711
jake petricka,TOR,2018,,94.5,0.2477966804979253,0.2050995850622406,4.7,0,208
jakob junis,KCR,2018,R,91.3,0.219814658210007,0.1955306553911204,4.45,30,758
jalen beeks,TBR,2018,L,91.8,0.2557359999999999,0.1893268571428571,4.54,1,223
james paxton,SEA,2018,R,95.4,0.3020947775628627,0.3083152804642166,3.42,28,645
james pazos,SEA,2018,,93.7,0.2019999999999999,0.201,3.6,0,212
james shields,CHW,2018,,89.5,0.2275988700564972,0.1557583176396735,5.33,33,871
jameson taillon,PIT,2018,R,95.2,0.2459002375296911,0.2386837461825585,3.5,32,785
jared hughes,CIN,2018,,92.8,0.2714635568513119,0.2197142857142856,2.99,0,298
jarlin garcia,MIA,2018,,92.1,0.1885349065880039,0.1530226155358899,6.48,0,278
jason hammel,KCR,2018,,91.9,0.2090627705627705,0.1646563852813852,5.88,18,582
jason vargas,NYM,2018,,86.5,0.2538090909090909,0.2098824675324675,4.7,20,404
jeff brigham,MIA,2018,,92.9,0.196,0.146,,4,0
jeff samardzija,SFG,2018,,91.6,0.1750842607313195,0.1216327503974562,5.73,10,207
jeffrey springs,TEX,2018,L,91.3,0.2569832635983264,0.2320167364016736,,2,0
jefry rodriguez,WSN,2018,,95.4,0.2144301310043668,0.1730262008733624,4.96,0,233
jeremy hellickson,WSN,2018,,89.6,0.1896749611197511,0.1699082426127527,4.33,19,370
jeremy jeffress,MIL,2018,,95.5,0.3114409578860446,0.3142436003303055,2.81,0,299
jerry blevins,NYM,2018,,88.7,0.2470869565217391,0.2232173913043478,,1,0
jesse biddle,ATL,2018,,94.5,0.2809669509594883,0.289730277185501,4.12,0,266
jesse chavez,CHC,2018,,92.7,0.2235554016620498,0.2429542936288088,3.35,0,377
jeurys familia,ATH,2018,,96.5,0.3015095320623916,0.2748734835355286,3.08,0,302
jhoulys chacin,MIL,2018,,89.9,0.208223019125683,0.1982073087431693,4.36,0,796
jim johnson,LAA,2018,,92.3,0.1835406797116375,0.1771575695159629,3.98,1,268
jimmy yacabonis,BAL,2018,,92.9,0.247496062992126,0.192015748031496,,7,0
joakim soria,MIL,2018,,92.3,0.2881899791231733,0.2903048016701461,2.9,0,255
joe biagini,TOR,2018,,93.7,0.2080680327868852,0.1618565573770492,5.66,4,328
joe jimenez,DET,2018,,95.5,0.2938331707317073,0.3135570731707316,3.23,0,266
joe kelly,BOS,2018,,98.1,0.2783828828828829,0.2542126126126126,4.04,0,285
joe musgrove,PIT,2018,,93.5,0.2294020100502512,0.1967638190954773,3.35,19,486
joe ross,WASHINGTON,2018,R,93.2,,,,3,0
joey lucchesi,SDP,2018,L,89.8,0.2552943765281174,0.2685770171149144,4.39,26,548
john axford,LAD,2018,,95.7,0.2018418491484184,0.2247031630170316,3.42,1,233
john brebbia,STL,2018,,94.6,0.2964950495049505,0.2976806930693069,2.92,0,209
john gant,STL,2018,,93.2,0.2558638154192459,0.1889780528981429,4.09,19,487
johnny cueto,SFG,2018,,89.8,0.2028223938223938,0.1675572715572715,4.36,9,214
jon gray,COL,2018,,94.7,0.2816454081632653,0.2371446793002915,3.95,31,742
jon lester,CHC,2018,,91.0,0.2090817245817245,0.1991367438867439,5.06,32,761
jonathan holder,NYY,2018,,92.7,0.2387559288537549,0.2255177865612648,3.55,1,272
jonathan loaisiga,NYY,2018,R,95.9,0.2579745958429562,0.2914642032332563,,4,0
jonny venters,ATL,2018,,92.9,0.2440985915492957,0.1822957746478873,,1,0
jordan hicks,STL,2018,R,101.0,0.2515258964143426,0.2042031872509959,3.6,0,339
jordan lyles,MIL,2018,,93.8,0.2301457142857142,0.2153707142857143,3.58,8,371
jordan montgomery,NYY,2018,,90.5,0.3014513274336283,0.3082035398230088,,6,0
jordan zimmermann,DET,2018,,91.2,0.1963367850098619,0.1888155818540434,4.57,25,556
jorge de la rosa,CHC,2018,,92.3,0.2452103365384615,0.2060889423076923,4.48,0,243
jorge lopez,KCR,2018,,93.9,0.1878383838383838,0.1694617604617604,5.06,0,234
jose alvarado,TBR,2018,L,96.4,0.3059500978473581,0.2780763209393346,2.79,0,263
jose alvarez,LAA,2018,,91.7,0.2298517382413087,0.2219038854805726,3.68,0,261
jose berrios,MIN,2018,,93.4,0.2686223564954683,0.2613440751930178,3.65,0,797
jose leclerc,TEX,2018,,95.3,0.4253653136531365,0.404089790897909,1.83,0,223
jose quintana,CHC,2018,L,91.5,0.2025548971767166,0.2105381666085744,4.39,32,739
jose urena,MIA,2018,,95.6,0.2037971450037565,0.1903643876784372,4.09,0,712
josh hader,MIL,2018,,94.5,0.3967513389441469,0.4680512624330528,2.22,0,306
josh james,HOU,2018,,97.1,0.212,0.271,,3,0
josh lucas,ATH,2018,,,0.2789999999999999,0.314,,1,0
josh rogers,BAL,2018,,,0.102,0.063,,3,0
josh tomlin,CLE,2018,,87.9,0.1954730127576054,0.1551825318940137,6.73,9,321
juan minaya,CHW,2018,,95.0,0.2408459530026109,0.276177545691906,3.15,0,209
julio teheran,ATL,2018,,89.9,0.2822202359671076,0.2196553450125134,4.45,31,724
junior guerra,MIL,2018,,93.1,0.2494859312192943,0.2122550245645377,4.12,26,610
justin anderson,LAA,2018,,97.2,0.3652840800762631,0.307697807435653,3.3,0,240
justin miller,WSN,2018,,93.9,0.2820300375469337,0.3075168961201502,3.4,0,215
justin verlander,HOU,2018,R,95.0,0.3222114063899671,0.3465583756345177,2.34,34,833
justin wilson,CHC,2018,,94.7,0.2671819941916747,0.2994462729912875,4.07,0,236
ken giles,TOR,2018,,97.3,0.3096254927726675,0.2472759526938239,3.76,0,212
kendall graveman,ATH,2018,,94.1,0.157,0.16,,7,0
kenley jansen,LAD,2018,R,93.7,0.2769022346368715,0.2731005586592178,2.9,0,289
kenta maeda,LAD,2018,,91.9,0.3074507556018759,0.2774835852006253,3.45,20,532
keone kela,PIT,2018,,96.8,0.3046698224852071,0.2919656804733728,3.13,0,212
kevin gausman,ATL,2018,R,93.6,0.2382323822619456,0.1855768305259539,4.76,31,776
kevin mccarthy,KCR,2018,,91.6,0.1925177548682703,0.1540446735395189,4.18,0,293
kirby yates,SDP,2018,,93.9,0.3325350785340314,0.3487989528795811,2.7,0,250
kohl stewart,MIN,2018,,93.2,0.1428507795100222,0.1204432071269487,,4,0
kolby allard,ATL,2018,L,,0.125,0.063,,1,0
kyle barraclough,MIA,2018,,93.6,0.2943695652173913,0.232840909090909,3.65,0,245
kyle crick,PIT,2018,,95.8,0.2788488372093023,0.2633178294573643,3.2,0,255
kyle freeland,COL,2018,L,91.8,0.2148068254990341,0.2059459111397295,3.76,33,844
kyle gibson,MIN,2018,,93.1,0.2553645640074212,0.2225828695114409,4.33,32,826
kyle hendricks,CHC,2018,,87.3,0.1993995403808273,0.1821680892974392,3.76,33,812
lance lynn,NYY,2018,,93.7,0.2364316996871741,0.240497393117831,4.07,29,700
lance mccullers,HOU,2018,R,93.8,0.3061652298850575,0.261955459770115,3.76,22,527
liam hendriks,ATH,2018,,94.7,0.2749371428571428,0.22252,,8,0
lou trivino,ATH,2018,,97.4,0.2881158301158301,0.2524826254826254,3.55,1,299
louis coleman,DET,2018,,89.6,0.2768913043478261,0.1865615942028985,3.65,0,217
lucas giolito,CHW,2018,,92.4,0.2085760399334442,0.1625896838602329,5.26,32,775
luis castillo,CIN,2018,R,95.8,0.2768690003608805,0.2165997834716708,4.3,31,708
luis cessa,NYY,2018,,94.8,0.2699734513274336,0.2082418879056047,,5,0
luis garcia,PHI,2018,R,97.1,0.330778774289985,0.245982062780269,4.09,0,204
luis perdomo,SDP,2018,,93.3,0.2114517133956386,0.2138940809968847,4.86,10,217
luis santos,TOR,2018,,93.5,0.3123233082706767,0.3170375939849624,,1,0
luis severino,NYY,2018,R,97.6,0.2719412325285896,0.2774085133418043,3.73,32,780
luiz gohara,ATL,2018,,94.0,0.2710070175438596,0.2048807017543859,,1,0
luke farrell,CHC,2018,,92.4,0.2629999999999999,0.284,,2,0
luke weaver,STL,2018,R,93.7,0.2235262230057293,0.2057227853680035,4.7,25,609
madison bumgarner,SFG,2018,,90.8,0.2116058679706601,0.1894132029339853,4.39,21,551
marco estrada,TOR,2018,,88.5,0.2232212276214834,0.1671871270247229,4.73,28,627
marco gonzales,SEA,2018,,90.1,0.2087259953161592,0.2032068696330991,4.09,29,686
marcus stroman,TOR,2018,,92.7,0.2227831482691051,0.1744866100587851,4.42,19,449
martin perez,TEX,2018,L,92.8,0.1694348819497334,0.1236191926884996,5.73,0,397
masahiro tanaka,NYY,2018,,91.8,0.2835807993049522,0.2444039965247611,3.92,27,635
matt andriese,ARI,2018,,92.2,0.255484440706476,0.2331261564339781,4.63,5,340
matt barnes,BOS,2018,,96.6,0.3625629139072848,0.3664938505203406,3.04,0,265
matt grace,WSN,2018,,91.2,0.1772788104089219,0.2001263940520446,3.35,0,247
matt harvey,CIN,2018,,93.8,0.2043553359683794,0.1986628458498024,4.3,28,663
matt koch,ARI,2018,,91.3,0.1612370656370656,0.1385227799227799,7.63,14,360
matt magill,MIN,2018,,94.7,0.261461052631579,0.2425263157894737,5.7,0,249
matt moore,TEX,2018,,92.3,0.2183169368362214,0.1770570150922303,5.81,12,471
matt shoemaker,LAA,2018,,91.3,0.2771585081585081,0.2504032634032634,,7,0
matt strahm,SDP,2018,L,93.4,0.2757454909819639,0.2842044088176353,3.42,5,245
matt wisler,CIN,2018,,92.2,0.2207474402730375,0.2069010238907849,,3,0
matthew boyd,DET,2018,L,90.5,0.2358990889978977,0.2174341275402943,3.45,31,709
max fried,ATL,2018,L,93.1,0.334215320910973,0.3775734989648033,,5,0
max scherzer,WSN,2018,R,94.4,0.3277221264367816,0.3408988505747126,2.56,33,866
michael feliz,PIT,2018,,94.8,0.2554624553039332,0.2802288438617402,5.16,0,217
michael fulmer,DET,2018,,95.9,0.2343086832061068,0.2124661259541984,4.76,24,558
michael kopech,CHW,2018,,95.4,0.17,0.2,,4,0
michael lorenzen,CIN,2018,R,95.4,0.149329203539823,0.1486787610619468,4.33,3,344
michael soroka,ATL,2018,R,92.6,0.197483606557377,0.1884754098360655,,5,0
michael wacha,STL,2018,R,93.6,0.2276680820948337,0.1923489030431705,5.26,15,355
miguel castro,BAL,2018,,96.4,0.2411002747252747,0.1622170329670329,5.16,1,376
mike clevinger,CLE,2018,,93.6,0.2750873697118332,0.256898221949724,3.35,32,809
mike fiers,ATH,2018,,89.4,0.2004000749906261,0.2003310836145481,4.86,30,714
mike foltynewicz,ATL,2018,,96.3,0.2528094768015794,0.2588061862454754,3.13,31,743
mike leake,SEA,2018,,89.1,0.16255861815509,0.1477805953693495,5.26,31,783
mike mayers,STL,2018,,96.1,0.2325197294250282,0.2190834272829763,4.15,0,226
mike minor,TEX,2018,,92.8,0.2212472440944881,0.2053732283464567,4.33,28,640
mike montgomery,CHC,2018,,91.3,0.2062242798353909,0.1676784979423868,4.48,19,534
mike wright,BAL,2018,,93.7,0.1977209302325581,0.1901344476744186,5.33,3,388
miles mikolas,STL,2018,R,94.1,0.2034693741677763,0.1818455392809587,3.4,32,808
mychal givens,BAL,2018,,95.1,0.2560285481239804,0.2534812398042414,3.13,0,317
nathan eovaldi,BOS,2018,R,97.2,0.2235078717201166,0.231269387755102,3.35,21,455
nick kingham,PIT,2018,,92.3,0.2311819699499165,0.1977771285475792,4.96,15,342
nick pivetta,PHI,2018,R,94.8,0.2762390988372093,0.2733484738372093,3.58,32,694
nick tropeano,LAA,2018,,90.6,0.2681178965224766,0.2160636132315521,5.13,14,316
nick vincent,SEA,2018,,89.3,0.2349192307692307,0.2375307692307692,3.08,1,238
noah syndergaard,NYM,2018,,97.6,0.2767307053941908,0.2435336099585062,2.97,25,644
noe ramirez,LAA,2018,,90.0,0.2677647058823529,0.2547247639796659,4.18,0,354
odrisamer despaigne,LAA,2018,,92.7,0.1826094890510948,0.1406715328467153,,5,0
oliver drake,MIN,2018,,92.5,0.2822127071823204,0.2457513812154696,3.79,0,209
pablo lopez,MIA,2018,,92.6,0.2469694415173867,0.1933466807165437,4.04,0,247
patrick corbin,ARI,2018,L,90.8,0.3234597034171502,0.2888981302385557,3.35,33,800
paul blackburn,ATH,2018,R,90.0,0.1413266932270916,0.095996015936255,,6,0
paul sewald,NYM,2018,R,90.3,0.2078266384778012,0.2387505285412262,3.84,0,253
pedro baez,LAD,2018,,96.1,0.3157337593184238,0.254604898828541,3.01,0,237
pedro strop,CHC,2018,,95.0,0.3462630136986301,0.2454438356164383,3.45,0,240
phil hughes,SDP,2018,,90.6,0.236,0.2362903225806451,,2,0
phil maton,SDP,2018,R,91.0,0.3275584255842558,0.2579667896678966,3.11,0,214
raisel iglesias,CIN,2018,R,95.4,0.3320183406113537,0.2789065502183406,4.12,0,291
reyes moronta,SFG,2018,,96.8,0.3534981718464351,0.3125137111517367,2.66,0,262
reynaldo lopez,CHW,2018,R,95.5,0.2131988969320924,0.1890703205791106,4.83,0,799
rich hill,LAD,2018,,89.4,0.2463542471042471,0.2778016409266409,3.9,23,547
richard rodriguez,PIT,2018,,92.9,0.3115048715677591,0.321776793622675,2.66,0,279
rick porcello,BOS,2018,,91.3,0.2003576736672051,0.236492407108239,4.07,33,808
robbie erlin,SDP,2018,,90.4,0.2097659846547314,0.2067148337595908,3.68,12,439
robbie ray,ARI,2018,L,93.6,0.3149535291538799,0.3204923279263481,4.04,24,526
robert gsellman,NYM,2018,,93.8,0.2232030015797788,0.2200402843601895,3.55,0,345
roenis elias,SEA,2018,,94.3,0.2189517490952955,0.1719770808202653,3.63,0,210
ross stripling,LAD,2018,,91.8,0.2620804904051173,0.2736066098081023,3.01,21,503
ryan borucki,TOR,2018,L,91.5,0.1840980392156862,0.1600050600885515,4.27,17,415
ryan carpenter,DET,2018,,90.0,0.2331219512195122,0.1878048780487805,,5,0
ryan madson,LAD,2018,,95.9,0.2806476426799008,0.2408200992555831,3.76,0,231
ryan meisinger,BAL,2018,,91.0,0.2510227272727273,0.2366477272727272,,1,0
ryan pressly,HOU,2018,,95.9,0.3719134980988594,0.3667300380228137,2.46,0,292
ryan tepera,TOR,2018,,94.8,0.3020040281973816,0.2523836858006042,3.79,0,263
ryan yarbrough,TBR,2018,L,89.3,0.2015917258671124,0.1990906811533639,4.27,6,628
ryne stanek,TBR,2018,R,97.9,0.3468759259259259,0.2892472222222222,3.18,29,263
sal romano,CIN,2018,,93.9,0.183125,0.1666363636363636,4.89,25,644
sam dyson,SFG,2018,,93.4,0.255545983701979,0.2281711292200233,3.42,0,273
sam freeman,ATL,2018,,95.2,0.3178355437665782,0.2709681697612732,3.87,0,216
sam gaviglio,TOR,2018,,88.0,0.1939074362974518,0.1922719708788351,4.67,24,548
sandy alcantara,MIA,2018,R,95.5,0.218235294117647,0.1277941176470588,,6,0
scott alexander,LAD,2018,L,92.5,0.2731142857142857,0.1981142857142857,3.35,2,268
scott oberg,COL,2018,,95.4,0.3005038461538462,0.2740615384615384,3.55,0,228
sean manaea,ATH,2018,L,90.4,0.2035567890691716,0.1680298889837745,4.63,27,654
sean newcomb,ATL,2018,L,93.0,0.2510130226182316,0.2388618917066484,3.71,30,696
sean reid-foley,TOR,2018,,93.7,0.3146096579476861,0.3041187122736418,,7,0
seranthony dominguez,PHI,2018,R,98.0,0.3531163366336634,0.3408440594059405,2.66,0,231
sergio romo,TBR,2018,,86.4,0.3169751992914083,0.2739202834366696,3.27,5,283
seth lugo,NYM,2018,R,94.3,0.230193668528864,0.2414202358783364,3.08,5,410
seunghwan oh,COL,2018,,91.6,0.3187497348886532,0.3014167550371156,2.81,0,274
shane bieber,CLE,2018,,93.0,0.2438470859780727,0.2491667628390075,4.18,19,485
shane carle,ATL,2018,,94.8,0.2639957716701903,0.1675190274841437,4.27,0,258
shane greene,DET,2018,,95.3,0.2191397637795275,0.2307145669291338,4.04,0,279
shelby miller,ARI,2018,,94.5,0.128,0.2289999999999999,,4,0
shohei ohtani,LAA,2018,,96.7,0.3466193467336683,0.278822864321608,3.37,10,211
sonny gray,NYY,2018,R,93.3,0.2538007346189164,0.2144848484848485,4.42,23,582
spencer turnbull,DET,2018,,93.6,0.051,0.098,,3,0
stephen gonsalves,MIN,2018,,89.8,0.138,0.11,,4,0
stephen strasburg,WSN,2018,,94.6,0.2837263450834879,0.2885816326530612,3.95,22,544
steve cishek,CHC,2018,,90.3,0.3004522569444445,0.2860164930555556,2.92,0,288
steven brault,PIT,2018,,92.7,0.2483225806451613,0.1998658064516129,5.16,5,414
steven matz,NYM,2018,L,93.6,0.2280732162868883,0.2288094882330967,3.84,30,654
steven wright,BOS,2018,,85.1,0.209,0.162,4.01,4,223
t.j. mcfarland,ARI,2018,,90.1,0.2002577319587629,0.1472624179943767,3.71,0,292
taijuan walker,ARI,2018,R,,0.245,0.233,,3,0
tanner roark,WSN,2018,,91.5,0.2017052522460262,0.1998451969592259,4.3,30,760
tanner scott,BAL,2018,L,97.0,0.3428422152560083,0.3135350052246604,4.01,0,240
taylor cole,LAA,2018,,92.9,0.3238598949211909,0.2526514886164623,,2,0
taylor rogers,MIN,2018,L,92.9,0.2662062634989201,0.3127883369330453,2.68,0,260
taylor williams,MIL,2018,,95.6,0.3290182992465016,0.2612142088266954,3.9,0,236
tayron guerrero,MIA,2018,,98.8,0.2644264292408622,0.2553149015932521,4.51,0,267
thomas pannone,TOR,2018,,88.0,0.2413568345323741,0.1682848920863309,,6,0
tommy hunter,PHI,2018,,96.2,0.2079205851619644,0.1767523510971786,3.98,0,270
tommy milone,WSN,2018,,86.9,0.2064985754985755,0.1812735042735042,,4,0
tony watson,SFG,2018,,92.5,0.2701565762004175,0.2805073068893528,3.06,0,261
touki toussaint,ATL,2018,,93.3,0.2611455696202532,0.2669177215189873,,5,0
trevor bauer,CLE,2018,,94.5,0.3098286922805781,0.2755932322876278,2.79,27,717
trevor cahill,ATH,2018,,92.2,0.2618056516724337,0.2206493656286043,4.01,20,449
trevor hildenberger,MIN,2018,,92.5,0.255404050144648,0.2004281581485053,4.04,0,319
trevor may,MIN,2018,,94.0,0.349,0.3389999999999999,,1,0
trevor oaks,KCR,2018,,,0.158,0.086,,2,0
trevor richards,MIA,2018,,90.7,0.2258178555406011,0.2244463885150291,4.3,25,547
trevor williams,PIT,2018,,91.1,0.1885800515274199,0.1827346337872654,4.04,31,701
ty blach,SFG,2018,,90.0,0.1783030303030303,0.1492109988776655,4.67,13,512
tyler anderson,COL,2018,,91.9,0.2518792411528638,0.2231123677489966,3.68,32,736
tyler chatwood,CHC,2018,,93.4,0.2177692702980472,0.1793324768756423,5.96,20,486
tyler clippard,TOR,2018,,90.9,0.3127367405978785,0.2826123432979749,3.27,1,285
tyler duffey,MIN,2018,,93.1,0.2442729591836735,0.1971862244897959,,1,0
tyler glasnow,TBR,2018,R,96.5,0.2904571899012074,0.2771641053787047,4.01,11,468
tyler mahle,CIN,2018,R,92.4,0.2388419512195121,0.2184858536585366,4.89,23,506
tyler skaggs,LAA,2018,,91.5,0.254049394221808,0.2354165890027958,3.9,24,533
tyson ross,STL,2018,,90.8,0.2058215010141988,0.1845501014198783,4.45,23,634
victor arano,PHI,2018,,93.9,0.3381550387596899,0.2600431893687707,3.58,0,246
vince velasquez,PHI,2018,R,94.0,0.2665900445163901,0.2597098340752731,3.68,30,630
wade davis,COL,2018,,93.8,0.2954153561517113,0.2960777058279371,2.54,0,261
wade leblanc,SEA,2018,,86.2,0.2164633346988939,0.1947886112249078,4.27,27,662
wade miley,MIL,2018,,91.2,0.2219760213143872,0.1510603907637655,3.95,16,338
walker buehler,LAD,2018,R,96.2,0.255062049062049,0.2866368446368446,2.79,23,541
walker lockett,SDP,2018,,91.2,0.146,0.1669999999999999,,3,0
wandy peralta,CIN,2018,L,95.7,0.2249838337182448,0.134608545034642,5.4,0,227
wei-yin chen,MIA,2018,,91.1,0.2099513564078577,0.2033821328344246,3.47,26,572
will harris,HOU,2018,,92.4,0.3194479638009049,0.2957680995475113,3.42,0,230
will smith,SFG,2018,,92.6,0.3113042836041358,0.3432466765140325,2.0,0,210
william cuevas,BOS,2018,,90.8,0.231,0.16,,1,0
wilmer font,TBR,2018,,94.6,0.204,0.168,,5,0
yefry ramirez,BAL,2018,,92.6,0.2653840769903761,0.2196307961504812,4.33,0,294
yonny chirinos,TBR,2018,,94.1,0.2340628058727569,0.1879771615008156,4.6,7,370
yoshihisa hirano,ARI,2018,,91.4,0.2711038602941176,0.2261351102941176,4.12,0,262
yovani gallardo,TEX,2018,,91.5,0.1769711884753901,0.1359117647058823,5.92,18,421
yu darvish,CHC,2018,,94.1,0.2409138576779026,0.2047415730337078,,8,0
yusmeiro petit,ATH,2018,,89.3,0.1942883577486507,0.20337933693138,3.63,0,368
zach davies,MIL,2018,,89.8,0.1932262443438914,0.1751475113122171,4.57,13,280
zach duke,SEA,2018,,87.1,0.2616157826649417,0.2139495472186287,3.04,0,240
zach eflin,PHI,2018,R,94.6,0.2344183991683991,0.2234033264033264,3.6,24,548
zack godley,ARI,2018,,89.2,0.27281745502998,0.2330992671552298,4.76,32,791
zack greinke,ARI,2018,,89.5,0.2383831895174177,0.2155404282518376,3.87,33,839
zack littell,MIN,2018,R,92.0,0.16,0.106,,2,0
zack wheeler,NYM,2018,R,95.8,0.2514717112113849,0.24048698368622,3.23,29,744
aaron brooks,BAL,2019,,92.0,0.1915891008174386,0.1784446866485013,5.51,18,482
aaron bummer,CHW,2019,L,95.1,0.2146086956521739,0.2116086956521739,2.62,0,263
aaron civale,CLE,2019,R,92.0,0.1775139500734214,0.1912437591776798,3.36,10,227
aaron nola,PHI,2019,R,93.1,0.2573281296907835,0.2648189732812969,4.23,34,852
aaron sanchez,HOU,2019,,93.4,0.2200972222222222,0.1894205729166666,5.3,27,605
adam cimber,CLE,2019,,85.9,0.2013237139272271,0.1664868255959849,4.26,0,244
adam conley,MIA,2019,,95.3,0.2409083503054989,0.1987688391038696,5.37,0,283
adam kolarek,LAD,2019,,91.6,0.2307938461538461,0.1839384615384615,3.41,0,229
adam ottavino,NYY,2019,,93.7,0.2852418032786885,0.3168831967213114,3.14,0,283
adam plutko,CLE,2019,,91.1,0.1894619260918252,0.1713090705487122,4.79,20,462
adam wainwright,STL,2019,,89.6,0.1917667766776677,0.2073579024569123,4.79,31,745
adbert alzolay,CHC,2019,,,0.203,0.152,,2,0
adrian houser,MIL,2019,R,94.5,0.2478088397790054,0.2562635359116022,3.43,18,462
adrian sampson,TEX,2019,,92.5,0.2087108081791626,0.181365141187926,6.41,15,563
alec mills,CHC,2019,,89.5,0.2505911330049261,0.267423645320197,,4,0
alex claudio,MIL,2019,,85.5,0.2475479452054794,0.1742444678609062,4.03,0,267
alex cobb,BAL,2019,,,0.2179473684210526,0.0934736842105263,,3,0
alex colome,CHW,2019,,94.4,0.288558606124604,0.2235258711721225,4.73,0,249
alex mcrae,PIT,2019,,92.3,0.1764880546075085,0.0661399317406143,,2,0
alex wood,CIN,2019,,90.0,0.2529459930313589,0.1947979094076655,,7,0
alex young,ARI,2019,,89.8,0.2677802114803625,0.1988444108761329,4.47,15,349
amir garrett,CIN,2019,,95.8,0.3635858798735512,0.306754478398314,3.59,0,246
andrew cashner,BOS,2019,,93.9,0.2208892534864643,0.1740779327317473,5.3,23,636
andrew chafin,ARI,2019,,93.6,0.3359428891377379,0.3042933930571108,4.11,0,225
andrew heaney,LAA,2019,,92.5,0.3117890995260663,0.290625,4.44,18,409
andrew kittredge,TBR,2019,R,95.2,0.3045923076923076,0.255876923076923,3.43,7,210
andrew miller,STL,2019,,92.4,0.2987643979057592,0.2899623036649215,4.2,0,236
anibal sanchez,WSN,2019,,90.2,0.2114495848161328,0.1801783313562673,4.29,0,712
anthony desclafani,CIN,2019,,94.7,0.2393548511789717,0.244182450715114,3.86,31,696
anthony kay,TOR,2019,L,93.4,0.186,0.108,,2,0
anthony swarzak,ATL,2019,,93.4,0.2907536231884057,0.2322173913043478,5.02,0,234
antonio senzatela,COL,2019,R,93.7,0.1743518104604381,0.1301046043808672,5.97,25,582
archie bradley,ARI,2019,,95.5,0.2353705541770057,0.2845980148883374,4.44,1,317
ariel jurado,TEX,2019,,93.1,0.1792449877750611,0.1494073349633251,6.2,18,541
aroldis chapman,NYY,2019,L,98.0,0.3137955465587044,0.3293512145748988,3.07,0,235
asher wojciechowski,BAL,2019,,91.5,0.263781577110956,0.2128583391486392,5.26,16,361
austin adams,DET,2019,,96.2,0.1369999999999999,0.111,,2,0
austin pruitt,TBR,2019,,91.9,0.2403170731707317,0.2199707317073171,,2,0
austin voth,WSN,2019,R,92.7,0.2685,0.2670452898550725,,8,0
blake parker,PHI,2019,,91.2,0.2688590814196242,0.2484665970772442,5.59,2,255
blake snell,TBR,2019,,95.5,0.3961354497354497,0.3224301587301587,3.04,23,441
blake treinen,ATH,2019,R,97.0,0.2615265265265265,0.2112802802802802,5.09,0,266
bobby poyner,BOS,2019,,,0.236,0.25,,1,0
brad brach,NYM,2019,,94.1,0.2749040935672515,0.2492935672514619,4.41,0,242
brad hand,CLE,2019,,92.7,0.3261597374179431,0.3692253829321663,3.51,0,242
brad keller,KCR,2019,R,93.7,0.2020480120030007,0.1779208552138034,4.82,28,709
brad peacock,HOU,2019,,92.5,0.2123833685694151,0.2497639182522903,4.08,15,383
brandon kintzler,CHC,2019,,93.1,0.1611114130434782,0.206508152173913,3.67,0,227
brandon woodruff,MIL,2019,R,96.3,0.2565085007727975,0.2928634724368881,3.46,22,493
brandon workman,BOS,2019,,92.9,0.3484469453376206,0.3754734726688103,2.86,0,286
brendan mckay,TBR,2019,,93.7,0.2339787234042553,0.2644373522458629,4.6,11,216
brett anderson,ATH,2019,,89.4,0.1653329355608591,0.1178595863166268,5.44,31,743
brett martin,TEX,2019,,94.0,0.2810088062622309,0.2314569471624266,4.6,2,280
brian flynn,KCR,2019,,90.7,0.187891304347826,0.1629308300395257,,1,0
brian johnson,BOS,2019,,88.9,0.2263801324503311,0.1689496688741721,,7,0
brock burke,TEX,2019,L,92.0,0.1073809523809524,0.1058027210884353,,6,0
bryan shaw,COL,2019,,92.5,0.2182060606060606,0.162230303030303,5.13,0,312
bryse wilson,ATL,2019,,94.7,0.225,0.236,,4,0
buck farmer,DET,2019,,95.0,0.3023584415584415,0.2562,4.29,1,288
buddy boshers,TOR,2019,,92.6,0.2155530726256983,0.2960893854748603,,1,0
cal quantrill,SDP,2019,R,94.5,0.2269088252483928,0.2041800116890707,4.57,18,443
caleb ferguson,LAD,2019,,94.4,0.24273600973236,0.2602116788321167,4.96,2,204
caleb smith,MIA,2019,,91.6,0.2772942502818489,0.2628613303269447,4.63,28,646
cam bedrosian,LAA,2019,,92.9,0.2926723276723276,0.2522277722277722,3.72,7,258
carlos carrasco,CLE,2019,R,93.7,0.3045953525641025,0.288713141025641,4.96,12,341
carlos estevez,COL,2019,R,97.8,0.3057223168654174,0.2663977853492334,4.06,0,308
carson fulmer,CHW,2019,,93.6,0.2067641509433962,0.1326132075471698,,2,0
casey sadler,LAD,2019,,93.3,0.2338718330849478,0.1667883755588673,,1,0
cc sabathia,NYY,2019,,88.8,0.2498594024604569,0.2263678968951377,4.38,22,468
chad bettis,COL,2019,,93.0,0.1850374999999999,0.1415011363636363,4.63,3,287
chad green,NYY,2019,,96.4,0.2965583011583012,0.3326718146718146,4.26,15,296
chandler shepherd,BAL,2019,,92.1,0.1639999999999999,0.206,,3,0
charlie morton,TBR,2019,,94.7,0.299377140974967,0.3010253623188405,3.26,33,790
chase anderson,MIL,2019,,93.3,0.2340352173913043,0.2147052173913043,4.54,27,592
chaz roe,TBR,2019,,92.1,0.249789408866995,0.2875775862068965,4.08,0,229
chi chi gonzalez,COL,2019,,92.4,0.1766652497343251,0.1539096705632306,5.74,0,278
chris archer,PIT,2019,,94.1,0.2782233576642335,0.2611907542579075,5.41,23,526
chris bassitt,ATH,2019,R,94.0,0.212784794349813,0.2200594100540091,4.0,25,612
chris devenski,HOU,2019,,94.7,0.2860017482517482,0.2462272727272727,3.94,1,298
chris flexen,NYM,2019,,94.3,0.118,0.132,,1,0
chris martin,ATL,2019,R,95.9,0.2693740359897172,0.310512853470437,3.56,0,216
chris paddack,SDP,2019,R,93.9,0.2426333333333333,0.2701219298245614,3.38,26,568
chris sale,BOS,2019,L,93.4,0.3181261663286004,0.3458190669371196,3.48,25,612
chris stratton,PIT,2019,,92.2,0.2419055793991416,0.2062025751072961,4.76,5,344
clay buchholz,TOR,2019,,89.7,0.2035804776739356,0.1549034267912772,6.57,12,254
clay holmes,PIT,2019,R,94.0,0.2545893271461717,0.214183294663573,5.02,0,240
clayton kershaw,LAD,2019,,90.3,0.2713794450957405,0.258253223915592,3.64,28,706
clayton richard,TOR,2019,,91.1,0.1517300699300699,0.1376237762237762,,10,0
cody stashak,MIN,2019,,91.7,0.3221290322580645,0.2600645161290322,,1,0
cole hamels,CHC,2019,,91.4,0.2656683375104428,0.2333091060985798,4.6,27,617
cole irvin,PHI,2019,,89.8,0.2087556270096462,0.1741479099678456,,3,0
colin poche,TBR,2019,,92.9,0.3429999999999999,0.354,2.93,0,207
collin mchugh,HOU,2019,,90.8,0.2878040244969378,0.2464540682414698,4.26,8,317
colten brewer,BOS,2019,,95.1,0.2829487951807229,0.2150240963855421,4.57,0,252
conner menez,SFG,2019,,91.2,0.241,0.267,,3,0
corbin burnes,MIL,2019,,95.2,0.3354278002699055,0.2977989203778677,5.85,4,235
corbin martin,HOU,2019,R,95.3,0.215,0.203,,5,0
corey kluber,CLE,2019,,92.0,0.2824312499999999,0.2611458333333333,,7,0
cory gearrin,NYY,2019,,91.0,0.2028065296251511,0.1979866989117291,4.86,2,241
craig stammen,SDP,2019,,91.8,0.2244535165723524,0.2227922392886014,3.51,0,339
dakota hudson,STL,2019,,93.9,0.2414225911223385,0.1985882352941176,5.09,32,757
dallas keuchel,ATL,2019,,89.4,0.2135515021459227,0.1900611587982832,4.79,19,487
dan straily,BAL,2019,,90.2,0.1842118279569892,0.1336817204301075,10.52,8,236
daniel hudson,WSN,2019,,96.2,0.2329069325735991,0.2388319088319088,4.11,1,304
daniel mengden,ATH,2019,,91.5,0.135745243128964,0.1303171247357294,4.89,9,260
daniel norris,DET,2019,,90.8,0.2223948322756119,0.1965494106980961,5.02,29,610
daniel ponce de leon,STL,2019,,93.3,0.2661160220994475,0.266585635359116,3.72,8,203
danny duffy,KCR,2019,,92.3,0.2393248496066636,0.2030416473854697,5.23,23,555
dario agrazal,PIT,2019,,90.8,0.1572089552238806,0.1303154228855721,5.41,14,321
david hess,BAL,2019,,93.0,0.1927996882307093,0.202962587685113,7.7,14,365
david phelps,CHC,2019,,92.7,0.2003286163522012,0.2388066037735848,,1,0
david price,BOS,2019,,91.9,0.2533625344352617,0.2778628099173553,4.26,22,458
dereck rodriguez,SFG,2019,,90.7,0.2129579326923077,0.1713100961538461,5.51,0,439
derek holland,CHC,2019,,92.3,0.2589274074074074,0.2388251851851851,5.81,8,376
derek law,TOR,2019,,94.0,0.2925062866722548,0.2405029337803855,4.73,4,285
devin smeltzer,MIN,2019,,89.1,0.2117378917378917,0.1908589743589743,,6,0
diego castillo,TBR,2019,,98.4,0.3311476323119777,0.2822590529247911,3.07,6,290
dillon peters,LAA,2019,,91.0,0.1985336206896551,0.163675,5.97,12,327
dinelson lamet,SDP,2019,,95.9,0.3111352019785655,0.3255564715581204,3.94,14,313
domingo german,NYY,2019,,93.4,0.2880102358700489,0.2636190476190476,4.41,0,594
drew pomeranz,MIL,2019,L,92.8,0.2697919911012235,0.3168064516129033,4.35,18,455
drew smyly,PHI,2019,,91.2,0.262456807511737,0.2293619718309859,5.97,21,514
drew verhagen,DET,2019,,93.8,0.2284509594882729,0.2193901918976546,4.96,4,258
dustin may,LAD,2019,R,95.7,0.2079523809523809,0.2391428571428571,,4,0
dylan bundy,BAL,2019,,91.1,0.2812246220302375,0.2295745140388768,4.2,30,700
dylan cease,CHW,2019,R,96.5,0.2681889824024484,0.2534307574598317,4.63,14,326
dylan covey,CHW,2019,,94.1,0.1712595419847328,0.1445485278080698,7.6,12,279
eduardo rodriguez,BOS,2019,R,93.0,0.2718948484848484,0.2474330303030303,3.72,0,859
edwin diaz,NYM,2019,R,97.4,0.375844714686623,0.3946632366697848,3.23,0,254
edwin jackson,DET,2019,,93.5,0.2398669491525423,0.162378813559322,8.04,13,336
elieser hernandez,MIA,2019,,90.6,0.254940014114326,0.2522540578687368,3.75,0,353
emilio pagan,TBR,2019,R,95.5,0.3519201520912547,0.3705969581749049,2.16,0,267
emmanuel clase,TEX,2019,,99.5,0.26,0.24,,1,0
enyel de los santos,PHI,2019,R,,0.2,0.24,,1,0
eric lauer,SDP,2019,L,91.8,0.2017385188249897,0.2186127430699213,4.29,29,651
eric skoglund,KCR,2019,,89.8,0.1180297872340425,0.0526127659574468,,4,0
erick fedde,WSN,2019,R,89.3,0.1569569620253164,0.1239949367088607,6.78,12,334
erik swanson,SEA,2019,,92.7,0.2264158926728586,0.2214932920536635,5.23,8,245
ervin santana,CHW,2019,,90.0,0.057,0.063,,3,0
evan marshall,CHW,2019,,93.7,0.2179309352517985,0.1622086330935252,4.06,0,209
felipe vazquez,PIT,2019,,98.5,0.2804485549132948,0.3813953757225433,3.0,0,236
felix hernandez,SEA,2019,,89.9,0.2049783464566928,0.1910836614173228,6.24,0,325
felix pena,LAA,2019,,91.2,0.289256,0.2388046666666667,4.73,0,407
fernando rodney,WSN,2019,,94.4,0.2504653705953827,0.2320352369380315,4.41,0,210
framber valdez,HOU,2019,L,94.2,0.261035551504102,0.2348350045578851,4.57,8,329
francisco liriano,PIT,2019,,92.8,0.3019286403085824,0.2239980713596914,4.08,0,302
frankie montas,ATH,2019,,96.8,0.2587791245791245,0.250776430976431,3.43,16,394
freddy peralta,MIL,2019,R,93.6,0.2965054105665181,0.3079223424570337,4.11,8,382
gabriel ynoa,BAL,2019,,93.4,0.2047648054145516,0.1409791314156796,6.04,13,480
german marquez,COL,2019,R,95.7,0.260928684003152,0.226552403467297,4.76,0,721
gerrit cole,HOU,2019,,97.1,0.3751801829268292,0.4047597560975609,2.43,33,817
gerson bautista,SEA,2019,,,0.1639999999999999,0.114,,2,0
gio gonzalez,MIL,2019,,89.5,0.25331308077198,0.2053395282344531,4.5,17,366
giovanny gallegos,STL,2019,,93.7,0.347692990239574,0.3370115350488021,2.77,0,279
glenn sparkman,KCR,2019,,93.4,0.1728050176056338,0.1342579225352112,6.0,23,606
gregory soto,DET,2019,L,96.0,0.2060041067761807,0.1652381930184805,6.49,7,276
griffin canning,LAA,2019,,93.9,0.3179755154639175,0.2506095360824742,4.0,17,384
hansel robles,LAA,2019,,97.2,0.2714238410596026,0.2700766319772942,2.9,1,283
heath fillmyer,KCR,2019,,92.2,0.145,0.111,,3,0
hector neris,PHI,2019,,94.4,0.3970829268292682,0.3455219512195121,3.14,0,275
hector rondon,HOU,2019,,96.7,0.2364876210979548,0.209243272335845,4.11,0,257
hector velazquez,BOS,2019,,92.2,0.235982180293501,0.2043343815513627,5.23,0,247
homer bailey,ATH,2019,,93.0,0.2428918523931311,0.210144318597004,4.47,31,696
hunter wood,CLE,2019,,93.6,0.2586724960254372,0.1727360890302066,,2,0
hyun jin ryu,LAD,2019,,90.7,0.2499106414534668,0.2397004078605858,3.43,29,723
ian kennedy,KCR,2019,,94.4,0.2404011142061281,0.2627920148560817,3.28,0,266
ivan nova,CHW,2019,,92.5,0.1917702297702297,0.1418391608391608,5.63,0,806
j.a. happ,NYY,2019,,92.0,0.2371331836887392,0.2063554059109614,4.89,30,678
jace fry,CHW,2019,,92.9,0.3828097686375321,0.3041491002570694,4.79,0,251
jack flaherty,STL,2019,R,94.3,0.3090041746949261,0.3095963391136802,3.38,33,772
jacob barnes,KCR,2019,,93.6,0.2177556904400606,0.1991001517450683,,1,0
jacob degrom,NYM,2019,R,96.9,0.3174407477820025,0.3169077946768061,2.7,32,804
jacob waguespack,TOR,2019,,92.3,0.2127402597402597,0.1955419913419913,5.51,13,335
jaime barria,LAA,2019,,91.7,0.2220318021201413,0.2044784452296819,5.77,13,365
jairo diaz,COL,2019,,97.2,0.2881116121758737,0.247499436302142,3.8,0,245
jake arrieta,PHI,2019,,91.9,0.1751188940092165,0.1788442396313364,5.06,24,594
jake diekman,ATH,2019,,95.8,0.3658303571428571,0.3099017857142857,3.94,0,282
jake odorizzi,MIN,2019,,92.9,0.2715969131371141,0.2706216798277099,3.91,30,658
jakob junis,KCR,2019,R,91.7,0.2293902188782489,0.2009746922024623,5.37,31,771
jalen beeks,TBR,2019,L,92.0,0.2399262926292629,0.1887486248624862,5.26,3,464
james marvel,PIT,2019,,90.3,0.088,0.0,,4,0
james paxton,NYY,2019,R,95.4,0.3088901558342835,0.2861220068415051,3.69,29,633
jameson taillon,PIT,2019,R,94.7,0.2481485714285714,0.2018133333333333,,7,0
jared hughes,PHI,2019,,92.8,0.19,0.128,4.32,0,289
jarlin garcia,MIA,2019,,93.3,0.2016147757255937,0.1898509234828496,4.23,0,206
jason vargas,PHI,2019,,84.2,0.2253417165668662,0.1921489021956088,4.69,29,649
javy guerra,WSN,2019,,92.7,0.1947517517517517,0.2058668668668668,4.06,0,287
jeff hoffman,COL,2019,R,93.7,0.2215040257648953,0.2181095008051529,7.0,15,315
jeff samardzija,SFG,2019,,91.6,0.2048154477101845,0.2003130553656869,4.73,32,740
jefry rodriguez,CLE,2019,,93.9,0.186422969187675,0.1902899159663865,5.09,0,203
jerad eickhoff,PHI,2019,,89.4,0.2671261829652996,0.2103343848580441,5.59,10,245
jeremy hellickson,WSN,2019,,88.6,0.1413996478873239,0.1444014084507042,,8,0
jeremy jeffress,MIL,2019,,94.0,0.2198030690537084,0.2282416879795396,4.96,0,225
jesse chavez,TEX,2019,,91.4,0.173076150627615,0.2071297071129707,5.16,9,337
jeurys familia,NYM,2019,,95.9,0.2796947040498442,0.2322928348909657,4.73,0,274
jhoulys chacin,BOS,2019,,90.0,0.2016829134720701,0.2051122672508215,5.77,0,470
jimmy nelson,MIL,2019,,92.3,0.2750124223602484,0.2102670807453416,,3,0
jimmy yacabonis,BAL,2019,,93.2,0.2154379671150971,0.1761913303437967,,4,0
joakim soria,ATH,2019,,92.6,0.2870122641509434,0.2540377358490566,3.59,1,278
joe biagini,HOU,2019,,93.8,0.282647792706334,0.2259289827255278,5.74,0,281
joe jimenez,DET,2019,,95.1,0.321112676056338,0.3413450704225352,3.91,0,257
joe kelly,LAD,2019,,97.5,0.2723768444948921,0.2835822928490352,3.41,0,226
joe musgrove,PIT,2019,,92.7,0.2471744536548606,0.2076522230595328,4.14,31,718
joe palumbo,TEX,2019,,93.9,0.256,0.2789999999999999,,4,0
joe ross,WSN,2019,R,94.1,0.2122494736842105,0.171878947368421,5.59,9,295
joey lucchesi,SDP,2019,L,90.4,0.2537858814352574,0.2327055382215288,3.83,30,686
john brebbia,STL,2019,,93.5,0.2926442786069652,0.2925820895522388,3.26,0,304
john gant,STL,2019,,95.9,0.2701069958847737,0.2290041152263374,3.8,0,269
john means,BAL,2019,,91.8,0.2154490281634272,0.1923002776675922,4.0,27,637
johnny cueto,SAN FRANCISCO,2019,,91.3,,,,4,0
jon duplantier,ARI,2019,,92.2,0.1833239171374764,0.1824444444444444,,3,0
jon gray,COL,2019,,96.0,0.256023306948109,0.236862796833773,4.76,25,637
jon lester,CHC,2019,,90.6,0.2150736599802696,0.2225580401183821,5.06,31,764
jonathan holder,NYY,2019,,92.1,0.2539413533834586,0.2682165413533834,,1,0
jonathan loaisiga,NYY,2019,R,96.8,0.34625,0.3033232758620689,,4,0
jordan lyles,MIL,2019,,92.6,0.2406922089041096,0.2455637842465753,4.29,28,599
jordan yamamoto,MIA,2019,,91.5,0.2349088145896656,0.2522462006079027,4.2,15,325
jordan zimmermann,DET,2019,,90.5,0.1983568691844554,0.1609978106185002,6.04,23,504
jorge lopez,KCR,2019,,94.3,0.2107251092763477,0.1994992714910151,5.97,0,548
jose alvarez,PHI,2019,,91.4,0.2212136986301369,0.2106534246575342,4.26,0,255
jose berrios,MIN,2019,,93.1,0.2374131063283007,0.2358673305493093,4.06,0,842
jose leclerc,TEX,2019,,96.8,0.3483295553618134,0.3543748910200523,2.93,0,299
jose quintana,CHC,2019,L,91.4,0.2072911485003658,0.2006042428675933,4.73,31,745
jose suarez,LAA,2019,L,91.7,0.2395244072524407,0.1729135285913528,5.66,0,375
jose urena,MIA,2019,,94.8,0.2047205308352849,0.1658056206088992,5.19,0,369
josh a. smith,BOS,2019,,91.3,0.2765423728813559,0.2195423728813559,,2,0
josh hader,MIL,2019,,95.5,0.4149014084507043,0.4908873239436619,2.39,0,289
josh james,HOU,2019,,97.1,0.3817971274685817,0.3748231597845601,3.04,1,266
josh osich,CHW,2019,,94.4,0.27,0.222,4.44,0,272
josh taylor,BOS,2019,,94.8,0.3250975609756097,0.3155609756097561,,1,0
josh tomlin,ATL,2019,,89.4,0.2052751540041067,0.1795862422997946,4.35,1,320
juan nicasio,PHI,2019,,93.8,0.2146803840877915,0.2227023319615912,5.44,0,217
julio teheran,ATL,2019,,89.7,0.2237916941331575,0.2114096901779828,4.76,33,754
julio urias,LAD,2019,,95.1,0.2984810024252223,0.2702328213419563,3.14,0,326
junior guerra,MIL,2019,,94.6,0.2797942264988897,0.2190969652109548,4.0,0,344
justin anderson,LAA,2019,,94.6,0.3049435774309724,0.2793817527010804,4.08,0,217
justin verlander,HOU,2019,R,94.6,0.3282137569401604,0.3408513263417643,2.66,34,847
justus sheffield,SEA,2019,,92.8,0.2861517857142857,0.2228184523809524,,7,0
kelvin herrera,CHW,2019,,96.3,0.271433296582139,0.2305380374862183,4.54,0,235
ken giles,TOR,2019,,96.9,0.4020363864491845,0.3916398996235884,2.6,0,208
kenley jansen,LAD,2019,R,93.2,0.3216796949475691,0.3042831267874166,2.97,0,263
kenta maeda,LAD,2019,,92.1,0.3179287683823529,0.266258731617647,3.26,26,624
kevin gausman,CIN,2019,R,93.9,0.2907892030848329,0.2505334190231362,4.76,17,451
kevin mccarthy,KCR,2019,,90.8,0.206140931372549,0.1491323529411764,4.35,0,268
kirby yates,SDP,2019,,93.5,0.346300395256917,0.4232786561264822,2.22,0,243
kohl stewart,MIN,2019,,92.0,0.2071941747572815,0.1236213592233009,,2,0
kolby allard,TEX,2019,L,92.4,0.1841411411411411,0.1773273273273273,4.82,9,208
kyle crick,PIT,2019,,95.3,0.3225103785103785,0.2896178266178266,4.06,0,226
kyle dowdy,TEX,2019,,95.2,0.131,0.092,,1,0
kyle freeland,COL,2019,L,92.0,0.1938876337693222,0.1588049940546968,5.81,22,472
kyle gibson,MIN,2019,,93.4,0.2826259044862518,0.2351204775687409,4.96,29,706
kyle hendricks,CHC,2019,,87.2,0.2208936802973977,0.2093936802973978,3.78,30,730
kyle mcgowin,WSN,2019,,91.5,0.2834761904761905,0.2559523809523809,,1,0
kyle ryan,CHC,2019,,89.8,0.233124726477024,0.2341859956236323,3.8,0,260
kyle wright,ATL,2019,,94.8,0.2184117647058824,0.1664999999999999,,4,0
lance lynn,TEX,2019,,94.6,0.2863987398739874,0.2866855685568557,3.48,33,875
lewis thorpe,MIN,2019,,91.2,0.222,0.254,,2,0
liam hendriks,ATH,2019,,96.5,0.3677901614142967,0.3750023059185242,2.27,2,332
logan allen,CLE,2019,,92.6,0.1981710843373494,0.1255710843373494,,4,0
logan webb,SFG,2019,R,93.2,0.2255724852071006,0.2146612426035503,,8,0
lou trivino,ATH,2019,,97.4,0.2642812887236678,0.1822032218091697,3.78,0,269
lucas giolito,CHW,2019,,94.2,0.3257094143810229,0.3299651593773165,3.48,29,705
lucas sims,CIN,2019,R,93.5,0.3332340425531914,0.3069900709219857,,4,0
luis castillo,CIN,2019,R,96.4,0.3471861147327248,0.2582975880052151,3.33,32,780
luis cessa,NYY,2019,,94.6,0.2878745332337565,0.2134309185959671,3.86,0,343
luis garcia,LAA,2019,R,97.1,0.2992660287081339,0.2093684210526315,5.13,2,278
luis perdomo,SDP,2019,,95.1,0.1987870905587668,0.1847321772639691,4.2,1,296
luke bard,LAA,2019,,94.2,0.2895555555555555,0.1995925925925926,,3,0
luke farrell,TEX,2019,,,0.1669999999999999,0.2,,1,0
luke jackson,ATL,2019,,96.1,0.354568439407149,0.3401639058413251,3.0,0,315
luke weaver,ARI,2019,R,93.8,0.2487574786324786,0.265207264957265,4.2,12,260
madison bumgarner,SFG,2019,,91.4,0.2443192212608158,0.2361810877626699,4.57,34,844
manny banuelos,CHW,2019,,92.0,0.2146767015706806,0.1842382198952879,6.45,8,235
marco estrada,ATH,2019,,87.3,0.177625,0.129875,,5,0
marco gonzales,SEA,2019,,88.9,0.1781271347248577,0.1692030360531309,4.26,34,866
marcus stroman,NYM,2019,,93.0,0.2461618046132971,0.2075783582089552,3.72,32,774
marcus walden,BOS,2019,,94.1,0.2842208201892744,0.2316616719242901,3.97,0,327
mark melancon,ATL,2019,,92.2,0.2587045454545454,0.258414256198347,3.31,0,284
martin perez,MIN,2019,L,94.2,0.2132937567665103,0.1815001804402742,4.11,0,737
masahiro tanaka,NYY,2019,,91.5,0.2366234451564266,0.2054515642668677,4.41,31,759
matt albers,MIL,2019,,93.2,0.2362386237513873,0.239227524972253,4.11,0,258
matt andriese,ARI,2019,,92.5,0.2504118644067796,0.2576957627118644,3.64,0,310
matt barnes,BOS,2019,,96.6,0.355436137071651,0.3768068535825544,3.16,0,285
matt carasiti,SEA,2019,,,0.316,0.259,,5,0
matt grace,WSN,2019,,91.2,0.1971822358346095,0.1804226646248086,6.87,1,206
matt harvey,LAA,2019,,93.2,0.211687648456057,0.1570866983372921,7.32,12,266
matt magill,SEA,2019,,95.2,0.3233420158550396,0.2841993204983012,4.63,0,229
matt shoemaker,TOR,2019,,90.3,0.2612748091603054,0.2446641221374045,,5,0
matt strahm,SDP,2019,L,91.3,0.2329396551724137,0.2426862068965517,4.66,16,487
matt wisler,SEA,2019,,92.9,0.3254853113983549,0.3073513513513513,3.91,8,224
matthew boyd,DET,2019,L,92.1,0.3174605307356399,0.3093691635875041,3.86,32,788
max fried,ATL,2019,L,93.8,0.2654646424290851,0.255100679184978,3.86,30,702
max scherzer,WSN,2019,R,94.9,0.3344687612856627,0.3408360418923798,2.77,27,693
merrill kelly,ARI,2019,R,92.0,0.2240922297297297,0.2076118243243243,5.34,32,777
michael feliz,PIT,2019,,95.1,0.2823396424815983,0.3057707676130389,3.72,1,239
michael lorenzen,CIN,2019,R,97.2,0.3057434514637904,0.2321402157164869,3.18,0,343
michael pineda,MIN,2019,,92.5,0.2531145108947613,0.2259754288363467,4.32,26,600
michael soroka,ATL,2019,R,92.9,0.2298806907378335,0.2124305337519623,4.08,29,701
michael wacha,STL,2019,R,93.0,0.2031854508196721,0.1843862704918032,5.77,24,561
miguel castro,BAL,2019,,97.3,0.2752077922077922,0.2217256493506493,3.83,0,319
mike clevinger,CLE,2019,,95.4,0.3526620392532312,0.3402680708472953,3.11,21,499
mike fiers,ATH,2019,,90.4,0.182248854423687,0.1689538244624603,5.02,33,754
mike foltynewicz,ATL,2019,,94.8,0.2305752118644068,0.2065333686440678,4.79,21,491
mike leake,ARI,2019,,88.6,0.1771533018867924,0.1553059299191375,5.7,32,835
mike minor,TEX,2019,,92.5,0.2624959785522788,0.230546619005064,3.86,32,863
mike montgomery,KCR,2019,,91.6,0.2226082539682539,0.1857244444444444,6.83,13,402
mike morin,PHI,2019,,91.6,0.2158204724409448,0.091607874015748,4.89,0,210
miles mikolas,STL,2019,R,93.7,0.2203348787446505,0.1930973609129814,4.82,32,764
mitch keller,PIT,2019,R,95.4,0.2667668965517241,0.2827627586206896,3.51,11,227
montana durapau,PIT,2019,,92.2,0.3431881918819188,0.2040590405904059,,2,0
mychal givens,BAL,2019,,95.3,0.3446785714285714,0.3261978021978022,4.11,0,260
nathan eovaldi,BOS,2019,R,97.5,0.2602140522875817,0.2411519607843137,5.09,12,302
nestor cortes,NYY,2019,,89.6,0.2515332290852228,0.2278733385457388,5.26,1,298
nick anderson,TBR,2019,,96.0,0.394534059945504,0.4280980926430517,2.9,0,264
nick kingham,TOR,2019,,91.9,0.1900606394707827,0.1735270121278941,5.7,4,259
nick margevicius,SDP,2019,,88.3,0.2188875140607424,0.15922272215973,6.0,12,263
nick pivetta,PHI,2019,R,94.6,0.2458035714285714,0.2090829081632652,5.44,13,421
nick ramirez,DET,2019,,90.0,0.2632804487179487,0.1895809294871794,4.5,0,348
nick tropeano,LAA,2019,,90.8,0.118,0.107,,1,0
nick vincent,PHI,2019,,88.9,0.2446465390279823,0.275378497790869,,1,0
nick wittgren,CLE,2019,,92.3,0.222125,0.2708392857142857,4.63,0,232
noah syndergaard,NYM,2019,,97.8,0.2741618122977346,0.2496006472491909,3.41,32,824
noe ramirez,LAA,2019,,89.1,0.3072737127371273,0.2757588075880759,3.43,0,280
odrisamer despaigne,CHW,2019,,93.0,0.054,0.04,,3,0
oliver drake,TBR,2019,,93.5,0.3587872340425532,0.3204851063829787,3.18,0,219
pablo lopez,MIA,2019,,93.6,0.2376040156162855,0.2052587841606246,4.5,0,469
patrick corbin,WSN,2019,L,91.8,0.2981592336683417,0.2870251256281407,4.03,33,835
patrick sandoval,LAA,2019,,93.0,0.2939221014492754,0.2132536231884058,,9,0
paul fry,BAL,2019,,90.7,0.2559575871819038,0.2116908576814326,4.23,0,255
pedro baez,LAD,2019,,95.8,0.3154977000919963,0.2583735050597976,2.68,0,276
pedro payano,TEX,2019,,93.5,0.1357898550724637,0.0646086956521739,,4,0
peter lambert,COL,2019,R,92.7,0.1603290978398983,0.1372954256670902,6.08,19,420
raisel iglesias,CIN,2019,R,95.4,0.3333210762331838,0.3254295964125561,3.51,0,279
randy dobnak,MIN,2019,,93.4,0.2665510752688172,0.2219596774193548,,5,0
ranger suarez,PHI,2019,L,92.9,0.2182988204456094,0.2082555701179554,4.06,0,205
reggie mcclain,SEA,2019,,93.7,0.109,0.067,,2,0
reyes moronta,SFG,2019,,97.2,0.2873533678756477,0.2820290155440415,3.91,0,245
reynaldo lopez,CHW,2019,R,95.4,0.2480212025316455,0.2058585443037974,5.13,0,809
rich hill,LAD,2019,,90.3,0.2557100977198697,0.2987980456026058,2.97,13,242
richard bleier,BAL,2019,,85.8,0.1532154531946508,0.1133610698365527,3.54,1,235
richard rodriguez,PIT,2019,,93.2,0.2417235772357723,0.2219972899728997,4.06,0,285
rick porcello,BOS,2019,,91.0,0.1816472972972972,0.1864195945945945,4.99,32,768
robbie erlin,SDP,2019,,90.7,0.2320469238790407,0.2025964546402502,4.73,1,251
robbie ray,ARI,2019,L,92.4,0.3229211903204709,0.316380640941792,4.6,33,747
robert dugger,MIA,2019,,90.3,0.2179221052631579,0.1689621052631579,,7,0
robert gsellman,NYM,2019,,95.7,0.2582988505747126,0.2137614942528735,3.67,0,278
robert stephenson,CIN,2019,,94.9,0.3686173633440514,0.3128574490889603,2.81,0,262
roberto osuna,HOU,2019,,96.7,0.3565827886710239,0.309380174291939,3.02,0,253
roenis elias,WSN,2019,,93.9,0.277207723035952,0.2230559254327563,5.23,0,216
rogelio armenteros,HOU,2019,,90.9,0.23,0.206,,2,0
rookie davis,PIT,2019,,,0.196,0.2,,1,0
ross detwiler,CHW,2019,,91.6,0.1691409691629956,0.1600546255506608,6.7,12,315
ross stripling,LAD,2019,,90.6,0.2537583697234352,0.2627292576419214,3.51,15,370
ryan brasier,BOS,2019,,96.1,0.3251280846063454,0.2773960047003524,5.41,0,241
ryan burr,CHW,2019,,95.0,0.178,0.2239999999999999,,1,0
ryan carpenter,DET,2019,,90.0,0.1538590381426202,0.1136849087893863,,9,0
ryan pressly,HOU,2019,,95.5,0.3518841843088418,0.3389651307596513,2.75,0,211
ryan tepera,TOR,2019,,93.4,0.2189999999999999,0.0559999999999999,,1,0
ryan weber,BOS,2019,,88.4,0.1047982062780269,0.1470762331838565,,3,0
ryan yarbrough,TBR,2019,L,88.1,0.2249138686131386,0.2114632603406325,3.69,14,563
ryne harper,MIN,2019,,89.3,0.241042654028436,0.2203578199052133,4.47,0,225
ryne stanek,MIA,2019,R,97.5,0.3526271186440678,0.2820616332819722,4.35,27,327
sam dyson,MIN,2019,,94.0,0.1707801302931596,0.217600977198697,3.43,0,249
sam gaviglio,TOR,2019,,89.2,0.2600370639534883,0.2248401162790697,4.0,0,392
sam tuivailala,SEA,2019,,93.5,0.226,0.303,,2,0
sandy alcantara,MIA,2019,R,95.6,0.2395401294498381,0.1829498381877022,4.6,32,838
scott barlow,KCR,2019,R,94.1,0.3562596314907872,0.2981214405360134,3.86,0,310
scott oberg,COL,2019,,94.3,0.2868245614035087,0.2746970760233918,3.75,0,223
sean doolittle,WSN,2019,,93.5,0.225,0.25,4.14,0,260
sean manaea,ATH,2019,L,89.8,0.2715,0.25225,,5,0
sean newcomb,ATL,2019,L,94.3,0.2518235294117646,0.2366709870388833,4.08,4,293
sean reid-foley,TOR,2019,,92.5,0.2578811881188118,0.2017643564356435,,6,0
sergio romo,MIN,2019,,86.5,0.3004412060301507,0.2421628140703517,3.16,0,249
seth lugo,NYM,2019,R,94.5,0.2692317380352645,0.3452980688497062,2.43,0,314
shane bieber,CLE,2019,,93.1,0.2936356300434512,0.3019857231533209,3.8,33,859
shane greene,ATL,2019,,93.9,0.2561378935939196,0.245258414766558,4.0,0,252
shaun anderson,SFG,2019,R,92.6,0.2080833333333333,0.162724609375,5.89,16,427
shawn armstrong,BAL,2019,R,93.4,0.2677067137809187,0.2375441696113074,5.34,0,271
shawn kelley,TEX,2019,,91.9,0.2303754889178618,0.2086101694915254,6.04,0,205
shelby miller,TEX,2019,,94.3,0.1755221238938053,0.1366194690265486,6.92,8,220
sonny gray,CIN,2019,R,93.3,0.2798495861820799,0.2841662468513853,3.56,31,708
spencer turnbull,DET,2019,,93.6,0.249184496124031,0.2261065891472868,4.79,30,656
stephen strasburg,WSN,2019,,93.9,0.3069282112132898,0.2995713438148917,3.09,33,841
stephen tarpley,NYY,2019,,92.5,0.3416459330143541,0.2944736842105263,,1,0
steve cishek,CHC,2019,,90.5,0.22942,0.2238618181818182,4.38,0,267
steven brault,PIT,2019,,92.1,0.2244035353535353,0.1997025252525252,5.06,19,505
steven matz,NYM,2019,L,93.3,0.2242306553128471,0.2196134764901888,4.69,30,691
t.j. mcfarland,ARI,2019,,89.2,0.2230584269662921,0.1472898876404494,5.59,0,250
t.j. zeuch,TOR,2019,,90.7,0.175,0.127,,3,0
tanner anderson,ATH,2019,,92.2,0.122,0.159,,5,0
tanner rainey,WSN,2019,,97.7,0.3963110367892976,0.3300568561872909,4.44,0,214
tanner roark,ATH,2019,,92.1,0.2177024965325936,0.2207413314840499,5.23,31,722
tayler scott,BAL,2019,,94.7,0.2174233128834355,0.1737975460122699,,2,0
taylor clarke,ARI,2019,R,93.7,0.2309999999999999,0.1877703507610853,5.66,15,369
taylor cole,LAA,2019,,93.2,0.2611330108827085,0.2202273276904474,4.47,6,231
taylor rogers,MIN,2019,L,94.6,0.2565948026948989,0.334633301251203,2.45,0,278
tayron guerrero,MIA,2019,,98.9,0.2883777777777778,0.2029677777777777,6.04,0,216
thomas eshelman,BAL,2019,,85.5,0.1732313883299798,0.1464688128772635,,4,0
thomas pannone,TOR,2019,,89.7,0.2584601275917065,0.2194593301435407,5.37,7,325
tim mayza,TOR,2019,L,93.6,0.3210488599348534,0.2400901194353963,5.06,0,227
tim melville,COL,2019,,89.2,0.2542177419354838,0.1992096774193548,,7,0
tommy kahnle,NYY,2019,,96.4,0.3492515212981745,0.3533062880324544,3.11,0,248
tommy milone,SEA,2019,,87.1,0.2013688622754491,0.1998053892215569,4.54,6,453
tony gonsolin,LAD,2019,,93.6,0.2150316205533596,0.1866877470355731,,6,0
tony watson,SFG,2019,,94.3,0.2501798063623789,0.1663070539419087,4.66,0,231
touki toussaint,ATL,2019,,93.7,0.3017799227799228,0.2437606177606177,,1,0
travis lakins,BOS,2019,,93.7,0.263078947368421,0.1969769736842105,,3,0
trent thornton,TOR,2019,,92.9,0.2428012513801987,0.2215999263894,4.76,29,676
trevor bauer,CIN,2019,,94.5,0.3000021703743896,0.257712696690179,4.23,34,911
trevor cahill,LAA,2019,,91.8,0.2321308139534883,0.1823552325581396,5.19,11,455
trevor gott,SFG,2019,,94.7,0.2365213454075032,0.2792509702457956,3.91,0,214
trevor may,MIN,2019,,95.5,0.2976498696785404,0.2897932232841007,3.43,0,266
trevor richards,TBR,2019,,90.8,0.2569035398230089,0.2179141592920354,4.29,23,580
trevor williams,PIT,2019,,91.7,0.2237671292281006,0.1798660017346053,5.23,26,636
trey wingenter,SDP,2019,,95.9,0.3530198675496689,0.3207086092715232,3.91,1,218
ty blach,BAL,2019,,90.2,0.158406976744186,0.1295348837209302,,5,0
ty buttrey,LAA,2019,,97.1,0.2741116625310174,0.2721811414392059,4.2,0,309
tyler alexander,DET,2019,L,90.6,0.1799248366013072,0.2006459694989107,4.66,8,235
tyler anderson,COL,2019,,91.2,0.2317806451612903,0.1832483870967742,,5,0
tyler beede,SFG,2019,,94.2,0.2738997530864198,0.2269743209876543,5.3,22,523
tyler chatwood,CHC,2019,,96.1,0.2509533073929961,0.2259003891050583,4.69,5,324
tyler clippard,CLE,2019,,90.1,0.2707610837438423,0.2246046798029556,3.04,3,241
tyler duffey,MIN,2019,,93.9,0.3390833333333333,0.3505917721518987,2.95,0,238
tyler glasnow,TBR,2019,R,96.9,0.2885448275862069,0.3241172413793103,2.31,12,230
tyler kinley,MIA,2019,R,94.9,0.2962817551963048,0.2093418013856812,4.63,0,221
tyler mahle,CIN,2019,R,93.3,0.2290219831618334,0.2361379794200187,4.29,25,556
tyler skaggs,LAA,2019,,91.3,0.2186147186147186,0.235580808080808,4.6,15,335
tyler webb,STL,2019,,89.9,0.2326923950056753,0.2299670828603859,3.56,0,221
tyson ross,DET,2019,,89.6,0.1669642248722317,0.1549761499148211,,7,0
vince velasquez,PHI,2019,R,94.2,0.2622387918829637,0.251875884851345,5.02,23,516
wade davis,COL,2019,,93.2,0.2549174757281553,0.2058446601941747,6.08,0,206
wade leblanc,SEA,2019,,86.3,0.2243633405639913,0.1684745119305856,5.3,8,532
wade miley,HOU,2019,,90.8,0.2380993975903614,0.2029058734939759,4.14,33,720
walker buehler,LAD,2019,R,96.5,0.2667391767210788,0.2957271114265436,3.33,30,737
walker lockett,NYM,2019,,92.5,0.1207851239669421,0.1015867768595041,,4,0
wander suero,WSN,2019,,94.5,0.2979919786096257,0.272903743315508,4.44,0,296
wei-yin chen,MIA,2019,,91.4,0.2079608574091332,0.222336439888164,5.66,0,307
will harris,HOU,2019,,92.0,0.2989534368070953,0.2714090909090909,3.14,0,229
will smith,SFG,2019,,92.6,0.3311700753498385,0.3745511302475781,3.14,0,257
wilmer font,TOR,2019,,94.4,0.2792856204858831,0.2719126723571897,4.08,17,357
yimi garcia,LAD,2019,,94.2,0.2562513542795233,0.274465872156013,2.95,0,247
yoan lopez,ARI,2019,,96.2,0.2021269461077844,0.1700694610778443,6.61,0,246
yonny chirinos,TBR,2019,,94.3,0.2242706002034587,0.2166002034587996,4.47,18,530
yoshihisa hirano,ARI,2019,,91.1,0.3040902255639098,0.2587067669172932,3.78,0,233
yu darvish,CHC,2019,,94.2,0.3052205001761183,0.3058333920394505,3.86,31,731
yusei kikuchi,SEA,2019,L,92.5,0.192017503805175,0.152589802130898,5.37,32,721
yusmeiro petit,ATH,2019,,89.1,0.247211961301671,0.2280026385224274,3.18,0,308
zac gallen,ARI,2019,R,92.9,0.2864163596168018,0.2862100221075903,3.67,15,334
zac reininger,DET,2019,,94.4,0.1530112612612612,0.1231486486486486,,1,0
zach davies,MIL,2019,,88.4,0.1561638704642996,0.152505657432696,5.16,31,672
zach eflin,PHI,2019,R,93.8,0.2066966379984362,0.1865160281469898,4.14,28,705
zach plesac,CLE,2019,,93.9,0.2135998942917547,0.1874746300211416,5.48,21,475
zack britton,NYY,2019,,94.7,0.286908896034298,0.2237449088960343,3.31,0,244
zack godley,TOR,2019,,91.3,0.2369876203576341,0.1757317744154057,5.93,9,407
zack greinke,HOU,2019,,89.9,0.2319817826935589,0.2302524398178269,3.43,33,810
zack wheeler,NYM,2019,R,96.8,0.2336820772640912,0.2422938568714376,3.86,31,828
a.j. cole,TOR,2020,,93.4,0.302,0.275,2.46,0,95
a.j. minter,ATL,2020,,95.5,0.3014613003095975,0.3058823529411765,2.9,0,85
aaron civale,CLE,2020,R,91.2,0.2283521126760563,0.2325999999999999,4.42,12,312
aaron loup,TBR,2020,,92.0,0.1758333333333333,0.2328333333333333,4.13,0,96
aaron nola,PHI,2020,R,92.8,0.2911219512195122,0.316544425087108,3.35,12,289
aaron slegers,TBR,2020,,91.2,0.2298759398496241,0.2130300751879699,2.97,1,101
adam ottavino,NYY,2020,,92.8,0.2578461538461538,0.3054358974358974,3.71,0,85
adam plutko,CLE,2020,,91.0,0.258,0.1392444444444444,4.96,4,116
adam wainwright,STL,2020,,89.2,0.2309349503858875,0.2127078280044101,4.48,10,262
adbert alzolay,CHC,2020,,94.4,0.314,0.469,3.42,4,87
adrian houser,MIL,2020,R,93.8,0.2246358024691358,0.173,4.73,11,246
adrian morejon,SDP,2020,L,96.6,0.146,0.103,5.63,0,79
alec mills,CHC,2020,,89.8,0.1595388235294117,0.1576199999999999,5.06,11,252
alex claudio,MIL,2020,,85.8,0.227175,0.1499,3.13,0,81
alex cobb,BAL,2020,,92.9,0.2033952618453865,0.1478042394014962,6.32,10,226
alex colome,CHW,2020,,94.4,0.3289999999999999,0.188,2.99,0,90
alex reyes,STL,2020,,97.5,0.271,0.233,3.48,1,86
alex wood,LAD,2020,,91.0,0.2339999999999999,0.143,,2,0
alex young,ARI,2020,,91.2,0.2373550815558344,0.1971756587202007,6.4,7,204
andre scrubb,HOU,2020,,,0.2575703703703704,0.2507876543209876,3.84,0,102
andrew heaney,LAA,2020,,91.5,0.2847067530064754,0.2634199814986124,4.39,12,279
anibal sanchez,WSN,2020,,89.3,0.2230130378096479,0.1705893089960886,5.44,0,245
anthony bass,TOR,2020,,95.4,0.2729943342776204,0.2319065155807365,2.08,0,100
anthony desclafani,CIN,2020,,94.9,0.2312777777777777,0.1541964285714285,6.4,7,158
anthony kay,TOR,2020,L,93.6,0.2769999999999999,0.254,5.63,0,98
anthony misiewicz,SEA,2020,,94.0,0.315,0.2339999999999999,3.53,0,83
antonio senzatela,COL,2020,R,94.3,0.1724231884057971,0.1135932367149758,4.64,12,303
asher wojciechowski,BAL,2020,,90.9,0.2449530434782608,0.1800747826086956,5.77,7,168
austin brice,BOS,2020,,93.8,0.3378338028169014,0.3014676056338028,4.67,1,87
austin gomber,STL,2020,,92.5,0.212,0.1939999999999999,4.04,4,119
austin voth,WSN,2020,R,92.0,0.2186967592592592,0.1922638888888889,5.55,11,225
blake parker,PHI,2020,,90.6,0.2523384030418251,0.3739619771863117,,1,0
blake snell,TBR,2020,,95.0,0.3406490825688073,0.2774105504587155,4.04,11,203
blake taylor,HOU,2020,,93.7,0.178,0.213,2.88,0,87
blake treinen,LAD,2020,R,97.1,0.19276,0.19004,3.18,0,107
brad boxberger,MIA,2020,,92.5,0.238695205479452,0.2648698630136986,5.13,0,79
brad hand,CLE,2020,,91.4,0.2773483870967742,0.4022612903225806,2.54,0,86
brad keller,KCR,2020,R,92.8,0.1865576694411415,0.1489952437574316,4.42,9,215
brady singer,KCR,2020,R,92.9,0.239551282051282,0.2350177514792899,3.82,12,263
brandon bielak,HOU,2020,,93.2,0.2277562814070352,0.1326055276381909,7.22,6,148
brandon kintzler,MIA,2020,,92.0,0.111,0.113,4.51,0,101
brandon woodruff,MIL,2020,R,96.6,0.2920194174757282,0.3119382171226831,2.9,13,293
brandon workman,PHI,2020,,92.5,0.2473298969072165,0.173020618556701,6.78,0,101
brent suter,MIL,2020,L,85.4,0.31,0.32,2.92,4,129
brett anderson,MIL,2020,,90.2,0.1854119718309859,0.1516373239436619,4.77,10,202
brooks raley,HOU,2020,L,90.1,0.321,0.237,3.11,0,84
brusdar graterol,LAD,2020,,98.8,0.068,0.065,2.9,2,88
bryan garcia,DET,2020,,94.6,0.133,0.086,4.27,0,93
bryse wilson,ATL,2020,,94.1,0.203,0.152,,2,0
buck farmer,DET,2020,,93.2,0.1777923875432526,0.094280276816609,5.16,0,89
cal quantrill,CLE,2020,R,94.9,0.2347937649880096,0.2274484412470024,4.24,3,135
caleb baragar,SFG,2020,,93.8,0.207,0.24,4.1,1,88
caleb ferguson,LAD,2020,,95.5,0.289,0.3389999999999999,1.94,1,75
caleb smith,ARI,2020,,92.1,0.216,0.107,,4,0
caleb thielbar,MIN,2020,L,89.8,0.284,0.259,3.18,0,82
carlos carrasco,CLE,2020,R,93.7,0.3289895038167938,0.2830038167938931,3.79,12,280
carlos estevez,COL,2020,R,96.9,0.2661151832460733,0.2512146596858639,6.08,0,116
carlos martinez,STL,2020,,93.3,0.1846533864541832,0.1747051792828685,6.08,0,104
casey mize,DET,2020,R,93.7,0.2177971311475409,0.1792254098360655,7.45,7,133
casey sadler,SEA,2020,,93.1,0.3107129909365558,0.2473595166163141,4.27,0,86
chad green,NYY,2020,,95.5,0.3198305489260143,0.3341455847255369,2.21,0,100
chad kuhl,PIT,2020,,93.6,0.2814635258358663,0.259773556231003,6.69,9,197
charlie morton,TBR,2020,,93.4,0.2390918367346939,0.2651326530612244,3.9,9,170
chase anderson,TOR,2020,,92.5,0.2655454545454545,0.2648636363636364,6.52,7,154
chasen shreve,NYM,2020,,91.7,0.3719793814432989,0.3064123711340206,3.42,0,102
chi chi gonzalez,COL,2020,,92.3,0.2,0.216,6.12,0,91
chris bassitt,ATH,2020,R,93.3,0.2234673202614378,0.2183017429193899,3.82,11,261
chris mazza,BOS,2020,,92.4,0.2634558139534884,0.1904395348837209,6.08,6,136
chris paddack,SDP,2020,R,94.1,0.2500733410942957,0.2244540162980209,5.16,12,245
chris stratton,PIT,2020,,93.2,0.33698,0.30473,3.63,0,131
clayton kershaw,LAD,2020,,91.6,0.2631907449209932,0.2678374717832957,3.06,10,221
codi heuer,CHW,2020,,97.6,0.23,0.1969999999999999,3.2,0,92
cody ponce,PITTSBURGH,2020,R,93.2,,,,3,0
cole sulser,BAL,2020,R,93.8,0.2935878962536022,0.1852219020172911,4.51,0,100
colten brewer,BOS,2020,,94.0,0.238446247464503,0.225158215010142,8.12,4,122
corbin burnes,MIL,2020,,96.1,0.3118743589743589,0.329225641025641,3.11,9,240
corey oswalt,NYM,2020,,,0.156,0.185,,1,0
craig stammen,SDP,2020,,91.4,0.16,0.123,3.33,0,105
cristian javier,HOU,2020,R,92.2,0.2312290076335877,0.2551195928753181,3.06,10,214
cy sneed,HOU,2020,,,0.276,0.281,4.33,0,83
dakota hudson,STL,2020,,92.6,0.2171319444444444,0.2182256944444444,3.6,8,151
dallas keuchel,CHW,2020,,88.3,0.22784,0.1496571428571428,4.27,11,257
dan altavilla,SDP,2020,,97.3,0.3137988980716253,0.2687603305785124,5.89,0,89
dan winkler,CHC,2020,,92.9,0.244,0.1889999999999999,4.83,0,76
dane dunning,CHW,2020,,91.8,0.2775479744136461,0.252545842217484,3.66,7,142
daniel bard,COL,2020,,97.1,0.3048737541528239,0.3010930232558139,3.96,0,106
daniel castano,MIA,2020,,89.4,0.14,0.086,5.37,6,126
daniel hudson,WSN,2020,,96.4,0.278,0.262,4.27,0,92
daniel mengden,ATH,2020,,,0.146,0.103,,1,0
daniel norris,DET,2020,,92.6,0.2591801566579634,0.2209556135770235,3.68,1,116
daniel ponce de leon,STL,2020,,93.1,0.344,0.38,4.93,8,143
danny duffy,KCR,2020,,92.2,0.2786726457399103,0.2586233183856502,4.7,11,242
david hale,PHI,2020,,92.8,0.217,0.171,6.16,2,75
david peterson,NYM,2020,L,92.1,0.271036036036036,0.2007957957957958,4.39,9,205
david phelps,,2020,,94.1,,,4.45,0,85
dean kremer,BAL,2020,R,92.8,0.246,0.313,4.8,4,83
deivi garcia,NYY,2020,,91.9,0.1968722358722358,0.2138648648648648,4.67,0,146
derek holland,PIT,2020,,92.1,0.2641609195402298,0.2477715517241379,6.61,5,179
devin smeltzer,MIN,2020,,87.5,0.2290212765957446,0.2283670212765957,,1,0
devin williams,MIL,2020,R,96.5,0.5028701923076923,0.499326923076923,1.42,0,100
diego castillo,TBR,2020,,96.3,0.388604501607717,0.2706591639871383,2.86,0,89
dinelson lamet,SDP,2020,,97.0,0.3253996175908222,0.355225621414914,2.79,12,267
dovydas neverauskas,PIT,2020,,94.7,0.3197474048442906,0.2524948096885813,5.52,0,89
drew smyly,SFG,2020,,93.6,0.3481552162849873,0.352264631043257,3.63,5,111
duane underwood,CHC,2020,,94.5,0.265,0.233,4.48,0,88
dustin may,LAD,2020,R,99.1,0.1871064935064934,0.1834480519480519,4.21,10,224
dylan bundy,LAA,2020,,90.0,0.3016284760845383,0.2748754171301446,3.04,11,267
dylan cease,CHW,2020,R,97.5,0.2661615853658536,0.1928506097560975,6.86,12,255
dylan floro,LAD,2020,,93.3,0.2185271966527196,0.2087698744769874,3.35,0,98
edwin diaz,NYM,2020,R,97.8,0.4717941176470588,0.4567647058823529,2.44,0,109
elieser hernandez,MIA,2020,,91.3,0.2953800475059382,0.3330142517814727,3.23,0,106
emilio pagan,SDP,2020,R,94.5,0.246,0.226,4.18,0,87
enoli paredes,HOU,2020,,95.7,0.264,0.172,5.66,0,90
eric yardley,MIL,2020,,87.8,0.2071326781326781,0.2157469287469287,3.79,0,97
erick fedde,WSN,2020,R,93.3,0.153520156046814,0.1206644993498049,5.59,8,222
evan marshall,CHW,2020,,92.8,0.303,0.327,2.32,0,93
felix pena,LAA,2020,,93.9,0.2754860465116279,0.2924162790697674,3.53,0,115
framber valdez,HOU,2020,L,93.7,0.2403193548387096,0.2477064516129032,3.82,10,288
frankie montas,ATH,2020,,95.9,0.2826345733041575,0.2598271334792122,4.64,11,237
freddy peralta,MIL,2020,R,93.0,0.4067885835095137,0.3719302325581395,3.06,1,125
garrett richards,SDP,2020,,95.1,0.2663506891271057,0.2201607963246554,4.58,10,213
genesis cabrera,STL,2020,,96.1,0.3341588785046728,0.3592647975077881,4.77,0,96
geoff hartlieb,PIT,2020,,93.0,0.2549546599496222,0.2175894206549118,5.0,0,101
german marquez,COL,2020,R,95.9,0.2701447028423772,0.220068044788975,4.21,0,344
gerrit cole,NYY,2020,,96.7,0.3444081272084806,0.3279010600706714,3.11,12,288
gio gonzalez,CHW,2020,,90.0,0.31,0.21,5.55,4,153
grant dayton,ATL,2020,,90.6,0.2866455696202531,0.2629113924050633,3.87,0,117
greg holland,KCR,2020,,92.9,0.2961068702290077,0.2752875318066157,2.79,0,112
gregory soto,DET,2020,L,96.6,0.17,0.205,3.58,0,98
griffin canning,LAA,2020,,92.8,0.2721394129979035,0.2244119496855345,4.36,11,238
hansel robles,LAA,2020,,95.4,0.3015444015444015,0.2587567567567567,7.08,0,80
heath hembree,PHI,2020,,93.9,0.2718181818181818,0.2229999999999999,8.69,0,90
hector neris,PHI,2020,,93.8,0.4142292263610315,0.2998137535816619,3.84,0,103
hector rondon,ARI,2020,,95.7,0.2071641791044776,0.2520835820895522,5.52,0,97
huascar ynoa,ATL,2020,,94.8,0.2456871508379888,0.1868659217877095,5.52,5,100
hyun jin ryu,TOR,2020,,89.8,0.2762041216879293,0.2833012757605495,3.13,12,275
ian anderson,ATL,2020,,94.1,0.2495135135135134,0.2883333333333333,2.42,6,138
ian kennedy,KCR,2020,,93.6,0.203,0.242,,1,0
ivan nova,DET,2020,,92.3,0.103,0.024,7.92,0,88
j.a. happ,NYY,2020,,91.6,0.2276143958868894,0.2155565552699229,3.25,9,196
j.b. wendelken,ATH,2020,,94.6,0.2503111111111111,0.3329777777777778,2.92,0,106
jace fry,CHW,2020,,90.4,0.452,0.425,3.98,0,83
jack flaherty,STL,2020,R,94.0,0.3420687022900763,0.3170229007633587,5.03,9,170
jacob barnes,LAA,2020,,95.2,0.3165882352941176,0.3056470588235294,4.45,0,78
jacob degrom,NYM,2020,R,98.6,0.4102807971014492,0.3976739130434783,2.73,12,268
jacob waguespack,TOR,2020,,92.5,0.2019999999999999,0.225,5.03,0,90
jaime barria,LAA,2020,,92.1,0.2364450127877237,0.2241713554987212,2.99,5,132
jairo diaz,COL,2020,,95.2,0.2343461538461538,0.1763708791208791,9.76,0,106
jake arrieta,PHI,2020,,91.9,0.1639539375928677,0.1645111441307578,5.63,9,190
jake diekman,ATH,2020,,95.1,0.4126153846153845,0.3881153846153846,2.4,0,84
jake mcgee,LAD,2020,,94.9,0.34,0.4,2.44,0,79
jake newberry,KCR,2020,,93.4,0.3301742627345845,0.2430804289544235,4.64,0,94
jake odorizzi,MINNESOTA,2020,,92.9,,,,4,0
jake woodford,STL,2020,R,92.7,0.1813043478260869,0.1500553359683794,5.59,1,85
jakob junis,KCR,2020,R,91.1,0.2196238244514106,0.1979780564263323,5.59,6,114
jalen beeks,TBR,2020,L,93.0,0.3431877256317689,0.352043321299639,2.64,0,81
james karinchak,CLE,2020,,95.5,0.4746239316239316,0.4807478632478633,2.21,0,109
james paxton,NYY,2020,R,92.1,0.1889999999999999,0.212,4.18,5,90
jared hughes,NYM,2020,,92.2,0.3408566978193146,0.2306417445482866,4.61,0,109
jeff hoffman,COL,2020,R,94.4,0.143,0.118,5.96,0,104
jeff samardzija,SAN FRANCISCO,2020,,90.3,,,6.36,4,77
jeffrey springs,BOS,2020,L,92.1,0.3714074074074074,0.2944567901234567,5.16,0,99
jeremy jeffress,CHC,2020,,93.3,0.2078611111111111,0.1906944444444444,4.61,0,88
jesse chavez,TEX,2020,,91.0,0.1015288888888888,0.12584,6.99,0,77
jesus luzardo,ATH,2020,L,95.5,0.2927085106382979,0.2613191489361702,4.3,0,248
jeurys familia,NYM,2020,,96.8,0.3202528735632184,0.2122959770114942,4.48,0,120
jimmy cordero,CHW,2020,,97.1,0.15,0.088,5.3,0,124
jimmy herget,TEX,2020,R,93.5,0.2490679245283019,0.1740037735849056,5.0,1,87
joakim soria,ATH,2020,,92.4,0.171,0.188,2.73,0,96
joe jimenez,DET,2020,,94.2,0.2778698060941828,0.2353213296398892,6.32,0,101
joe kelly,LAD,2020,,,0.348,0.308,,1,0
joe musgrove,PIT,2020,,92.7,0.2876603773584906,0.2934599056603773,3.16,8,166
johan oviedo,STL,2020,R,94.8,0.2071811023622047,0.143023622047244,7.17,5,112
john curtiss,TBR,2020,,94.0,0.2451758530183727,0.2511627296587926,3.6,3,99
john means,BAL,2020,,93.8,0.2639923195084485,0.2556374807987711,3.02,10,176
johnny cueto,SFG,2020,,91.4,0.2073992248062015,0.1933633720930232,4.86,12,277
jon gray,COL,2020,,94.0,0.2324117647058823,0.1695647058823529,5.77,8,174
jon lester,CHC,2020,,89.4,0.1658850967007963,0.1484061433447099,5.81,12,265
jonathan hernandez,TEX,2020,,97.9,0.3090833333333333,0.2232916666666666,2.64,0,125
jonathan holder,NYY,2020,,92.1,0.2493684210526316,0.1489473684210526,4.8,0,101
jonathan loaisiga,NYY,2020,R,96.9,0.1488037735849056,0.1461094339622641,4.45,3,100
jordan lyles,TEX,2020,,92.3,0.171604407135362,0.1424155299055613,5.37,9,266
jordan montgomery,NYY,2020,,92.6,0.2845853658536585,0.2533486370157819,3.9,10,193
jordan yamamoto,MIAMI,2020,,89.8,,,,3,0
jorge alcala,MIN,2020,,96.9,0.3045359116022099,0.259756906077348,3.45,0,94
jorge lopez,BAL,2020,,94.0,0.20334375,0.1555347222222222,5.63,0,174
jose berrios,MIN,2020,,94.5,0.2769573502722323,0.2486651542649728,4.42,0,271
jose cisnero,DET,2020,,96.3,0.3420405405405405,0.2984369369369369,4.21,0,123
jose urena,MIA,2020,,95.6,0.2774436860068259,0.1396757679180887,5.59,0,104
jose urquidy,HOU,2020,R,93.1,0.2051490683229813,0.1390621118012422,5.27,0,116
josh a. smith,MIA,2020,,90.4,0.2308314606741573,0.1038988764044943,4.73,1,121
josh fleming,TBR,2020,L,90.5,0.1929023136246786,0.1664473007712082,3.28,5,130
josh hader,MIL,2020,,94.5,0.3900967741935483,0.3853548387096774,2.99,0,78
josh james,HOU,2020,,96.3,0.1939999999999999,0.214,7.68,2,83
josh lindblom,MIL,2020,,90.1,0.2998575851393188,0.2858823529411765,4.04,10,191
josh osich,CHC,2020,,92.3,0.347,0.298,3.96,1,86
josh staumont,KCR,2020,,98.0,0.3945855855855856,0.3197207207207207,3.87,0,112
josh tomlin,ATL,2020,,88.3,0.2322969034608379,0.2338615664845173,4.51,5,163
jt brubaker,PIT,2020,R,93.4,0.251079027355623,0.2259316109422492,4.39,9,205
julian merryweather,TOR,2020,,,0.192,0.243,,3,0
julio teheran,LAA,2020,,89.3,0.1477587006960556,0.1550092807424593,8.8,9,149
julio urias,LAD,2020,,94.2,0.2638958594730238,0.1999636135508155,3.42,0,224
junior guerra,ARI,2020,,93.9,0.1809020408163265,0.0978163265306122,4.36,0,103
justin dunn,SEA,2020,,91.2,0.2285881561238223,0.1883028263795424,6.2,10,198
justin wilson,NYM,2020,,94.9,0.2495182926829268,0.2670060975609756,3.4,0,86
justus sheffield,SEA,2020,,92.5,0.1911559633027523,0.2003188073394495,4.13,10,232
keegan akin,BAL,2020,L,91.9,0.28,0.324,4.42,6,116
kendall graveman,SEA,2020,,94.1,0.147,0.136,3.74,2,77
kenley jansen,LAD,2020,R,92.3,0.2977320099255582,0.2733300248138958,2.95,0,102
kenta maeda,MIN,2020,,91.6,0.3595602339181287,0.3490678362573099,2.75,11,248
kevin gausman,SFG,2020,R,95.1,0.3311328125,0.3492265625,3.53,10,245
kevin ginkel,ARI,2020,R,95.5,0.3367210682492582,0.2373531157270029,5.23,0,79
kolby allard,TEX,2020,L,91.5,0.2356168958742632,0.2278349705304518,4.73,8,152
kris bubic,KCR,2020,L,91.4,0.2613384418901661,0.2378148148148148,5.3,10,222
kwang hyun kim,STL,2020,,89.9,0.1602944785276073,0.168402862985685,3.79,7,154
kyle cody,TEX,2020,,94.2,0.2379999999999999,0.2376129032258064,3.37,5,92
kyle finnegan,WSN,2020,R,95.0,0.198,0.188,3.55,0,107
kyle freeland,COL,2020,L,92.2,0.1976752669039146,0.1489279359430605,5.1,13,304
kyle funkhouser,DET,2020,,95.2,0.352,0.235,6.69,0,81
kyle gibson,TEX,2020,,92.4,0.2158537284894837,0.2102065009560229,5.7,12,301
kyle hart,BOS,2020,L,88.7,0.35,0.233,,3,0
kyle hendricks,CHC,2020,,87.4,0.2429043478260869,0.2072921739130434,3.13,12,315
kyle wright,ATL,2020,,94.7,0.2460197802197802,0.1835626373626373,6.73,8,168
kyle zimmer,KCR,2020,,94.1,0.3005928338762215,0.3018794788273616,3.13,1,91
lance lynn,TEX,2020,,94.0,0.2558111988513998,0.2624666188083273,3.25,13,344
lance mccullers,HOU,2020,R,93.0,0.2905347222222222,0.2388541666666666,4.58,11,227
lewis thorpe,MIN,2020,,89.7,0.1899478672985782,0.1321753554502369,7.54,1,77
liam hendriks,ATH,2020,,96.0,0.301,0.3279999999999999,2.4,0,92
ljay newsome,SEA,2020,,91.4,0.231,0.212,,4,0
logan webb,SFG,2020,R,93.1,0.2332478813559322,0.2030773305084745,5.23,11,246
lou trivino,ATH,2020,,95.4,0.1566388888888888,0.1464583333333333,3.63,0,93
lucas giolito,CHW,2020,,94.0,0.3673377703826955,0.3471439267886855,3.04,12,288
lucas sims,CIN,2020,R,93.9,0.3670851648351649,0.3284615384615384,2.19,0,104
luis castillo,CIN,2020,R,97.4,0.3312012142237641,0.3085793581960104,2.95,12,292
luis cessa,NYY,2020,,93.7,0.351,0.291,4.01,0,93
luis garcia,HOU,2020,R,,0.157,0.103,,1,0
luis patino,SDP,2020,,96.7,0.198,0.22,4.1,0,85
luis perdomo,SDP,2020,,93.7,0.1800574162679426,0.2118755980861244,,1,0
luke jackson,ATL,2020,,94.4,0.2125736434108527,0.1484418604651162,4.61,0,132
luke weaver,ARI,2020,R,94.0,0.2513113087674714,0.2508106734434561,4.73,12,236
madison bumgarner,ARI,2020,,88.4,0.1692022955523673,0.1612051649928264,7.78,9,190
marco gonzales,SEA,2020,,88.2,0.1976183712121212,0.2324299242424242,3.82,11,277
mark melancon,ATL,2020,,91.6,0.2072171052631579,0.1569013157894736,3.45,0,95
martin perez,BOS,2020,L,92.2,0.2107179487179487,0.1775224358974359,4.8,0,262
masahiro tanaka,NYY,2020,,92.3,0.3263588588588589,0.2426036036036035,4.04,10,197
matt andriese,LAA,2020,,91.9,0.2314999999999999,0.271,3.74,1,126
matt barnes,BOS,2020,,95.6,0.2902850678733031,0.3140135746606335,5.1,0,102
matt foster,CHW,2020,,93.8,0.296873417721519,0.2990810126582278,4.48,2,109
matt harvey,KCR,2020,,,0.111,0.1669999999999999,,4,0
matt shoemaker,TOR,2020,,92.1,0.2476061776061776,0.2152162162162162,5.03,6,115
matt strahm,SDP,2020,L,93.0,0.2789999999999999,0.296,4.67,0,83
matt wisler,MIN,2020,,91.9,0.379,0.352,2.71,4,107
matthew boyd,DET,2020,L,91.7,0.2802951991828397,0.2132829417773237,5.3,12,271
max fried,ATL,2020,L,93.1,0.2577988304093567,0.2344046783625731,2.86,11,224
max scherzer,WSN,2020,R,94.7,0.3277298277425204,0.3220117860380779,4.39,12,295
merrill kelly,ARI,2020,R,92.1,0.225,0.226,3.9,5,125
michael fulmer,DET,2020,,93.2,0.1526784922394678,0.1443170731707317,8.22,10,136
michael king,NYY,2020,R,93.6,0.202581081081081,0.2339702702702703,4.8,4,121
michael lorenzen,CIN,2020,R,96.8,0.326167865707434,0.219251798561151,3.23,2,147
michael pineda,MIN,2020,,92.1,0.320560794044665,0.260349875930521,3.35,5,111
michael wacha,NYM,2020,R,93.5,0.2419784053156146,0.2175398671096345,4.54,7,156
miguel castro,NYM,2020,,98.1,0.3136463157894737,0.32844,3.76,0,115
mike clevinger,SDP,2020,,95.1,0.2873885209713024,0.2498543046357616,4.73,8,162
mike fiers,ATH,2020,,88.0,0.1355559701492537,0.118707711442786,4.8,11,257
mike kickham,BOS,2020,,89.3,0.271,0.176,,2,0
mike mayers,LAA,2020,,94.2,0.3504168336673346,0.3520881763527054,2.38,0,121
mike minor,ATH,2020,,90.6,0.2693814207650273,0.2399311475409836,4.27,11,239
mitch keller,PIT,2020,R,93.9,0.182,0.12,6.08,5,87
mychal givens,COL,2020,,94.7,0.233,0.288,3.87,0,93
nate jones,CIN,2020,,95.5,0.3152450704225352,0.2591943661971831,5.13,0,86
nate pearson,TOR,2020,,96.3,0.2419466192170818,0.201220640569395,4.64,4,81
nathan eovaldi,BOS,2020,R,97.3,0.2809753086419753,0.2682290809327846,4.18,9,199
nick goody,TEX,2020,,,0.324,0.2189999999999999,,1,0
nick margevicius,SEA,2020,,90.0,0.161,0.1669999999999999,4.3,7,170
nick nelson,NYY,2020,,96.3,0.2545686274509803,0.1548888888888888,6.0,0,90
nick pivetta,BOS,2020,R,92.8,0.184,0.225,,2,0
nick vincent,MIA,2020,,89.1,0.1968421052631578,0.1814210526315789,6.2,0,92
nick wittgren,CLE,2020,,92.9,0.2888777429467084,0.288090909090909,4.77,0,98
nik turley,PIT,2020,,94.2,0.2905308310991957,0.2399758713136729,3.74,0,92
noe ramirez,LAA,2020,,88.7,0.2037327586206896,0.1740258620689655,4.1,0,85
pablo lopez,MIA,2020,,93.9,0.2603128272251309,0.2458638743455497,3.16,0,240
patrick corbin,WSN,2020,L,90.2,0.2252868068833652,0.220697896749522,5.1,11,295
patrick sandoval,LAA,2020,,92.8,0.2765523465703971,0.2293790613718412,5.34,6,159
paul fry,BAL,2020,,92.8,0.3076559139784945,0.3017311827956989,2.62,0,98
pete fairbanks,TBR,2020,R,97.4,0.3720852390852391,0.3234116424116424,3.3,2,117
phil maton,CLE,2020,R,93.5,0.3793945578231292,0.3575986394557823,2.68,0,96
phillips valdez,BOS,2020,,92.2,0.2599624217118997,0.223054279749478,4.24,0,137
pierce johnson,SDP,2020,R,96.3,0.3978181818181818,0.3298181818181818,3.76,0,80
rafael dolis,TOR,2020,,94.3,0.134,0.186,3.3,0,100
raisel iglesias,CIN,2020,R,96.0,0.275,0.3329999999999999,2.46,0,91
randy dobnak,MIN,2020,,92.9,0.2020980392156862,0.1417955182072829,4.1,10,200
reynaldo lopez,CHW,2020,R,94.2,0.2431366120218579,0.2101885245901639,6.12,0,121
rich hill,MIN,2020,,87.8,0.164775,0.18805,5.03,8,156
richard rodriguez,PIT,2020,,92.9,0.271,0.3,3.18,0,93
rick porcello,NYM,2020,,91.6,0.1498612786489746,0.1943208685162847,5.27,12,261
robbie erlin,ATL,2020,,89.3,0.2001028446389496,0.2130678336980306,5.52,5,122
robbie ray,TOR,2020,L,93.9,0.3029497549019608,0.2800183823529412,6.44,11,251
robert dugger,MIA,2020,,,0.065,0.074,,1,0
robert gsellman,NYM,2020,,93.8,0.175,0.133,,4,0
rony garcia,DET,2020,,93.3,0.2019999999999999,0.134,7.49,0,96
ross detwiler,CHW,2020,,91.9,0.185,0.038,3.63,0,81
ross stripling,TOR,2020,,91.7,0.1734029666254636,0.1723461063040791,6.65,9,220
ryan brasier,BOS,2020,,96.2,0.3552222222222223,0.2876201550387597,4.15,1,110
ryan castellani,COL,2020,,92.5,0.2433844086021505,0.1351922043010752,7.63,9,189
ryan pressly,HOU,2020,,94.6,0.3227813620071684,0.2935806451612903,2.77,0,91
ryan tepera,CHC,2020,,93.5,0.4216690647482013,0.3507661870503596,3.74,0,89
ryan thompson,TBR,2020,R,92.8,0.2111111111111111,0.1436296296296296,3.23,1,114
ryan weber,BOS,2020,,88.6,0.144595238095238,0.1464835164835164,5.34,5,185
ryan yarbrough,TBR,2020,L,87.3,0.2579435483870968,0.1621209677419354,3.96,9,234
ryne harper,WSN,2020,,88.4,0.2039189944134078,0.2115335195530726,4.77,0,110
sam howard,PIT,2020,,92.0,0.352625,0.3085,3.79,0,90
sam selman,SFG,2020,,91.2,0.2903175487465181,0.2812534818941504,3.02,0,82
sandy alcantara,MIA,2020,R,96.8,0.2336625441696112,0.2248197879858656,4.04,7,172
scott barlow,KCR,2020,R,94.9,0.3737351778656126,0.3058596837944664,4.15,0,125
sean manaea,ATH,2020,L,90.4,0.203510447761194,0.1779283582089552,3.96,11,222
sean newcomb,ATL,2020,L,93.4,0.203,0.125,,4,0
sergio romo,MIN,2020,,85.8,0.306,0.241,3.9,0,87
seth lugo,NYM,2020,R,93.5,0.2985011037527594,0.3485121412803532,4.7,7,160
shane bieber,CLE,2020,,94.1,0.38909973521624,0.4116831421006178,2.62,12,297
shane greene,ATL,2020,,93.2,0.1418695652173913,0.1717351778656126,3.5,0,109
shun yamaguchi,TOR,2020,,90.8,0.2647915632754342,0.2441091811414391,4.93,0,120
sixto sanchez,MIA,2020,,98.5,0.2435576923076923,0.2330192307692307,2.97,0,158
sonny gray,CIN,2020,R,93.0,0.2965869797225186,0.3024343649946638,3.87,11,235
spencer howard,PHI,2020,,94.0,0.2469090909090909,0.2130909090909091,4.42,6,113
spencer turnbull,DET,2020,,93.7,0.2893385167464115,0.2332464114832536,5.48,11,242
stefan crichton,ARI,2020,,91.7,0.2448396946564885,0.229442748091603,3.84,0,109
steve cishek,CHW,2020,,89.2,0.2818,0.2147999999999999,5.89,0,93
steven brault,PIT,2020,,92.2,0.2460653789004457,0.2184992570579494,4.36,10,178
steven matz,NYM,2020,L,94.5,0.2456850393700787,0.2270708661417322,6.99,6,142
t.j. mcfarland,ATH,2020,,88.5,0.068,0.067,5.93,0,92
t.j. zeuch,TOR,2020,,,0.119,0.038,,1,0
taijuan walker,TOR,2020,R,93.2,0.2040681818181818,0.2136666666666666,5.0,11,225
tanner houck,BOS,2020,,92.8,0.204,0.276,,3,0
tanner rainey,WSN,2020,,96.6,0.32,0.314,3.09,0,75
tanner roark,TOR,2020,,90.7,0.2600876803551609,0.1867558268590455,6.61,11,220
tanner scott,BAL,2020,L,96.5,0.3626666666666666,0.2527669616519174,3.53,0,86
tarik skubal,DET,2020,L,94.4,0.2867397769516728,0.277585501858736,4.48,7,134
taylor clarke,ARI,2020,R,94.3,0.2205612082670906,0.227141494435612,4.9,5,183
taylor hearn,TEX,2020,,94.9,0.26,0.3329999999999999,3.25,0,76
taylor rogers,MIN,2020,L,94.4,0.2235141242937853,0.2527853107344632,3.6,0,91
taylor widener,ARI,2020,,94.5,0.294,0.304,4.64,0,88
tejay antone,CIN,2020,,95.7,0.3273443478260869,0.3061391304347826,2.92,4,141
thomas eshelman,BAL,2020,,85.9,0.2092137404580152,0.166530534351145,6.32,4,144
thomas hatch,TOR,2020,,95.5,0.253,0.175,4.86,1,109
tim hill,SDP,2020,L,91.4,0.2432492012779553,0.2913578274760383,3.82,0,79
tommy hunter,PHI,2020,,92.7,0.1876970684039088,0.207472312703583,5.44,0,102
tommy milone,ATL,2020,,86.1,0.2761916376306619,0.2318501742160278,4.8,9,181
tony gonsolin,LAD,2020,,95.0,0.2915595776772248,0.2637481146304676,3.33,8,176
touki toussaint,ATL,2020,,94.0,0.3211026252983293,0.2779952267303102,6.95,5,120
travis lakins,BAL,2020,,93.2,0.2170703296703296,0.2115120879120879,5.27,0,116
trevor bauer,CIN,2020,,93.5,0.3076819360414866,0.3473560933448574,2.1,11,278
trevor cahill,SFG,2020,,90.8,0.2259397590361445,0.2368795180722891,4.15,6,105
trevor may,MIN,2020,,96.3,0.4182424242424243,0.4134787878787879,3.42,0,96
trevor richards,TBR,2020,,90.5,0.2490052264808362,0.1702473867595819,4.83,4,150
trevor rogers,MIA,2020,L,93.6,0.2948538732394366,0.2949401408450704,3.5,7,130
trevor rosenthal,SDP,2020,,97.9,0.35,0.417,1.97,0,91
trevor williams,PIT,2020,,91.5,0.2482222222222222,0.1931798941798942,5.06,11,252
triston mckenzie,CLE,2020,,92.8,0.237,0.342,3.76,6,127
ty buttrey,LAA,2020,,96.1,0.168,0.151,4.48,0,112
tyler alexander,DET,2020,L,90.5,0.213578629032258,0.2157076612903225,4.8,2,152
tyler anderson,SFG,2020,,90.3,0.2536313953488372,0.1663325581395349,4.8,11,260
tyler chatwood,CHC,2020,,94.7,0.2580731707317072,0.2437886178861789,5.23,5,86
tyler clippard,MIN,2020,,89.5,0.2239999999999999,0.157,3.11,2,98
tyler duffey,MIN,2020,,92.6,0.371781163434903,0.3460997229916897,2.77,0,92
tyler glasnow,TBR,2020,R,96.9,0.3426739367502726,0.3883762268266085,3.13,11,238
tyler kinley,COL,2020,R,95.9,0.3314219653179191,0.2584566473988439,3.45,0,96
tyler mahle,CIN,2020,R,93.9,0.3369929078014184,0.2999338061465721,3.35,9,201
tyler matzek,ATL,2020,,94.3,0.26304,0.358415,2.48,0,121
tyler rogers,SFG,2020,R,82.8,0.2337199017199017,0.207985257985258,3.18,0,123
tyler webb,STL,2020,,90.0,0.261,0.225,3.9,0,87
tyler zuber,KCR,2020,,94.1,0.2707850746268657,0.3466567164179104,5.52,0,99
victor gonzalez,LAD,2020,,95.1,0.3439375,0.26996875,2.02,0,80
vince velasquez,PHI,2020,R,93.8,0.26,0.337,4.33,7,154
wade leblanc,BAL,2020,,86.8,0.2725565217391304,0.1230608695652173,4.45,6,103
wade miley,CIN,2020,,90.2,0.247,0.083,,4,0
walker buehler,LAD,2020,R,96.8,0.2698432835820895,0.308412935323383,3.53,8,147
wander suero,WSN,2020,,,0.325,0.264,3.82,0,102
wandy peralta,SFG,2020,L,94.8,0.3823714285714286,0.2758857142857143,4.39,0,114
wes benjamin,TEX,2020,,90.9,0.2085371024734982,0.1914204946996466,3.82,1,98
will harris,WSN,2020,,91.3,0.272,0.2269999999999999,5.23,0,84
wilmer font,TOR,2020,,95.0,0.204,0.163,6.2,0,85
yency almonte,COL,2020,,94.8,0.2386808510638297,0.2102340425531915,3.55,0,113
yoan lopez,ARI,2020,,95.4,0.2344315789473684,0.1904736842105263,4.27,0,87
yohan ramirez,SEA,2020,R,95.6,0.306,0.2772,4.18,0,94
yonny chirinos,TBR,2020,,,0.204,0.156,,3,0
yu darvish,CHC,2020,,95.9,0.3246324863883847,0.3076125226860254,3.02,12,297
yusei kikuchi,SEA,2020,L,95.0,0.2958563758389261,0.2453798657718121,3.33,9,194
yusmeiro petit,ATH,2020,,88.1,0.115,0.031,4.58,0,88
zac gallen,ARI,2020,R,93.2,0.2773728489483748,0.2778279158699808,3.66,12,291
zach davies,SDP,2020,,88.7,0.217680981595092,0.2110071574642126,5.13,12,276
zach eflin,PHI,2020,R,94.3,0.2276344916344916,0.2784967824967825,3.35,10,245
zach plesac,CLE,2020,,92.7,0.2933707386363636,0.2824943181818182,3.4,8,206
zack britton,NYY,2020,,94.8,0.214,0.111,2.56,0,76
zack godley,BOS,2020,,89.9,0.266200956937799,0.2315909090909091,6.73,7,143
zack greinke,HOU,2020,,88.1,0.249876,0.237138,3.76,12,273
zack wheeler,PHI,2020,R,96.9,0.2417142857142857,0.196418439716312,3.58,11,288
a.j. alexy,TEX,2021,,93.3,0.1639999999999999,0.14,,4,0
a.j. minter,ATL,2021,,96.1,0.3127397260273972,0.2644246575342465,3.01,0,221
aaron ashby,MIL,2021,L,97.0,0.3002828282828282,0.3081515151515152,,4,0
aaron bummer,CHW,2021,L,97.5,0.2872178899082569,0.2727729357798165,2.62,0,242
aaron civale,CLE,2021,R,91.4,0.2137475935828877,0.1919636363636363,4.76,21,498
aaron loup,NYM,2021,,92.4,0.2608097686375321,0.2540025706940874,3.15,2,218
aaron nola,PHI,2021,R,92.9,0.2739162393162393,0.2954923076923076,3.39,32,749
aaron sanchez,SFG,2021,,90.1,0.2101198347107438,0.187099173553719,,7,0
adam cimber,TOR,2021,,87.0,0.1988346379647749,0.1826164383561643,3.42,0,286
adam ottavino,BOS,2021,,95.5,0.2751690909090909,0.2669963636363636,3.73,0,277
adam plutko,BAL,2021,,91.6,0.2404025423728813,0.1622319915254237,6.43,1,255
adam wainwright,STL,2021,,89.0,0.1932356584093872,0.2095629074315515,3.84,33,828
adbert alzolay,CHC,2021,,94.0,0.270097510373444,0.2517095435684647,4.48,21,519
adrian houser,MIL,2021,R,94.1,0.1950642006802721,0.1824060374149659,4.09,26,599
adrian sampson,CHC,2021,,92.2,0.2129215116279069,0.175828488372093,,5,0
alec bettinger,MIL,2021,,,0.143,0.114,,1,0
alec mills,CHC,2021,,88.7,0.1846611570247934,0.1679783057851239,4.79,20,517
alek manoah,TOR,2021,,93.7,0.2951566395663956,0.276190785907859,3.35,20,459
alex cobb,LAA,2021,,93.2,0.2478363273453094,0.2380093147039254,3.95,18,393
alex colome,MIN,2021,,93.7,0.2596934306569343,0.198485401459854,4.76,0,290
alex reyes,STL,2021,,96.6,0.3218583899127061,0.2794772065955383,3.55,0,317
alex wells,BAL,2021,,88.5,0.1566485411140583,0.1320490716180371,,8,0
alex wood,SFG,2021,,91.8,0.2679289293849658,0.2431343963553531,3.89,27,585
alex young,CLE,2021,,91.5,0.2645197368421053,0.1667774122807017,5.84,2,246
amir garrett,CIN,2021,,94.8,0.3215006180469715,0.2893436341161928,4.27,0,215
andrew albers,MIN,2021,,88.4,0.1131158798283261,0.1541802575107296,,3,0
andrew chafin,ATH,2021,,91.8,0.2456701902748414,0.223507399577167,3.08,0,266
andrew heaney,NYY,2021,,92.0,0.2787093505297098,0.2686932289267619,4.35,23,558
andrew kittredge,TBR,2021,R,94.6,0.3037269938650306,0.2664744376278118,3.01,4,282
anthony bass,MIA,2021,,95.3,0.2632237394957983,0.2390136554621849,4.69,1,260
anthony bender,MIA,2021,R,97.5,0.2788928164196123,0.2742371721778791,3.01,1,247
anthony desclafani,SFG,2021,,94.1,0.2406149335418295,0.2202537138389366,3.92,32,676
anthony kay,TOR,2021,L,94.5,0.205,0.216,,5,0
anthony misiewicz,SEA,2021,,94.3,0.2624955156950673,0.2235448430493273,4.18,0,236
antonio senzatela,COL,2021,R,94.6,0.1983164343050275,0.1548512885509083,4.32,28,670
archie bradley,PHI,2021,,94.0,0.1762377850162866,0.1795342019543974,3.92,0,224
aroldis chapman,NYY,2021,L,98.3,0.3842978087649403,0.3574601593625497,3.81,0,243
ashton goudeau,COL,2021,,92.7,0.1887690941385435,0.1672948490230905,,1,0
austin adams,SDP,2021,,94.1,0.353,0.332,4.06,0,241
austin gomber,COL,2021,,91.6,0.2562857914640735,0.2313171258779038,4.06,23,488
austin voth,WSN,2021,R,94.2,0.2536090373280943,0.2442318271119843,5.96,1,248
bailey falter,PHI,2021,L,91.7,0.2396273684210526,0.256477894736842,,1,0
bailey ober,MIN,2021,R,92.3,0.2481409214092141,0.2606924119241192,4.51,20,379
beau burrows,MIN,2021,,93.1,0.153,0.176,,1,0
blake snell,SDP,2021,,95.1,0.3133664252236898,0.3036156795909672,4.79,27,550
blake treinen,LAD,2021,R,97.7,0.2928639523336643,0.28212909632572,2.58,0,286
brad boxberger,MIL,2021,,93.5,0.3217346368715084,0.3099953445065177,3.45,0,266
brad hand,NYM,2021,,92.9,0.2150464684014869,0.2281226765799256,4.63,0,278
brad keller,KCR,2021,R,94.2,0.2235370528109029,0.1983837308347529,6.35,26,613
brady singer,KCR,2021,R,92.7,0.2520821167883211,0.2231081204379562,4.57,27,586
brandon bielak,HOU,2021,,94.0,0.2189023090586145,0.1689076376554174,4.01,2,218
brandon kintzler,PHI,2021,,92.2,0.121,0.165,,1,0
brandon woodruff,MIL,2021,R,96.5,0.2811693950177936,0.2938686832740213,3.27,31,708
braxton garrett,MIA,2021,,90.3,0.2104265402843602,0.2678483412322274,,7,0
brent suter,MIL,2021,L,87.3,0.205,0.23,3.65,1,313
brett anderson,MIL,2021,,88.6,0.1547996930161166,0.134048349961627,5.69,24,409
brett de geus,ARI,2021,,91.9,0.1739733924611973,0.1747915742793791,5.65,0,238
brett martin,TEX,2021,,93.6,0.2248006535947712,0.1624771241830065,3.52,0,264
brooks raley,HOU,2021,L,90.9,0.3263774319066147,0.3245940337224384,3.81,0,205
bruce zimmermann,BAL,2021,,91.4,0.2540731930466605,0.2050210430009149,6.35,13,285
brusdar graterol,LAD,2021,,99.3,0.1981932059447982,0.196212314225053,,1,0
bryan shaw,CLE,2021,,94.8,0.2539999999999999,0.1926715953307392,4.54,0,334
bryse wilson,PIT,2021,,93.0,0.1959582947173308,0.1514939759036144,5.73,16,322
cal quantrill,CLE,2021,R,94.4,0.2264569506726457,0.2020408071748879,4.06,22,616
caleb smith,ARI,2021,,91.4,0.270840832123851,0.2495074987905176,4.12,13,500
caleb thielbar,MIN,2021,L,91.3,0.2746083408884859,0.2859483227561197,3.98,0,266
cam bedrosian,PHI,2021,,92.9,0.2352542735042735,0.1989444444444444,,1,0
carlos carrasco,NYM,2021,R,93.4,0.2677494089834515,0.2002423167848699,4.82,12,237
carlos estevez,COL,2021,R,97.1,0.2475248508946322,0.2217087475149105,4.3,0,270
carlos hernandez,KCR,2021,,97.2,0.2609442119944212,0.2075934449093445,4.42,0,358
carlos martinez,STL,2021,,93.4,0.1848618784530386,0.1463322809786898,5.96,0,363
carlos rodon,CHW,2021,,95.4,0.3355080238422742,0.331707015130674,2.68,0,534
casey mize,DET,2021,R,93.8,0.2294060246075519,0.2023576580398812,4.95,30,612
cesar valdez,BAL,2021,,85.3,0.2920935582822086,0.2208803680981595,5.19,0,210
chad green,NYY,2021,,95.7,0.3223207401696221,0.3204548959136468,3.25,0,315
chad kuhl,PIT,2021,,94.2,0.2379634235552303,0.2017959034381858,4.69,14,349
charlie barnes,MIN,2021,L,89.4,0.1573159557661927,0.1184897314375987,,8,0
charlie morton,ATL,2021,,95.5,0.2819006364922206,0.2795647100424328,3.37,37,756
chase anderson,PHI,2021,,91.5,0.234992700729927,0.1722613138686131,5.62,9,215
chase de jong,PIT,2021,,92.9,0.2267245590230665,0.20397829036635,,9,0
chasen shreve,PIT,2021,,91.6,0.2471614639397201,0.1850559741657696,3.84,0,235
chi chi gonzalez,COL,2021,,91.9,0.1641395348837209,0.1331374829001368,6.68,0,448
chris archer,TBR,2021,,92.0,0.2679859154929577,0.2470774647887324,,5,0
chris bassitt,ATH,2021,R,93.2,0.2404640551011622,0.2266909169177787,3.42,27,637
chris ellis,BAL,2021,,93.8,0.2473894736842105,0.1564842105263158,,6,0
chris flexen,SEA,2021,,92.7,0.193036409516943,0.1734340302811824,4.32,31,741
chris paddack,SDP,2021,R,94.8,0.2491797752808988,0.2203761369716425,4.66,22,459
chris rodriguez,LAA,2021,,94.6,0.221,0.198,,2,0
chris sale,BOS,2021,L,93.6,0.2838567493112948,0.2928457300275482,,12,0
chris stratton,PIT,2021,,93.0,0.2772862398822663,0.2534525386313466,3.84,0,337
clay holmes,NYY,2021,R,96.0,0.2790061538461538,0.2764123076923077,2.9,0,292
clayton kershaw,LAD,2021,,90.6,0.3241543175487465,0.2783481894150418,3.15,22,488
codi heuer,CHC,2021,,95.9,0.2772576335877862,0.2092967557251908,3.87,0,281
cody ponce,PIT,2021,R,93.2,0.2119081163859111,0.2074119448698315,,2,0
cody poteet,MIA,2021,,93.6,0.2410421940928269,0.2432827004219409,,7,0
cole irvin,ATH,2021,,90.8,0.193177219932559,0.1644428624953166,4.92,32,768
cole sulser,BAL,2021,R,93.2,0.3002332695984703,0.2751089866156788,3.08,0,257
collin mchugh,TBR,2021,,90.6,0.3114665071770335,0.2661435406698564,2.28,8,247
conner greene,BAL,2021,,96.0,0.3154414715719063,0.2047792642140468,,1,0
conner menez,SFG,2021,,,0.233,0.19,,1,0
connor brogdon,PHI,2021,R,96.0,0.2879021739130434,0.2062326086956521,2.92,1,235
connor overton,PIT,2021,,92.3,0.161,0.2689999999999999,,3,0
corbin burnes,MIL,2021,,96.5,0.3789192037470726,0.362628024980484,2.04,29,657
corbin martin,ARI,2021,R,94.1,0.175,0.154,,3,0
corey kluber,NYY,2021,,89.9,0.2776249021143304,0.2318801879404855,4.12,16,341
corey knebel,LAD,2021,,96.3,0.3104210526315789,0.3005137844611528,,6,0
cory abbott,CHC,2021,,92.6,0.141,0.065,,1,0
craig kimbrel,CHW,2021,R,96.5,0.4381470588235294,0.4310375253549695,2.41,0,235
craig stammen,SDP,2021,,91.5,0.2408938807126258,0.2396227730441518,3.39,4,355
cristian javier,HOU,2021,R,93.5,0.333190320470896,0.3289705689993459,4.54,9,424
dallas keuchel,CHW,2021,,89.0,0.2131705397301349,0.1400513493253373,6.19,30,720
dane dunning,TEX,2021,,90.1,0.213132044198895,0.2239055248618784,4.69,25,511
daniel bard,COL,2021,,97.5,0.296232437120555,0.2777597571552471,4.18,0,304
daniel castano,MIA,2021,,90.4,0.159,0.125,,4,0
daniel hudson,SDP,2021,,97.0,0.3484119760479041,0.3628850299401198,3.32,0,210
daniel lynch,KCR,2021,L,93.8,0.2507923139820114,0.1694578904333605,6.27,15,311
daniel norris,MIL,2021,,92.7,0.27440991902834,0.2331103238866397,4.35,0,248
daniel ponce de leon,STL,2021,,93.0,0.2201214285714285,0.1568803571428571,,2,0
danny coulombe,MIN,2021,L,90.4,0.2422921810699588,0.2608230452674897,,1,0
danny duffy,KCR,2021,,93.7,0.2904122222222222,0.2399866666666666,4.15,12,252
daulton jefferies,ATH,2021,,,0.078,0.188,,1,0
david bednar,PIT,2021,R,96.7,0.3398426124197001,0.333840471092077,2.51,0,237
david hale,PHI,2021,,92.8,0.1961463414634146,0.1910487804878048,,1,0
david hess,TBR,2021,,94.0,0.2280594900849858,0.185657223796034,,1,0
david peterson,NYM,2021,L,92.7,0.2465663636363636,0.2401854545454545,5.96,15,287
david price,LAD,2021,,92.9,0.205860606060606,0.177965367965368,4.12,11,326
david robertson,TBR,2021,,,0.188,0.188,,1,0
dean kremer,BAL,2021,R,92.6,0.2054008908685968,0.2026570155902004,6.31,13,245
dennis santana,TEX,2021,R,96.0,0.25959200968523,0.1877784503631961,5.19,0,237
deolis guerra,ATH,2021,,90.7,0.2721757508342603,0.2089888765294772,3.08,0,269
derek holland,DET,2021,,92.8,0.2610326894502229,0.2720282317979198,4.09,1,225
devin williams,MIL,2021,R,95.4,0.4156159346271706,0.3739407558733401,2.83,0,226
diego castillo,SEA,2021,,95.4,0.3110289210233593,0.3161857619577308,2.81,0,233
dillon peters,PIT,2021,,90.8,0.2365067385444744,0.1736415094339622,,6,0
dillon tate,BAL,2021,,95.4,0.216360157016683,0.1783503434739941,4.12,0,287
dinelson lamet,SDP,2021,,95.5,0.3188365019011406,0.2835817490494297,3.98,9,209
domingo german,NYY,2021,,93.4,0.3075539340101522,0.248618654822335,4.06,0,410
dominic leone,SFG,2021,,95.5,0.2997651966626937,0.2327759237187127,3.42,4,219
drew anderson,TEX,2021,R,92.5,0.225,0.13,,1,0
drew hutchison,DET,2021,,92.4,0.2187014388489208,0.1125035971223021,,2,0
drew rasmussen,TBR,2021,R,97.1,0.2663724735322425,0.2439903753609239,3.76,11,307
drew smith,NYM,2021,,95.0,0.253149377593361,0.2223775933609958,,1,0
drew smyly,ATL,2021,,92.1,0.2526730589335828,0.2132418147801683,5.02,23,546
drew steckenrider,SEA,2021,,94.0,0.2060476190476191,0.2172936507936508,3.45,0,267
duane underwood,PIT,2021,,94.1,0.2363471502590673,0.2050716753022453,5.16,0,320
dustin may,LAD,2021,R,98.3,0.211,0.128,,5,0
dylan bundy,LAA,2021,,90.7,0.237293035479632,0.22376938239159,4.79,19,397
dylan cease,CHW,2021,R,96.6,0.3585917602996255,0.3257991147429349,3.65,33,708
dylan floro,MIA,2021,,93.8,0.22475,0.2345836431226766,3.47,0,270
eduardo rodriguez,BOS,2021,R,92.5,0.2601429621462697,0.2825847115031238,3.47,0,675
edward cabrera,MIA,2021,R,96.7,0.2649774436090225,0.2164887218045112,,7,0
edwin diaz,NYM,2021,R,98.8,0.3421268882175227,0.3337462235649546,2.66,0,257
edwin uceta,LAD,2021,,92.8,0.2848996763754045,0.2662718446601941,,1,0
eli morgan,CLE,2021,R,90.4,0.2315648628613788,0.2168057820607858,5.3,18,379
elieser hernandez,MIA,2021,,90.9,0.2298093883357041,0.2302105263157894,4.6,0,225
emilio pagan,SDP,2021,R,94.9,0.2987348066298342,0.2575580110497237,4.57,0,263
emmanuel clase,CLE,2021,,100.6,0.3309216061185468,0.2698824091778202,2.24,0,279
eric lauer,MIL,2021,L,92.6,0.2393972392638037,0.2401457055214723,3.89,21,489
erick fedde,WSN,2021,R,93.2,0.2208372390285471,0.226027268853856,4.82,27,590
erik swanson,SEA,2021,,94.7,0.273677304964539,0.2426968085106383,,2,0
ervin santana,KCR,2021,,93.4,0.2526809338521401,0.1995525291828793,5.84,2,277
framber valdez,HOU,2021,L,92.1,0.2570870813397128,0.2085813397129186,3.84,27,572
frankie montas,ATH,2021,,96.4,0.2970128797886393,0.2639699471598414,3.92,32,778
freddy peralta,MIL,2021,R,93.4,0.3399337634408602,0.3318679569892473,2.7,28,580
garrett cleavinger,LAD,2021,L,95.8,0.2748636363636363,0.2631079545454545,,1,0
garrett crochet,CHW,2021,L,96.7,0.2616617466174661,0.2476949569495695,3.3,0,230
garrett richards,BOS,2021,,94.3,0.227478861087144,0.1921095772217428,5.51,22,617
garrett whitlock,BOS,2021,R,96.3,0.2767245989304813,0.2726871657754011,2.94,0,298
genesis cabrera,STL,2021,,97.6,0.2709782426778242,0.2618953974895397,3.63,0,296
german marquez,COL,2021,R,94.8,0.2671604395604395,0.2229465201465201,4.06,0,756
gerrit cole,NYY,2021,,97.7,0.3203249575551783,0.3341962648556875,3.06,31,726
giovanny gallegos,STL,2021,,94.4,0.3430127226463104,0.3221374045801526,3.03,0,310
glenn otto,TEX,2021,,92.6,0.227576,0.2399786666666666,,6,0
greg holland,KCR,2021,,92.8,0.2699705882352941,0.2066945701357465,5.54,0,243
gregory soto,DET,2021,L,98.3,0.2877948226270373,0.2469367209971237,3.63,0,276
griffin canning,LAA,2021,,93.6,0.2982991631799163,0.2230627615062761,4.79,13,277
griffin jax,MIN,2021,R,92.7,0.2146476534296029,0.1685523465703971,5.73,14,360
hansel robles,BOS,2021,,96.7,0.2444974315068493,0.2589417808219177,4.66,0,297
heath hembree,NYM,2021,,95.3,0.2739124423963133,0.3328248847926267,3.15,0,243
hector neris,PHI,2021,,94.1,0.3459649708090074,0.3211092577147623,3.03,0,310
hirokazu sawamura,BOS,2021,,96.0,0.320250936329588,0.2751760299625468,4.12,0,232
huascar ynoa,ATL,2021,,96.5,0.2752919389978213,0.2685802469135802,4.21,17,372
humberto castellanos,ARI,2021,,90.4,0.1524632352941176,0.1495088235294117,,7,0
hunter strickland,MIL,2021,,94.9,0.2977740863787375,0.269296788482835,3.73,0,242
hyeon-jong yang,TEX,2021,,89.9,0.2067363796133567,0.1582618629173989,,4,0
hyun jin ryu,TOR,2021,,89.8,0.2263482210446631,0.2087221801665405,4.42,31,701
ian anderson,ATL,2021,,94.6,0.2831052877866167,0.2341562938699111,4.21,28,535
ian kennedy,PHI,2021,,94.1,0.271,0.2739999999999999,3.84,0,228
j.a. happ,STL,2021,,91.0,0.1970083333333333,0.1839435606060606,5.54,30,671
j.c. mejia,CLE,2021,,93.0,0.2214357298474945,0.194380174291939,6.03,0,238
j.p. feyereisen,TBR,2021,,93.1,0.3552758620689655,0.2121338742393509,3.84,0,234
jack flaherty,STL,2021,R,93.6,0.2764136546184738,0.2772385542168674,4.89,15,322
jackson kowar,KCR,2021,,95.6,0.2190757855822551,0.1763974121996303,,8,0
jacob degrom,NYM,2021,R,99.2,0.4128150572831424,0.4460114566284778,1.55,15,324
jaime barria,LAA,2021,,93.1,0.1810333333333333,0.1278595238095238,5.69,11,250
jake arrieta,SDP,2021,,91.4,0.1813522336769759,0.1850916380297823,6.15,24,469
jake brentz,KCR,2021,,96.9,0.3063041095890411,0.2753525114155251,4.38,0,278
jake diekman,ATH,2021,,95.4,0.3713532875368008,0.3436820412168793,4.32,0,262
jake faria,ARI,2021,,92.3,0.2040245398773006,0.1720756646216768,,3,0
jake mcgee,SFG,2021,,94.9,0.1889999999999999,0.228,3.06,0,239
jake odorizzi,HOU,2021,,92.2,0.2218026315789474,0.2140263157894737,4.63,23,441
jake reed,NYM,2021,,,0.321,0.241,,1,0
jake woodford,STL,2021,R,92.1,0.1937480694980695,0.1721824324324324,4.69,8,293
jakob junis,KCR,2021,R,90.8,0.260318890814558,0.2481837088388215,,6,0
james kaprielian,ATH,2021,,93.0,0.2707608695652174,0.2431650197628458,4.48,21,502
james karinchak,CLE,2021,,95.9,0.3257548638132296,0.3409143968871596,3.63,0,235
jameson taillon,NYY,2021,R,93.9,0.2650636862083509,0.2322631800927878,3.92,29,603
janson junk,LAA,2021,R,,0.172,0.125,,4,0
jarlin garcia,SFG,2021,,93.1,0.226146316851665,0.2558254288597376,3.3,0,269
jay jackson,SFG,2021,,94.8,0.2963865979381443,0.3114768041237113,,1,0
jeff hoffman,CIN,2021,R,94.3,0.3080279375513557,0.2458488085456039,4.63,11,335
jerad eickhoff,NYM,2021,,90.0,0.042,0.05,,4,0
jesse chavez,ATL,2021,,91.1,0.1650023923444975,0.2771626794258373,,5,0
jesus luzardo,MIA,2021,L,95.7,0.2886166763173132,0.2236369426751592,5.26,0,437
jeurys familia,NYM,2021,,97.2,0.2872269503546099,0.2694751773049645,3.7,0,262
jhoulys chacin,COL,2021,,92.6,0.2194253875968992,0.1847519379844961,4.32,0,269
jimmy lambert,CHW,2021,,,0.153,0.15,,3,0
jimmy nelson,LAD,2021,,93.8,0.3708451242829828,0.3871912045889101,,1,0
joe jimenez,DET,2021,,94.7,0.3212350597609561,0.269605577689243,3.95,0,210
joe kelly,LAD,2021,,97.5,0.2503951367781155,0.2536215805471125,,1,0
joe musgrove,SDP,2021,,93.3,0.2968481960517358,0.2620980258679374,3.92,31,748
joe ross,WSN,2021,R,93.6,0.2579298245614035,0.250280701754386,4.21,19,460
joe ryan,MIN,2021,R,91.2,0.203,0.2739999999999999,,5,0
joel payamps,KCR,2021,R,94.8,0.2193916554508748,0.1938559892328398,2.99,1,205
joely rodriguez,NYY,2021,,93.9,0.2997322404371585,0.2297144808743169,3.78,0,207
joey lucchesi,NYM,2021,L,90.8,0.2406943089430894,0.2785560975609756,,8,0
johan oviedo,STL,2021,R,95.0,0.2397636738906089,0.1742868937048503,5.77,13,288
john curtiss,MIL,2021,,94.9,0.2724515669515669,0.2351595441595441,,2,0
john gant,MIN,2021,,91.9,0.2410581717451523,0.1916382271468144,5.19,21,491
john means,BAL,2021,,92.8,0.2502428018908466,0.2305079501504082,4.01,26,590
johnny cueto,SFG,2021,,91.8,0.2242300495321958,0.2084171711612548,4.95,21,490
jon duplantier,ARIZONA,2021,,91.2,,,,4,0
jon gray,COL,2021,,94.9,0.2651855834328952,0.2360613301473516,3.95,29,644
jon lester,STL,2021,,88.7,0.1993962184873949,0.1506676470588235,5.16,28,627
jonathan heasley,KCR,2021,,93.5,0.077,0.067,,3,0
jonathan loaisiga,NYY,2021,R,97.8,0.2902654867256637,0.2472625368731563,2.2,0,283
jordan holloway,MIA,2021,,95.4,0.2809475806451613,0.2146693548387097,,4,0
jordan lyles,TEX,2021,,93.0,0.232738285317598,0.185790003471017,5.33,30,769
jordan montgomery,NYY,2021,,92.5,0.2843262910798123,0.2450469483568075,4.15,30,661
jordan romano,TOR,2021,R,97.6,0.3172115572967678,0.3362654260528893,2.62,0,253
jorge alcala,MIN,2021,,97.4,0.2995183823529412,0.2785735294117647,3.55,0,229
jorge lopez,BAL,2021,,95.3,0.2049358264081255,0.2044155124653739,5.4,0,555
jose alvarado,PHI,2021,L,98.3,0.3266448311156602,0.2700829068577277,4.15,0,251
jose alvarez,SFG,2021,,91.2,0.2049069518716577,0.1605818181818182,3.45,0,266
jose berrios,TOR,2021,,94.1,0.2425060795267827,0.2626168255011502,4.12,0,781
jose cisnero,DET,2021,,96.7,0.2385129482071712,0.2370607569721115,4.12,0,265
jose quintana,SFG,2021,L,91.5,0.2930629032258064,0.2877379032258064,4.86,10,297
jose ruiz,CHW,2021,,97.0,0.2500566426364572,0.2385252317198764,4.21,0,271
jose suarez,LAA,2021,L,92.9,0.2537335811648079,0.2073804213135068,4.42,0,413
jose urena,DET,2021,,94.3,0.205069616519174,0.1500755162241888,5.84,0,456
jose urquidy,HOU,2021,R,92.5,0.2547855724685638,0.2139020516214427,3.89,0,423
josh fleming,TBR,2021,L,91.0,0.1912687823834197,0.142660621761658,4.66,11,448
josh hader,MIL,2021,,96.4,0.4551380846325167,0.4670423162583519,2.18,0,224
josh rogers,WSN,2021,,90.5,0.1856936542669584,0.167507658643326,,6,0
josh sborz,TEX,2021,,96.7,0.3377025023169601,0.2740704355885078,3.95,0,257
josh staumont,KCR,2021,,96.5,0.269485401459854,0.2691350364963503,3.89,0,264
josh taylor,BOS,2021,,94.5,0.3576382978723404,0.3117659574468085,4.24,0,209
josh tomlin,ATL,2021,,88.9,0.2358203517587939,0.1782135678391959,5.16,0,218
josiah gray,WSN,2021,,94.6,0.3114850809889173,0.2699957374254049,4.48,13,307
jt brubaker,PIT,2021,R,92.9,0.2574897119341564,0.226559670781893,4.54,24,537
jt chargois,TBR,2021,,95.7,0.2617298919567827,0.2252893157262905,3.73,0,216
julian merryweather,TOR,2021,,,0.191,0.241,,1,0
julio urias,LAD,2021,,94.1,0.2428674568965517,0.2667780172413793,3.13,0,745
junior guerra,LAA,2021,,92.2,0.2795028571428571,0.198109387755102,4.48,1,307
justin bruihl,LAD,2021,L,90.4,0.2116071428571428,0.133625,,2,0
justin dunn,SEA,2021,,93.7,0.2508195576251455,0.2153376018626309,5.02,11,218
justin steele,CHC,2021,,93.2,0.2806843220338983,0.2512266949152542,4.03,9,248
justus sheffield,SEA,2021,,93.3,0.1871137765592871,0.1552090472926662,7.07,15,385
keegan akin,BAL,2021,L,92.0,0.2224599180807489,0.1987788180222352,5.26,17,427
keegan thompson,CHC,2021,,93.9,0.2460830636461704,0.2315080906148867,5.33,6,243
kendall graveman,HOU,2021,,96.3,0.2226025641025641,0.236,3.65,0,222
kenley jansen,LAD,2021,R,93.9,0.3350560224089636,0.3111521942110177,2.81,0,278
kenta maeda,MIN,2021,,90.6,0.3023293897882939,0.2658673723536737,3.73,21,453
kevin gausman,SFG,2021,R,94.6,0.3148688688688689,0.2830250250250249,3.55,34,775
keynan middleton,SEA,2021,,95.4,0.2957741935483871,0.1690387096774193,,1,0
kohei arihara,TEX,2021,,91.2,0.1503354430379747,0.1172215189873417,,10,0
kohl stewart,CHC,2021,,,0.1430326086956521,0.1584239130434782,,3,0
kolby allard,TEX,2021,L,91.4,0.1984528578407425,0.197124572545188,5.02,17,534
kris bubic,KCR,2021,L,90.9,0.2289968210717529,0.198519527702089,5.23,20,556
kwang hyun kim,STL,2021,,89.1,0.2152610169491525,0.1775632768361582,4.54,21,452
kyle finnegan,WSN,2021,R,95.6,0.2440499168053244,0.2307129783693843,3.78,0,294
kyle freeland,COL,2021,L,91.4,0.2123960763520678,0.1874188759278897,4.21,23,515
kyle funkhouser,DET,2021,,95.8,0.2655405651777575,0.2137137648131267,4.18,2,298
kyle gibson,PHI,2021,,92.8,0.2429135497529992,0.1993496824276641,3.84,30,754
kyle hendricks,CHC,2021,,87.3,0.2020537557849768,0.1744709861160555,4.92,32,785
kyle muller,ATL,2021,,93.4,0.2577214700193423,0.1990502901353965,,8,0
kyle zimmer,KCR,2021,,94.1,0.2404296703296703,0.2048461538461538,4.82,2,223
lance lynn,CHW,2021,,94.0,0.2664717758549649,0.2838051091882982,2.72,29,641
lance mccullers,HOU,2021,R,93.9,0.2983406113537118,0.2707376273653566,3.37,30,684
lewis thorpe,MIN,2021,,89.1,0.156625,0.09928125,,4,0
liam hendriks,CHW,2021,,97.7,0.3901885766092475,0.3943427017225748,1.99,0,267
ljay newsome,SEA,2021,,92.6,0.255,0.317,,1,0
logan allen,CLE,2021,,92.7,0.1844473684210526,0.1637026315789473,6.47,11,222
logan gilbert,SEA,2021,R,95.3,0.2633868406125921,0.2604554736245037,4.06,24,503
logan webb,SFG,2021,R,93.2,0.2838493150684931,0.2576059360730593,3.22,28,596
lou trivino,ATH,2021,,95.6,0.2499566694987255,0.2169915038232795,4.38,0,310
louis head,TBR,2021,,93.7,0.260696132596685,0.2320939226519337,,2,0
lucas gilbreath,COL,2021,,93.3,0.2987538247566064,0.2470361613351878,,1,0
lucas giolito,CHW,2021,,93.8,0.3160449826989619,0.2680422145328719,3.3,32,719
lucas luetge,NYY,2021,,90.3,0.2833232899022801,0.2514486970684039,3.32,1,301
luis castillo,CIN,2021,R,97.1,0.2898211125158028,0.2580657395701644,3.6,33,803
luis cessa,CIN,2021,,93.8,0.2705569620253164,0.208548523206751,3.84,0,263
luis garcia,HOU,2021,R,93.3,0.3078400162008911,0.2630267314702308,3.87,33,633
luis gil,NYY,2021,R,96.1,0.3196977687626775,0.2945801217038539,,6,0
luis oviedo,PIT,2021,,94.3,0.2718400735294117,0.2311819852941176,,1,0
luis patino,TBR,2021,,95.7,0.2620546677880572,0.241282590412111,4.42,0,333
luke farrell,MIN,2021,,91.4,0.2575714285714286,0.1905668202764977,,1,0
luke jackson,ATL,2021,,95.8,0.2982782608695652,0.2724,4.03,0,261
luke weaver,ARI,2021,R,93.6,0.2257302371541502,0.2094911067193675,4.54,13,275
madison bumgarner,ARI,2021,,90.4,0.2225569563259793,0.2064259342638451,4.32,26,613
marco gonzales,SEA,2021,,88.4,0.2013864027538726,0.1858063683304646,4.95,25,585
marcus stroman,NYM,2021,,92.6,0.2646430757459831,0.2109659525631216,4.3,33,729
mark melancon,SDP,2021,,92.3,0.2040195886385896,0.2201743388834476,4.21,0,265
martin perez,BOS,2021,L,93.4,0.1802847915443335,0.188793893129771,5.51,0,509
matt andriese,SEA,2021,,92.0,0.2441052631578947,0.2528195488721804,5.23,0,222
matt barnes,BOS,2021,,95.8,0.3363842746400886,0.3897940199335548,2.7,0,222
matt harvey,BAL,2021,,93.4,0.1945416666666666,0.165393817204301,5.37,28,582
matt manning,DET,2021,,93.5,0.1690543401552576,0.1476492589978828,5.4,18,385
matt moore,PHI,2021,,92.4,0.2157567783094099,0.1883652312599681,4.89,13,334
matt peacock,ARI,2021,,92.9,0.1813613636363636,0.1382045454545454,4.27,8,386
matt shoemaker,MIN,2021,,91.6,0.2170390104662226,0.132871550903901,6.47,11,284
matthew boyd,DET,2021,L,92.0,0.227006329113924,0.188628390596745,4.15,15,337
max fried,ATL,2021,L,94.0,0.2536871463217461,0.2475852869846402,3.45,33,667
max kranick,PIT,2021,,94.2,0.2451386321626617,0.1813068391866913,,9,0
max scherzer,LAD,2021,R,94.3,0.3401705069124424,0.3378518255937611,2.85,33,693
merrill kelly,ARI,2021,R,91.7,0.2044762886597937,0.1939703092783505,4.48,27,667
michael fulmer,DET,2021,,95.5,0.2841903930131004,0.2350270742358078,3.84,4,297
michael king,NYY,2021,R,95.2,0.2166899224806202,0.1869413067552602,4.76,6,275
michael kopech,CHW,2021,,97.3,0.3305490566037736,0.3671528301886792,2.81,4,285
michael pineda,MIN,2021,,90.6,0.2184182776801406,0.1862120679554774,4.89,21,458
michael wacha,TBR,2021,R,93.8,0.2258487584650112,0.2336388261851016,5.4,23,528
miguel castro,NYM,2021,,98.0,0.3236530944625407,0.2448517915309446,4.15,2,303
mike foltynewicz,TEX,2021,,93.8,0.1862692307692307,0.1710344364937388,5.37,24,586
mike mayers,LAA,2021,,94.5,0.2901639610389611,0.2791801948051948,3.87,2,315
mike minor,KCR,2021,,90.9,0.2454875811998471,0.2277894535727933,4.32,28,669
miles mikolas,STL,2021,R,93.2,0.1861671732522796,0.1883404255319149,,9,0
mitch keller,PIT,2021,R,93.8,0.2066290231507622,0.1981524562394127,5.73,23,470
mitch white,LAD,2021,,94.4,0.2162936288088642,0.2424210526315789,,4,0
mychal givens,CIN,2021,,94.7,0.2760613079019073,0.275975476839237,4.3,0,216
nabil crismatt,SDP,2021,,90.1,0.2535722846441948,0.1974883895131086,4.18,0,351
nate pearson,TOR,2021,,97.8,0.307,0.319,,1,0
nathan eovaldi,BOS,2021,R,96.8,0.2685538093611205,0.2593081653570208,3.39,36,764
nestor cortes,NYY,2021,,90.7,0.2355414667580534,0.2573941055517478,3.32,14,374
nick margevicius,SEA,2021,,89.5,0.155,0.25,,3,0
nick neidert,MIA,2021,,91.7,0.1767857142857143,0.1266515151515151,,7,0
nick nelson,NYY,2021,,96.4,0.2594276094276094,0.222084175084175,,2,0
nick pivetta,BOS,2021,R,94.8,0.2414054566123531,0.273697233800682,3.78,31,661
nick wittgren,CLE,2021,,92.5,0.2561283185840708,0.2573971238938053,5.3,1,258
pablo lopez,MIA,2021,,93.9,0.2491166335321405,0.2659927104042412,3.5,0,418
packy naughton,LAA,2021,,90.5,0.1873271604938271,0.1290493827160493,,5,0
paolo espino,WSN,2021,,89.0,0.2028793727382388,0.2089336550060314,4.86,19,455
patrick corbin,WSN,2021,L,92.2,0.2413558575100991,0.1923800954829232,5.62,31,751
patrick sandoval,LAA,2021,,93.2,0.326798917246713,0.249092034029389,3.55,14,363
paul blackburn,ATH,2021,R,90.8,0.1378468809073724,0.1480869565217391,,9,0
paul campbell,MIA,2021,,92.7,0.243405529953917,0.2088847926267281,,1,0
paul fry,BAL,2021,,92.8,0.2590645905420992,0.2787877739331026,4.09,0,215
paul sewald,SEA,2021,R,92.3,0.3724460562103354,0.4038132366273798,2.88,0,264
phil bickford,LAD,2021,,93.9,0.2948756476683937,0.2950958549222797,3.08,0,207
phil maton,HOU,2021,R,91.5,0.3813741362290226,0.3190523198420533,3.65,1,297
pierce johnson,SDP,2021,R,95.5,0.2999473684210526,0.3142248803827751,3.42,2,244
rafael montero,HOU,2021,,95.8,0.2367396788990826,0.1926616972477064,3.55,0,225
raisel iglesias,LAA,2021,R,96.3,0.407289896128423,0.3798356940509915,2.47,0,273
randy dobnak,MIN,2021,,93.5,0.1858634423897582,0.1303968705547653,6.81,6,228
ranger suarez,PHI,2021,L,93.7,0.2554462365591397,0.245010752688172,2.64,12,418
reid detmers,LAA,2021,L,92.9,0.2688864265927977,0.1690803324099723,,5,0
reiss knehr,SDP,2021,,93.5,0.2197620253164557,0.2,,5,0
rex brothers,CHC,2021,,94.5,0.3272284569138277,0.2901563126252505,5.37,0,236
reynaldo lopez,CHW,2021,R,95.8,0.2560139534883721,0.2623139534883721,3.73,0,222
rich hill,NYM,2021,,88.1,0.2272631578947368,0.2282473684210526,4.48,31,661
richard bleier,MIA,2021,,90.2,0.1717246127366609,0.1760688468158347,3.01,0,225
richard rodriguez,ATL,2021,,93.1,0.2102235169491525,0.1728686440677966,4.35,0,251
riley smith,ARI,2021,,92.6,0.1350029498525073,0.12,5.19,6,301
robbie ray,TOR,2021,L,94.8,0.3269387417218543,0.3218261589403973,3.6,32,773
robert dugger,SEA,2021,,91.4,0.2481410579345087,0.1596952141057934,,4,0
robert gsellman,NYM,2021,,94.5,0.145,0.086,,1,0
robert stock,NYM,2021,,,0.205,0.143,,3,0
ross detwiler,SDP,2021,,91.9,0.2282864450127877,0.2875089514066496,4.21,5,229
ross stripling,TOR,2021,,91.9,0.2347321852731591,0.214772565320665,4.89,19,431
ryan burr,CHW,2021,,94.7,0.2385442561205273,0.2262372881355932,,1,0
ryan helsley,STL,2021,R,97.4,0.2722731092436974,0.2254369747899159,4.63,0,206
ryan pressly,HOU,2021,,95.4,0.3152075471698113,0.3305471698113207,2.51,0,250
ryan tepera,CHW,2021,,93.3,0.3312661717921527,0.2994549310710498,2.58,0,241
ryan weathers,SDP,2021,L,93.9,0.1921768074445239,0.1838339298496779,5.19,18,401
ryan yarbrough,TBR,2021,L,86.4,0.2069168694241686,0.1729533657745336,4.38,21,653
ryne stanek,HOU,2021,R,97.6,0.3387236051502145,0.2982206008583691,3.98,0,290
sam clay,WSN,2021,,92.3,0.2198650137741047,0.1744545454545454,4.82,0,214
sam coonrod,PHI,2021,,98.5,0.215735632183908,0.2120919540229885,,2,0
sam hentges,CLE,2021,,94.6,0.2413923444976076,0.2180151515151515,5.54,12,318
sam howard,PIT,2021,,93.4,0.3791696750902527,0.2989602888086642,,1,0
sam long,SFG,2021,,92.6,0.2154837799717912,0.2300028208744711,,5,0
sandy alcantara,MIA,2021,R,98.1,0.2742960504480584,0.2393571191503485,3.5,33,837
scott barlow,KCR,2021,R,95.3,0.3472950819672131,0.2980598360655737,3.32,0,306
scott kazmir,SFG,2021,,,0.109,0.179,,4,0
sean doolittle,SEA,2021,,93.1,0.2339999999999999,0.235,4.27,0,223
sean manaea,ATH,2021,L,92.2,0.2684096016343207,0.2561215526046987,4.12,32,754
sean nolin,WSN,2021,,90.7,0.1948126801152737,0.1553602305475504,,5,0
sergio romo,ATH,2021,,85.6,0.2816996699669967,0.2002552255225522,3.5,0,259
seth frankoff,ARI,2021,,91.3,0.1399615384615384,0.1062362637362637,,3,0
shane bieber,CLE,2021,,92.7,0.3564944289693594,0.3451775766016713,3.68,16,405
shane mcclanahan,TBR,2021,L,96.4,0.3226238485158649,0.2643469805527124,4.54,26,517
shohei ohtani,LAA,2021,,95.6,0.2824769467213115,0.2620420081967213,3.32,23,533
sonny gray,CIN,2021,R,92.3,0.2555633595284872,0.2734896856581532,3.22,26,575
spencer howard,TEX,2021,,94.2,0.2505629139072848,0.2041258278145695,4.66,15,229
spencer turnbull,DET,2021,,93.8,0.2380789074355083,0.226277693474962,,9,0
spenser watkins,BAL,2021,,90.8,0.1739676339285714,0.1518627232142857,6.85,10,255
stephen strasburg,WSN,2021,,91.9,0.2113846153846154,0.1882923076923077,,5,0
steve cishek,LAA,2021,,89.7,0.202008,0.2142351999999999,3.78,0,308
steven brault,PIT,2021,,90.7,0.1823355263157894,0.1275296052631579,,7,0
steven matz,TOR,2021,L,94.5,0.2237856863511928,0.2283578412201799,4.03,29,647
t.j. zeuch,TOR,2021,,93.3,0.136,0.07,,3,0
taijuan walker,NYM,2021,R,94.5,0.2358511480601741,0.2224857482185273,4.57,29,654
tanner houck,BOS,2021,,94.5,0.3142246240601503,0.3155845864661654,3.2,13,285
tanner scott,BAL,2021,L,96.8,0.3536433566433566,0.2691608391608391,4.66,0,251
tarik skubal,DET,2021,L,94.3,0.2782192664248287,0.271837968561064,5.47,29,634
taylor hearn,TEX,2021,,95.1,0.229257109692397,0.2132385374347069,4.79,11,441
taylor widener,ARI,2021,,92.6,0.2356633744855967,0.2262090534979423,5.54,13,319
thomas eshelman,BAL,2021,,85.7,0.1493831168831169,0.0942597402597402,,6,0
thomas hatch,TOR,2021,,,0.105,0.12,,2,0
tim hill,SDP,2021,L,92.0,0.2379202518363063,0.2245257082896117,3.87,0,255
tim mayza,TOR,2021,L,92.5,0.2472690476190476,0.2716035714285714,3.08,0,211
tommy milone,TOR,2021,,,0.4,0.355,,1,0
tony gonsolin,LAD,2021,,93.8,0.3083012181616833,0.2820287929125138,3.68,13,239
tony santillan,CIN,2021,R,95.0,0.3482347083926031,0.3268364153627311,,4,0
tony watson,SFG,2021,,92.5,0.2624572748267899,0.2207263279445727,3.45,0,225
touki toussaint,ATL,2021,,93.6,0.2632588832487309,0.2301154822335025,5.73,10,216
travis bergen,TOR,2021,,,0.216,0.098,,1,0
travis lakins,BAL,2021,,93.4,0.2608191780821918,0.1894849315068493,,1,0
trent thornton,TOR,2021,,93.9,0.2341513583441138,0.2555562742561449,5.3,3,216
trevor bauer,LAD,2021,,93.9,0.3029114942528735,0.3095551724137931,3.42,17,432
trevor cahill,PIT,2021,,90.4,0.2208701923076922,0.177076923076923,,8,0
trevor may,NYM,2021,,96.5,0.3245478961504028,0.3157493285586392,2.88,0,266
trevor richards,TOR,2021,,92.7,0.3243344262295082,0.3243344262295082,3.78,0,251
trevor rogers,MIA,2021,L,94.5,0.3099865988909427,0.2812832717190388,3.35,25,550
trevor stephan,CLE,2021,,96.2,0.2863318345323741,0.2403812949640287,5.23,0,282
trevor williams,NYM,2021,,91.5,0.2475920624593364,0.2167098243331164,4.51,15,405
triston mckenzie,CLE,2021,,92.1,0.2863225806451613,0.2800455709165386,4.38,24,495
tucker davidson,ATL,2021,,93.0,0.2526336996336996,0.1975641025641025,,5,0
tyler alexander,DET,2021,L,90.5,0.1976632092739475,0.1915015253203172,4.35,15,451
tyler anderson,SEA,2021,,90.6,0.2306606794221007,0.190405310425615,4.21,31,703
tyler duffey,MIN,2021,,92.5,0.2408472222222222,0.2381805555555555,3.87,0,254
tyler gilbert,ARI,2021,L,89.7,0.1563372093023255,0.1405290697674418,,6,0
tyler glasnow,TBR,2021,R,97.0,0.3786344827586207,0.3253103448275861,2.72,14,340
tyler kinley,COL,2021,R,95.9,0.2755661764705883,0.2386360294117647,3.95,0,295
tyler mahle,CIN,2021,R,94.0,0.2840513141426783,0.2767215269086358,3.73,33,759
tyler matzek,ATL,2021,,96.0,0.3075412667946257,0.2978848368522073,3.01,0,264
tyler rogers,SFG,2021,R,82.8,0.1695427782888684,0.1617552897884084,2.85,0,326
tyler wells,BAL,2021,R,95.2,0.2854638694638695,0.2892342657342657,3.52,0,224
tylor megill,NYM,2021,,94.6,0.2585430463576159,0.2662483443708609,3.81,18,379
vince velasquez,SDP,2021,R,93.2,0.2737781100478468,0.2550095693779904,5.3,21,417
vladimir gutierrez,CIN,2021,,93.2,0.2312565645514223,0.174265317286652,4.57,22,496
wade leblanc,STL,2021,,87.5,0.2031793785310734,0.1443036723163842,5.65,9,221
wade miley,CIN,2021,,89.9,0.2383587353060397,0.1738783948115119,4.12,28,690
walker buehler,LAD,2021,R,95.3,0.2612786417010473,0.2581237702316725,3.06,37,815
wandy peralta,NYY,2021,L,95.6,0.3165060240963855,0.2051084337349398,4.03,1,219
wes benjamin,TEX,2021,,91.3,0.2262409638554216,0.1903734939759036,,2,0
wil crowe,PIT,2021,,93.7,0.2477965867158671,0.2112541512915129,5.16,25,524
will smith,ATL,2021,,92.8,0.33196875,0.3329375,3.37,0,283
wily peralta,DET,2021,,93.7,0.20852574002574,0.1362483912483912,4.82,18,402
yency almonte,COL,2021,,94.2,0.2530947930574098,0.2218584779706275,5.37,0,217
yimi garcia,HOU,2021,,96.0,0.2610777642770352,0.2581275820170109,4.38,0,237
yu darvish,SDP,2021,,94.5,0.2778110411263431,0.2958851426454242,3.27,30,681
yusei kikuchi,SEA,2021,L,95.1,0.2797782591571485,0.2552922410397794,5.12,29,666
yusmeiro petit,ATH,2021,,87.6,0.2030878815911193,0.1121877890841813,4.35,0,313
zac gallen,ARI,2021,R,93.4,0.2297932187201528,0.2647889207258834,3.98,23,523
zac lowther,BAL,2021,,90.7,0.191,0.187,,6,0
zach davies,CHC,2021,,88.2,0.1974395243952439,0.1660524805248052,6.19,32,668
zach eflin,PHI,2021,R,93.1,0.2351194029850746,0.2309508706467662,3.87,18,442
zach plesac,CLE,2021,,92.8,0.2294544217687074,0.1663986394557822,4.57,25,598
zach pop,MIA,2021,R,94.3,0.2704082969432314,0.2135938864628821,3.95,0,246
zach thompson,MIA,2021,,92.2,0.2838950729927007,0.2231021897810219,3.63,14,315
zack greinke,HOU,2021,,88.9,0.2053289526085225,0.1694643568299482,4.38,31,697
zack littell,SFG,2021,R,94.9,0.2917460148777896,0.266279489904357,3.84,2,252
zack wheeler,PHI,2021,R,97.2,0.2734773316062176,0.3009371761658031,2.79,32,849
a.j. minter,ATL,2022,,96.6,0.3292664266426643,0.3451242124212421,2.44,0,271
a.j. puk,ATH,2022,,96.7,0.2859630350194553,0.2714182879377431,3.67,0,281
aaron ashby,MIL,2022,L,95.5,0.304135462555066,0.2661751101321585,3.67,19,475
aaron civale,CLE,2022,R,90.8,0.242192151556157,0.2518254397834912,3.88,21,407
aaron loup,LAA,2022,,91.9,0.2283731343283582,0.207002132196162,4.37,0,260
aaron nola,PHI,2022,R,92.8,0.2681974333662389,0.2879022704837118,2.75,37,807
aaron sanchez,MIN,2022,,92.4,0.183962226640159,0.1564264413518886,4.52,10,265
adam cimber,TOR,2022,,86.5,0.2009022051773729,0.1880297219558965,3.64,0,293
adam oller,ATH,2022,,93.3,0.2128512014787431,0.1370767097966728,5.85,14,337
adam ottavino,NYM,2022,,94.8,0.2827076537013802,0.3196662484316186,2.31,0,258
adam wainwright,STL,2022,,88.0,0.1650830670926517,0.1752325878594249,4.55,32,803
adrian houser,MIL,2022,R,94.3,0.1755957792207792,0.1610497835497835,4.93,21,454
adrian martinez,ATH,2022,,93.8,0.2431379310344827,0.2041241379310344,5.34,0,259
adrian sampson,CHC,2022,,92.5,0.2004495012468828,0.1640872817955112,4.31,19,428
alec mills,CHC,2022,,88.6,0.129,0.158,,2,0
alek manoah,TOR,2022,,93.9,0.2473533401152932,0.2261990505256018,3.29,32,786
alex cobb,SFG,2022,,95.4,0.2396450809464508,0.232159402241594,3.13,28,631
alex colome,COL,2022,,94.5,0.1999700748129675,0.1479426433915212,5.77,0,215
alex faedo,DET,2022,,92.7,0.2400746113989637,0.1846031088082901,5.81,12,244
alex lange,DET,2022,R,95.5,0.436970731707317,0.3229736585365853,3.2,0,271
alex vesia,LAD,2022,L,94.1,0.3474405286343612,0.3571057268722467,2.79,0,227
alex wood,SFG,2022,,91.9,0.249564125560538,0.2406860986547085,3.91,26,555
alex young,SFG,2022,,91.6,0.3828134556574923,0.2281712538226299,,1,0
alexis diaz,CIN,2022,,95.7,0.3607058823529411,0.3202941176470588,2.83,0,255
andre pallante,STL,2022,R,95.2,0.1808047945205479,0.1639885844748858,3.75,10,457
andres machado,WSN,2022,,95.6,0.236691073219659,0.1631083249749248,5.27,0,262
andres munoz,SEA,2022,R,100.2,0.4069764936336923,0.3793702252693438,1.83,0,248
andrew bellatti,PHI,2022,,94.4,0.3655257270693512,0.343907158836689,3.49,1,231
andrew chafin,DET,2022,,91.6,0.3024888392857143,0.2787310267857143,2.97,0,243
andrew heaney,LAD,2022,,93.0,0.3534284490145672,0.3638963153384747,3.42,14,310
andrew wantz,LAA,2022,,93.8,0.3243554987212275,0.2607749360613811,3.83,1,204
angel zerpa,KCR,2022,L,,0.0289999999999999,0.04,,2,0
anibal sanchez,WSN,2022,,89.8,0.1808536139066788,0.1554565416285452,4.55,0,292
anthony banda,NYY,2022,L,95.2,0.1987963709677419,0.2210040322580645,,1,0
anthony bass,TOR,2022,,95.0,0.3091087645195354,0.2795712777191129,3.03,0,275
anthony desclafani,SFG,2022,,92.7,0.2092044444444444,0.1897999999999999,,5,0
antonio senzatela,COL,2022,R,94.3,0.1684954640614095,0.1335750174459176,5.17,19,413
austin davis,MIN,2022,R,94.1,0.2645996326905417,0.24755463728191,4.58,3,264
austin gomber,COL,2022,,91.0,0.2152018482490272,0.1769810311284047,4.55,17,529
austin pruitt,ATH,2022,,91.4,0.2384614379084967,0.174792156862745,3.94,1,224
austin voth,BAL,2022,R,93.5,0.2422436670687575,0.2090325693606755,4.49,17,442
bailey falter,PHI,2022,L,91.5,0.2492502011263073,0.2300949316170555,4.64,17,349
bailey ober,MIN,2022,R,91.5,0.2764031830238726,0.2069840848806366,4.71,11,227
beau brieske,DET,2022,,94.3,0.1835686619718309,0.1562948943661972,5.62,15,339
blake snell,SDP,2022,,95.8,0.3183940620782726,0.3217210976158344,3.25,27,535
brad boxberger,MIL,2022,,92.7,0.2444385321100917,0.2571467889908256,3.64,0,268
brad keller,KCR,2022,R,94.5,0.2158021978021977,0.1628421978021978,4.34,22,617
brady singer,KCR,2022,R,93.1,0.2133537875581887,0.2375171392297926,3.91,24,621
brandon hughes,CHC,2022,,93.2,0.3338926174496645,0.3060402684563758,3.8,0,240
brandon woodruff,MIL,2022,R,96.3,0.3119739952718676,0.3073435776201734,3.17,27,620
braxton garrett,MIA,2022,,91.5,0.2581114575214341,0.2316593920498831,4.14,17,373
brayan bello,BOS,2022,R,97.0,0.2554737903225806,0.2089495967741935,3.78,11,268
brent suter,MIL,2022,L,86.4,0.2831775700934579,0.2020778816199376,3.72,0,272
brett martin,TEX,2022,,93.5,0.246264,0.1903746666666666,3.83,1,212
brock burke,TEX,2022,L,95.1,0.244311268715524,0.2811079590228527,3.39,0,328
brooks raley,TBR,2022,L,90.3,0.2696374407582938,0.2603293838862559,2.97,0,219
bruce zimmermann,BAL,2022,,90.5,0.1860428015564202,0.152295719844358,6.43,13,320
brusdar graterol,LAD,2022,,99.3,0.1967049999999999,0.2087,,1,0
bryan abreu,HOU,2022,R,97.2,0.3892673267326732,0.3266930693069307,2.92,0,248
bryan baker,BAL,2022,R,96.2,0.2784597798475868,0.2650728196443692,3.22,2,291
bryan garcia,DET,2022,,92.9,0.1890502092050208,0.1708033472803347,,4,0
bryan hoeing,MIA,2022,,93.2,0.09,0.063,,1,0
bryan shaw,CLE,2022,,94.0,0.208,0.19,4.64,2,261
bryce elder,ATL,2022,R,90.5,0.2361775486827033,0.2093390607101947,4.28,9,227
bryse wilson,PIT,2022,,92.7,0.1773103251568739,0.155875071306332,5.55,20,509
cal quantrill,CLE,2022,R,93.9,0.1894991435423089,0.1703905447070915,4.31,34,770
caleb ferguson,LAD,2022,,94.8,0.2655586206896552,0.260848275862069,,1,0
caleb kilian,CHC,2022,R,,0.163,0.036,,3,0
caleb smith,ARI,2022,,91.9,0.2827504201680672,0.2096016806722689,3.86,1,302
caleb thielbar,MIN,2022,L,92.8,0.3044827586206897,0.3281095334685598,2.46,0,245
camilo doval,SFG,2022,R,98.4,0.2979116859946476,0.2663416592328278,2.9,0,286
carl edwards,WSN,2022,R,94.6,0.2511650197628458,0.2260069169960474,3.42,0,256
carlos carrasco,NYM,2022,R,93.2,0.2690012970168612,0.2274578469520103,4.08,29,645
carlos estevez,COL,2022,R,97.5,0.2227249508840864,0.2397612966601179,4.14,0,235
carlos hernandez,KCR,2022,,96.8,0.2329795121951219,0.1256848780487804,5.2,0,266
carlos rodon,SFG,2022,,95.5,0.3114346931779225,0.3359413781282139,2.64,0,710
chad kuhl,COL,2022,,93.2,0.2223544027898867,0.1670693112467305,5.3,27,617
charlie morton,ATL,2022,,94.9,0.2914412676541509,0.2700478815018945,4.14,32,728
chase anderson,CIN,2022,,92.0,0.282,0.2189999999999999,,7,0
chase de jong,PIT,2022,,92.8,0.2507736660929432,0.1990550774526678,3.97,0,293
chase silseth,LAA,2022,R,95.4,0.2622488888888888,0.1879911111111111,,7,0
chris archer,MIN,2022,,93.0,0.2360206733608978,0.1885150620200826,4.9,25,437
chris bassitt,NYM,2022,R,93.2,0.2309553014553014,0.2151011781011781,3.47,31,745
chris flexen,SEA,2022,,91.7,0.2184208494208494,0.1598571428571428,4.68,22,590
chris martin,LAD,2022,R,95.3,0.2743588143525741,0.3542449297971919,2.5,0,225
chris paddack,MIN,2022,R,93.0,0.2510522648083623,0.2418885017421602,,5,0
chris stratton,STL,2022,,92.8,0.2755453639082751,0.2351326021934197,4.16,1,279
cionel perez,BAL,2022,L,97.0,0.2690227272727272,0.2297693181818181,3.62,0,234
clarke schmidt,NYY,2022,,94.7,0.2706323529411765,0.2528269230769231,3.47,3,236
clay holmes,NYY,2022,R,97.0,0.2857590361445783,0.246486308871851,2.4,0,260
clayton kershaw,LAD,2022,,90.7,0.275128359846407,0.2752622051563357,2.5,23,493
cody morris,CLE,2022,,94.6,0.236657980456026,0.1388631921824104,,5,0
cody poteet,MIA,2022,,94.9,0.3259690721649484,0.2376391752577319,,2,0
cole irvin,ATH,2022,,90.7,0.2050551211884284,0.1846567630961688,4.46,30,741
cole ragans,TEX,2022,L,92.1,0.2172477341389728,0.1621933534743202,,9,0
cole sands,MIN,2022,R,91.6,0.2325420560747663,0.2141906542056074,,3,0
colin poche,TBR,2022,,93.2,0.2825989583333333,0.262140625,3.52,0,245
collin mchugh,ATL,2022,,91.0,0.2718807692307692,0.2483115384615384,3.06,0,272
connor overton,CIN,2022,,91.1,0.0822920353982301,0.1040088495575221,,4,0
connor seabold,BOS,2022,R,92.1,0.2112329749103942,0.1666415770609318,,5,0
corbin burnes,MIL,2022,,96.4,0.3524482230392156,0.3102846200980391,3.01,33,797
corbin martin,ARI,2022,R,94.0,0.211,0.186,,2,0
corey kluber,TBR,2022,,88.9,0.2305024834437086,0.1967595198675496,4.08,31,689
cory abbott,WSN,2022,,91.3,0.2614,0.2178248520710059,4.68,9,216
craig kimbrel,LAD,2022,R,95.8,0.2926340508806262,0.2693953033268101,3.52,0,260
craig stammen,SDP,2022,,91.8,0.19919921875,0.15001953125,,1,0
cristian javier,HOU,2022,R,93.8,0.3096362893338781,0.3406612178177359,2.48,27,585
dakota hudson,STL,2022,,91.3,0.1771260541500222,0.1410608078118064,4.9,26,596
dallas keuchel,TEX,2022,,88.0,0.2131121121121121,0.1423763763763763,5.44,14,303
dane dunning,TEX,2022,,88.7,0.2425741626794258,0.219883971291866,4.46,29,671
daniel bard,COL,2022,,98.0,0.2637134955752213,0.2716261061946903,2.52,0,245
daniel castano,MIA,2022,,92.1,0.2096186440677966,0.1539703389830508,,7,0
daniel lynch,KCR,2022,L,94.0,0.2523623188405797,0.2121005434782608,5.07,27,600
daniel norris,DET,2022,,91.2,0.326710033076075,0.2980948180815876,4.4,3,249
daulton jefferies,ATH,2022,,92.5,0.2007210884353741,0.1383673469387755,,8,0
dauri moreta,CIN,2022,,95.9,0.2948711256117455,0.2563246329526917,,1,0
david bednar,PIT,2022,R,96.4,0.341793349168646,0.3394916864608076,3.27,0,210
david peterson,NYM,2022,L,93.7,0.2865707915273133,0.266298773690078,3.88,19,454
david phelps,TOR,2022,,93.2,0.195994366197183,0.2371643192488262,3.91,1,272
david robertson,PHI,2022,,,0.3100661000944287,0.2997119924457035,2.99,0,264
davis martin,CHW,2022,R,94.0,0.2369871106337271,0.1795359828141783,4.64,9,269
dean kremer,BAL,2022,R,93.5,0.2258278731149246,0.1759375975039001,4.43,21,512
dennis santana,TEX,2022,R,97.6,0.2567464635473341,0.1933514689880304,3.94,1,255
devin smeltzer,MIN,2022,,89.4,0.1799425531914893,0.1358255319148936,4.43,12,287
devin williams,MIL,2022,R,93.9,0.4035454545454545,0.4081515151515151,2.05,0,240
diego castillo,SEA,2022,,95.7,0.2630654911838791,0.2474722921914357,3.01,0,222
dillon peters,PIT,2022,,92.9,0.2142245762711864,0.1689427966101695,,4,0
dillon tate,BAL,2022,,94.0,0.2390688372093023,0.2226,3.15,0,292
dl hall,BAL,2022,L,96.2,0.246,0.267,,1,0
domingo acevedo,ATH,2022,,93.0,0.3017134328358209,0.2172268656716418,3.49,0,266
domingo german,NYY,2022,,92.7,0.2437613320999074,0.1996558741905643,3.7,0,298
dominic leone,SFG,2022,,95.5,0.3604282238442822,0.2526009732360097,3.72,0,222
drew hutchison,DET,2022,,92.4,0.1993081296191017,0.1486111426947129,5.41,18,464
drew rasmussen,TBR,2022,R,95.5,0.2480733427362482,0.2065021156558533,3.52,28,584
drew smyly,CHC,2022,,92.3,0.2507502917152859,0.1835600933488914,4.11,22,447
drey jameson,ARI,2022,,95.9,0.1787043478260869,0.1878608695652174,,4,0
duane underwood,PIT,2022,,95.9,0.2755607569721115,0.2258466135458167,4.14,1,259
dustin may,LAD,2022,R,98.1,0.2831083521444695,0.2217674943566591,,6,0
dylan bundy,MIN,2022,,89.0,0.2120256880733945,0.1549357798165137,4.37,29,595
dylan cease,CHW,2022,R,96.8,0.3293489065606362,0.3002833001988071,2.73,32,747
dylan coleman,KCR,2022,,97.6,0.3235204336947456,0.2455879899916597,3.78,0,289
dylan floro,MIA,2022,,92.4,0.228856315179606,0.2259443800695249,3.01,0,220
eduardo rodriguez,DET,2022,R,91.7,0.1767395315826827,0.1833129879347055,4.14,0,391
edward cabrera,MIA,2022,R,96.0,0.299835390946502,0.2542493827160493,3.97,14,291
edwin diaz,NYM,2022,R,99.1,0.4921530172413793,0.4901831896551724,1.7,0,235
eli morgan,CLE,2022,R,92.1,0.263673631840796,0.2858716417910447,2.94,1,256
elieser hernandez,MIA,2022,,91.6,0.2414985365853658,0.2162819512195122,4.77,0,278
emilio pagan,MIN,2022,R,95.6,0.300496282527881,0.3000260223048327,3.97,0,274
emmanuel clase,CLE,2022,,100.1,0.30369256381798,0.2867846836847946,1.98,0,271
enyel de los santos,CLE,2022,R,95.3,0.2967922769640479,0.2991331557922769,3.91,0,215
erasmo ramirez,WSN,2022,,93.8,0.1954942307692307,0.147025,3.62,0,347
eric lauer,MIL,2022,L,93.3,0.2403426140757927,0.240261407579273,4.14,29,661
erick fedde,WSN,2022,R,89.6,0.1840469565217391,0.1702352173913043,5.48,27,573
erik swanson,SEA,2022,,93.6,0.2936484641638225,0.3421126279863481,2.29,1,206
evan phillips,LAD,2022,,96.0,0.3285865384615385,0.3538653846153846,2.19,0,233
felix bautista,BAL,2022,,99.8,0.3328351001177856,0.3144263839811543,2.54,0,253
fernando cruz,CIN,2022,R,94.3,0.619,0.63,,2,0
framber valdez,HOU,2022,L,94.1,0.2535617137028221,0.2322917375042502,3.27,35,827
frankie montas,NYY,2022,,96.1,0.2738594757198109,0.2299798023205844,3.94,27,608
freddy peralta,MIL,2022,R,92.6,0.2946836659275684,0.2708159645232815,2.66,17,317
gabe speier,KCR,2022,L,93.6,0.1929433962264151,0.2226320754716981,,1,0
garrett hill,DET,2022,,92.0,0.192992299229923,0.1563762376237623,5.59,8,263
garrett richards,TEX,2022,,94.4,0.2554217391304348,0.1872869565217391,,2,0
garrett whitlock,BOS,2022,R,95.6,0.2909122502172024,0.2689982623805386,3.1,9,311
george kirby,SEA,2022,R,95.3,0.2035478011472275,0.2429956978967495,3.32,26,542
german marquez,COL,2022,R,95.6,0.2302844169996367,0.1875332364693062,4.49,0,779
gerrit cole,NYY,2022,,97.8,0.3366924487924182,0.3216811372668908,3.39,36,793
giovanny gallegos,STL,2022,,94.3,0.3372689434364994,0.3176264674493063,2.97,0,235
glenn otto,TEX,2022,,92.2,0.2288371467025572,0.1797510094212651,4.97,27,587
graham ashcraft,CIN,2022,R,98.1,0.1892607944732297,0.1597369027058146,3.99,19,464
gregory soto,DET,2022,L,98.7,0.2606709440879927,0.2245178735105407,4.05,0,263
griffin jax,MIN,2022,R,95.4,0.2974688346883469,0.2652366757000903,3.25,0,290
hayden wesneski,CHC,2022,,93.2,0.2457171717171717,0.2647272727272727,,4,0
hector neris,HOU,2022,,94.3,0.3070624338624338,0.3109174603174603,3.34,0,263
hirokazu sawamura,BOS,2022,,95.9,0.2255352697095435,0.1819986168741355,4.31,0,221
hoby milner,MIL,2022,L,89.1,0.2416219864995178,0.2204696239151398,3.39,0,272
humberto castellanos,ARI,2022,,89.4,0.1780565476190476,0.1627827380952381,,9,0
hunter brown,HOU,2022,R,96.5,0.2348812260536398,0.2763869731800766,,2,0
hunter greene,CIN,2022,,98.9,0.3264101825168107,0.3129361191162343,3.94,24,531
hunter strickland,CIN,2022,,95.0,0.2875521472392638,0.2158159509202454,5.3,0,284
hyun jin ryu,TOR,2022,,89.2,0.2016393442622951,0.1525245901639344,,6,0
ian anderson,ATL,2022,,94.0,0.2785820448877805,0.1864887780548628,4.34,22,493
ian kennedy,ARI,2022,,93.4,0.198921618204804,0.1877787610619469,6.0,0,232
j.p. feyereisen,TBR,2022,,92.2,0.326,0.262,,2,0
jack flaherty,STL,2022,R,93.4,0.2596066945606694,0.2120167364016736,,8,0
jackson stephens,ATL,2022,,94.1,0.223681668496158,0.2130054884742041,3.91,1,235
jackson tetreault,WSN,2022,,94.6,0.1747003058103975,0.1036391437308868,,4,0
jacob degrom,NYM,2022,R,98.9,0.4017374233128833,0.4183435582822086,2.29,12,239
jaime barria,LAA,2022,,92.2,0.2325636687444345,0.1700507569011576,4.08,1,316
jake bird,COL,2022,R,95.4,0.2075900962861072,0.1904690508940852,4.87,0,211
jake diekman,CHW,2022,,95.7,0.3303367875647668,0.2942487046632124,4.31,0,269
jake odorizzi,ATL,2022,,92.1,0.2202267206477733,0.1914702139965297,4.25,22,453
jake woodford,STL,2022,R,92.4,0.1892262295081967,0.1426540983606557,,1,0
jakob junis,SFG,2022,R,91.9,0.2152692957746478,0.2000732394366197,4.19,17,478
jalen beeks,TBR,2022,L,95.0,0.3177882836587872,0.2856526207605344,3.62,7,250
james kaprielian,ATH,2022,,94.0,0.2087301302200269,0.1662483161203412,4.64,26,577
jameson taillon,NYY,2022,R,94.0,0.2338962432915921,0.2112862254025044,4.22,33,728
jared koenig,ATH,2022,L,89.2,0.1587797270955165,0.1250779727095516,,5,0
jarlin garcia,SFG,2022,,93.6,0.2499428571428571,0.2118,4.22,0,270
jason adam,TBR,2022,R,94.8,0.3908747346072186,0.3231305732484076,2.08,0,237
jason alexander,MIL,2022,,93.0,0.1766503623188406,0.1478170289855072,5.41,11,321
jason foley,DET,2022,,96.2,0.1687430093209055,0.1697683089214381,3.64,0,256
javier assad,CHC,2022,R,92.9,0.2094726277372262,0.1537244525547445,,8,0
jeff hoffman,CIN,2022,R,94.3,0.2732019230769231,0.2449182692307693,,1,0
jeffrey springs,TBR,2022,L,91.4,0.2893746505125815,0.2608616029822926,3.27,25,549
jesse chavez,ATL,2022,,91.5,0.2378561702127659,0.2545948936170213,4.4,1,292
jesus luzardo,MIA,2022,L,96.3,0.3079689781021897,0.3023862530413625,3.42,0,400
jeurys familia,BOS,2022,,95.4,0.2759513590844063,0.213414878397711,4.84,0,204
jhoan duran,MIN,2022,R,100.8,0.3494858585858587,0.3335838383838384,2.19,0,266
jhoulys chacin,COL,2022,,92.6,0.2208064516129032,0.1894263674614306,4.8,0,219
jimmy herget,LAA,2022,R,91.6,0.2444104308390022,0.2180340136054421,2.83,1,266
jimmy lambert,CHW,2022,,94.3,0.257552,0.2210213333333333,3.08,2,204
jimmy yacabonis,TBR,2022,,93.7,0.2744042553191489,0.290095744680851,,1,0
joan adon,WSN,2022,,95.0,0.1707015985790408,0.1743818827708703,5.96,14,310
joe jimenez,DET,2022,,95.7,0.3122692307692308,0.3490961538461538,2.83,0,231
joe kelly,CHW,2022,,97.8,0.3196455906821963,0.2556855241264559,,1,0
joe mantiply,ARI,2022,L,90.9,0.2790508875739645,0.2476721893491124,3.15,0,243
joe musgrove,SDP,2022,,92.9,0.2581637839745852,0.243252029650547,3.32,33,740
joe ryan,MIN,2022,R,92.0,0.2510635193133048,0.246737339055794,3.57,27,604
joel kuhnel,CIN,2022,R,96.2,0.2598153347732181,0.230376889848812,3.8,0,255
joel payamps,ATH,2022,R,94.8,0.2280178571428571,0.1798308823529412,3.86,0,241
joely rodriguez,NYM,2022,,92.8,0.2509851150202977,0.2347090663058186,3.54,0,216
joey krehbiel,BAL,2022,,94.4,0.2267232905982906,0.1931688034188034,4.08,0,244
joey wentz,DET,2022,,92.4,0.2116915887850467,0.1921542056074766,,7,0
johan oviedo,PIT,2022,R,96.0,0.2325331695331695,0.2135945945945946,3.15,8,242
john brebbia,SFG,2022,,94.4,0.2356798528058877,0.2036964121435142,3.59,11,288
john king,TEX,2022,L,92.4,0.1877123050259965,0.1271993067590988,4.22,0,222
john schreiber,BOS,2022,R,94.4,0.3458252118644068,0.3092616525423729,2.5,0,257
johnny cueto,CHW,2022,,91.4,0.1756711921934663,0.1609444208739923,4.11,24,651
jon gray,TEX,2022,,95.9,0.2546984615384615,0.2624138461538461,3.59,24,521
jonathan heasley,KCR,2022,,93.3,0.1936206128133704,0.1519526462395543,5.3,21,465
jonathan loaisiga,NYY,2022,R,98.0,0.2677279999999999,0.1897066666666666,3.49,0,203
jordan hicks,STL,2022,R,99.0,0.253304865938431,0.2353624627606752,3.8,8,263
jordan lyles,BAL,2022,,91.8,0.2215639614855571,0.1862998624484181,4.9,32,774
jordan montgomery,STL,2022,,93.0,0.2767602451168134,0.2322815013404826,3.91,32,724
jordan romano,TOR,2022,R,96.9,0.3032753036437247,0.2872550607287449,3.25,0,258
jorge lopez,MIN,2022,,97.2,0.2467193460490463,0.2522543142597639,3.22,0,298
jose alvarado,PHI,2022,L,98.2,0.3586443418013857,0.3890230946882216,2.5,0,214
jose berrios,TOR,2022,,94.0,0.2177706725468577,0.2068529952223446,5.13,0,753
jose quintana,STL,2022,L,91.2,0.241753671071953,0.2015455212922173,3.83,33,679
jose ruiz,CHW,2022,,96.9,0.3007716606498194,0.2558664259927797,4.34,0,265
jose suarez,LAA,2022,L,92.7,0.2414584040747029,0.2177096774193548,3.62,0,462
jose urena,COL,2022,,96.0,0.1989814814814814,0.1419920634920635,4.93,0,432
jose urquidy,HOU,2022,R,93.5,0.2219054646988432,0.1997762265656162,4.58,0,681
josh fleming,TBR,2022,L,91.2,0.2308773006134969,0.1837177914110429,,3,0
josh hader,SDP,2022,,97.2,0.3769847660500544,0.3801001088139282,3.47,0,219
josh rogers,WSN,2022,,90.4,0.123,0.085,,3,0
josh sborz,TEX,2022,,97.0,0.34911875,0.2928,,1,0
josh winckowski,BOS,2022,,93.6,0.1580253998118532,0.1519426152398871,4.8,14,316
josh winder,MIN,2022,,94.0,0.2160394973070017,0.1632639138240574,5.13,11,287
josiah gray,WSN,2022,,94.4,0.2709629629629629,0.2335185185185185,4.31,28,649
jp sears,ATH,2022,,93.2,0.2077474466109563,0.1805496750232126,4.52,11,288
jt brubaker,PIT,2022,R,92.7,0.2624006719865602,0.2244489710205796,4.64,28,646
jt chargois,TBR,2022,,95.3,0.2168,0.1866,,3,0
julian merryweather,TOR,2022,,97.3,0.2243202247191011,0.1789943820224719,,1,0
julio urias,LAD,2022,,93.1,0.2388695652173913,0.2416815408085431,2.83,0,689
justin dunn,CIN,2022,,92.1,0.2125146198830409,0.1569551656920078,,7,0
justin steele,CHC,2022,,92.2,0.2381347444501807,0.2418482188951987,3.59,24,512
justin verlander,HOU,2022,R,95.0,0.2402760519071962,0.2685815965395202,2.66,32,666
keegan akin,BAL,2022,L,93.5,0.2606439024390244,0.2392569105691057,3.62,1,329
keegan thompson,CHC,2022,,93.5,0.2337614035087719,0.2085105263157894,4.37,17,485
ken waldichuk,ATH,2022,L,94.1,0.2514713656387665,0.2486784140969163,,7,0
kendall graveman,CHW,2022,,96.6,0.2709799599198397,0.2368496993987975,3.52,0,285
kenley jansen,ATL,2022,R,93.6,0.2740536779324055,0.3296123260437376,2.42,0,260
kevin gausman,TOR,2022,R,95.0,0.2929388423734984,0.2626974881689115,3.34,32,725
kirby snead,ATH,2022,,93.5,0.1954772413793103,0.1704124137931034,4.4,0,210
kirk mccarty,CLE,2022,,92.5,0.2492499999999999,0.1816261061946902,,2,0
kohei arihara,TEX,2022,,92.1,0.16,0.063,,4,0
konnor pilkington,CLE,2022,,92.1,0.270985260770975,0.195641723356009,4.9,11,258
kris bubic,KCR,2022,L,91.9,0.2090526548672566,0.1858119469026548,5.73,27,587
kutter crawford,BOS,2022,,94.6,0.2387303271441202,0.2197922192749778,4.68,12,334
kyle bradish,BAL,2022,R,94.6,0.2318088309081785,0.2189974912192674,4.58,23,509
kyle finnegan,WSN,2022,R,97.0,0.2784096958174905,0.2634971482889734,3.27,0,268
kyle freeland,COL,2022,L,90.3,0.205333568157802,0.1616294469883761,5.2,31,766
kyle gibson,PHI,2022,,92.0,0.2467652427893391,0.1968130704636728,4.37,31,718
kyle hendricks,CHC,2022,,86.9,0.2189561920808761,0.1852813816343723,5.07,16,356
kyle muller,ATL,2022,,,0.159,0.171,,3,0
kyle nelson,ARI,2022,,91.9,0.2537589134125637,0.1926264855687606,,1,0
kyle wright,ATL,2022,,95.2,0.2656700037078235,0.2335372636262514,3.88,31,738
lance lynn,CHW,2022,,93.0,0.2894817941952506,0.2403282321899736,3.67,21,512
lance mccullers,HOU,2022,R,93.2,0.266,0.2608367647058823,,11,0
liam hendriks,CHW,2022,,97.6,0.4045283018867925,0.3749893867924528,2.58,0,235
logan gilbert,SEA,2022,R,96.1,0.2463406260518343,0.2310511612251767,4.14,33,766
logan webb,SFG,2022,R,92.3,0.2368479707252162,0.2057188955422488,3.64,32,787
lou trivino,NYY,2022,,95.6,0.2941656050955414,0.2893464968152866,4.37,0,250
louis varland,MIN,2022,R,93.8,0.177,0.233,,5,0
lucas giolito,CHW,2022,,92.6,0.2814938039804731,0.2528111152835148,4.28,30,698
lucas luetge,NYY,2022,,87.5,0.2901740932642487,0.2665999999999999,3.52,0,251
luis castillo,SEA,2022,R,97.1,0.2763711093375898,0.2810845969672785,3.34,27,615
luis cessa,CIN,2022,,93.3,0.2258866396761133,0.1702842105263158,4.43,10,335
luis garcia,HOU,2022,R,94.0,0.3023469055374593,0.2471706026058631,3.64,28,643
luis ortiz,PIT,2022,,98.5,0.184,0.257,,4,0
luis severino,NYY,2022,R,96.3,0.2886939281288724,0.2647657992565055,3.06,21,405
luke farrell,CIN,2022,,91.1,0.196,0.226,,2,0
luke weaver,KCR,2022,R,94.9,0.2370340356564019,0.2340923824959481,,1,0
mackenzie gore,SDP,2022,L,94.7,0.2361998320738875,0.2312115869017632,5.13,13,309
madison bumgarner,ARI,2022,,91.2,0.183152808988764,0.159201872659176,5.66,30,698
marco gonzales,SEA,2022,,88.5,0.1788928067700987,0.1295782792665726,4.52,32,783
marcus stroman,CHC,2022,,92.6,0.2243952315451628,0.2127482806052269,3.91,25,569
mark leiter,CHC,2022,R,91.1,0.2786464864864865,0.1964345945945946,3.94,4,282
mark melancon,ARI,2022,,91.7,0.2069513381995133,0.155985401459854,4.84,0,247
martin perez,TEX,2022,L,92.9,0.1969819978821037,0.2009414048711613,3.62,0,821
matt brash,SEA,2022,R,96.9,0.3151928879310345,0.2760635775862068,4.52,5,222
matt bush,MIL,2022,,97.3,0.2977750826901874,0.3026361631753032,2.71,6,244
matt festa,SEA,2022,R,92.6,0.3042603351955307,0.2937865921787709,3.59,0,219
matt manning,DET,2022,,93.3,0.2200926829268292,0.1951121951219512,3.99,12,263
matt moore,TEX,2022,,93.9,0.3107379807692307,0.2767475961538461,2.83,0,304
matt swarmer,CHC,2022,,90.5,0.2960434108527132,0.2401612403100775,,5,0
matt wisler,TBR,2022,,89.7,0.257,0.206,,5,0
matthew liberatore,STL,2022,L,93.7,0.1983043478260869,0.1769782608695652,,7,0
mauricio llovera,SFG,2022,,94.6,0.306728813559322,0.2920169491525424,,1,0
max castillo,KCR,2022,,93.0,0.238742816091954,0.2165258620689655,,6,0
max fried,ATL,2022,L,94.0,0.2680970149253731,0.2421361051883439,2.83,31,733
max scherzer,NYM,2022,R,94.0,0.2978440239963082,0.2969538532533456,2.88,24,565
merrill kelly,ARI,2022,R,92.6,0.2363139686684073,0.2218165796344647,3.62,33,804
michael fulmer,MIN,2022,,94.2,0.2775636743215031,0.2180772442588726,3.97,0,276
michael grove,LAD,2022,,94.4,0.2533601694915254,0.2033919491525423,,6,0
michael kopech,CHW,2022,,94.9,0.2437097425542655,0.2159015648662291,3.97,25,494
michael lorenzen,LAA,2022,R,94.7,0.2434086787564766,0.2092668393782384,3.86,18,411
michael pineda,DET,2022,,89.9,0.1751203830369357,0.1312380300957592,,11,0
michael rucker,CHC,2022,,94.7,0.2774354005167959,0.2423100775193798,3.67,0,229
michael wacha,BOS,2022,R,93.1,0.1986892341842397,0.2009145394006659,4.58,23,515
miguel yajure,PIT,2022,,92.9,0.2206741573033707,0.1359915730337078,,1,0
mike baumann,BAL,2022,,95.8,0.1712202166064981,0.1562274368231046,,4,0
mike clevinger,SDP,2022,,93.6,0.246422663802363,0.1880123523093448,4.64,24,485
mike mayers,LAA,2022,,93.5,0.2638551532033426,0.2179805013927576,5.2,3,223
mike minor,CIN,2022,,90.4,0.1982017191977077,0.168938681948424,4.52,19,455
miles mikolas,STL,2022,R,93.5,0.1861243654822335,0.1899467005076142,3.91,33,805
mitch keller,PIT,2022,R,95.6,0.214217211574596,0.2045497933107854,4.16,29,687
mitch white,TOR,2022,,93.7,0.178853850818678,0.1751892055791388,4.14,18,440
mychal givens,NYM,2022,,93.4,0.2747009803921568,0.2753009803921569,3.64,1,260
nabil crismatt,SDP,2022,,90.5,0.2529818731117825,0.2324622356495468,3.49,1,280
nathan eovaldi,BOS,2022,R,95.7,0.2498294930875576,0.2213559907834101,4.28,20,460
nestor cortes,NYY,2022,,91.8,0.2431550671550671,0.2597973137973137,2.71,31,615
nick lodolo,CIN,2022,,94.4,0.3091671624033313,0.3026389054134444,3.83,19,441
nick martinez,SDP,2022,R,93.4,0.256056976744186,0.2147476744186046,3.8,10,448
nick nelson,PHI,2022,,96.3,0.292896551724138,0.2287310344827586,3.72,2,306
nick pivetta,BOS,2022,R,93.4,0.2331148738379814,0.2268592297476759,4.68,33,773
noah syndergaard,PHI,2022,,94.1,0.2068359335681932,0.1753865123301459,4.43,26,565
noe ramirez,ARI,2022,,89.8,0.2683896882494004,0.2260371702637889,4.19,0,215
pablo lopez,MIA,2022,,93.5,0.2827274604267033,0.2441459050240881,3.67,0,736
packy naughton,STL,2022,,92.8,0.2592027027027027,0.2376531531531531,,3,0
paolo espino,WSN,2022,,88.5,0.2047319125070106,0.1933409983174425,4.9,19,487
patrick corbin,WSN,2022,L,92.0,0.2127924456314383,0.1801449828309805,6.27,31,713
patrick sandoval,LAA,2022,,93.1,0.2796524472384374,0.2300803771890435,3.86,27,638
paul blackburn,ATH,2022,R,91.5,0.2291696935300794,0.1905601589103292,4.05,21,467
paul sewald,SEA,2022,R,92.5,0.3497657378740969,0.3057285861713106,2.6,0,243
penn murfee,SEA,2022,,89.0,0.2548833499501495,0.2772283150548355,2.62,1,272
phil bickford,LAD,2022,,94.1,0.2515682507583417,0.2698220424671385,3.34,0,247
phil maton,HOU,2022,R,91.0,0.312752,0.264416,4.31,0,283
rafael montero,HOU,2022,,96.4,0.2858208333333333,0.2846958333333333,2.75,0,270
raisel iglesias,ATL,2022,R,95.0,0.3350663942798774,0.3049887640449438,3.15,0,246
ranger suarez,PHI,2022,L,93.2,0.2063712090578245,0.1862438334007278,3.78,32,662
reid detmers,LAA,2022,L,93.2,0.2626654082114204,0.2319641340254837,4.11,25,539
reiss knehr,SDP,2022,,,0.145,0.235,,1,0
reiver sanmartin,CIN,2022,,90.9,0.2525906886517944,0.1820688651794374,3.88,4,256
reynaldo lopez,CHW,2022,R,97.1,0.2908093023255814,0.2574720930232558,2.94,0,254
rich hill,BOS,2022,,88.5,0.2230451206715634,0.2045991605456453,4.05,26,526
richard bleier,MIA,2022,,90.7,0.1500948905109488,0.1170510948905109,3.78,1,222
roansy contreras,PIT,2022,,95.6,0.2705230369889682,0.2066937053861129,4.46,18,408
robbie ray,SEA,2022,L,93.4,0.3039268867924528,0.2807452830188679,3.62,33,775
robert dugger,"CINCINNATI,TAMPA BAY",2022,,89.6,,,,1,0
robert stephenson,PIT,2022,,96.8,0.2925167037861915,0.2303496659242761,4.84,0,247
rony garcia,DET,2022,,92.9,0.2396569250317662,0.2766848792884371,6.56,0,206
ross stripling,TOR,2022,,91.9,0.2320195971692978,0.2130865541643984,3.57,24,536
rowan wick,CHC,2022,,94.9,0.23196918767507,0.2303781512605041,5.44,0,294
ryan brasier,BOS,2022,,95.9,0.2567890946502057,0.2511738683127572,3.97,0,263
ryan feltner,COL,2022,R,94.5,0.2072623550945698,0.1994746796827333,4.87,19,428
ryan helsley,STL,2022,R,99.6,0.3764842105263157,0.3925543859649123,2.07,0,239
ryan pepiot,LAD,2022,,94.0,0.2837364130434783,0.2640135869565217,,7,0
ryan tepera,LAA,2022,,92.6,0.2829750656167979,0.1996614173228346,3.27,0,232
ryan yarbrough,TBR,2022,L,86.7,0.2165199704142012,0.1695887573964497,4.46,9,355
ryne nelson,ARI,2022,R,94.8,0.198,0.2239999999999999,,3,0
ryne stanek,HOU,2022,R,98.3,0.3481812080536912,0.2796487695749441,3.17,0,224
sam hentges,CLE,2022,,95.9,0.3051461864406779,0.2936504237288135,2.71,0,245
sam long,SFG,2022,,94.6,0.2506848567530695,0.1883301500682128,,6,0
sandy alcantara,MIA,2022,R,98.0,0.2545296296296296,0.2397154320987654,2.92,32,886
scott alexander,SFG,2022,L,,0.182,0.0819999999999999,,4,0
scott barlow,KCR,2022,R,93.6,0.3227470686767169,0.2581976549413735,2.97,0,290
scott effross,NYY,2022,,90.8,0.2381352459016393,0.2757035519125683,2.54,1,229
sean manaea,SDP,2022,L,91.4,0.2506672117743254,0.2268969746524939,4.08,28,671
sean newcomb,CHC,2022,L,94.3,0.2192727272727272,0.1955454545454545,,1,0
seranthony dominguez,PHI,2022,R,97.7,0.3357474226804123,0.3036237113402062,3.34,0,207
seth lugo,NYM,2022,R,94.4,0.2367530631479736,0.2605947219604146,3.44,0,272
shane baz,TBR,2022,R,96.0,0.2943644314868804,0.2572244897959184,,6,0
shane bieber,CLE,2022,,91.3,0.2863188457427859,0.2434136088350552,3.49,33,791
shane mcclanahan,TBR,2022,L,96.7,0.3375692245229394,0.3015655704425497,2.75,29,640
shawn armstrong,TBR,2022,R,95.3,0.2578006166495375,0.2323134635149023,3.29,3,270
shohei ohtani,LAA,2022,,97.3,0.3356503358356381,0.3169573291189253,2.6,28,660
sonny gray,MIN,2022,R,92.1,0.2077887154861945,0.2322004801920768,3.62,24,488
spencer howard,TEX,2022,,94.4,0.174752107925801,0.1814131534569983,,8,0
spencer strider,ATL,2022,,98.2,0.3496637453874538,0.384640221402214,2.38,21,528
spenser watkins,BAL,2022,,91.4,0.1898425504229017,0.142878985035784,5.0,20,459
steve cishek,WSN,2022,,89.3,0.2592487179487179,0.2539555555555555,4.49,0,287
steven matz,STL,2022,L,94.5,0.2832466747279323,0.2747460701330109,3.7,9,207
steven okert,MIA,2022,L,93.7,0.2943915289256198,0.2847985537190082,3.22,0,221
steven wilson,SDP,2022,,95.1,0.2855714285714286,0.254534693877551,2.97,1,214
t.j. zeuch,CIN,2022,,91.9,0.075,0.091,,3,0
taijuan walker,NYM,2022,R,93.7,0.2339086904285142,0.2007312775330396,3.99,29,649
tanner banks,CHW,2022,L,92.9,0.1911637220259128,0.227889281507656,4.05,0,217
tanner houck,BOS,2022,,95.3,0.2937137891077636,0.2365133256083429,3.83,4,247
tanner scott,MIA,2022,L,96.9,0.3552914375490965,0.314980361351139,4.16,0,289
tarik skubal,DET,2022,L,94.1,0.261337513061651,0.245423197492163,3.34,21,477
taylor clarke,KCR,2022,R,95.6,0.2539802095459837,0.2323667054714784,3.08,0,203
taylor hearn,TEX,2022,,94.8,0.2260153671030165,0.216437108708025,4.8,13,449
taylor rogers,MIL,2022,L,93.6,0.3003102493074792,0.3075826408125577,4.05,0,274
thomas szapucki,SFG,2022,,95.2,0.191,0.195,,1,0
tommy henry,ARI,2022,,91.6,0.2265573065902578,0.1678954154727793,4.8,9,205
tommy nance,MIA,2022,R,93.8,0.3007363515312917,0.3039627163781624,,2,0
tony gonsolin,LAD,2022,,93.1,0.2677953776775648,0.2304853438556933,3.1,25,498
touki toussaint,LAA,2022,,93.1,0.3013790849673203,0.2842941176470588,,2,0
trevor richards,TOR,2022,,93.4,0.3347693631669535,0.2767736660929432,4.68,4,281
trevor rogers,MIA,2022,L,94.6,0.25864496124031,0.2243922480620155,4.84,23,477
trevor stephan,CLE,2022,,96.5,0.3483191076624636,0.2800009699321047,2.29,0,267
trevor williams,NYM,2022,,91.2,0.2344181102362204,0.2271370078740157,3.67,9,372
triston mckenzie,CLE,2022,,92.5,0.2696633416458853,0.2570773067331671,3.59,32,741
tucker davidson,LAA,2022,,93.1,0.226745501285347,0.1380012853470437,4.8,11,243
ty blach,COL,2022,,91.1,0.2064090909090909,0.1606720779220779,,1,0
tyler alexander,DET,2022,L,90.0,0.1716802030456853,0.1452430203045685,5.37,17,427
tyler anderson,LAD,2022,,90.7,0.2379988207547169,0.1922598270440251,3.17,29,707
tyler beede,PIT,2022,,95.8,0.1929810326659641,0.1224341412012645,4.9,5,285
tyler gilbert,ARI,2022,L,89.5,0.19905,0.13725,,7,0
tyler mahle,MIN,2022,R,93.2,0.2672137404580152,0.2464809160305343,3.64,23,503
tyler rogers,SFG,2022,R,83.3,0.2045684024713151,0.1575322153574581,3.37,0,319
tyler wells,BAL,2022,R,93.5,0.2514523312456507,0.1778225469728601,3.83,23,423
tylor megill,NYM,2022,,95.7,0.2800251322751322,0.2633373015873015,,9,0
vince velasquez,CHW,2022,R,93.2,0.2665096719932716,0.233511354079058,4.68,9,319
vladimir gutierrez,CIN,2022,,92.8,0.1704489795918367,0.1724897959183673,,8,0
wade miley,CHC,2022,,89.1,0.2408157894736842,0.1491913875598086,,8,0
walker buehler,LAD,2022,R,95.2,0.243703888334995,0.2082592223330009,4.31,12,274
wandy peralta,NYY,2022,L,95.2,0.3385461441213654,0.2169102402022756,2.66,0,223
wil crowe,PIT,2022,,95.1,0.2705437546746447,0.2069506357516828,4.14,1,332
will smith,HOU,2022,,92.1,0.3096186152099886,0.2777116912599319,3.7,0,261
will vest,DET,2022,R,95.1,0.238481961147086,0.233313598519889,3.99,2,272
wily peralta,DET,2022,,95.4,0.2024985590778098,0.195350144092219,,1,0
xzavion curry,CLE,2022,,,0.2,0.069,,2,0
yimi garcia,TOR,2022,,94.9,0.245515625,0.2359697916666666,2.92,0,247
yu darvish,SDP,2022,,95.0,0.2490037024570852,0.2441077078424772,3.49,34,771
yunior marte,SFG,2022,,97.8,0.2611976608187134,0.2061076023391813,3.72,0,214
yusei kikuchi,TOR,2022,L,94.9,0.3040915032679738,0.266084422657952,5.7,20,454
zac gallen,ARI,2022,R,94.1,0.2300061855670103,0.2752865979381443,3.13,31,714
zach davies,ARI,2022,,89.7,0.1973647992942214,0.1779307454786061,4.58,27,570
zach eflin,PHI,2022,R,93.1,0.2273157407407407,0.2233046296296296,3.1,13,313
zach logue,ATH,2022,,90.1,0.2134454277286135,0.1634454277286135,5.81,10,257
zach plesac,CLE,2022,,91.9,0.216007452258966,0.1703199813693525,5.27,24,568
zach thompson,PIT,2022,,92.3,0.250028873917228,0.1793041385948026,5.1,22,543
zack greinke,KCR,2022,,89.2,0.1728381424706943,0.1262660054102795,4.77,26,585
zack thompson,STL,2022,,94.7,0.1563319755600814,0.1897983706720977,,1,0
zack wheeler,PHI,2022,R,95.9,0.2558013816925734,0.2804835924006908,3.08,32,607
a.j. minter,ATL,2023,,95.8,0.3134934086629002,0.3134943502824859,3.3,0,260
a.j. puk,MIA,2023,,95.8,0.3316681818181818,0.3348068181818182,3.09,0,242
aaron bummer,CHW,2023,L,94.6,0.295719646799117,0.2648609271523179,3.58,0,267
aaron civale,TBR,2023,R,91.8,0.2280212981744421,0.2301039553752535,3.74,23,504
aaron loup,LAA,2023,,91.2,0.1938973384030418,0.1900380228136882,4.36,0,231
aaron nola,PHI,2023,R,92.7,0.2519368318756074,0.2520191124068675,3.69,36,793
adam oller,ATH,2023,,93.7,0.2246,0.1456411764705882,,1,0
adam ottavino,NYM,2023,,93.2,0.2350952380952381,0.2128881987577639,3.58,0,261
adam wainwright,STL,2023,,85.7,0.130906564163217,0.1174766410408042,7.26,21,484
adbert alzolay,CHC,2023,,95.3,0.2850768307322929,0.2777959183673469,3.63,0,253
adrian houser,MIL,2023,R,93.4,0.1868035914702581,0.2026464646464646,4.21,21,481
adrian martinez,ATH,2023,,93.8,0.1850416666666666,0.1893880208333333,5.3,0,241
aj smith-shawver,ATL,2023,,94.5,0.12,0.108,,5,0
albert abreu,NYY,2023,,96.8,0.2669297352342158,0.2248299389002036,4.61,0,268
alec marsh,KCR,2023,,94.2,0.2954709388971684,0.2524932935916542,6.0,8,342
alek manoah,TOR,2023,,92.8,0.2189271758436944,0.1977069271758436,6.16,19,415
alex cobb,SFG,2023,,95.6,0.2102435517970401,0.2105403805496828,4.73,28,646
alex faedo,DET,2023,,92.9,0.240127659574468,0.2180309477756286,3.85,12,262
alex lange,DET,2023,R,96.1,0.3686229508196721,0.2652459016393442,3.85,0,288
alex vesia,LAD,2023,L,94.4,0.3034815256257449,0.3047628128724672,3.66,1,217
alex wood,SFG,2023,,91.5,0.2183001172332942,0.174073856975381,4.67,12,429
alex young,CIN,2023,,91.3,0.2933136094674556,0.2119680473372781,4.13,0,236
alexis diaz,CIN,2023,,94.5,0.3436652286453839,0.2939844693701466,3.45,0,286
allan winans,ATL,2023,,90.0,0.2336629213483146,0.2448089887640449,,6,0
andre jackson,PIT,2023,,94.9,0.2299636752136752,0.2007713675213675,5.37,7,257
andre pallante,STL,2023,R,96.1,0.1839294755877034,0.1512296564195298,4.1,0,302
andres machado,WSN,2023,,96.6,0.2507321428571428,0.2283690476190476,5.52,0,207
andres munoz,SEA,2023,R,99.2,0.3862775119617225,0.3190861244019138,3.0,0,211
andrew abbott,CIN,2023,L,92.7,0.2569439746300211,0.2542167019027485,3.93,21,459
andrew chafin,MIL,2023,,92.1,0.3040175246440306,0.2804030668127054,4.36,0,224
andrew heaney,TEX,2023,,92.5,0.2643126684636118,0.2429056603773585,4.55,31,641
andrew nardi,MIA,2023,L,94.6,0.293145416227608,0.3125068493150685,2.73,0,237
andrew vasquez,DET,2023,,89.1,0.179,0.2,3.96,0,219
andrew wantz,LAA,2023,,94.0,0.2522178861788618,0.186530081300813,,3,0
angel zerpa,KCR,2023,L,94.5,0.2005205091937765,0.2014398868458274,,3,0
anthony desclafani,SFG,2023,,93.2,0.2012717882504841,0.1790258231116849,5.23,18,419
aroldis chapman,TEX,2023,L,99.0,0.4095848452508004,0.3409861259338314,2.79,0,249
austin cox,KCR,2023,,91.5,0.3105190839694656,0.2362544529262086,,3,0
austin gomber,COL,2023,,90.6,0.1881905204460966,0.1391719330855018,5.77,27,603
austin pruitt,ATH,2023,,91.8,0.2048603667136812,0.151836389280677,,6,0
bailey falter,PIT,2023,L,90.7,0.1765302491103202,0.1699804270462633,4.93,14,347
bailey ober,MIN,2023,R,91.3,0.2834665198237885,0.2524889867841409,3.58,27,577
beau brieske,DET,2023,,96.7,0.2151628352490421,0.2045344827586206,,1,0
ben lively,CIN,2023,,90.7,0.2085252274607113,0.2029677419354838,5.0,12,383
blake snell,SDP,2023,,95.5,0.3635290587492104,0.3027511054958938,3.79,32,742
bobby miller,LAD,2023,,99.1,0.275914740626605,0.2380338983050847,3.45,23,505
brad hand,ATL,2023,,92.6,0.2219938080495356,0.2512363261093911,4.51,0,236
brad keller,KCR,2023,R,93.3,0.2266621004566209,0.1591978691019787,5.77,9,211
brady singer,KCR,2023,R,92.4,0.2083551036370747,0.1806898709425107,4.93,29,702
brandon bielak,HOU,2023,,92.1,0.2289367909238249,0.1676636952998379,5.41,13,353
brandon pfaadt,ARI,2023,R,93.7,0.2431143984220907,0.2087547666009205,4.51,23,421
brandon williamson,CIN,2023,L,92.8,0.2230344635908838,0.2027598665925514,4.77,23,491
brandon woodruff,MIL,2023,R,95.8,0.2786914153132251,0.3154408352668214,2.84,11,253
braxton garrett,MIA,2023,,90.8,0.2414179104477612,0.2257958854376765,4.58,31,659
brayan bello,BOS,2023,R,95.5,0.2386023255813953,0.1943817829457364,4.21,28,668
brendan white,DET,2023,,94.4,0.3142993311036789,0.2918160535117057,,2,0
brennan bernardino,BOS,2023,L,89.7,0.2576294117647059,0.2832023529411764,4.1,6,216
brent honeywell,CHW,2023,,94.8,0.243564803804994,0.1755398335315101,5.7,0,235
brent suter,COL,2023,L,86.0,0.2156758193091231,0.1901762621789194,3.25,2,292
brett kennedy,CIN,2023,,93.1,0.2031636363636363,0.1484409090909091,,2,0
brock burke,TEX,2023,L,94.7,0.2215121668597914,0.2147508690614136,4.21,0,250
brooks raley,NYM,2023,L,89.8,0.2871230769230769,0.2412338461538461,3.4,0,236
brusdar graterol,LAD,2023,,98.3,0.1704424111948331,0.1883982777179763,3.14,1,257
bryan abreu,HOU,2023,R,97.6,0.3965625517812758,0.3441110190555095,3.25,0,287
bryan hoeing,MIA,2023,,93.9,0.2136177311725453,0.1847464251668255,5.23,7,304
bryan woo,SEA,2023,R,95.1,0.2828437275985663,0.2545175627240143,3.48,18,371
bryce elder,ATL,2023,R,90.8,0.2285222885222885,0.1787342927342927,4.55,32,732
bryce jarvis,ARI,2023,,95.3,0.1903184713375796,0.1437770700636942,,1,0
bryce miller,SEA,2023,,95.1,0.2411987366375121,0.2243051506316812,4.86,25,537
bryse wilson,MIL,2023,,93.6,0.1840217959895379,0.1922205754141238,3.98,0,314
buck farmer,CIN,2023,,93.9,0.3053730484798685,0.2398824979457682,4.04,0,309
cal quantrill,CLE,2023,R,93.7,0.1901122807017544,0.1303380116959064,5.81,19,444
caleb ferguson,LAD,2023,,95.8,0.2624926971762414,0.2619561830574489,3.85,7,270
calvin faucher,TBR,2023,R,95.0,0.2185324675324675,0.1833809523809524,,4,0
camilo doval,SFG,2023,R,99.2,0.3203374449339207,0.3022889867841409,2.93,0,281
carlos carrasco,NYM,2023,R,92.7,0.2401878172588832,0.1569727157360406,6.61,20,417
carlos estevez,LAA,2023,R,97.1,0.2776962750716332,0.2862234957020058,4.1,0,281
carlos hernandez,KCR,2023,,99.1,0.3071032,0.2553191999999999,4.7,0,301
carlos rodon,NYY,2023,,95.3,0.2671831683168317,0.2250188118811881,5.37,0,286
carmen mlodzinski,PIT,2023,R,95.7,0.2111345794392523,0.2389682242990654,,1,0
carson spiers,CINCINNATI,2023,,93.2,,,,2,0
chad kuhl,WSN,2023,,93.8,0.2642926421404682,0.1804147157190635,,5,0
charlie morton,ATL,2023,,94.9,0.3157135819845179,0.2482945109078114,4.64,30,716
chase anderson,COL,2023,,93.3,0.2143658712942878,0.1721793203181489,4.86,17,372
chase silseth,LAA,2023,R,95.0,0.2811927083333334,0.261625,4.3,8,221
chris bassitt,TOR,2023,R,92.4,0.218439446366782,0.2316785467128027,4.04,33,826
chris flexen,COL,2023,,91.9,0.228279754601227,0.1638472392638036,6.12,16,466
chris murphy,BOS,2023,L,93.9,0.2210805194805195,0.2229792207792208,3.66,0,212
chris sale,BOS,2023,L,93.9,0.2994173652694611,0.2953646706586826,3.66,20,425
chris stratton,TEX,2023,,93.1,0.2076653354632587,0.2366892971246006,3.66,0,338
cionel perez,BAL,2023,L,96.8,0.1988754578754578,0.1821062271062271,3.87,0,247
clarke schmidt,NYY,2023,,95.2,0.2317663796330962,0.2215293897416698,4.33,32,694
clay holmes,NYY,2023,R,95.7,0.2535127201565557,0.2849099804305284,2.84,0,262
clayton kershaw,LAD,2023,,90.7,0.259360606060606,0.2602353535353535,3.71,25,523
cody bradford,TEX,2023,,90.4,0.2375730337078651,0.2394943820224718,4.48,8,234
cole irvin,BAL,2023,,92.2,0.2069575805184603,0.2087203456402199,5.52,12,336
cole ragans,KCR,2023,L,96.5,0.3054924337957125,0.2836986128625473,3.33,12,392
colin holderman,PIT,2023,R,97.8,0.2361636167922497,0.2484854682454251,3.61,0,240
colin poche,TBR,2023,,92.5,0.2864077669902913,0.2491553398058252,2.69,0,246
colin rea,MIL,2023,R,93.2,0.237297123015873,0.2156478174603174,4.42,22,517
colin selby,PIT,2023,,96.6,0.2865011441647597,0.2447482837528604,,5,0
collin mchugh,ATL,2023,,91.3,0.2633417190775681,0.1732180293501048,5.16,1,268
collin snider,KCR,2023,,95.3,0.095,0.0409999999999999,,1,0
connor brogdon,PHI,2023,R,94.7,0.2784816176470588,0.2006323529411764,,1,0
connor phillips,CIN,2023,R,96.4,0.2337396449704142,0.2587988165680473,,5,0
connor seabold,COL,2023,R,92.6,0.2164543663821405,0.1639546946815495,5.16,13,408
corbin burnes,MIL,2023,,95.3,0.2929701201688859,0.2699087366027931,3.43,33,784
corey kluber,BOS,2023,,88.3,0.2024185567010309,0.1607360824742268,6.24,9,257
craig kimbrel,PHI,2023,R,95.8,0.3342772277227723,0.3399306930693069,3.25,0,278
cristian javier,HOU,2023,R,92.7,0.2708861111111111,0.2339756944444444,4.48,34,687
cristopher sanchez,PHI,2023,L,93.9,0.2531528444139821,0.2375586017820424,3.74,0,396
dakota hudson,STL,2023,,91.1,0.1967636363636364,0.1282041322314049,6.08,12,354
dallas keuchel,MIN,2023,,87.4,0.1660069808027923,0.1393123909249563,,6,0
dane dunning,TEX,2023,,90.6,0.2111852295409182,0.1910291417165669,4.48,26,722
daniel bard,COL,2023,,94.6,0.2118988902589395,0.2097225647348952,6.12,0,232
daniel lynch,KCR,2023,L,92.6,0.2498291666666666,0.1627361111111111,4.93,9,223
danny coulombe,BAL,2023,L,91.4,0.3079609690444145,0.2822880215343203,3.02,0,210
darius vines,ATL,2023,,89.8,0.2425815602836879,0.1629007092198581,,2,0
dauri moreta,PIT,2023,,95.2,0.3405176738882554,0.3240752565564424,3.0,0,239
david bednar,PIT,2023,R,96.6,0.3344320652173912,0.2947509057971014,2.86,0,277
david peterson,NYM,2023,L,92.7,0.2896322482197355,0.2431673448626653,4.93,21,492
david robertson,MIA,2023,,93.8,0.3052214828897338,0.2884838403041825,3.25,0,269
dean kremer,BAL,2023,R,94.6,0.238118069815195,0.2132036276522929,4.9,33,735
denyi reyes,NEW YORK,2023,,91.8,,,,3,0
derek law,CIN,2023,,95.5,0.2687195571955719,0.193410824108241,4.77,3,240
devin smeltzer,MIA,2023,,89.0,0.2160322580645161,0.1786774193548387,,1,0
devin williams,MIL,2023,R,94.2,0.4263634385201305,0.3906887921653971,2.69,0,231
dinelson lamet,BOS,2023,,94.8,0.2288074957410562,0.2297580919931857,,4,0
domingo german,NYY,2023,,92.3,0.2941687840290381,0.2399637023593466,4.33,0,444
dominic leone,SEA,2023,,95.6,0.3389086757990867,0.2385684931506849,5.2,0,235
drew rasmussen,TBR,2023,R,95.7,0.2456642066420664,0.279049815498155,,8,0
drew rom,STL,2023,,90.6,0.1739223300970873,0.1952815533980582,,8,0
drew rucinski,ATH,2023,,89.0,0.2062361809045226,0.0708442211055276,,4,0
drew smith,NYM,2023,,95.0,0.2501465614430666,0.2591319052987599,4.42,0,244
drew smyly,CHC,2023,,90.6,0.2704947851481017,0.2141756362119315,4.13,23,626
drew verhagen,STL,2023,,93.4,0.3037130518234165,0.2243224568138195,3.98,0,268
drey jameson,ARI,2023,,97.0,0.2993428571428571,0.2256785714285714,,3,0
dustin may,LAD,2023,R,97.3,0.1473086642599278,0.1525830324909747,,9,0
dylan cease,CHW,2023,R,95.6,0.3031561808409737,0.2688387606702497,4.16,33,784
dylan coleman,KCR,2023,,95.2,0.3200569395017794,0.2331743772241993,,1,0
dylan covey,PHI,2023,,95.0,0.1579817905918057,0.1562291350531107,,1,0
dylan dodd,ATL,2023,L,92.1,0.1981035120147874,0.0956155268022181,,7,0
dylan floro,MIN,2023,,92.3,0.2432195629552549,0.2527221644120707,3.4,0,248
dylan lee,ATL,2023,L,91.8,0.2909416909620991,0.2434752186588921,,1,0
eduardo rodriguez,DET,2023,R,92.2,0.2386825463743676,0.2250151770657672,4.07,0,621
edward cabrera,MIA,2023,R,96.2,0.302288013318535,0.2567241953385128,3.77,20,434
eli morgan,CLE,2023,R,92.5,0.2825698275862068,0.2431301724137931,4.01,0,299
elvis peguero,MIL,2023,,96.0,0.309973713033954,0.2190920043811609,3.85,0,252
emilio pagan,MIN,2023,R,95.8,0.2255105204872647,0.2352491694352159,3.66,0,273
emmanuel clase,CLE,2023,,100.6,0.2763536804308797,0.214064631956912,3.09,0,302
emmet sheehan,LAD,2023,R,95.4,0.3002424242424242,0.236969696969697,3.45,11,248
enyel de los santos,CLE,2023,R,95.6,0.2844029380902413,0.2575026232948583,4.13,0,262
erasmo ramirez,TBR,2023,,91.9,0.17,0.1331307692307692,5.34,0,274
eric lauer,MIL,2023,L,90.8,0.2372549019607843,0.228078431372549,7.54,9,211
erik swanson,TOR,2023,,93.7,0.3260821529745042,0.2532908404154863,3.11,0,262
eury perez,MIA,2023,R,97.5,0.341157514450867,0.2935310693641618,3.63,0,374
evan phillips,LAD,2023,,96.3,0.3199620563035496,0.3197050183598531,3.14,0,234
felix bautista,BAL,2023,,99.5,0.4363209351753453,0.4504633368756641,2.1,0,237
fernando cruz,CIN,2023,R,94.3,0.3233239171374765,0.3060112994350282,3.48,2,279
framber valdez,HOU,2023,L,94.5,0.2635774456521739,0.2539639945652174,4.3,34,808
freddy peralta,MIL,2023,R,94.4,0.3372574850299401,0.3067030644593166,3.35,31,680
freddy tarnok,ATH,2023,,95.2,0.147,0.135,,1,0
gabe speier,SEA,2023,L,95.1,0.3185799739921977,0.3169973992197659,3.43,0,216
garrett whitlock,BOS,2023,R,94.1,0.2837271922054916,0.22385119574845,4.64,10,304
gavin stone,LAD,2023,,94.0,0.3023014354066985,0.1229162679425837,,4,0
gavin williams,CLE,2023,R,95.7,0.2836475535168196,0.2356437308868501,4.24,16,345
genesis cabrera,TOR,2023,,96.0,0.2717656850192061,0.2441715749039693,4.13,0,239
george kirby,SEA,2023,R,96.1,0.2256186868686868,0.2254765512265512,3.9,31,757
george soriano,MIA,2023,R,94.6,0.2868946772366931,0.2291834654586636,4.58,1,228
gerrit cole,NYY,2023,,96.7,0.2615596218359255,0.2696017078377554,3.45,33,821
giovanny gallegos,STL,2023,,93.7,0.3467221570926144,0.2625099648300117,4.18,0,229
graham ashcraft,CIN,2023,R,96.5,0.2244536837570013,0.1829694097371822,4.93,26,624
grayson rodriguez,BAL,2023,,97.4,0.2694745848012079,0.2629526925012582,4.24,24,515
gregory santos,CHW,2023,,97.2,0.2949224054316197,0.2288535402521823,3.21,0,289
gregory soto,PHI,2023,L,98.8,0.332811203319502,0.2582873443983403,2.77,0,250
griffin canning,LAA,2023,,94.7,0.2878144927536232,0.2569067632850241,3.98,22,536
griffin jax,MIN,2023,R,96.5,0.2678385826771653,0.2480324803149606,2.91,0,274
hayden wesneski,CHC,2023,,94.3,0.2448002853067047,0.2285684736091298,5.16,11,379
hector neris,HOU,2023,,93.0,0.3078312678741658,0.2866129647283126,3.33,0,273
hoby milner,MIL,2023,L,89.0,0.2080564751703992,0.2455141187925998,2.95,0,252
hogan harris,ATH,2023,L,92.6,0.2356082089552239,0.1986054104477612,5.13,6,284
huascar brazoban,MIA,2023,R,96.6,0.3142707509881423,0.2482233201581027,3.55,0,257
hunter brown,HOU,2023,R,95.7,0.2454165110197982,0.2617071348524467,4.27,29,665
hunter gaddis,CLE,2023,R,93.4,0.1606146341463414,0.1233398373983739,,7,0
hunter greene,CIN,2023,,98.3,0.3121901871522509,0.3125068285280728,3.85,22,498
hunter harvey,WSN,2023,R,98.3,0.2680870712401055,0.3007651715039577,3.35,0,235
hyun jin ryu,TOR,2023,,88.7,0.2226097902097902,0.1905328671328671,3.87,11,224
ian gibaut,CIN,2023,,95.1,0.2586998207885305,0.228510752688172,3.69,0,318
ian hamilton,NYY,2023,R,96.2,0.3267282941777323,0.2853656792645557,3.5,3,239
j.p. france,HOU,2023,R,93.1,0.2193189459336665,0.1777464788732394,4.96,23,581
jack flaherty,BAL,2023,R,93.2,0.2687512077294686,0.2378289049919485,5.06,27,650
jackson rutledge,WSN,2023,R,95.8,0.211,0.205,,4,0
jacob degrom,TEX,2023,R,98.7,0.4260223880597014,0.4146815920398009,,6,0
jacob lopez,TBR,2023,L,,0.1669999999999999,0.08,,1,0
jacob webb,BAL,2023,R,94.8,0.3218232758620689,0.248864224137931,3.93,0,232
jaime barria,LAA,2023,,93.0,0.2310711111111111,0.1729614814814815,5.37,6,362
jake bird,COL,2023,R,92.2,0.2054575875486381,0.1971976653696497,4.61,3,381
jake diekman,TBR,2023,,95.7,0.2613562499999999,0.26448125,3.4,0,243
jake irvin,WSN,2023,R,94.5,0.1824084769445738,0.1941047973917093,5.1,24,530
jake woodford,STL,2023,R,92.5,0.1365993975903614,0.1242168674698795,6.95,8,222
jakob junis,SFG,2023,R,93.9,0.2708423357664233,0.2600394160583941,3.77,4,367
jalen beeks,TBR,2023,L,94.3,0.284803738317757,0.229429906542056,,8,0
james kaprielian,ATH,2023,,92.3,0.2534839400428265,0.213576017130621,4.96,11,280
james mcarthur,KCR,2023,,92.8,0.216592,0.292984,,2,0
james paxton,BOS,2023,R,95.3,0.2727524752475248,0.2546996699669967,3.79,19,411
jameson taillon,CHC,2023,R,93.7,0.2189758224336108,0.2110939357907253,4.73,29,655
jared shuster,ATL,2023,L,91.4,0.2146310904872389,0.1322575406032482,5.37,11,230
jason adam,TBR,2023,R,94.6,0.3485861297539149,0.3146353467561521,4.33,0,222
jason foley,DET,2023,,97.9,0.1870268199233716,0.1971053639846743,3.74,0,276
javier assad,CHC,2023,R,93.1,0.2071775265957446,0.2098071808510638,4.64,10,449
javy guerra,TBR,2023,,97.8,0.1789757085020242,0.1493157894736842,,2,0
jeff hoffman,PHI,2023,R,97.2,0.3678726823238566,0.3585463535228677,2.58,0,208
jesse chavez,ATL,2023,,92.1,0.2468223443223443,0.2597838827838827,,1,0
jesse scholtens,CHW,2023,R,92.8,0.2108244985673352,0.1627765042979942,4.9,11,377
jesus luzardo,MIA,2023,L,96.7,0.3196355391333557,0.2899536446086664,3.96,0,741
jhoan duran,MIN,2023,R,101.8,0.3633008849557522,0.3430029498525073,2.6,0,255
jhony brito,NYY,2023,,95.8,0.2119950738916255,0.1951681914144968,4.55,13,372
jimmy cordero,NYY,2023,,98.0,0.2361507936507936,0.2550813492063492,,1,0
jimmy herget,LAA,2023,R,92.6,0.2080679886685552,0.2048215297450425,,1,0
jimmy lambert,CHW,2023,,94.0,0.2794259868421053,0.262139802631579,,1,0
joan adon,WSN,2023,,94.5,0.2252554112554113,0.2074891774891775,5.59,10,240
joe boyle,ATH,2023,R,,0.217,0.188,,3,0
joe jacques,BOS,2023,,91.8,0.1948465227817745,0.1694964028776978,,1,0
joe jimenez,ATL,2023,,95.3,0.3270713463751438,0.3126777905638664,3.79,0,238
joe mantiply,ARI,2023,L,89.9,0.2322159090909091,0.1887443181818182,,5,0
joe musgrove,SDP,2023,,93.1,0.2636279069767441,0.2411040051679586,3.14,17,399
joe ryan,MIN,2023,R,92.3,0.2710873936581593,0.3060270688321733,3.55,30,672
joel payamps,MIL,2023,R,95.4,0.2735875,0.2693625,3.21,0,287
joey lucchesi,NYM,2023,L,90.4,0.1790596797671033,0.170608442503639,,9,0
joey wentz,DET,2023,,93.4,0.2551067357512953,0.1996440414507772,5.74,19,492
johan oviedo,PIT,2023,R,95.8,0.2515346881569726,0.2018255080588647,4.64,32,781
john brebbia,SFG,2023,,94.5,0.2748246656760773,0.3140416047548291,,10,0
john means,BAL,2023,,91.7,0.1764509803921568,0.1358980392156862,,4,0
john schreiber,BOS,2023,R,93.2,0.2376613756613756,0.2553306878306878,4.1,2,204
johnny cueto,MIA,2023,,92.2,0.1863655913978494,0.1817873357228196,5.16,10,218
jon gray,TEX,2023,,95.7,0.261772423025435,0.2203012048192771,4.48,29,656
jordan hicks,TOR,2023,R,100.3,0.2817471590909091,0.2870416666666667,3.33,0,285
jordan lyles,KCR,2023,,91.2,0.2003810369318181,0.1655440340909091,4.93,31,748
jordan montgomery,TEX,2023,,93.2,0.2594040263797292,0.2149194724054147,3.98,37,777
jordan romano,TOR,2023,R,96.7,0.3562349726775956,0.296663387978142,3.3,0,248
jordan weems,WSN,2023,,96.3,0.2603495838287752,0.2627871581450654,4.33,0,232
jordan wicks,CHC,2023,,92.1,0.2087240618101545,0.1514613686534216,,7,0
jorge lopez,BAL,2023,,96.9,0.2298022774327122,0.1908488612836439,5.37,0,266
jose berrios,TOR,2023,,94.3,0.2498358310626702,0.2358027929155313,4.51,0,782
jose cisnero,DET,2023,,95.8,0.2497132947976878,0.2575710982658959,4.7,0,267
jose cuas,CHC,2023,,92.3,0.2827992351816443,0.2481577437858508,5.37,2,292
jose e. hernandez,PIT,2023,,94.6,0.2898664343786294,0.2899639953542393,4.1,0,223
jose leclerc,TEX,2023,,95.1,0.3677737843551796,0.3163276955602537,3.18,0,233
jose quintana,NYM,2023,L,90.2,0.2149803250641574,0.1880761334473909,4.64,13,319
jose ruiz,ARI,2023,,96.5,0.2943940677966101,0.1801793785310734,5.41,0,207
jose urena,CHW,2023,,95.6,0.237742033383915,0.1696024279210925,5.81,0,203
jose urquidy,HOU,2023,R,93.1,0.2555939781021897,0.1686414233576642,4.7,0,275
josh fleming,TBR,2023,L,91.5,0.1755449515905947,0.1132365145228215,5.44,3,221
josh hader,SDP,2023,,96.1,0.3361956305858987,0.367901688182721,2.38,0,231
josh sborz,TEX,2023,,96.9,0.369410071942446,0.3118705035971223,3.33,0,215
josh staumont,KCR,2023,,95.6,0.2204309623430962,0.1980502092050209,,1,0
josh taylor,KCR,2023,,92.8,0.3162943396226415,0.3168301886792453,,1,0
josh winckowski,BOS,2023,,96.0,0.2691829268292683,0.2213041158536585,3.79,1,367
josiah gray,WSN,2023,,93.6,0.2672631008312251,0.2034221178171305,5.03,30,698
jp sears,ATH,2023,,93.1,0.2475020964360587,0.2209357092941999,4.7,32,735
jt chargois,MIA,2023,,95.5,0.1849096385542168,0.190156626506024,,5,0
julian merryweather,CHC,2023,,98.1,0.3391981900452488,0.3123891402714931,3.71,0,303
julio teheran,MIL,2023,,89.2,0.1978958120531154,0.1704157303370786,4.8,11,288
julio urias,LAD,2023,,92.7,0.2395665584415584,0.2323084415584415,4.18,0,482
justin garza,BOS,2023,,94.5,0.154,0.1,,1,0
justin lawrence,COL,2023,R,95.4,0.2362375316990702,0.2366610312764159,3.74,0,326
justin steele,CHC,2023,,91.8,0.2428585780525502,0.2428616692426584,3.53,30,716
justin topa,SEA,2023,R,95.0,0.1990830769230769,0.2368574358974358,3.04,0,279
justin verlander,HOU,2023,R,94.3,0.2265857033051499,0.2133497309761722,3.63,30,669
kaleb ort,BOS,2023,,95.8,0.2081147540983606,0.2190819672131147,,2,0
karl kauffmann,COL,2023,,90.3,0.1544575289575289,0.1028146718146718,,3,0
keaton winn,SFG,2023,R,96.0,0.3086876090750436,0.2204083769633507,,5,0
keegan akin,BAL,2023,L,93.6,0.2594817708333333,0.2844947916666667,,1,0
ken waldichuk,ATH,2023,L,93.3,0.2526232,0.2075964,4.7,22,639
kendall graveman,HOU,2023,,95.9,0.2872757352941176,0.2396424632352941,4.58,0,282
kenny rosenberg,LAA,2023,,90.7,0.2209315068493151,0.1885205479452054,,3,0
kenta maeda,MIN,2023,,91.0,0.2840207570207569,0.2769053724053724,3.77,20,428
kevin gausman,TOR,2023,R,94.7,0.29105814717477,0.2994060446780551,3.85,32,763
kevin ginkel,ARI,2023,R,95.7,0.3026568720379147,0.2655791469194313,3.09,0,255
kevin kelly,TBR,2023,R,91.8,0.2192102759276879,0.1980066603235014,3.35,0,276
keynan middleton,NYY,2023,,95.5,0.3572441588785047,0.3066950934579439,3.71,0,212
kirby yates,ATL,2023,,93.6,0.3068903846153846,0.3176201923076923,4.55,0,254
kodai senga,NYM,2023,R,95.7,0.2999691044192413,0.2954775127102073,3.9,29,694
kolby allard,ATL,2023,L,,0.24,0.281,,3,0
kris bubic,KANSAS CITY,2023,L,91.7,,,,3,0
kutter crawford,BOS,2023,,93.6,0.2625081029551954,0.2523684461391802,3.28,23,527
kyle bradish,BAL,2023,R,94.5,0.2501618650492798,0.2423794541319181,3.77,31,671
kyle finnegan,WSN,2023,R,97.3,0.2478780952380952,0.2319457142857142,4.64,0,288
kyle freeland,COL,2023,L,88.8,0.1712605633802816,0.1284623032311516,5.81,29,677
kyle gibson,BAL,2023,,92.1,0.2469476629361421,0.1997837393021725,4.73,33,807
kyle harrison,SFG,2023,L,93.5,0.246171875,0.2453203125,,7,0
kyle hendricks,CHC,2023,,87.8,0.1907866273352998,0.1496032448377581,4.16,24,578
kyle muller,ATH,2023,,93.5,0.2052370592648162,0.1660847711927982,7.35,13,372
kyle nelson,ARI,2023,,92.0,0.3145314426633785,0.3017718865598027,3.71,2,239
kyle wright,ATL,2023,,93.2,0.2275384615384615,0.2050769230769231,,7,0
lance lynn,LAD,2023,,92.4,0.2881572466056204,0.2382011367224502,4.83,33,808
levi stoudt,CIN,2023,,,0.14,0.121,,2,0
logan allen,CLE,2023,,91.4,0.2373037001441614,0.2195324363286881,4.48,24,537
logan gilbert,SEA,2023,R,95.7,0.2640391618000687,0.2319811061490897,3.63,32,770
logan webb,SFG,2023,R,92.6,0.2033139534883721,0.2321285355122564,3.66,33,850
louis varland,MIN,2023,R,95.3,0.2596657407407407,0.2497231481481481,4.64,10,283
lucas erceg,ATH,2023,R,98.0,0.2817532314923619,0.2820023501762632,3.71,0,251
lucas giolito,CLE,2023,,93.1,0.2852975469894871,0.2570433258999681,4.61,33,794
lucas sims,CIN,2023,R,94.2,0.3249405737704917,0.2879446721311475,3.82,0,258
luis castillo,SEA,2023,R,96.3,0.3053423760523854,0.2833657623947614,3.82,33,802
luis cessa,CIN,2023,,91.9,0.1437688984881209,0.0931468682505399,,6,0
luis garcia,SDP,2023,R,96.8,0.2635980498374864,0.2327248104008667,4.13,6,267
luis medina,ATH,2023,R,96.1,0.2469537275064267,0.2257120822622108,4.86,17,495
luis ortiz,PIT,2023,,96.2,0.2264955387783116,0.1487083047357583,6.77,15,400
luis severino,NYY,2023,R,96.5,0.2092627501613944,0.1908450613298902,5.85,18,417
luke weaver,NYY,2023,R,94.0,0.2168975314392175,0.1946660456450862,5.59,25,563
lyon richardson,CIN,2023,,96.4,0.1871652542372881,0.116228813559322,,4,0
mackenzie gore,WSN,2023,L,95.0,0.27826913372582,0.2553380992430614,5.2,27,582
madison bumgarner,ARI,2023,,89.5,0.199579831932773,0.1666806722689075,,4,0
marco gonzales,SEA,2023,,89.2,0.1855710014947682,0.1738430493273542,5.27,10,215
marcus stroman,CHC,2023,,92.0,0.2276277802995914,0.2106886064457557,4.27,25,575
mark leiter,CHC,2023,R,91.1,0.3039735327963175,0.2547065592635212,4.1,0,269
martin perez,TEX,2023,L,91.6,0.1572902312411515,0.1481283624351109,4.83,0,608
mason englert,DET,2023,R,91.1,0.2346854565952649,0.1571104847801578,6.61,1,253
mason miller,ATH,2023,R,98.3,0.2843828920570264,0.2898716904276985,,6,0
mason thompson,WSN,2023,,94.5,0.1911825396825396,0.1596666666666666,4.58,0,240
matt barnes,MIA,2023,,93.4,0.1957765957446808,0.1960585106382978,,1,0
matt brash,SEA,2023,R,98.1,0.3881393239901071,0.3528499587798845,3.25,0,308
matt koch,COL,2023,,93.8,0.2303370786516854,0.1388089887640449,,1,0
matt manning,DET,2023,,93.4,0.1921008771929824,0.1676473684210526,5.41,15,316
matt moore,MIA,2023,,94.0,0.2849469879518072,0.2690433734939759,3.3,0,218
matt strahm,PHI,2023,L,93.4,0.2841330882352941,0.3092411764705882,3.21,10,351
matt waldron,SDP,2023,R,91.3,0.1909361069836552,0.1763595839524517,,6,0
matthew boyd,DET,2023,L,91.4,0.3132438130155821,0.2506461961503208,4.21,15,303
matthew liberatore,STL,2023,L,94.2,0.2097551440329218,0.1919897119341564,6.04,11,275
max fried,ATL,2023,L,94.0,0.2822045670789724,0.2829619410085632,2.75,15,311
max scherzer,TEX,2023,R,93.7,0.2851070993914807,0.2674166328600406,3.33,30,621
merrill kelly,ARI,2023,R,92.2,0.2669771673207278,0.2601748127006778,4.13,34,721
michael fulmer,CHC,2023,,94.2,0.3166495433789954,0.2429897260273972,4.3,1,237
michael grove,LAD,2023,,94.8,0.2674107142857143,0.2353541666666666,5.03,12,302
michael king,NYY,2023,R,94.7,0.2847465794170136,0.2951600237953599,3.5,9,431
michael kopech,CHW,2023,,95.2,0.2712947729220223,0.2281053984575835,5.77,27,591
michael lorenzen,PHI,2023,R,94.3,0.2174683159722222,0.1860321180555555,4.48,25,624
michael soroka,ATL,2023,R,93.2,0.2223990825688073,0.1994816513761468,,6,0
michael tonkin,ATL,2023,,93.5,0.2536555819477434,0.2341631037212985,3.93,0,325
michael wacha,SDP,2023,R,92.0,0.2376460496613995,0.2131950338600451,4.3,24,553
miguel castro,ARI,2023,,96.5,0.2657072164948453,0.2238556701030927,3.87,0,268
mike baumann,BAL,2023,,96.4,0.2557856459330143,0.2138133971291866,5.34,0,273
mike clevinger,CHW,2023,,94.4,0.2342226660009985,0.2088417373939091,4.13,24,549
mike mayers,KCR,2023,,92.9,0.2270739436619718,0.1611936619718309,,2,0
miles mikolas,STL,2023,R,93.3,0.1683578354707538,0.1641060369096027,5.48,35,860
mitch keller,PIT,2023,R,95.2,0.2292353509336767,0.2550788795878944,4.18,32,825
nathan eovaldi,TEX,2023,R,95.1,0.2639435230838189,0.2342581801882564,3.96,31,577
nestor cortes,NYY,2023,,91.6,0.2408543307086614,0.2424645669291338,3.71,12,266
nick lodolo,CIN,2023,,93.2,0.2873539823008849,0.3211026548672566,,7,0
nick martinez,SDP,2023,R,93.3,0.2776431844215349,0.2314501718213058,3.98,9,461
nick pivetta,BOS,2023,R,94.6,0.2964532040472175,0.3070379426644182,4.01,16,587
nick robertson,BOS,2023,,95.3,0.3018438438438438,0.2676606606606606,,1,0
nick sandlin,CLE,2023,R,92.1,0.3116947040498442,0.2863001038421599,3.96,0,239
noah davis,COL,2023,,91.5,0.123,0.122,,6,0
noah syndergaard,CLE,2023,,92.2,0.1779992857142857,0.1437271428571428,6.48,18,391
osvaldo bido,PIT,2023,R,94.7,0.2046007281553398,0.1838677184466019,4.77,9,236
pablo lopez,MIN,2023,,94.9,0.3056739417989418,0.2981342592592592,3.02,0,801
patrick corbin,WSN,2023,L,91.7,0.2167152635181382,0.1671937029431896,6.16,32,790
patrick sandoval,LAA,2023,,93.0,0.2703323262839879,0.1871549417350022,4.67,28,652
paul blackburn,ATH,2023,R,91.9,0.2277070437566702,0.2188826040554962,4.48,20,464
paul sewald,ARI,2023,R,92.2,0.2947350096711798,0.322558994197292,2.77,0,249
pedro avila,SDP,2023,,94.1,0.2820338218714769,0.2527891770011274,4.07,6,220
peter lambert,COL,2023,R,93.2,0.2134672364672364,0.1878603988603988,5.48,11,375
peyton battenfield,CLE,2023,,90.8,0.2196878980891719,0.1770424628450106,,6,0
phil bickford,NYM,2023,,93.7,0.2968728179551122,0.2547871986699916,4.83,0,304
phil maton,HOU,2023,R,88.3,0.3344222668004012,0.2625336008024072,3.09,0,274
pierce johnson,ATL,2023,R,95.9,0.327049815498155,0.3059594095940959,3.9,0,277
quinn priester,PIT,2023,,92.7,0.225750645994832,0.1476343669250646,6.16,8,234
rafael montero,HOU,2023,,96.1,0.3063343974461292,0.2756648044692737,4.55,0,298
raisel iglesias,ATL,2023,R,95.1,0.3148,0.2753689655172414,3.16,0,231
ranger suarez,PHI,2023,L,93.4,0.2284890764647467,0.2261459781529295,4.39,26,540
reese olson,DET,2023,,94.8,0.266747868453106,0.2428745432399512,4.73,18,422
reid detmers,LAA,2023,L,94.4,0.2679801633605601,0.2546728899260988,4.58,28,644
reynaldo lopez,CLE,2023,R,98.2,0.3061637010676156,0.2944395017793594,3.98,0,278
rich hill,SDP,2023,,88.4,0.1998646551724137,0.2020887931034482,5.55,27,660
roansy contreras,PIT,2023,,94.3,0.2627773689052438,0.1949254829806807,5.44,11,302
rob zastryzny,PIT,2023,,93.0,0.257269387755102,0.1966448979591837,,1,0
ron marinaccio,NYY,2023,R,93.8,0.2888030303030303,0.287550505050505,4.39,0,205
ronel blanco,HOU,2023,,94.5,0.3168905472636815,0.2135422885572139,5.06,7,226
ross stripling,SFG,2023,,92.4,0.2347405362776025,0.1859313880126183,5.52,11,381
ryan borucki,PIT,2023,L,94.0,0.2684413646055437,0.1891577825159915,,2,0
ryan brasier,LAD,2023,,95.7,0.2521929046563192,0.2379623059866962,3.55,0,239
ryan feltner,COL,2023,R,94.8,0.2217762039660056,0.1857832861189801,,10,0
ryan pepiot,LAD,2023,,94.0,0.265494623655914,0.2359157706093189,,3,0
ryan pressly,HOU,2023,,94.7,0.3144951033732318,0.2709488574537541,3.55,0,268
ryan walker,SFG,2023,R,94.4,0.2963452157598499,0.295219512195122,3.09,13,263
ryan weathers,MIA,2023,L,95.1,0.2333977055449331,0.1666137667304015,4.61,12,257
ryan yarbrough,LAD,2023,L,87.0,0.2204237288135593,0.1735508474576271,4.39,9,376
ryne nelson,ARI,2023,R,94.4,0.207337037037037,0.1552976851851851,5.27,27,619
ryne stanek,HOU,2023,R,98.2,0.3147175925925926,0.2357418981481481,4.04,0,213
sam hentges,CLE,2023,,95.7,0.2756666666666666,0.2586737089201877,4.16,0,223
sam long,ATH,2023,,94.0,0.1966861924686192,0.171928870292887,,1,0
sam moll,CIN,2023,L,94.1,0.2289060336300692,0.2695380811078141,2.88,1,268
sandy alcantara,MIA,2023,R,98.0,0.2520930056710775,0.2021421550094518,4.3,28,762
sawyer gipson-long,DET,2023,,93.6,0.1889999999999999,0.222,,4,0
scott alexander,SFG,2023,L,92.2,0.1931374407582938,0.1505355450236966,3.66,8,208
scott barlow,SDP,2023,R,93.0,0.3140041771094403,0.2759573934837093,3.77,0,299
scott mcgough,ARI,2023,,93.5,0.3009144254278729,0.2818785656071719,4.3,1,301
sean manaea,SFG,2023,L,93.8,0.2432818137493905,0.2558610433934666,4.13,10,499
sean newcomb,ATH,2023,L,93.4,0.216,0.29,,2,0
seranthony dominguez,PHI,2023,R,97.5,0.2963927272727273,0.2330666666666666,4.64,0,224
seth lugo,SDP,2023,R,93.4,0.2135769059295586,0.2270213999108336,4.42,26,604
shane bieber,CLE,2023,,91.3,0.2323207847295864,0.1904459172852598,4.9,21,533
shane mcclanahan,TBR,2023,L,96.8,0.3360417582417582,0.2536043956043956,4.1,21,469
shawn armstrong,TBR,2023,R,94.5,0.2662195121951219,0.2502845528455284,2.71,6,207
shelby miller,LAD,2023,,93.5,0.2600467571644042,0.2592549019607843,,1,0
shintaro fujinami,BAL,2023,,98.4,0.3028798151001541,0.2349961479198767,4.77,7,357
shohei ohtani,LAA,2023,,96.8,0.3054627976190476,0.3009479166666666,3.77,23,531
slade cecconi,ARI,2023,R,94.1,0.202156862745098,0.2008431372549019,,4,0
sonny gray,MIN,2023,R,92.9,0.2545738112136267,0.2143300212916962,3.71,34,754
spencer strider,ATL,2023,,97.2,0.388353017102291,0.3642358825427557,3.09,34,763
spencer turnbull,DET,2023,,92.9,0.2193859649122807,0.1588815789473684,,7,0
steven cruz,KCR,2023,R,,0.214,0.231,,4,0
steven matz,STL,2023,L,94.1,0.2516317512274958,0.2198565193671577,3.93,17,449
steven okert,MIA,2023,L,93.8,0.3028506876227897,0.2932878192534381,3.9,2,247
steven wilson,SDP,2023,,94.4,0.2675277777777777,0.2539066666666666,3.35,0,219
taijuan walker,PHI,2023,R,92.8,0.2028996363636363,0.1838367272727273,4.42,31,733
taj bradley,TBR,2023,R,96.1,0.2533642857142857,0.2829972527472527,4.42,21,460
tanner banks,CHW,2023,L,92.6,0.2408486707566463,0.1937259713701431,4.48,3,255
tanner bibee,CLE,2023,R,94.9,0.2607081360309944,0.2414619027120103,3.71,25,585
tanner houck,BOS,2023,,93.9,0.2887088167053365,0.2183932714617169,4.18,21,463
tanner scott,MIA,2023,L,96.8,0.3601118475559238,0.338950289975145,2.52,0,307
tarik skubal,DET,2023,L,95.8,0.3068383392226148,0.3298462897526502,2.32,15,310
tayler saucedo,SEA,2023,,93.0,0.2840254777070063,0.1873694267515923,4.16,0,207
tayler scott,ATH,2023,,93.9,0.215692883895131,0.1560973782771535,,2,0
taylor clarke,KCR,2023,R,94.8,0.2734297752808988,0.2444559925093632,5.1,2,266
taylor rogers,SFG,2023,L,93.4,0.2476029593094944,0.3096115906288533,3.55,0,216
thomas hatch,PIT,2023,,94.7,0.3031907090464548,0.1841075794621026,,2,0
tim mayza,TOR,2023,L,93.4,0.2280383189122373,0.2459171817058096,3.38,0,215
tom cosgrove,SDP,2023,,92.0,0.2507589928057554,0.2158213429256594,2.69,0,205
tommy henry,ARI,2023,,90.7,0.2162043165467626,0.160520143884892,4.36,16,381
tommy milone,SEA,2023,,,0.222,0.08,,2,0
tony gonsolin,LAD,2023,,92.4,0.2131106434155141,0.1788665063138905,5.85,20,435
touki toussaint,CHW,2023,,93.6,0.2459133504492939,0.2219332477535301,5.34,16,384
trent thornton,SEA,2023,,94.1,0.2537999999999999,0.2383483870967742,,1,0
trevor gott,NYM,2023,,93.3,0.2364377880184331,0.2573582949308756,3.5,0,261
trevor kelley,TBR,2023,,89.5,0.182,0.108,,3,0
trevor may,ATH,2023,,94.7,0.2346533505154639,0.1929961340206185,4.58,0,205
trevor megill,MIL,2023,R,99.1,0.3323422370617696,0.3590701168614357,,2,0
trevor richards,TOR,2023,,92.8,0.3594728624535315,0.3268408921933086,3.58,3,315
trevor rogers,MIA,2023,L,93.2,0.304295154185022,0.2372995594713656,,4,0
trevor stephan,CLE,2023,,94.9,0.3011330967169476,0.2477355811889973,4.48,0,294
trevor williams,WSN,2023,,89.7,0.1932903099254609,0.1567293056100431,5.59,30,658
tristan beck,SFG,2023,,94.7,0.2291687306501548,0.1812678018575851,3.71,3,354
triston mckenzie,CLE,2023,,92.4,0.174,0.154,,4,0
tucker davidson,KCR,2023,,91.4,0.2009895697522816,0.1783780964797914,5.23,1,236
ty blach,COL,2023,,90.1,0.1437597623089983,0.1375263157894737,7.26,13,352
tyler alexander,DET,2023,L,89.9,0.1784726688102893,0.2499726688102893,,1,0
tyler anderson,LAA,2023,,90.1,0.2750935162094763,0.1883295926849542,4.93,25,629
tyler glasnow,TBR,2023,R,96.4,0.3539571201694018,0.3292424563260984,3.55,22,485
tyler holton,DET,2023,L,91.5,0.2727022569444444,0.2414513888888888,3.5,1,324
tyler mahle,MIN,2023,R,92.6,0.2046413373860182,0.2572796352583587,,5,0
tyler rogers,SFG,2023,R,83.2,0.222010781671159,0.1951859838274932,2.77,0,309
tyler wells,BAL,2023,R,92.5,0.2602212296374145,0.2476710457172885,3.93,20,470
tylor megill,NYM,2023,,94.9,0.2336417910447761,0.1855391225689733,5.85,25,567
vince velasquez,PIT,2023,R,93.2,0.2722321428571428,0.2364464285714285,,8,0
wade miley,MIL,2023,,90.4,0.1901921397379912,0.1582112445414847,4.3,23,490
wandy peralta,NYY,2023,L,95.7,0.2854304399524375,0.2049560047562425,4.61,0,227
will smith,TEX,2023,,92.4,0.2804655396618985,0.268222366710013,3.33,0,226
will vest,DET,2023,R,95.3,0.2423989431968295,0.2889590488771466,,4,0
xzavion curry,CLE,2023,,92.5,0.2145979094076655,0.1709080139372822,5.03,9,404
yency almonte,LAD,2023,,96.0,0.323411051212938,0.263266846361186,4.39,0,207
yennier cano,BAL,2023,R,96.5,0.2435513733468972,0.2096337741607324,3.3,0,283
yimi garcia,TOR,2023,,96.0,0.3149032846715328,0.2874507299270072,3.53,0,282
yonny chirinos,ATL,2023,,93.0,0.1743938019652305,0.1371972789115646,6.16,9,367
yu darvish,SDP,2023,,94.7,0.2476009029345372,0.2331769751693002,3.82,24,573
yusei kikuchi,TOR,2023,L,95.1,0.2761896613190731,0.2513950089126559,4.27,32,700
zac gallen,ARI,2023,R,93.5,0.2628269171542963,0.2571050200184785,4.18,40,846
zach davies,ARI,2023,,89.4,0.1986217008797654,0.1895425219941348,5.48,18,377
zach eflin,TBR,2023,R,93.1,0.2291182879377432,0.252484046692607,3.04,32,703
zach neal,ATH,2023,,89.0,0.2115083798882681,0.1468463687150838,,2,0
zach plesac,CLE,2023,,91.0,0.1900808080808081,0.1232020202020202,,5,0
zack greinke,KCR,2023,,89.5,0.1701045515998197,0.1591613339342046,5.1,27,593
zack littell,TBR,2023,R,94.1,0.201549147034931,0.1852664500406173,4.24,14,379
zack thompson,STL,2023,,93.6,0.2354326923076923,0.254451923076923,4.61,9,287
zack wheeler,PHI,2023,R,95.8,0.2908020369191597,0.2732740292807129,3.21,36,787
a.j. puk,ARI,2024,,95.6,0.3135799289520426,0.306234458259325,2.75,4,294
aaron ashby,MIL,2024,L,96.9,0.2007999999999999,0.1445714285714285,,2,0
aaron brooks,ATH,2024,,92.1,0.1893173913043478,0.142395652173913,,4,0
aaron bummer,ATL,2024,L,93.6,0.2739260089686098,0.2896950672645739,2.79,0,244
aaron civale,MIL,2024,R,92.0,0.2127612284069098,0.2140752399232245,4.05,31,689
aaron nola,PHI,2024,R,92.5,0.2411304484164315,0.2333486986516149,3.75,34,820
adam mazur,SDP,2024,,94.6,0.1872459016393442,0.1565901639344262,,8,0
adam oller,MIA,2024,,93.8,0.2135451448040886,0.1946660988074957,,8,0
adam ottavino,NYM,2024,,93.2,0.2276130221130221,0.282034398034398,3.17,0,245
adrian houser,NYM,2024,R,93.6,0.1817386253630203,0.154000968054211,5.2,7,309
adrian morejon,SDP,2024,L,96.9,0.2615879873551106,0.239131717597471,3.29,0,272
albert suarez,BAL,2024,R,94.8,0.2476832660385823,0.1920574248541947,4.08,0,565
alec marsh,KCR,2024,,94.2,0.2339861175381767,0.2319028227672374,4.9,25,548
alek manoah,TOR,2024,,93.3,0.2486211453744493,0.2822555066079295,,5,0
alex cobb,CLE,2024,,,0.1318365384615384,0.1727692307692307,,5,0
alex faedo,DET,2024,,94.0,0.32802518363064,0.2328237145855194,4.4,6,246
alex vesia,LAD,2024,L,93.4,0.3208060836501901,0.3448821292775665,2.71,0,263
alex wood,ATH,2024,,88.0,0.21901059602649,0.1842847682119205,,9,0
alexis diaz,CIN,2024,,93.9,0.2626612077789151,0.2211709314227226,3.64,0,242
andre pallante,STL,2024,R,94.5,0.200042399172699,0.1767476732161323,3.47,20,509
andres munoz,SEA,2024,R,98.4,0.3967939011566772,0.3333543638275499,2.9,0,232
andrew abbott,CIN,2024,L,92.8,0.2222873711340206,0.1883681271477663,3.97,25,586
andrew chafin,TEX,2024,,91.7,0.3385801447776629,0.2802150982419855,3.59,0,246
andrew heaney,TEX,2024,,91.6,0.2624174682570219,0.2367179684494036,4.43,31,693
andrew kittredge,STL,2024,R,94.0,0.2763163565132223,0.238199804113614,3.99,0,287
andrew nardi,MIA,2024,L,94.0,0.3131935483870968,0.3395483870967741,2.81,0,210
angel zerpa,KCR,2024,L,95.8,0.1498108108108108,0.1945334900117508,4.43,0,240
anthony banda,LAD,2024,L,96.1,0.2856568047337278,0.250603550295858,3.27,2,209
anthony bender,MIA,2024,R,95.5,0.2162268518518518,0.2717488425925926,3.39,0,228
anthony maldonado,MIA,2024,,93.1,0.381,0.1889999999999999,,1,0
anthony molina,COL,2024,,94.8,0.1895120540019286,0.1492574734811957,5.96,1,264
antonio senzatela,COL,2024,R,,0.182,0.0969999999999999,,3,0
aroldis chapman,PIT,2024,L,97.8,0.3165,0.3455664893617021,2.97,0,264
austin gomber,COL,2024,,90.4,0.1917881679389313,0.156998854961832,5.13,30,696
austin voth,SEA,2024,R,93.6,0.3161581108829568,0.2415256673511294,3.34,0,248
bailey falter,PIT,2024,L,91.9,0.1970089369708372,0.1694463781749765,4.8,28,589
bailey ober,MIN,2024,R,91.7,0.2842798647633358,0.2672156273478587,3.25,31,709
beau brieske,DET,2024,,95.9,0.23490625,0.2496640624999999,3.32,12,282
ben brown,CHC,2024,R,96.4,0.3029341317365269,0.2768371257485029,4.22,8,222
ben joyce,LAA,2024,,102.1,0.2780821917808219,0.1961780821917808,,1,0
ben lively,CLE,2024,,89.9,0.1735686873092019,0.176512865242041,4.02,29,632
blake snell,SFG,2024,,95.9,0.3712325056433408,0.3293386004514673,2.54,20,418
blake walston,ARI,2024,,91.5,0.239,0.3,,2,0
bobby miller,LAD,2024,,97.6,0.2464936974789915,0.2045514705882352,6.9,13,258
bowden francis,TOR,2024,,92.9,0.2272943121693121,0.2325092592592592,3.42,13,408
brad keller,BOS,2024,R,93.8,0.1815636363636363,0.1432545454545454,,2,0
bradley blalock,COL,2024,,93.5,0.1944099216710182,0.1317049608355091,,6,0
brady basso,ATH,2024,L,92.2,0.165,0.14,,4,0
brady singer,KCR,2024,R,91.7,0.238908030199039,0.2180298558682223,4.68,32,762
brandon hughes,ARI,2024,,92.4,0.2922457142857143,0.2282171428571428,,2,0
brandon pfaadt,ARI,2024,R,93.8,0.2498824200913242,0.2451442161339422,3.72,32,760
brandon williamson,CIN,2024,L,92.6,0.157,0.121,,3,0
brant hurter,DET,2024,L,92.1,0.2009751434034417,0.2169541108986616,,1,0
braxton garrett,MIA,2024,,90.7,0.2024285714285714,0.2290142857142857,,7,0
brayan bello,BOS,2024,R,95.7,0.2506145024047355,0.2222841287458379,4.52,30,702
brenan hanifee,DET,2024,R,95.6,0.088,0.1,,3,0
brennan bernardino,BOS,2024,L,91.4,0.2312312056737588,0.2726340425531914,3.91,3,226
brent honeywell,LAD,2024,,94.8,0.1583449477351916,0.1280069686411149,,1,0
brent suter,CIN,2024,L,85.8,0.2032152641878669,0.1834598825831702,4.14,3,270
brock burke,LAA,2024,L,95.8,0.3010411985018726,0.2744606741573034,,1,0
bryan abreu,HOU,2024,R,96.7,0.3427461300309597,0.313359133126935,3.25,0,325
bryan hoeing,SDP,2024,,94.4,0.2181167785234899,0.2156402684563758,4.93,2,210
bryan hudson,MIL,2024,L,91.3,0.2195555555555555,0.2532319309600863,2.99,0,231
bryan woo,SEA,2024,R,94.8,0.2367634032634032,0.2205005827505827,2.77,22,472
bryce elder,ATL,2024,R,91.5,0.2405527230590962,0.2152607184241019,4.87,10,226
bryce jarvis,ARI,2024,,95.7,0.1999698375870069,0.135437354988399,5.37,0,258
bryce miller,SEA,2024,,95.2,0.237711094564408,0.2433209233060312,3.67,31,704
bryse wilson,MIL,2024,,93.6,0.2097819453273998,0.1851481246026701,5.3,9,442
buck farmer,CIN,2024,,92.7,0.2662123287671233,0.2510342465753424,4.11,1,299
burch smith,BAL,2024,R,94.9,0.1967756482525366,0.1914408117249154,4.46,0,241
cade povich,BAL,2024,L,92.4,0.2192469402447803,0.1880194384449244,4.08,16,352
cade smith,CLE,2024,R,96.0,0.3028490926456542,0.3693065902578796,2.5,0,289
caden dana,LAA,2024,,,0.1669999999999999,0.061,,3,0
cal quantrill,COL,2024,R,94.1,0.2128151750972762,0.1698996108949416,5.3,29,656
caleb ferguson,HOU,2024,,93.8,0.2689754797441364,0.2738358208955224,4.11,0,249
caleb thielbar,MIN,2024,L,93.2,0.2623970420932878,0.2561023890784983,4.08,0,216
calvin faucher,MIA,2024,R,96.0,0.2791995947315096,0.282839918946302,3.7,0,235
camilo doval,SFG,2024,R,100.0,0.330466307277628,0.2879991015274034,3.34,0,271
carlos carrasco,CLE,2024,R,91.7,0.2172312746386334,0.186266097240473,4.64,21,447
carlos estevez,PHI,2024,R,96.8,0.241975443383356,0.2372182810368349,3.22,0,212
carlos rodon,NYY,2024,,95.4,0.3050220514533912,0.2565907116605413,4.08,0,736
carmen mlodzinski,PIT,2024,R,96.2,0.2607195828505214,0.2179872537659327,3.34,4,209
carson fulmer,LAA,2024,,93.1,0.2420338600451467,0.2126463506395786,4.74,8,379
carson spiers,CIN,2024,,92.4,0.2150025957170668,0.1947741726151849,4.8,10,410
casey mize,DET,2024,R,95.5,0.2181125639567936,0.1727964752700397,4.74,20,452
chad green,TOR,2024,,95.5,0.2404237695078031,0.2246734693877551,3.86,0,210
chad kuhl,CHW,2024,,95.0,0.2579492753623189,0.2017681159420289,4.34,1,240
charlie morton,ATL,2024,,94.1,0.2558530992475815,0.2318728054460766,4.52,30,701
chase anderson,TEX,2024,,93.6,0.2374568158168574,0.1620541103017689,4.55,1,255
chris bassitt,TOR,2024,R,92.6,0.2095140250084488,0.2186586684690774,4.49,31,758
chris flexen,CHW,2024,,91.3,0.225428105758783,0.1808149221296631,4.77,31,707
chris paddack,MIN,2024,R,93.3,0.2390506849315068,0.2056657534246575,4.87,17,384
chris sale,ATL,2024,L,94.8,0.3074007104795737,0.3231758436944937,2.77,29,702
chris stratton,KCR,2024,,91.8,0.2078879919273461,0.1756962663975782,4.97,0,257
christian scott,NYM,2024,R,94.2,0.2235533428165007,0.2116315789473684,,9,0
cionel perez,BAL,2024,L,96.5,0.2364507531865585,0.1986234067207415,3.57,0,238
clarke schmidt,NYY,2024,,93.9,0.2979992852037169,0.2670142959256612,3.75,19,353
clay holmes,NYY,2024,R,97.7,0.2994177449168207,0.2559334565619224,3.25,0,271
clayton kershaw,LAD,2024,,89.9,0.1822994923857868,0.1366649746192893,,7,0
cody bradford,TEX,2024,,89.8,0.2340128205128205,0.2257487179487179,3.44,13,308
cody poteet,NYY,2024,,93.3,0.065,0.065,,4,0
cole irvin,MIN,2024,,91.9,0.168848896434635,0.1569898132427843,5.7,16,492
cole ragans,KCR,2024,L,95.4,0.3159409120102762,0.2931332691072576,3.25,34,762
cole sands,MIN,2024,R,95.7,0.262662911611785,0.2887201039861352,3.39,0,292
cole sulser,TBR,2024,R,92.2,0.171,0.1669999999999999,,2,0
colin holderman,PIT,2024,R,97.2,0.2905238649592549,0.2523143189755529,4.08,0,223
colin rea,MIL,2024,R,93.0,0.1873018867924528,0.1869807547169811,4.87,27,714
cooper criswell,BOS,2024,R,89.1,0.1702799070847851,0.1806620209059233,4.31,18,424
corbin burnes,BAL,2024,,96.3,0.2851120572207084,0.23604189373297,3.29,33,784
craig kimbrel,BAL,2024,R,93.9,0.3045631174533479,0.2969582875960483,4.28,0,232
cristian javier,HOU,2024,R,91.7,0.2654908424908425,0.1887106227106227,,7,0
cristopher sanchez,PHI,2024,L,94.5,0.2374973127911143,0.1973557864564672,3.59,0,754
dakota hudson,COL,2024,,90.0,0.1856606786427145,0.1358037258815702,6.0,18,404
dallas keuchel,MIL,2024,,88.1,0.152,0.098,,4,0
dane dunning,TEX,2024,,89.0,0.22557773512476,0.215109404990403,5.1,15,421
daniel hudson,LAD,2024,,95.1,0.3375268935236004,0.2677310647639956,3.78,0,253
daniel lynch,KCR,2024,L,92.9,0.2999089184060721,0.2373491461100569,,3,0
darius vines,ATL,2024,,90.8,0.022,0.036,,2,0
darren mccaughan,MIA,2024,,89.4,0.1315385826771653,0.1304110236220472,,5,0
daulton jefferies,PIT,2024,,93.3,0.128,0.185,,1,0
david bednar,PIT,2024,R,97.2,0.2716353861192571,0.2308093841642228,4.28,0,262
david festa,MIN,2024,,94.7,0.2808544131028208,0.2746878980891719,4.02,13,277
david peterson,NYM,2024,L,93.1,0.2520138963121325,0.2008685195082843,4.58,22,510
david robertson,TEX,2024,,94.7,0.3017827681026581,0.3459138405132906,3.17,0,297
davis daniel,LAA,2024,,91.5,0.1774986301369863,0.2113643835616438,,6,0
davis martin,CHW,2024,R,93.6,0.2589308252427184,0.2175825242718446,4.08,10,220
dean kremer,BAL,2024,R,93.4,0.2288567480423767,0.2169198526024873,4.52,24,553
declan cronin,MIA,2024,,93.9,0.2594099264705882,0.2284595588235294,3.59,0,307
dennis santana,PIT,2024,R,95.8,0.2753577898550725,0.2395371376811594,3.25,0,287
derek law,WSN,2024,,95.1,0.2874787830264211,0.1984779823859087,3.72,0,365
dj herz,WSN,2024,,93.5,0.2880234833659491,0.2825681669928245,3.29,19,382
dl hall,MIL,2024,L,93.3,0.2343333333333333,0.2197091377091377,,7,0
drew rasmussen,TBR,2024,R,97.4,0.2464560260586319,0.2667394136807817,,4,0
drew smyly,CHC,2024,,90.1,0.2477906026557711,0.2169019407558733,3.7,0,257
drew thorpe,CHW,2024,,91.0,0.2185107604017216,0.1311147776183644,,9,0
dylan cease,SDP,2024,R,96.9,0.3211373005319149,0.2956459441489361,3.29,35,762
dylan floro,ARI,2024,,89.7,0.1815108055009823,0.1742269155206287,3.94,0,279
dylan lee,ATL,2024,L,92.4,0.3677016317016317,0.3256386946386946,2.62,0,240
eduardo rodriguez,ARI,2024,R,92.0,0.2308349875930521,0.2054143920595533,5.37,0,224
edward cabrera,MIA,2024,R,96.2,0.2827970011534025,0.2640409457900807,4.71,20,417
edwin diaz,NYM,2024,R,97.5,0.3794166666666667,0.3936041666666666,2.48,0,216
elvis peguero,MIL,2024,,96.8,0.2736908212560386,0.2275205314009662,4.08,0,227
emerson hancock,SEA,2024,R,93.4,0.2009043683589138,0.1348654073199527,5.92,12,266
emmanuel clase,CLE,2024,,100.0,0.2679782833505688,0.2449296794208894,2.46,0,270
enyel de los santos,CHW,2024,R,95.5,0.3054538461538462,0.2601346153846153,5.2,0,278
erick fedde,STL,2024,R,93.3,0.2155964484679665,0.212541782729805,3.88,31,726
erik miller,SFG,2024,L,96.9,0.3084956658786446,0.3095405831363277,3.15,10,284
evan phillips,LAD,2024,,96.2,0.3000351089588378,0.3202845036319612,3.25,0,228
fernando cruz,CIN,2024,R,94.7,0.3648275862068966,0.3547683465959328,3.94,3,288
framber valdez,HOU,2024,L,94.8,0.2587682170542635,0.2462155038759689,3.44,29,703
frankie montas,MIL,2024,,95.6,0.2505696705041683,0.2232203255260023,4.68,31,655
freddy peralta,MIL,2024,R,94.3,0.3146939980321416,0.278039357166284,3.83,33,725
garrett cleavinger,TBR,2024,L,96.4,0.2998778409090909,0.2607727272727272,4.34,0,266
garrett crochet,CHW,2024,L,97.2,0.3320930828351836,0.3503492741246797,2.83,31,595
garrett whitlock,BOS,2024,R,93.4,0.204,0.148,,4,0
gavin stone,LAD,2024,,94.9,0.2476177777777778,0.2088617283950617,3.97,25,580
gavin williams,CLE,2024,R,96.6,0.2563423493044822,0.2348933539412674,4.14,17,332
genesis cabrera,TOR,2024,,95.9,0.2517472793228537,0.1905671100362757,4.31,0,271
george kirby,SEA,2024,R,96.0,0.2420382402707276,0.232048054145516,3.39,33,778
gerrit cole,NYY,2024,,95.9,0.2502071330589849,0.2608600823045267,3.64,22,390
gerson garabito,TEX,2024,,93.4,0.2295758426966292,0.1962191011235955,,2,0
graham ashcraft,CIN,2024,R,94.9,0.2231333853354134,0.1803213728549142,5.1,15,350
grant holmes,ATL,2024,R,94.6,0.3329547413793103,0.265864224137931,3.52,7,282
grayson rodriguez,BAL,2024,,96.1,0.2962895156998403,0.2566950505588079,3.72,20,491
greg weissert,BOS,2024,R,94.0,0.2033620146904512,0.2024679958027282,3.49,0,263
gregory soto,BAL,2024,L,98.0,0.3006419612314709,0.2507787913340935,4.43,0,244
griffin canning,LAA,2024,,93.4,0.2405188979159308,0.1777873542917697,4.74,31,739
griffin jax,MIN,2024,R,97.1,0.4010276854928017,0.3641295681063123,2.38,0,276
hayden birdsong,SFG,2024,,95.8,0.2956664265129683,0.2854711815561959,4.64,16,315
hayden wesneski,CHC,2024,,94.6,0.268022966507177,0.2584325358851674,4.14,7,283
hector neris,HOU,2024,,92.9,0.276408938547486,0.2747195530726257,4.19,0,260
hoby milner,MIL,2024,L,88.8,0.1954686595949855,0.2482430086788814,3.2,1,268
hogan harris,ATH,2024,L,92.9,0.2138875103391232,0.1994052936311001,5.03,9,305
huascar brazoban,NYM,2024,R,96.6,0.2872469410456063,0.2038209121245828,3.64,0,217
hunter bigge,TBR,2024,R,97.5,0.3496666666666667,0.3346666666666666,,1,0
hunter brown,HOU,2024,R,96.0,0.2531048805815161,0.2575752855659397,3.29,31,712
hunter gaddis,CLE,2024,R,95.4,0.2547441860465116,0.2398409302325581,2.71,0,278
hunter greene,CIN,2024,,97.6,0.3023550695825049,0.2776942345924453,3.03,26,611
hunter harvey,KCR,2024,R,97.8,0.2673846153846153,0.2527307692307692,5.1,0,219
hunter strickland,LAA,2024,,94.2,0.2266163967611336,0.1965040485829959,3.49,0,294
j.p. france,HOU,2024,R,92.2,0.1836733870967742,0.1131733870967741,,5,0
j.t. ginn,ATH,2024,R,93.0,0.2625,0.2288833333333333,,6,0
jack flaherty,LAD,2024,R,93.3,0.3220905366653011,0.308034002458009,3.54,33,649
jack kochanowicz,LAA,2024,R,96.2,0.1443624161073825,0.0803463087248322,5.07,11,266
jack leiter,TEX,2024,R,96.4,0.2645899814471243,0.1665120593692022,,6,0
jacob barnes,WSN,2024,,95.4,0.2485510204081632,0.1900816326530612,4.87,0,277
jacob webb,BAL,2024,R,93.5,0.2711457663451233,0.2425209003215434,3.42,0,237
jake irvin,WSN,2024,R,93.9,0.2204447476125511,0.2066480218281036,4.28,33,769
jake woodford,PIT,2024,R,91.3,0.1325352112676056,0.1526249999999999,,7,0
jakob junis,CIN,2024,R,92.5,0.243930151338766,0.2082037252619324,3.88,6,253
jalen beeks,PIT,2024,L,94.5,0.2419377664109122,0.1828678601875533,3.78,0,312
james mcarthur,KCR,2024,,94.7,0.2908063337393423,0.214041412911084,4.4,0,246
james paxton,BOS,2024,R,93.2,0.2212398791540785,0.1799969788519637,4.77,21,437
jameson taillon,CHC,2024,R,92.3,0.1899983890455094,0.1825835682641965,4.02,28,675
jared jones,PIT,2024,,97.3,0.3001696480092325,0.2623496826312752,3.97,22,504
jared koenig,MIL,2024,L,95.9,0.2159108808290155,0.2320559585492228,3.59,6,265
jared shuster,CHW,2024,L,92.5,0.2470618388934092,0.1839113100081366,4.61,4,321
jason adam,SDP,2024,R,95.5,0.3911111111111111,0.2825179063360882,3.22,0,282
jason foley,DET,2024,,97.2,0.205442748091603,0.1749083969465649,4.28,0,250
javier assad,CHC,2024,R,91.5,0.1763987975951904,0.1920304609218437,4.93,29,638
jeff hoffman,PHI,2024,R,96.7,0.3588911088911088,0.3478771228771229,2.92,0,265
jeffrey springs,TBR,2024,L,89.8,0.2862004773269689,0.2640023866348449,,7,0
jeremiah estrada,SDP,2024,R,97.2,0.3630159680638723,0.3609810379241517,2.56,0,252
jesse chavez,ATL,2024,,90.7,0.1529171907756813,0.206422431865828,4.22,0,264
jesus luzardo,MIA,2024,L,95.2,0.2878633425669437,0.2119335180055402,4.52,0,274
jhoan duran,MIN,2024,R,100.5,0.3438045454545455,0.3072954545454546,2.81,0,228
joe boyle,ATH,2024,R,97.7,0.2992885682574916,0.2383296337402885,4.28,10,226
joe jimenez,ATL,2024,,94.5,0.3342703739213807,0.3016318312559923,2.56,0,277
joe mantiply,ARI,2024,L,89.4,0.2748984280532043,0.2276735187424425,3.25,2,243
joe musgrove,SDP,2024,,93.0,0.2863948035487959,0.2504980988593155,4.31,20,410
joe ross,MIL,2024,R,94.8,0.261090909090909,0.2096805437553101,3.97,10,321
joe ryan,MIN,2024,R,94.0,0.2661120607787274,0.2718660968660968,2.88,23,538
joel payamps,MIL,2024,R,94.8,0.2797024096385542,0.2877650602409638,4.02,0,235
joey cantillo,CLE,2024,L,92.2,0.2937941628264209,0.2741996927803379,,8,0
joey estes,ATH,2024,,92.4,0.1916959761549925,0.1646010928961749,4.43,24,543
joey lucchesi,NYM,2024,L,,0.108,0.133,,2,0
joey wentz,PIT,2024,,93.7,0.2992475490196078,0.2489019607843137,3.67,1,304
john brebbia,ATL,2024,,93.8,0.255,0.2829325955734406,4.77,0,242
john king,STL,2024,L,93.7,0.1745988165680473,0.1494082840236686,3.86,0,248
john means,BAL,2024,,90.5,0.2557488151658768,0.1509431279620853,,4,0
john schreiber,KCR,2024,R,92.9,0.21405,0.2222880952380952,3.34,0,224
jojo romero,STL,2024,L,95.1,0.2613204353083434,0.2091717049576783,5.0,0,243
jon gray,TEX,2024,,94.9,0.2375963777490297,0.1965769728331177,4.55,19,439
jonathan cannon,CHW,2024,R,94.3,0.2164285009861932,0.176611932938856,4.43,21,522
jordan hicks,SFG,2024,R,95.3,0.2419989785495403,0.2014734422880491,4.74,20,481
jordan montgomery,ARI,2024,,92.1,0.2688047493403694,0.1574923482849604,5.13,21,532
jordan wicks,CHC,2024,,92.5,0.2408503496503496,0.1989426573426573,5.2,10,212
jorge alcala,MIN,2024,,98.1,0.2903993015133876,0.2511850989522701,3.08,0,235
jorge lopez,CHC,2024,,95.6,0.2259526184538653,0.226790523690773,3.59,0,216
jose alvarado,PHI,2024,L,96.8,0.2810601719197708,0.2556227316141356,3.94,0,258
jose berrios,TOR,2024,,94.1,0.2128112560054907,0.1962035003431709,4.68,0,786
jose butto,NYM,2024,R,94.2,0.3201334552102376,0.2758409506398537,3.49,0,294
jose leclerc,TEX,2024,,95.3,0.3732387791741472,0.3141229802513465,3.57,0,288
jose quintana,NYM,2024,L,90.7,0.2230446967009577,0.1873270663355799,4.49,34,717
jose ruiz,PHI,2024,,96.4,0.2694948453608247,0.2455979381443299,4.14,0,217
jose soriano,LAA,2024,R,98.7,0.2359598784194528,0.2161556231003039,4.16,0,468
jose suarez,LAA,2024,L,93.0,0.2889132882882883,0.2430157657657657,4.8,0,240
jose urena,TEX,2024,,96.4,0.2352953181272509,0.167360144057623,4.4,0,463
josh fleming,PIT,2024,L,90.4,0.1835511022044088,0.1246753507014027,,3,0
josh hader,HOU,2024,,95.0,0.4019444444444444,0.3768333333333333,2.73,0,278
josh winckowski,BOS,2024,,95.1,0.2063744680851064,0.1637744680851063,4.25,6,336
jp sears,ATH,2024,,91.9,0.2177964071856287,0.1834064811553364,4.43,32,758
julian aguiar,CIN,2024,,94.4,0.1775336787564767,0.1572901554404145,,7,0
justin anderson,CHW,2024,,96.0,0.3189553264604811,0.2596678121420389,4.9,0,243
justin lawrence,COL,2024,R,95.1,0.2241724137931034,0.1757931034482758,6.23,0,279
justin martinez,ARI,2024,,100.5,0.3383882752761258,0.2687757009345794,3.08,0,308
justin slaten,BOS,2024,R,96.4,0.2799300134589502,0.2341453566621803,3.25,0,224
justin steele,CHC,2024,,91.6,0.2384338842975207,0.2440289256198347,2.81,24,555
justin verlander,HOU,2024,R,93.5,0.2136305449936628,0.1901907477820025,3.75,17,396
justin wilson,CIN,2024,,95.5,0.2585873605947955,0.2523531598513011,4.11,0,209
justin wrobleski,LAD,2024,L,95.1,0.23,0.168,,6,0
keaton winn,SFG,2024,R,95.7,0.2481086186540732,0.207025974025974,5.52,12,238
keegan akin,BAL,2024,L,93.9,0.3033158742949234,0.3119033037872683,2.46,0,313
keider montero,DET,2024,R,94.7,0.2123599740090968,0.1847556855100714,5.17,17,412
kenley jansen,BOS,2024,R,93.2,0.284,0.282,3.29,0,218
kenny rosenberg,LAA,2024,,90.2,0.2302439024390243,0.1563536585365853,,1,0
kenta maeda,DET,2024,,90.8,0.229604540654699,0.1994498416050686,4.34,16,485
kevin gausman,TOR,2024,R,94.0,0.2332618549511855,0.2010885634588563,4.71,31,756
kevin ginkel,ARI,2024,R,96.0,0.2795675675675675,0.2692744932432432,3.22,0,291
kevin kelly,TBR,2024,R,92.0,0.192044420368364,0.2166760563380281,3.34,0,278
kirby yates,TEX,2024,,93.2,0.3360421568627451,0.3642941176470588,1.86,0,237
kolby allard,PHI,2024,L,90.0,0.1877173144876325,0.1890070671378091,,4,0
kumar rocker,TEX,2024,R,,0.146,0.16,,3,0
kutter crawford,BOS,2024,,92.6,0.2506599362380446,0.2295851930570315,3.83,33,759
ky bush,CHW,2024,,91.7,0.188,0.093,,4,0
kyle bradish,BAL,2024,R,94.5,0.2588397435897435,0.3442564102564102,,8,0
kyle finnegan,WSN,2024,R,97.2,0.2251944444444444,0.2172222222222222,4.4,0,271
kyle freeland,COL,2024,L,91.6,0.169535330695308,0.165135669869983,4.97,21,490
kyle gibson,STL,2024,,91.4,0.2347322720694645,0.1997583212735166,4.8,30,722
kyle harrison,SFG,2024,L,92.6,0.2375342995169082,0.229283574879227,4.84,24,532
kyle hendricks,CHC,2024,,87.7,0.1886740046838407,0.1636772833723653,4.74,24,567
kyle nicolas,PIT,2024,R,97.4,0.2917852631578947,0.2365515789473684,4.37,0,244
kyle tyler,MIA,2024,,90.6,0.2658235294117647,0.2065411764705882,,7,0
lance lynn,STL,2024,,92.3,0.242224043715847,0.2188877297565822,4.87,23,511
landen roupp,SFG,2024,R,93.7,0.1997246376811594,0.2117391304347826,3.99,4,217
landon knack,LAD,2024,,93.5,0.2302049036777583,0.2351252189141857,3.99,12,286
logan allen,ARI,2024,,91.3,0.2000869565217391,0.1747101449275362,,20,0
logan gilbert,SEA,2024,R,96.6,0.3201389445557782,0.2812889111556447,3.06,33,803
logan webb,SFG,2024,R,92.6,0.2041790757381258,0.2103645699614891,4.37,33,841
louis varland,MIN,2024,R,96.3,0.2516248382923674,0.2275562742561449,5.34,7,238
lucas erceg,KCR,2024,R,98.6,0.3107212249208025,0.2949936642027455,3.17,0,253
lucas sims,BOS,2024,R,94.2,0.2516984924623116,0.2298015075376884,4.31,0,215
luis castillo,SEA,2024,R,95.6,0.2605307907627711,0.2533117564730581,3.99,30,719
luis garcia,BOS,2024,R,96.1,0.2224163372859025,0.1904743083003952,3.54,0,254
luis gil,NYY,2024,R,96.6,0.288727102102102,0.264557057057057,3.75,31,637
luis medina,ATH,2024,R,95.9,0.178893039049236,0.1404702886247878,,8,0
luis ortiz,PIT,2024,,95.9,0.2077549481621112,0.1913162111215834,4.31,15,556
luis severino,NYM,2024,R,96.2,0.2284569055036345,0.2177950848044306,3.83,34,761
luke jackson,ATL,2024,,94.7,0.2919570484581498,0.2522257709251101,4.08,0,235
luke little,CHC,2024,L,95.8,0.2841879350348028,0.263183294663573,,1,0
luke weaver,NYY,2024,R,95.7,0.3355137138621201,0.3120192735359525,3.29,0,331
mackenzie gore,WSN,2024,L,96.0,0.2892663265306122,0.2428272108843537,4.11,32,731
marco gonzales,PIT,2024,,89.7,0.2130254777070063,0.1853343949044585,,7,0
marcus stroman,NYY,2024,,90.0,0.2027253886010363,0.1573136707851733,4.87,29,675
mark leiter,NYY,2024,R,91.8,0.3385409836065573,0.3558333333333333,3.42,0,256
martin perez,SDP,2024,L,91.5,0.202760326827054,0.1816913300045392,5.44,0,590
mason black,SFG,2024,R,92.4,0.1623315789473684,0.1921403508771929,,8,0
mason englert,DET,2024,R,92.8,0.075,0.103,,1,0
mason miller,ATH,2024,R,100.9,0.4070139442231075,0.422207171314741,1.76,0,249
matt bowman,BAL,2024,,93.7,0.1773343653250773,0.1980804953560371,,1,0
matt manning,DET,2024,,93.8,0.2455682451253481,0.189108635097493,,5,0
matt moore,LAA,2024,,92.7,0.2736721698113207,0.199998820754717,4.31,0,210
matt strahm,PHI,2024,L,93.4,0.2694877551020408,0.3323204081632653,2.46,0,237
matt waldron,SDP,2024,R,90.7,0.2097330612244898,0.2165077551020408,4.08,26,625
matthew boyd,CLE,2024,L,92.0,0.3187745454545455,0.3002981818181818,,11,0
matthew liberatore,STL,2024,L,94.7,0.2482447876447876,0.2060092664092664,4.19,6,358
max fried,ATL,2024,L,93.9,0.243992,0.243919619047619,3.75,30,714
max meyer,MIA,2024,R,94.1,0.2405774499473129,0.180467860906217,4.64,11,248
max scherzer,TEX,2024,R,92.5,0.2863805970149253,0.229811567164179,,9,0
merrill kelly,ARI,2024,R,91.9,0.2088442545109211,0.2097094017094017,4.97,13,300
michael grove,LAD,2024,,94.0,0.2557831800262812,0.2548094612352168,3.59,2,216
michael king,SDP,2024,R,93.7,0.2820303972366149,0.2777029360967185,3.52,32,726
michael kopech,LAD,2024,,98.7,0.3273225241016652,0.3197020157756354,3.49,1,279
michael lorenzen,KCR,2024,R,93.8,0.2196799184505606,0.1854745158002038,4.55,24,535
michael mcgreevy,STL,2024,R,93.0,0.061,0.15,,3,0
michael mercado,PHI,2024,,95.4,0.145,0.179,,2,0
michael soroka,CHW,2024,R,93.5,0.2437670830271858,0.2374797942689199,4.55,9,347
michael tonkin,MIN,2024,,93.2,0.2366466926070038,0.2488054474708171,4.31,0,340
michael wacha,KCR,2024,R,93.6,0.2308451191391237,0.2031164488854727,4.02,31,685
mike baumann,MIA,2024,,96.5,0.2455368421052631,0.2072200956937799,4.71,0,264
mike clevinger,CHICAGO,2024,,93.4,,,,4,0
miles mikolas,STL,2024,R,93.2,0.1673029966703662,0.1698756936736959,4.61,32,720
mitch keller,PIT,2024,R,94.5,0.21574122651542,0.2135306628855015,4.25,31,773
mitch spence,ATH,2024,R,91.9,0.2229865470852018,0.1853803505911129,4.14,24,651
mitchell parker,WSN,2024,L,92.5,0.2242038269550749,0.2069525790349417,4.37,29,646
nate pearson,CHC,2024,,97.7,0.2958411934552454,0.2743205004812319,4.49,1,285
nathan eovaldi,TEX,2024,R,95.4,0.268258382642998,0.2521609467455621,3.88,29,696
nestor cortes,NYY,2024,,92.1,0.2418622668579627,0.2200265423242468,3.59,30,710
nick lodolo,CIN,2024,,94.2,0.2864278046162104,0.259252281266774,3.67,21,493
nick martinez,CIN,2024,R,92.6,0.2296338823529411,0.1995896470588235,3.22,16,570
nick mears,MIL,2024,R,96.7,0.2903550583657588,0.2903307392996109,3.22,0,256
nick nastrini,CHW,2024,,93.7,0.2670584307178631,0.1407529215358931,,8,0
nick pivetta,BOS,2024,R,93.9,0.2537936241610738,0.280251677852349,3.44,26,595
nick sandlin,CLE,2024,R,92.6,0.328740777666999,0.2819441674975074,4.49,1,246
orion kerkering,PHI,2024,R,97.6,0.2784553817847285,0.2911784728610855,3.2,2,257
osvaldo bido,ATH,2024,R,94.8,0.2750198537095089,0.2522225705329153,2.71,9,259
pablo lopez,MIN,2024,,95.0,0.272100468854655,0.2589279973208305,3.7,0,772
patrick corbin,WSN,2024,L,91.3,0.2167298284045272,0.1931715954728002,5.44,32,764
patrick sandoval,LAA,2024,,93.7,0.25540625,0.2160280448717949,4.34,16,353
paul blackburn,NYM,2024,R,91.9,0.2264026402640264,0.190513201320132,4.58,14,316
paul skenes,PIT,2024,R,98.8,0.2841951831409934,0.3324204716507777,2.5,23,514
pedro avila,CLE,2024,,93.4,0.2332015748031496,0.2320480314960629,4.61,0,353
peter lambert,COL,2024,R,94.5,0.2194413291796469,0.1855420560747663,4.4,3,280
phil maton,NYM,2024,R,87.5,0.2807668449197861,0.2334235294117647,4.25,0,265
pierce johnson,ATL,2024,R,95.5,0.2772072892938497,0.2875398633257403,3.75,0,236
quinn priester,BOS,2024,,93.1,0.1947280701754385,0.1505438596491228,4.43,7,221
raisel iglesias,ATL,2024,R,95.6,0.3002801724137931,0.2684784482758621,2.29,0,259
randy rodriguez,SFG,2024,,97.6,0.3006576576576577,0.2475045045045045,3.27,0,221
randy vasquez,SDP,2024,R,94.3,0.1903331353919239,0.1475665083135391,5.88,0,431
ranger suarez,PHI,2024,L,91.8,0.2134039115646258,0.2315731292517007,3.64,28,626
ray kerr,ATL,2024,,95.2,0.3652051282051282,0.3035897435897435,,2,0
reed garrett,NYM,2024,,96.8,0.3713897959183673,0.3165275510204081,3.15,0,247
reese olson,DET,2024,,94.2,0.2792120885051268,0.2278726389638424,3.62,23,465
reid detmers,LAA,2024,L,93.8,0.286440188172043,0.2644146505376344,4.05,17,391
reynaldo lopez,ATL,2024,R,95.5,0.2745443786982248,0.2631913214990138,3.91,0,543
rhett lowder,CIN,2024,R,93.5,0.2051047381546134,0.1550598503740648,,6,0
richard fitts,BOS,2024,,94.5,0.1566470588235294,0.0900588235294117,,4,0
river ryan,LAD,2024,,96.3,0.1860864864864865,0.1815891891891892,,4,0
roansy contreras,LAA,2024,,94.7,0.198136690647482,0.1875077081192189,4.97,3,298
robbie ray,SFG,2024,L,94.1,0.3371014492753623,0.3223913043478261,,7,0
robert garcia,WSN,2024,L,94.5,0.2913915343915343,0.2976444444444444,2.52,0,251
robert gasser,MIL,2024,,93.3,0.239055737704918,0.1877311475409835,,5,0
robert suarez,SDP,2024,R,99.1,0.222415294117647,0.2299423529411764,3.03,0,258
roddery munoz,MIA,2024,R,95.4,0.2315555555555555,0.1806013468013467,6.77,0,379
ronel blanco,HOU,2024,,93.4,0.2851697564521991,0.2390130861504907,3.94,29,676
ronny henriquez,MIN,2024,,95.7,0.2689999999999999,0.206,,1,0
ross stripling,ATH,2024,,91.7,0.1665914585012086,0.1362111200644641,4.77,14,381
ryan brasier,LAD,2024,,94.5,0.2597698113207547,0.287966037735849,,6,0
ryan burr,TOR,2024,,94.1,0.311311072056239,0.3324604569420035,,4,0
ryan feltner,COL,2024,R,94.6,0.2325820721769499,0.1973042297244858,4.37,30,692
ryan fernandez,STL,2024,R,95.5,0.3015004226542688,0.2461487743026204,3.49,0,285
ryan helsley,STL,2024,R,99.6,0.3518600917431193,0.2754942660550458,2.71,0,266
ryan pepiot,TBR,2024,,94.9,0.2969688398849472,0.2642919463087248,3.59,26,539
ryan pressly,HOU,2024,,93.8,0.264481559536354,0.2437291886195995,3.91,0,244
ryan thompson,ARI,2024,R,92.5,0.2294933469805527,0.2075905834186284,3.97,0,272
ryan walker,SFG,2024,R,94.5,0.2744237427864798,0.3199150865622424,2.6,1,308
ryan weathers,MIA,2024,L,95.9,0.2747948717948718,0.2302649572649572,4.14,16,367
ryan yarbrough,TOR,2024,L,86.6,0.2050523525513585,0.1580225314777998,4.25,0,398
ryne nelson,ARI,2024,R,95.2,0.1820393734123624,0.2059187129551227,4.08,25,630
ryne stanek,NYM,2024,R,97.8,0.3434042105263157,0.2694757894736842,3.44,0,241
sam aldegheri,LAA,2024,L,,0.1939999999999999,0.1,,3,0
scott barlow,CLE,2024,R,91.4,0.3364099502487561,0.2752796019900497,4.11,0,241
scott mcgough,ARI,2024,,93.1,0.2753890063424947,0.2020105708245242,,2,0
sean burke,CHW,2024,R,95.3,0.3169765258215962,0.2537183098591549,,3,0
sean hjelle,SFG,2024,,94.6,0.2045177832919768,0.2162043010752688,3.57,0,337
sean manaea,NYM,2024,L,92.2,0.2648681575433912,0.2454813084112149,3.75,36,738
seranthony dominguez,BAL,2024,R,97.7,0.2644594078319007,0.2594240687679082,3.72,0,255
seth lugo,KCR,2024,R,92.2,0.2192409120951751,0.2193978849966953,3.75,35,836
seth martinez,HOU,2024,,90.8,0.2294128878281623,0.1663890214797135,4.08,0,222
shane baz,TBR,2024,R,95.6,0.2453009950248756,0.2086749585406301,3.64,14,319
shaun anderson,MIA,2024,R,,0.1214642857142857,0.1016428571428571,,2,0
shawn armstrong,CHC,2024,R,93.3,0.2206920039486673,0.2112833168805528,5.1,7,295
shawn dubin,HOU,2024,,95.0,0.2453513157894736,0.2165092105263157,3.97,2,207
shelby miller,DET,2024,,93.5,0.2430882352941176,0.2149411764705882,3.72,0,225
shota imanaga,CHC,2024,L,91.7,0.2801552361396304,0.251252977412731,3.34,29,694
simeon woods richardson,MIN,2024,R,93.1,0.2227289760348584,0.2053969498910675,4.05,28,569
slade cecconi,ARI,2024,R,94.4,0.1867011101622545,0.179730145175064,4.49,13,338
sonny gray,STL,2024,R,92.4,0.2916536447845348,0.2519754329440193,3.64,28,671
spencer arrighetti,HOU,2024,R,94.1,0.2853820224719101,0.2732186998394864,4.02,28,632
spencer bivens,SFG,2024,,94.5,0.1799353846153846,0.1809953846153845,,2,0
spencer howard,CLE,2024,,93.8,0.247534,0.195366,,3,0
spencer schwellenbach,ATL,2024,,96.1,0.273111817700053,0.2450943296237414,3.42,21,500
spencer turnbull,PHI,2024,,92.0,0.2330143999999999,0.2342591999999999,4.02,7,222
stephen kolek,SDP,2024,,95.8,0.1945833333333333,0.1103,4.55,0,211
steven matz,STL,2024,L,90.2,0.186751552795031,0.1808447204968944,,7,0
steven okert,MIN,2024,L,93.0,0.2448571428571428,0.2395714285714285,,1,0
t.j. mcfarland,ATH,2024,,88.0,0.1999700598802395,0.1774682634730539,3.42,0,235
taijuan walker,PHI,2024,R,91.5,0.1620241134751773,0.1538978723404255,6.98,15,381
taj bradley,TBR,2024,R,96.4,0.2800191804707934,0.2609760244115083,4.14,25,578
tanner banks,PHI,2024,L,93.6,0.2617768313458262,0.2515843270868825,3.34,2,310
tanner bibee,CLE,2024,R,94.6,0.2696719464977121,0.2616705385427666,3.75,35,710
tanner gordon,COL,2024,R,92.1,0.1901689655172413,0.1576413793103448,,8,0
tanner houck,BOS,2024,,95.1,0.2251426448736998,0.2136920505200594,4.14,30,743
tanner rainey,WSN,2024,,94.0,0.2716868250539956,0.1975010799136069,5.48,0,231
tanner scott,SDP,2024,L,97.0,0.3293333333333333,0.2895925925925925,2.97,0,294
tarik skubal,DET,2024,L,96.9,0.3151001841620626,0.3088895027624309,2.66,34,753
tayler scott,HOU,2024,,92.7,0.298531746031746,0.2633192239858906,3.49,1,282
taylor rogers,SFG,2024,L,93.0,0.2210092421441774,0.2568604436229205,3.2,0,249
tim herrin,CLE,2024,L,95.5,0.2861780415430267,0.2513887240356083,3.27,0,257
tim hill,NYY,2024,L,90.7,0.117422126745435,0.1118700322234156,3.57,0,291
tobias myers,MIL,2024,R,92.9,0.21790203685742,0.2253385063045586,4.11,26,569
tommy henry,ARI,2024,,89.8,0.149761102603369,0.1556952526799387,,7,0
tony santillan,CIN,2024,R,97.2,0.3418787878787879,0.3983170163170163,,1,0
trent thornton,SEA,2024,,95.5,0.2781157102539981,0.2637789275634995,3.39,0,294
trevor richards,MIN,2024,,92.3,0.240172236503856,0.2260899742930591,3.67,2,277
trevor rogers,BAL,2024,L,91.9,0.2077940258582256,0.1751217119928667,5.1,25,562
trevor williams,WSN,2024,,88.9,0.2337537593984962,0.2288590225563909,3.25,13,260
tristan beck,SFG,2024,,,0.2,0.179,,1,0
triston mckenzie,CLE,2024,,91.1,0.2322116564417178,0.2242960122699386,5.48,16,340
ty blach,COL,2024,,89.1,0.1446451897616946,0.1110829655781112,7.16,12,330
ty madden,DET,2024,,94.4,0.157,0.186,,1,0
tyler alexander,TBR,2024,L,89.6,0.1981035520770619,0.1976905478627333,4.64,9,455
tyler anderson,LAA,2024,,89.5,0.2741506993006993,0.1779321678321678,4.37,31,765
tyler ferguson,ATH,2024,,95.9,0.2745021582733813,0.3328043165467626,3.67,0,207
tyler glasnow,LAD,2024,R,96.3,0.3108557931377424,0.3250233714569866,2.64,22,522
tyler holton,DET,2024,L,92.0,0.245330553449583,0.2224086429112964,2.77,11,354
tyler kinley,COL,2024,R,95.8,0.3107785588752196,0.256433216168717,4.46,0,285
tyler mahle,TEX,2024,R,,0.262,0.1939999999999999,,3,0
tyler phillips,PHI,2024,R,92.7,0.2178967032967033,0.1449384615384615,,7,0
tyler rogers,SFG,2024,R,82.3,0.1921004016064257,0.1797469879518072,3.06,0,290
tyler wells,BAL,2024,R,92.5,0.196,0.192,,3,0
tylor megill,NYM,2024,,95.7,0.2882920426579163,0.2568031173092699,4.14,15,337
tyson miller,CHC,2024,,89.6,0.2723877790834312,0.2259388954171562,3.39,0,235
valente bellozo,MIA,2024,R,89.2,0.2000386029411764,0.150828125,5.03,13,295
victor vodnik,COL,2024,R,98.0,0.2194597014925373,0.203176119402985,4.87,0,320
walker buehler,LAD,2024,R,95.0,0.2007675159235668,0.1883949044585987,4.68,19,344
walter pennington,TEX,2024,,89.6,0.2970851063829787,0.2471063829787234,,1,0
will vest,DET,2024,R,96.1,0.2351164122137404,0.2229217557251908,3.91,0,289
will warren,NYY,2024,R,93.8,0.2079846743295019,0.2471072796934866,,5,0
xzavion curry,MIA,2024,,92.1,0.2098317307692307,0.1573541666666666,,5,0
yariel rodriguez,TOR,2024,,93.9,0.2470267857142857,0.2048556547619047,3.91,0,368
yennier cano,BAL,2024,R,96.5,0.2855353535353536,0.2610549943883277,3.72,0,249
yohan ramirez,BOS,2024,R,94.8,0.227679817905918,0.2126600910470409,4.52,0,208
yonny chirinos,MIA,2024,,93.0,0.2119362186788154,0.1574601366742596,,6,0
yoshinobu yamamoto,LAD,2024,R,95.5,0.275170542635659,0.2938178294573643,3.44,22,368
yu darvish,SDP,2024,,94.1,0.2435597426470588,0.224267463235294,3.59,18,331
yuki matsui,SDP,2024,,92.2,0.3252739443872297,0.2777538619979402,2.94,0,257
yusei kikuchi,HOU,2024,L,95.5,0.2916760177899418,0.2792993499828943,3.67,32,736
zac gallen,ARI,2024,R,93.7,0.2444328482328482,0.2435596673596673,3.94,28,621
zach eflin,BAL,2024,R,92.5,0.2118271908271908,0.198536855036855,3.72,29,684
zach plesac,LAA,2024,,,0.065,0.0,,3,0
zach pop,TOR,2024,R,96.1,0.2233333333333333,0.1675,4.64,0,209
zack kelly,BOS,2024,R,96.5,0.2787340314136126,0.2598502617801047,4.16,3,241
zack littell,TBR,2024,R,92.4,0.2279674044265593,0.2155859154929577,4.37,29,656
zack thompson,STL,2024,,90.7,0.212,0.25,,2,0
zack wheeler,PHI,2024,R,95.3,0.2779706445437141,0.2878640714741544,2.75,33,787
zebby matthews,MIN,2024,,94.9,0.2392348111658456,0.2500229885057471,,9,0
aaron ashby,MIL,2025,L,96.9,0.2856422200198216,0.2834172447968285,3.12,4,270
aaron bummer,ATL,2025,L,91.6,0.2222748466257668,0.2190834355828221,4.22,2,236
aaron civale,CHC,2025,R,92.1,0.2206012195121951,0.2046298780487804,4.1,18,435
aaron nola,PHI,2025,R,91.9,0.241407525510204,0.2324311224489795,4.13,18,404
abner uribe,MIL,2025,R,99.8,0.3257058823529412,0.3047058823529412,2.76,0,298
adam mazur,MIA,2025,,94.8,0.2305283582089551,0.1803253731343283,,6,0
adrian houser,TBR,2025,R,95.3,0.1836939746300211,0.1804334038054968,4.04,21,518
adrian morejon,SDP,2025,L,96.5,0.2192769409038238,0.2324634994206257,2.63,0,286
aj blubaugh,HOU,2025,R,94.6,0.3066239669421488,0.2687933884297521,,3,0
aj smith-shawver,ATL,2025,,95.6,0.2654746945898778,0.2308429319371727,,9,0
alex vesia,LAD,2025,L,92.7,0.3130375,0.35105,3.07,0,237
andre pallante,STL,2025,R,94.5,0.2351262421788737,0.1737405226352594,4.3,31,715
andres munoz,SEA,2025,R,98.4,0.3530552813425469,0.3173139190523198,2.82,0,254
andrew abbott,CIN,2025,L,92.8,0.2365382513661202,0.2211530054644809,3.56,29,684
andrew alvarez,WSN,2025,L,91.3,0.173992156862745,0.2299882352941176,,5,0
andrew heaney,LAD,2025,,90.1,0.1998448607108549,0.1643890489913544,5.66,23,536
andrew kittredge,CHC,2025,R,94.7,0.291385294117647,0.2742411764705882,2.78,1,208
angel chivilli,COL,2025,R,97.1,0.2860655577299413,0.1710009784735812,5.48,0,275
angel zerpa,KCR,2025,L,96.2,0.1578130311614731,0.2138271954674221,4.02,2,275
anthony banda,LAD,2025,L,95.9,0.2779834146341463,0.2452614634146341,3.61,1,269
anthony bender,MIA,2025,R,95.6,0.2038322147651006,0.2172147651006711,3.56,0,204
anthony desclafani,ARI,2025,,93.9,0.2754034749034749,0.2388803088803088,,4,0
anthony molina,COL,2025,,95.6,0.136,0.122,,1,0
anthony veneziano,STL,2025,,94.0,0.2483017902813299,0.2421841432225063,,1,0
antonio senzatela,COL,2025,R,95.0,0.1845022421524663,0.1197461883408071,6.98,23,618
aroldis chapman,BOS,2025,L,98.4,0.3573773173391494,0.3599203925845147,2.11,0,228
austin cox,ATL,2025,,92.7,0.15846735395189,0.1973951890034364,,1,0
austin gomber,COL,2025,,89.4,0.1464441988950276,0.1217138121546961,6.04,12,272
bailey falter,KCR,2025,L,92.1,0.1804586349534643,0.1575667011375387,4.9,24,518
bailey ober,MIN,2025,R,90.3,0.2488439490445859,0.2054558689717925,4.36,27,624
beau brieske,DET,2025,,95.7,0.204,0.192,,1,0
ben brown,CHC,2025,R,95.8,0.266155449672424,0.240697438951757,4.55,15,472
ben casparius,LAD,2025,R,96.2,0.2806003210272873,0.2218186195826645,3.71,3,333
ben lively,CLE,2025,,89.8,0.1781016949152542,0.1764406779661017,,9,0
blade tidwell,NEW YORK,2025,R,95.8,,,,2,0
blake snell,LAD,2025,,95.1,0.3354748358862144,0.2755361050328228,3.28,16,254
bowden francis,TOR,2025,,92.5,0.2130692737430167,0.1917675977653631,6.08,14,288
brad keller,CHC,2025,R,97.2,0.2660251572327043,0.2607421383647799,2.8,1,276
brad lord,WSN,2025,R,94.8,0.2140404896421845,0.2045856873822975,4.73,19,546
bradley blalock,COL,2025,,94.6,0.1601742497579864,0.1011016456921587,7.62,12,275
brady basso,ATH,2025,L,,0.151,0.067,,1,0
brady singer,CIN,2025,R,91.3,0.232741052631579,0.2271228070175438,4.27,32,716
brandon eisert,CHW,2025,L,89.7,0.3288927659574468,0.2601131914893617,4.1,3,306
brandon pfaadt,ARI,2025,R,93.6,0.2241631254283756,0.1956024674434544,5.3,33,767
brandon sproat,NYM,2025,R,96.7,0.065,0.118,,4,0
brandon waddell,NYM,2025,,90.7,0.2008164556962025,0.1522056962025316,,1,0
brandon walter,HOU,2025,,91.8,0.2501265356265356,0.2496535626535626,3.26,9,212
brandon woodruff,MIL,2025,R,93.1,0.2718318777292576,0.2857063318777292,2.22,12,257
brandon young,BAL,2025,R,93.8,0.2142176308539945,0.2142438016528925,4.27,12,256
brant hurter,DET,2025,L,92.1,0.2559839357429718,0.232863453815261,3.64,4,277
braxton ashcraft,PIT,2025,R,97.0,0.2726191369606003,0.247545966228893,3.43,8,292
brayan bello,BOS,2025,R,95.1,0.1975291064145347,0.1806466444197256,4.48,29,700
braydon fisher,TOR,2025,R,95.5,0.2893737623762377,0.3112066831683169,,1,0
brenan hanifee,DET,2025,R,96.1,0.164485651214128,0.1571964679911699,4.13,0,260
brendon little,TOR,2025,L,93.4,0.4373963254593175,0.3128083989501312,3.36,0,295
brennan bernardino,BOS,2025,L,92.6,0.192799711815562,0.2229394812680115,3.38,3,225
brent suter,CIN,2025,L,87.3,0.2212867383512545,0.1862535842293907,4.1,3,291
brock burke,LAA,2025,L,96.1,0.2455391211146838,0.2165391211146838,3.79,1,257
bryan abreu,HOU,2025,R,97.3,0.4117538461538461,0.3546615384615384,3.41,0,296
bryan baker,TBR,2025,R,96.7,0.291065335753176,0.3017386569872958,4.02,0,274
bryan king,HOU,2025,L,92.0,0.247841726618705,0.2529999999999999,3.07,0,275
bryan woo,SEA,2025,R,95.7,0.2613139277818718,0.2804937361827561,3.07,30,731
bryce elder,ATL,2025,R,92.8,0.2164347653142402,0.1933750994431185,4.73,28,679
bryce miller,SEA,2025,,94.8,0.2282460850111856,0.1901342281879194,5.27,21,392
bryse wilson,CHW,2025,,92.6,0.1692037470725995,0.1309683840749414,8.26,5,224
bubba chandler,PIT,2025,R,98.9,0.3339263456090651,0.2584192634560906,,4,0
cade cavalli,WSN,2025,R,97.1,0.2935297372060857,0.2023457814661134,4.13,10,219
cade gibson,MIA,2025,L,91.9,0.2349959183673469,0.2027414965986394,3.82,1,230
cade horton,CHC,2025,R,95.7,0.2545183649289099,0.2114934834123222,3.88,22,476
cade povich,BAL,2025,L,92.2,0.2398046218487394,0.2358235294117646,5.44,20,488
cade smith,CLE,2025,R,96.4,0.3366824512534819,0.3585506035283194,2.51,0,300
caden dana,LAA,2025,,94.9,0.1838725490196078,0.1784803921568627,,5,0
cal quantrill,ATL,2025,R,93.7,0.2011816816816817,0.1652662662662662,5.81,26,513
caleb boushley,TEX,2025,,91.9,0.1438615071283095,0.2295885947046843,,1,0
caleb ferguson,SEA,2025,,93.9,0.2150076775431861,0.1891142034548944,3.48,0,270
caleb thielbar,CHC,2025,L,92.8,0.2831112676056337,0.2737929577464789,2.49,0,220
calvin faucher,MIA,2025,R,96.0,0.2403893709327548,0.235441431670282,4.36,0,255
cam schlittler,NYY,2025,R,98.0,0.2688243601059135,0.2969170344218888,4.13,16,304
camilo doval,NYY,2025,R,96.6,0.2785757026291931,0.2381659111514052,3.64,0,278
carlos carrasco,ATL,2025,R,91.5,0.2201516452074391,0.1635722460658082,5.37,9,212
carlos estevez,KCR,2025,R,95.9,0.1901438159156279,0.2028897411313518,3.69,0,269
carlos hernandez,CLE,2025,,97.7,0.2830549132947976,0.2100606936416184,5.55,0,203
carlos rodon,NYY,2025,,94.1,0.3006520752269779,0.2518738651102464,3.36,0,789
carlos vargas,SEA,2025,,97.6,0.1804257812499999,0.14391015625,3.66,0,331
carmen mlodzinski,PIT,2025,R,96.1,0.2235358444714459,0.2106688942891859,4.07,12,419
carson palmquist,COL,2025,,90.4,0.213875,0.174,,7,0
carson seymour,SFG,2025,,96.8,0.2269471698113207,0.1767018867924528,,3,0
carson whisenhunt,SFG,2025,,92.6,0.2273948126801152,0.1523804034582132,,5,0
casey legumina,SEA,2025,R,94.3,0.2438269454123112,0.2385423925667828,3.82,1,219
casey mize,DET,2025,R,94.6,0.2362035699107522,0.2196918827029324,3.66,30,627
chad patrick,MIL,2025,R,94.2,0.2231452991452991,0.2470571581196581,3.88,23,503
charlie morton,ATL,2025,,94.2,0.2749811616954474,0.2220047095761381,4.67,27,654
chase burns,CIN,2025,R,98.7,0.3209228571428572,0.3618171428571428,,8,0
chase dollander,COL,2025,R,98.0,0.231011811023622,0.1874814398200224,5.13,21,441
chayce mcdermott,BAL,2025,,,0.1889999999999999,0.161,,1,0
chris bassitt,TOR,2025,R,91.5,0.2344738292011019,0.2407170405352223,4.16,31,736
chris devenski,NYM,2025,,92.4,0.25,0.281,,1,0
chris flexen,CHC,2025,,92.4,0.1610824742268041,0.1097972508591065,,1,0
chris paddack,DET,2025,R,93.7,0.2047706422018348,0.1666150777822098,5.03,28,670
chris sale,ATL,2025,L,94.8,0.3054204081632653,0.3287704081632653,2.87,20,510
clarke schmidt,NYY,2025,,94.3,0.2713389232127096,0.2137758164165931,3.02,14,316
clay holmes,NYM,2025,R,93.2,0.2187651953690303,0.1854992764109985,4.33,31,708
clayton kershaw,LAD,2025,,89.0,0.2189476219145093,0.1727104154124021,3.79,22,463
cole henry,WSN,2025,R,94.4,0.2701513812154696,0.2338508287292818,4.48,0,241
cole ragans,KCR,2025,L,95.3,0.3564494163424125,0.3846177042801556,2.67,13,257
cole sands,MIN,2025,R,95.0,0.2283959613696224,0.2188244073748902,3.88,3,299
colin rea,CHC,2025,R,93.9,0.2212068693249111,0.1908270825108566,4.51,27,662
colton gordon,HOU,2025,L,91.1,0.180686524822695,0.1933702127659574,4.64,14,379
connelly early,BOSTON,2025,L,94.0,,,,5,0
connor gillispie,MIA,2025,,91.3,0.2038880407124681,0.1965038167938931,,6,0
cooper criswell,BOS,2025,R,89.4,0.212,0.115,,1,0
corbin burnes,ARI,2025,,95.6,0.2494722222222222,0.2211271367521367,3.88,11,265
cristian javier,HOU,2025,R,92.9,0.2533801652892561,0.2478904958677686,,8,0
cristopher sanchez,PHI,2025,L,95.4,0.2911961325966851,0.259414364640884,3.02,0,807
daniel lynch,KCR,2025,L,94.1,0.2177023445463812,0.1629225280326197,4.51,2,289
daniel palencia,CHC,2025,R,99.6,0.2722386934673367,0.2825904522613065,3.26,0,215
danny coulombe,TEX,2025,L,90.3,0.2615859598853868,0.2397077363896848,,1,0
david bednar,NYY,2025,R,97.1,0.3253388671875,0.3540673828125,2.84,0,251
david festa,MIN,2025,,94.1,0.2747528344671202,0.2359274376417233,4.86,10,229
david morgan,SDP,2025,R,97.9,0.2537947712418301,0.2613633986928105,,2,0
david peterson,NYM,2025,L,92.3,0.2308477213782883,0.2010233419785105,4.61,30,723
davis martin,CHW,2025,R,94.0,0.2095726786582402,0.179195430238211,5.13,25,601
dean kremer,BAL,2025,R,93.3,0.2239118631461509,0.1933510598735589,3.82,29,708
dennis santana,PIT,2025,R,94.7,0.2795790172642762,0.2502921646746348,3.51,0,270
devin williams,NYY,2025,R,94.1,0.3763270440251572,0.3504986522911051,3.02,0,259
didier fuentes,ATL,2025,R,96.0,0.188,0.119,,4,0
dietrich enns,BAL,2025,L,94.0,0.2694486803519061,0.2612067448680351,,3,0
dl hall,MIL,2025,L,94.2,0.2126082474226804,0.1947242268041237,,3,0
drew pomeranz,CHC,2025,L,92.7,0.246115,0.28334,3.48,5,203
drew rasmussen,TBR,2025,R,95.8,0.2201585542168674,0.2146949397590361,3.48,31,585
dustin may,BOS,2025,R,95.4,0.2008205485820548,0.2201194793119479,5.2,23,584
dylan cease,SDP,2025,R,97.1,0.3353987581924801,0.2985032769920662,3.46,33,722
dylan lee,ATL,2025,L,94.1,0.3302068965517241,0.2875263157894737,2.93,0,266
easton lucas,TOR,2025,,93.8,0.271,0.246,,5,0
eduard bazardo,SEA,2025,R,94.8,0.1951889632107023,0.2619138795986622,3.33,0,313
eduardo rodriguez,ARI,2025,R,92.0,0.2285618159708147,0.2092188893392784,4.51,0,694
edward cabrera,MIA,2025,R,97.0,0.2946345470692718,0.2645683836589698,4.04,26,581
edwin diaz,NYM,2025,R,97.2,0.4157917448405253,0.3767917448405253,2.49,0,258
edwin uceta,TBR,2025,,94.0,0.3636614853195163,0.3180734024179619,3.88,0,321
elvis peguero,CHW,2025,,,0.154,0.143,,1,0
emerson hancock,SEA,2025,R,94.9,0.1987303779069767,0.1637420058139534,5.51,16,385
emilio pagan,CIN,2025,R,95.8,0.2914541198501872,0.2986441947565543,2.89,0,270
emmet sheehan,LAD,2025,R,95.6,0.3269302325581396,0.3025711627906977,3.0,12,291
enyel de los santos,HOU,2025,R,96.2,0.3019791855203619,0.2240398190045248,4.16,0,280
eric lauer,TOR,2025,L,91.7,0.2422598577892695,0.2491829347123464,3.88,15,426
erick fedde,MIL,2025,R,92.8,0.1755587734241908,0.1329616695059625,5.41,24,623
eury perez,MIA,2025,R,97.9,0.2801199469847581,0.2638349900596421,3.23,0,385
framber valdez,HOU,2025,L,95.5,0.2656753291753292,0.2348724878724878,3.79,31,802
frankie montas,NYM,2025,,95.6,0.2445133928571428,0.2277499999999999,,7,0
fraser ellard,CHW,2025,,94.9,0.295,0.2189999999999999,,3,0
freddy peralta,MIL,2025,R,94.8,0.2986285620700949,0.2781752374713396,3.43,36,723
gabe speier,SEA,2025,L,95.0,0.3018925081433224,0.3247307274701411,2.49,0,243
garrett cleavinger,TBR,2025,L,97.1,0.3560861466821886,0.3033690337601862,3.21,0,243
garrett crochet,BOS,2025,L,96.4,0.2854865671641791,0.3032845771144278,2.89,33,814
garrett whitlock,BOS,2025,R,95.8,0.3268560411311054,0.2987429305912596,2.8,0,293
gavin williams,CLE,2025,R,96.6,0.2815299349982894,0.2489202873759836,4.3,32,704
george kirby,SEA,2025,R,96.1,0.2641995967741936,0.264969254032258,3.88,27,524
german marquez,COL,2025,R,94.8,0.1855466601178781,0.1523993123772102,5.81,0,591
graham ashcraft,CIN,2025,R,,0.2903464870067372,0.2362194417709336,3.46,0,284
grant anderson,MIL,2025,R,93.5,0.3052666666666667,0.2769441441441442,3.71,0,299
grant holman,ATH,2025,,94.6,0.2498061538461538,0.1696830769230769,,2,0
grant holmes,ATL,2025,R,94.5,0.2861696750902527,0.2423965961835997,4.55,21,492
grant taylor,CHW,2025,R,98.7,0.3093041958041958,0.3528566433566433,,2,0
greg weissert,BOS,2025,R,94.1,0.216953813104189,0.1837067669172932,3.43,0,278
gregory soto,NYM,2025,L,97.2,0.2650179135932561,0.2293192834562697,3.85,0,279
griffin canning,NYM,2025,,94.1,0.2512613065326633,0.222786432160804,4.7,16,327
griffin jax,TBR,2025,R,97.0,0.3768242597898758,0.3597287488061126,3.26,2,283
gunnar hoglund,ATH,2025,,93.6,0.2303043478260869,0.1849565217391304,,6,0
hayden birdsong,SFG,2025,,95.5,0.2857402044293015,0.2320451448040885,4.7,10,298
hayden wesneski,HOU,2025,,93.9,0.1992218649517685,0.2322700964630225,,6,0
hoby milner,TEX,2025,L,87.9,0.1527346585998271,0.2008392394122731,3.79,0,293
hogan harris,ATH,2025,L,93.5,0.2345004793863854,0.2480862895493768,3.85,0,277
huascar brazoban,NYM,2025,R,96.5,0.2243721719457013,0.2098009049773755,3.96,0,262
hunter brown,HOU,2025,R,96.6,0.2822328767123288,0.2947493150684931,3.14,31,729
hunter dobbins,BOS,2025,,95.5,0.2171744324970131,0.1747718040621266,3.93,11,256
hunter gaddis,CLE,2025,R,94.7,0.3321668255481411,0.2743898951382268,3.66,0,274
hunter greene,CIN,2025,,99.5,0.3200967926689576,0.3050687285223367,3.05,20,420
hurston waldrep,ATL,2025,,95.5,0.2828903020667726,0.2494038155802861,3.99,9,229
ian hamilton,NYY,2025,R,95.4,0.2895412186379928,0.2457885304659497,,1,0
ian seymour,TBR,2025,L,91.6,0.2664852071005917,0.2651183431952663,3.93,5,242
j.t. ginn,ATH,2025,R,93.4,0.2809441269841269,0.260375873015873,3.74,16,392
jack dreyer,LAD,2025,L,92.7,0.2639302103250478,0.2444015296367112,2.69,5,307
jack flaherty,DET,2025,R,92.9,0.2677446573323507,0.2805276344878408,3.99,33,681
jack kochanowicz,LAA,2025,R,95.5,0.2081840688912809,0.1439198062432723,5.88,23,512
jack leiter,TEX,2025,R,97.3,0.2472326751838947,0.2314390243902438,4.45,29,646
jack perkins,ATH,2025,R,96.0,0.3093235294117646,0.2346659663865546,,4,0
jackson jobe,DET,2025,,96.5,0.2527114427860696,0.1811343283582089,4.93,10,218
jackson rutledge,WSN,2025,R,95.6,0.2562083644510829,0.2037565347274085,4.73,0,331
jacob degrom,TEX,2025,R,97.5,0.306453043127771,0.2790378879484079,3.36,30,669
jacob latz,TEX,2025,L,94.2,0.295635103926097,0.2205227097767513,4.13,8,348
jacob lopez,ATH,2025,L,90.8,0.2835042016806722,0.2911782713085234,3.64,17,399
jacob misiorowski,MIL,2025,R,99.3,0.2898995433789954,0.3007945205479452,3.41,14,272
jacob webb,TEX,2025,R,93.4,0.2704233128834355,0.2187484662576687,3.23,0,267
jake bird,NYY,2025,R,94.4,0.2858949624866023,0.2827352625937835,3.85,0,248
jake irvin,WSN,2025,R,92.4,0.1828699048913043,0.1619656929347825,5.59,33,787
jakob junis,CLE,2025,R,91.2,0.2344601487778958,0.2211594048884166,4.04,0,274
jalen beeks,ARI,2025,L,94.4,0.2711272727272727,0.2037272727272727,3.88,2,231
jameson taillon,CHC,2025,R,92.3,0.2027801920161697,0.1852167761495705,3.85,25,519
janson junk,MIA,2025,R,93.6,0.1804124537607891,0.171675709001233,4.45,16,447
jared koenig,MIL,2025,L,96.5,0.2172044967880085,0.2494325481798715,2.82,0,268
jared shuster,CHW,2025,L,92.6,0.2526217616580311,0.1971917098445595,,2,0
jason adam,SDP,2025,R,94.6,0.3309012915129151,0.2633164206642067,2.76,0,270
jason alexander,HOU,2025,,91.9,0.2295424413904608,0.1969442198868229,4.86,13,336
javier assad,CHC,2025,R,92.2,0.1665423728813559,0.1065536723163841,,7,0
jeff hoffman,TOR,2025,R,96.4,0.3214605146406388,0.300994676131322,3.74,0,287
jeffrey springs,ATH,2025,L,90.7,0.2457488584474886,0.1875872848612574,4.3,30,713
jeremiah estrada,SDP,2025,R,97.9,0.3571059870550161,0.350752427184466,2.76,0,304
jesus luzardo,PHI,2025,L,96.5,0.3119867241951543,0.2902887487553933,3.33,0,758
jhoan duran,PHI,2025,R,100.6,0.3060702274975271,0.2760771513353116,2.51,0,287
jimmy herget,COL,2025,R,93.0,0.2601042183622828,0.2228709677419355,3.31,0,347
joe boyle,TBR,2025,R,98.5,0.2901221864951768,0.2458660235798499,4.04,9,226
joe ross,PHI,2025,R,94.2,0.2255055214723926,0.1601546012269938,6.08,1,228
joe ryan,MIN,2025,R,93.7,0.2614939155332856,0.2804373657838225,3.43,30,689
joey cantillo,CLE,2025,L,91.7,0.2839718998167379,0.2713976786805131,3.71,13,401
joey estes,ATH,2025,,,0.2239999999999999,0.148,,2,0
joey wentz,ATL,2025,,93.4,0.2337659817351598,0.2117711187214612,4.55,13,442
johan oviedo,PIT,2025,R,95.5,0.3053911504424779,0.2775044247787611,,9,0
john king,STL,2025,L,93.6,0.1941829436038514,0.1126960110041265,4.8,0,222
john schreiber,KCR,2025,R,93.8,0.223962962962963,0.2176403508771929,4.02,0,265
jojo romero,STL,2025,L,94.2,0.2605725190839694,0.1996052344601963,3.48,0,255
jonah tong,NYM,2025,,95.2,0.2226761904761905,0.2673428571428571,,5,0
jonathan bowlan,KCR,2025,R,95.5,0.3669127516778523,0.2955335570469798,,1,0
jonathan cannon,CHW,2025,R,93.8,0.2106756152125279,0.1834602908277404,5.37,17,466
jordan hicks,BOS,2025,R,97.4,0.1977236714975845,0.1707371980676328,4.61,9,314
jordan leasure,CHW,2025,R,96.2,0.3232442396313364,0.3083870967741935,3.19,1,269
jorge alcala,STL,2025,,97.4,0.2552466281310211,0.240645472061657,4.48,0,257
jose a. ferrer,WSN,2025,L,97.9,0.2419140316205533,0.1956541501976284,3.56,0,324
jose berrios,TOR,2025,,93.0,0.2132272551296941,0.1950871080139372,4.8,0,698
jose butto,SFG,2025,R,95.2,0.2936502946954813,0.2065569744597249,4.51,0,284
jose quintana,MIL,2025,L,90.4,0.1803693652253909,0.1591761729530819,5.2,25,556
jose soriano,LAA,2025,R,97.9,0.2787945205479452,0.2310396539293439,4.04,0,724
jose urena,LAA,2025,,96.3,0.1907202970297029,0.1233960396039603,6.73,0,245
josh hader,HOU,2025,,95.5,0.4126000000000001,0.3755666666666667,2.0,0,206
jp sears,SDP,2025,,92.2,0.2159587234042553,0.1979293617021277,4.24,27,583
jt brubaker,SFG,2025,R,93.7,0.079,0.053,,1,0
juan mejia,COL,2025,R,96.6,0.3046989748369059,0.2618052190121155,2.98,0,261
justin hagenman,NYM,2025,,93.0,0.2070093896713615,0.1669014084507042,,1,0
justin steele,CHC,2025,,90.8,0.1987554744525548,0.239948905109489,,4,0
justin sterner,ATH,2025,R,93.5,0.3081373626373627,0.2585906593406593,3.33,1,266
justin topa,MIN,2025,R,94.2,0.1881450459652706,0.1995434116445352,4.42,1,268
justin verlander,SFG,2025,R,93.9,0.2448571978444957,0.2011250962278676,4.24,29,662
justin wilson,BOS,2025,,94.5,0.3189509677419355,0.2670851612903225,3.61,0,207
justin wrobleski,LAD,2025,L,96.0,0.2381714015151515,0.2567263257575758,3.41,2,280
kai-wei teng,SFG,2025,R,93.2,0.3114285714285714,0.3321428571428571,,7,0
keegan akin,BAL,2025,L,93.7,0.2567797731568998,0.2187514177693761,4.67,3,268
keider montero,DET,2025,R,93.9,0.194953125,0.1857561141304348,4.67,12,389
kenley jansen,LAA,2025,R,93.2,0.2630800508259212,0.2293138500635324,3.74,0,234
kevin gausman,TOR,2025,R,94.5,0.268145640686922,0.2411931968295904,3.74,37,775
kodai senga,NYM,2025,R,94.7,0.2680261780104712,0.2311452879581151,3.96,22,482
kolby allard,CLE,2025,L,90.1,0.2013949671772429,0.1667253829321663,3.36,2,266
kris bubic,KCR,2025,L,92.1,0.2847793871866295,0.2442456824512535,3.16,20,476
kumar rocker,TEX,2025,R,95.8,0.245709219858156,0.2078986828774063,5.73,14,287
kyle bradish,BAL,2025,R,94.4,0.3161670533642691,0.3681647331786543,,6,0
kyle finnegan,DET,2025,R,96.3,0.2416555142503097,0.243811648079306,3.16,0,229
kyle freeland,COL,2025,L,91.6,0.2130072522159548,0.170342868654311,4.96,31,709
kyle gibson,BAL,2025,,91.5,0.111,0.172,,4,0
kyle harrison,BOS,2025,L,94.6,0.2689999999999999,0.2563636363636363,,6,0
kyle hart,SDP,2025,L,91.5,0.1998461538461538,0.219251282051282,,6,0
kyle hendricks,LAA,2025,,86.5,0.1790933488914819,0.1673496693893426,3.93,31,695
kyle leahy,STL,2025,R,95.4,0.2315629629629629,0.2218866666666666,4.45,1,363
lake bachar,MIA,2025,R,94.8,0.3007812773403324,0.2574558180227471,4.48,1,296
lance mccullers,HOU,2025,R,91.8,0.2428470474346563,0.2264501452081316,5.34,13,274
landen roupp,SFG,2025,R,93.1,0.2390489662676822,0.2130119695321001,4.24,22,476
landon knack,LAD,2025,,93.1,0.2191161178509531,0.2277123050259965,,7,0
logan allen,CLE,2025,,91.2,0.2068957486136784,0.1788210720887245,4.45,29,676
logan evans,SEA,2025,,92.8,0.1913923766816143,0.1689050822122571,5.23,15,350
logan gilbert,SEA,2025,R,95.4,0.3273545667447307,0.2998730679156908,3.09,28,535
logan henderson,MIL,2025,R,92.9,0.2814505494505494,0.3486373626373626,,5,0
logan webb,SFG,2025,R,92.8,0.2383939670932358,0.2552998171846435,3.58,34,856
lou trivino,PHI,2025,,94.8,0.2584079422382671,0.1894873646209386,5.09,2,207
louis varland,TOR,2025,R,98.1,0.2698482446206116,0.2765911664779162,4.02,2,296
lucas erceg,KCR,2025,R,97.6,0.2517684319833853,0.2075067497403946,3.85,0,249
lucas giolito,BOS,2025,,93.3,0.2277041575492341,0.1973741794310722,5.06,26,613
luis castillo,SEA,2025,R,95.0,0.2480522088353413,0.2267506693440428,4.04,34,745
luis garcia,LAA,2025,R,96.8,0.2555608646188851,0.243424345847554,4.48,2,233
luis gil,NYY,2025,R,95.3,0.2143577319587628,0.168880412371134,4.96,12,244
luis morales,ATH,2025,R,97.2,0.2342146666666666,0.2050426666666666,,9,0
luis ortiz,CLE,2025,,96.4,0.287213857428381,0.2464470353097934,4.77,16,382
luis severino,ATH,2025,R,96.1,0.1843668985719516,0.1751662394727206,4.61,29,705
luke jackson,SEA,2025,,94.2,0.2210569948186528,0.171580310880829,4.3,0,219
luke weaver,NYY,2025,R,95.1,0.3100128479657387,0.2935117773019272,2.93,0,262
mackenzie gore,WSN,2025,L,95.3,0.302972675656494,0.2632324343506033,4.33,30,679
marcus stroman,NYY,2025,,89.5,0.1855025295109612,0.135866779089376,,9,0
mark leiter,NYY,2025,R,93.5,0.3087166454891994,0.2364434561626429,3.74,0,219
martin perez,CHW,2025,L,89.6,0.2152704402515723,0.2018742138364779,5.37,0,228
mason barnett,ATH,2025,R,94.3,0.158,0.127,,5,0
mason fluharty,TOR,2025,L,91.6,0.3182214452214452,0.2662587412587412,3.31,0,215
mason miller,SDP,2025,R,101.2,0.45474,0.4492842105263158,2.53,0,234
mason montgomery,TBR,2025,L,98.7,0.3545122235157159,0.2985378346915017,4.58,0,209
matt festa,CLE,2025,R,92.1,0.2742223701731026,0.2297177097203728,3.46,0,226
matt gage,SFG,2025,L,92.5,0.2361490384615384,0.2214663461538461,,2,0
matt sauer,LAD,2025,,94.2,0.1753281853281853,0.1663359073359073,,1,0
matt strahm,PHI,2025,L,92.3,0.2410466058763931,0.2824569402228976,2.78,0,256
matt svanson,STL,2025,R,96.5,0.2333059936908517,0.2965194532071504,3.09,0,234
matthew boyd,CHC,2025,L,93.3,0.2337123088128186,0.214938091769847,3.74,34,718
matthew liberatore,STL,2025,L,93.9,0.1994689857502095,0.1974597652975691,4.86,29,648
max fried,NYY,2025,L,95.9,0.2787549885508668,0.242002616944717,3.38,34,801
max meyer,MIA,2025,R,95.0,0.279266304347826,0.2423282608695652,4.8,12,285
max scherzer,TOR,2025,R,93.6,0.2311727672035139,0.2262320644216691,4.64,20,358
mccade brown,COL,2025,,94.3,0.2268537859007832,0.1655143603133159,,7,0
merrill kelly,TEX,2025,R,91.9,0.2333279209318743,0.2242552064948817,4.16,32,748
michael king,SDP,2025,R,93.7,0.2534530434782608,0.2553243478260869,4.27,15,308
michael lorenzen,KCR,2025,R,93.9,0.2291993097497842,0.2064607420189818,4.61,26,606
michael mcgreevy,STL,2025,R,93.0,0.195078659370725,0.1535574555403557,4.67,16,400
michael soroka,CHC,2025,R,93.6,0.2507393582187295,0.262082514734774,3.53,17,379
michael wacha,KCR,2025,R,93.1,0.2124315196998124,0.1774041275797373,4.19,31,716
mick abel,MIN,2025,R,96.4,0.2677844202898551,0.2465634057971014,,8,0
mike burrows,PIT,2025,R,95.5,0.2757172413793103,0.2396096551724137,4.33,19,402
mike vasil,CHW,2025,,94.6,0.2380629820051413,0.2112924164524421,4.04,3,423
miles mikolas,STL,2025,R,93.0,0.1691025321710253,0.1529119966791199,5.27,31,669
mitch farris,LAA,2025,L,90.3,0.3014387096774193,0.2472838709677419,,5,0
mitch keller,PIT,2025,R,94.1,0.2056470177886292,0.1979759330310428,4.45,32,749
mitch spence,ATH,2025,R,92.6,0.2509985063480209,0.1717430918595967,5.7,8,375
mitchell parker,WSN,2025,L,93.0,0.1953112754158964,0.1437859519408503,5.96,30,725
nabil crismatt,ARI,2025,,89.1,0.2299526627218934,0.1795147928994082,,5,0
nathan eovaldi,TEX,2025,R,94.1,0.2776144514767932,0.2678860759493671,3.0,22,496
nestor cortes,SDP,2025,,90.1,0.2044689655172413,0.1655655172413793,,8,0
nick lodolo,CIN,2025,,93.9,0.2737707828894269,0.256590395480226,3.48,28,642
nick martinez,CIN,2025,R,92.6,0.1986135040745052,0.1721102056655025,4.04,26,683
nick mears,MIL,2025,R,95.4,0.2511901234567901,0.2149037037037037,4.42,0,222
nick pivetta,SDP,2025,R,93.8,0.2440375858330322,0.2688102638236357,3.96,32,721
noah cameron,KCR,2025,L,92.3,0.2610124768946395,0.1981469500924214,4.07,24,556
nolan mclean,NYM,2025,R,95.8,0.2686031195840554,0.3164280762564991,,8,0
orion kerkering,PHI,2025,R,97.5,0.2349095992544268,0.247121155638397,3.66,0,266
osvaldo bido,ATH,2025,R,94.5,0.2457577881619937,0.1909922118380062,5.37,10,363
pablo lopez,MIN,2025,,94.5,0.2549790874524715,0.2232785171102661,3.96,0,312
parker messick,CLE,2025,L,92.8,0.2616007326007326,0.247489010989011,,7,0
patrick corbin,TEX,2025,L,91.2,0.2726134185303514,0.2055990415335463,4.77,30,663
paul blackburn,NYY,2025,R,92.5,0.1838797127468582,0.1634488330341113,,4,0
paul skenes,PIT,2025,R,98.2,0.2997585719335454,0.2980420643336868,2.65,32,733
paxton schultz,TOR,2025,R,93.8,0.288735593220339,0.286,,2,0
payton tolle,BOS,2025,L,96.7,0.283,0.264,,3,0
pete fairbanks,TBR,2025,R,97.3,0.2580489977728284,0.2341603563474388,3.09,0,244
phil maton,TEX,2025,R,89.6,0.3737794117647058,0.3754705882352941,2.84,0,249
pierce johnson,ATL,2025,R,95.3,0.2623778501628664,0.2593702497285559,3.64,0,238
pierson ohl,MIN,2025,,91.9,0.1942844243792325,0.1707810383747178,,3,0
quinn priester,MIL,2025,,93.9,0.2386145619086795,0.2059909502262443,3.66,25,653
rafael montero,DET,2025,,95.1,0.3067355718782791,0.2314616998950682,3.58,0,253
raisel iglesias,ATL,2025,R,94.9,0.2864408713692946,0.2722209543568464,3.14,0,267
randy vasquez,SDP,2025,R,93.5,0.1571874405328259,0.1425432921027592,5.37,0,570
ranger suarez,PHI,2025,L,91.3,0.1966442060085837,0.2152690987124463,3.16,26,651
reed garrett,NYM,2025,,97.9,0.3106255319148936,0.2657361702127659,3.51,1,238
reese olson,DET,2025,,94.3,0.2694174311926605,0.2381651376146789,4.07,13,285
reid detmers,LAA,2025,L,95.8,0.3224334277620396,0.3011161473087819,3.61,0,266
richard fitts,BOS,2025,,95.9,0.2360700179533213,0.2031687612208258,,10,0
rico garcia,BAL,2025,R,95.5,0.335175847457627,0.2525,,1,0
rob zastryzny,MIL,2025,,91.9,0.241,0.152,,1,0
robbie ray,SFG,2025,L,93.6,0.2837106382978723,0.244259574468085,3.71,32,755
robert garcia,TEX,2025,L,94.4,0.2861172839506172,0.2628271604938271,3.82,0,269
robert suarez,SDP,2025,R,98.6,0.2443398510242085,0.2823221601489758,3.66,0,269
roki sasaki,LAD,2025,R,96.1,0.2158030888030888,0.1867258687258687,,8,0
ronel blanco,HOU,2025,,93.2,0.3018650693568727,0.2270567465321564,,9,0
ronny henriquez,MIA,2025,,96.7,0.3528428949691086,0.3271456310679612,2.96,0,303
ryan bergert,KCR,2025,,93.4,0.2430671441360788,0.2352112802148612,4.33,15,323
ryan brasier,CHC,2025,,94.0,0.2751754385964912,0.2612105263157895,,1,0
ryan feltner,COL,2025,R,93.6,0.165,0.109,,6,0
ryan gusto,MIA,2025,R,94.1,0.2314732954545454,0.2135346590909091,4.58,17,453
ryan helsley,NYM,2025,R,99.3,0.2994873487348735,0.2638514851485148,3.99,0,252
ryan pepiot,TBR,2025,,95.2,0.2615986608901142,0.2392256794013391,4.02,31,679
ryan rolison,COL,2025,L,92.9,0.177375191424196,0.131281776416539,,1,0
ryan walker,SFG,2025,R,95.1,0.2121442687747035,0.2287549407114624,3.85,0,266
ryan weathers,MIA,2025,L,96.9,0.2951452420701169,0.237457429048414,,8,0
ryan yarbrough,NYY,2025,L,88.3,0.2619950835791543,0.2047099311701081,4.27,8,264
ryan zeferjahn,LAA,2025,R,97.4,0.2990440881763527,0.2775350701402805,4.3,1,256
ryne nelson,ARI,2025,R,95.7,0.2202904841402337,0.215016694490818,3.93,23,619
ryne stanek,NYM,2025,R,98.6,0.2999582338902148,0.2447004773269689,4.48,0,255
sam aldegheri,LAA,2025,L,91.6,0.192,0.182,,2,0
sandy alcantara,MIA,2025,R,97.7,0.2099294361812521,0.1957599446558284,4.64,31,745
sawyer gipson-long,DET,2025,,92.8,0.1218333333333333,0.1230787037037037,,3,0
scott barlow,CIN,2025,R,92.3,0.3118300550747442,0.2644437450826121,4.36,1,303
scott blewett,BAL,2025,,93.4,0.26777304964539,0.1760553191489361,,2,0
sean burke,CHW,2025,R,94.4,0.2535391414141414,0.2272260101010101,4.96,22,596
sean hjelle,SFG,2025,,93.6,0.087,0.088,,1,0
sean manaea,NYM,2025,L,91.7,0.2754148936170212,0.2886576402321084,4.02,12,263
sean newcomb,ATH,2025,L,93.3,0.2113110047846889,0.2343937115516063,3.88,5,391
sean reynolds,SDP,2025,,96.0,0.2134444444444444,0.1917101449275362,,1,0
seranthony dominguez,TOR,2025,R,97.7,0.3370248328557784,0.3103829990448901,3.26,0,261
seth lugo,KCR,2025,R,91.7,0.201651142733937,0.2045838723587753,5.2,26,611
shane baz,TBR,2025,R,97.0,0.2611126707132018,0.245103186646434,3.88,31,711
shane bieber,TOR,2025,,92.6,0.2627708333333333,0.2448541666666666,,11,0
shane smith,CHW,2025,R,95.7,0.2830206953642384,0.2384884105960265,3.99,29,616
shawn armstrong,TEX,2025,R,93.5,0.2461799462846911,0.2676615935541629,3.02,2,284
shinnosuke ogasawara,WSN,2025,,91.1,0.2288152985074626,0.1577276119402985,,2,0
shohei ohtani,LAD,2025,,98.4,0.3310746812386156,0.3462003642987249,,18,0
shota imanaga,CHC,2025,L,90.8,0.2439148024750118,0.212529271775345,4.07,26,567
simeon woods richardson,MIN,2025,R,93.2,0.2354098998887653,0.2216223581757508,3.82,22,471
slade cecconi,CLE,2025,R,94.3,0.2285475951903807,0.1988016032064128,4.99,24,545
sonny gray,STL,2025,R,91.7,0.2667201646090535,0.2264575383464272,3.88,32,753
spencer arrighetti,HOU,2025,R,93.1,0.2835558194774347,0.1962114014251781,,7,0
spencer bivens,SFG,2025,,95.2,0.149305944055944,0.1748618881118881,4.1,0,343
spencer schwellenbach,ATL,2025,,97.1,0.2828048315321043,0.2430311506675143,3.56,17,434
spencer strider,ATL,2025,,95.5,0.3108301043219076,0.2532925981122702,4.93,23,539
stephen kolek,KCR,2025,,94.0,0.1765438388625592,0.1730805687203791,4.3,19,461
steven matz,BOS,2025,L,94.5,0.1889877300613496,0.1939141104294478,3.38,2,309
steven okert,HOU,2025,L,92.0,0.3244209012464046,0.3004161073825503,2.61,1,276
steven wilson,CHW,2025,,93.9,0.2448913773796192,0.2114860022396416,3.77,0,241
taijuan walker,PHI,2025,R,92.2,0.1832833575934012,0.1572663755458515,4.58,21,538
taj bradley,MIN,2025,R,96.2,0.2509617077464788,0.2224225352112676,4.1,27,605
tanner banks,PHI,2025,L,92.7,0.2188035538005923,0.2186426456071075,3.79,1,267
tanner bibee,CLE,2025,R,94.4,0.2333802627147187,0.2052431795217244,3.64,32,762
tanner gordon,COL,2025,R,92.3,0.1789661016949152,0.1859289749798224,5.88,15,337
tanner houck,BOS,2025,,95.0,0.2243262411347517,0.1593205673758865,6.19,9,203
tanner scott,LAD,2025,L,96.5,0.2979031903190319,0.2575566556655665,4.19,0,237
tarik skubal,DET,2025,L,97.6,0.315832309360318,0.3103567040115648,2.71,34,748
taylor clarke,KCR,2025,R,94.8,0.2280843930635838,0.2144416184971098,3.66,0,206
taylor rogers,CHC,2025,L,92.7,0.2210939597315436,0.2487718120805369,4.13,0,221
thomas hatch,MIN,2025,,93.3,0.1845729386892177,0.1529767441860465,,1,0
tim hill,NYY,2025,L,89.9,0.1574267441860465,0.1330441860465116,3.41,0,269
tobias myers,MIL,2025,R,93.5,0.20743391521197,0.1578042394014963,4.39,6,220
tommy kahnle,DET,2025,,93.5,0.251623666343356,0.1865004849660523,4.51,0,267
tomoyuki sugano,BAL,2025,R,92.7,0.182803118908382,0.1518226120857699,5.81,30,675
tony gonsolin,LAD,2025,,93.5,0.2929289215686274,0.237656862745098,,7,0
tony santillan,CIN,2025,R,96.3,0.2796387306753458,0.2474206672091131,4.33,0,301
travis adams,MIN,2025,,94.8,0.2741032028469751,0.2035533807829181,,2,0
trevor mcdonald,SFG,2025,,,0.364,0.353,,2,0
trevor megill,MIL,2025,R,99.2,0.3176215139442231,0.3218964143426294,,1,0
trevor rogers,BAL,2025,L,93.0,0.256499078057775,0.2491536570374923,3.41,18,423
trevor williams,WSN,2025,,87.7,0.2090687311178247,0.1848904833836858,4.58,17,373
tristan beck,SFG,2025,,94.7,0.2245104039167686,0.1765716034271726,4.45,1,232
troy melton,DET,2025,,97.1,0.2897990654205608,0.2512523364485981,,5,0
tyler alexander,CHW,2025,L,90.8,0.2159116719242902,0.1980283911671924,4.64,5,423
tyler anderson,LAA,2025,,89.3,0.2464674665436086,0.1671790493770189,5.06,26,599
tyler ferguson,ATH,2025,,94.7,0.2560653206650831,0.2249251781472684,3.74,0,246
tyler gilbert,CHW,2025,L,90.5,0.2732833117723156,0.2421384217335058,4.04,5,215
tyler glasnow,LAD,2025,R,95.7,0.2828472972972973,0.2924256756756757,3.33,21,366
tyler holton,DET,2025,L,92.0,0.2480921288014311,0.2053613595706619,3.79,6,312
tyler kinley,ATL,2025,R,95.1,0.3028599670510708,0.2305403624382207,3.51,0,308
tyler mahle,TEX,2025,R,92.0,0.2315626357711803,0.193091962346126,4.24,16,346
tyler phillips,MIA,2025,R,94.7,0.2720874661857529,0.1736816952209197,3.66,1,313
tyler rogers,NYM,2025,R,83.5,0.1634631901840491,0.1620858895705521,2.67,0,299
tyler wells,BAL,2025,R,92.8,0.2269999999999999,0.148,,4,0
tylor megill,NYM,2025,,95.4,0.310348948374761,0.3082342256214149,3.88,14,305
valente bellozo,MIA,2025,R,90.8,0.2008127522195318,0.1544899112187247,5.23,6,348
victor mederos,LAA,2025,,94.6,0.0969999999999999,0.122,,3,0
victor vodnik,COL,2025,R,98.7,0.2610978135788262,0.2435500575373992,4.19,0,215
walker buehler,PHI,2025,R,94.0,0.1847227044312471,0.1593458200091366,5.41,24,564
wandy peralta,SDP,2025,L,95.3,0.2835363636363637,0.1996045454545454,4.02,1,313
will vest,DET,2025,R,96.7,0.262685903500473,0.2723964049195837,2.89,0,284
will warren,NYY,2025,R,93.3,0.2478269093504639,0.2418779443254817,4.58,33,711
yariel rodriguez,TOR,2025,,95.7,0.2669905008635579,0.2135656303972366,4.19,0,298
yennier cano,BAL,2025,R,94.9,0.2274757609921082,0.20095603156708,3.69,0,251
yoendrys gomez,CHW,2025,R,93.8,0.2400981169474727,0.2089167492566898,5.16,0,277
yoshinobu yamamoto,LAD,2025,R,95.4,0.2836289192180007,0.2884953891552932,2.74,35,684
yu darvish,SDP,2025,,93.9,0.2368231225296442,0.2324466403162055,3.64,16,296
yuki matsui,SDP,2025,,92.1,0.2870784103114929,0.2038055853920515,4.07,0,272
yusei kikuchi,LAA,2025,L,94.8,0.2354256712508186,0.2270379829731499,4.48,33,772
zac gallen,ARI,2025,R,93.5,0.2291116934163118,0.2188817556501801,4.27,33,813
zach eflin,BAL,2025,R,92.0,0.2019955634427684,0.1639787045252884,4.48,14,309
zack littell,CIN,2025,R,92.1,0.2037424677187948,0.1747718794835007,4.36,33,759
zack wheeler,PHI,2025,R,96.1,0.3188258145363408,0.3393838763575605,2.49,24,585
zebby matthews,MIN,2025,,96.2,0.277500822368421,0.2472590460526315,4.67,16,354
aaron ashby,MIL,2026,L,96.5,0.148,0.0969999999999999,2.76,1,80
aaron civale,ATH,2026,R,91.4,0.2166652542372881,0.1698813559322034,4.17,5,112
aaron nola,PHI,2026,R,91.8,0.2699626168224299,0.2965140186915887,4.83,5,140
adrian houser,SFG,2026,R,95.6,0.042,0.034,5.84,4,124
adrian morejon,SDP,2026,L,99.4,0.21,0.036,3.16,0,67
aj blubaugh,HOU,2026,R,95.8,0.2587031963470319,0.1960045662100457,4.7,0,79
albert suarez,BAL,2026,R,,0.109,0.115,5.47,0,53
alex lange,,2026,R,95.5,,,5.4,0,57
andre pallante,STL,2026,R,94.6,0.2403594202898551,0.1625710144927536,5.2,4,114
andrew abbott,CIN,2026,L,92.3,0.2014696132596685,0.0977458563535911,5.58,5,133
andrew painter,PHI,2026,R,96.5,0.086,0.075,3.94,3,108
angel zerpa,MIL,2026,L,,0.193,0.1669999999999999,7.19,0,55
anthony banda,MIN,2026,L,,0.39,0.379,4.4,0,53
anthony bender,MIA,2026,R,,0.282,0.444,3.42,0,54
anthony kay,CHW,2026,L,95.8,0.1608125,0.1388125,8.13,3,122
anthony nunez,,2026,R,,,,2.74,0,50
antonio senzatela,COL,2026,R,,0.345,0.367,2.13,0,64
bailey ober,MIN,2026,R,88.7,0.191787037037037,0.1860601851851852,3.89,5,133
ben brown,CHC,2026,R,96.5,0.2841174089068826,0.2527449392712551,2.78,0,86
brad lord,WSN,2026,R,94.6,0.2132,0.1644,4.55,0,82
bradgley rodriguez,,2026,R,,,,1.66,0,54
brady singer,CIN,2026,R,90.2,0.1886600985221674,0.148371921182266,5.33,5,134
brandon pfaadt,ARI,2026,R,93.4,0.14,0.1,4.64,3,110
brandon sproat,MIL,2026,R,97.0,0.114,0.094,5.26,3,95
brandon williamson,CIN,2026,L,92.5,0.218,0.2,6.97,5,112
brandon woodruff,MIL,2026,R,92.5,0.1965884773662551,0.250358024691358,3.07,4,115
brandon young,BALTIMORE,2026,R,,,,3.28,1,43
braxton ashcraft,PIT,2026,R,96.7,0.3428436578171091,0.3577256637168141,2.08,5,116
brayan bello,BOS,2026,R,93.7,0.3224765100671141,0.1223590604026845,8.28,4,115
braydon fisher,TOR,2026,R,,0.31,0.143,3.78,1,58
brennan bernardino,COLORADO,2026,L,,,,2.89,1,44
brent headrick,NYY,2026,L,,0.143,0.207,3.89,0,59
brent suter,LAA,2026,L,86.7,0.152,0.12,3.35,1,72
brock burke,,2026,L,,,,3.89,0,55
bryan hudson,CHW,2026,L,91.6,0.2789999999999999,0.36,3.65,0,57
bryan king,HOU,2026,L,,0.172,0.313,3.3,0,53
bryan woo,SEA,2026,R,95.6,0.2022209631728045,0.173628895184136,3.65,5,141
bryce elder,ATL,2026,R,92.4,0.2342216624685138,0.2375214105793451,2.86,5,146
bubba chandler,PIT,2026,R,98.7,0.2421892744479495,0.191198738170347,5.3,5,108
cade cavalli,WSN,2026,R,96.3,0.1678203124999999,0.171671875,3.89,6,116
cade povich,BALTIMORE,2026,L,,,,3.62,1,48
cade smith,CLE,2026,R,96.5,0.253,0.231,4.02,0,57
cam schlittler,NYY,2026,R,97.3,0.2950509977827051,0.3251263858093126,2.32,6,133
carmen mlodzinski,PIT,2026,R,94.7,0.2178210526315789,0.2650736842105263,4.05,4,126
casey legumina,SEA,2026,R,,0.1669999999999999,0.2,5.03,0,53
casey mize,DET,2026,R,93.3,0.2902219251336898,0.3027112299465241,3.23,5,117
chad patrick,MIL,2026,R,93.9,0.2231004184100418,0.1032175732217573,4.02,3,94
chase burns,CIN,2026,R,98.1,0.3154160583941606,0.2651678832116788,3.5,5,111
chase dollander,COL,2026,R,99.0,0.2466984126984127,0.2482539682539682,2.82,0,130
chris bassitt,BAL,2026,R,91.1,0.1688487084870849,0.0799188191881919,6.26,5,108
chris paddack,MIA,2026,R,93.1,0.2369249146757679,0.235754266211604,3.75,4,128
chris sale,ATL,2026,L,95.1,0.2779839816933638,0.347695652173913,3.0,5,137
cionel perez,,2026,L,96.1,,,9.82,0,62
clay holmes,NYM,2026,R,94.6,0.1562578397212543,0.098979094076655,4.22,5,120
cody bolton,HOUSTON,2026,R,,,,4.19,2,39
cole ragans,KCR,2026,L,94.7,0.306,0.319,5.4,5,115
cole sulser,TBR,2026,R,91.6,0.227,0.1829999999999999,5.3,1,71
cole wilcox,,2026,R,,,,6.84,0,60
cole winn,,2026,R,,,,3.11,0,52
colin rea,CHC,2026,R,94.0,0.121,0.115,4.25,2,117
colton gordon,HOUSTON,2026,L,,,,7.32,1,50
connelly early,BOS,2026,L,93.8,0.2206931034482758,0.1740758620689655,5.06,5,131
connor phillips,CIN,2026,R,98.1,0.2845238095238095,0.216,5.06,0,73
cristian javier,HOUSTON,2026,R,,,,7.19,3,48
cristopher sanchez,PHI,2026,L,94.7,0.2924361233480176,0.2741101321585903,3.3,0,153
david bednar,NYY,2026,R,,0.3329999999999999,0.37,2.57,0,55
david morgan,,2026,R,,,,3.52,0,64
david peterson,NYM,2026,L,91.8,0.1907706422018348,0.1468165137614679,4.8,4,125
davis martin,CHW,2026,R,93.8,0.1783523316062176,0.186440414507772,4.67,5,118
dean kremer,BALTIMORE,2026,R,,,,4.11,2,43
dennis santana,PIT,2026,R,,0.306,0.28,4.64,0,58
dl hall,MILWAUKEE,2026,L,,,,4.67,1,51
drew anderson,DET,2026,R,94.4,0.22,0.1939999999999999,5.16,0,67
drew pomeranz,LAA,2026,L,,0.212,0.139,6.54,0,53
drew rasmussen,TBR,2026,R,96.0,0.2186506024096385,0.2383012048192771,2.65,4,98
dustin may,STL,2026,R,97.0,0.1744727272727272,0.1662242424242424,4.05,5,130
dylan cease,TOR,2026,R,97.9,0.3929389312977099,0.3864580152671756,3.23,5,138
eduardo rodriguez,ARI,2026,R,91.8,0.1979816513761468,0.1720366972477064,4.96,0,120
edward cabrera,CHC,2026,R,95.7,0.1790454545454545,0.1320909090909091,3.73,5,119
emerson hancock,SEA,2026,R,94.9,0.2134709480122324,0.2502446483180428,4.49,5,132
emilio pagan,CIN,2026,R,,0.185,0.158,4.43,0,52
emmet sheehan,LAD,2026,R,94.2,0.3140507614213198,0.2376218274111675,3.97,4,110
eric lauer,TOR,2026,L,90.3,0.182953488372093,0.2105116279069767,4.58,4,103
erick fedde,CHW,2026,R,93.1,0.1992519379844961,0.1563100775193798,3.75,3,108
erik sabrowski,CLE,2026,L,,0.315,0.364,2.76,0,53
eury perez,MIA,2026,R,98.1,0.246,0.253,5.13,0,136
foster griffin,WSN,2026,L,91.4,0.215,0.171,4.52,5,137
framber valdez,DET,2026,L,93.9,0.1879829867674858,0.1703572778827977,3.94,5,148
freddy peralta,NYM,2026,R,93.8,0.2813217726396917,0.2537803468208092,3.57,5,139
garrett crochet,BOS,2026,L,95.8,0.2236937799043062,0.2208133971291866,4.83,5,138
gavin williams,CLE,2026,R,96.7,0.3466894117647059,0.3318023529411765,4.11,5,142
george kirby,SEA,2026,R,96.6,0.2117906976744186,0.2091395348837209,2.86,5,153
george soriano,,2026,R,,,,4.7,0,51
german marquez,SDP,2026,R,94.4,0.2364244372990353,0.1868456591639871,5.06,0,105
gordon graceffo,STL,2026,R,,0.1159999999999999,0.08,5.62,0,53
graham ashcraft,CIN,2026,R,,0.2,0.091,3.25,0,55
grant anderson,,2026,R,,,,2.74,0,52
grant holmes,ATL,2026,R,94.6,0.3428123324396783,0.2359651474530831,4.14,5,135
grant taylor,CHW,2026,R,98.8,0.273,0.371,2.43,4,66
greg weissert,,2026,R,,,,3.75,0,52
gregory soto,,2026,L,,,,1.91,0,56
griffin jax,,2026,R,,,,5.23,0,52
gus varland,WSN,2026,R,,0.3,0.346,4.7,0,50
hoby milner,,2026,L,,,,6.1,0,53
hogan harris,ATH,2026,L,95.2,0.198,0.195,3.55,0,73
huascar brazoban,,2026,R,,,,3.23,0,52
hunter brown,HOUSTON,2026,R,,,,1.83,2,43
ian seymour,,2026,L,,,,4.61,0,55
isaac mattson,PIT,2026,R,93.6,0.159,0.172,5.26,0,65
j.t. ginn,ATH,2026,R,94.4,0.211,0.233,3.32,3,100
jack flaherty,DET,2026,R,92.7,0.2417306843267108,0.2342781456953642,5.44,5,122
jack kochanowicz,LAA,2026,R,96.1,0.2051630434782608,0.1562304347826086,4.64,5,147
jack leiter,TEX,2026,R,96.7,0.3133409610983982,0.2388032036613272,5.37,5,138
jacob degrom,TEX,2026,R,97.1,0.3247151335311573,0.3584421364985164,3.0,5,101
jacob latz,TEX,2026,L,,0.133,0.176,1.62,1,52
jacob lopez,ATH,2026,L,90.5,0.2006760563380281,0.1735070422535211,3.7,5,121
jacob misiorowski,MIL,2026,R,99.1,0.4087301927194861,0.3667665952890793,3.04,5,137
jacob webb,CHC,2026,R,,0.191,0.1669999999999999,8.49,0,52
jaden hill,,2026,R,,,,4.28,0,55
jake irvin,WSN,2026,R,92.9,0.1960955882352941,0.2162941176470588,4.58,5,129
jake woodford,,2026,R,,,,6.84,0,51
jakob junis,,2026,R,,,,4.11,0,52
jameson taillon,CHC,2026,R,91.5,0.18,0.185,4.61,4,116
janson junk,MIA,2026,R,94.2,0.1861982758620689,0.1665258620689655,3.52,5,110
javier assad,CHC,2026,R,93.0,0.081,0.091,5.4,3,84
jeff hoffman,,2026,R,,,,3.28,0,61
jeffrey springs,ATH,2026,L,91.3,0.2747611940298507,0.2329402985074626,2.93,5,142
jesse scholtens,TBR,2026,R,92.9,0.2049247311827957,0.1686881720430107,3.94,1,82
jesus luzardo,PHI,2026,L,97.2,0.342344398340249,0.3029937759336099,4.08,0,122
jimmy herget,COLORADO,2026,R,,,,3.86,3,46
joe boyle,TAMPA BAY,2026,R,97.1,,,4.34,3,66
joe ryan,MIN,2026,R,92.6,0.256,0.207,3.0,6,132
joey cantillo,CLE,2026,L,91.7,0.2560166666666666,0.2959416666666666,3.86,5,125
jojo romero,,2026,L,,,,5.73,0,56
jonathan loaisiga,,2026,R,,,,3.6,0,56
jordan hicks,CHW,2026,R,,0.06,0.111,3.83,0,62
jordan leasure,CHW,2026,R,,0.2759723502304147,0.2107050691244239,7.79,1,58
jose a. ferrer,SEA,2026,L,,0.157,0.122,2.67,0,65
jose quintana,COL,2026,L,90.0,0.22,0.152,5.33,3,82
jose soriano,LAA,2026,R,97.9,0.3223511111111111,0.3161866666666666,2.74,0,140
jose suarez,ATL,2026,L,93.5,0.373,0.429,3.83,0,73
jovani moran,BOS,2026,L,,0.222,0.192,2.65,0,65
jt brubaker,SFG,2026,R,,0.146,0.138,6.34,0,61
juan mejia,COL,2026,R,97.7,0.2,0.188,4.05,1,61
juan morillo,ARI,2026,R,,0.322,0.414,1.91,0,54
justin bruihl,STL,2026,L,91.9,0.175,0.036,6.46,0,64
justin lawrence,PIT,2026,R,,0.429,0.462,5.95,0,61
justin sterner,,2026,R,93.0,,,3.04,0,66
justin topa,MIN,2026,R,,0.087,0.111,4.31,0,55
justin wrobleski,LAD,2026,L,93.6,0.1484501347708894,0.15,3.73,3,119
kai-wei teng,HOU,2026,R,94.9,0.326,0.29,2.67,0,64
keider montero,DET,2026,R,94.1,0.1302387387387387,0.1125315315315315,2.36,4,107
kevin gausman,TOR,2026,R,93.8,0.3027294589178356,0.2853847695390781,2.98,5,138
kevin ginkel,ARI,2026,R,,0.407,0.29,2.89,0,52
kodai senga,NYM,2026,R,96.1,0.2910982142857143,0.3482232142857143,4.67,4,97
kris bubic,KCR,2026,L,91.5,0.289,0.208,4.77,5,113
kumar rocker,TEX,2026,R,94.5,0.2226102719033232,0.1863293051359516,4.37,4,115
kyle backhus,PHI,2026,L,,0.106,0.148,2.93,1,41
kyle bradish,BAL,2026,R,93.9,0.2121366120218579,0.263863387978142,4.43,5,136
kyle finnegan,DET,2026,R,,0.1669999999999999,0.214,3.07,0,53
kyle freeland,COLORADO,2026,L,92.4,,,3.91,3,67
kyle harrison,MIL,2026,L,94.6,0.321,0.352,3.42,4,96
kyle hart,,2026,L,,,,3.94,0,60
kyle leahy,STL,2026,R,93.5,0.0912682926829268,0.0754878048780487,5.73,5,111
lake bachar,,2026,R,,,,2.67,0,56
lance mccullers,HOU,2026,R,92.2,0.1816854838709677,0.157266129032258,4.96,4,109
landen roupp,SFG,2026,R,92.8,0.2199846547314577,0.2718593350383632,2.55,5,137
logan gilbert,SEA,2026,R,95.5,0.380627027027027,0.3028540540540541,3.75,6,136
logan webb,SFG,2026,R,92.6,0.1832134831460674,0.1737078651685393,4.43,6,161
louis varland,TOR,2026,R,98.2,0.316,0.519,1.59,0,57
luis castillo,SEA,2026,R,94.8,0.2426852589641434,0.2116533864541832,5.65,5,134
luis gil,NYY,2026,R,95.0,0.095,0.049,6.3,3,85
luis morales,ATHLETICS,2026,R,,,,11.08,2,42
luis severino,ATH,2026,R,96.8,0.218058,0.210278,5.33,5,137
mackenzie gore,TEX,2026,L,95.7,0.2957368421052632,0.3420498614958449,4.61,5,133
mark leiter,,2026,R,,,,5.47,0,57
martin perez,ATL,2026,L,90.7,0.1634193548387097,0.1367741935483871,4.58,0,91
mason englert,TAMPA BAY,2026,R,,,,8.86,1,60
mason fluharty,TORONTO,2026,L,,,,1.86,1,42
mason miller,SDP,2026,R,,0.7170000000000001,0.733,0.65,0,50
mason montgomery,PIT,2026,L,,0.304,0.3779999999999999,3.23,1,54
matt festa,CLE,2026,R,,0.278954802259887,0.2355988700564971,2.98,0,61
matt svanson,STL,2026,R,96.0,0.138,0.133,7.69,0,75
matt waldron,SAN DIEGO,2026,R,,,,4.7,2,47
matthew boyd,CHC,2026,L,92.6,0.283,0.31,4.14,3,78
matthew liberatore,STL,2026,L,94.3,0.2084082687338501,0.1651266149870801,5.8,5,135
max fried,NYY,2026,L,94.6,0.2181979381443299,0.2161175257731958,2.22,6,177
max meyer,MIA,2026,R,94.9,0.4085239852398524,0.3748265682656827,4.43,5,132
max scherzer,TOR,2026,R,93.0,0.1498410041841004,0.1395857740585774,6.75,4,84
merrill kelly,ARIZONA,2026,R,,,,13.58,2,50
michael king,SDP,2026,R,94.1,0.26281598062954,0.256,3.62,5,134
michael lorenzen,COL,2026,R,93.9,0.1901083333333333,0.1289249999999999,5.58,5,141
michael mcgreevy,STL,2026,R,91.3,0.1759838709677419,0.1521693548387096,6.14,5,127
michael soroka,ARI,2026,R,93.9,0.2376453674121406,0.3517955271565495,4.61,5,115
michael wacha,KCR,2026,R,93.0,0.2782510460251046,0.2119665271966527,4.61,5,123
mick abel,MIN,2026,R,94.8,0.3379999999999999,0.241,5.03,3,93
mike burrows,HOU,2026,R,95.1,0.2500429184549356,0.1939377682403433,3.83,5,143
miles mikolas,WSN,2026,R,92.7,0.2010466321243523,0.1829430051813471,5.47,3,111
mitch keller,PIT,2026,R,93.4,0.1879024390243902,0.1376449864498645,3.83,5,137
nathan eovaldi,TEX,2026,R,94.6,0.3145873015873015,0.2266825396825396,4.7,5,147
nick martinez,TBR,2026,R,92.8,0.1890038022813688,0.2376653992395437,4.64,5,122
nick pivetta,SDP,2026,R,94.1,0.238,0.342,1.78,4,66
noah cameron,KCR,2026,L,91.8,0.2464305084745762,0.1603084745762711,7.05,4,117
noah schultz,CHW,2026,L,,0.361,0.37,3.28,2,63
nolan mclean,NYM,2026,R,96.4,0.1889999999999999,0.286,2.28,5,135
osvaldo bido,,2026,R,94.4,,,5.8,0,65
parker messick,CLE,2026,L,93.6,0.2676185567010309,0.3849175257731959,2.67,5,135
patrick corbin,TOR,2026,L,91.0,0.2623227513227513,0.2753068783068783,5.87,3,79
paul skenes,PIT,2026,R,97.5,0.247,0.3779999999999999,1.94,5,110
pete fairbanks,MIAMI,2026,R,,,,3.47,1,41
peter lambert,HOUSTON,2026,R,,,,2.95,2,48
peyton pallette,CLE,2026,R,,0.3329999999999999,0.258,5.33,0,51
pierce johnson,CIN,2026,R,,0.238,0.206,7.79,0,50
pj poulin,WASHINGTON,2026,L,90.1,,,6.22,3,63
randy vasquez,SDP,2026,R,94.8,0.238048231511254,0.2530418006430868,5.06,0,137
ranger suarez,BOS,2026,L,91.7,0.1339800796812749,0.1568685258964143,3.52,5,132
reid detmers,LAA,2026,L,94.0,0.2494203233256351,0.2295958429561201,2.93,5,141
reynaldo lopez,ATL,2026,R,93.9,0.118,0.186,4.9,0,95
rhett lowder,CIN,2026,R,93.0,0.2043814814814814,0.1803888888888888,4.05,5,140
richard lovelady,WSN,2026,L,,0.262,0.231,3.23,0,59
riley o'brien,STL,2026,R,,0.254,0.237,1.8,0,54
robbie ray,SFG,2026,L,93.4,0.2834817987152034,0.2688351177730192,4.46,5,135
roki sasaki,LAD,2026,R,97.1,0.2742916666666666,0.1989166666666666,6.03,4,108
ron marinaccio,SDP,2026,R,93.3,0.25,0.08,3.97,0,62
ryan feltner,COLORADO,2026,R,94.9,,,6.46,5,88
ryan walker,SFG,2026,R,,0.173,0.276,3.07,0,51
ryan watson,,2026,R,94.0,,,8.28,0,77
ryan weathers,NYY,2026,L,95.9,0.211922480620155,0.2100542635658914,4.61,5,137
ryan weiss,HOU,2026,R,95.3,0.2085535055350553,0.2204833948339483,5.73,2,91
ryan zeferjahn,,2026,R,96.9,,,2.17,0,61
ryne nelson,ARI,2026,R,96.1,0.2533521505376344,0.2077123655913978,5.23,5,120
ryne stanek,STL,2026,R,98.3,0.282,0.25,4.55,0,60
sam bachman,LAA,2026,R,,0.4,0.282,3.35,0,61
sam moll,,2026,L,,,,4.17,0,53
sandy alcantara,MIA,2026,R,97.2,0.2410153061224489,0.1650816326530612,3.11,5,166
scott barlow,,2026,R,,,,3.7,0,51
sean burke,CHW,2026,R,93.9,0.2013076923076923,0.2662307692307692,3.75,4,133
sean manaea,NYM,2026,L,89.7,0.234010989010989,0.265010989010989,4.7,0,85
sean newcomb,CHW,2026,L,94.0,0.125,0.111,3.57,0,74
seranthony dominguez,,2026,R,,,,6.79,0,52
seth lugo,KCR,2026,R,91.7,0.2114791666666666,0.2001388888888889,4.28,5,149
shane baz,BAL,2026,R,96.9,0.2491555023923445,0.1922727272727272,4.34,5,126
shane drohan,MILWAUKEE,2026,L,,,,5.3,1,34
shane mcclanahan,TBR,2026,L,95.1,0.2589543010752688,0.2558897849462365,4.34,4,101
shane smith,CHICAGO,2026,R,,,,4.52,3,49
shaun anderson,,2026,R,93.2,,,5.69,0,73
shohei ohtani,LAD,2026,,98.0,0.27,0.268,2.01,4,92
shota imanaga,CHC,2026,L,92.0,0.2816161137440758,0.2859928909952607,2.93,5,133
simeon woods richardson,MIN,2026,R,92.5,0.1789834710743801,0.1151570247933884,4.8,5,136
slade cecconi,CLE,2026,R,93.0,0.2014268292682926,0.1798292682926829,5.58,5,139
sonny gray,BOS,2026,R,91.8,0.17,0.0,5.65,5,99
spencer arrighetti,HOU,2026,R,92.5,0.568,0.536,4.99,2,78
spencer miles,,2026,R,,,,4.37,0,58
steven matz,TBR,2026,L,93.2,0.2320521091811414,0.206394540942928,4.8,5,127
taijuan walker,PHI,2026,R,91.9,0.19,0.135,7.1,4,115
taj bradley,MIN,2026,R,96.3,0.2368421052631578,0.2271936090225563,4.25,5,147
tanner banks,,2026,L,,,,5.16,0,54
tanner bibee,CLE,2026,R,94.2,0.2281379310344827,0.1141586206896551,4.64,6,131
tarik skubal,DET,2026,L,96.6,0.2806541019955654,0.2666164079822616,3.02,6,142
tatsuya imai,HOU,2026,R,,0.429,0.321,4.11,3,44
taylor clarke,,2026,R,,,,3.28,0,53
tim mayza,PHI,2026,L,,0.208,0.2,2.95,0,63
tobias myers,NYM,2026,R,,0.13,0.1939999999999999,2.78,1,64
tommy nance,,2026,R,,,,3.75,0,53
tomoyuki sugano,COL,2026,R,92.3,0.2314266055045871,0.2012155963302752,6.18,5,109
trevor rogers,BAL,2026,L,92.6,0.2446363636363636,0.1614132231404958,3.67,5,133
tyler alexander,TEX,2026,L,,0.094,0.16,2.37,0,60
tyler glasnow,LAD,2026,R,95.3,0.2806600985221675,0.297243842364532,2.17,5,120
tyler holton,DET,2026,L,,0.119,0.12,6.46,0,55
tyler mahle,SFG,2026,R,92.6,0.2322,0.2847907692307692,5.69,5,114
tyler phillips,,2026,R,96.6,,,4.37,0,76
tyler rogers,TOR,2026,R,,0.108,0.119,1.64,0,56
tyler wells,BAL,2026,R,,0.262,0.143,3.73,0,65
victor vodnik,COL,2026,R,,0.2769999999999999,0.2,4.17,0,57
walbert urena,,2026,R,,,,3.42,0,60
walker buehler,SAN DIEGO,2026,R,93.8,,,4.99,5,92
wandy peralta,,2026,L,,,,3.52,0,52
will vest,DET,2026,R,,0.208,0.222,3.28,0,52
will warren,NYY,2026,R,93.9,0.2096764705882352,0.2839831932773109,3.5,5,129
yoendrys gomez,TBR,2026,R,94.9,0.293,0.296,8.64,0,74
yohan ramirez,PIT,2026,R,96.2,0.3879999999999999,0.44,2.86,0,72
yoshinobu yamamoto,LAD,2026,R,95.4,0.2966392405063291,0.2244050632911392,3.97,5,147
yusei kikuchi,LAA,2026,L,95.6,0.2664469854469855,0.254089397089397,4.93,5,133
zac gallen,ARI,2026,R,93.5,0.151840830449827,0.1363494809688581,4.93,5,120
zach agnos,,2026,R,94.8,,,4.46,0,79
zack littell,WSN,2026,R,91.3,0.1259644970414201,0.1372662721893491,7.98,4,117
