name_norm,year,war
aaron altherr,2014,0.01
aaron barrett,2014,0.38
aaron brooks,2014,-0.51
aaron crow,2014,-0.34
aaron harang,2014,1.78
aaron hicks,2014,0.42
aaron hill,2014,-0.92
aaron loup,2014,1.14
aaron poreda,2014,-0.19
aaron sanchez,2014,1.43
aaron thompson,2014,0.22
abraham almonte,2014,0.7100000000000001
adam dunn,2014,0.69
adam duvall,2014,-0.35
adam eaton,2014,5.24
adam jones,2014,4.8
adam laroche,2014,2.44
adam lind,2014,2.19
adam moore,2014,-0.05
adam ottavino,2014,1.32
adam rosales,2014,0.77
adam wainwright,2014,6.359999999999999
adam warren,2014,1.35
addison reed,2014,-0.51
adeiny hechavarria,2014,1.22
adrian beltre,2014,6.16
adrian gonzalez,2014,4.35
adrian nieto,2014,-0.31
aj achter,2014,-0.03
aj burnett,2014,-0.010000000000000009
aj ellis,2014,0.17
aj pierzynski,2014,-0.6699999999999999
aj pollock,2014,3.39
aj ramos,2014,2.01
al alburquerque,2014,1.8
albert pujols,2014,3.87
alberto callaspo,2014,-1.0
alcides escobar,2014,2.68
alejandro de aza,2014,1.18
alex avila,2014,2.1
alex claudio,2014,0.22
alex cobb,2014,4.04
alex colome,2014,0.65
alex gonzalez,2014,-0.53
alex gordon,2014,6.05
alex guerrero,2014,-0.33
alex hassan,2014,-0.1
alex presley,2014,0.15
alex rios,2014,0.3
alex torres,2014,-0.05
alex wilson,2014,0.5
alex wood,2014,3.7399999999999998
alexei ramirez,2014,3.53
alexi amarista,2014,1.76
alexi casilla,2014,-0.19
alexi ogando,2014,-0.56
alfonso soriano,2014,-1.18
alfredo aceves,2014,-0.45
alfredo figaro,2014,-0.2
alfredo marte,2014,-0.78
alfredo simon,2014,1.9499999999999997
ali solis,2014,-0.26
allen craig,2014,-1.02
allen webster,2014,-0.32
andre ethier,2014,-0.01
andre rienzo,2014,-1.51
andrelton simmons,2014,2.61
andres blanco,2014,0.09
andrew brown,2014,-0.09
andrew cashner,2014,2.25
andrew chafin,2014,0.29
andrew heaney,2014,-0.24
andrew lambo,2014,0.08
andrew mccutchen,2014,6.38
andrew miller,2014,1.8399999999999999
andrew romine,2014,0.6
andrew susac,2014,0.71
andy marte,2014,-0.05
andy parrino,2014,0.17
andy wilkins,2014,-0.57
angel pagan,2014,1.39
anibal sanchez,2014,2.3499999999999996
anthony bass,2014,-0.87
anthony desclafani,2014,-0.37
anthony gose,2014,0.73
anthony ranaudo,2014,-0.2
anthony recker,2014,1.03
anthony rendon,2014,6.51
anthony rizzo,2014,5.61
anthony swarzak,2014,0.28
anthony varvaro,2014,0.94
antoan richardson,2014,0.08
antonio bastardo,2014,0.11
aramis ramirez,2014,0.97
arismendy alcantara,2014,0.56
arodys vizcaino,2014,0.0
aroldis chapman,2014,1.94
arquimedes caminero,2014,-0.47
asdrubal cabrera,2014,1.7
audry perez,2014,0.03
austin adams,2014,-0.16
austin jackson,2014,1.53
austin romine,2014,-0.1
avisail garcia,2014,-0.07
bartolo colon,2014,-0.13999999999999996
ben paulsen,2014,0.61
ben revere,2014,1.1
ben rowen,2014,0.07
ben zobrist,2014,4.37
billy buckner,2014,-0.08
billy burns,2014,-0.07
billy butler,2014,-0.14
billy hamilton,2014,2.52
bj rosenberg,2014,-0.36
bj upton,2014,-0.06
blaine boyer,2014,0.16
blaine hardy,2014,0.99
blake beavan,2014,0.02
blake parker,2014,-0.13
blake treinen,2014,0.9299999999999999
blake wood,2014,-0.1
bo schultz,2014,-0.26
bobby abreu,2014,-0.49
bobby korecky,2014,-0.07
bobby lafromboise,2014,0.07
bobby parnell,2014,-0.12
bobby wilson,2014,-0.02
boone logan,2014,-0.97
brad boxberger,2014,1.83
brad brach,2014,0.51
brad glenn,2014,-0.39
brad hand,2014,0.32
brad lincoln,2014,-0.1
brad miller,2014,1.33
brad mills,2014,-0.52
brad peacock,2014,-0.6599999999999999
brad penny,2014,-0.39
brad snyder,2014,0.04
brad ziegler,2014,0.31
bradin hagens,2014,0.03
brandon barnes,2014,0.44
brandon belt,2014,0.96
brandon crawford,2014,3.43
brandon cumpton,2014,-0.72
brandon finnegan,2014,0.24
brandon gomes,2014,0.32
brandon guyer,2014,1.72
brandon hicks,2014,0.63
brandon kintzler,2014,0.77
brandon league,2014,0.74
brandon maurer,2014,-0.5700000000000001
brandon mccarthy,2014,1.02
brandon morrow,2014,-0.31000000000000005
brandon moss,2014,2.14
brandon phillips,2014,0.98
brandon workman,2014,-1.18
brayan pena,2014,-0.22
brendan ryan,2014,-0.74
brennan boesch,2014,-0.51
brent morel,2014,-0.21
brett anderson,2014,1.05
brett bochy,2014,-0.02
brett cecil,2014,1.32
brett gardner,2014,3.79
brett hayes,2014,-0.8
brett jackson,2014,-0.07
brett lawrie,2014,2.28
brett oberholtzer,2014,0.79
brian dozier,2014,5.48
brian duensing,2014,1.27
brian flynn,2014,-0.29000000000000004
brian matusz,2014,0.1
brian mccann,2014,2.11
brian roberts,2014,0.7
brian schlitter,2014,0.13
brian wilson,2014,-0.5
brock holt,2014,2.06
bronson arroyo,2014,0.75
brooks brown,2014,0.63
brooks conrad,2014,-0.49
bruce billings,2014,-0.07
bruce chen,2014,-1.13
bryan anderson,2014,-0.05
bryan holaday,2014,-0.45
bryan mitchell,2014,0.32
bryan morris,2014,1.98
bryan price,2014,-0.2
bryan shaw,2014,1.88
bryce brentz,2014,0.15
bryce harper,2014,1.02
buck farmer,2014,-0.47
bud norris,2014,2.13
buddy carlyle,2014,0.8300000000000001
burke badenhop,2014,1.52
buster posey,2014,5.08
caleb gindl,2014,-0.28
caleb joseph,2014,1.35
caleb thielbar,2014,0.82
cam bedrosian,2014,-0.71
cameron maybin,2014,0.1
cameron rupp,2014,-0.35
carl crawford,2014,2.41
carlos beltran,2014,-0.23
carlos carrasco,2014,4.029999999999999
carlos contreras,2014,-0.41000000000000003
carlos corporan,2014,0.5
carlos frias,2014,-0.6599999999999999
carlos gomez,2014,4.71
carlos gonzalez,2014,-0.47
carlos marmol,2014,-0.66
carlos martinez,2014,0.13
carlos peguero,2014,-0.01
carlos pena,2014,-0.32
carlos quentin,2014,-0.65
carlos rivero,2014,0.1
carlos ruiz,2014,3.13
carlos santana,2014,2.79
carlos torres,2014,0.8500000000000001
carlos triunfel,2014,-0.18
carlos villanueva,2014,-0.28
carson smith,2014,0.42
carter capps,2014,0.12
casey coleman,2014,-0.15
casey fien,2014,0.72
casey janssen,2014,0.08
casey mcgehee,2014,0.85
casey sadler,2014,-0.28
cc lee,2014,0.01
cc sabathia,2014,-0.65
cesar cabral,2014,-0.2
cesar hernandez,2014,-0.67
cesar jimenez,2014,0.47
cesar ramos,2014,0.38
chad bettis,2014,-1.1400000000000001
chad jenkins,2014,0.66
chad qualls,2014,0.36
chad smith,2014,-0.02
charles leesman,2014,-0.29
charlie blackmon,2014,2.02
charlie culberson,2014,-1.57
charlie furbush,2014,0.3
charlie morton,2014,-0.019999999999999962
chase anderson,2014,0.47
chase darnaud,2014,-0.04
chase headley,2014,3.5900000000000003
chase utley,2014,3.68
chase whitley,2014,-0.43
chasen shreve,2014,0.42
chaz roe,2014,-0.1
chone figgins,2014,0.56
chris archer,2014,2.5100000000000002
chris bassitt,2014,0.55
chris capuano,2014,0.010000000000000009
chris carter,2014,1.88
chris coghlan,2014,0.75
chris colabello,2014,-0.81
chris davis,2014,1.08
chris denorfia,2014,0.05000000000000002
chris dickerson,2014,-0.04
chris dominguez,2014,-0.21
chris getz,2014,0.02
chris gimenez,2014,-0.19999999999999998
chris hatcher,2014,0.66
chris heisey,2014,0.9
chris herrmann,2014,-0.77
chris heston,2014,-0.060000000000000005
chris iannetta,2014,2.27
chris johnson,2014,-0.46
chris leroux,2014,-0.39
chris martin,2014,-0.31
chris nelson,2014,-0.1
chris owings,2014,1.6
chris parmelee,2014,-1.07
chris perez,2014,-0.060000000000000005
chris rusin,2014,-0.24000000000000002
chris sale,2014,6.08
chris stewart,2014,0.54
chris taylor,2014,1.19
chris tillman,2014,2.75
chris valaika,2014,-0.12
chris withrow,2014,0.22
chris young,2014,2.87
christian bergman,2014,-0.47
christian bethancourt,2014,-0.31
christian colon,2014,0.82
christian friedrich,2014,-0.74
christian vazquez,2014,0.95
christian walker,2014,-0.17
christian yelich,2014,3.83
cj cron,2014,-0.06
cj riefenhauser,2014,-0.26
cj wilson,2014,-0.19
clay buchholz,2014,-1.5899999999999999
clayton kershaw,2014,8.23
cliff lee,2014,0.9600000000000001
cliff pennington,2014,1.28
clint barmes,2014,0.7
clint robinson,2014,0.13
coco crisp,2014,1.22
cody allen,2014,2.23
cody asche,2014,0.3
cody ross,2014,-0.97
colby lewis,2014,-0.28
colby rasmus,2014,1.12
cole figueroa,2014,-0.1
cole gillespie,2014,-0.21
cole hamels,2014,6.6000000000000005
collin cowgill,2014,1.71
collin mchugh,2014,3.79
conor gillaspie,2014,1.72
cord phelps,2014,-0.1
corey brown,2014,0.06
corey dickerson,2014,3.13
corey hart,2014,-0.48
corey kluber,2014,8.14
corey knebel,2014,-0.15
cory rasmus,2014,1.12
cory spangenberg,2014,0.24
craig breslow,2014,-1.35
craig gentry,2014,1.85
craig kimbrel,2014,2.53
craig stammen,2014,0.16999999999999998
cristhian adames,2014,-0.23
curt casali,2014,-0.11
curtis granderson,2014,1.22
curtis partch,2014,0.25
daisuke matsuzaka,2014,0.26
dale thayer,2014,1.05
dallas beeler,2014,0.18
dallas keuchel,2014,4.539999999999999
dalton pompey,2014,0.01
dan butler,2014,-0.01
dan haren,2014,-0.22000000000000003
dan jennings,2014,1.02
dan johnson,2014,-0.12
dan otero,2014,1.84
dan straily,2014,-0.9600000000000001
dan uggla,2014,-1.15
dana eveland,2014,0.44
dane de la rosa,2014,-0.13
daniel corcino,2014,0.1
daniel descalso,2014,-0.15
daniel hudson,2014,-0.27
daniel mccutchen,2014,-0.1
daniel murphy,2014,2.34
daniel nava,2014,3.47
daniel norris,2014,-0.04
daniel robertson,2014,0.13
daniel webb,2014,0.4
danny coulombe,2014,-0.04
danny duffy,2014,3.75
danny espinosa,2014,-0.07
danny farquhar,2014,1.07
danny salazar,2014,1.0
danny santana,2014,3.75
danny valencia,2014,0.47000000000000003
danny worth,2014,-0.22999999999999998
daric barton,2014,-0.37
darin downs,2014,-0.55
darin mastroianni,2014,-0.51
darin ruf,2014,0.17
dario alvarez,2014,-0.19
darren oday,2014,2.39
darwin barney,2014,1.35
david buchanan,2014,1.3
david carpenter,2014,0.29000000000000004
david dejesus,2014,0.79
david freese,2014,1.69
david hale,2014,0.45999999999999996
david holmberg,2014,-0.23
david huff,2014,0.49
david lough,2014,1.5
david martinez,2014,-0.02
david murphy,2014,-0.28
david ortiz,2014,2.64
david peralta,2014,1.22
david phelps,2014,-0.11000000000000001
david price,2014,4.33
david robertson,2014,1.16
david ross,2014,-0.32
david wright,2014,2.06
dayan viciedo,2014,-0.54
dean anna,2014,0.12
dee strangegordon,2014,3.45
dellin betances,2014,3.66
delmon young,2014,1.04
denard span,2014,4.28
derek dietrich,2014,0.59
derek holland,2014,1.64
derek jeter,2014,-0.74
derek norris,2014,3.16
desmond jennings,2014,3.21
devin mesoraco,2014,4.86
dexter fowler,2014,1.79
didi gregorius,2014,1.27
dillon gee,2014,0.44
dilson herrera,2014,0.14
dioner navarro,2014,2.45
dj lemahieu,2014,0.78
domingo santana,2014,-0.43
dominic leone,2014,1.39
domonic brown,2014,-1.29
don kelly,2014,-0.51
donald lutz,2014,-0.43
donn roach,2014,-0.15000000000000002
donnie joseph,2014,-0.18
donnie murphy,2014,-0.23
donnie veal,2014,-0.25
donovan solano,2014,-0.27
doug bernier,2014,0.1
doug fister,2014,4.09
drake britton,2014,0.32
drew butera,2014,-0.31
drew hutchison,2014,1.4300000000000002
drew pomeranz,2014,1.46
drew rucinski,2014,-0.01
drew smyly,2014,3.69
drew storen,2014,2.51
drew stubbs,2014,2.31
drew verhagen,2014,-0.01
dustin ackley,2014,1.88
dustin mcgowan,2014,0.39
dustin pedroia,2014,3.88
dylan axelrod,2014,0.48000000000000004
ed lucas,2014,-0.45
eddie butler,2014,-0.21
edinson volquez,2014,2.09
eduardo escobar,2014,0.91
eduardo nunez,2014,-0.12
edward mujica,2014,0.01
edwin encarnacion,2014,3.84
edwin escobar,2014,0.0
edwin jackson,2014,-2.13
efren navarro,2014,-0.02
ehire adrianza,2014,-0.48
eli whiteside,2014,-0.44
elian herrera,2014,-0.54
elliot johnson,2014,-0.37
elvis andrus,2014,0.78
emilio bonifacio,2014,1.22
ender inciarte,2014,3.28
endy chavez,2014,0.42
enrique hernandez,2014,1.46
erasmo ramirez,2014,-0.61
eric campbell,2014,0.46
eric chavez,2014,0.35
eric fornataro,2014,-0.08
eric fryer,2014,-0.04
eric hosmer,2014,0.83
eric jokisch,2014,0.21999999999999997
eric oflaherty,2014,0.41
eric sogard,2014,0.69
eric stults,2014,-0.7000000000000001
eric surkamp,2014,-0.2
eric young jr,2014,1.09
erick aybar,2014,3.9
erik bedard,2014,-0.39
erik cordier,2014,-0.05
erik goeddel,2014,0.07
erik johnson,2014,-0.41
erik kratz,2014,0.32
erisbel arruebarrena,2014,-0.39
ernesto frieri,2014,-1.65
ervin santana,2014,1.2799999999999998
esmil rogers,2014,-0.51
ethan martin,2014,0.01
eugenio suarez,2014,0.82
eury de la rosa,2014,0.5399999999999999
eury perez,2014,-0.06
evan gattis,2014,2.17
evan longoria,2014,3.65
evan marshall,2014,0.86
evan meek,2014,-0.81
evan reed,2014,-0.1
evan scribner,2014,0.0
everth cabrera,2014,0.09
ezequiel carrera,2014,0.32
felipe paulino,2014,-0.9700000000000001
felix doubront,2014,-0.82
felix hernandez,2014,6.32
fernando abad,2014,1.79
fernando rodney,2014,0.76
fernando rodriguez jr,2014,0.3
fernando salas,2014,0.56
francisco cervelli,2014,1.2
francisco liriano,2014,1.33
francisco pena,2014,0.12
francisco rodriguez,2014,1.41
francisley bueno,2014,0.0
frank francisco,2014,-0.26
frank garces,2014,0.25
franklin morales,2014,-0.22
freddie freeman,2014,2.96
freddy galvis,2014,-0.55
gaby sanchez,2014,-0.1
garin cecchini,2014,0.35
garrett jones,2014,-0.47
garrett richards,2014,4.24
gary brown,2014,0.06
gavin floyd,2014,0.81
george kontos,2014,0.42
george kottaras,2014,0.35000000000000003
george springer,2014,2.02
geovany soto,2014,0.22000000000000003
gerald laird,2014,-0.45
gerardo parra,2014,-0.5
gerrit cole,2014,1.4
giancarlo stanton,2014,6.52
gio gonzalez,2014,1.9300000000000002
glen perkins,2014,0.52
gonzalez germen,2014,-0.21000000000000002
gordon beckham,2014,0.8700000000000001
grady sizemore,2014,0.22999999999999998
grant balfour,2014,-0.58
grant green,2014,-0.06
greg dobbs,2014,-0.48
greg garcia,2014,-0.03
greg holland,2014,2.56
gregor blanco,2014,1.8
gregorio petit,2014,0.99
gregory polanco,2014,0.34
guilder rodriguez,2014,-0.12
guillermo quiroz,2014,-0.07
gus schlosser,2014,-0.6000000000000001
hank conger,2014,0.85
hanley ramirez,2014,3.74
heath bell,2014,-0.62
heath hembree,2014,-0.02
hector ambriz,2014,-0.06
hector gomez,2014,0.02
hector neris,2014,0.09
hector noesi,2014,0.21999999999999997
hector rondon,2014,1.6
hector sanchez,2014,-0.39
hector santiago,2014,0.55
henderson alvarez iii,2014,4.84
henry rodriguez,2014,-0.09
hernan perez,2014,-0.01
hiroki kuroda,2014,2.08
hisashi iwakuma,2014,2.39
homer bailey,2014,1.51
howie kendrick,2014,6.1
humberto quintero,2014,-0.04
hunter pence,2014,4.04
hunter strickland,2014,0.33
huston street,2014,2.75
hyun jin ryu,2014,2.07
ian desmond,2014,4.1
ian kennedy,2014,1.76
ian kinsler,2014,5.13
ian krol,2014,-0.66
ian stewart,2014,-0.45
ian thomas,2014,-0.02
ichiro suzuki,2014,0.93
ike davis,2014,0.27
irving falu,2014,-0.28
ivan nova,2014,-0.68
ja happ,2014,1.0899999999999999
jace peterson,2014,-0.48
jack hannahan,2014,-0.44
jackie bradley jr,2014,0.74
jackson williams,2014,0.04
jacob degrom,2014,3.48
jacob turner,2014,-1.42
jacoby ellsbury,2014,3.55
jaff decker,2014,-0.12
jaime garcia,2014,0.39
jair jurrjens,2014,-0.36
jairo diaz,2014,0.06
jake arrieta,2014,5.609999999999999
jake buchanan,2014,-0.15000000000000002
jake diekman,2014,-0.16
jake dunning,2014,0.04
jake elmore,2014,-0.19
jake goebbert,2014,-0.14
jake lamb,2014,0.36
jake marisnick,2014,1.29
jake mcgee,2014,2.7
jake odorizzi,2014,1.31
jake peavy,2014,1.44
jake petricka,2014,2.02
jake smolinski,2014,1.11
james jones,2014,-0.08
james loney,2014,1.19
james mccann,2014,-0.09
james paxton,2014,1.3
james russell,2014,1.06
james shields,2014,3.79
jamey wright,2014,-0.24000000000000002
jamie romak,2014,-0.26
jared burton,2014,0.08
jared hughes,2014,0.91
jarred cosart,2014,2.45
jarrett grube,2014,-0.03
jarrod dyson,2014,2.3
jarrod saltalamacchia,2014,0.51
jason bartlett,2014,-0.14
jason bourgeois,2014,0.28
jason castro,2014,1.23
jason frasor,2014,0.84
jason giambi,2014,-0.56
jason grilli,2014,-0.30000000000000004
jason hammel,2014,3.08
jason heyward,2014,5.49
jason kipnis,2014,0.66
jason kubel,2014,-1.31
jason lane,2014,0.41
jason motte,2014,-0.17
jason pridie,2014,-0.04
jason rogers,2014,-0.21
jason vargas,2014,2.68
javier baez,2014,-0.87
javier lopez,2014,0.37
javy guerra,2014,1.1
jay bruce,2014,-0.84
jayson nix,2014,-1.0899999999999999
jayson werth,2014,4.15
jb shuck,2014,-0.3999999999999999
jc gutierrez,2014,-0.03
jd martinez,2014,4.57
jean machi,2014,1.53
jean segura,2014,0.89
jeanmar gomez,2014,0.47000000000000003
jed lowrie,2014,1.0
jedd gyorko,2014,-0.48
jeff baker,2014,0.04
jeff beliveau,2014,0.57
jeff bianchi,2014,-0.42
jeff francis,2014,-0.49
jeff francoeur,2014,-0.34
jeff kobernus,2014,-0.04
jeff locke,2014,0.4
jeff manship,2014,-0.44999999999999996
jeff mathis,2014,0.04
jeff samardzija,2014,3.87
jemile weeks,2014,0.11000000000000001
jenrry mejia,2014,-0.08000000000000002
jered weaver,2014,2.78
jeremy affeldt,2014,1.26
jeremy guthrie,2014,1.29
jeremy hellickson,2014,0.08
jeremy jeffress,2014,0.79
jerome williams,2014,0.22999999999999998
jerry blevins,2014,-0.4
jerry sands,2014,-0.08
jesse chavez,2014,1.23
jesse hahn,2014,0.9500000000000001
jesus aguilar,2014,-0.49
jesus guzman,2014,-0.74
jesus montero,2014,-0.06
jesus sucre,2014,-0.06
jeurys familia,2014,1.1
jhonny peralta,2014,5.76
jhoulys chacin,2014,0.43999999999999995
jim adduci,2014,-0.12
jim henderson,2014,-0.58
jim johnson,2014,-1.76
jim miller,2014,-0.31
jimmy nelson,2014,-0.41000000000000003
jimmy paredes,2014,0.26
jimmy rollins,2014,4.14
jj hardy,2014,3.05
jj hoover,2014,-0.77
jj putz,2014,-0.25
joakim soria,2014,0.57
joaquin arias,2014,-0.4
joaquin benoit,2014,1.82
joba chamberlain,2014,0.91
joc pederson,2014,0.01
joe beimel,2014,0.99
joe kelly,2014,0.36
joe mauer,2014,1.69
joe nathan,2014,-0.31
joe panik,2014,1.92
joe paterson,2014,-0.32
joe saunders,2014,-0.94
joe savery,2014,0.12
joe smith,2014,2.52
joe thatcher,2014,-0.060000000000000026
joe wieland,2014,-0.31999999999999995
joel peralta,2014,-0.08
joey butler,2014,-0.07
joey terdoslavich,2014,-0.01
joey votto,2014,1.69
john axford,2014,0.23
john baker,2014,-1.22
john buck,2014,0.07
john danks,2014,0.73
john holdzkom,2014,0.22
john jaso,2014,1.86
john lackey,2014,0.92
john lannan,2014,-0.46
john mayberry,2014,0.15000000000000002
john mcdonald,2014,-0.07
john ryan murphy,2014,0.49
johnny cueto,2014,6.56
johnny giavotella,2014,0.02
jon edwards,2014,-0.04
jon jay,2014,2.87
jon lester,2014,4.53
jon niese,2014,1.6900000000000002
jon singleton,2014,-0.56
jonathan broxton,2014,1.54
jonathan diaz,2014,-0.14
jonathan herrera,2014,-0.06
jonathan lucroy,2014,6.4
jonathan papelbon,2014,2.81
jonathan pettibone,2014,-0.39
jonathan schoop,2014,1.15
jonathan villar,2014,0.85
jonny gomes,2014,-0.56
jordan danks,2014,-0.32
jordan lyles,2014,1.49
jordan pacheco,2014,-0.63
jordan schafer,2014,-0.17
jordan walden,2014,0.89
jordan zimmermann,2014,4.840000000000001
jordany valdespin,2014,0.03
jordy mercer,2014,2.26
jorge de la rosa,2014,2.54
jorge de leon,2014,-0.06
jorge polanco,2014,0.18
jorge rondon,2014,0.03
jorge soler,2014,0.91
jose abreu,2014,5.76
jose altuve,2014,5.5
jose alvarez,2014,0.06
jose bautista,2014,6.9
jose cisnero,2014,-0.32
jose constanza,2014,-0.23
jose dominguez,2014,-0.29000000000000004
jose fernandez,2014,1.0
jose lobaton,2014,0.74
jose molina,2014,-2.01
jose ortega,2014,-0.25
jose pirela,2014,0.22
jose quintana,2014,3.08
jose ramirez,2014,1.45
jose reyes,2014,3.38
jose tabata,2014,-0.22
jose valverde,2014,-0.78
jose veras,2014,-0.15999999999999998
josh beckett,2014,2.33
josh collmenter,2014,2.36
josh donaldson,2014,6.94
josh edgin,2014,0.87
josh fields,2014,-0.25
josh hamilton,2014,1.41
josh harrison,2014,5.62
josh lindblom,2014,0.03
josh lueke,2014,-0.34
josh outman,2014,0.6
josh phegley,2014,0.24
josh reddick,2014,3.2
josh rutledge,2014,-0.44
josh satin,2014,-0.46
josh stinson,2014,-0.14
josh thole,2014,-0.24
josh tomlin,2014,-0.39
josh wall,2014,-0.23
josh willingham,2014,1.09
josh wilson,2014,0.18
josh zeid,2014,-0.86
josmil pinto,2014,-0.01
jp arencibia,2014,-1.19
jp howell,2014,1.07
jt realmuto,2014,-0.03
juan carlos oviedo,2014,0.15
juan centeno,2014,-0.26
juan francisco,2014,0.88
juan jaime,2014,-0.17
juan lagares,2014,5.18
juan nicasio,2014,-0.61
juan perez,2014,-0.94
juan uribe,2014,3.96
julio teheran,2014,4.23
jumbo diaz,2014,0.26
junichi tazawa,2014,0.74
junior lake,2014,-1.26
justin bour,2014,0.13
justin de fratus,2014,0.82
justin germano,2014,-0.33
justin grimm,2014,0.4
justin marks,2014,-0.1
justin masterson,2014,-1.41
justin maxwell,2014,-1.03
justin miller,2014,-0.11
justin morneau,2014,3.44
justin ruggiano,2014,-0.37
justin sellers,2014,-0.04
justin smoak,2014,-0.27
justin turner,2014,4.09
justin upton,2014,3.07
justin verlander,2014,1.01
justin wilson,2014,-0.39
keith butler,2014,-0.24
kelly johnson,2014,0.020000000000000018
kelvin herrera,2014,2.86
ken giles,2014,1.97
kendall graveman,2014,0.05
kendrys morales,2014,-0.89
kenley jansen,2014,1.19
kennys vargas,2014,0.55
kevin chapman,2014,-0.13
kevin correia,2014,-0.96
kevin frandsen,2014,-0.64
kevin gausman,2014,1.17
kevin gregg,2014,-0.6
kevin jepsen,2014,1.32
kevin kiermaier,2014,3.52
kevin kouzmanoff,2014,0.51
kevin pillar,2014,0.61
kevin quackenbush,2014,1.0
kevin siegrist,2014,-1.35
kevin slowey,2014,-0.38
kevin whelan,2014,-0.07
khris davis,2014,1.7
kirby yates,2014,0.21
kirk nieuwenhuis,2014,1.32
koji uehara,2014,1.71
kole calhoun,2014,3.95
kolten wong,2014,2.41
koyie hill,2014,-0.07
kris johnson,2014,0.24
kristopher negron,2014,2.07
kurt suzuki,2014,2.6
kyle blanks,2014,0.49
kyle crockett,2014,1.13
kyle drabek,2014,0.1
kyle farnsworth,2014,-0.03999999999999998
kyle gibson,2014,2.29
kyle hendricks,2014,2.92
kyle kendrick,2014,0.22999999999999998
kyle lobstein,2014,0.41
kyle lohse,2014,2.19
kyle parker,2014,-0.42
kyle ryan,2014,0.34
kyle seager,2014,6.32
kyuji fujikawa,2014,-0.02
lance lynn,2014,3.5
lane adams,2014,-0.05
latroy hawkins,2014,0.86
leonel campos,2014,-0.09
leonys martin,2014,4.43
lester oliveros,2014,-0.1
leury garcia,2014,-0.75
liam hendriks,2014,-0.27
lisalverto bonilla,2014,0.44
lj hoes,2014,-0.21
logan darnell,2014,-0.43
logan forsythe,2014,1.28
logan morrison,2014,1.35
logan ondrusek,2014,-0.86
logan schafer,2014,-0.26
logan watkins,2014,-0.41
lonnie chisenhall,2014,1.53
lorenzo cain,2014,4.38
louis coleman,2014,-0.29
lucas duda,2014,3.76
lucas harrell,2014,-0.58
lucas luetge,2014,-0.03
luis avilan,2014,-0.11
luis garcia,2014,-0.35
luis jimenez,2014,-0.47
luis sardinas,2014,0.0
luis valbuena,2014,2.51
luke gregerson,2014,1.75
luke putkonen,2014,-0.33
lyle overbay,2014,-0.59
madison bumgarner,2014,4.890000000000001
maicer izturis,2014,0.11
maikel cleto,2014,-0.29
maikel franco,2014,-0.43
manny machado,2014,2.19
manny parra,2014,-0.54
marc krauss,2014,-0.28
marc rzepczynski,2014,0.68
marcell ozuna,2014,4.35
marco estrada,2014,0.45000000000000007
marco gonzales,2014,0.39
marco scutaro,2014,-0.29
marcus semien,2014,0.75
marcus stroman,2014,1.8
mario hollands,2014,-0.06
mark buehrle,2014,3.38
mark ellis,2014,-0.49
mark lowe,2014,-0.25
mark melancon,2014,2.39
mark reynolds,2014,0.15
mark teixeira,2014,0.76
mark trumbo,2014,-0.78
marlon byrd,2014,3.32
martin maldonado,2014,0.78
martin perez,2014,0.69
martin prado,2014,3.17
marwin gonzalez,2014,1.34
masahiro tanaka,2014,3.1
mat latos,2014,0.88
matt adams,2014,2.23
matt albers,2014,0.5
matt barnes,2014,0.03
matt belisle,2014,0.15
matt cain,2014,0.0
matt carpenter,2014,2.85
matt clark,2014,-0.05
matt daley,2014,-0.41
matt den dekker,2014,0.9
matt dominguez,2014,-1.11
matt duffy,2014,-0.2
matt garza,2014,0.95
matt guerrier,2014,0.42
matt hague,2014,-0.07
matt harrison,2014,0.22
matt holliday,2014,3.25
matt joyce,2014,1.46
matt kemp,2014,1.22
matt lindstrom,2014,-0.64
matt mcbride,2014,0.4
matt moore,2014,0.3
matt pagnozzi,2014,0.0
matt shoemaker,2014,2.4
matt stites,2014,-0.69
matt szczur,2014,-0.31
matt thornton,2014,1.13
matt west,2014,-0.03
matt wieters,2014,0.85
max scherzer,2014,5.7
max stassi,2014,0.17
melky cabrera,2014,3.51
melvin mercedes,2014,0.07
michael a taylor,2014,-0.1
michael bourn,2014,0.93
michael brantley,2014,6.95
michael choice,2014,-1.95
michael cuddyer,2014,1.62
michael kirkman,2014,0.3
michael kohn,2014,0.22
michael mariot,2014,-0.56
michael martinez,2014,-0.29
michael mckenry,2014,1.67
michael pineda,2014,2.67
michael roth,2014,-0.51
michael saunders,2014,2.48
michael taylor,2014,0.15
michael tonkin,2014,-0.21
michael wacha,2014,1.0999999999999999
miguel cabrera,2014,5.09
miguel gonzalez,2014,2.0500000000000003
miguel montero,2014,1.03
miguel olivo,2014,-0.07
miguel rojas,2014,0.94
mike adams,2014,0.22
mike aviles,2014,0.18
mike baxter,2014,-0.14
mike bolsinger,2014,-0.94
mike carp,2014,-0.75
mike dunn,2014,0.35
mike fiers,2014,2.24
mike foltynewicz,2014,-0.13
mike kickham,2014,-0.19
mike leake,2014,2.0300000000000002
mike minor,2014,0.42000000000000004
mike morin,2014,0.59
mike morse,2014,0.88
mike moustakas,2014,0.06
mike napoli,2014,2.79
mike olt,2014,-0.73
mike pelfrey,2014,-0.68
mike trout,2014,7.71
mike zunino,2014,0.42
miles mikolas,2014,-0.85
mitch moreland,2014,-0.39
moises sierra,2014,-0.24
mookie betts,2014,2.28
munenori kawasaki,2014,0.4
nate freiman,2014,0.39
nate jones,2014,0.0
nate karns,2014,0.08
nate mclouth,2014,-0.72
nate schierholtz,2014,-0.68
nathan adcock,2014,0.04
nathan eovaldi,2014,0.17
neal cotts,2014,0.3
neftali feliz,2014,1.39
neftali soto,2014,-0.43
neil ramirez,2014,1.34
neil wagner,2014,-0.48
neil walker,2014,3.6
nelson cruz,2014,4.46
nick ahmed,2014,-0.14
nick castellanos,2014,-0.08
nick christiani,2014,-0.21000000000000002
nick evans,2014,0.17
nick franklin,2014,-0.39
nick greenwood,2014,-0.22999999999999998
nick hagadone,2014,0.69
nick hundley,2014,0.24
nick markakis,2014,1.87
nick maronde,2014,-0.57
nick martinez,2014,0.47000000000000003
nick masset,2014,-0.6
nick punto,2014,0.69
nick swisher,2014,-1.79
nick tepesch,2014,1.19
nick tropeano,2014,-0.04000000000000001
nick vincent,2014,0.15
nolan arenado,2014,3.64
nolan reimold,2014,0.06999999999999999
nori aoki,2014,1.15
nyjer morgan,2014,0.23
odrisamer despaigne,2014,-0.020000000000000018
oliver perez,2014,0.36
omar infante,2014,0.45
omar quintanilla,2014,-0.09
oscar taveras,2014,-1.16
oswaldo arcia,2014,0.48
pablo sandoval,2014,3.23
paco rodriguez,2014,0.06
pat mccoy,2014,0.17
pat neshek,2014,2.28
paul clemens,2014,-0.63
paul goldschmidt,2014,4.71
paul konerko,2014,-0.68
paul maholm,2014,-0.79
pedro alvarez,2014,-0.64
pedro baez,2014,0.38
pedro beato,2014,0.16
pedro ciriaco,2014,-0.06
pedro figueroa,2014,-0.16
pedro florimon,2014,-0.07
pedro hernandez,2014,-0.03
pedro strop,2014,1.57
pedro villarreal,2014,-0.009999999999999995
pete kozma,2014,0.15
peter bourjos,2014,1.41
phil coke,2014,0.37
phil gosselin,2014,0.76
phil hughes,2014,4.4799999999999995
phil irwin,2014,-0.06
phil klein,2014,0.41
phillippe aumont,2014,-0.63
preston claiborne,2014,0.13
preston guilmet,2014,-0.1
prince fielder,2014,-0.34
quintin berry,2014,0.0
ra dickey,2014,2.18
rafael furcal,2014,-0.14
rafael lopez,2014,-0.07
rafael montero,2014,-0.03
rafael soriano,2014,0.74
rafael ynoa,2014,0.35
rajai davis,2014,1.61
ramiro pena,2014,0.44
ramon ramirez,2014,0.03
ramon santiago,2014,0.6
randal grichuk,2014,0.12
randall delgado,2014,-0.54
randy choate,2014,-0.14
randy wolf,2014,-0.26
raul ibanez,2014,-0.91
raul valdes,2014,-0.4
red patterson,2014,0.23
reed johnson,2014,-0.4
reid brignac,2014,-0.59
rene rivera,2014,2.68
rex brothers,2014,-0.9
rich hill,2014,0.17
rick porcello,2014,3.74
rickie weeks,2014,0.2
ricky nolasco,2014,0.22
rj alvarez,2014,0.23
rob rasmussen,2014,0.16
rob scahill,2014,0.01
rob wooten,2014,-0.09
robbie erlin,2014,-0.39
robbie grossman,2014,1.61
robbie ray,2014,-0.68
robbie ross,2014,-1.74
roberto hernandez,2014,0.48000000000000004
roberto perez,2014,0.82
robinson cano,2014,6.34
robinson chirinos,2014,2.57
roenis elias,2014,0.76
roger bernadina,2014,-0.09
roger kieschnick,2014,-0.43
roman mendez,2014,1.14
ronald belisario,2014,-1.55
ronny cedeno,2014,-0.2
ross detwiler,2014,-0.29000000000000004
rougned odor,2014,0.51
rubby de la rosa,2014,0.4
ruben tejada,2014,1.89
rudy owens,2014,-0.17
rusney castillo,2014,0.77
russell martin,2014,5.66
ryan braun,2014,1.19
ryan buchter,2014,0.09
ryan cook,2014,0.41
ryan dennick,2014,-0.39
ryan doumit,2014,-0.66
ryan feierabend,2014,-0.11
ryan flaherty,2014,0.92
ryan goins,2014,0.2
ryan hanigan,2014,1.37
ryan howard,2014,-1.32
ryan kalish,2014,-0.65
ryan lavarnway,2014,-0.3
ryan ludwick,2014,-0.57
ryan mattheus,2014,0.25
ryan pressly,2014,0.67
ryan raburn,2014,-1.39
ryan roberts,2014,-0.12
ryan rowlandsmith,2014,-0.06999999999999999
ryan rua,2014,0.23
ryan sweeney,2014,-0.07
ryan vogelsong,2014,0.72
ryan webb,2014,0.13
ryan wheeler,2014,-0.35
ryan zimmerman,2014,0.39
rymer liriano,2014,-0.57
salvador perez,2014,3.55
sam deduno,2014,0.7100000000000001
sam dyson,2014,0.76
sam freeman,2014,0.49
sam fuld,2014,1.73
sam lecure,2014,-0.28
sam tuivailala,2014,-0.31
sandy leon,2014,0.09
santiago casilla,2014,1.85
scooter gennett,2014,1.11
scott atchison,2014,1.88
scott baker,2014,-0.09
scott carroll,2014,-0.63
scott downs,2014,-0.49
scott elbert,2014,0.15
scott feldman,2014,1.5
scott hairston,2014,-0.72
scott kazmir,2014,1.8699999999999999
scott rice,2014,-0.36
scott sizemore,2014,-0.04
scott snodgress,2014,-0.3
scott van slyke,2014,2.7
sean burnett,2014,-0.07
sean doolittle,2014,1.23
sean marshall,2014,-0.59
sean nolin,2014,-0.02
sean osullivan,2014,-0.24000000000000002
sean rodriguez,2014,0.04
sergio romo,2014,0.21
sergio santos,2014,-1.35
seth maness,2014,0.89
seth rosin,2014,-0.06
seth smith,2014,3.43
shae simmons,2014,0.29
shane greene,2014,0.66
shane robinson,2014,-0.46
shane victorino,2014,0.5
shawn camp,2014,-0.01
shawn kelley,2014,-0.21
shawn omalley,2014,-0.01
shawn tolleson,2014,1.64
shelby miller,2014,2.14
shinsoo choo,2014,-0.01
skip schumaker,2014,-1.21
sonny gray,2014,3.25
spencer patton,2014,0.41
starlin castro,2014,2.4
starling marte,2014,4.5
stefen romero,2014,-1.49
stephen drew,2014,-1.02
stephen fife,2014,-0.11000000000000001
stephen pryor,2014,-0.02
stephen strasburg,2014,3.2600000000000002
stephen vogt,2014,1.2
steve cishek,2014,0.85
steve clevenger,2014,-0.03
steve delabar,2014,-0.12
steve geltz,2014,0.15
steve lombardozzi,2014,-0.68
steve pearce,2014,5.82
steven moya,2014,0.02
steven souza jr,2014,-0.08
steven tolleson,2014,0.8300000000000001
steven wright,2014,0.21
stolmy pimentel,2014,-0.39
taijuan walker,2014,0.91
tanner roark,2014,4.45
tanner scheppers,2014,-0.97
taylor hill,2014,-0.28
taylor jordan,2014,-0.58
taylor teagarden,2014,-0.25
taylor thompson,2014,-0.23
terrance gore,2014,0.02
tim collins,2014,0.16
tim federowicz,2014,-0.59
tim hudson,2014,0.54
tim lincecum,2014,-1.1600000000000001
tim stauffer,2014,0.39
tj house,2014,2.1300000000000003
tj mcfarland,2014,0.53
todd frazier,2014,4.66
todd redmond,2014,0.48
tom gorzelanny,2014,0.63
tom koehler,2014,2.0700000000000003
tom wilhelmsen,2014,1.6
tomas telis,2014,-0.13
tommy hunter,2014,0.67
tommy kahnle,2014,-0.18
tommy la stella,2014,0.05
tommy layne,2014,0.65
tommy medica,2014,0.72
tommy milone,2014,0.21999999999999997
tommy pham,2014,-0.05
tony abreu,2014,-0.12
tony campana,2014,-0.52
tony cingrani,2014,-0.1
tony cruz,2014,-0.85
tony gwynn,2014,-0.93
tony sanchez,2014,-0.11
tony sipp,2014,0.75
tony watson,2014,2.6199999999999997
torii hunter,2014,0.93
travis darnaud,2014,0.49
travis ishikawa,2014,0.23
travis snider,2014,1.8499999999999999
travis wood,2014,-0.010000000000000009
trevor bauer,2014,1.91
trevor bell,2014,-0.34
trevor cahill,2014,-1.6500000000000001
trevor may,2014,-1.08
trevor plouffe,2014,4.16
trevor rosenthal,2014,0.83
troy patton,2014,-0.18000000000000002
troy tulowitzki,2014,5.74
tsuyoshi wada,2014,1.45
tucker barnhart,2014,0.0
tuffy gosewisch,2014,-0.08
tyler chatwood,2014,0.15
tyler clippard,2014,1.45
tyler collins,2014,0.09
tyler colvin,2014,-0.18
tyler flowers,2014,2.31
tyler holt,2014,0.0
tyler lyons,2014,-0.5700000000000001
tyler matzek,2014,2.05
tyler moore,2014,0.16
tyler pastornicky,2014,-0.42
tyler skaggs,2014,0.13999999999999999
tyler thornburg,2014,0.06
tyson ross,2014,2.92
ubaldo jimenez,2014,-0.25
vance worley,2014,1.27
vic black,2014,0.35
victor martinez,2014,5.51
vidal nuno iii,2014,0.16000000000000014
vin mazzaro,2014,0.060000000000000005
vince belnome,2014,-0.13
vinnie pestano,2014,0.18000000000000002
wade davis,2014,3.77
wade leblanc,2014,0.32
wade miley,2014,0.83
wandy rodriguez,2014,-1.0
weichung wang,2014,-0.85
weiyin chen,2014,1.93
welington castillo,2014,1.32
wesley wright,2014,0.76
wil myers,2014,-0.93
wil nieves,2014,0.56
wilfredo tovar,2014,-0.07
wilin rosario,2014,-0.27
wilking rodriguez,2014,0.08
will harris,2014,0.06
will middlebrooks,2014,-1.4
will smith,2014,0.06
will venable,2014,1.08
willie bloomquist,2014,0.17
wilmer flores,2014,0.5
wilson ramos,2014,1.37
wilton lopez,2014,-0.31
wily peralta,2014,2.41
xander bogaerts,2014,0.74
xavier cedeno,2014,-0.05
xavier nady,2014,-0.17
xavier paul,2014,-0.39
xavier scruggs,2014,0.06
yadier molina,2014,3.23
yan gomes,2014,4.11
yangervis solarte,2014,1.35
yasiel puig,2014,4.9
yasmani grandal,2014,1.08
yimi garcia,2014,0.22
yoenis cespedes,2014,4.36
yoervis medina,2014,0.92
yohan flande,2014,0.19
yohan pino,2014,-0.01
yolmer sanchez,2014,-0.39
yonder alonso,2014,1.3
yordano ventura,2014,3.42
yorman rodriguez,2014,-0.19
yoslan herrera,2014,0.33
yovani gallardo,2014,1.9600000000000002
yu darvish,2014,3.56
yunel escobar,2014,-0.24
yusmeiro petit,2014,0.51
zac rosscup,2014,-0.61
zach duke,2014,1.13
zach mcallister,2014,-0.24000000000000002
zach putnam,2014,1.82
zach walters,2014,0.19999999999999998
zack britton,2014,2.59
zack cozart,2014,1.91
zack greinke,2014,5.32
zack wheeler,2014,0.65
zeke spruill,2014,0.09
zelous wheeler,2014,-0.02
zoilo almonte,2014,-0.38
aaron altherr,2015,1.78
aaron barrett,2015,-0.02
aaron brooks,2015,-0.9700000000000001
aaron harang,2015,0.57
aaron hicks,2015,1.36
aaron hill,2015,-0.03
aaron laffey,2015,0.14
aaron loup,2015,-0.18
aaron nola,2015,1.51
aaron sanchez,2015,1.88
aaron thompson,2015,-0.23
abel de los santos,2015,0.0
abraham almonte,2015,0.79
adam conley,2015,0.71
adam duvall,2015,0.09
adam eaton,2015,4.12
adam jones,2015,3.42
adam laroche,2015,-0.5
adam liberatore,2015,0.04000000000000001
adam lind,2015,3.61
adam loewen,2015,-0.29
adam moore,2015,-0.01
adam morgan,2015,0.71
adam ottavino,2015,0.82
adam rosales,2015,-0.13
adam wainwright,2015,0.74
adam warren,2015,2.73
adam wilk,2015,0.01
addison reed,2015,0.55
addison russell,2015,2.76
adeiny hechavarria,2015,2.64
adonis garcia,2015,0.26
adrian beltre,2015,4.62
adrian gonzalez,2015,4.68
adrian houser,2015,0.07
aj achter,2015,-0.18
aj burnett,2015,2.51
aj cole,2015,-0.38
aj ellis,2015,1.78
aj pierzynski,2015,1.33
aj pollock,2015,6.75
aj ramos,2015,1.97
aj schugel,2015,-0.46
akeel morris,2015,-0.18
al alburquerque,2015,0.35
albert pujols,2015,3.07
alberto callaspo,2015,-0.84
alcides escobar,2015,1.07
alec asher,2015,-0.93
alejandro de aza,2015,0.75
alex avila,2015,-0.03
alex claudio,2015,0.31
alex colome,2015,0.77
alex dickerson,2015,-0.06
alex gordon,2015,2.54
alex guerrero,2015,-0.02
alex meyer,2015,-0.2
alex presley,2015,-0.12
alex rios,2015,-1.27
alex rodriguez,2015,2.84
alex torres,2015,0.1
alex wilson,2015,1.79
alex wood,2015,2.9400000000000004
alexei ramirez,2015,1.57
alexi amarista,2015,-0.29
alexi ogando,2015,0.88
alfredo marte,2015,0.16
alfredo simon,2015,-0.45
allan dykstra,2015,-0.52
allen craig,2015,-0.7
allen webster,2015,-0.91
andre ethier,2015,2.73
andre rienzo,2015,-0.31000000000000005
andrelton simmons,2015,4.17
andres blanco,2015,1.44
andrew albers,2015,0.04
andrew bailey,2015,-0.18
andrew bellatti,2015,0.52
andrew cashner,2015,-1.18
andrew chafin,2015,1.5899999999999999
andrew faulkner,2015,0.19
andrew heaney,2015,1.8099999999999998
andrew lambo,2015,-0.57
andrew mccutchen,2015,4.93
andrew mckirahan,2015,-0.35000000000000003
andrew miller,2015,2.32
andrew romine,2015,0.92
andrew susac,2015,0.07
andy parrino,2015,-0.05
angel castro,2015,0.08
angel nesbitt,2015,-0.39
angel pagan,2015,-1.85
anibal sanchez,2015,0.21000000000000002
anthony bass,2015,0.3
anthony desclafani,2015,1.3800000000000001
anthony gose,2015,0.76
anthony ranaudo,2015,-0.35
anthony recker,2015,-0.82
anthony rendon,2015,0.52
anthony rizzo,2015,6.44
anthony swarzak,2015,-0.1
anthony varvaro,2015,0.13
antonio bastardo,2015,0.91
aramis ramirez,2015,-0.37
archie bradley,2015,-0.53
ariel pena,2015,0.05000000000000002
arismendy alcantara,2015,-0.33
arnold leon,2015,0.04
arodys vizcaino,2015,1.33
aroldis chapman,2015,2.71
arquimedes caminero,2015,0.43
asdrubal cabrera,2015,1.64
asher wojciechowski,2015,-0.39
austin adams,2015,0.26
austin barnes,2015,0.08
austin hedges,2015,-0.38
austin jackson,2015,1.45
austin romine,2015,-0.15
avisail garcia,2015,0.44
barry zito,2015,-0.35
bartolo colon,2015,1.26
ben paulsen,2015,1.0
ben revere,2015,2.98
ben zobrist,2015,2.43
billy burns,2015,2.97
billy butler,2015,-0.67
billy hamilton,2015,0.99
bj upton,2015,1.39
blaine boyer,2015,1.29
blaine hardy,2015,0.99
blake swihart,2015,0.24
blake treinen,2015,0.24
bo schultz,2015,0.27
bobby lafromboise,2015,0.27
bobby parnell,2015,-0.88
bobby wilson,2015,-0.19999999999999998
boone logan,2015,0.59
brad boxberger,2015,0.09
brad brach,2015,1.84
brad hand,2015,-0.85
brad miller,2015,0.28
brad mills,2015,0.01
brad peacock,2015,-0.03
brad ziegler,2015,2.13
branden pinder,2015,0.59
brandon barnes,2015,-1.18
brandon beachy,2015,-0.30000000000000004
brandon belt,2015,4.19
brandon crawford,2015,6.0
brandon cunniff,2015,-0.22
brandon drury,2015,-0.06
brandon finnegan,2015,0.59
brandon gomes,2015,0.07
brandon guyer,2015,2.05
brandon kintzler,2015,-0.21000000000000002
brandon maurer,2015,0.65
brandon mccarthy,2015,-0.37
brandon morrow,2015,0.92
brandon moss,2015,-0.31
brandon phillips,2015,2.57
brayan pena,2015,0.49
brendan ryan,2015,0.04000000000000001
brennan boesch,2015,-1.34
brent morel,2015,0.02
brett anderson,2015,1.4
brett bochy,2015,0.09
brett cecil,2015,1.21
brett gardner,2015,3.73
brett hayes,2015,-0.18
brett lawrie,2015,1.68
brett oberholtzer,2015,0.24
brett wallace,2015,0.8
brian bogusevic,2015,0.15
brian dozier,2015,3.08
brian duensing,2015,0.24
brian ellington,2015,0.16
brian johnson,2015,-0.13
brian matusz,2015,0.92
brian mccann,2015,2.56
brian schlitter,2015,-0.35
brock holt,2015,2.77
brooks brown,2015,0.24
bruce chen,2015,-0.4
bruce rondon,2015,-0.83
bryan anderson,2015,0.07
bryan holaday,2015,0.23
bryan mitchell,2015,-0.63
bryan morris,2015,0.29
bryan shaw,2015,1.17
bryce harper,2015,9.74
buck farmer,2015,-0.94
bud norris,2015,-1.96
buddy carlyle,2015,-0.19
burke badenhop,2015,0.35
buster posey,2015,5.94
byron buxton,2015,0.34
caleb cotham,2015,-0.08
caleb joseph,2015,2.13
caleb thielbar,2015,-0.04
cam bedrosian,2015,-0.38
cameron maybin,2015,0.46
cameron rupp,2015,1.01
carl crawford,2015,-0.14
carl edwards jr,2015,-0.05
carlos beltran,2015,1.07
carlos carrasco,2015,4.17
carlos contreras,2015,-0.14
carlos corporan,2015,-0.42
carlos correa,2015,4.68
carlos frias,2015,0.19999999999999998
carlos gomez,2015,2.19
carlos gonzalez,2015,2.72
carlos martinez,2015,3.8200000000000003
carlos peguero,2015,0.5
carlos perez,2015,1.08
carlos rodon,2015,1.54
carlos ruiz,2015,-0.69
carlos santana,2015,0.52
carlos torres,2015,-0.38
carlos villanueva,2015,0.76
carson blair,2015,-0.44
carson smith,2015,2.37
carter capps,2015,1.32
casey fien,2015,0.97
casey janssen,2015,-0.12
casey kelly,2015,-0.54
casey mcgehee,2015,-1.47
casey sadler,2015,0.05
cc lee,2015,0.0
cc sabathia,2015,1.01
cesar cabral,2015,0.04
cesar hernandez,2015,1.22
cesar jimenez,2015,0.3
cesar ramos,2015,0.96
chad bettis,2015,2.38
chad billingsley,2015,-0.26
chad jenkins,2015,0.01
chad qualls,2015,-0.02
chad smith,2015,-0.22
charlie blackmon,2015,1.87
charlie furbush,2015,0.69
charlie morton,2015,-1.2000000000000002
chase anderson,2015,0.49
chase darnaud,2015,-0.17
chase headley,2015,1.24
chase utley,2015,0.49
chase whitley,2015,0.39
chasen shreve,2015,1.2
chaz roe,2015,0.17
cheslor cuthbert,2015,0.29
chi chi gonzalez,2015,0.97
chinhui tsao,2015,-0.4
chris archer,2015,3.83
chris bassitt,2015,1.14
chris beck,2015,-0.11
chris capuano,2015,-1.1099999999999999
chris carter,2015,0.52
chris coghlan,2015,2.1
chris colabello,2015,0.67
chris davis,2015,4.85
chris denorfia,2015,-0.060000000000000005
chris dominguez,2015,0.07
chris gimenez,2015,0.58
chris hatcher,2015,-0.09
chris heisey,2015,0.09
chris herrmann,2015,-0.18
chris heston,2015,1.7000000000000002
chris iannetta,2015,0.67
chris johnson,2015,-0.86
chris martin,2015,-0.11
chris narveson,2015,-0.14
chris owings,2015,-0.56
chris parmelee,2015,-0.09
chris rearick,2015,-0.16
chris reed,2015,0.0
chris rusin,2015,0.23
chris sale,2015,3.37
chris stewart,2015,0.44
chris taylor,2015,-0.84
chris tillman,2015,0.4
chris volstad,2015,0.07
chris young,2015,3.8400000000000003
christian bergman,2015,0.8200000000000001
christian bethancourt,2015,-0.23
christian colon,2015,0.52
christian friedrich,2015,-0.14
christian walker,2015,-0.07
christian yelich,2015,3.59
cj cron,2015,0.24
cj riefenhauser,2015,-0.18
cj wilson,2015,1.5
clay buchholz,2015,2.5900000000000003
clayton kershaw,2015,7.28
clayton richard,2015,0.45
cliff pennington,2015,-0.35
clint barmes,2015,0.16
clint robinson,2015,-0.07999999999999999
coco crisp,2015,-0.54
cody allen,2015,1.25
cody anderson,2015,2.4699999999999998
cody asche,2015,-0.66
cody decker,2015,-0.31
cody hall,2015,-0.13
cody martin,2015,-0.85
cody ross,2015,-0.45
cody stanley,2015,0.0
colby lewis,2015,1.0
colby rasmus,2015,2.97
cole figueroa,2015,0.03
cole gillespie,2015,0.5
cole hamels,2015,4.2
colin rea,2015,0.12
collin balester,2015,-0.37
collin cowgill,2015,0.37
collin mchugh,2015,2.64
colt hynes,2015,-0.02
colton murray,2015,-0.05
conor gillaspie,2015,-0.62
corey dickerson,2015,0.46
corey hart,2015,-0.53
corey kluber,2015,4.25
corey knebel,2015,0.76
corey seager,2015,1.67
cory gearrin,2015,-0.02
cory mazzoni,2015,-0.84
cory rasmus,2015,-0.13
cory spangenberg,2015,2.03
craig breslow,2015,0.44
craig gentry,2015,-0.47
craig kimbrel,2015,1.33
craig stammen,2015,0.32
cristhian adames,2015,0.04
curt casali,2015,0.89
curtis granderson,2015,5.17
dale thayer,2015,0.11
dalier hinojosa,2015,1.02
dallas beeler,2015,-0.55
dallas keuchel,2015,6.569999999999999
dalton pompey,2015,0.57
dan haren,2015,2.22
dan jennings,2015,0.12
dan johnson,2015,-0.41
dan otero,2015,-1.03
dan straily,2015,-0.1
dan uggla,2015,-0.36
dan winkler,2015,-0.06
dana eveland,2015,0.0
daniel castro,2015,0.57
daniel descalso,2015,-0.4
daniel fields,2015,-0.06
daniel hudson,2015,-0.2
daniel muno,2015,-0.26
daniel murphy,2015,1.06
daniel nava,2015,-0.27
daniel norris,2015,0.53
daniel robertson,2015,0.61
daniel webb,2015,-0.85
danny burawa,2015,-0.01999999999999999
danny coulombe,2015,-0.13
danny dorn,2015,-0.34
danny duffy,2015,1.61
danny espinosa,2015,2.26
danny farquhar,2015,-0.61
danny salazar,2015,3.35
danny santana,2015,-1.75
danny valencia,2015,1.74
dariel alvarez,2015,-0.04
darin ruf,2015,-0.43
dario alvarez,2015,-0.37
darnell sweeney,2015,-0.36
darrell ceciliani,2015,0.49
darren oday,2015,2.65
darwin barney,2015,0.30000000000000004
david aardsma,2015,-0.14
david buchanan,2015,-1.26
david carpenter,2015,0.12
david dejesus,2015,0.09999999999999998
david freese,2015,2.76
david goforth,2015,0.0
david hale,2015,-0.26
david hernandez,2015,-0.16
david holmberg,2015,-0.6
david huff,2015,-0.24000000000000002
david lough,2015,-0.19
david murphy,2015,-0.21
david ortiz,2015,2.99
david peralta,2015,3.58
david phelps,2015,-0.01999999999999999
david price,2015,6.18
david robertson,2015,0.54
david rollins,2015,-0.6
david ross,2015,-0.020000000000000004
david wright,2015,0.37
dean anna,2015,-0.03
dee strangegordon,2015,4.36
delino deshields,2015,0.86
dellin betances,2015,3.87
delmon young,2015,0.35
denard span,2015,1.04
deolis guerra,2015,-0.38
derek dietrich,2015,0.06
derek holland,2015,0.44
derek norris,2015,2.46
desmond jennings,2015,0.46
deven marrero,2015,-0.17
devin mesoraco,2015,-0.29
devon travis,2015,1.82
dexter fowler,2015,2.32
didi gregorius,2015,2.97
diego moreno,2015,0.0
dillon gee,2015,-0.79
dilson herrera,2015,-0.05
dioner navarro,2015,0.73
dixon machado,2015,0.1
dj lemahieu,2015,1.98
domingo santana,2015,0.19
dominic leone,2015,-0.73
domonic brown,2015,0.26
don kelly,2015,-0.03
donn roach,2015,-0.12
donnie veal,2015,-0.4
donovan hand,2015,0.26
donovan solano,2015,-0.45
doug bernier,2015,0.02
doug fister,2015,0.32
drew butera,2015,-0.37
drew hutchison,2015,-1.53
drew pomeranz,2015,0.28
drew rucinski,2015,-0.22
drew smyly,2015,1.59
drew storen,2015,0.64
drew stubbs,2015,-0.31
drew verhagen,2015,0.9
dustin ackley,2015,-0.89
dustin garneau,2015,-0.14
dustin mcgowan,2015,-0.6900000000000001
dustin pedroia,2015,2.71
dusty coleman,2015,-0.19
dylan axelrod,2015,-0.64
ed easley,2015,-0.12
eddie butler,2015,-0.91
eddie rosario,2015,2.33
edgar ibarra,2015,0.07
edgar olmos,2015,-0.02
edinson volquez,2015,2.71
eduardo escobar,2015,1.55
eduardo nunez,2015,1.23
eduardo rodriguez,2015,2.4699999999999998
edward mujica,2015,-0.41
edwin encarnacion,2015,4.76
edwin jackson,2015,0.31999999999999995
efren navarro,2015,0.33
ehire adrianza,2015,0.15
elian herrera,2015,0.65
elias diaz,2015,-0.05
elvis andrus,2015,1.71
elvis araujo,2015,0.19999999999999998
emilio bonifacio,2015,-0.94
emmanuel burriss,2015,0.15
ender inciarte,2015,5.03
enny romero,2015,-0.22
enrique burgos,2015,-0.18
enrique hernandez,2015,1.7
erasmo ramirez,2015,1.79
eric campbell,2015,-0.76
eric fryer,2015,0.15
eric hosmer,2015,4.27
eric oflaherty,2015,-1.27
eric sogard,2015,1.28
eric stults,2015,-0.45
eric surkamp,2015,-0.2
eric young jr,2015,-0.41000000000000003
erick aybar,2015,2.17
erik cordier,2015,-0.12000000000000001
erik goeddel,2015,0.72
erik johnson,2015,0.68
erik kratz,2015,-0.13
ernesto frieri,2015,-0.03
ervin santana,2015,1.61
esmil rogers,2015,-0.86
eugenio suarez,2015,0.8
eury perez,2015,0.02
evan gattis,2015,0.81
evan longoria,2015,4.58
evan marshall,2015,-0.31
evan scribner,2015,-0.06
everett teaford,2015,0.22
everth cabrera,2015,-1.06
ezequiel carrera,2015,-0.78
felipe vazquez,2015,1.13
felix doubront,2015,-0.63
felix hernandez,2015,4.55
fernando abad,2015,0.18
fernando rodney,2015,-0.48
fernando rodriguez jr,2015,0.23
fernando salas,2015,-0.37
francisco cervelli,2015,3.5
francisco lindor,2015,4.11
francisco liriano,2015,2.73
francisco pena,2015,0.03
francisco rodriguez,2015,1.78
frank garces,2015,-0.29
frankie montas,2015,0.01
franklin gutierrez,2015,2.69
franklin morales,2015,0.83
freddie freeman,2015,2.94
freddy galvis,2015,0.17
garin cecchini,2015,-0.12
garrett jones,2015,-0.61
garrett richards,2015,2.04
gary sanchez,2015,-0.05
gavin floyd,2015,0.24
george kontos,2015,1.6199999999999999
george springer,2015,4.22
geovany soto,2015,0.84
gerald laird,2015,-0.05
gerardo parra,2015,0.9199999999999999
gerrit cole,2015,4.47
giancarlo stanton,2015,3.76
gio gonzalez,2015,2.46
gio urshela,2015,-0.25
giovanni soto,2015,0.15
glen perkins,2015,1.21
gonzalez germen,2015,0.44
gordon beckham,2015,0.79
gorkys hernandez,2015,-0.1
grady sizemore,2015,-0.24
grant balfour,2015,-0.05
grant green,2015,-0.51
greg bird,2015,0.81
greg garcia,2015,0.4
greg holland,2015,0.34
gregor blanco,2015,0.98
gregorio petit,2015,-0.62
gregory polanco,2015,2.5
guido knudson,2015,-0.34
hank conger,2015,0.48
hanley ramirez,2015,-0.59
hansel robles,2015,-0.04
hanser alberto,2015,0.33
heath hembree,2015,0.42
hector gomez,2015,-0.11
hector neris,2015,0.25
hector noesi,2015,-0.54
hector olivera,2015,-0.09
hector rondon,2015,2.07
hector sanchez,2015,-0.42
hector santiago,2015,2.1300000000000003
henderson alvarez iii,2015,-0.49
henry owens,2015,0.51
henry urrutia,2015,0.15
hernan perez,2015,-0.44
hisashi iwakuma,2015,2.55
homer bailey,2015,-0.11
howie kendrick,2015,1.58
hunter pence,2015,0.94
hunter strickland,2015,1.35
huston street,2015,1.03
ian desmond,2015,1.91
ian kennedy,2015,-0.39
ian kinsler,2015,5.0
ian krol,2015,-0.43
ian thomas,2015,0.21000000000000002
ichiro suzuki,2015,-1.16
ike davis,2015,0.05
ivan de jesus,2015,-0.64
ivan nova,2015,0.62
ja happ,2015,3.0999999999999996
jace peterson,2015,1.14
jack leathersich,2015,0.26
jackie bradley jr,2015,2.2
jackson williams,2015,0.09
jacob degrom,2015,5.5
jacob lindgren,2015,-0.02
jacoby ellsbury,2015,1.72
jaff decker,2015,-0.13
jaime garcia,2015,3.89
jairo diaz,2015,0.65
jake arrieta,2015,8.61
jake brigham,2015,-0.51
jake buchanan,2015,0.23
jake diekman,2015,0.56
jake elmore,2015,-0.88
jake lamb,2015,2.2
jake marisnick,2015,2.38
jake mcgee,2015,0.93
jake odorizzi,2015,3.2
jake peavy,2015,1.92
jake petricka,2015,0.71
jake smolinski,2015,-0.020000000000000018
james jones,2015,-1.0
james loney,2015,-0.75
james mccann,2015,0.56
james paxton,2015,0.65
james pazos,2015,0.27
james russell,2015,-0.9
james shields,2015,1.77
jamie romak,2015,-0.05
jared hughes,2015,1.21
jarred cosart,2015,0.04000000000000001
jarrett parker,2015,0.5
jarrod dyson,2015,2.19
jarrod saltalamacchia,2015,0.69
jason bourgeois,2015,-0.43
jason castro,2015,1.5
jason frasor,2015,1.01
jason garcia,2015,-0.09000000000000001
jason grilli,2015,0.61
jason gurka,2015,-0.18000000000000002
jason hammel,2015,1.6
jason heyward,2015,6.97
jason kipnis,2015,3.79
jason marquis,2015,-0.9199999999999999
jason motte,2015,0.24
jason pridie,2015,-0.19
jason rogers,2015,0.48
jason vargas,2015,0.46
javier baez,2015,0.55
javier lopez,2015,1.44
javy guerra,2015,0.1
jay bruce,2015,0.85
jay jackson,2015,-0.02
jayson werth,2015,-1.48
jb shuck,2015,0.8
jc ramirez,2015,-0.22
jd martinez,2015,5.54
jean machi,2015,-0.53
jean segura,2015,0.56
jeanmar gomez,2015,1.25
jed lowrie,2015,1.18
jedd gyorko,2015,0.62
jeff baker,2015,-0.07
jeff beliveau,2015,-0.23
jeff bianchi,2015,-0.04
jeff ferrell,2015,-0.08
jeff francis,2015,-0.32
jeff francoeur,2015,-0.81
jeff locke,2015,-0.8500000000000001
jeff manship,2015,1.73
jeff mathis,2015,-0.52
jeff samardzija,2015,0.32999999999999996
jefry marte,2015,0.02
jemile weeks,2015,0.1
jenrry mejia,2015,0.47
jerad eickhoff,2015,1.71
jered weaver,2015,0.43999999999999995
jeremy affeldt,2015,-0.8300000000000001
jeremy guthrie,2015,-1.5
jeremy hellickson,2015,0.21
jeremy jeffress,2015,1.56
jerome williams,2015,-1.02
jerry blevins,2015,0.36
jerry sands,2015,-0.45
jesse chavez,2015,1.32
jesse hahn,2015,0.7899999999999999
jesus aguilar,2015,-0.23
jesus montero,2015,-0.41
jesus sucre,2015,-0.63
jett bandy,2015,0.13
jeurys familia,2015,2.96
jhonatan solano,2015,-0.3
jhonny peralta,2015,1.16
jhoulys chacin,2015,0.32
jim johnson,2015,-0.020000000000000018
jimmy nelson,2015,1.27
jimmy paredes,2015,0.34
jimmy rollins,2015,0.78
jj hardy,2015,-0.15
jj hoover,2015,0.96
joakim soria,2015,1.78
joaquin arias,2015,0.1
joaquin benoit,2015,1.87
joba chamberlain,2015,-0.62
joc pederson,2015,2.49
joe beimel,2015,0.13
joe blanton,2015,1.21
joe kelly,2015,0.91
joe mauer,2015,1.54
joe nathan,2015,0.01
joe panik,2015,3.67
joe ross,2015,1.1
joe smith,2015,0.65
joe thatcher,2015,0.43
joe wieland,2015,-0.31999999999999995
joel peralta,2015,-0.03
joey butler,2015,0.48
joey gallo,2015,0.3
joey terdoslavich,2015,-0.15
joey votto,2015,7.73
john axford,2015,0.77
john cornely,2015,-0.13
john danks,2015,-0.04
john hicks,2015,-0.51
john jaso,2015,0.98
john lackey,2015,5.68
john lamb,2015,-0.47
john mayberry,2015,-0.53
john ryan murphy,2015,0.38
johnny cueto,2015,3.9699999999999998
johnny giavotella,2015,1.29
johnny monell,2015,-0.27
jojo reyes,2015,0.01
jon edwards,2015,0.039999999999999994
jon gray,2015,0.09
jon jay,2015,-0.22
jon lester,2015,2.5
jon moscot,2015,0.09000000000000001
jon niese,2015,1.0899999999999999
jon singleton,2015,-0.26
jonathan aro,2015,-0.17
jonathan broxton,2015,-0.08000000000000002
jonathan diaz,2015,-0.12
jonathan herrera,2015,-0.66
jonathan lucroy,2015,0.91
jonathan papelbon,2015,1.3099999999999998
jonathan schoop,2015,1.78
jonathan villar,2015,0.87
jonny gomes,2015,-0.95
jordan danks,2015,-0.1
jordan lyles,2015,-0.1
jordan pacheco,2015,-0.26
jordan schafer,2015,-0.54
jordan walden,2015,0.57
jordan zimmermann,2015,3.0700000000000003
jordany valdespin,2015,-0.11
jordy mercer,2015,0.69
jorge de la rosa,2015,2.3400000000000003
jorge lopez,2015,-0.07
jorge polanco,2015,-0.1
jorge rondon,2015,-0.78
jorge soler,2015,0.06
jose abreu,2015,3.35
jose altuve,2015,3.97
jose alvarez,2015,0.47
jose bautista,2015,4.79
jose de paula,2015,0.05
jose dominguez,2015,0.23
jose fernandez,2015,1.72
jose iglesias,2015,1.35
jose lobaton,2015,-0.63
jose peraza,2015,0.02
jose pirela,2015,-0.61
jose quintana,2015,3.9699999999999998
jose ramirez,2015,0.5599999999999999
jose reyes,2015,0.37
jose tabata,2015,-0.31
jose urena,2015,-0.53
jose valdez,2015,0.08
josh a smith,2015,-0.66
josh collmenter,2015,1.1700000000000002
josh donaldson,2015,7.41
josh fields,2015,0.52
josh hamilton,2015,0.42
josh harrison,2015,1.62
josh osich,2015,0.16
josh phegley,2015,1.66
josh ravin,2015,-0.21
josh reddick,2015,3.55
josh rutledge,2015,-0.24
josh thole,2015,-0.45
josh tomlin,2015,1.95
josh wilson,2015,0.24000000000000002
jp arencibia,2015,0.73
jp howell,2015,1.5
jr graham,2015,-0.38
jt realmuto,2015,2.35
juan centeno,2015,-0.46
juan jaime,2015,-0.03
juan lagares,2015,0.36
juan nicasio,2015,0.27
juan perez,2015,0.23
juan uribe,2015,0.95
julio teheran,2015,1.8299999999999998
jumbo diaz,2015,0.13
jung ho kang,2015,4.06
junichi tazawa,2015,0.46
junior guerra,2015,-0.05
junior lake,2015,-0.61
justin bour,2015,0.28
justin de fratus,2015,-0.65
justin grimm,2015,0.63
justin masterson,2015,-0.18000000000000002
justin maxwell,2015,-0.01
justin miller,2015,0.5299999999999999
justin morneau,2015,0.48
justin nicolino,2015,0.21000000000000002
justin ruggiano,2015,0.07999999999999996
justin smoak,2015,0.93
justin turner,2015,3.62
justin upton,2015,4.11
justin verlander,2015,2.4
justin wilson,2015,1.5
kaleb cowart,2015,0.04
keith hessler,2015,-0.44
kelby tomlinson,2015,0.82
kelly johnson,2015,0.17
kelvin herrera,2015,1.48
ken giles,2015,1.71
kendall graveman,2015,1.09
kendry flores,2015,-0.13
kendrys morales,2015,2.55
kenley jansen,2015,1.35
kenny roberts,2015,-0.16999999999999998
kennys vargas,2015,-0.67
keon broxton,2015,-0.07
keone kela,2015,1.8
ketel marte,2015,2.24
kevin chapman,2015,0.06
kevin correia,2015,-0.74
kevin frandsen,2015,-0.02
kevin gausman,2015,1.01
kevin gregg,2015,-0.7
kevin jepsen,2015,1.98
kevin kiermaier,2015,6.85
kevin pillar,2015,5.05
kevin plawecki,2015,0.81
kevin quackenbush,2015,0.09
kevin siegrist,2015,2.1
keyvius sampson,2015,-1.3499999999999999
khris davis,2015,0.67
kirby yates,2015,-0.53
kirk nieuwenhuis,2015,0.66
koji uehara,2015,1.23
kole calhoun,2015,3.21
kolten wong,2015,2.68
kris bryant,2015,5.41
kris medlen,2015,0.22999999999999998
kristopher negron,2015,-0.43
kurt suzuki,2015,0.43
kyle barraclough,2015,0.37
kyle blanks,2015,0.54
kyle crockett,2015,0.12
kyle davies,2015,0.08
kyle drabek,2015,0.01
kyle gibson,2015,3.1799999999999997
kyle hendricks,2015,1.1700000000000002
kyle kendrick,2015,-0.33
kyle kubitza,2015,-0.32
kyle lobstein,2015,-0.59
kyle lohse,2015,-0.8200000000000001
kyle parker,2015,-1.23
kyle ryan,2015,0.27
kyle schwarber,2015,1.24
kyle seager,2015,5.36
kyle waldrop,2015,-0.03
kyuji fujikawa,2015,-0.18
lance lynn,2015,3.44
lance mccullers jr,2015,2.02
latroy hawkins,2015,0.5700000000000001
leonel campos,2015,-0.02
leonys martin,2015,0.87
leury garcia,2015,-0.03
liam hendriks,2015,1.07
lj hoes,2015,0.18
logan forsythe,2015,4.62
logan kensing,2015,-0.26
logan morrison,2015,0.26
logan schafer,2015,-0.52
logan verrett,2015,0.68
lonnie chisenhall,2015,1.89
lorenzo cain,2015,6.9
louis coleman,2015,0.14
lucas duda,2015,2.73
lucas luetge,2015,0.09
luis avilan,2015,0.38
luis garcia,2015,0.9
luis jimenez,2015,-0.31
luis sardinas,2015,-0.15
luis severino,2015,1.93
luis valbuena,2015,2.5
luke gregerson,2015,0.54
luke hochevar,2015,0.33
luke jackson,2015,0.03
luke maile,2015,-0.17
mac williamson,2015,-0.19
madison bumgarner,2015,5.91
maikel franco,2015,1.64
manny banuelos,2015,-0.24
manny machado,2015,7.26
manny parra,2015,0.16
marc krauss,2015,-0.76
marc rzepczynski,2015,-1.1400000000000001
marcell ozuna,2015,0.81
marco estrada,2015,3.86
marco gonzales,2015,-0.21
marcos mateo,2015,-0.19
marcus hatley,2015,0.05
marcus semien,2015,1.92
marcus stroman,2015,1.32
mark buehrle,2015,1.22
mark canha,2015,1.64
mark lowe,2015,1.62
mark melancon,2015,1.84
mark reynolds,2015,-0.38
mark teixeira,2015,3.23
mark trumbo,2015,1.66
marlon byrd,2015,1.62
martin maldonado,2015,0.16
martin perez,2015,0.25
martin prado,2015,3.38
marwin gonzalez,2015,2.65
masahiro tanaka,2015,3.07
mason williams,2015,0.12
mat latos,2015,-0.09999999999999998
matt adams,2015,0.0
matt albers,2015,1.42
matt andriese,2015,0.47
matt barnes,2015,-0.29
matt belisle,2015,0.76
matt cain,2015,-0.98
matt carpenter,2015,4.75
matt den dekker,2015,0.48
matt duffy,2015,4.23
matt garza,2015,-1.88
matt grace,2015,-0.26
matt hague,2015,-0.01
matt harrison,2015,-0.03
matt harvey,2015,4.71
matt holliday,2015,0.68
matt joyce,2015,-0.9
matt kemp,2015,0.56
matt marksberry,2015,-0.4
matt mcbride,2015,-0.69
matt moore,2015,-0.44999999999999996
matt reynolds,2015,0.02
matt shoemaker,2015,0.5900000000000001
matt stites,2015,-0.53
matt szczur,2015,-0.5
matt thornton,2015,1.15
matt tracy,2015,-0.09
matt west,2015,0.09
matt wieters,2015,0.78
matt wisler,2015,0.63
matthew boyd,2015,-1.24
max kepler,2015,-0.09
max muncy,2015,-0.18
max scherzer,2015,7.41
max stassi,2015,0.35
mayckol guaipe,2015,-0.5
melky cabrera,2015,1.55
micah johnson,2015,-0.72
michael a taylor,2015,0.44
michael blazek,2015,1.18
michael bourn,2015,0.09999999999999998
michael brantley,2015,3.77
michael choice,2015,-0.13
michael conforto,2015,2.16
michael cuddyer,2015,0.63
michael feliz,2015,-0.12
michael kohn,2015,0.18
michael lorenzen,2015,-0.30999999999999994
michael mariot,2015,0.03
michael martinez,2015,-0.04
michael mckenry,2015,-0.17
michael pineda,2015,1.78
michael reed,2015,0.12
michael saunders,2015,-0.17
michael tonkin,2015,0.33
michael wacha,2015,3.18
miguel almonte,2015,-0.11
miguel cabrera,2015,4.93
miguel castro,2015,-0.32999999999999996
miguel gonzalez,2015,0.25
miguel montero,2015,1.74
miguel rojas,2015,1.23
miguel sano,2015,2.33
miguel socolovich,2015,0.6799999999999999
mike aviles,2015,-1.23
mike baxter,2015,0.07
mike bolsinger,2015,0.6900000000000002
mike broadway,2015,-0.13
mike dunn,2015,-0.25
mike fiers,2015,1.87
mike foltynewicz,2015,-1.45
mike leake,2015,2.6999999999999997
mike montgomery,2015,0.5299999999999999
mike morin,2015,-0.91
mike morse,2015,-0.4
mike moustakas,2015,4.03
mike napoli,2015,0.8
mike olt,2015,-0.51
mike pelfrey,2015,1.55
mike trout,2015,9.49
mike wright jr,2015,-0.31
mike zunino,2015,-0.77
mikie mahtook,2015,1.28
mitch harris,2015,-0.02
mitch moreland,2015,2.2
mookie betts,2015,6.01
munenori kawasaki,2015,0.2
mychal givens,2015,0.9
nate jones,2015,0.27
nate karns,2015,2.09
nathan adcock,2015,-0.22
nathan eovaldi,2015,2.2600000000000002
neal cotts,2015,0.63
nefi ogando,2015,-0.15
neftali feliz,2015,-1.06
neil ramirez,2015,0.19
neil walker,2015,2.56
nelson cruz,2015,5.05
nevin ashley,2015,-0.2
nick ahmed,2015,1.01
nick castellanos,2015,1.08
nick franklin,2015,-0.79
nick goody,2015,0.02
nick greenwood,2015,0.0
nick hagadone,2015,-0.02
nick hundley,2015,1.81
nick markakis,2015,1.9
nick martinez,2015,1.23
nick masset,2015,-0.42000000000000004
nick noonan,2015,-0.3
nick rumbelow,2015,0.04
nick swisher,2015,-1.32
nick tropeano,2015,0.19
nick vincent,2015,0.31
noah syndergaard,2015,2.7800000000000002
noe ramirez,2015,-0.52
nolan arenado,2015,6.33
nolan reimold,2015,0.18
nori aoki,2015,1.05
odrisamer despaigne,2015,-1.48
odubel herrera,2015,3.98
oliver drake,2015,0.12
oliver perez,2015,-0.37
omar infante,2015,-0.54
orlando calixte,2015,-0.04
oscar hernandez,2015,-0.3
oswaldo arcia,2015,-0.29
pablo sandoval,2015,-0.53
paco rodriguez,2015,0.22
pat neshek,2015,0.15
pat venditte,2015,0.04
patrick corbin,2015,1.36
paul goldschmidt,2015,8.33
paul janish,2015,0.43
paulo orlando,2015,0.72
pedro alvarez,2015,0.03
pedro baez,2015,0.17
pedro ciriaco,2015,-0.02
pedro florimon,2015,-0.17
pedro severino,2015,0.13
pedro strop,2015,1.04
pedro villarreal,2015,0.18
pete kozma,2015,-0.74
peter bourjos,2015,-0.86
peter moylan,2015,0.12
peter obrien,2015,0.14
phil coke,2015,-0.15
phil gosselin,2015,0.86
phil hughes,2015,1.77
phil klein,2015,-0.42
phillippe aumont,2015,-0.21000000000000002
preston guilmet,2015,-0.25
preston tucker,2015,0.48
prince fielder,2015,1.79
quintin berry,2015,-0.02
ra dickey,2015,2.52
radhames liz,2015,-0.03
rafael betancourt,2015,-0.6
rafael martin,2015,-0.31
rafael montero,2015,-0.15
rafael soriano,2015,-0.21
rafael ynoa,2015,-0.85
raisel iglesias,2015,0.7
rajai davis,2015,1.53
ramon cabrera,2015,0.47
ramon flores,2015,0.0
randal grichuk,2015,3.06
randall delgado,2015,0.8099999999999999
randy choate,2015,0.27
randy wolf,2015,-0.75
raudel lazo,2015,0.06
reed johnson,2015,-0.17
reid brignac,2015,-0.16
rene rivera,2015,-1.98
rex brothers,2015,0.53
rey navarro,2015,-0.11
rich hill,2015,1.63
richie shaffer,2015,-0.16
rick porcello,2015,0.43999999999999995
rickie weeks,2015,-0.81
ricky nolasco,2015,-0.8200000000000001
rico noel,2015,0.02
rj alvarez,2015,-0.84
rob brantly,2015,-0.32
rob rasmussen,2015,-1.06
rob refsnyder,2015,0.46
rob scahill,2015,-0.1
rob wooten,2015,-0.29000000000000004
robbie erlin,2015,0.020000000000000004
robbie grossman,2015,-0.38
robbie ray,2015,1.4400000000000002
robbie ross,2015,0.69
roberto hernandez,2015,-0.16999999999999998
roberto osuna,2015,1.79
roberto perez,2015,1.51
robinson cano,2015,3.82
robinson chirinos,2015,1.69
rocky gale,2015,-0.15
roenis elias,2015,1.12
roman mendez,2015,-0.049999999999999996
ronald belisario,2015,-0.22
ronald torreyes,2015,0.12
ross detwiler,2015,-1.7199999999999998
ross ohlendorf,2015,0.27
rougned odor,2015,2.1
rubby de la rosa,2015,-0.45
ruben tejada,2015,0.03
rusney castillo,2015,0.8
russell martin,2015,2.99
ryan braun,2015,3.4
ryan brett,2015,0.1
ryan cook,2015,-1.08
ryan dull,2015,0.03
ryan flaherty,2015,0.03
ryan goins,2015,1.96
ryan hanigan,2015,0.61
ryan howard,2015,-1.68
ryan jackson,2015,-0.54
ryan kelly,2015,-0.35
ryan lamarre,2015,-0.53
ryan lavarnway,2015,-0.12000000000000002
ryan lollis,2015,-0.09
ryan madson,2015,1.79
ryan mattheus,2015,-0.24999999999999997
ryan orourke,2015,-0.19
ryan pressly,2015,0.69
ryan raburn,2015,1.01
ryan rua,2015,-0.24
ryan strausborger,2015,-0.61
ryan tepera,2015,0.28
ryan vogelsong,2015,-0.39
ryan webb,2015,0.61
ryan weber,2015,-0.009999999999999995
ryan zimmerman,2015,0.68
salvador perez,2015,2.27
sam deduno,2015,-0.49
sam dyson,2015,1.45
sam freeman,2015,0.99
sam fuld,2015,0.76
sam lecure,2015,0.12000000000000001
sam tuivailala,2015,0.25
sammy solis,2015,0.08
sandy leon,2015,-0.12
santiago casilla,2015,1.16
scooter gennett,2015,0.19
scott alexander,2015,0.02
scott atchison,2015,-0.34
scott baker,2015,-0.16
scott carroll,2015,0.08
scott copeland,2015,-0.23
scott feldman,2015,1.11
scott kazmir,2015,3.02
scott mcgough,2015,-0.21
scott oberg,2015,-0.05
scott schebler,2015,0.58
scott van slyke,2015,1.07
sean doolittle,2015,0.07
sean gilmartin,2015,1.21
sean nolin,2015,-0.26
sean osullivan,2015,-0.5900000000000001
sean rodriguez,2015,0.03
sergio romo,2015,0.86
sergio santos,2015,-0.09000000000000001
seth maness,2015,-0.7100000000000001
seth rosin,2015,-0.15
seth smith,2015,1.67
severino gonzalez,2015,-0.75
shane greene,2015,-1.77
shane peterson,2015,0.67
shane robinson,2015,0.30000000000000004
shane victorino,2015,0.06
shaun marcum,2015,-0.06
shawn armstrong,2015,0.18
shawn kelley,2015,0.73
shawn omalley,2015,0.49
shawn tolleson,2015,1.82
shelby miller,2015,3.83
shinsoo choo,2015,3.33
silvino bracho,2015,0.4
simon castro,2015,-0.03
skip schumaker,2015,-0.83
slade heathcott,2015,0.39
socrates brito,2015,0.62
sonny gray,2015,5.4
spencer patton,2015,-1.0
starlin castro,2015,0.44
starling marte,2015,4.95
stefen romero,2015,-0.13
stephen drew,2015,0.11
stephen piscotty,2015,1.11
stephen strasburg,2015,1.89
stephen vogt,2015,3.55
steve cishek,2015,-0.15999999999999998
steve clevenger,2015,0.38
steve delabar,2015,-0.43
steve geltz,2015,0.25
steve johnson,2015,-0.14
steve lombardozzi,2015,-0.27
steve pearce,2015,-0.04
steven baron,2015,-0.28
steven matz,2015,1.3
steven moya,2015,-0.13
steven souza jr,2015,1.39
steven tolleson,2015,0.45
steven wright,2015,0.47
stolmy pimentel,2015,0.11
sugar ray marimon,2015,-0.54
taijuan walker,2015,1.22
tanner roark,2015,0.71
tanner scheppers,2015,-0.48
taylor featherston,2015,-0.08
taylor hill,2015,0.13
taylor jordan,2015,0.11
taylor jungmann,2015,1.9900000000000002
taylor teagarden,2015,-0.15
terrance gore,2015,-0.08
thomas field,2015,-0.13
tim beckham,2015,0.13
tim cooney,2015,0.7100000000000001
tim hudson,2015,0.75
tim lincecum,2015,0.36000000000000004
tim stauffer,2015,-0.54
tj house,2015,-0.86
tj mcfarland,2015,-0.36
todd cunningham,2015,0.04
todd frazier,2015,3.74
todd redmond,2015,-0.35
tom gorzelanny,2015,-0.61
tom koehler,2015,0.52
tom murphy,2015,0.18
tom wilhelmsen,2015,1.15
tomas telis,2015,-0.08
tommy hunter,2015,0.22000000000000003
tommy kahnle,2015,-0.28
tommy la stella,2015,0.57
tommy layne,2015,0.49
tommy milone,2015,1.42
tommy pham,2015,1.48
tony cingrani,2015,-0.52
tony cruz,2015,-0.72
tony sanchez,2015,0.17
tony sipp,2015,1.61
tony watson,2015,2.45
tony zych,2015,0.43
torii hunter,2015,-0.66
toru murata,2015,-0.23
travis darnaud,2015,1.48
travis ishikawa,2015,-0.46
travis jankowski,2015,0.07
travis shaw,2015,1.06
travis snider,2015,0.92
travis tartamella,2015,0.04
travis wood,2015,0.24
trayce thompson,2015,1.59
trea turner,2015,0.29
trevor bauer,2015,1.6
trevor brown,2015,-0.17
trevor cahill,2015,-0.22999999999999993
trevor gott,2015,0.62
trevor may,2015,1.47
trevor plouffe,2015,2.94
trevor rosenthal,2015,2.6300000000000003
troy tulowitzki,2015,2.67
tsuyoshi wada,2015,0.34
tucker barnhart,2015,0.27
tuffy gosewisch,2015,0.45
tyler clippard,2015,1.23
tyler collins,2015,-0.19
tyler cravy,2015,-0.79
tyler duffey,2015,1.62
tyler flowers,2015,0.77
tyler holt,2015,-0.29000000000000004
tyler ladendorf,2015,0.14
tyler lyons,2015,0.45
tyler matzek,2015,0.77
tyler moore,2015,-1.21
tyler olson,2015,-0.12
tyler saladino,2015,0.92
tyler thornburg,2015,-0.42
tyler wagner,2015,-0.31
tyler wilson,2015,0.63
tyson ross,2015,3.94
ubaldo jimenez,2015,2.13
vance worley,2015,0.06
victor martinez,2015,-1.87
vidal nuno iii,2015,1.55
vin mazzaro,2015,0.03
vince velasquez,2015,0.14
vinnie pestano,2015,-0.27
wade davis,2015,3.53
wade miley,2015,2.29
wandy rodriguez,2015,0.53
weiyin chen,2015,3.38
welington castillo,2015,1.0
wesley wright,2015,0.0
wil myers,2015,1.15
wil nieves,2015,-0.25
wilin rosario,2015,-1.56
will harris,2015,2.0100000000000002
will middlebrooks,2015,-0.63
will smith,2015,1.08
will venable,2015,0.43
williams perez,2015,0.05
willie bloomquist,2015,-0.37
wilmer difo,2015,-0.17
wilmer flores,2015,0.99
wilson ramos,2015,1.02
wily peralta,2015,0.14999999999999997
xander bogaerts,2015,4.53
xavier cedeno,2015,1.2
xavier scruggs,2015,-0.24
yadiel rivera,2015,-0.25
yadier molina,2015,1.44
yan gomes,2015,0.81
yangervis solarte,2015,2.22
yasiel puig,2015,1.09
yasmani grandal,2015,1.39
yasmany tomas,2015,-0.91
yhonathan barrios,2015,0.3
yimi garcia,2015,0.4
yoenis cespedes,2015,6.09
yoervis medina,2015,0.04000000000000001
yohan flande,2015,0.84
yohan pino,2015,0.27
yolmer sanchez,2015,0.06
yonder alonso,2015,2.14
yordano ventura,2015,2.08
yovani gallardo,2015,4.26
yunel escobar,2015,2.05
yusmeiro petit,2015,0.44000000000000006
zac rosscup,2015,-0.06
zach davies,2015,0.53
zach duke,2015,0.55
zach lee,2015,-0.31999999999999995
zach mcallister,2015,0.98
zach putnam,2015,0.06
zach walters,2015,-0.36
zack britton,2015,2.32
zack cozart,2015,1.81
zack godley,2015,0.5800000000000001
zack greinke,2015,9.459999999999999
aaron altherr,2016,-0.2
aaron blair,2016,-1.91
aaron hicks,2016,-0.24
aaron hill,2016,1.46
aaron judge,2016,-0.3
aaron loup,2016,0.0
aaron nola,2016,-0.2
aaron sanchez,2016,4.98
abel de los santos,2016,-0.21
abraham almonte,2016,0.7
adalberto mejia,2016,-0.02
adalberto mondesi,2016,-0.44
adam conley,2016,1.59
adam duvall,2016,3.37
adam eaton,2016,6.66
adam frazier,2016,0.4
adam jones,2016,1.61
adam liberatore,2016,0.64
adam lind,2016,-0.29
adam loewen,2016,-0.49
adam moore,2016,-0.11
adam morgan,2016,-1.0899999999999999
adam ottavino,2016,0.97
adam plutko,2016,-0.04
adam rosales,2016,2.31
adam wainwright,2016,2.12
adam warren,2016,-0.49
addison reed,2016,2.71
addison russell,2016,3.87
adeiny hechavarria,2016,1.18
adonis garcia,2016,0.02
adrian beltre,2016,6.87
adrian gonzalez,2016,1.82
adrian sampson,2016,-0.04
aj achter,2016,0.48
aj cole,2016,-0.26
aj ellis,2016,-0.04999999999999999
aj griffin,2016,0.98
aj morris,2016,-0.09
aj pierzynski,2016,-1.39
aj pollock,2016,0.38
aj ramos,2016,1.33
aj reed,2016,-0.69
aj schugel,2016,0.69
al alburquerque,2016,-0.11
albert almora,2016,0.68
albert pujols,2016,1.45
albert suarez,2016,0.56
alberto rosario,2016,-0.28
alcides escobar,2016,0.68
alec asher,2016,0.59
alec mills,2016,-0.15
aledmys diaz,2016,2.86
alejandro de aza,2016,-0.4
alen hanson,2016,-0.32
alex avila,2016,0.94
alex bregman,2016,2.09
alex claudio,2016,1.16
alex cobb,2016,-0.78
alex colome,2016,2.29
alex dickerson,2016,1.04
alex gordon,2016,0.77
alex meyer,2016,-0.13999999999999999
alex presley,2016,-0.87
alex reyes,2016,2.1199999999999997
alex rodriguez,2016,-1.2
alex wilson,2016,1.95
alex wimmers,2016,0.23
alex wood,2016,0.56
alexei ramirez,2016,-1.71
alexi amarista,2016,-0.45999999999999996
alexi ogando,2016,-0.04
alfredo simon,2016,-2.0700000000000003
andre ethier,2016,-0.21
andrelton simmons,2016,4.45
andres blanco,2016,-0.44
andrew albers,2016,-0.32
andrew bailey,2016,-0.21000000000000002
andrew benintendi,2016,0.77
andrew cashner,2016,-0.59
andrew chafin,2016,-0.44
andrew faulkner,2016,-0.3
andrew heaney,2016,-0.03
andrew lambo,2016,-0.03
andrew mccutchen,2016,-0.36
andrew miller,2016,3.7399999999999998
andrew romine,2016,0.5
andrew susac,2016,0.08
andrew toles,2016,1.38
andrew triggs,2016,0.47
andy burns,2016,0.01
andy wilkins,2016,-0.16
angel pagan,2016,1.71
anibal sanchez,2016,-0.94
anthony desclafani,2016,2.74
anthony gose,2016,-0.32
anthony ranaudo,2016,-1.01
anthony recker,2016,0.58
anthony rendon,2016,4.34
anthony rizzo,2016,5.84
anthony swarzak,2016,-0.09
antonio bastardo,2016,-0.13
archie bradley,2016,0.79
ariel miranda,2016,0.65
ariel pena,2016,-0.17
arismendy alcantara,2016,-0.34
arnold leon,2016,-0.15
arodys vizcaino,2016,-0.55
aroldis chapman,2016,2.58
arquimedes caminero,2016,0.18999999999999995
asdrubal cabrera,2016,3.4
ashur tolliver,2016,-0.08
austin adams,2016,-0.75
austin barnes,2016,-0.07
austin brice,2016,-0.38
austin hedges,2016,-0.44
austin jackson,2016,-0.13
austin romine,2016,-0.19
avisail garcia,2016,0.9
bartolo colon,2016,2.6900000000000004
ben gamel,2016,-0.26
ben heller,2016,-0.1
ben paulsen,2016,-1.25
ben revere,2016,-0.97
ben rowen,2016,-0.25
ben zobrist,2016,3.45
billy burns,2016,-0.91
billy butler,2016,-0.06
billy hamilton,2016,3.07
bj upton,2016,1.24
blaine boyer,2016,0.51
blaine hardy,2016,0.37
blake lalli,2016,-0.16
blake parker,2016,0.11
blake smith,2016,-0.03
blake snell,2016,0.86
blake swihart,2016,0.25
blake treinen,2016,1.98
blake wood,2016,0.44999999999999996
bo schultz,2016,-0.12
bobby parnell,2016,-0.07
bobby wilson,2016,-0.52
boone logan,2016,0.59
brad boxberger,2016,-0.07
brad brach,2016,2.41
brad hand,2016,1.6099999999999999
brad miller,2016,0.64
brad peacock,2016,0.18
brad ziegler,2016,2.23
braden shipley,2016,0.16999999999999998
brady rodgers,2016,-0.61
branden pinder,2016,-0.1
brandon barnes,2016,0.01
brandon belt,2016,3.92
brandon crawford,2016,5.51
brandon cunniff,2016,0.01
brandon drury,2016,-0.09
brandon finnegan,2016,1.99
brandon guyer,2016,1.9499999999999997
brandon kintzler,2016,1.12
brandon maurer,2016,-0.17
brandon mccarthy,2016,-0.09
brandon morrow,2016,0.42
brandon moss,2016,0.77
brandon nimmo,2016,0.24
brandon phillips,2016,0.25
brandon snyder,2016,0.14
brayan pena,2016,-0.24
brendan ryan,2016,-0.23
brent suter,2016,0.48
brett anderson,2016,-0.76
brett cecil,2016,0.28
brett eibner,2016,-0.27
brett gardner,2016,3.22
brett lawrie,2016,1.26
brett nicholas,2016,0.09
brett oberholtzer,2016,-0.4700000000000001
brett wallace,2016,-0.79
brian dozier,2016,5.75
brian duensing,2016,0.16
brian ellington,2016,0.63
brian flynn,2016,1.19
brian goodwin,2016,-0.14
brian matusz,2016,-0.6599999999999999
brian mccann,2016,0.81
brock holt,2016,1.71
brock stewart,2016,-0.16
brooks pounders,2016,-0.59
bruce maxwell,2016,0.46
bruce rondon,2016,1.05
bryan holaday,2016,0.32
bryan mitchell,2016,0.39
bryan morris,2016,0.22
bryan shaw,2016,1.16
bryce brentz,2016,-0.13
bryce harper,2016,1.58
buck farmer,2016,0.24
bud norris,2016,0.42999999999999994
buddy baumann,2016,0.1
buddy boshers,2016,0.06
buster posey,2016,4.7
byron buxton,2016,1.68
byungho park,2016,-0.24
caleb cotham,2016,-0.75
caleb joseph,2016,-0.82
cam bedrosian,2016,1.36
cameron maybin,2016,1.64
cameron rupp,2016,1.11
carl crawford,2016,-1.05
carl edwards jr,2016,0.26999999999999996
carlos asuaje,2016,-0.13
carlos beltran,2016,2.17
carlos carrasco,2016,2.92
carlos correa,2016,6.97
carlos estevez,2016,0.16
carlos frias,2016,0.12000000000000001
carlos gomez,2016,-0.039999999999999925
carlos gonzalez,2016,2.32
carlos martinez,2016,6.11
carlos perez,2016,0.71
carlos rodon,2016,1.7
carlos ruiz,2016,1.81
carlos santana,2016,3.47
carlos torres,2016,2.16
carlos villanueva,2016,-1.19
carson fulmer,2016,-0.32
carson kelly,2016,-0.01
carson smith,2016,0.03
casey fien,2016,-0.35
casey kelly,2016,-0.36
casey mcgehee,2016,-0.34
cc sabathia,2016,3.0500000000000003
cedric hunter,2016,-0.67
cesar hernandez,2016,2.95
cesar ramos,2016,-0.43
cesar vargas,2016,0.020000000000000018
chad bettis,2016,1.2999999999999998
chad girodo,2016,0.07
chad green,2016,0.1
chad kuhl,2016,0.77
chad pinder,2016,-0.38
chad qualls,2016,-0.13
charlie blackmon,2016,4.6
charlie culberson,2016,0.36
charlie morton,2016,0.26
charlie tilson,2016,0.03
chase anderson,2016,0.61
chase darnaud,2016,0.24
chase headley,2016,2.49
chase utley,2016,1.31
chase whitley,2016,0.08
chasen shreve,2016,0.0
chaz roe,2016,0.41000000000000003
cheslor cuthbert,2016,0.03
chi chi gonzalez,2016,-0.52
chienming wang,2016,0.27
chinhui tsao,2016,-0.02
chris archer,2016,1.9699999999999998
chris bassitt,2016,-0.17
chris beck,2016,-0.43
chris capuano,2016,0.21000000000000002
chris carter,2016,0.73
chris coghlan,2016,-0.6400000000000001
chris colabello,2016,-0.61
chris davis,2016,3.03
chris devenski,2016,2.77
chris gimenez,2016,-0.66
chris hatcher,2016,-0.58
chris heisey,2016,-0.06
chris herrmann,2016,1.28
chris heston,2016,-0.39
chris iannetta,2016,0.07
chris johnson,2016,-0.65
chris narveson,2016,-0.5800000000000001
chris owings,2016,0.96
chris parmelee,2016,0.3
chris rusin,2016,1.9900000000000002
chris sale,2016,4.94
chris smith,2016,0.39
chris stewart,2016,-0.29
chris stratton,2016,0.010000000000000002
chris taylor,2016,-0.009999999999999995
chris tillman,2016,3.52
chris withrow,2016,0.47
chris young,2016,0.5599999999999999
christian bergman,2016,-0.6499999999999999
christian bethancourt,2016,0.0
christian colon,2016,0.42
christian friedrich,2016,0.15999999999999998
christian vazquez,2016,-0.2
christian yelich,2016,4.92
cj cron,2016,1.9
clay buchholz,2016,0.09000000000000001
clayton kershaw,2016,6.07
clayton richard,2016,0.28
cliff pennington,2016,0.52
clint robinson,2016,-0.63
coco crisp,2016,0.32999999999999996
cody allen,2016,1.78
cody anderson,2016,-0.84
cody asche,2016,-0.8
cody ege,2016,0.12
cody hall,2016,-0.17
cody martin,2016,0.3
cody reed,2016,-1.54
colby lewis,2016,2.41
colby rasmus,2016,2.56
cole figueroa,2016,-0.33
cole gillespie,2016,-0.27
cole hamels,2016,5.13
colin moran,2016,-0.2
colin rea,2016,-0.31000000000000005
colin walsh,2016,-0.46
collin cowgill,2016,-0.23
collin mchugh,2016,0.78
colton murray,2016,-0.43
conor gillaspie,2016,1.05
conor mullee,2016,0.05
corey dickerson,2016,1.68
corey kluber,2016,5.65
corey knebel,2016,-0.24
corey seager,2016,5.25
cory gearrin,2016,-0.03
cory luebke,2016,-0.25
cory rasmus,2016,-0.22
cory spangenberg,2016,0.37
craig breslow,2016,-0.18
craig gentry,2016,-0.42
craig kimbrel,2016,0.82
cristhian adames,2016,-0.73
curt casali,2016,0.77
curtis granderson,2016,2.89
curtis partch,2016,-0.18
daeho lee,2016,0.33
dalier hinojosa,2016,0.22
dallas keuchel,2016,0.29000000000000004
dalton pompey,2016,-0.05
damien magnifico,2016,-0.01
dan altavilla,2016,0.48
dan jennings,2016,1.63
dan otero,2016,2.51
dan straily,2016,3.6800000000000006
dan winkler,2016,0.21
dana eveland,2016,-0.96
daniel castro,2016,-0.79
daniel descalso,2016,0.52
daniel hudson,2016,-0.52
daniel mengden,2016,-0.75
daniel murphy,2016,4.67
daniel nava,2016,-0.91
daniel norris,2016,1.7
daniel robertson,2016,-0.25
daniel stumpf,2016,-0.37
daniel vogelbach,2016,-0.3
daniel webb,2016,0.03
daniel wright,2016,-0.84
danny barnes,2016,0.1
danny coulombe,2016,0.4
danny duffy,2016,4.029999999999999
danny espinosa,2016,1.7
danny farquhar,2016,0.51
danny salazar,2016,2.3800000000000003
danny santana,2016,-1.56
danny valencia,2016,1.15
danny worth,2016,-0.06
dansby swanson,2016,1.16
dariel alvarez,2016,0.13
darin mastroianni,2016,-0.13
darin ruf,2016,-0.72
dario alvarez,2016,0.16
darrell ceciliani,2016,-0.5
darren oday,2016,0.48
darwin barney,2016,1.67
david dahl,2016,0.94
david freese,2016,1.79
david goforth,2016,-0.46
david hale,2016,-0.11
david hernandez,2016,0.9
david huff,2016,-0.51
david lough,2016,-0.05
david ortiz,2016,5.08
david paulino,2016,0.0
david peralta,2016,0.53
david phelps,2016,2.74
david price,2016,2.78
david robertson,2016,1.22
david rollins,2016,-0.16
david ross,2016,1.68
david wright,2016,0.17
dayan diaz,2016,-0.42
dean kiekhefer,2016,0.04
dee strangegordon,2016,0.62
delino deshields,2016,-0.15
dellin betances,2016,1.14
denard span,2016,1.64
deolis guerra,2016,0.41
derek dietrich,2016,2.54
derek holland,2016,0.8200000000000001
derek law,2016,1.44
derek norris,2016,0.37
desmond jennings,2016,0.92
destin hood,2016,-0.15
deven marrero,2016,-0.14
devin mesoraco,2016,-0.25
devon travis,2016,2.46
dexter fowler,2016,3.95
didi gregorius,2016,2.19
dillon gee,2016,0.72
dillon overton,2016,-1.1
dioner navarro,2016,-1.0
dixon machado,2016,0.19
dj lemahieu,2016,5.45
domingo santana,2016,-0.19
dominic leone,2016,-0.32
don kelly,2016,-0.32
donn roach,2016,-0.27
donnie hart,2016,0.82
donovan solano,2016,0.02
doug fister,2016,-0.16999999999999998
drew butera,2016,0.21000000000000002
drew hayes,2016,-0.43000000000000005
drew hutchison,2016,0.0
drew pomeranz,2016,3.75
drew smyly,2016,0.08
drew storen,2016,-0.28
drew stubbs,2016,-0.54
drew verhagen,2016,-0.31
dustin ackley,2016,-0.18
dustin antolin,2016,-0.11
dustin garneau,2016,0.1
dustin mcgowan,2016,0.73
dustin molleken,2016,0.1
dustin pedroia,2016,5.35
dylan bundy,2016,1.54
dylan floro,2016,0.03
eddie butler,2016,-1.54
eddie gamboa,2016,0.39
eddie rosario,2016,1.14
edinson volquez,2016,-0.6599999999999999
eduardo escobar,2016,-0.69
eduardo nunez,2016,1.63
eduardo rodriguez,2016,0.33999999999999997
edubray ramos,2016,0.45999999999999996
edwin diaz,2016,1.39
edwin encarnacion,2016,3.84
edwin escobar,2016,-0.7100000000000001
edwin jackson,2016,-0.32999999999999996
ehire adrianza,2016,-0.08
elias diaz,2016,-0.11
elvis andrus,2016,3.07
elvis araujo,2016,-0.66
emilio bonifacio,2016,-0.37
emmanuel burriss,2016,-0.75
ender inciarte,2016,3.8
enny romero,2016,-0.54
enrique burgos,2016,-0.31
enrique hernandez,2016,0.0
erasmo ramirez,2016,0.93
eric campbell,2016,-0.33
eric fryer,2016,0.37000000000000005
eric hosmer,2016,1.68
eric oflaherty,2016,-0.85
eric surkamp,2016,-0.56
eric young jr,2016,-0.05
erick aybar,2016,0.02999999999999997
erik goeddel,2016,-0.06
erik gonzalez,2016,-0.02
erik johnson,2016,-0.86
erik kratz,2016,-1.16
ervin santana,2016,3.91
eugenio suarez,2016,1.33
evan gattis,2016,2.91
evan longoria,2016,4.66
evan marshall,2016,-0.71
evan scribner,2016,0.77
ezequiel carrera,2016,0.79
felipe vazquez,2016,0.18
felix hernandez,2016,1.2
felix pena,2016,0.04
fernando abad,2016,0.78
fernando rodney,2016,0.96
fernando rodriguez jr,2016,0.42
fernando salas,2016,0.48000000000000004
francisco cervelli,2016,1.6
francisco lindor,2016,5.16
francisco liriano,2016,0.71
francisco pena,2016,-0.19
francisco rodriguez,2016,1.25
frank herrmann,2016,-0.7
franklin gutierrez,2016,0.42
franklin morales,2016,-0.16
freddie freeman,2016,6.26
freddy galvis,2016,0.93
gabriel ynoa,2016,-0.3
garrett richards,2016,0.4
gary sanchez,2016,3.01
gavin cecchini,2016,0.15
gavin floyd,2016,0.21
george kontos,2016,0.8
george springer,2016,5.11
geovany soto,2016,0.36
gerardo concepcion,2016,0.01
gerardo parra,2016,-2.33
german marquez,2016,0.04999999999999999
gerrit cole,2016,1.69
giancarlo stanton,2016,2.43
gio gonzalez,2016,0.84
glen perkins,2016,-0.08
gonzalez germen,2016,-0.05
gordon beckham,2016,-0.71
gorkys hernandez,2016,0.47
grant dayton,2016,0.71
grant green,2016,-0.25
greg garcia,2016,1.48
greg mahle,2016,-0.3
gregor blanco,2016,-1.0
gregorio petit,2016,0.02
gregory polanco,2016,1.72
guillermo heredia,2016,0.56
hank conger,2016,-0.64
hanley ramirez,2016,2.79
hansel robles,2016,0.75
hanser alberto,2016,-0.6
heath hembree,2016,0.35
hector neris,2016,2.06
hector olivera,2016,-0.28
hector rondon,2016,0.42
hector sanchez,2016,0.33
hector santiago,2016,1.15
henry owens,2016,-0.42
hernan iribarren,2016,0.16
hernan perez,2016,1.65
hisashi iwakuma,2016,2.39
homer bailey,2016,-0.52
howie kendrick,2016,0.81
hunter cervenka,2016,0.6
hunter dozier,2016,-0.03
hunter pence,2016,2.2
hunter renfroe,2016,0.42
hunter strickland,2016,1.05
huston street,2016,-0.59
hyun jin ryu,2016,-0.26
hyun soo kim,2016,0.96
ian desmond,2016,2.16
ian kennedy,2016,4.21
ian kinsler,2016,5.63
ian krol,2016,0.95
ichiro suzuki,2016,1.64
ike davis,2016,-0.04
ivan de jesus,2016,-0.13
ivan nova,2016,1.8199999999999998
ja happ,2016,4.75
jabari blash,2016,0.02
jace peterson,2016,0.84
jackie bradley jr,2016,5.65
jacob barnes,2016,0.53
jacob degrom,2016,3.45
jacob stallings,2016,0.15
jacob turner,2016,-1.18
jacoby ellsbury,2016,2.63
jacoby jones,2016,-0.1
jaff decker,2016,-0.71
jaime garcia,2016,0.96
jake arrieta,2016,4.48
jake barrett,2016,1.15
jake buchanan,2016,0.22
jake diekman,2016,1.06
jake elmore,2016,-0.7
jake esch,2016,-0.1
jake lamb,2016,2.89
jake marisnick,2016,1.71
jake mcgee,2016,0.32
jake odorizzi,2016,3.23
jake peavy,2016,-0.9500000000000001
jake petricka,2016,-0.05
jake smith,2016,0.03
jake smolinski,2016,-0.64
jake thompson,2016,-0.17
james beresford,2016,0.07
james hoyt,2016,-0.07
james loney,2016,0.0
james mccann,2016,0.91
james paxton,2016,0.99
james pazos,2016,-0.22
james russell,2016,-0.61
james shields,2016,-1.19
jameson taillon,2016,2.1399999999999997
jandel gustave,2016,0.16
jared hoying,2016,-0.25
jared hughes,2016,0.85
jarred cosart,2016,-0.81
jarrett parker,2016,0.16
jarrod dyson,2016,2.84
jarrod saltalamacchia,2016,-0.51
jason castro,2016,0.94
jason coats,2016,0.21
jason grilli,2016,0.36
jason gurka,2016,-0.32
jason hammel,2016,1.62
jason heyward,2016,1.04
jason hursh,2016,-0.19
jason kipnis,2016,3.85
jason motte,2016,-0.04
jason rogers,2016,-0.14
jason vargas,2016,0.52
javier baez,2016,2.66
javier lopez,2016,0.19
javy guerra,2016,-0.05
jay bruce,2016,0.9700000000000001
jayson aquino,2016,0.1
jayson werth,2016,0.27
jb shuck,2016,-1.83
jb wendelken,2016,-0.33
jc ramirez,2016,0.07000000000000006
jd martinez,2016,1.79
jean segura,2016,6.59
jeanmar gomez,2016,-0.23
jed bradley,2016,-0.02
jed lowrie,2016,-0.57
jedd gyorko,2016,2.67
jeff francoeur,2016,0.29000000000000004
jeff hoffman,2016,-0.8200000000000001
jeff locke,2016,-0.44
jeff manship,2016,0.42
jeff mathis,2016,0.41
jeff samardzija,2016,2.55
jefry marte,2016,1.08
jeimer candelario,2016,-0.05
jemile weeks,2016,0.2
jerad eickhoff,2016,3.39
jered weaver,2016,-0.75
jeremy hazelbaker,2016,0.15
jeremy hellickson,2016,3.0
jeremy jeffress,2016,1.74
jerome williams,2016,-0.26
jerry blevins,2016,1.01
jerry sands,2016,-0.31
jesse chavez,2016,-0.15
jesse hahn,2016,-0.24000000000000002
jesus aguilar,2016,-0.21
jesus sucre,2016,0.49
jett bandy,2016,0.95
jeurys familia,2016,1.77
jhan marinez,2016,0.74
jharel cotton,2016,0.98
jhonny peralta,2016,-0.31
jhoulys chacin,2016,0.37
jim henderson,2016,0.11
jim johnson,2016,1.44
jiman choi,2016,-0.59
jimmy nelson,2016,-0.11000000000000001
jimmy paredes,2016,-0.1
jimmy rollins,2016,-0.42
jj hardy,2016,2.14
jj hoover,2016,-1.56
joakim soria,2016,0.53
joaquin benoit,2016,1.0499999999999998
joba chamberlain,2016,0.41
joc pederson,2016,3.34
joe biagini,2016,0.86
joe blanton,2016,1.89
joe colon,2016,-0.34
joe kelly,2016,-0.14
joe mantiply,2016,-0.16
joe mauer,2016,2.3
joe musgrove,2016,0.54
joe nathan,2016,0.43
joe panik,2016,1.19
joe ross,2016,2.35
joe smith,2016,0.6100000000000001
joe wieland,2016,-0.23
joel de la cruz,2016,-0.35
joel peralta,2016,-0.63
joely rodriguez,2016,0.27
joey gallo,2016,-0.43
joey rickard,2016,-0.3
joey votto,2016,4.27
joey wendle,2016,0.52
john axford,2016,0.88
john danks,2016,-0.55
john gant,2016,-0.35
john hicks,2016,0.04
john jaso,2016,0.64
john lackey,2016,2.4699999999999998
john lamb,2016,-1.01
john ryan murphy,2016,-0.54
johnny barbato,2016,-0.3
johnny cueto,2016,5.19
johnny giavotella,2016,0.18
jojo reyes,2016,-0.04
jon gray,2016,2.05
jon jay,2016,1.18
jon lester,2016,5.4399999999999995
jon moscot,2016,-0.6900000000000001
jon niese,2016,0.020000000000000018
jonathan aro,2016,0.05
jonathan broxton,2016,0.11
jonathan holder,2016,-0.03
jonathan lucroy,2016,3.71
jonathan papelbon,2016,0.0
jonathan schoop,2016,3.57
jonathan villar,2016,3.35
jordan lyles,2016,-1.02
jordan pacheco,2016,-0.71
jordan patterson,2016,0.08
jordan zimmermann,2016,0.48000000000000004
jordy mercer,2016,1.18
jorge alfaro,2016,-0.36
jorge de la rosa,2016,-0.009999999999999995
jorge polanco,2016,0.28
jorge rondon,2016,-0.22
jorge soler,2016,0.17
jose abreu,2016,3.05
jose altuve,2016,7.75
jose alvarez,2016,0.03
jose bautista,2016,1.27
jose berrios,2016,-1.52
jose campos,2016,0.07
jose de leon,2016,-0.64
jose dominguez,2016,-0.45
jose fernandez,2016,4.9
jose iglesias,2016,2.33
jose leclerc,2016,0.38
jose lobaton,2016,0.26
jose martinez,2016,0.11
jose peraza,2016,0.28
jose pirela,2016,-0.45
jose quintana,2016,5.3
jose ramirez,2016,4.8999999999999995
jose reyes,2016,0.55
jose rondon,2016,-0.71
jose torres,2016,0.2
jose urena,2016,-1.3
jose valdez,2016,0.09
josh a smith,2016,0.31
josh bell,2016,-0.79
josh collmenter,2016,0.6799999999999999
josh donaldson,2016,7.28
josh edgin,2016,-0.04
josh fields,2016,-0.22
josh harrison,2016,1.86
josh osich,2016,-0.16
josh phegley,2016,0.19999999999999998
josh ravin,2016,0.3
josh reddick,2016,2.4499999999999997
josh rutledge,2016,0.5
josh smoker,2016,-0.27
josh thole,2016,-0.77
josh tomlin,2016,1.1600000000000001
josmil pinto,2016,-0.1
jp howell,2016,0.3
jr graham,2016,-0.06
jt chargois,2016,0.2
jt realmuto,2016,2.57
juan centeno,2016,0.72
juan graterol,2016,0.16
juan lagares,2016,0.83
juan minaya,2016,-0.03
juan nicasio,2016,0.35
juan uribe,2016,-0.47
julio borbon,2016,-0.29
julio teheran,2016,4.82
julio urias,2016,1.06
jumbo diaz,2016,0.39999999999999997
jung ho kang,2016,2.16
junichi tazawa,2016,0.28
juniel querecuto,2016,-0.11
junior guerra,2016,3.9
junior lake,2016,-0.06
jurickson profar,2016,0.34
justin bour,2016,1.23
justin grimm,2016,0.18
justin marks,2016,0.31
justin miller,2016,-0.04
justin morneau,2016,0.22
justin nicolino,2016,-0.21
justin ruggiano,2016,0.24
justin smoak,2016,-0.53
justin turner,2016,5.14
justin upton,2016,1.7
justin verlander,2016,7.37
justin wilson,2016,0.58
kaleb cowart,2016,-0.4
keith hessler,2016,0.21
kelby tomlinson,2016,0.67
kelly johnson,2016,-0.06999999999999995
kelvin herrera,2016,1.99
kelvin marte,2016,-0.19
ken giles,2016,-0.26
kendall graveman,2016,3.41
kendry flores,2016,0.21
kendrys morales,2016,0.88
kenley jansen,2016,2.77
kennys vargas,2016,0.83
kenta maeda,2016,2.8000000000000003
keon broxton,2016,2.04
keone kela,2016,-0.4
ketel marte,2016,0.23
kevan smith,2016,-0.12
kevin chapman,2016,-0.3
kevin gausman,2016,3.91
kevin jepsen,2016,-0.8700000000000001
kevin kiermaier,2016,5.35
kevin mccarthy,2016,-0.37
kevin pillar,2016,3.52
kevin plawecki,2016,-0.02
kevin quackenbush,2016,0.53
kevin siegrist,2016,1.77
keyvius sampson,2016,-0.15000000000000002
khris davis,2016,2.42
kirby yates,2016,-0.07
kirk nieuwenhuis,2016,0.77
koda glover,2016,-0.11
koji uehara,2016,0.73
kole calhoun,2016,3.36
kolten wong,2016,1.4
kris bryant,2016,7.25
kris medlen,2016,-0.89
kurt suzuki,2016,0.28
kyle barraclough,2016,1.48
kyle crockett,2016,0.06
kyle drabek,2016,0.03
kyle gibson,2016,0.8500000000000001
kyle hendricks,2016,5.17
kyle jensen,2016,0.02
kyle lobstein,2016,0.38
kyle lohse,2016,-0.49
kyle ryan,2016,1.11
kyle schwarber,2016,-0.06
kyle seager,2016,6.85
kyle waldrop,2016,-0.17
lance mccullers jr,2016,1.54
layne somsen,2016,-0.25
leonel campos,2016,-0.24
leonys martin,2016,1.2
leury garcia,2016,-0.16
liam hendriks,2016,0.73
logan forsythe,2016,3.46
logan kensing,2016,0.12
logan morrison,2016,0.23
logan ondrusek,2016,-0.32
logan schafer,2016,0.1
logan verrett,2016,-0.4
lonnie chisenhall,2016,1.61
lorenzo cain,2016,3.05
louis coleman,2016,-0.37
lucas duda,2016,0.02
lucas giolito,2016,-0.42
lucas harrell,2016,0.5399999999999999
luis avilan,2016,0.32
luis cessa,2016,0.63
luis garcia,2016,-0.24000000000000002
luis perdomo,2016,-1.1099999999999999
luis sardinas,2016,-0.41000000000000003
luis severino,2016,-0.39
luis valbuena,2016,2.42
luke gregerson,2016,0.46
luke hochevar,2016,0.36
luke jackson,2016,-0.67
luke maile,2016,0.4
luke weaver,2016,-0.43
mac williamson,2016,0.47
madison bumgarner,2016,5.609999999999999
madison younginer,2016,-0.09
maikel franco,2016,0.59
mallex smith,2016,1.09
manny machado,2016,7.4
manny pina,2016,0.18
manuel margot,2016,0.64
marc rzepczynski,2016,1.18
marcell ozuna,2016,1.91
marco estrada,2016,3.54
marco hernandez,2016,-0.2
marcus semien,2016,3.36
marcus stroman,2016,1.5299999999999998
mark canha,2016,-0.59
mark lowe,2016,-0.96
mark melancon,2016,2.84
mark reynolds,2016,1.37
mark teixeira,2016,-1.14
mark trumbo,2016,2.04
marlon byrd,2016,0.21
martin maldonado,2016,0.75
martin perez,2016,2.02
martin prado,2016,3.58
marwin gonzalez,2016,1.4
masahiro tanaka,2016,5.14
mason williams,2016,-0.12
mat latos,2016,0.25
matt adams,2016,0.51
matt albers,2016,-1.83
matt andriese,2016,1.08
matt barnes,2016,0.28
matt belisle,2016,1.0999999999999999
matt bowman,2016,0.53
matt buschmann,2016,0.12000000000000001
matt bush,2016,2.12
matt cain,2016,-0.8300000000000001
matt carasiti,2016,-0.55
matt carpenter,2016,3.89
matt davidson,2016,0.01
matt den dekker,2016,0.27
matt dermody,2016,-0.12
matt dominguez,2016,-0.14
matt duffy,2016,1.0
matt garza,2016,-0.6799999999999999
matt grace,2016,0.14
matt harvey,2016,-0.08
matt holliday,2016,0.4
matt joyce,2016,1.74
matt kemp,2016,0.34
matt koch,2016,0.94
matt magill,2016,-0.02
matt marksberry,2016,-0.01
matt mcbride,2016,-0.12
matt moore,2016,1.98
matt olson,2016,-0.16
matt purke,2016,-0.1
matt reynolds,2016,-0.16999999999999998
matt shoemaker,2016,2.0300000000000002
matt strahm,2016,1.13
matt szczur,2016,0.2
matt thornton,2016,-0.18
matt tuiasosopo,2016,-0.08
matt wieters,2016,1.96
matt wisler,2016,0.39999999999999997
matthew boyd,2016,1.3
mauricio cabrera,2016,0.8
max kepler,2016,2.5
max moroff,2016,-0.05
max muncy,2016,-0.17
max scherzer,2016,6.390000000000001
max stassi,2016,-0.23
mayckol guaipe,2016,-0.14
melky cabrera,2016,2.57
micah johnson,2016,-0.07
michael a taylor,2016,-0.29
michael blazek,2016,-0.96
michael bourn,2016,-0.07999999999999999
michael brantley,2016,-0.05
michael conforto,2016,0.69
michael feliz,2016,-0.13
michael fulmer,2016,5.37
michael kirkman,2016,-0.5700000000000001
michael lorenzen,2016,1.3800000000000001
michael mariot,2016,-0.27
michael martinez,2016,-0.13
michael mckenry,2016,-0.05
michael pineda,2016,1.1
michael reed,2016,0.09
michael roth,2016,-0.28
michael saunders,2016,1.42
michael tonkin,2016,-0.31000000000000005
michael wacha,2016,-0.45
michael ynoa,2016,0.43
miguel cabrera,2016,4.9
miguel castro,2016,-0.14
miguel gonzalez,2016,2.14
miguel montero,2016,-0.38
miguel rojas,2016,-0.36
miguel sano,2016,0.27
miguel socolovich,2016,0.47
mike aviles,2016,-1.64
mike bolsinger,2016,-0.57
mike broadway,2016,-0.26
mike clevinger,2016,0.07
mike dunn,2016,0.63
mike fiers,2016,0.14
mike foltynewicz,2016,1.4
mike freeman,2016,0.09999999999999998
mike leake,2016,0.61
mike mayers,2016,-0.76
mike miller,2016,-0.03
mike montgomery,2016,2.09
mike morin,2016,-0.36
mike morse,2016,-0.22
mike moustakas,2016,0.76
mike napoli,2016,0.97
mike pelfrey,2016,0.14
mike trout,2016,10.43
mike wright jr,2016,-0.51
mike zunino,2016,1.76
mikie mahtook,2016,-1.12
mitch haniger,2016,-0.14
mitch moreland,2016,1.16
mookie betts,2016,9.79
munenori kawasaki,2016,0.32
mychal givens,2016,1.46
nate jones,2016,2.3
nate karns,2016,0.04
nathan eovaldi,2016,1.24
nefi ogando,2016,0.29
neftali feliz,2016,0.96
neil ramirez,2016,-0.18
neil walker,2016,2.26
nelson cruz,2016,4.85
nick ahmed,2016,0.25
nick buss,2016,-0.23
nick castellanos,2016,2.24
nick franklin,2016,0.14
nick goody,2016,0.19
nick hundley,2016,0.06
nick markakis,2016,1.7
nick martinez,2016,0.020000000000000004
nick noonan,2016,-0.57
nick tepesch,2016,-0.22
nick tropeano,2016,1.2
nick vincent,2016,0.58
nick wittgren,2016,0.89
noah syndergaard,2016,5.720000000000001
noe ramirez,2016,-0.16
nolan arenado,2016,5.72
nolan reimold,2016,-0.28
nomar mazara,2016,0.44
nori aoki,2016,1.77
odrisamer despaigne,2016,-0.28
odubel herrera,2016,4.7
oliver drake,2016,-0.09
oliver perez,2016,0.29
omar infante,2016,-0.38
omar narvaez,2016,0.28
orlando arcia,2016,0.17
oscar hernandez,2016,-0.04
oswaldo arcia,2016,-1.1700000000000002
pablo sandoval,2016,-0.22
parker bridwell,2016,-0.17
pat dean,2016,-0.27
pat light,2016,-0.72
pat neshek,2016,0.55
pat valaika,2016,-0.02
pat venditte,2016,-0.42000000000000004
patrick corbin,2016,-0.14
patrick kivlehan,2016,-0.010000000000000009
patrick schuster,2016,-0.99
paul clemens,2016,-0.03999999999999998
paul goldschmidt,2016,4.91
paul janish,2016,-0.03
paulo orlando,2016,1.99
pedro alvarez,2016,0.9
pedro baez,2016,1.16
pedro florimon,2016,-0.06
pedro severino,2016,0.7
pedro strop,2016,0.77
perci garner,2016,-0.06
peter bourjos,2016,0.33
peter moylan,2016,0.63
peter obrien,2016,-0.67
phil coke,2016,0.09999999999999998
phil gosselin,2016,0.45
phil hughes,2016,-0.11
phil klein,2016,-0.33999999999999997
preston tucker,2016,-1.13
prince fielder,2016,-1.6
ra dickey,2016,0.39
rafael lopez,2016,-0.17
rafael martin,2016,0.09
rafael montero,2016,-0.5800000000000001
rafael ortega,2016,-0.44
rafael ynoa,2016,-0.24
raimel tapia,2016,-0.16
raisel iglesias,2016,2.62
rajai davis,2016,0.89
ramiro pena,2016,0.27
ramon cabrera,2016,0.15
ramon flores,2016,-1.32
randal grichuk,2016,2.6
randall delgado,2016,0.65
raul alcantara,2016,-0.27
reid brignac,2016,-0.1
renato nunez,2016,-0.27
rene rivera,2016,0.74
rey fuentes,2016,-0.23
reynaldo lopez,2016,-0.24
rich hill,2016,4.1499999999999995
richard bleier,2016,0.6
richie shaffer,2016,0.24
rick porcello,2016,4.720000000000001
rickie weeks,2016,-0.2
ricky nolasco,2016,1.94
rio ruiz,2016,0.07
rob refsnyder,2016,-0.15
rob scahill,2016,0.47000000000000003
rob segedin,2016,-0.21
rob whalen,2016,-0.41
rob zastryzny,2016,0.58
robbie erlin,2016,0.12000000000000001
robbie grossman,2016,0.28
robbie ray,2016,1.21
robbie ross,2016,0.83
robby scott,2016,0.34
robert andino,2016,-0.12
robert gsellman,2016,1.2000000000000002
robert stephenson,2016,-0.43
roberto hernandez,2016,-0.27
roberto osuna,2016,2.12
roberto perez,2016,0.6
robinson cano,2016,7.29
robinson chirinos,2016,0.78
roenis elias,2016,-0.43
roman quinn,2016,0.32
ronald torreyes,2016,0.29
ross detwiler,2016,-0.22999999999999998
ross ohlendorf,2016,0.19
ross stripling,2016,0.92
rougned odor,2016,2.83
rubby de la rosa,2016,0.81
ruben tejada,2016,-0.44
rusney castillo,2016,0.04
russell martin,2016,2.05
ryan braun,2016,4.35
ryan buchter,2016,1.35
ryan dull,2016,2.32
ryan flaherty,2016,0.43
ryan garton,2016,0.07
ryan goins,2016,-0.51
ryan hanigan,2016,-0.85
ryan howard,2016,-1.31
ryan kalish,2016,0.12
ryan lamarre,2016,-0.08
ryan madson,2016,1.3
ryan merritt,2016,0.37
ryan orourke,2016,0.18
ryan pressly,2016,1.15
ryan raburn,2016,-0.59
ryan rua,2016,0.42
ryan schimpf,2016,2.55
ryan tepera,2016,0.15
ryan vogelsong,2016,-0.22
ryan webb,2016,-0.1
ryan weber,2016,-0.18
ryan zimmerman,2016,-0.49
ryon healy,2016,2.38
salvador perez,2016,2.95
sam dyson,2016,2.94
sam freeman,2016,-0.32
sam tuivailala,2016,-0.03
sammy solis,2016,1.08
sandy leon,2016,2.78
santiago casilla,2016,0.71
scooter gennett,2016,0.48
scott alexander,2016,0.31
scott carroll,2016,-0.1
scott diamond,2016,-0.11
scott feldman,2016,-0.20000000000000007
scott kazmir,2016,0.22000000000000003
scott oberg,2016,0.02
scott schebler,2016,0.5
scott van slyke,2016,-0.22
sean burnett,2016,0.1
sean doolittle,2016,0.93
sean gilmartin,2016,-0.31
sean manaea,2016,2.98
sean osullivan,2016,-0.37
sean rodriguez,2016,1.73
sergio romo,2016,0.72
seth lugo,2016,1.72
seth maness,2016,0.3
seth smith,2016,0.59
seunghwan oh,2016,2.8600000000000003
severino gonzalez,2016,-0.18
shae simmons,2016,0.22
shane greene,2016,-0.43999999999999995
shane robinson,2016,0.26
shawn armstrong,2016,0.27
shawn kelley,2016,1.47
shawn morimando,2016,-0.22
shawn omalley,2016,0.03
shawn tolleson,2016,-1.28
shelby miller,2016,-0.5
shinsoo choo,2016,0.18
silvino bracho,2016,-0.53
socrates brito,2016,-0.37
sonny gray,2016,-0.37
spencer kieboom,2016,0.03
spencer patton,2016,-0.48
starlin castro,2016,1.24
starling marte,2016,4.68
stefen romero,2016,-0.26
stephen cardullo,2016,-0.26
stephen drew,2016,0.97
stephen piscotty,2016,2.86
stephen strasburg,2016,3.72
stephen vogt,2016,2.01
steve cishek,2016,1.55
steve clevenger,2016,-0.02
steve delabar,2016,-0.15
steve geltz,2016,-0.24
steve hathaway,2016,0.13
steve johnson,2016,0.07
steve pearce,2016,2.3600000000000003
steve selsky,2016,0.14
steven brault,2016,-0.48000000000000004
steven matz,2016,2.5700000000000003
steven moya,2016,-0.46
steven okert,2016,0.22
steven souza jr,2016,0.88
steven wright,2016,1.8199999999999998
taijuan walker,2016,0.32
tanner roark,2016,5.51
tanner scheppers,2016,0.12
taylor featherston,2016,-0.27
taylor jungmann,2016,-0.7000000000000001
taylor motter,2016,0.16
taylor rogers,2016,0.72
tayron guerrero,2016,0.01
teoscar hernandez,2016,0.27
terrance gore,2016,0.15
tim adleman,2016,1.3399999999999999
tim anderson,2016,2.32
tim beckham,2016,0.79
tim federowicz,2016,-0.33
tim lincecum,2016,-1.56
tim melville,2016,-0.5
tj house,2016,0.04
tj mcfarland,2016,-0.44
tj rivera,2016,0.91
todd cunningham,2016,-0.06
todd frazier,2016,3.59
tom gorzelanny,2016,-0.52
tom koehler,2016,0.41
tom murphy,2016,0.56
tom wilhelmsen,2016,-0.8999999999999999
tomas telis,2016,0.04
tommy hunter,2016,0.54
tommy joseph,2016,0.47
tommy kahnle,2016,0.68
tommy la stella,2016,0.42
tommy layne,2016,0.78
tommy milone,2016,-0.52
tommy pham,2016,-0.27
tony barnette,2016,2.21
tony cingrani,2016,0.69
tony cruz,2016,-0.12
tony kemp,2016,-0.42
tony renda,2016,-0.49
tony sipp,2016,-0.42
tony watson,2016,1.29
tony wolters,2016,0.91
tony zych,2016,0.12
travis darnaud,2016,-0.55
travis jankowski,2016,1.33
travis shaw,2016,1.7
travis wood,2016,0.61
trayce thompson,2016,0.67
trea turner,2016,3.31
trevor bauer,2016,2.0100000000000002
trevor brown,2016,0.11
trevor cahill,2016,0.95
trevor gott,2016,0.21
trevor may,2016,-0.06
trevor plouffe,2016,0.28
trevor rosenthal,2016,0.01
trevor story,2016,4.13
trevor williams,2016,-0.45
trey mancini,2016,0.31
troy tulowitzki,2016,3.32
tucker barnhart,2016,0.9
tuffy gosewisch,2016,-0.85
ty blach,2016,0.88
ty kelly,2016,0.49
tyler anderson,2016,3.23
tyler austin,2016,0.14
tyler chatwood,2016,3.46
tyler clippard,2016,1.06
tyler collins,2016,-0.38
tyler cravy,2016,0.81
tyler danish,2016,-0.09
tyler duffey,2016,-1.29
tyler flowers,2016,0.38
tyler glasnow,2016,0.06999999999999999
tyler goeddel,2016,-1.29
tyler holt,2016,-0.94
tyler ladendorf,2016,-0.58
tyler lyons,2016,0.74
tyler naquin,2016,1.26
tyler olson,2016,-0.03
tyler saladino,2016,1.99
tyler skaggs,2016,0.68
tyler sturdevant,2016,0.16
tyler thornburg,2016,2.48
tyler wagner,2016,0.35
tyler white,2016,-0.22999999999999998
tyler wilson,2016,0.25
tyrell jenkins,2016,-0.39999999999999997
tyson ross,2016,-0.31
ubaldo jimenez,2016,-0.41
vance worley,2016,1.44
victor martinez,2016,1.44
vidal nuno iii,2016,0.86
vin mazzaro,2016,-0.46
vince velasquez,2016,1.93
wade davis,2016,1.8
wade leblanc,2016,0.5
wade miley,2016,0.010000000000000009
wandy peralta,2016,-0.2
warwick saupold,2016,-0.14
weiyin chen,2016,-0.5900000000000001
welington castillo,2016,2.08
whit merrifield,2016,1.44
wil myers,2016,3.42
wilfredo boscan,2016,-0.12
will harris,2016,1.59
will middlebrooks,2016,-0.25
will smith,2016,0.16999999999999998
will venable,2016,-0.3
william cuevas,2016,0.06
williams perez,2016,-0.8200000000000001
willson contreras,2016,1.65
wilmer difo,2016,0.21
wilmer flores,2016,0.42
wilson ramos,2016,3.09
wily peralta,2016,0.29
xander bogaerts,2016,3.68
xavier cedeno,2016,0.56
xavier scruggs,2016,-0.13
yadiel rivera,2016,-0.12
yadier molina,2016,2.92
yan gomes,2016,-0.81
yangervis solarte,2016,2.89
yasiel puig,2016,1.25
yasmani grandal,2016,2.99
yasmany tomas,2016,-0.85
yefri perez,2016,0.09
yimi garcia,2016,0.11
yoan moncada,2016,-0.35
yoenis cespedes,2016,2.91
yohan flande,2016,-0.47
yohander mendez,2016,-0.23
yolmer sanchez,2016,-0.29
yonder alonso,2016,-0.13
yordano ventura,2016,2.01
yovani gallardo,2016,0.09
yu darvish,2016,2.57
yuli gurriel,2016,0.54
yunel escobar,2016,1.27
yusmeiro petit,2016,0.15
zac curtis,2016,-0.17
zach davies,2016,1.8800000000000001
zach duke,2016,2.1
zach eflin,2016,-0.06
zach mcallister,2016,0.89
zach neal,2016,0.88
zach phillips,2016,0.18
zach putnam,2016,0.74
zach walters,2016,-0.12
zack britton,2016,4.14
zack cozart,2016,2.24
zack godley,2016,-0.56
zack greinke,2016,2.7300000000000004
aaron altherr,2017,1.9
aaron blair,2017,-0.12
aaron bummer,2017,0.18
aaron hicks,2017,3.85
aaron hill,2017,-0.93
aaron judge,2017,8.05
aaron loup,2017,0.77
aaron nola,2017,4.22
aaron sanchez,2017,-0.09
aaron slegers,2017,-0.22
aaron wilkerson,2017,0.15999999999999998
abraham almonte,2017,-0.04
adalberto mejia,2017,0.9
adalberto mondesi,2017,-0.74
adam conley,2017,-1.4
adam duvall,2017,2.06
adam eaton,2017,0.3
adam engel,2017,-0.72
adam frazier,2017,1.06
adam jones,2017,2.4
adam kolarek,2017,-0.15
adam liberatore,2017,0.05
adam lind,2017,0.95
adam morgan,2017,0.75
adam ottavino,2017,0.3
adam rosales,2017,-0.68
adam wainwright,2017,0.81
adam warren,2017,1.38
adam wilk,2017,-0.42000000000000004
addison reed,2017,2.24
addison russell,2017,2.14
adeiny hechavarria,2017,0.27
adonis garcia,2017,-0.46
adrian beltre,2017,3.64
adrian gonzalez,2017,-1.02
adrian sanchez,2017,0.3
aj cole,2017,1.03
aj ellis,2017,0.59
aj griffin,2017,-0.02
aj jimenez,2017,-0.25
aj minter,2017,0.35
aj pollock,2017,2.86
aj ramos,2017,0.37
aj reed,2017,-0.17
aj schugel,2017,0.9400000000000001
akeel morris,2017,0.3
al alburquerque,2017,0.51
alan busenitz,2017,0.8
albert almora,2017,1.39
albert pujols,2017,-1.97
albert suarez,2017,-0.03
alberto rosario,2017,-0.08
alcides escobar,2017,-0.61
alec asher,2017,-0.02
aledmys diaz,2017,-0.18
alejandro chacin,2017,-0.19
alejandro de aza,2017,-0.12
alen hanson,2017,-0.52
alex avila,2017,2.75
alex bregman,2017,4.27
alex claudio,2017,2.88
alex cobb,2017,2.64
alex colome,2017,0.86
alex gordon,2017,-0.1
alex mejia,2017,-0.22
alex meyer,2017,1.05
alex presley,2017,0.07
alex verdugo,2017,-0.37
alex wilson,2017,0.53
alex wimmers,2017,0.01
alex wood,2017,3.1
alexi amarista,2017,-1.16
allen cordoba,2017,-0.47
amed rosario,2017,-0.39
amir garrett,2017,-1.92
andre ethier,2017,-0.06
andrelton simmons,2017,7.98
andres blanco,2017,-0.38999999999999996
andres machado,2017,-0.3
andrew albers,2017,0.39
andrew bailey,2017,0.15
andrew benintendi,2017,2.96
andrew cashner,2017,4.66
andrew chafin,2017,0.97
andrew heaney,2017,-0.36
andrew kittredge,2017,0.36
andrew knapp,2017,0.39
andrew mccutchen,2017,3.07
andrew miller,2017,3.02
andrew moore,2017,-0.06
andrew romine,2017,-1.16
andrew stevenson,2017,-0.43
andrew susac,2017,-0.24
andrew toles,2017,0.52
andrew triggs,2017,-0.06
angel sanchez,2017,-0.35000000000000003
anibal sanchez,2017,-0.51
anthony alford,2017,0.23
anthony banda,2017,-0.1
anthony bass,2017,-0.29
anthony recker,2017,-0.07
anthony rendon,2017,6.13
anthony rizzo,2017,4.66
anthony santander,2017,-0.04
anthony swarzak,2017,2.81
antonio bastardo,2017,-0.69
antonio senzatela,2017,2.14
arcenio leon,2017,-0.27
archie bradley,2017,3.56
ariel hernandez,2017,0.0
ariel miranda,2017,0.6199999999999999
arismendy alcantara,2017,-0.55
arodys vizcaino,2017,1.65
aroldis chapman,2017,0.95
artie lewicki,2017,-0.05
asdrubal cabrera,2017,1.24
asher wojciechowski,2017,-1.0699999999999998
ashur tolliver,2017,0.06
austin adams,2017,-0.04
austin barnes,2017,2.47
austin bibensdirkx,2017,0.9299999999999999
austin brice,2017,-0.12000000000000001
austin hays,2017,-0.46
austin hedges,2017,0.7
austin jackson,2017,1.85
austin maddox,2017,0.65
austin pruitt,2017,-0.73
austin romine,2017,-0.96
austin slater,2017,0.21
avisail garcia,2017,4.5
barrett astin,2017,-0.13
bartolo colon,2017,-2.1500000000000004
ben gamel,2017,1.07
ben heller,2017,0.48
ben lively,2017,1.53
ben revere,2017,0.01
ben taylor,2017,-0.09
ben zobrist,2017,0.28
billy burns,2017,-0.22
billy hamilton,2017,1.27
blaine boyer,2017,0.17
blaine hardy,2017,-0.19
blake parker,2017,1.72
blake snell,2017,1.24
blake swihart,2017,0.0
blake treinen,2017,1.2
blake wood,2017,-0.7000000000000001
bobby wahl,2017,0.04
boog powell,2017,1.0599999999999998
boone logan,2017,0.01
brad boxberger,2017,0.47
brad brach,2017,1.21
brad goldberg,2017,-0.25
brad hand,2017,3.0
brad miller,2017,0.58
brad peacock,2017,3.19
brad ziegler,2017,-0.81
braden shipley,2017,-0.27
bradley zimmer,2017,1.56
brandon belt,2017,2.8
brandon crawford,2017,1.94
brandon drury,2017,1.62
brandon finnegan,2017,0.04000000000000001
brandon guyer,2017,-0.22
brandon kintzler,2017,1.71
brandon maurer,2017,-1.12
brandon mccarthy,2017,0.75
brandon morrow,2017,1.15
brandon moss,2017,-0.83
brandon nimmo,2017,1.12
brandon phillips,2017,0.8700000000000001
brandon woodruff,2017,0.5800000000000001
brandon workman,2017,0.42
brent suter,2017,1.8
brett anderson,2017,-0.45999999999999996
brett cecil,2017,0.51
brett eibner,2017,-0.35
brett gardner,2017,4.93
brett nicholas,2017,-0.32
brett phillips,2017,1.26
breyvic valera,2017,-0.25
brian anderson,2017,-0.26
brian dozier,2017,4.83
brian duensing,2017,1.3099999999999998
brian ellington,2017,-1.22
brian flynn,2017,0.03
brian goodwin,2017,0.33
brian johnson,2017,0.2
brian mccann,2017,0.78
brock holt,2017,-0.18
brock stassi,2017,-0.26
brock stewart,2017,0.03
bronson arroyo,2017,-1.55
brooks pounders,2017,-0.41
bruce maxwell,2017,-0.02
bruce rondon,2017,-0.92
bryan holaday,2017,-0.3
bryan mitchell,2017,-0.31
bryan morris,2017,-0.26
bryan shaw,2017,0.51
bryce harper,2017,4.67
buck farmer,2017,-0.28
bud norris,2017,0.34
buddy baumann,2017,0.52
buddy boshers,2017,-0.02
buster posey,2017,4.05
byron buxton,2017,4.97
caleb joseph,2017,1.52
caleb smith,2017,-0.3
cam bedrosian,2017,-0.32
cam gallagher,2017,0.08
cameron maybin,2017,1.43
cameron perkins,2017,-0.84
cameron rupp,2017,0.94
carl edwards jr,2017,1.56
carlos asuaje,2017,0.63
carlos beltran,2017,-0.83
carlos carrasco,2017,5.16
carlos correa,2017,6.74
carlos estevez,2017,0.02
carlos gomez,2017,1.35
carlos gonzalez,2017,-0.26
carlos martinez,2017,3.23
carlos moncrief,2017,-0.48
carlos perez,2017,-0.19
carlos ramirez,2017,0.52
carlos rodon,2017,1.29
carlos ruiz,2017,0.47
carlos santana,2017,3.25
carlos torres,2017,0.31
carson fulmer,2017,0.46
carson kelly,2017,-0.43
carson smith,2017,0.24
carter capps,2017,-0.12
casey fien,2017,-1.07
casey lawrence,2017,-0.75
cc sabathia,2017,2.82
cesar hernandez,2017,2.8
cesar puello,2017,0.14
cesar valdez,2017,-0.66
chad bell,2017,-0.42
chad bettis,2017,0.59
chad green,2017,2.7
chad huffman,2017,0.03
chad kuhl,2017,1.41
chad pinder,2017,1.02
chad qualls,2017,-0.02
chad wallach,2017,-0.1
chance sisco,2017,0.35
charlie blackmon,2017,5.5
charlie culberson,2017,0.04
charlie morton,2017,1.9
chase anderson,2017,4.130000000000001
chase darnaud,2017,-0.32999999999999996
chase de jong,2017,-0.36
chase headley,2017,2.11
chase utley,2017,0.81
chase whitley,2017,0.09
chasen bradford,2017,0.26
chasen shreve,2017,0.5399999999999999
chaz roe,2017,0.13999999999999999
cheslor cuthbert,2017,-0.63
chihwei hu,2017,0.16
chris archer,2017,1.74
chris beck,2017,-0.74
chris carter,2017,-0.85
chris coghlan,2017,-0.5
chris davis,2017,-0.44
chris devenski,2017,1.8699999999999999
chris flexen,2017,-1.07
chris gimenez,2017,0.6
chris hatcher,2017,0.41
chris heisey,2017,-0.59
chris herrmann,2017,-0.85
chris heston,2017,-0.49000000000000005
chris iannetta,2017,1.79
chris marrero,2017,-0.57
chris ogrady,2017,0.15000000000000002
chris owings,2017,0.86
chris rowley,2017,-0.26
chris rusin,2017,2.5
chris sale,2017,5.93
chris smith,2017,-0.88
chris stewart,2017,-0.92
chris stratton,2017,1.3299999999999998
chris taylor,2017,4.47
chris tillman,2017,-2.19
chris volstad,2017,0.17
chris young,2017,-0.73
christian arroyo,2017,-0.27
christian bergman,2017,0.12000000000000001
christian bethancourt,2017,-0.39
christian colon,2017,-0.2
christian vazquez,2017,0.76
christian villanueva,2017,0.58
christian walker,2017,0.11
christian yelich,2017,3.65
christopher bostick,2017,0.07
cj cron,2017,1.07
clay buchholz,2017,-0.41000000000000003
clayton kershaw,2017,5.3
clayton richard,2017,0.7200000000000001
cliff pennington,2017,0.56
clint frazier,2017,-0.16
cody allen,2017,1.58
cody asche,2017,-0.92
cody bellinger,2017,3.97
cody martin,2017,-0.12
cody reed,2017,-0.15
colby rasmus,2017,1.16
cole hamels,2017,2.93
colin moran,2017,0.13
collin mchugh,2017,1.14
conor gillaspie,2017,-0.7
corey dickerson,2017,2.69
corey kluber,2017,7.91
corey knebel,2017,3.74
corey seager,2017,5.17
cory gearrin,2017,2.37
cory mazzoni,2017,-0.64
cory spangenberg,2017,0.2
craig breslow,2017,-0.03
craig gentry,2017,0.23
craig kimbrel,2017,3.56
craig stammen,2017,1.84
cristhian adames,2017,-0.41
curt casali,2017,0.22
curtis granderson,2017,1.7000000000000002
dallas keuchel,2017,3.84
damien magnifico,2017,0.01
dan altavilla,2017,-0.07
dan jennings,2017,0.9199999999999999
dan otero,2017,0.79
dan runzler,2017,-0.12
dan slania,2017,0.03
dan straily,2017,0.8099999999999999
dan winkler,2017,0.47
daniel descalso,2017,-0.19
daniel gossett,2017,-0.65
daniel hudson,2017,-0.06
daniel mengden,2017,1.52
daniel murphy,2017,3.21
daniel nava,2017,1.16
daniel norris,2017,0.79
daniel robertson,2017,0.01
daniel stumpf,2017,0.89
daniel vogelbach,2017,-0.59
daniel wright,2017,-0.14
danny barnes,2017,1.24
danny coulombe,2017,0.81
danny duffy,2017,3.5999999999999996
danny espinosa,2017,-0.87
danny farquhar,2017,0.37
danny ortiz,2017,-0.21
danny salazar,2017,1.23
danny santana,2017,0.04999999999999999
danny valencia,2017,1.15
dansby swanson,2017,-0.17
dario alvarez,2017,0.23
darrell ceciliani,2017,0.17
darren oday,2017,1.03
darwin barney,2017,-0.46
david freese,2017,2.29
david freitas,2017,-0.02
david goforth,2017,0.04
david hernandez,2017,0.9600000000000001
david holmberg,2017,-0.03
david paulino,2017,-0.36
david peralta,2017,2.33
david phelps,2017,0.52
david price,2017,1.6
david robertson,2017,2.92
david washington,2017,-0.17
dayan diaz,2017,-0.44
deck mcguire,2017,0.13999999999999999
dee strangegordon,2017,3.71
delino deshields,2017,1.59
dellin betances,2017,1.5
denard span,2017,-1.29
deolis guerra,2017,-0.04
derek dietrich,2017,1.07
derek fisher,2017,0.48
derek holland,2017,-1.52
derek law,2017,0.07
derek norris,2017,-0.1
deven marrero,2017,0.38
devin mesoraco,2017,0.17
devon travis,2017,0.62
dexter fowler,2017,1.73
didi gregorius,2017,4.22
diego moreno,2017,-0.13
dietrich enns,2017,-0.07
dillon gee,2017,0.63
dillon maples,2017,-0.21
dillon overton,2017,-0.38
dillon peters,2017,-0.05
dinelson lamet,2017,0.48000000000000004
dixon machado,2017,-0.9
dj lemahieu,2017,3.01
domingo german,2017,0.18
domingo santana,2017,2.55
dominic leone,2017,1.99
dominic smith,2017,-0.91
donnie hart,2017,0.63
doug fister,2017,0.010000000000000002
dovydas neverauskas,2017,0.26
drew anderson,2017,-0.25
drew butera,2017,-0.56
drew pomeranz,2017,3.74
drew robinson,2017,0.17
drew rucinski,2017,-0.12
drew steckenrider,2017,0.55
drew storen,2017,-0.23
drew stubbs,2017,-0.46
drew verhagen,2017,0.14
dustin fowler,2017,0.0
dustin garneau,2017,0.41000000000000003
dustin mcgowan,2017,-0.36000000000000004
dustin pedroia,2017,2.6
dusty coleman,2017,0.45
dwight smith jr,2017,0.12
dylan bundy,2017,2.62
dylan covey,2017,-1.35
dylan floro,2017,-0.13
eddie butler,2017,0.75
eddie rosario,2017,1.71
edgar santana,2017,0.17
edinson volquez,2017,0.74
eduardo escobar,2017,1.22
eduardo nunez,2017,1.16
eduardo paredes,2017,0.09
eduardo rodriguez,2017,1.6199999999999999
edubray ramos,2017,0.45
edward mujica,2017,-0.26
edward paredes,2017,0.13
edwin diaz,2017,0.8
edwin encarnacion,2017,2.76
edwin jackson,2017,-0.54
efren navarro,2017,0.18
ehire adrianza,2017,0.43
elias diaz,2017,0.0
elvis andrus,2017,5.67
emilio bonifacio,2017,-0.64
emilio pagan,2017,0.6699999999999999
ender inciarte,2017,2.8
enny romero,2017,0.5599999999999999
enrique hernandez,2017,1.09
erasmo ramirez,2017,0.74
eric fryer,2017,-0.26
eric hosmer,2017,4.39
eric oflaherty,2017,-0.49
eric skoglund,2017,-0.57
eric sogard,2017,1.85
eric thames,2017,1.12
eric young jr,2017,0.75
erick aybar,2017,-0.16999999999999998
erick fedde,2017,-0.5
erik goeddel,2017,-0.03
erik gonzalez,2017,0.22
erik kratz,2017,0.11
ernesto frieri,2017,0.03
ervin santana,2017,5.05
eugenio suarez,2017,3.5
evan gattis,2017,1.0
evan longoria,2017,3.27
evan marshall,2017,-0.26
evan scribner,2017,-0.37
ezequiel carrera,2017,0.01
fabio castillo,2017,-0.11
felipe vazquez,2017,2.56
felix hernandez,2017,0.67
felix jorge,2017,-0.34
felix pena,2017,-0.04000000000000001
fernando abad,2017,0.47
fernando rodney,2017,0.27
fernando salas,2017,-0.64
franchy cordero,2017,0.2
francis martes,2017,-0.93
francisco cervelli,2017,0.82
francisco lindor,2017,5.65
francisco liriano,2017,-0.52
francisco mejia,2017,-0.2
francisco pena,2017,0.33
francisco rodriguez,2017,-0.85
frankie montas,2017,-0.47
franklin barreto,2017,-0.13
franklin gutierrez,2017,-0.03
freddie freeman,2017,4.55
freddy galvis,2017,1.99
gabriel moya,2017,0.05
gabriel ynoa,2017,0.49
garrett cooper,2017,0.2
garrett richards,2017,0.93
gary sanchez,2017,4.03
gavin cecchini,2017,-0.62
george kontos,2017,1.1400000000000001
george springer,2017,5.08
geovany soto,2017,0.0
gerardo parra,2017,0.55
german marquez,2017,3.52
gerrit cole,2017,2.68
giancarlo stanton,2017,8.1
gift ngoepe,2017,0.35
gio gonzalez,2017,6.22
gio urshela,2017,-0.62
giovanny gallegos,2017,-0.01
glen perkins,2017,-0.14
glenn sparkman,2017,-0.42
gordon beckham,2017,-0.21
gorkys hernandez,2017,-0.72
grant dayton,2017,-0.13
grant green,2017,-0.17
greg allen,2017,-0.17
greg bird,2017,0.01
greg garcia,2017,0.4
greg holland,2017,1.52
gregor blanco,2017,-0.17
gregory infante,2017,1.06
gregory polanco,2017,0.22
guillermo heredia,2017,1.38
hanley ramirez,2017,-0.38
hansel robles,2017,0.13
harrison bader,2017,0.04
heath hembree,2017,0.31
hector neris,2017,2.01
hector rondon,2017,0.09
hector sanchez,2017,-0.58
hector santiago,2017,0.03
hector velazquez,2017,0.58
henderson alvarez iii,2017,0.16999999999999998
hernan perez,2017,0.93
hisashi iwakuma,2017,0.26
hoby milner,2017,1.07
homer bailey,2017,-0.64
howie kendrick,2017,1.21
hunter cervenka,2017,-0.41
hunter pence,2017,0.22
hunter renfroe,2017,0.74
hunter strickland,2017,1.79
hunter wood,2017,0.01
huston street,2017,0.14
hyun jin ryu,2017,1.6
hyun soo kim,2017,-1.17
ian desmond,2017,-0.98
ian happ,2017,1.59
ian kennedy,2017,0.73
ian kinsler,2017,1.86
ian krol,2017,-0.52
ian parmley,2017,-0.12
ichiro suzuki,2017,-0.22
ildemaro vargas,2017,-0.01
ivan nova,2017,1.4100000000000001
ja happ,2017,3.1300000000000003
jabari blash,2017,-0.23
jace fry,2017,-0.26
jace peterson,2017,-0.74
jack flaherty,2017,-0.35000000000000003
jack leathersich,2017,0.17000000000000004
jack reinheimer,2017,-0.11
jackie bradley jr,2017,3.35
jackson stephens,2017,0.26
jacob barnes,2017,0.52
jacob degrom,2017,4.59
jacob hannemann,2017,-0.38
jacob may,2017,-0.64
jacob rhame,2017,-0.28
jacob stallings,2017,0.24
jacob turner,2017,-0.03
jacoby ellsbury,2017,1.72
jacoby jones,2017,-0.34
jaegyun hwang,2017,-0.25
jaff decker,2017,-0.33
jaime garcia,2017,1.42
jairo diaz,2017,-0.14
jairo labourt,2017,0.07
jake arrieta,2017,1.89
jake barrett,2017,-0.2
jake buchanan,2017,-0.21
jake diekman,2017,0.42
jake esch,2017,0.0
jake faria,2017,1.55
jake lamb,2017,2.12
jake marisnick,2017,1.95
jake mcgee,2017,1.4
jake odorizzi,2017,0.25
jake petricka,2017,-0.64
jake smolinski,2017,-0.06
jake thompson,2017,0.35000000000000003
jakob junis,2017,1.47
james hoyt,2017,0.16999999999999998
james mccann,2017,1.26
james paxton,2017,3.6
james pazos,2017,-0.12
james sherfy,2017,0.61
james shields,2017,0.31
jameson taillon,2017,1.14
jamie callahan,2017,-0.02
jandel gustave,2017,-0.13
jared hoying,2017,-0.54
jared hughes,2017,1.22
jarlin garcia,2017,-0.27
jarred cosart,2017,-0.08
jarrett parker,2017,0.6
jarrod dyson,2017,2.69
jarrod saltalamacchia,2017,-0.6
jason castro,2017,2.45
jason grilli,2017,-0.62
jason gurka,2017,0.07
jason hammel,2017,1.52
jason heyward,2017,2.2
jason hursh,2017,0.04
jason kipnis,2017,0.35
jason motte,2017,0.72
jason vargas,2017,4.14
jason wheeler,2017,-0.14
javier baez,2017,2.66
javy guerra,2017,0.3
jay bruce,2017,2.73
jaycob brugman,2017,-0.4
jayson aquino,2017,-0.35
jayson werth,2017,-0.71
jc ramirez,2017,1.47
jd davis,2017,0.3
jd martinez,2017,3.99
jean machi,2017,0.18
jean segura,2017,3.58
jeanmar gomez,2017,-0.65
jed lowrie,2017,3.4
jedd gyorko,2017,2.99
jeff beliveau,2017,-0.33
jeff ferrell,2017,0.0
jeff hoffman,2017,0.15
jeff locke,2017,-1.03
jeff mathis,2017,-0.43
jeff samardzija,2017,2.38
jefry marte,2017,-0.61
jeimer candelario,2017,0.19
jenho tseng,2017,-0.21000000000000002
jerad eickhoff,2017,0.79
jered weaver,2017,-1.3099999999999998
jeremy guthrie,2017,-0.42
jeremy hazelbaker,2017,0.88
jeremy hellickson,2017,0.21000000000000008
jeremy jeffress,2017,0.43
jerry blevins,2017,1.41
jesen therrien,2017,-0.45999999999999996
jesse chavez,2017,-0.35000000000000003
jesse hahn,2017,-0.06
jesse winker,2017,0.34
jesus aguilar,2017,1.01
jesus sucre,2017,0.18999999999999997
jett bandy,2017,-0.87
jeurys familia,2017,-0.05
jhan marinez,2017,0.51
jharel cotton,2017,-0.77
jhonny peralta,2017,-0.47
jhoulys chacin,2017,2.95
jim adduci,2017,0.44
jim johnson,2017,-0.98
jiman choi,2017,0.05
jimmy nelson,2017,3.14
jimmy yacabonis,2017,0.12
jj hardy,2017,-0.17
jj hoover,2017,0.46
joakim soria,2017,1.14
joaquin benoit,2017,0.0
joc pederson,2017,-0.42
joe biagini,2017,-0.37
joe blanton,2017,-0.18
joe jimenez,2017,-1.04
joe kelly,2017,1.24
joe mauer,2017,4.1
joe musgrove,2017,0.020000000000000004
joe panik,2017,1.49
joe ross,2017,0.42
joe smith,2017,1.1
joely rodriguez,2017,-1.03
joey gallo,2017,3.09
joey rickard,2017,0.85
joey votto,2017,7.85
joey wendle,2017,0.11
johan camargo,2017,1.31
john axford,2017,-0.28
john bormann,2017,-0.03
john brebbia,2017,1.1199999999999999
john curtiss,2017,-0.18
john gant,2017,0.019999999999999997
john hicks,2017,0.32
john jaso,2017,-0.36
john lackey,2017,0.9800000000000001
john ryan murphy,2017,-0.08
johnny barbato,2017,0.24
johnny cueto,2017,1.8199999999999998
johnny giavotella,2017,-0.35
jon gray,2017,2.98
jon jay,2017,1.1400000000000001
jon lester,2017,0.87
jonathan broxton,2017,-0.29
jonathan holder,2017,0.46
jonathan lucroy,2017,0.45999999999999996
jonathan schoop,2017,6.1
jonathan villar,2017,-0.05
jordan jankowski,2017,-0.22
jordan luplow,2017,-0.35
jordan lyles,2017,-1.06
jordan montgomery,2017,2.8299999999999996
jordan zimmermann,2017,0.75
jordy mercer,2017,0.21
jorge alfaro,2017,0.82
jorge bonifacio,2017,0.56
jorge de la rosa,2017,0.65
jorge lopez,2017,0.01
jorge polanco,2017,1.35
jorge soler,2017,-1.24
jose abreu,2017,4.78
jose altuve,2017,8.12
jose alvarado,2017,0.39
jose alvarez,2017,0.2
jose bautista,2017,-0.95
jose berrios,2017,2.02
jose de leon,2017,-0.15
jose iglesias,2017,0.41
jose leclerc,2017,0.77
jose lobaton,2017,-0.93
jose martinez,2017,1.52
jose osuna,2017,-0.8
jose peraza,2017,-0.63
jose pirela,2017,2.12
jose quintana,2017,2.3200000000000003
jose ramirez,2017,7.97
jose reyes,2017,-0.07
jose ruiz,2017,0.03
jose torres,2017,0.44
jose urena,2017,1.6900000000000002
jose valdez,2017,-0.48
josh a smith,2017,0.06
josh bell,2017,0.89
josh collmenter,2017,-0.77
josh donaldson,2017,4.55
josh edgin,2017,0.62
josh fields,2017,0.89
josh hader,2017,1.8399999999999999
josh harrison,2017,3.47
josh lindblom,2017,-0.2
josh lucas,2017,0.06
josh osich,2017,-0.58
josh phegley,2017,0.02
josh ravin,2017,-0.36
josh reddick,2017,4.57
josh rutledge,2017,-0.2
josh smoker,2017,-0.16
josh tomlin,2017,0.6699999999999999
jp crawford,2017,0.86
jp howell,2017,-0.25
jt realmuto,2017,4.53
jt riddle,2017,0.68
juan centeno,2017,-0.23
juan graterol,2017,-0.04
juan lagares,2017,2.07
juan minaya,2017,0.26
juan nicasio,2017,1.95
julio teheran,2017,1.7100000000000002
julio urias,2017,-0.27
jumbo diaz,2017,-0.6
junichi tazawa,2017,-0.75
junior guerra,2017,-0.35
jurickson profar,2017,-0.02
justin bour,2017,2.65
justin grimm,2017,-0.48
justin haley,2017,-0.14
justin marks,2017,-0.02
justin nicolino,2017,-0.72
justin ruggiano,2017,-0.78
justin smoak,2017,3.07
justin turner,2017,5.77
justin upton,2017,5.63
justin verlander,2017,6.93
justin wilson,2017,1.56
kaleb cowart,2017,0.35
kelby tomlinson,2017,0.29
kelvin herrera,2017,0.32
ken giles,2017,1.95
kendall graveman,2017,1.81
kendrys morales,2017,-0.1
kenley jansen,2017,3.08
kennys vargas,2017,0.87
kenta maeda,2017,0.55
keon broxton,2017,0.43
keone kela,2017,1.25
ketel marte,2017,1.39
keury mella,2017,-0.03
kevan smith,2017,-0.22
kevin gausman,2017,1.93
kevin kiermaier,2017,4.77
kevin mccarthy,2017,0.44
kevin mcgowan,2017,0.0
kevin pillar,2017,2.81
kevin plawecki,2017,0.64
kevin quackenbush,2017,-0.59
kevin shackelford,2017,0.1
kevin siegrist,2017,0.0
keynan middleton,2017,0.6
khris davis,2017,2.8
kirby yates,2017,0.31
kirk nieuwenhuis,2017,-0.18
koda glover,2017,-0.09
koji uehara,2017,0.16
kole calhoun,2017,2.16
kolten wong,2017,1.78
kris bryant,2017,5.72
kristopher negron,2017,-0.3
kurt suzuki,2017,2.68
kyle barraclough,2017,0.8099999999999999
kyle crick,2017,0.45
kyle crockett,2017,-0.05
kyle farmer,2017,-0.08
kyle freeland,2017,3.45
kyle gibson,2017,0.41
kyle hendricks,2017,3.2399999999999998
kyle higashioka,2017,-0.18
kyle kendrick,2017,-0.52
kyle lloyd,2017,-0.14
kyle martin,2017,0.01
kyle mcgrath,2017,0.38
kyle ryan,2017,-0.18
kyle schwarber,2017,-0.02
kyle seager,2017,3.57
lance lynn,2017,2.95
lance mccullers jr,2017,0.9700000000000001
lane adams,2017,0.32
leonel campos,2017,0.18
leonys martin,2017,0.009999999999999981
leury garcia,2017,1.11
lewis brinson,2017,-0.35
liam hendriks,2017,0.14
lisalverto bonilla,2017,-0.8300000000000001
logan forsythe,2017,1.76
logan morrison,2017,2.96
logan verrett,2017,0.06
lonnie chisenhall,2017,1.39
lorenzo cain,2017,5.45
lucas duda,2017,1.62
lucas giolito,2017,1.49
lucas harrell,2017,-0.11
lucas sims,2017,-0.04999999999999999
luis avilan,2017,0.64
luis castillo,2017,2.48
luis cessa,2017,0.06
luis garcia,2017,1.97
luis perdomo,2017,0.41000000000000003
luis santos,2017,0.49
luis sardinas,2017,-0.35
luis severino,2017,5.23
luis torrens,2017,-1.17
luis valbuena,2017,0.18
luiz gohara,2017,0.0
luke farrell,2017,-0.010000000000000009
luke gregerson,2017,0.03
luke jackson,2017,0.27
luke maile,2017,-0.13
luke voit,2017,0.21
luke weaver,2017,0.8
mac williamson,2017,-0.11
madison bumgarner,2017,3.53
magneuris sierra,2017,0.2
maikel franco,2017,-0.11
mallex smith,2017,1.27
manny machado,2017,4.07
manny pina,2017,2.57
manuel margot,2017,2.34
marc rzepczynski,2017,0.21
marcell ozuna,2017,5.71
marco estrada,2017,1.68
marco gonzales,2017,-0.17
marco hernandez,2017,0.25
marcus semien,2017,1.71
marcus stroman,2017,5.2299999999999995
mark canha,2017,-0.79
mark leiter jr,2017,-0.26
mark melancon,2017,0.14
mark reynolds,2017,0.72
mark trumbo,2017,-0.49
mark zagunis,2017,0.0
martin maldonado,2017,1.67
martin perez,2017,2.2
martin prado,2017,0.38
marwin gonzalez,2017,4.06
masahiro tanaka,2017,1.04
mason williams,2017,-0.25
mat latos,2017,-0.18000000000000002
matt adams,2017,-0.06
matt albers,2017,2.46
matt andriese,2017,0.29
matt barnes,2017,0.64
matt belisle,2017,0.13
matt bowman,2017,0.24000000000000002
matt bush,2017,0.3
matt cain,2017,-0.43000000000000005
matt carpenter,2017,2.84
matt chapman,2017,3.3
matt davidson,2017,-0.91
matt den dekker,2017,0.03
matt dermody,2017,0.03
matt garza,2017,-0.31000000000000005
matt grace,2017,0.33
matt harvey,2017,-1.22
matt holliday,2017,-0.14
matt joyce,2017,2.08
matt kemp,2017,-1.33
matt koch,2017,0.0
matt moore,2017,-0.28
matt olson,2017,2.9
matt reynolds,2017,-0.25
matt shoemaker,2017,0.55
matt strahm,2017,-0.03
matt szczur,2017,0.24
matt wieters,2017,-0.79
matt wisler,2017,-0.79
matthew boyd,2017,1.71
max fried,2017,0.18
max kepler,2017,2.0
max moroff,2017,0.47
max povse,2017,-0.15
max scherzer,2017,7.489999999999999
max stassi,2017,0.12
melky cabrera,2017,-0.030000000000000027
micah johnson,2017,-0.13
michael a taylor,2017,2.71
michael blazek,2017,-0.38
michael brady,2017,-0.17
michael brantley,2017,2.33
michael conforto,2017,3.72
michael feliz,2017,-0.5
michael fulmer,2017,3.9000000000000004
michael lorenzen,2017,0.2
michael martinez,2017,-0.32999999999999996
michael pineda,2017,0.61
michael saunders,2017,-0.98
michael tonkin,2017,-0.14
michael wacha,2017,1.2
michael ynoa,2017,-0.27
miguel almonte,2017,-0.1
miguel andujar,2017,0.24
miguel cabrera,2017,-0.87
miguel castro,2017,0.88
miguel diaz,2017,-0.8
miguel gomez,2017,-0.07
miguel gonzalez,2017,1.5599999999999998
miguel montero,2017,-0.42999999999999994
miguel rojas,2017,1.99
miguel sano,2017,3.03
miguel socolovich,2017,-0.65
mike aviles,2017,-0.29
mike bolsinger,2017,-0.45
mike clevinger,2017,2.9600000000000004
mike dunn,2017,0.72
mike fiers,2017,-0.5
mike foltynewicz,2017,0.9700000000000001
mike freeman,2017,-0.84
mike hauschild,2017,-0.33
mike leake,2017,1.99
mike marjama,2017,0.25
mike mayers,2017,-0.24
mike minor,2017,3.0
mike montgomery,2017,2.37
mike morin,2017,-0.32
mike morse,2017,-0.55
mike moustakas,2017,1.34
mike napoli,2017,-0.25
mike ohlman,2017,0.03
mike pelfrey,2017,-1.09
mike tauchman,2017,-0.29
mike trout,2017,6.88
mike wright jr,2017,-0.07
mike zunino,2017,3.38
mikie mahtook,2017,0.2
mitch garver,2017,0.04
mitch haniger,2017,3.17
mitch moreland,2017,1.85
mookie betts,2017,6.49
mychal givens,2017,2.3
myles jaye,2017,-0.61
nate jones,2017,0.43
nate karns,2017,1.03
neftali feliz,2017,-0.8600000000000001
neil ramirez,2017,-1.01
neil walker,2017,1.8199999999999998
nelson cruz,2017,4.24
nick ahmed,2017,0.58
nick castellanos,2017,0.09
nick franklin,2017,0.06
nick gardewine,2017,-0.2
nick goody,2017,0.93
nick hundley,2017,0.41
nick markakis,2017,0.89
nick martinez,2017,0.30000000000000004
nick pivetta,2017,-0.7
nick tepesch,2017,-0.26
nick vincent,2017,1.36
nick williams,2017,0.2
nick wittgren,2017,-0.08
nicky delmonico,2017,1.43
nik turley,2017,-0.87
niko goodrum,2017,-0.21
noah syndergaard,2017,0.69
noe ramirez,2017,0.19
nolan arenado,2017,6.62
nolan fontana,2017,-0.15
nomar mazara,2017,-0.35
nori aoki,2017,0.56
odrisamer despaigne,2017,0.05
odubel herrera,2017,2.63
okoyea dickson,2017,-0.08
oliver drake,2017,0.12000000000000001
oliver perez,2017,0.3
omar narvaez,2017,1.09
onelki garcia,2017,-0.35
orlando arcia,2017,2.15
orlando calixte,2017,-0.68
ozzie albies,2017,1.28
pablo sandoval,2017,-1.31
paolo espino,2017,-0.13
parker bridwell,2017,1.87
pat neshek,2017,2.81
pat valaika,2017,0.6
patrick corbin,2017,2.6999999999999997
patrick kivlehan,2017,0.05
paul blackburn,2017,1.42
paul dejong,2017,2.68
paul goldschmidt,2017,6.08
paul janish,2017,-0.55
paul sewald,2017,0.04000000000000001
paulo orlando,2017,-0.46
pedro alvarez,2017,0.1
pedro baez,2017,0.74
pedro beato,2017,0.03
pedro florimon,2017,0.64
pedro severino,2017,-0.32
pedro strop,2017,1.06
pete kozma,2017,-0.9600000000000001
peter bourjos,2017,0.55
peter moylan,2017,1.16
phil ervin,2017,0.09
phil gosselin,2017,-0.6499999999999999
phil hughes,2017,-0.46
phil maton,2017,0.02
phillip evans,2017,0.2
pierce johnson,2017,-0.13
preston claiborne,2017,-0.09
quintin berry,2017,-0.06
ra dickey,2017,2.17
rafael bautista,2017,-0.24
rafael devers,2017,0.7
rafael lopez,2017,0.32
rafael montero,2017,-0.19
raimel tapia,2017,-0.6
raisel iglesias,2017,2.33
rajai davis,2017,0.34
ramon flores,2017,-0.26
ramon torres,2017,-0.21
randal grichuk,2017,0.61
randall delgado,2017,0.5
randy rosario,2017,-0.29
raudy read,2017,0.01
raul alcantara,2017,-0.35
renato nunez,2017,-0.02
rene rivera,2017,0.22999999999999998
rex brothers,2017,-0.43
rey fuentes,2017,-0.09
reyes moronta,2017,0.15
reymin guduan,2017,-0.35
reynaldo lopez,2017,0.06
rhys hoskins,2017,2.15
ricardo pinto,2017,-0.9
ricardo rodriguez,2017,-0.07
rich hill,2017,2.08
richard bleier,2017,1.36
richard rodriguez,2017,-0.32
richard urena,2017,-0.46
rick porcello,2017,-0.45999999999999996
rickie weeks,2017,0.13
ricky nolasco,2017,0.53
rio ruiz,2017,-0.27
rob brantly,2017,0.29
rob refsnyder,2017,-0.51
rob scahill,2017,-0.21000000000000002
rob segedin,2017,-0.14
rob whalen,2017,-0.02
rob zastryzny,2017,-0.31000000000000005
robbie grossman,2017,0.92
robbie ray,2017,5.2
robbie ross,2017,-0.18
robby scott,2017,0.47
robert gsellman,2017,-0.62
robert stephenson,2017,-0.45
roberto gomez,2017,-0.08
roberto osuna,2017,1.29
roberto perez,2017,0.75
robinson cano,2017,3.08
robinson chirinos,2017,2.5
rocky gale,2017,-0.07
roenis elias,2017,0.01
ronald herrera,2017,-0.05
ronald torreyes,2017,0.77
rookie davis,2017,-0.81
ross stripling,2017,0.47
rougned odor,2017,-0.72
rubby de la rosa,2017,0.04
ruben tejada,2017,-0.16
russell martin,2017,1.76
ryan braun,2017,0.91
ryan buchter,2017,1.24
ryan dull,2017,-0.71
ryan flaherty,2017,-0.13
ryan garton,2017,0.0
ryan goins,2017,1.05
ryan hanigan,2017,-0.11
ryan lamarre,2017,-0.14
ryan lavarnway,2017,-0.02
ryan madson,2017,2.5
ryan mcmahon,2017,-0.11
ryan merritt,2017,0.7
ryan pressly,2017,-0.04
ryan raburn,2017,0.03
ryan rua,2017,-0.24
ryan schimpf,2017,0.46
ryan sherriff,2017,0.23
ryan tepera,2017,0.92
ryan weber,2017,0.12
ryan zimmerman,2017,2.68
ryder jones,2017,-1.5
rymer liriano,2017,0.14
ryne stanek,2017,-0.24
ryon healy,2017,0.86
sal romano,2017,0.15
salvador perez,2017,2.5
sam dyson,2017,-1.09
sam freeman,2017,1.56
sam gaviglio,2017,0.65
sam moll,2017,-0.31
sam travis,2017,-0.55
sam tuivailala,2017,0.82
sammy solis,2017,-0.23
sandy alcantara,2017,-0.07
sandy leon,2017,0.56
santiago casilla,2017,0.45
scooter gennett,2017,1.8699999999999999
scott alexander,2017,2.3
scott feldman,2017,0.02999999999999997
scott oberg,2017,0.25
scott schebler,2017,1.25
scott van slyke,2017,-0.28
sean doolittle,2017,1.39
sean gilmartin,2017,-0.07
sean manaea,2017,1.48
sean newcomb,2017,1.15
sean rodriguez,2017,-0.30000000000000004
sergio romo,2017,0.6000000000000001
seth frankoff,2017,-0.1
seth lugo,2017,0.85
seth maness,2017,0.12
seth smith,2017,0.52
seunghwan oh,2017,-0.09
shae simmons,2017,-0.15
shane carle,2017,-0.02
shane greene,2017,2.59
shane peterson,2017,0.33
shane robinson,2017,0.13
shawn armstrong,2017,0.14
shawn kelley,2017,-0.67
shelby miller,2017,0.39
shinsoo choo,2017,0.83
silvino bracho,2017,-0.08
simon castro,2017,0.08
sonny gray,2017,2.52
starlin castro,2017,2.09
starling marte,2017,1.31
stefan crichton,2017,-0.23
stephen cardullo,2017,-0.03
stephen drew,2017,-0.12
stephen piscotty,2017,0.51
stephen strasburg,2017,6.51
stephen vogt,2017,-0.38000000000000006
steve cishek,2017,1.52
steve lombardozzi,2017,-0.2
steve pearce,2017,0.38
steve selsky,2017,-0.15
steven brault,2017,0.09999999999999999
steven matz,2017,-0.27
steven okert,2017,-0.28
steven souza jr,2017,3.92
steven wright,2017,-0.77
stuart turner,2017,-1.22
taijuan walker,2017,3.0500000000000003
tanner roark,2017,1.07
tanner scheppers,2017,-0.05
tanner scott,2017,-0.05
taylor cole,2017,-0.28
taylor davis,2017,-0.08
taylor featherston,2017,-0.22
taylor jungmann,2017,-0.03
taylor motter,2017,-0.77
taylor rogers,2017,1.21
taylor williams,2017,0.1
teoscar hernandez,2017,0.66
terrance gore,2017,-0.28
thyago vieira,2017,0.03
tim adleman,2017,-0.5700000000000001
tim anderson,2017,-0.25
tim beckham,2017,2.71
tim federowicz,2017,0.13
tim locastro,2017,-0.02
tim mayza,2017,-0.37
tim melville,2017,-0.33
tj house,2017,0.01
tj mcfarland,2017,-0.89
tj rivera,2017,0.75
todd frazier,2017,2.98
tom koehler,2017,-1.24
tom murphy,2017,-0.45
tom wilhelmsen,2017,0.19999999999999998
tomas nido,2017,0.04
tomas telis,2017,-0.13
tommy hunter,2017,1.38
tommy joseph,2017,-0.92
tommy kahnle,2017,1.7
tommy la stella,2017,0.24
tommy layne,2017,-0.27
tommy milone,2017,-0.97
tommy pham,2017,6.32
tony barnette,2017,-0.14
tony cingrani,2017,0.06
tony kemp,2017,0.0
tony sanchez,2017,-0.03
tony sipp,2017,-0.37
tony watson,2017,0.93
tony wolters,2017,-0.39
tony zych,2017,1.05
travis darnaud,2017,1.39
travis jankowski,2017,-0.17
travis shaw,2017,3.66
travis taijeron,2017,-0.57
travis wood,2017,-1.3900000000000001
trayce thompson,2017,-0.32
trea turner,2017,2.92
trevor bauer,2017,2.86
trevor cahill,2017,0.5900000000000001
trevor gott,2017,-0.47
trevor hildenberger,2017,0.87
trevor plouffe,2017,-0.78
trevor rosenthal,2017,0.65
trevor story,2017,2.79
trevor williams,2017,1.59
trey mancini,2017,2.58
troy scribner,2017,-0.09
troy tulowitzki,2017,0.9
tucker barnhart,2017,3.62
tuffy gosewisch,2017,-0.56
ty blach,2017,1.91
ty kelly,2017,0.12
tyler anderson,2017,1.03
tyler austin,2017,-0.29
tyler chatwood,2017,2.17
tyler clippard,2017,0.06
tyler cloyd,2017,0.05
tyler collins,2017,0.0
tyler danish,2017,0.34
tyler duffey,2017,-0.28
tyler flowers,2017,1.99
tyler glasnow,2017,-1.56
tyler lyons,2017,1.25
tyler mahle,2017,0.5700000000000001
tyler moore,2017,-0.25
tyler naquin,2017,0.06
tyler olson,2017,1.23
tyler pill,2017,-0.33
tyler saladino,2017,-0.5
tyler skaggs,2017,0.45999999999999996
tyler smith,2017,0.17
tyler wade,2017,-0.71
tyler webb,2017,-0.12
tyler white,2017,-0.03
tyler wilson,2017,-0.4
tyson ross,2017,-0.97
tzuwei lin,2017,0.3
ubaldo jimenez,2017,-1.4
vance worley,2017,-1.4000000000000001
victor alcantara,2017,-0.09
victor arano,2017,0.45
victor caratini,2017,0.11
victor martinez,2017,-0.52
victor robles,2017,0.13
vidal nuno iii,2017,-0.54
vince velasquez,2017,0.54
wade davis,2017,1.86
wade leblanc,2017,0.23
wade miley,2017,-0.22
walker buehler,2017,-0.22
wandy peralta,2017,0.65
warwick saupold,2017,0.44
weichung wang,2017,-0.06
weiyin chen,2017,0.38
welington castillo,2017,2.26
whit merrifield,2017,3.04
wil myers,2017,2.14
will harris,2017,0.94
will middlebrooks,2017,-0.04
william cuevas,2017,-0.15
willie calhoun,2017,-0.08
willson contreras,2017,3.76
willy garcia,2017,-0.28
wilmer difo,2017,1.69
wilmer flores,2017,0.16
wilmer font,2017,-0.32
wilson ramos,2017,0.12
wily peralta,2017,-1.38
xander bogaerts,2017,2.11
xavier cedeno,2017,-0.57
yacksel rios,2017,0.13
yadiel rivera,2017,-0.05
yadier molina,2017,1.61
yan gomes,2017,1.29
yandy diaz,2017,0.33
yangervis solarte,2017,1.02
yasiel puig,2017,3.43
yasmani grandal,2017,2.28
yasmany tomas,2017,-0.44
yoan moncada,2017,1.57
yoenis cespedes,2017,1.95
yohander mendez,2017,0.0
yolmer sanchez,2017,3.52
yonder alonso,2017,2.12
yovani gallardo,2017,-0.29000000000000004
yu darvish,2017,3.95
yuli gurriel,2017,2.74
yunel escobar,2017,0.4
yusmeiro petit,2017,1.56
zac curtis,2017,0.1
zac reininger,2017,-0.05
zac rosscup,2017,0.05
zach davies,2017,3.34
zach duke,2017,0.23
zach eflin,2017,-0.33
zach lee,2017,0.010000000000000002
zach mcallister,2017,1.37
zach neal,2017,-0.19
zach putnam,2017,0.45
zach vincej,2017,-0.05
zack britton,2017,1.01
zack cozart,2017,5.05
zack godley,2017,3.82
zack granite,2017,0.26
zack greinke,2017,6.069999999999999
zack wheeler,2017,0.16
aaron altherr,2018,-0.91
aaron brooks,2018,0.08
aaron bummer,2018,-0.1
aaron hicks,2018,4.31
aaron judge,2018,6.04
aaron loup,2018,0.19
aaron nola,2018,9.18
aaron sanchez,2018,0.69
aaron slegers,2018,-0.04
aaron wilkerson,2018,-0.41000000000000003
abiatal avelino,2018,-0.01
abraham almonte,2018,-0.72
adalberto mejia,2018,0.99
adalberto mondesi,2018,2.14
adam cimber,2018,0.8
adam conley,2018,-0.04
adam duvall,2018,0.8700000000000001
adam eaton,2018,1.25
adam engel,2018,1.15
adam frazier,2018,2.59
adam jones,2018,0.7
adam kolarek,2018,0.13
adam liberatore,2018,0.26
adam mccreery,2018,-0.08
adam moore,2018,0.02
adam morgan,2018,0.54
adam ottavino,2018,2.47
adam plutko,2018,0.2
adam rosales,2018,-0.09
adam wainwright,2018,0.18
adam warren,2018,0.9299999999999999
addison reed,2018,-0.02
addison russell,2018,2.3
adeiny hechavarria,2018,0.5
adolis garcia,2018,-0.29
adrian beltre,2018,1.49
adrian gonzalez,2018,-0.23
adrian houser,2018,0.1
adrian sampson,2018,0.2
adrian sanchez,2018,-0.03
aj cole,2018,-0.66
aj ellis,2018,0.21
aj minter,2018,0.84
aj pollock,2018,2.16
aj ramos,2018,-0.49
aj reed,2018,-0.08
akeel morris,2018,-0.02
alan busenitz,2018,-1.21
albert almora,2018,2.16
albert pujols,2018,0.23
alcides escobar,2018,-2.09
alec asher,2018,0.1
alec mills,2018,0.19999999999999998
aledmys diaz,2018,2.11
alen hanson,2018,0.47
alex avila,2018,0.06
alex blandino,2018,-0.13999999999999999
alex bregman,2018,7.55
alex claudio,2018,0.97
alex cobb,2018,0.81
alex colome,2018,1.05
alex gordon,2018,2.02
alex mcrae,2018,-0.07
alex reyes,2018,0.3
alex verdugo,2018,0.41
alex wilson,2018,1.41
alex wood,2018,0.8499999999999999
alexi ogando,2018,-0.18
alfredo gonzalez,2018,-0.13
allen webster,2018,-0.03
amed rosario,2018,1.14
amir garrett,2018,0.53
andrelton simmons,2018,5.47
andrew benintendi,2018,4.79
andrew cashner,2018,0.32
andrew chafin,2018,0.82
andrew heaney,2018,1.93
andrew kittredge,2018,-1.22
andrew knapp,2018,-0.53
andrew mccutchen,2018,2.64
andrew miller,2018,0.19999999999999998
andrew romine,2018,-0.38
andrew stevenson,2018,-0.19
andrew suarez,2018,0.67
andrew susac,2018,-0.33
andrew toles,2018,-0.01
andrew triggs,2018,0.01
andrew vasquez,2018,-0.08
andrew velazquez,2018,0.26
anibal sanchez,2018,2.83
anthony alford,2018,-0.22
anthony banda,2018,0.13
anthony bass,2018,0.18
anthony desclafani,2018,0.57
anthony rendon,2018,5.22
anthony rizzo,2018,3.0799999999999996
anthony santander,2018,-0.44
anthony swarzak,2018,-0.47
antonio senzatela,2018,1.0599999999999998
aramis garcia,2018,0.2
archie bradley,2018,0.32
ariel jurado,2018,0.22999999999999998
ariel miranda,2018,0.23
aristides aquino,2018,-0.06
arodys vizcaino,2018,1.27
aroldis chapman,2018,1.53
artie lewicki,2018,0.08
asdrubal cabrera,2018,1.3599999999999999
austen williams,2018,-0.02
austin adams,2018,0.1
austin barnes,2018,0.58
austin bibensdirkx,2018,-0.18
austin brice,2018,-0.45
austin davis,2018,0.07999999999999999
austin dean,2018,-0.31
austin gomber,2018,0.5
austin hedges,2018,1.16
austin jackson,2018,-1.42
austin meadows,2018,-0.32
austin pruitt,2018,-0.31
austin romine,2018,1.38
austin slater,2018,-0.22
austin voth,2018,-0.19
austin wynns,2018,0.4
avisail garcia,2018,0.57
bartolo colon,2018,0.7699999999999999
beau taylor,2018,0.03
ben gamel,2018,0.58
ben lively,2018,0.04999999999999999
ben meyer,2018,-0.78
ben taylor,2018,-0.03
ben zobrist,2018,3.48
billy hamilton,2018,0.62
billy mckinney,2018,0.16999999999999998
blaine boyer,2018,-1.72
blaine hardy,2018,2.05
blake parker,2018,1.25
blake snell,2018,7.19
blake swihart,2018,-0.12
blake trahan,2018,-0.03
blake treinen,2018,4.37
blake wood,2018,0.37
bobby poyner,2018,0.49
bobby wahl,2018,-0.33
bobby wilson,2018,0.24
boog powell,2018,-0.51
boone logan,2018,-0.16
brad boxberger,2018,-0.78
brad brach,2018,0.28
brad hand,2018,0.98
brad keller,2018,4.19
brad miller,2018,0.18999999999999997
brad peacock,2018,0.6799999999999999
brad wieck,2018,0.22
brad ziegler,2018,0.14
braden shipley,2018,-0.05
bradley zimmer,2018,0.08
brandon barnes,2018,0.01
brandon belt,2018,2.46
brandon crawford,2018,1.51
brandon cumpton,2018,0.01
brandon dixon,2018,-0.6
brandon drury,2018,-0.43999999999999995
brandon finnegan,2018,-0.6799999999999999
brandon guyer,2018,-0.15
brandon kintzler,2018,0.0
brandon lowe,2018,0.79
brandon mann,2018,0.01
brandon maurer,2018,-1.09
brandon mccarthy,2018,-0.12
brandon morrow,2018,1.29
brandon nimmo,2018,4.59
brandon phillips,2018,-0.07
brandon snyder,2018,0.07
brandon woodruff,2018,0.48
brandon workman,2018,0.76
braxton lee,2018,0.0
brent suter,2018,0.48000000000000004
brett anderson,2018,0.6
brett cecil,2018,-0.87
brett gardner,2018,3.27
brett graves,2018,-0.33
brett kennedy,2018,-0.62
brett phillips,2018,0.56
breyvic valera,2018,-0.19
brian anderson,2018,3.14
brian dozier,2018,1.21
brian duensing,2018,-1.64
brian flynn,2018,0.72
brian goodwin,2018,-0.04000000000000001
brian johnson,2018,1.16
brian mccann,2018,0.88
brock holt,2018,1.28
brock stewart,2018,-0.6
brooks pounders,2018,-0.21
bruce maxwell,2018,-0.08
bruce rondon,2018,-1.28
bryan holaday,2018,-0.09
bryan mitchell,2018,-0.49
bryan shaw,2018,-1.23
bryce harper,2018,1.74
bryse wilson,2018,-0.11
buck farmer,2018,0.75
bud norris,2018,0.26
buddy baumann,2018,-0.8600000000000001
burch smith,2018,-0.95
buster posey,2018,2.97
byron buxton,2018,-0.23
caleb ferguson,2018,0.27999999999999997
caleb frare,2018,0.02
caleb joseph,2018,0.35
caleb smith,2018,0.75
cam bedrosian,2018,0.48
cam gallagher,2018,0.01
cameron maybin,2018,0.5499999999999999
carl edwards jr,2018,1.07
carlos asuaje,2018,-0.19
carlos carrasco,2018,4.05
carlos correa,2018,2.91
carlos gomez,2018,0.7000000000000001
carlos gonzalez,2018,0.85
carlos martinez,2018,2.32
carlos perez,2018,-0.83
carlos ramirez,2018,0.12
carlos rodon,2018,1.99
carlos santana,2018,2.18
carlos tocci,2018,-1.47
carlos torres,2018,-0.11
carson fulmer,2018,-0.97
carson kelly,2018,-0.42
carson smith,2018,0.22
casey kelly,2018,0.21000000000000002
casey lawrence,2018,-0.34
casey sadler,2018,-0.26
cc sabathia,2018,1.78
cd pelham,2018,-0.08
cedric mullins,2018,-0.19
cesar hernandez,2018,2.14
chad bell,2018,-0.19
chad bettis,2018,0.45
chad green,2018,2.01
chad kuhl,2018,0.08
chad pinder,2018,2.02
chad sobotka,2018,0.43
chad wallach,2018,0.04
chance adams,2018,-0.17
chance sisco,2018,-0.3
charlie blackmon,2018,0.97
charlie culberson,2018,0.66
charlie morton,2018,3.42
charlie tilson,2018,-0.84
chase anderson,2018,0.78
chase darnaud,2018,0.08
chase de jong,2018,0.14
chase headley,2018,-0.33
chase utley,2018,-0.23
chase whitley,2018,-0.12
chasen bradford,2018,0.59
chasen shreve,2018,0.06999999999999998
chaz roe,2018,0.55
cheslor cuthbert,2018,-0.33
chihwei hu,2018,0.09
chris archer,2018,0.72
chris bassitt,2018,0.58
chris beck,2018,0.2
chris davis,2018,-3.29
chris devenski,2018,0.07
chris flexen,2018,-0.77
chris gimenez,2018,-0.18
chris hatcher,2018,-0.24
chris herrmann,2018,0.5
chris iannetta,2018,-0.55
chris martin,2018,0.63
chris ogrady,2018,-0.12
chris owings,2018,-0.5
chris rowley,2018,-0.35
chris rusin,2018,-0.81
chris sale,2018,6.43
chris shaw,2018,-0.35
chris stewart,2018,-0.07
chris stratton,2018,-0.48
chris taylor,2018,4.16
chris tillman,2018,-1.14
chris volstad,2018,-0.63
chris young,2018,-0.69
christian arroyo,2018,0.13
christian bergman,2018,0.020000000000000004
christian vazquez,2018,-1.07
christian villanueva,2018,1.57
christian walker,2018,-0.32
christian yelich,2018,7.33
christin stewart,2018,-0.17
christopher bostick,2018,-0.08
cionel perez,2018,0.07
cj cron,2018,2.2
clay buchholz,2018,2.63
clay holmes,2018,-0.5700000000000001
clayton kershaw,2018,3.97
clayton richard,2018,-0.8700000000000001
cliff pennington,2018,-0.38
clint frazier,2018,0.06
cody allen,2018,0.08
cody bellinger,2018,4.53
cody carroll,2018,-0.46
cody reed,2018,0.42000000000000004
colby rasmus,2018,-0.16
cole hamels,2018,3.66
colin moran,2018,0.95
collin mchugh,2018,1.98
colten brewer,2018,-0.37
connor sadzeck,2018,0.42
corban joseph,2018,-0.17
corbin burnes,2018,0.66
corey dickerson,2018,3.72
corey kluber,2018,5.95
corey knebel,2018,0.33
corey oswalt,2018,-0.73
corey seager,2018,0.51
cory gearrin,2018,0.9400000000000001
cory mazzoni,2018,0.27
cory spangenberg,2018,0.65
craig gentry,2018,1.05
craig kimbrel,2018,2.1
craig stammen,2018,1.77
curt casali,2018,0.8
curtis granderson,2018,0.8300000000000001
dakota hudson,2018,0.62
dallas keuchel,2018,2.26
dalton pompey,2018,-0.07
dan altavilla,2018,0.43
dan butler,2018,-0.09
dan jennings,2018,0.41000000000000003
dan otero,2018,-0.28
dan straily,2018,1.17
dan winkler,2018,0.29000000000000004
daniel castro,2018,-0.53
daniel corcino,2018,-0.02
daniel descalso,2018,0.7
daniel gossett,2018,0.01
daniel hudson,2018,-0.4
daniel mengden,2018,1.1
daniel murphy,2018,0.030000000000000027
daniel norris,2018,0.09
daniel palka,2018,0.56
daniel ponce de leon,2018,0.84
daniel robertson,2018,2.88
daniel stumpf,2018,-0.07
daniel vogelbach,2018,0.17
daniel zamora,2018,0.26
danny barnes,2018,-0.37
danny coulombe,2018,-0.02
danny duffy,2018,1.41
danny farquhar,2018,-0.07
danny jansen,2018,0.55
danny santana,2018,0.02
danny valencia,2018,0.2
dansby swanson,2018,2.24
darnell sweeney,2018,-0.09
darren oday,2018,0.32
david bote,2018,1.93
david dahl,2018,0.81
david fletcher,2018,1.91
david freese,2018,2.12
david freitas,2018,-0.2
david hale,2018,0.08999999999999997
david hernandez,2018,1.84
david hess,2018,0.51
david paulino,2018,0.15
david peralta,2018,3.5
david price,2018,3.69
david robertson,2018,0.68
david wright,2018,-0.01
dawel lugo,2018,0.04
dean deetz,2018,-0.01
dean kiekhefer,2018,-0.17
deck mcguire,2018,-0.30000000000000004
dee strangegordon,2018,1.05
delino deshields,2018,1.29
dellin betances,2018,1.43
denard span,2018,2.14
dennis santana,2018,-0.13
dereck rodriguez,2018,2.6
derek dietrich,2018,-0.34
derek fisher,2018,0.07
derek holland,2018,2.12
derek law,2018,-0.37
deven marrero,2018,-0.36
devin mesoraco,2018,0.57
devon travis,2018,0.72
dexter fowler,2018,-1.4
didi gregorius,2018,5.09
diego castillo,2018,1.03
dillon maples,2018,-0.28
dillon peters,2018,-0.48000000000000004
dilson herrera,2018,-0.2
dixon machado,2018,-0.7
dj johnson,2018,0.09
dj lemahieu,2018,2.87
dj snelten,2018,-0.24000000000000002
dj stewart,2018,0.55
domingo german,2018,-0.32999999999999996
domingo santana,2018,1.12
dominic leone,2018,0.05
dominic smith,2018,-0.49
donnie hart,2018,-0.03
doug fister,2018,0.9
dovydas neverauskas,2018,-0.85
drew anderson,2018,0.06
drew butera,2018,-0.73
drew gagnon,2018,-0.43
drew hutchison,2018,-0.24
drew pomeranz,2018,-0.72
drew robinson,2018,-0.49
drew rucinski,2018,-0.43
drew smith,2018,0.4
drew steckenrider,2018,0.35
drew verhagen,2018,0.55
duane underwood jr,2018,0.13999999999999999
dustin fowler,2018,-0.98
dustin garneau,2018,-0.03
dustin pedroia,2018,-0.13
dustin peterson,2018,-0.05
dwight smith jr,2018,0.08
dylan bundy,2018,-0.09999999999999999
dylan covey,2018,-0.22
dylan cozens,2018,-0.18
dylan floro,2018,1.8800000000000001
eddie butler,2018,-0.4
eddie rosario,2018,4.33
edgar santana,2018,1.05
edmundo sosa,2018,-0.01
eduardo escobar,2018,2.9699999999999998
eduardo nunez,2018,-0.81
eduardo paredes,2018,-0.3
eduardo rodriguez,2018,2.5500000000000003
edubray ramos,2018,1.19
edward paredes,2018,-0.16
edwin diaz,2018,3.13
edwin encarnacion,2018,1.93
edwin jackson,2018,1.67
efren navarro,2018,-0.09
ehire adrianza,2018,0.0
elias diaz,2018,1.56
elieser hernandez,2018,-0.48
elvis andrus,2018,1.62
emilio pagan,2018,0.37
ender inciarte,2018,3.14
engelb vielma,2018,-0.02
enny romero,2018,-0.74
enrique hernandez,2018,3.0
enyel de los santos,2018,0.06
erasmo ramirez,2018,-0.61
eric haase,2018,-0.3
eric hanhold,2018,-0.07
eric hosmer,2018,1.07
eric lauer,2018,-0.07
eric skoglund,2018,0.30000000000000004
eric sogard,2018,-0.78
eric stout,2018,-0.36
eric thames,2018,0.37
eric young jr,2018,-0.36
erick fedde,2018,0.05
erik goeddel,2018,0.62
erik gonzalez,2018,0.7
erik kratz,2018,-0.03
ervin santana,2018,-0.62
eugenio suarez,2018,3.8
evan gattis,2018,0.19
evan longoria,2018,1.62
evan marshall,2018,-0.22
evan phillips,2018,-0.76
felipe vazquez,2018,1.51
felix hernandez,2018,-1.34
felix pena,2018,0.98
fernando rodney,2018,0.8699999999999999
fernando romero,2018,0.22
fernando salas,2018,-0.18000000000000002
framber valdez,2018,1.11
franchy cordero,2018,0.0
francisco arcia,2018,-0.020000000000000004
francisco cervelli,2018,2.81
francisco lindor,2018,7.32
francisco liriano,2018,0.26
francisco mejia,2018,-0.049999999999999996
francisco pena,2018,-1.1
frankie montas,2018,0.38
franklin barreto,2018,0.04
franmil reyes,2018,1.58
freddie freeman,2018,5.52
freddy galvis,2018,1.71
freddy peralta,2018,0.20999999999999996
gabriel guerrero,2018,-0.05
gabriel moya,2018,0.12
garrett cooper,2018,0.23
garrett hampson,2018,0.13
garrett richards,2018,0.33
gary sanchez,2018,1.22
george kontos,2018,-0.18
george springer,2018,2.82
gerardo parra,2018,0.44
german marquez,2018,4.82
gerrit cole,2018,5.08
gerson bautista,2018,-0.29
giancarlo stanton,2018,4.43
gift ngoepe,2018,-0.29
gio gonzalez,2018,1.19
gio urshela,2018,-0.3
giovanny gallegos,2018,0.07
glenn sparkman,2018,0.35
gleyber torres,2018,3.44
gordon beckham,2018,0.53
gorkys hernandez,2018,0.16
grayson greiner,2018,0.0
greg allen,2018,0.34
greg bird,2018,0.08
greg garcia,2018,0.06
greg holland,2018,-0.14000000000000012
gregor blanco,2018,-0.82
gregorio petit,2018,-0.07
gregory infante,2018,-0.26
gregory polanco,2018,2.15
guillermo heredia,2018,0.49
hanley ramirez,2018,0.08
hansel robles,2018,0.41000000000000003
hanser alberto,2018,-0.28
harold castro,2018,0.03
harrison bader,2018,3.21
harrison musgrave,2018,0.38
heath fillmyer,2018,1.1400000000000001
heath hembree,2018,0.27999999999999997
hector neris,2018,0.09000000000000001
hector rondon,2018,0.83
hector santiago,2018,0.55
hector velazquez,2018,1.29
hernan perez,2018,1.3900000000000001
hoby milner,2018,-0.42000000000000004
homer bailey,2018,-1.4300000000000002
howie kendrick,2018,0.3
hunter dozier,2018,-2.12
hunter pence,2018,-1.04
hunter renfroe,2018,2.44
hunter strickland,2018,-0.31
hunter wood,2018,0.24000000000000002
hyun jin ryu,2018,2.5
ian desmond,2018,-0.25
ian hamilton,2018,-0.07
ian happ,2018,0.86
ian kennedy,2018,1.07
ian kinsler,2018,2.02
ian krol,2018,0.1
ichiro suzuki,2018,-0.54
ildemaro vargas,2018,0.06
isaac galloway,2018,0.55
isiah kinerfalefa,2018,1.88
ivan nova,2018,0.31999999999999995
ja happ,2018,2.99
jabari blash,2018,-0.82
jace fry,2018,0.15
jace peterson,2018,-0.26
jack flaherty,2018,3.21
jack reinheimer,2018,-0.32
jackie bradley jr,2018,2.51
jackson stephens,2018,-0.7
jacob barnes,2018,-0.19
jacob degrom,2018,9.889999999999999
jacob nix,2018,-1.11
jacob nottingham,2018,0.25
jacob rhame,2018,-0.3
jacob stallings,2018,0.01
jacob turner,2018,-0.9299999999999999
jacoby jones,2018,1.73
jaime barria,2018,3.03
jaime garcia,2018,-0.67
jaime schultz,2018,-0.28
jake arrieta,2018,2.5
jake barrett,2018,-0.1
jake bauers,2018,0.45
jake cave,2018,1.52
jake diekman,2018,-0.029999999999999916
jake faria,2018,-0.29
jake jewell,2018,-0.07
jake lamb,2018,0.39
jake marisnick,2018,1.77
jake mcgee,2018,-0.95
jake newberry,2018,-0.07
jake odorizzi,2018,1.18
jake petricka,2018,-0.06999999999999999
jake smolinski,2018,-0.33
jake thompson,2018,-0.02
jakob junis,2018,2.07
jalen beeks,2018,-0.11000000000000004
james hoyt,2018,0.01
james mccann,2018,-0.74
james norwood,2018,-0.19
james paxton,2018,2.95
james pazos,2018,0.78
james sherfy,2018,0.52
james shields,2018,1.32
jameson taillon,2018,4.41
jared hughes,2018,3.39
jarlin garcia,2018,-0.16
jarrod dyson,2018,0.11
jarrod saltalamacchia,2018,-0.25
jason adam,2018,-0.23
jason castro,2018,-0.13
jason hammel,2018,-1.03
jason heyward,2018,2.15
jason kipnis,2018,1.17
jason vargas,2018,-0.49
javier baez,2018,6.83
javy guerra,2018,-1.1
jay bruce,2018,-0.77
jb shuck,2018,-1.16
jb wendelken,2018,0.61
jc ramirez,2018,-0.3
jd davis,2018,-0.81
jd martinez,2018,6.67
jean segura,2018,3.52
jeanmar gomez,2018,-0.16
jed lowrie,2018,3.95
jedd gyorko,2018,0.76
jeff beliveau,2018,-0.27
jeff brigham,2018,-0.13
jeff hoffman,2018,-0.26
jeff mathis,2018,0.5800000000000001
jeff mcneil,2018,2.97
jeff samardzija,2018,-0.63
jeffrey springs,2018,0.58
jefry marte,2018,-0.16
jefry rodriguez,2018,-0.34
jeimer candelario,2018,1.11
jenho tseng,2018,-0.18
jerad eickhoff,2018,-0.04
jeremy bleich,2018,-0.13
jeremy hellickson,2018,1.06
jeremy jeffress,2018,3.29
jerry blevins,2018,0.020000000000000004
jerry vasto,2018,-0.16999999999999998
jesmuel valentin,2018,-0.7
jesse biddle,2018,0.6499999999999999
jesse chavez,2018,3.08
jesse winker,2018,0.01
jesus aguilar,2018,3.26
jesus reyes,2018,-0.03
jesus sucre,2018,-0.41000000000000003
jett bandy,2018,-0.3
jeurys familia,2018,1.4500000000000002
jhan marinez,2018,-0.04
jhoulys chacin,2018,1.94
jim adduci,2018,-0.15
jim johnson,2018,-0.36
jiman choi,2018,1.07
jimmy cordero,2018,-0.2
jimmy yacabonis,2018,0.21
jj hoover,2018,-0.34
joakim soria,2018,0.8400000000000001
joc pederson,2018,2.14
joe biagini,2018,-0.5
joe hudson,2018,-0.08
joe jimenez,2018,0.23
joe kelly,2018,0.21
joe mauer,2018,1.36
joe musgrove,2018,1.27
joe panik,2018,-0.22
joe ross,2018,-0.009999999999999995
joe smith,2018,0.36
joey gallo,2018,2.26
joey krehbiel,2018,0.11
joey lucchesi,2018,0.96
joey rickard,2018,0.52
joey votto,2018,3.46
joey wendle,2018,4.7
johan camargo,2018,3.26
john andreoli,2018,-0.10999999999999999
john axford,2018,-0.10000000000000003
john brebbia,2018,0.65
john curtiss,2018,-0.03
john gant,2018,1.0499999999999998
john hicks,2018,0.01
john lamb,2018,-0.32
john means,2018,-0.16
john ryan murphy,2018,-0.36
johnny barbato,2018,-0.38
johnny cueto,2018,1.25
johnny field,2018,0.5499999999999999
jon berti,2018,0.09
jon edwards,2018,0.06
jon gray,2018,1.12
jon jay,2018,0.51
jon lester,2018,2.64
jonathan davis,2018,-0.29
jonathan holder,2018,0.75
jonathan loaisiga,2018,-0.22
jonathan lucroy,2018,-0.74
jonathan schoop,2018,2.13
jonathan villar,2018,3.05
jonny venters,2018,0.24000000000000002
jordan hicks,2018,0.71
jordan luplow,2018,0.05
jordan lyles,2018,0.34
jordan montgomery,2018,0.45
jordan zimmermann,2018,0.96
jordy mercer,2018,0.34
jorge alfaro,2018,1.58
jorge bonifacio,2018,-0.23
jorge de la rosa,2018,0.2
jorge lopez,2018,0.1
jorge polanco,2018,0.85
jorge soler,2018,0.31
jose abreu,2018,2.05
jose altuve,2018,5.08
jose alvarado,2018,1.45
jose alvarez,2018,1.75
jose bautista,2018,1.23
jose berrios,2018,3.46
jose briceno,2018,0.41
jose castillo,2018,0.58
jose fernandez,2018,-0.12
jose iglesias,2018,1.97
jose leclerc,2018,2.54
jose lobaton,2018,-0.54
jose martinez,2018,1.64
jose miguel fernandez,2018,0.24
jose osuna,2018,0.08
jose peraza,2018,2.16
jose pirela,2018,-0.69
jose quintana,2018,1.05
jose ramirez,2018,6.79
jose reyes,2018,-0.74
jose rondon,2018,0.51
jose ruiz,2018,0.05
jose trevino,2018,-0.07
jose urena,2018,1.82
jose valdez,2018,-0.23
josh bell,2018,0.66
josh donaldson,2018,1.02
josh fields,2018,0.89
josh hader,2018,2.17
josh harrison,2018,0.25
josh james,2018,0.68
josh lucas,2018,-0.19
josh osich,2018,-0.43
josh phegley,2018,0.32
josh ravin,2018,-0.06
josh reddick,2018,1.79
josh rogers,2018,-0.33
josh smoker,2018,-0.31
josh tomlin,2018,-0.84
jp crawford,2018,0.2
jt chargois,2018,0.22
jt realmuto,2018,4.4
jt riddle,2018,1.71
juan centeno,2018,-0.36
juan graterol,2018,0.13
juan lagares,2018,1.09
juan minaya,2018,0.93
juan nicasio,2018,-1.09
juan soto,2018,3.0
julio teheran,2018,2.2600000000000002
julio urias,2018,0.1
jung ho kang,2018,-0.01
junichi tazawa,2018,-0.77
junior guerra,2018,-0.08
jurickson profar,2018,1.45
justin anderson,2018,0.54
justin bour,2018,0.12
justin grimm,2018,-1.2400000000000002
justin haley,2018,0.05
justin hancock,2018,0.31000000000000005
justin miller,2018,0.65
justin shafer,2018,0.09
justin smoak,2018,2.46
justin turner,2018,4.87
justin upton,2018,3.73
justin verlander,2018,6.31
justin williams,2018,-0.05
justin wilson,2018,0.5599999999999999
justus sheffield,2018,-0.07
kaleb cowart,2018,-1.17
kazuhisa makita,2018,-0.38
kelby tomlinson,2018,-0.14
kelvin herrera,2018,1.7000000000000002
ken giles,2018,-0.17
kendall graveman,2018,-0.88
kendrys morales,2018,0.8
kenley jansen,2018,0.61
kenta maeda,2018,0.4
keon broxton,2018,1.73
keone kela,2018,1.48
ketel marte,2018,3.92
keury mella,2018,-0.29000000000000004
kevan smith,2018,0.47
kevin gausman,2018,3.04
kevin jepsen,2018,-0.29
kevin kaczmarski,2018,-0.11
kevin kiermaier,2018,2.31
kevin kramer,2018,-0.57
kevin mccarthy,2018,1.53
kevin newman,2018,-1.0
kevin pillar,2018,2.32
kevin plawecki,2018,1.15
kevin quackenbush,2018,-0.53
kevin shackelford,2018,-0.29000000000000004
keynan middleton,2018,0.84
khris davis,2018,2.81
kirby yates,2018,2.12
koda glover,2018,0.36
kohl stewart,2018,0.66
kolby allard,2018,-0.20999999999999996
kole calhoun,2018,0.05
kolten wong,2018,3.15
kris bryant,2018,2.47
kris medlen,2018,-0.31
kristopher negron,2018,0.27
kurt suzuki,2018,2.02
kyle barraclough,2018,0.06
kyle crick,2018,1.45
kyle crockett,2018,-0.27
kyle farmer,2018,0.3
kyle freeland,2018,7.62
kyle gibson,2018,3.59
kyle hendricks,2018,2.37
kyle higashioka,2018,-0.05
kyle mcgowin,2018,-0.06
kyle mcgrath,2018,-0.02
kyle schwarber,2018,2.07
kyle seager,2018,1.33
kyle tucker,2018,-0.77
kyle wright,2018,0.02
lance lynn,2018,0.38
lance mccullers jr,2018,1.39
lane adams,2018,0.29
leonys martin,2018,1.62
leury garcia,2018,0.88
lewis brinson,2018,-1.01
liam hendriks,2018,0.21
logan forsythe,2018,-0.27
logan morrison,2018,-0.16
lonnie chisenhall,2018,0.25
lorenzo cain,2018,6.82
lou trivino,2018,1.68
louis coleman,2018,1.0
lourdes gurriel jr,2018,0.26
lucas duda,2018,0.62
lucas giolito,2018,-1.34
lucas sims,2018,-0.39
luis avilan,2018,0.42
luis castillo,2018,1.74
luis cessa,2018,-0.14
luis garcia,2018,-0.49
luis guillorme,2018,-0.08
luis ortiz,2018,-0.32
luis perdomo,2018,-0.94
luis santos,2018,-0.29
luis sardinas,2018,-0.41
luis severino,2018,3.89
luis urias,2018,0.36
luis valbuena,2018,-1.31
luiz gohara,2018,-0.27
luke bard,2018,0.01
luke farrell,2018,-0.78
luke gregerson,2018,-0.31
luke jackson,2018,-0.09999999999999999
luke maile,2018,0.95
luke voit,2018,1.49
luke weaver,2018,-0.7000000000000001
mac williamson,2018,0.4
madison bumgarner,2018,2.91
magneuris sierra,2018,-1.7
maikel franco,2018,0.26
mallex smith,2018,3.53
manny machado,2018,6.1899999999999995
manny pina,2018,0.95
manuel margot,2018,1.29
marc rzepczynski,2018,-0.51
marcell ozuna,2018,2.41
marco estrada,2018,0.43
marco gonzales,2018,2.3000000000000003
marcus semien,2018,4.17
marcus stroman,2018,0.08
marcus walden,2018,0.1
mark canha,2018,1.67
mark leiter jr,2018,-1.1800000000000002
mark melancon,2018,0.16
mark reynolds,2018,-0.12000000000000001
mark trumbo,2018,0.53
mark zagunis,2018,0.09
martin maldonado,2018,0.33999999999999997
martin perez,2018,-0.8300000000000001
martin prado,2018,-0.37
marwin gonzalez,2018,2.45
masahiro tanaka,2018,2.29
mason williams,2018,0.18
matt adams,2018,1.0699999999999998
matt albers,2018,-1.66
matt andriese,2018,-0.98
matt barnes,2018,0.97
matt belisle,2018,-0.92
matt bowman,2018,-0.52
matt bush,2018,0.25
matt carpenter,2018,4.64
matt chapman,2018,7.43
matt davidson,2018,0.67
matt den dekker,2018,-0.74
matt duffy,2018,3.15
matt festa,2018,0.24
matt grace,2018,1.1
matt hall,2018,-0.62
matt harvey,2018,0.8600000000000001
matt holliday,2018,0.13
matt joyce,2018,-0.22
matt kemp,2018,1.22
matt koch,2018,0.54
matt magill,2018,0.66
matt moore,2018,-1.04
matt olson,2018,3.97
matt reynolds,2018,-0.14
matt shoemaker,2018,0.22
matt skole,2018,0.0
matt strahm,2018,1.54
matt szczur,2018,-0.33
matt wieters,2018,0.37
matt wisler,2018,-0.009999999999999953
matthew boyd,2018,2.47
max fried,2018,0.7
max kepler,2018,3.53
max moroff,2018,0.11
max muncy,2018,4.28
max scherzer,2018,8.68
max stassi,2018,1.12
meibrys viloria,2018,-0.04
melky cabrera,2018,0.0
merandy gonzalez,2018,-0.13
michael a taylor,2018,1.38
michael brantley,2018,3.84
michael conforto,2018,2.77
michael feliz,2018,-0.93
michael fulmer,2018,1.18
michael hermosillo,2018,-0.15
michael kopech,2018,0.08
michael lorenzen,2018,2.24
michael perez,2018,0.51
michael reed,2018,-0.01
michael soroka,2018,-0.1
michael wacha,2018,1.1400000000000001
miguel almonte,2018,-0.23
miguel andujar,2018,2.78
miguel cabrera,2018,0.33
miguel castro,2018,1.22
miguel diaz,2018,-0.12
miguel gomez,2018,-0.04
miguel gonzalez,2018,-0.71
miguel montero,2018,-0.27
miguel rojas,2018,1.18
miguel sano,2018,-0.36
miguel socolovich,2018,-0.29
mike clevinger,2018,5.36
mike dunn,2018,-0.57
mike fiers,2018,4.38
mike foltynewicz,2018,3.76
mike freeman,2018,-0.1
mike gerber,2018,-0.66
mike hauschild,2018,0.13
mike leake,2018,1.43
mike marjama,2018,-0.2
mike mayers,2018,-0.049999999999999996
mike minor,2018,3.86
mike montgomery,2018,0.7
mike morin,2018,-0.04
mike moustakas,2018,2.17
mike tauchman,2018,-0.49
mike trout,2018,9.87
mike wright jr,2018,-0.19
mike zagurski,2018,-0.73
mike zunino,2018,1.84
mikie mahtook,2018,0.38
miles mikolas,2018,5.3
mitch garver,2018,1.09
mitch haniger,2018,6.52
mitch moreland,2018,1.88
mitch walding,2018,-0.22
moises sierra,2018,-0.61
mookie betts,2018,10.74
murphy smith,2018,-0.05
mychal givens,2018,0.88
myles straw,2018,0.2
nate jones,2018,0.3
nate orf,2018,-0.15
nathan eovaldi,2018,1.19
neil ramirez,2018,0.19
neil walker,2018,-0.26
nelson cruz,2018,2.9
nestor cortes,2018,-0.12
nick ahmed,2018,3.76
nick burdi,2018,-0.15
nick castellanos,2018,2.85
nick ciuffo,2018,-0.22
nick franklin,2018,-0.03
nick gardewine,2018,0.11
nick goody,2018,-0.31
nick hundley,2018,0.24
nick kingham,2018,-0.48
nick markakis,2018,2.64
nick martini,2018,1.46
nick pivetta,2018,1.8
nick rumbelow,2018,-0.11
nick tropeano,2018,0.34
nick vincent,2018,0.26
nick williams,2018,-0.55
nick wittgren,2018,0.36
nicky delmonico,2018,-0.8
niko goodrum,2018,0.85
noah syndergaard,2018,3.72
noe ramirez,2018,0.33
noel cuevas,2018,-1.4
nolan arenado,2018,6.32
nolan fontana,2018,0.16
nomar mazara,2018,0.59
odrisamer despaigne,2018,-1.1
odubel herrera,2018,0.47
oliver drake,2018,-0.14000000000000007
oliver perez,2018,1.29
omar narvaez,2018,1.65
orlando arcia,2018,0.44
osmer morales,2018,0.06
ozzie albies,2018,4.1
pablo lopez,2018,0.7699999999999999
pablo reyes,2018,0.29
pablo sandoval,2018,0.06
parker bridwell,2018,-0.51
pat neshek,2018,0.69
pat valaika,2018,-1.65
pat venditte,2018,0.2
patrick corbin,2018,4.57
patrick kivlehan,2018,0.15
patrick wisdom,2018,0.47
paul blackburn,2018,-0.66
paul dejong,2018,2.88
paul fry,2018,0.23
paul goldschmidt,2018,5.77
paul sewald,2018,-1.09
paulo orlando,2018,-0.57
pedro alvarez,2018,-0.08
pedro araujo,2018,-0.51
pedro baez,2018,0.71
pedro florimon,2018,-0.32999999999999996
pedro severino,2018,-1.21
pedro strop,2018,1.79
pete kozma,2018,0.33
peter bourjos,2018,0.04
peter moylan,2018,-0.02
peter obrien,2018,0.59
phil ervin,2018,-0.53
phil gosselin,2018,-0.2
phil hughes,2018,-0.35
phil maton,2018,-0.11
phillip evans,2018,-0.22
pierce johnson,2018,-0.31
pj conlon,2018,-0.18000000000000002
preston guilmet,2018,-0.47
preston tucker,2018,-0.29000000000000004
rafael bautista,2018,-0.19
rafael devers,2018,0.41
rafael lopez,2018,0.14
rafael ortega,2018,-0.49
raimel tapia,2018,-0.02
raisel iglesias,2018,2.08
rajai davis,2018,-0.41
ramon laureano,2018,2.23
ramon torres,2018,-0.24
randal grichuk,2018,2.52
randall delgado,2018,-0.06
randy rosario,2018,0.1
ranger suarez,2018,-0.21999999999999997
ray black,2018,-0.38
reese mcguire,2018,0.26
renato nunez,2018,1.42
rene rivera,2018,0.26
rex brothers,2018,0.0
reyes moronta,2018,1.72
reymin guduan,2018,0.06
reynaldo lopez,2018,3.0900000000000003
rhiner cruz,2018,0.08
rhys hoskins,2018,1.19
ricardo rodriguez,2018,0.1
rich hill,2018,1.29
richard bleier,2018,1.5
richard rodriguez,2018,1.68
richard urena,2018,0.46
rick porcello,2018,2.6500000000000004
rio ruiz,2018,0.08
rob refsnyder,2018,-0.09
rob scahill,2018,-0.08
rob whalen,2018,0.2
rob zastryzny,2018,-0.07
robbie erlin,2018,0.29000000000000004
robbie grossman,2018,1.61
robbie ray,2018,0.98
robby scott,2018,-0.29
robert gsellman,2018,-0.37
robert stephenson,2018,-0.41
robert stock,2018,0.6
roberto gomez,2018,-0.5
roberto osuna,2018,1.28
roberto perez,2018,-0.58
robinson cano,2018,3.34
robinson chirinos,2018,1.78
rocky gale,2018,-0.05
roenis elias,2018,1.0
roman quinn,2018,0.47
ronald acuna jr,2018,3.87
ronald guzman,2018,0.56
ronald torreyes,2018,0.23
ronny rodriguez,2018,-1.38
rosell herrera,2018,0.41
ross detwiler,2018,0.07
ross stripling,2018,2.44
rougned odor,2018,2.57
rowan wick,2018,-0.18
rowdy tellez,2018,0.48
russell martin,2018,1.31
ryan borucki,2018,1.54
ryan brasier,2018,1.43
ryan braun,2018,0.85
ryan buchter,2018,0.44
ryan burr,2018,-0.18
ryan carpenter,2018,-0.34
ryan cook,2018,-0.08
ryan cordell,2018,-0.73
ryan dull,2018,0.18
ryan flaherty,2018,-0.98
ryan goins,2018,0.16
ryan lamarre,2018,0.42
ryan lavarnway,2018,0.19
ryan madson,2018,-0.8300000000000001
ryan mcmahon,2018,0.3
ryan meisinger,2018,-0.1
ryan ohearn,2018,0.84
ryan pressly,2018,2.0700000000000003
ryan rua,2018,-0.96
ryan schimpf,2018,0.14
ryan sherriff,2018,-0.09
ryan tepera,2018,1.22
ryan weber,2018,-0.24000000000000002
ryan yarbrough,2018,1.1099999999999999
ryan zimmerman,2018,1.58
ryder jones,2018,0.23
ryne stanek,2018,1.23
ryon healy,2018,-0.53
sal romano,2018,-0.49
salvador perez,2018,2.21
sam dyson,2018,1.45
sam freeman,2018,-0.05
sam gaviglio,2018,0.45
sam howard,2018,0.09
sam travis,2018,0.1
sam tuivailala,2018,0.41000000000000003
sammy solis,2018,-0.69
sandy alcantara,2018,0.51
sandy baez,2018,-0.18
sandy leon,2018,-0.59
santiago casilla,2018,0.5
scooter gennett,2018,2.98
scott alexander,2018,0.27
scott barlow,2018,0.24
scott copeland,2018,0.06
scott kingery,2018,-0.8
scott oberg,2018,2.22
scott schebler,2018,0.94
sean doolittle,2018,2.34
sean gilmartin,2018,0.71
sean manaea,2018,2.95
sean newcomb,2018,1.46
sean reidfoley,2018,-0.18000000000000002
sean rodriguez,2018,-0.53
seranthony dominguez,2018,2.17
sergio romo,2018,0.22
seth lugo,2018,2.06
seunghwan oh,2018,2.29
shane bieber,2018,1.2000000000000002
shane carle,2018,1.04
shane greene,2018,-0.28
shane robinson,2018,0.11
shawn armstrong,2018,0.64
shawn kelley,2018,1.03
shelby miller,2018,-1.12
sherman johnson,2018,-0.19
shinsoo choo,2018,2.78
shohei ohtani,2018,4.05
silvino bracho,2018,0.37
socrates brito,2018,-0.26
sonny gray,2018,0.14
spencer kieboom,2018,0.41
spencer turnbull,2018,-0.06
starlin castro,2018,1.78
starling marte,2018,3.89
stephen gonsalves,2018,-0.65
stephen piscotty,2018,2.97
stephen strasburg,2018,2.3499999999999996
stephen tarpley,2018,0.16
steve cishek,2018,1.95
steve pearce,2018,1.52
steven baron,2018,-0.04
steven brault,2018,-0.12000000000000001
steven duggar,2018,0.93
steven matz,2018,1.6099999999999999
steven okert,2018,0.26
steven souza jr,2018,-0.52
steven wright,2018,1.43
stevie wilkerson,2018,-0.06
taijuan walker,2018,0.16999999999999998
tanner anderson,2018,-0.34
tanner rainey,2018,-0.99
tanner roark,2018,2.66
tanner scott,2018,-0.14
taylor cole,2018,0.85
taylor davis,2018,0.0
taylor guerrieri,2018,0.06
taylor motter,2018,0.010000000000000012
taylor rogers,2018,2.03
taylor ward,2018,-0.24
taylor williams,2018,-0.37
tayron guerrero,2018,-0.95
teoscar hernandez,2018,0.5
terrance gore,2018,0.25
thomas pannone,2018,0.71
thyago vieira,2018,-0.3
tim anderson,2018,3.88
tim beckham,2018,0.16
tim collins,2018,0.19
tim federowicz,2018,-0.04999999999999999
tim hill,2018,-0.14
tim locastro,2018,0.1
tim mayza,2018,0.73
tim peterson,2018,-0.42000000000000004
tj mcfarland,2018,1.49
todd frazier,2018,2.66
tom murphy,2018,-0.26
tomas nido,2018,-0.53
tomas telis,2018,-0.15
tommy hunter,2018,1.27
tommy kahnle,2018,-0.91
tommy la stella,2018,0.08
tommy milone,2018,-0.16999999999999998
tommy pham,2018,3.33
tony barnette,2018,0.46
tony cingrani,2018,-0.17
tony cruz,2018,-0.18
tony kemp,2018,0.55
tony renda,2018,0.01
tony sipp,2018,1.28
tony watson,2018,2.0
tony wolters,2018,0.45
touki toussaint,2018,0.31
travis darnaud,2018,-0.07
travis jankowski,2018,1.24
travis shaw,2018,4.46
trayce thompson,2018,-0.99
trea turner,2018,4.87
trevor bauer,2018,6.0
trevor cahill,2018,1.41
trevor gott,2018,-0.23
trevor hildenberger,2018,-0.75
trevor may,2018,0.53
trevor oaks,2018,-0.2
trevor plouffe,2018,0.01
trevor richards,2018,0.88
trevor story,2018,6.26
trevor williams,2018,3.73
trey mancini,2018,0.67
trey wingenter,2018,0.13
troy scribner,2018,0.0
tucker barnhart,2018,0.78
ty blach,2018,0.12
ty buttrey,2018,0.23
ty kelly,2018,-0.19
tyler anderson,2018,2.37
tyler austin,2018,0.6000000000000001
tyler bashlor,2018,0.01
tyler beede,2018,-0.29000000000000004
tyler chatwood,2018,-0.35
tyler clippard,2018,1.27
tyler cloyd,2018,-0.39
tyler danish,2018,-0.22
tyler duffey,2018,-0.82
tyler flowers,2018,0.68
tyler glasnow,2018,0.6499999999999999
tyler kinley,2018,-0.47
tyler lyons,2018,-0.93
tyler mahle,2018,0.21000000000000002
tyler naquin,2018,0.48
tyler olson,2018,-0.04
tyler oneill,2018,1.19
tyler saladino,2018,0.29000000000000004
tyler skaggs,2018,1.78
tyler thornburg,2018,-0.12
tyler wade,2018,-0.14
tyler webb,2018,-0.47000000000000003
tyler white,2018,1.22
tyson ross,2018,1.4300000000000002
tzuwei lin,2018,0.05
victor alcantara,2018,0.96
victor arano,2018,1.85
victor caratini,2018,0.09999999999999999
victor martinez,2018,-1.3
victor reyes,2018,-1.24
victor robles,2018,0.53
vidal nuno iii,2018,1.0899999999999999
vince velasquez,2018,1.5699999999999998
wade davis,2018,0.88
wade leblanc,2018,2.3000000000000003
wade miley,2018,1.45
walker buehler,2018,3.69
walker lockett,2018,-0.61
wander suero,2018,0.61
wandy peralta,2018,-0.5800000000000001
warwick saupold,2018,0.37
weiyin chen,2018,0.19
welington castillo,2018,0.45
wes parsons,2018,-0.09
whit merrifield,2018,4.53
wil myers,2018,2.06
will harris,2018,0.65
will smith,2018,1.09
william cuevas,2018,-0.32
williams jerez,2018,-0.56
willians astudillo,2018,0.66
willie calhoun,2018,-0.7
willson contreras,2018,3.03
willy adames,2018,1.04
wilmer difo,2018,-0.21
wilmer flores,2018,0.86
wilmer font,2018,0.1299999999999999
wilson ramos,2018,2.51
wily peralta,2018,0.6
xander bogaerts,2018,4.86
xavier cedeno,2018,0.94
yacksel rios,2018,-0.51
yadiel rivera,2018,-0.71
yadier molina,2018,1.38
yairo munoz,2018,0.4
yan gomes,2018,2.63
yandy diaz,2018,0.25
yangervis solarte,2018,-0.37
yasiel puig,2018,2.43
yasmani grandal,2018,3.46
yefry ramirez,2018,0.039999999999999994
yency almonte,2018,0.38
yimi garcia,2018,-0.64
yoan lopez,2018,0.14
yoan moncada,2018,1.29
yoenis cespedes,2018,0.75
yohander mendez,2018,0.07
yolmer sanchez,2018,2.32
yonder alonso,2018,1.53
yonny chirinos,2018,1.06
yoshihisa hirano,2018,1.23
yovani gallardo,2018,0.009999999999999953
yu darvish,2018,-0.16999999999999998
yuli gurriel,2018,2.66
yusmeiro petit,2018,1.82
zac curtis,2018,-0.020000000000000018
zac reininger,2018,-0.32
zac rosscup,2018,0.01
zach davies,2018,-0.39
zach duke,2018,0.08000000000000002
zach eflin,2018,1.48
zach mcallister,2018,-0.61
zach neal,2018,-0.03
zach vincej,2018,-0.04
zack britton,2018,0.5900000000000001
zack cozart,2018,-0.14
zack godley,2018,-1.1500000000000001
zack greinke,2018,4.63
zack littell,2018,-0.49
zack weiss,2018,0.0
zack wheeler,2018,3.79
aaron altherr,2019,-0.75
aaron barrett,2019,-0.17
aaron brooks,2019,0.1
aaron bummer,2019,2.74
aaron civale,2019,1.53
aaron hicks,2019,1.25
aaron judge,2019,5.58
aaron loup,2019,0.17
aaron nola,2019,3.88
aaron sanchez,2019,-0.5700000000000001
aaron slegers,2019,0.04
aaron wilkerson,2019,-0.09
abiatal avelino,2019,-0.04
abraham almonte,2019,0.49
abraham toro,2019,0.3
adalberto mejia,2019,-0.47000000000000003
adalberto mondesi,2019,2.03
adam cimber,2019,0.08
adam conley,2019,-1.06
adam duvall,2019,0.69
adam eaton,2019,1.82
adam engel,2019,0.84
adam frazier,2019,2.39
adam haseley,2019,1.76
adam jones,2019,-0.7
adam kolarek,2019,0.77
adam morgan,2019,0.31
adam ottavino,2019,2.26
adam plutko,2019,0.33999999999999997
adam wainwright,2019,1.94
adam warren,2019,-0.19
adbert alzolay,2019,-0.26
addison russell,2019,0.67
adeiny hechavarria,2019,0.75
adonis rosa,2019,0.01
adrian houser,2019,1.9299999999999997
adrian morejon,2019,-0.3
adrian sampson,2019,1.24
adrian sanchez,2019,-0.11
aj cole,2019,-0.11
aj minter,2019,-0.69
aj pollock,2019,0.04
aj puk,2019,0.22
aj reed,2019,-0.51
albert almora,2019,-0.72
albert pujols,2019,0.2
alec mills,2019,0.8999999999999999
aledmys diaz,2019,1.06
alen hanson,2019,-0.49
alex avila,2019,1.24
alex blandino,2019,0.17
alex bregman,2019,8.94
alex claudio,2019,0.69
alex cobb,2019,-0.43
alex colome,2019,0.91
alex dickerson,2019,0.52
alex gordon,2019,0.93
alex jackson,2019,-0.34
alex mcrae,2019,-0.9500000000000001
alex reyes,2019,-0.38
alex verdugo,2019,2.93
alex wilson,2019,-0.55
alex wood,2019,-0.12000000000000001
alex young,2019,0.5
allen webster,2019,-0.08
amed rosario,2019,2.74
amir garrett,2019,1.39
andrelton simmons,2019,1.44
andres munoz,2019,0.24
andrew benintendi,2019,1.74
andrew cashner,2019,2.17
andrew chafin,2019,0.73
andrew heaney,2019,1.25
andrew kittredge,2019,0.32
andrew knapp,2019,0.09
andrew knizner,2019,0.16
andrew mccutchen,2019,1.74
andrew miller,2019,-0.49
andrew moore,2019,-0.06
andrew stevenson,2019,0.24
andrew suarez,2019,-0.28
andrew vasquez,2019,0.0
andrew velazquez,2019,-0.18
anibal sanchez,2019,2.84
anthony alford,2019,-0.03
anthony banda,2019,-0.04
anthony bass,2019,0.9
anthony bemboom,2019,-0.54
anthony desclafani,2019,2.96
anthony kay,2019,0.02
anthony rendon,2019,7.25
anthony rizzo,2019,4.42
anthony santander,2019,1.65
anthony swarzak,2019,0.12
antonio senzatela,2019,-1.28
aramis garcia,2019,-0.34
archie bradley,2019,0.95
ariel jurado,2019,-0.08
aristides aquino,2019,1.15
arodys vizcaino,2019,0.15
aroldis chapman,2019,1.61
art warren,2019,0.26
asdrubal cabrera,2019,0.74
asher wojciechowski,2019,1.3
austen williams,2019,-0.27
austin adams,2019,0.6
austin allen,2019,-0.35
austin barnes,2019,0.24
austin brice,2019,0.47
austin davis,2019,-0.11
austin dean,2019,-1.36
austin hays,2019,0.76
austin hedges,2019,-0.76
austin meadows,2019,4.0
austin nola,2019,1.33
austin pruitt,2019,0.29
austin riley,2019,-0.06
austin romine,2019,0.61
austin slater,2019,0.66
austin voth,2019,1.0799999999999998
austin wynns,2019,0.24
avisail garcia,2019,2.3
beau taylor,2019,0.010000000000000002
ben gamel,2019,0.63
ben heller,2019,0.25
ben lively,2019,-0.12
ben zobrist,2019,-0.27
billy hamilton,2019,0.36
billy mckinney,2019,0.48
blaine hardy,2019,0.57
blake parker,2019,0.27
blake snell,2019,1.36
blake swihart,2019,-0.95
blake treinen,2019,-0.16
bo bichette,2019,2.34
bobby bradley,2019,-0.3
bobby poyner,2019,-0.15
bobby wilson,2019,-0.65
brad boxberger,2019,0.01
brad brach,2019,-0.12999999999999995
brad hand,2019,1.17
brad keller,2019,3.04
brad miller,2019,1.44
brad peacock,2019,1.1
brad wieck,2019,-0.4000000000000001
braden bishop,2019,-0.27
bradley zimmer,2019,-0.21
brady lail,2019,-0.18
brady rodgers,2019,-0.3
branden kline,2019,-0.12
brandon belt,2019,0.75
brandon brennan,2019,0.36
brandon crawford,2019,-0.54
brandon dixon,2019,-0.28
brandon drury,2019,-0.72
brandon kintzler,2019,1.56
brandon lowe,2019,2.86
brandon nimmo,2019,0.97
brandon woodruff,2019,3.52
brandon workman,2019,3.06
brendan mckay,2019,-0.11
brendan rodgers,2019,-0.56
brent suter,2019,1.01
brett anderson,2019,3.06
brett gardner,2019,4.25
brett martin,2019,0.66
brett phillips,2019,0.29
breyvic valera,2019,0.13
brian anderson,2019,3.24
brian dozier,2019,1.27
brian flynn,2019,-0.04
brian goodwin,2019,2.19
brian johnson,2019,-0.30000000000000004
brian mccann,2019,0.15
brian moran,2019,0.07
brian ogrady,2019,0.14
brian schlitter,2019,0.12
brock burke,2019,-0.1
brock holt,2019,1.61
brock stewart,2019,-0.8799999999999999
brooks pounders,2019,-0.04
brusdar graterol,2019,0.06
bryan abreu,2019,0.3
bryan garcia,2019,-0.42
bryan holaday,2019,0.34
bryan reynolds,2019,4.23
bryan shaw,2019,0.25
bryce harper,2019,4.49
bryse wilson,2019,-0.39
bubba starling,2019,-1.07
buck farmer,2019,1.56
buddy boshers,2019,0.22
burch smith,2019,-0.06
buster posey,2019,0.75
byron buxton,2019,2.96
cal quantrill,2019,0.39
caleb ferguson,2019,-0.15999999999999998
caleb frare,2019,-0.1
caleb joseph,2019,0.03
caleb smith,2019,1.8900000000000001
cam bedrosian,2019,0.8
cam gallagher,2019,0.13
cameron maybin,2019,1.6
carl edwards jr,2019,-0.48
carlos carrasco,2019,0.12
carlos correa,2019,3.76
carlos estevez,2019,1.26
carlos gomez,2019,-0.31
carlos gonzalez,2019,-0.52
carlos martinez,2019,0.8
carlos rodon,2019,0.04
carlos santana,2019,4.69
carlos torres,2019,-0.02
carson fulmer,2019,-0.48
carson kelly,2019,1.54
carter kieboom,2019,-0.89
casey sadler,2019,0.76
cavan biggio,2019,3.07
cc sabathia,2019,0.4
cedric mullins,2019,-0.55
cesar hernandez,2019,1.9
cesar puello,2019,1.01
chad bettis,2019,-0.41
chad green,2019,0.45
chad pinder,2019,1.67
chad sobotka,2019,-0.42000000000000004
chad wallach,2019,0.12
chance adams,2019,-0.71
chance sisco,2019,-0.02
chandler shepherd,2019,-0.11
charlie blackmon,2019,2.34
charlie culberson,2019,-0.06
charlie morton,2019,4.87
charlie tilson,2019,-0.68
chase anderson,2019,1.9
chase de jong,2019,-0.12
chasen bradford,2019,0.07
chasen shreve,2019,-0.06999999999999999
chaz roe,2019,-0.02
cheslor cuthbert,2019,-0.96
chi chi gonzalez,2019,0.24000000000000005
chris archer,2019,0.83
chris bassitt,2019,2.07
chris davis,2019,-1.1300000000000001
chris devenski,2019,-0.11
chris ellis,2019,0.04
chris flexen,2019,-0.32
chris herrmann,2019,-0.27
chris iannetta,2019,-0.52
chris martin,2019,1.59
chris mazza,2019,-0.07
chris owings,2019,-1.2600000000000002
chris paddack,2019,2.73
chris rusin,2019,-0.25
chris sale,2019,2.12
chris shaw,2019,-0.52
chris stratton,2019,-0.07999999999999996
chris taylor,2019,1.57
christian arroyo,2019,0.08
christian colon,2019,0.15
christian vazquez,2019,2.18
christian walker,2019,2.72
christian yelich,2019,7.12
christin stewart,2019,-0.32
cionel perez,2019,-0.49
cj cron,2019,1.57
clay buchholz,2019,-0.51
clay holmes,2019,-0.48
clayton kershaw,2019,3.38
clayton richard,2019,-0.28
clint frazier,2019,-0.14
cody allen,2019,-0.12
cody anderson,2019,-0.63
cody bellinger,2019,8.69
cody reed,2019,0.21
cody stashak,2019,0.46
cole hamels,2019,2.64
cole irvin,2019,-0.24
cole sulser,2019,0.29
cole tucker,2019,0.17
colin moran,2019,-1.04
colin poche,2019,0.01
collin mchugh,2019,0.26
colten brewer,2019,0.78
conner menez,2019,0.019999999999999997
connor joe,2019,-0.21
connor sadzeck,2019,0.39
corban joseph,2019,-0.62
corbin burnes,2019,-2.1300000000000003
corbin martin,2019,-0.22
corey dickerson,2019,0.81
corey kluber,2019,-0.38
corey oswalt,2019,-0.41
corey seager,2019,2.89
cory gearrin,2019,0.8
cory spangenberg,2019,0.56
craig kimbrel,2019,-0.59
craig stammen,2019,1.07
cristhian adames,2019,0.22
curt casali,2019,1.25
curtis granderson,2019,-0.48
cy sneed,2019,-0.09
dakota hudson,2019,1.83
dallas keuchel,2019,2.17
dan altavilla,2019,-0.01
dan jennings,2019,-0.46
dan otero,2019,-0.02
dan straily,2019,-1.36
dan winkler,2019,-0.21000000000000002
daniel descalso,2019,-0.99
daniel hudson,2019,1.76
daniel mengden,2019,0.38
daniel murphy,2019,0.65
daniel norris,2019,3.07
daniel palka,2019,-1.55
daniel ponce de leon,2019,0.48000000000000004
daniel robertson,2019,-0.24999999999999997
daniel stumpf,2019,0.29
daniel vogelbach,2019,1.07
daniel zamora,2019,-0.01
danny duffy,2019,2.19
danny hultzen,2019,0.19
danny jansen,2019,1.03
danny mendick,2019,0.44
danny salazar,2019,0.09
danny santana,2019,1.86
dansby swanson,2019,1.02
dario agrazal,2019,0.5499999999999999
darren oday,2019,0.19
darwinzon hernandez,2019,0.12
david bednar,2019,-0.15
david bote,2019,1.95
david carpenter,2019,-0.08
david dahl,2019,0.69
david fletcher,2019,3.71
david freese,2019,1.46
david freitas,2019,-0.23
david hale,2019,0.81
david hernandez,2019,-1.77
david hess,2019,-1.22
david mckay,2019,0.14
david peralta,2019,1.79
david phelps,2019,0.5900000000000001
david price,2019,1.59
david robertson,2019,-0.03
dawel lugo,2019,-0.96
dee strangegordon,2019,1.22
deivy grullon,2019,-0.15
delino deshields,2019,1.24
dellin betances,2019,0.04
dennis santana,2019,-0.05
deolis guerra,2019,-0.16
dereck rodriguez,2019,-1.17
derek dietrich,2019,1.1
derek fisher,2019,0.12
derek holland,2019,-1.0799999999999998
derek law,2019,-0.04
deven marrero,2019,-0.02
devin smeltzer,2019,0.84
devin williams,2019,-0.06999999999999999
dexter fowler,2019,1.48
didi gregorius,2019,0.35
diego castillo,2019,0.45
dillon maples,2019,-0.01
dillon peters,2019,0.12
dillon tate,2019,-0.21
dinelson lamet,2019,0.59
dj johnson,2019,0.17
dj lemahieu,2019,5.57
dj stewart,2019,-0.44
dom nunez,2019,-0.14
domingo german,2019,1.94
domingo leyba,2019,0.15
domingo santana,2019,0.45
dominic leone,2019,-0.44
dominic smith,2019,0.64
donnie hart,2019,0.30999999999999994
donovan solano,2019,1.54
donovan walton,2019,0.02
dovydas neverauskas,2019,-0.37
drew anderson,2019,-0.13
drew butera,2019,-0.38
drew gagnon,2019,-1.08
drew jackson,2019,-0.03
drew pomeranz,2019,0.5399999999999999
drew robinson,2019,-0.09
drew smyly,2019,-0.43
drew steckenrider,2019,-0.21
drew verhagen,2019,0.03
duane underwood jr,2019,-0.03
dustin garneau,2019,0.88
dustin may,2019,-0.1
dustin pedroia,2019,-0.56
dustin peterson,2019,-0.59
dwight smith jr,2019,-0.44
dylan bundy,2019,2.1
dylan cease,2019,-0.26
dylan covey,2019,-1.34
dylan cozens,2019,-0.03
dylan floro,2019,-0.37
dylan moore,2019,0.22000000000000003
eddie rosario,2019,1.59
edgar garcia,2019,-0.18
edinson volquez,2019,0.08
edmundo sosa,2019,0.01
eduardo escobar,2019,3.7
eduardo jimenez,2019,0.06
eduardo nunez,2019,-1.53
eduardo rodriguez,2019,5.460000000000001
edubray ramos,2019,-0.13
edwin diaz,2019,-0.57
edwin encarnacion,2019,2.88
edwin jackson,2019,-2.41
edwin rios,2019,0.33
ehire adrianza,2019,0.86
elias diaz,2019,-1.12
elieser hernandez,2019,0.28
eloy jimenez,2019,1.56
elvis andrus,2019,1.38
elvis luciano,2019,0.060000000000000005
emilio pagan,2019,2.27
emmanuel clase,2019,0.92
ender inciarte,2019,0.51
enderson franco,2019,0.12
enrique hernandez,2019,1.88
enyel de los santos,2019,-0.19
erasmo ramirez,2019,-0.09
eric haase,2019,-0.19
eric hosmer,2019,-0.39
eric lauer,2019,1.1400000000000001
eric skoglund,2019,-0.44
eric sogard,2019,3.0700000000000003
eric stamets,2019,-0.71
eric thames,2019,1.34
eric yardley,2019,0.18
erick fedde,2019,0.77
erick mejia,2019,-0.02
erik gonzalez,2019,0.52
erik kratz,2019,-0.52
erik swanson,2019,-0.36000000000000004
ervin santana,2019,-0.42
eugenio suarez,2019,3.49
evan longoria,2019,2.21
evan marshall,2019,1.71
evan phillips,2019,-0.1
felipe vazquez,2019,2.8800000000000003
felix hernandez,2019,-0.79
felix pena,2019,0.96
fernando abad,2019,0.17
fernando rodney,2019,-0.24
fernando romero,2019,-0.2
fernando salas,2019,-0.03
fernando tatis jr,2019,3.95
framber valdez,2019,-0.78
franchy cordero,2019,0.17
francisco cervelli,2019,0.32
francisco lindor,2019,4.79
francisco liriano,2019,1.1
francisco mejia,2019,0.49
frank schwindel,2019,-0.19
frankie montas,2019,2.61
franklin barreto,2019,-0.51
franmil reyes,2019,0.36
freddie freeman,2019,3.79
freddy galvis,2019,3.19
freddy peralta,2019,-0.81
gabe speier,2019,-0.15
gabriel ynoa,2019,-0.11
garrett cooper,2019,1.7
garrett hampson,2019,0.27
garrett richards,2019,-0.26
garrett stubbs,2019,0.05
gary sanchez,2019,3.1
gavin lux,2019,0.5
genesis cabrera,2019,-0.51
geoff hartlieb,2019,-0.86
george springer,2019,6.46
gerardo parra,2019,1.02
gerardo reyes,2019,-0.49
german marquez,2019,3.11
gerrit cole,2019,6.53
gerson bautista,2019,-0.34
giancarlo stanton,2019,0.37
gio gonzalez,2019,1.8599999999999999
gio urshela,2019,3.79
giovanny gallegos,2019,2.15
glenn sparkman,2019,0.09
gleyber torres,2019,2.91
gordon beckham,2019,-1.26
gorkys hernandez,2019,-0.47
grant dayton,2019,0.2
grayson greiner,2019,-0.63
greg allen,2019,0.37
greg bird,2019,-0.28
greg garcia,2019,0.91
greg holland,2019,0.06
gregory polanco,2019,-0.54
gregory soto,2019,0.43000000000000005
griffin canning,2019,1.3
guillermo heredia,2019,0.23
hanley ramirez,2019,-0.2
hansel robles,2019,2.82
hanser alberto,2019,3.3000000000000003
harold castro,2019,-0.89
harold ramirez,2019,0.17
harrison bader,2019,2.26
harrison musgrave,2019,0.24
heath fillmyer,2019,-0.51
heath hembree,2019,0.38
hector neris,2019,1.72
hector noesi,2019,-0.71
hector rondon,2019,0.68
hector santiago,2019,-0.37
hector velazquez,2019,-0.19
hernan perez,2019,-0.16999999999999998
hoby milner,2019,-0.1
homer bailey,2019,2.26
howie kendrick,2019,2.76
huascar ynoa,2019,-0.17
humberto arteaga,2019,-0.69
hunter dozier,2019,2.68
hunter harvey,2019,0.31
hunter pence,2019,1.59
hunter renfroe,2019,2.32
hunter strickland,2019,-0.19999999999999998
hunter wood,2019,0.43999999999999995
hyun jin ryu,2019,5.3999999999999995
ian desmond,2019,-1.47
ian gibaut,2019,0.21
ian happ,2019,1.36
ian kennedy,2019,1.56
ian kinsler,2019,-0.7899999999999999
ian miller,2019,0.07
ichiro suzuki,2019,0.01
ildemaro vargas,2019,0.63
isaac galloway,2019,-0.71
isan diaz,2019,-0.93
isiah kinerfalefa,2019,-0.03
ivan nova,2019,1.8299999999999998
ja happ,2019,1.33
jace fry,2019,0.11
jace peterson,2019,0.06
jack flaherty,2019,5.86
jack mayfield,2019,0.11
jackie bradley jr,2019,2.1
jacob barnes,2019,-0.73
jacob degrom,2019,7.74
jacob nottingham,2019,0.02
jacob rhame,2019,-0.05
jacob stallings,2019,1.43
jacob waguespack,2019,0.6900000000000001
jacob webb,2019,0.9
jacoby jones,2019,-0.25
jaime barria,2019,-0.32999999999999996
jaime schultz,2019,-0.06
jairo diaz,2019,0.36
jake arrieta,2019,0.73
jake barrett,2019,-0.18
jake bauers,2019,-0.7
jake cave,2019,0.74
jake diekman,2019,0.30000000000000004
jake elmore,2019,-0.38
jake faria,2019,-0.3400000000000001
jake fraley,2019,-0.79
jake jewell,2019,-0.2
jake lamb,2019,-0.06
jake marisnick,2019,1.43
jake mcgee,2019,0.22
jake newberry,2019,0.59
jake noll,2019,-0.1
jake odorizzi,2019,3.75
jake petricka,2019,0.11
jake rogers,2019,-0.63
jakob junis,2019,1.29
jalen beeks,2019,0.15
james bourque,2019,-0.14
james hoyt,2019,0.22
james karinchak,2019,0.13
james marvel,2019,-0.42
james mccann,2019,3.59
james norwood,2019,0.07
james paxton,2019,2.32
james pazos,2019,0.44
james sherfy,2019,-0.31000000000000005
jameson taillon,2019,0.29
jandel gustave,2019,0.29
jared hughes,2019,0.44999999999999996
jared walsh,2019,-0.16000000000000003
jarlin garcia,2019,1.3
jarrett parker,2019,-0.12
jarrod dyson,2019,1.53
jason adam,2019,0.5
jason castro,2019,0.61
jason heyward,2019,2.38
jason kipnis,2019,0.57
jason martin,2019,-0.29
jason vargas,2019,0.5699999999999998
javier baez,2019,6.65
javy guerra,2019,0.21999999999999997
jay bruce,2019,0.59
jay jackson,2019,0.18
jaylin davis,2019,-0.51
jb shuck,2019,-0.010000000000000002
jb wendelken,2019,0.42
jc ramirez,2019,0.08
jd davis,2019,1.14
jd hammer,2019,0.24
jd martinez,2019,3.47
jean segura,2019,1.87
jeanmar gomez,2019,-0.28
jed lowrie,2019,-0.15
jedd gyorko,2019,-0.49000000000000005
jeff brigham,2019,0.19
jeff hoffman,2019,0.01
jeff mathis,2019,-1.55
jeff mcneil,2019,5.16
jeff samardzija,2019,3.38
jeffrey springs,2019,0.06
jefry rodriguez,2019,0.19
jeimer candelario,2019,0.27
jerad eickhoff,2019,-0.22999999999999998
jeremy hellickson,2019,-0.38
jeremy jeffress,2019,-0.32
jeremy walker,2019,0.22
jerry blevins,2019,0.39
jesse biddle,2019,-1.09
jesse chavez,2019,0.8300000000000001
jesse hahn,2019,-0.36
jesse winker,2019,1.04
jesus aguilar,2019,-0.45999999999999996
jesus luzardo,2019,0.57
jesus sucre,2019,-0.010000000000000002
jesus tinoco,2019,0.04
jeurys familia,2019,-0.47
jhoulys chacin,2019,-0.5900000000000001
jim adduci,2019,-0.03
jiman choi,2019,2.08
jimmy cordero,2019,1.02
jimmy herget,2019,0.07
jimmy nelson,2019,-0.47
jimmy yacabonis,2019,-0.37
joakim soria,2019,0.51
joc pederson,2019,2.66
joe biagini,2019,0.21999999999999997
joe harvey,2019,0.03
joe hudson,2019,-0.03
joe jimenez,2019,0.69
joe kelly,2019,-0.5900000000000001
joe mantiply,2019,-0.09
joe musgrove,2019,1.67
joe palumbo,2019,-0.2
joe panik,2019,-0.74
joe ross,2019,-0.14
joe smith,2019,0.62
joel kuhnel,2019,0.07
joel payamps,2019,0.01
joey gallo,2019,3.07
joey lucchesi,2019,1.9699999999999998
joey rickard,2019,0.6100000000000001
joey votto,2019,1.22
joey wendle,2019,0.64
johan camargo,2019,-0.67
john brebbia,2019,0.76
john curtiss,2019,0.04
john gant,2019,0.5499999999999999
john hicks,2019,-0.41
john means,2019,4.52
john ryan murphy,2019,-0.09
john schreiber,2019,0.0
johnny cueto,2019,0.0
johnny davis,2019,-0.12
jon berti,2019,1.57
jon duplantier,2019,0.25
jon edwards,2019,0.19
jon gray,2019,3.17
jon jay,2019,-0.72
jon lester,2019,1.24
jonathan davis,2019,-0.26
jonathan hernandez,2019,0.27
jonathan holder,2019,-0.88
jonathan loaisiga,2019,0.24
jonathan lucroy,2019,-1.0499999999999998
jonathan schoop,2019,1.49
jonathan villar,2019,4.36
jonny venters,2019,-1.07
jordan hicks,2019,0.53
jordan luplow,2019,1.99
jordan lyles,2019,1.94
jordan montgomery,2019,-0.06
jordan romano,2019,-0.44
jordan yamamoto,2019,0.8200000000000001
jordan zimmermann,2019,-0.11
jordy mercer,2019,0.35
jorge alcala,2019,0.05
jorge alfaro,2019,1.1
jorge bonifacio,2019,0.09
jorge lopez,2019,-1.17
jorge polanco,2019,4.61
jorge soler,2019,3.46
jose abreu,2019,2.31
jose altuve,2019,3.74
jose alvarado,2019,-0.32
jose alvarez,2019,0.76
jose berrios,2019,3.56
jose castillo,2019,0.03
jose cisnero,2019,0.29
jose de leon,2019,0.02
jose fernandez,2019,-0.37
jose iglesias,2019,0.94
jose leclerc,2019,1.44
jose martinez,2019,-0.28
jose osuna,2019,0.06
jose peraza,2019,-1.13
jose pirela,2019,-0.05
jose quijada,2019,-0.34
jose quintana,2019,0.42000000000000004
jose ramirez,2019,3.02
jose rodriguez,2019,0.53
jose rondon,2019,-0.74
jose ruiz,2019,-0.12
jose suarez,2019,-1.06
jose trevino,2019,0.03
jose urena,2019,-0.12
jose urquidy,2019,0.5599999999999999
josh a smith,2019,-0.09
josh bell,2019,2.62
josh d smith,2019,-0.12000000000000001
josh donaldson,2019,5.28
josh hader,2019,2.75
josh harrison,2019,-1.02
josh james,2019,0.02
josh lucas,2019,-0.04
josh naylor,2019,-0.01
josh osich,2019,0.42000000000000004
josh phegley,2019,0.29
josh reddick,2019,1.34
josh rogers,2019,-0.23
josh rojas,2019,0.0
josh sborz,2019,-0.24
josh staumont,2019,-0.02
josh taylor,2019,1.27
josh tomlin,2019,1.1099999999999999
josh vanmeter,2019,0.09
joshua fuentes,2019,-0.12
jp crawford,2019,1.45
jt chargois,2019,-0.32
jt realmuto,2019,4.46
jt riddle,2019,-0.78
juan centeno,2019,-0.08
juan graterol,2019,-0.18
juan lagares,2019,-0.72
juan minaya,2019,0.4
juan nicasio,2019,-0.12
juan soto,2019,5.1
julio teheran,2019,2.8000000000000003
julio urias,2019,1.53
jung ho kang,2019,-0.32
junior fernandez,2019,-0.15
junior guerra,2019,1.52
jurickson profar,2019,-0.02
justin anderson,2019,-0.25
justin bour,2019,-0.59
justin dunn,2019,0.19999999999999998
justin miller,2019,0.15
justin shafer,2019,0.33
justin smoak,2019,0.52
justin turner,2019,3.86
justin upton,2019,-0.95
justin verlander,2019,7.34
justin wilson,2019,1.21
justus sheffield,2019,0.11
kaleb cowart,2019,-0.11
kean wong,2019,-0.13
kelvin gutierrez,2019,0.26
kelvin herrera,2019,-0.45
ken giles,2019,2.34
kendrys morales,2019,-0.72
kenley jansen,2019,0.12000000000000001
kenta maeda,2019,1.89
keon broxton,2019,-0.61
keone kela,2019,1.2
keston hiura,2019,1.82
ketel marte,2019,6.88
keury mella,2019,-0.04
kevan smith,2019,0.41
kevin cron,2019,0.05
kevin gausman,2019,-0.81
kevin ginkel,2019,0.7
kevin kiermaier,2019,2.33
kevin kramer,2019,-0.4
kevin mccarthy,2019,0.64
kevin newman,2019,3.0
kevin pillar,2019,0.28
kevin plawecki,2019,-0.039999999999999994
keynan middleton,2019,0.4
khris davis,2019,-0.22
kirby yates,2019,2.96
kohl stewart,2019,-0.19
kolby allard,2019,0.83
kole calhoun,2019,1.77
kolten wong,2019,5.39
kris bryant,2019,4.42
kristopher negron,2019,0.13
kurt suzuki,2019,0.54
kyle barraclough,2019,-0.5900000000000001
kyle bird,2019,-0.12
kyle crick,2019,-0.18
kyle dowdy,2019,-0.37
kyle farmer,2019,0.1
kyle freeland,2019,-1.1400000000000001
kyle garlick,2019,0.14
kyle gibson,2019,0.43
kyle hendricks,2019,3.4699999999999998
kyle higashioka,2019,0.04
kyle keller,2019,0.18
kyle lewis,2019,0.48
kyle mcgowin,2019,-0.47000000000000003
kyle ryan,2019,0.9500000000000001
kyle schwarber,2019,2.06
kyle seager,2019,2.89
kyle tucker,2019,0.75
kyle wright,2019,-0.5700000000000001
kyle zimmer,2019,-0.64
lamonte wade jr,2019,-0.04
lance lynn,2019,7.67
lane thomas,2019,0.48
leonys martin,2019,-0.22
leury garcia,2019,1.17
lewis brinson,2019,-2.16
lewis thorpe,2019,-0.19
liam hendriks,2019,3.66
locke st john,2019,0.06
logan allen,2019,-0.31999999999999995
logan forsythe,2019,-0.39
logan morrison,2019,-0.11
logan webb,2019,0.019999999999999997
lorenzo cain,2019,2.61
lou trivino,2019,-0.7
lourdes gurriel jr,2019,1.84
lucas duda,2019,-0.9
lucas giolito,2019,5.470000000000001
lucas sims,2019,0.43
luis arraez,2019,1.59
luis avilan,2019,0.09
luis castillo,2019,4.83
luis cessa,2019,0.45999999999999996
luis escobar,2019,-0.09
luis garcia,2019,0.28
luis guillorme,2019,0.38
luis ortiz,2019,-0.12
luis perdomo,2019,0.72
luis rengifo,2019,0.99
luis severino,2019,0.61
luis torrens,2019,0.02
luis urias,2019,0.39
luke bard,2019,0.32
luke farrell,2019,0.55
luke gregerson,2019,-0.09
luke jackson,2019,0.87
luke maile,2019,-0.46
luke voit,2019,1.42
luke weaver,2019,1.68
mac williamson,2019,-0.41000000000000003
madison bumgarner,2019,3.19
magneuris sierra,2019,0.13
maikel franco,2019,-0.27
mallex smith,2019,-0.04
manny banuelos,2019,-0.44
manny machado,2019,2.51
manny pina,2019,0.77
manuel margot,2019,1.84
marcell ozuna,2019,2.22
marco estrada,2019,-0.36
marco gonzales,2019,3.1100000000000003
marco hernandez,2019,-0.1
marcus semien,2019,8.43
marcus stroman,2019,3.8499999999999996
marcus walden,2019,1.04
mark canha,2019,4.27
mark melancon,2019,1.05
mark reynolds,2019,-1.1300000000000001
mark trumbo,2019,-0.28
mark zagunis,2019,-0.1
martin maldonado,2019,1.2200000000000002
martin perez,2019,0.49
martin prado,2019,-1.43
marwin gonzalez,2019,1.96
masahiro tanaka,2019,1.9
mason williams,2019,-0.08
matt adams,2019,0.62
matt albers,2019,-0.11
matt andriese,2019,-0.04
matt barnes,2019,1.16
matt beaty,2019,0.19
matt bowman,2019,0.35
matt carasiti,2019,-0.03
matt carpenter,2019,1.2
matt chapman,2019,7.27
matt duffy,2019,0.04
matt festa,2019,-0.11
matt grace,2019,-0.61
matt hall,2019,-0.34
matt harvey,2019,-0.48
matt joyce,2019,0.84
matt kemp,2019,-1.02
matt koch,2019,-0.62
matt magill,2019,0.03999999999999998
matt moore,2019,0.74
matt olson,2019,5.07
matt ramsey,2019,0.04
matt shoemaker,2019,1.14
matt skole,2019,-0.68
matt strahm,2019,1.3199999999999998
matt thaiss,2019,0.32
matt wieters,2019,0.5
matt wisler,2019,-0.43
matt wotherspoon,2019,-0.41
matthew boyd,2019,3.82
mauricio dubon,2019,0.5499999999999999
max fried,2019,3.32
max kepler,2019,4.02
max moroff,2019,-0.37
max muncy,2019,5.26
max scherzer,2019,5.3
max stassi,2019,-1.54
meibrys viloria,2019,-0.16
melky cabrera,2019,-1.18
merrill kelly,2019,0.59
michael a taylor,2019,-0.1
michael blazek,2019,-0.03
michael brantley,2019,4.94
michael chavis,2019,0.88
michael conforto,2019,3.55
michael feliz,2019,0.66
michael hermosillo,2019,0.02
michael king,2019,0.03
michael lorenzen,2019,2.62
michael perez,2019,0.29
michael pineda,2019,2.56
michael reed,2019,-0.32
michael soroka,2019,5.909999999999999
michael wacha,2019,0.15
michel baez,2019,0.65
miguel andujar,2019,-1.17
miguel cabrera,2019,-0.03
miguel castro,2019,0.51
miguel del pozo,2019,-0.48
miguel diaz,2019,-0.09999999999999999
miguel rojas,2019,0.78
miguel sano,2019,2.65
mike brosseau,2019,0.31999999999999995
mike clevinger,2019,4.17
mike dunn,2019,-0.29
mike fiers,2019,3.36
mike foltynewicz,2019,0.72
mike ford,2019,0.9400000000000001
mike freeman,2019,1.3699999999999999
mike gerber,2019,-0.54
mike leake,2019,1.08
mike mayers,2019,-0.31
mike minor,2019,7.84
mike montgomery,2019,0.34
mike morin,2019,-0.13
mike moustakas,2019,2.78
mike shawaryn,2019,-0.6
mike tauchman,2019,3.94
mike trout,2019,7.85
mike wright jr,2019,-0.5700000000000001
mike yastrzemski,2019,2.56
mike zunino,2019,-0.22
mikie mahtook,2019,-0.42
miles mikolas,2019,1.5499999999999998
mitch garver,2019,4.12
mitch haniger,2019,1.58
mitch keller,2019,-1.06
mitch moreland,2019,1.21
mitch walding,2019,-0.05
montana durapau,2019,-0.75
mookie betts,2019,7.23
mychal givens,2019,0.55
myles straw,2019,0.96
nate jones,2019,0.2
nate karns,2019,0.26
nathan eovaldi,2019,-0.09
nathaniel lowe,2019,0.51
neil ramirez,2019,-0.19
neil walker,2019,0.42
nelson cruz,2019,4.39
nestor cortes,2019,-0.35
nick ahmed,2019,3.95
nick anderson,2019,1.45
nick burdi,2019,-0.44
nick castellanos,2019,2.75
nick ciuffo,2019,-0.07
nick dini,2019,-0.02
nick goody,2019,0.41
nick hundley,2019,-0.35
nick kingham,2019,-1.05
nick margevicius,2019,-0.74
nick markakis,2019,0.79
nick martini,2019,-0.10999999999999999
nick pivetta,2019,-0.66
nick ramirez,2019,0.98
nick rumbelow,2019,-0.32
nick senzel,2019,0.1
nick solak,2019,0.7
nick tropeano,2019,-0.44
nick vincent,2019,0.30999999999999994
nick williams,2019,-1.17
nick wittgren,2019,1.0
nicky delmonico,2019,-0.5
nicky lopez,2019,-0.17
nico hoerner,2019,0.28
niko goodrum,2019,1.5
noah syndergaard,2019,2.0500000000000003
noe ramirez,2019,1.09
noel cuevas,2019,0.04
nolan arenado,2019,7.1
nomar mazara,2019,0.96
odrisamer despaigne,2019,-0.28
odubel herrera,2019,-0.47
oliver drake,2019,1.23
oliver perez,2019,0.4
omar narvaez,2019,2.3
orlando arcia,2019,-0.88
oscar mercado,2019,2.24
ozzie albies,2019,4.63
pablo lopez,2019,0.6900000000000001
pablo reyes,2019,-0.86
pablo sandoval,2019,1.4000000000000001
parker markel,2019,-0.41
pat neshek,2019,-0.11
pat valaika,2019,-0.47
pat venditte,2019,-0.17
patrick corbin,2019,4.83
patrick sandoval,2019,0.52
patrick wisdom,2019,-0.25
paul blackburn,2019,-0.51
paul dejong,2019,5.24
paul fry,2019,-0.24
paul goldschmidt,2019,2.55
paul sewald,2019,0.09000000000000001
pedro araujo,2019,-0.08
pedro avila,2019,0.26
pedro baez,2019,0.45
pedro payano,2019,-0.060000000000000005
pedro severino,2019,1.03
pedro strop,2019,-0.07
pete alonso,2019,5.41
pete fairbanks,2019,-0.66
peter bourjos,2019,-0.33
peter lambert,2019,-0.38000000000000006
peter obrien,2019,-0.72
phil ervin,2019,0.87
phil gosselin,2019,-0.39
phil maton,2019,-0.38999999999999996
phillip diehl,2019,-0.08
phillips valdez,2019,0.4
rafael devers,2019,5.42
rafael montero,2019,1.2
rafael ortega,2019,-0.42
raimel tapia,2019,-0.43
raisel iglesias,2019,0.99
rajai davis,2019,-0.07
ramon laureano,2019,3.45
randal grichuk,2019,0.79
randy arozarena,2019,0.29
randy dobnak,2019,0.69
randy rosario,2019,0.02999999999999997
rangel ravelo,2019,-0.15
ranger suarez,2019,0.81
raudy read,2019,-0.23
ray black,2019,0.05
reed garrett,2019,-0.21
reese mcguire,2019,0.97
reggie mcclain,2019,-0.04
renato nunez,2019,0.41
rene rivera,2019,-0.09
reyes moronta,2019,1.45
reymin guduan,2019,-0.37
reynaldo lopez,2019,0.25
rhys hoskins,2019,1.87
ricardo pinto,2019,-0.12
rich hill,2019,1.27
richard bleier,2019,0.19
richard lovelady,2019,-0.31
richard rodriguez,2019,0.86
richard urena,2019,0.020000000000000018
richie martin,2019,-0.95
rick porcello,2019,0.74
rico garcia,2019,-0.18
rio ruiz,2019,0.16
rj alaniz,2019,-0.38
rob brantly,2019,-0.03
robbie erlin,2019,-0.45
robbie grossman,2019,1.03
robbie ray,2019,1.03
robby scott,2019,0.01
robel garcia,2019,0.03
robert dugger,2019,-0.64
robert gsellman,2019,-0.09000000000000001
robert stephenson,2019,0.79
robert stock,2019,-0.76
roberto osuna,2019,1.83
roberto perez,2019,4.11
robinson cano,2019,0.65
robinson chirinos,2019,3.82
rocky gale,2019,-0.22
roenis elias,2019,-0.44000000000000006
rogelio armenteros,2019,0.1
roman quinn,2019,-0.3
ronald acuna jr,2019,5.16
ronald bolanos,2019,-0.1
ronald guzman,2019,0.06
ronald torreyes,2019,-0.23
ronny rodriguez,2019,-0.61
rookie davis,2019,-0.06999999999999999
rosell herrera,2019,-0.97
ross detwiler,2019,-0.5800000000000001
ross stripling,2019,0.8400000000000001
rougned odor,2019,-0.19
rowan wick,2019,0.54
rowdy tellez,2019,0.13
ruben tejada,2019,-0.21
russell martin,2019,0.71
ryan borucki,2019,-0.43
ryan brasier,2019,0.03
ryan braun,2019,1.65
ryan buchter,2019,1.03
ryan burr,2019,-0.04
ryan carpenter,2019,-1.12
ryan cordell,2019,-0.6
ryan court,2019,-0.18
ryan dull,2019,-0.82
ryan eades,2019,0.33999999999999997
ryan feierabend,2019,-0.25
ryan flaherty,2019,-0.19
ryan garton,2019,-0.08
ryan goins,2019,0.0
ryan helsley,2019,0.5800000000000001
ryan lamarre,2019,0.0
ryan lavarnway,2019,0.2
ryan mcbroom,2019,-0.17
ryan mcmahon,2019,1.87
ryan ohearn,2019,-1.41
ryan orourke,2019,0.12
ryan pressly,2019,1.68
ryan tepera,2019,0.03
ryan weber,2019,0.13
ryan yarbrough,2019,1.37
ryan zimmerman,2019,0.51
ryne harper,2019,0.68
ryne stanek,2019,0.44999999999999996
ryon healy,2019,0.2
sal romano,2019,-0.37
sam coonrod,2019,0.45
sam dyson,2019,1.03
sam freeman,2019,0.04
sam gaviglio,2019,0.49
sam haggerty,2019,-0.08
sam hilliard,2019,0.57
sam howard,2019,-0.33
sam selman,2019,0.13
sam travis,2019,-0.75
sam tuivailala,2019,0.77
sandy alcantara,2019,3.0599999999999996
sandy baez,2019,-0.01
sandy leon,2019,-0.51
scooter gennett,2019,-1.1600000000000001
scott alexander,2019,0.19
scott barlow,2019,0.99
scott heineman,2019,0.14
scott kingery,2019,2.69
scott oberg,2019,2.18
scott schebler,2019,-0.66
sean doolittle,2019,0.73
sean gilmartin,2019,-0.24
sean manaea,2019,1.51
sean murphy,2019,0.61
sean newcomb,2019,1.2699999999999998
sean poppen,2019,-0.1
sean reidfoley,2019,-0.03
sean rodriguez,2019,0.49
seby zavala,2019,-0.22
seranthony dominguez,2019,-0.01
sergio romo,2019,0.7
seth brown,2019,0.75
seth lugo,2019,2.16
seth mejiasbrean,2019,0.42
seunghwan oh,2019,-0.69
shane bieber,2019,4.71
shane carle,2019,-0.35000000000000003
shane greene,2019,2.17
shaun anderson,2019,-0.34
shawn armstrong,2019,-0.09000000000000002
shawn kelley,2019,0.86
shed long jr,2019,-0.01
shelby miller,2019,-0.91
sheldon neuse,2019,0.31
shinsoo choo,2019,1.48
shohei ohtani,2019,2.43
skye bolt,2019,-0.1
socrates brito,2019,-0.82
sonny gray,2019,6.12
spencer turnbull,2019,2.4
starlin castro,2019,1.12
starling marte,2019,2.86
stefan crichton,2019,0.37
stephen nogosek,2019,-0.25
stephen piscotty,2019,1.01
stephen strasburg,2019,5.94
stephen tarpley,2019,-0.45
stephen vogt,2019,1.07
steve cishek,2019,1.6199999999999999
steve pearce,2019,-0.5
steven baron,2019,-0.07
steven brault,2019,1.32
steven duggar,2019,-0.12
steven matz,2019,2.13
steven wright,2019,-0.11
stevie wilkerson,2019,-0.6900000000000001
taijuan walker,2019,0.05
tanner anderson,2019,-0.18000000000000002
tanner rainey,2019,0.5
tanner roark,2019,2.51
tanner scott,2019,0.0
tayler scott,2019,-0.81
taylor clarke,2019,-0.14
taylor cole,2019,-0.22
taylor davis,2019,-0.11000000000000001
taylor guerrieri,2019,0.11
taylor guilbeau,2019,0.17
taylor hearn,2019,-0.31
taylor rogers,2019,2.64
taylor ward,2019,-0.89
taylor williams,2019,-0.75
tayron guerrero,2019,-0.65
teoscar hernandez,2019,1.44
terrance gore,2019,0.14
thairo estrada,2019,0.38
thomas eshelman,2019,-0.48
thomas pannone,2019,-0.51
thyago vieira,2019,-0.16
tim anderson,2019,4.24
tim beckham,2019,0.57
tim collins,2019,0.15
tim federowicz,2019,-0.36
tim hill,2019,0.81
tim locastro,2019,0.77
tim lopes,2019,0.99
tim mayza,2019,0.08
tim melville,2019,0.5800000000000001
tim peterson,2019,0.03
tj mcfarland,2019,-0.6300000000000001
tj zeuch,2019,0.26
todd frazier,2019,2.3
tom murphy,2019,2.52
tomas nido,2019,-0.82
tommy edman,2019,4.0
tommy hunter,2019,0.24
tommy kahnle,2019,0.82
tommy la stella,2019,1.8
tommy milone,2019,1.25
tommy pham,2019,3.86
tony barnette,2019,-0.02
tony gonsolin,2019,0.88
tony kemp,2019,0.25
tony sipp,2019,0.03
tony watson,2019,0.37
tony wolters,2019,1.44
touki toussaint,2019,-0.47
travis bergen,2019,-0.02
travis darnaud,2019,0.97
travis demeritte,2019,-1.09
travis jankowski,2019,-0.04
travis lakins sr,2019,0.33
travis shaw,2019,-1.39
trea turner,2019,4.0
trent grisham,2019,0.57
trent thornton,2019,1.33
tres barrera,2019,-0.05
trevor bauer,2019,1.46
trevor cahill,2019,-0.07999999999999999
trevor gott,2019,0.3
trevor hildenberger,2019,-1.29
trevor kelley,2019,-0.32
trevor may,2019,1.34
trevor richards,2019,1.88
trevor rosenthal,2019,-1.2
trevor story,2019,6.91
trevor williams,2019,0.52
trey mancini,2019,3.68
trey wingenter,2019,-0.38
troy tulowitzki,2019,0.06
tucker barnhart,2019,0.54
ty blach,2019,-1.16
ty buttrey,2019,1.19
ty france,2019,-0.22
tyler alexander,2019,1.0
tyler anderson,2019,-0.9400000000000001
tyler austin,2019,0.47000000000000003
tyler bashlor,2019,-0.43
tyler beede,2019,0.17
tyler chatwood,2019,1.37
tyler clippard,2019,1.35
tyler duffey,2019,1.0
tyler flowers,2019,-0.23
tyler glasnow,2019,2.4899999999999998
tyler heineman,2019,0.08
tyler kinley,2019,0.83
tyler lyons,2019,-0.30000000000000004
tyler mahle,2019,0.12
tyler naquin,2019,1.61
tyler olson,2019,0.22
tyler oneill,2019,0.36
tyler rogers,2019,0.77
tyler saladino,2019,-0.17
tyler skaggs,2019,1.1
tyler thornburg,2019,-0.21
tyler wade,2019,0.15
tyler webb,2019,0.62
tyler white,2019,-1.1400000000000001
tyrone taylor,2019,0.08
tyson ross,2019,0.0
tzuwei lin,2019,0.01
victor alcantara,2019,0.46
victor arano,2019,0.03
victor caratini,2019,0.98
victor reyes,2019,1.34
victor robles,2019,4.24
vince velasquez,2019,0.5499999999999999
vladimir guerrero jr,2019,2.15
wade davis,2019,-1.53
wade leblanc,2019,0.16
wade miley,2019,1.58
walker buehler,2019,2.26
walker lockett,2019,-0.59
wander suero,2019,0.47
wandy peralta,2019,-0.06
weichieh huang,2019,-0.06
weichung wang,2019,0.47
weiyin chen,2019,-1.02
welington castillo,2019,-0.27
wes parsons,2019,-0.06
whit merrifield,2019,3.46
wil myers,2019,-0.31
wilfredo tovar,2019,-0.14
wilkin castillo,2019,-0.16
will harris,2019,1.93
will smith,2019,4.05
willi castro,2019,-0.56
williams jerez,2019,0.13
willians astudillo,2019,-0.01
willie calhoun,2019,0.77
willson contreras,2019,3.04
willy adames,2019,3.98
wilmer difo,2019,-0.93
wilmer flores,2019,0.62
wilmer font,2019,0.8300000000000001
wilson ramos,2019,2.05
wily peralta,2019,-0.24
xander bogaerts,2019,6.26
xavier cedeno,2019,0.14
yacksel rios,2019,-0.28
yadiel rivera,2019,-0.27
yadier molina,2019,1.38
yairo munoz,2019,-0.62
yan gomes,2019,1.39
yandy diaz,2019,1.47
yangervis solarte,2019,-0.44
yasiel puig,2019,0.97
yasmani grandal,2019,2.5
yasmany tomas,2019,-0.19
yefry ramirez,2019,-0.55
yency almonte,2019,-0.05
yennsy diaz,2019,-0.11
yimi garcia,2019,0.22000000000000003
yoan lopez,2019,0.6
yoan moncada,2019,5.14
yohander mendez,2019,-0.01
yolmer sanchez,2019,1.62
yonathan daza,2019,-0.83
yonder alonso,2019,-0.88
yonny chirinos,2019,2.07
yordan alvarez,2019,3.72
yoshihisa hirano,2019,-0.36
yu chang,2019,-0.31
yu darvish,2019,2.74
yuli gurriel,2019,3.88
yusei kikuchi,2019,0.26
yusmeiro petit,2019,2.4200000000000004
zac gallen,2019,2.5600000000000005
zac grotz,2019,0.13
zac reininger,2019,-0.56
zac rosscup,2019,-0.23
zach davies,2019,2.73
zach duke,2019,0.09
zach eflin,2019,1.33
zach green,2019,0.0
zach plesac,2019,1.8800000000000001
zack britton,2019,2.46
zack collins,2019,-0.24
zack cozart,2019,-1.22
zack godley,2019,-0.6499999999999999
zack greinke,2019,6.22
zack littell,2019,0.95
zack wheeler,2019,3.84
aaron barrett,2020,-0.03
aaron bummer,2020,0.35
aaron civale,2020,0.24
aaron fletcher,2020,-0.21
aaron hicks,2020,0.73
aaron judge,2020,1.14
aaron loup,2020,0.47
aaron nola,2020,2.17
aaron slegers,2020,0.45
aaron whitefield,2020,0.08
abraham almonte,2020,-0.16
abraham toro,2020,-0.66
adalberto mondesi,2020,1.25
adam cimber,2020,0.03
adam duvall,2020,0.84
adam eaton,2020,-0.61
adam engel,2020,0.67
adam frazier,2020,0.75
adam haseley,2020,-0.03
adam kolarek,2020,0.79
adam morgan,2020,0.04
adam ottavino,2020,-0.14
adam plutko,2020,-0.01
adam wainwright,2020,0.53
adbert alzolay,2020,0.48
adeiny hechavarria,2020,-0.2
adolis garcia,2020,0.0
adonis medina,2020,0.13
adrian houser,2020,-0.53
adrian morejon,2020,-0.02
aj cole,2020,0.95
aj minter,2020,1.16
aj pollock,2020,0.78
aj ramos,2020,0.05
albert abreu,2020,-0.29
albert almora,2020,-0.11
albert pujols,2020,-0.1
alec bohm,2020,0.73
alec mills,2020,0.22
aledmys diaz,2020,0.09
alejandro kirk,2020,0.23
alex avila,2020,0.44
alex bregman,2020,1.01
alex claudio,2020,0.09
alex cobb,2020,1.12
alex colome,2020,0.99
alex dickerson,2020,0.76
alex gordon,2020,0.25
alex jackson,2020,-0.01
alex mcrae,2020,0.08
alex reyes,2020,-0.14
alex verdugo,2020,2.2
alex vesia,2020,-0.55
alex wood,2020,-0.37
alex young,2020,-0.09
ali sanchez,2020,-0.13
amed rosario,2020,0.04
amir garrett,2020,0.54
anderson tejeda,2020,0.35
andre scrubb,2020,0.98
andrelton simmons,2020,0.56
andres gimenez,2020,1.01
andrew benintendi,2020,-0.09
andrew chafin,2020,-0.14
andrew heaney,2020,1.17
andrew kittredge,2020,0.28
andrew knapp,2020,0.8
andrew knizner,2020,-0.08
andrew mccutchen,2020,-0.09
andrew miller,2020,0.14
andrew romine,2020,0.01
andrew stevenson,2020,0.84
andrew suarez,2020,0.15
andrew susac,2020,0.02
andrew triggs,2020,0.01999999999999999
andrew velazquez,2020,0.24
andrew young,2020,-0.12
angel perdomo,2020,-0.27
anibal sanchez,2020,0.09
anthony alford,2020,-0.22
anthony banda,2020,-0.44
anthony bass,2020,0.61
anthony bemboom,2020,0.43000000000000005
anthony castro,2020,-0.06
anthony desclafani,2020,-0.59
anthony kay,2020,0.09
anthony misiewicz,2020,0.15
anthony rendon,2020,2.15
anthony rizzo,2020,1.03
anthony santander,2020,1.59
antonio santos,2020,-0.33
antonio senzatela,2020,2.45
archie bradley,2020,0.51
ariel jurado,2020,-0.18
aristides aquino,2020,-0.08
aroldis chapman,2020,0.41
artie lewicki,2020,0.0
asdrubal cabrera,2020,0.14
asher wojciechowski,2020,-0.28
ashton goudeau,2020,-0.09
austin adams,2020,0.0
austin allen,2020,-0.18
austin barnes,2020,0.68
austin brice,2020,0.05
austin davis,2020,-0.16
austin dean,2020,0.0
austin gomber,2020,0.73
austin hays,2020,0.75
austin hedges,2020,-0.13
austin meadows,2020,0.31
austin nola,2020,1.19
austin riley,2020,-0.36
austin romine,2020,-0.2
austin slater,2020,0.94
austin voth,2020,0.28
avisail garcia,2020,-0.29
beau burrows,2020,0.0
beau taylor,2020,-0.24
ben braymer,2020,0.4
ben gamel,2020,-0.41
ben heller,2020,0.1
bernardo flores jr,2020,-0.05
billy hamilton,2020,0.009999999999999981
billy mckinney,2020,0.08
blake cederlind,2020,0.02
blake parker,2020,0.56
blake snell,2020,1.06
blake taylor,2020,0.69
blake treinen,2020,-0.22
bo bichette,2020,1.05
bobby dalbec,2020,0.59
bobby wahl,2020,-0.15
brad boxberger,2020,0.46
brad brach,2020,-0.03
brad hand,2020,0.6
brad keller,2020,1.73
brad miller,2020,0.85
brad peacock,2020,-0.1
brad wieck,2020,-0.13
braden bishop,2020,0.12
bradley zimmer,2020,0.07
brady lail,2020,0.06
brady singer,2020,1.12
brailyn marquez,2020,-0.15
branden kline,2020,0.22
brandon bailey,2020,0.13
brandon belt,2020,2.11
brandon bielak,2020,-0.62
brandon brennan,2020,0.08
brandon crawford,2020,1.32
brandon dixon,2020,-0.13
brandon drury,2020,-0.87
brandon kintzler,2020,1.29
brandon leibrandt,2020,0.24
brandon lowe,2020,2.42
brandon nimmo,2020,1.66
brandon waddell,2020,0.05
brandon woodruff,2020,2.05
brandon workman,2020,-0.15
braxton garrett,2020,-0.03
brendan rodgers,2020,-0.45
brent rooker,2020,0.01
brent suter,2020,0.52
brett anderson,2020,0.58
brett eibner,2020,-0.22
brett gardner,2020,0.73
brett martin,2020,0.37
brett phillips,2020,0.33
brian anderson,2020,1.84
brian dozier,2020,-0.39
brian goodwin,2020,-0.28
brian moran,2020,-0.08000000000000002
brian navarreto,2020,0.04
brian ogrady,2020,0.09
brock holt,2020,-0.69
brooks kriske,2020,-0.36
brooks raley,2020,0.19
bruce zimmermann,2020,-0.07
brusdar graterol,2020,0.28
bryan abreu,2020,-0.01
bryan garcia,2020,0.84
bryan holaday,2020,-0.27
bryan reynolds,2020,0.49
bryan shaw,2020,-0.68
bryce harper,2020,1.94
bryse wilson,2020,0.25
bubba starling,2020,-0.71
buck farmer,2020,0.28
burch smith,2020,0.4
byron buxton,2020,2.05
cal quantrill,2020,0.7000000000000001
caleb baragar,2020,0.29
caleb ferguson,2020,0.25
caleb joseph,2020,0.04
caleb smith,2020,0.41000000000000003
caleb thielbar,2020,0.44
cam bedrosian,2020,0.4
cam gallagher,2020,0.53
cam hill,2020,-0.15
cameron maybin,2020,-0.039999999999999994
carl edwards jr,2020,0.17
carlos carrasco,2020,1.44
carlos correa,2020,1.64
carlos estevez,2020,-0.79
carlos hernandez,2020,0.02
carlos martinez,2020,-1.15
carlos rodon,2020,-0.35
carlos sanabria,2020,-0.04
carlos santana,2020,0.99
carson fulmer,2020,0.24000000000000002
carson kelly,2020,-0.11000000000000001
carter kieboom,2020,0.22
casey mize,2020,-0.53
casey sadler,2020,-0.30000000000000004
cavan biggio,2020,2.17
cedric mullins,2020,0.46
cesar hernandez,2020,1.72
cesar puello,2020,0.2
cesar valdez,2020,1.0
chad green,2020,0.36
chad kuhl,2020,-0.06
chad pinder,2020,-0.04
chad sobotka,2020,-0.13
chad wallach,2020,0.17
chadwick tromp,2020,-0.15
chance adams,2020,-0.19
chance sisco,2020,0.17
charlie blackmon,2020,1.01
charlie culberson,2020,-0.12000000000000001
charlie morton,2020,0.15
chase anderson,2020,-0.45
chase de jong,2020,-0.58
chasen shreve,2020,0.31
chaz roe,2020,0.29
cheslor cuthbert,2020,-0.03
chi chi gonzalez,2020,-0.01
chris bassitt,2020,2.15
chris davis,2020,-0.97
chris devenski,2020,-0.36
chris martin,2020,1.21
chris mazza,2020,0.49
chris owings,2020,0.17
chris paddack,2020,0.17
chris rusin,2020,-0.09
chris stratton,2020,-0.52
chris taylor,2020,1.81
christian arroyo,2020,0.19
christian colon,2020,-0.39
christian vazquez,2020,0.94
christian walker,2020,0.85
christian yelich,2020,0.46
christin stewart,2020,-0.61
cionel perez,2020,0.14
cj cron,2020,0.31
clarke schmidt,2020,-0.15
clay holmes,2020,0.07
clayton kershaw,2020,1.76
clint frazier,2020,1.77
codi heuer,2020,0.8
cody bellinger,2020,1.52
cody carroll,2020,-0.45
cody ponce,2020,0.31
cody reed,2020,0.060000000000000005
cody stashak,2020,0.23
cole hamels,2020,-0.08
cole irvin,2020,-0.25
cole sulser,2020,-0.18
cole tucker,2020,-0.93
colin moran,2020,0.48
colin rea,2020,-0.16
colten brewer,2020,0.14
conner menez,2020,0.2
connor brogdon,2020,0.21
corbin burnes,2020,2.12
corey dickerson,2020,0.2
corey kluber,2020,0.06
corey knebel,2020,-0.12
corey oswalt,2020,0.13
corey seager,2020,1.96
cory gearrin,2020,0.08
craig kimbrel,2020,-0.13
craig stammen,2020,-0.29
cristian javier,2020,1.26
cristian pache,2020,-0.13
curt casali,2020,0.45
cy sneed,2020,-0.31
dakota bacus,2020,-0.11
dakota hudson,2020,0.61
dallas keuchel,2020,2.06
dan altavilla,2020,-0.28
dan winkler,2020,0.21
dane dunning,2020,0.14
daniel bard,2020,0.8
daniel castano,2020,0.86
daniel hudson,2020,-0.07
daniel johnson,2020,-0.27
daniel mengden,2020,0.17
daniel murphy,2020,-0.94
daniel norris,2020,0.61
daniel ponce de leon,2020,-0.22
daniel robertson,2020,0.13
daniel vogelbach,2020,-0.08000000000000002
danny coulombe,2020,0.1
danny duffy,2020,0.28
danny jansen,2020,0.64
danny mendick,2020,0.7
danny santana,2020,-0.09
dansby swanson,2020,2.82
dany jimenez,2020,-0.01
darin ruf,2020,0.77
darren oday,2020,0.7
darwinzon hernandez,2020,0.36
daulton jefferies,2020,-0.27
daulton varsho,2020,0.07
david bednar,2020,-0.12
david bote,2020,-0.01
david dahl,2020,-0.99
david fletcher,2020,1.88
david hale,2020,0.39
david hess,2020,-0.02
david mckay,2020,-0.09
david peralta,2020,0.66
david peterson,2020,1.6
david phelps,2020,-0.030000000000000027
dawel lugo,2020,-0.08
daz cameron,2020,-0.48
dean kremer,2020,0.48
dee strangegordon,2020,-0.53
deivi garcia,2020,0.26
deivy grullon,2020,-0.07
delino deshields,2020,0.0
dellin betances,2020,-0.23
demarcus evans,2020,0.1
dennis santana,2020,-0.08
deolis guerra,2020,-0.34
dereck rodriguez,2020,-0.3
derek dietrich,2020,0.17
derek fisher,2020,-0.42
derek hill,2020,-0.2
derek holland,2020,-1.0
devin smeltzer,2020,-0.3
devin williams,2020,1.25
dexter fowler,2020,0.03
didi gregorius,2020,1.09
diego castillo,2020,0.93
dillon maples,2020,-0.11
dillon peters,2020,-0.22
dillon tate,2020,0.45
dilson herrera,2020,0.01
dinelson lamet,2020,2.34
dj lemahieu,2020,3.03
dj stewart,2020,0.54
domingo santana,2020,-0.25
domingo tapia,2020,0.1
dominic leone,2020,-0.31
dominic smith,2020,1.86
donovan solano,2020,1.45
donovan walton,2020,-0.14
dovydas neverauskas,2020,-0.55
drew anderson,2020,-0.33
drew butera,2020,-0.2
drew pomeranz,2020,0.99
drew rasmussen,2020,-0.07
drew smith,2020,-0.13
drew smyly,2020,0.46
duane underwood jr,2020,-0.14
dustin garneau,2020,-0.35
dustin may,2020,1.48
dwight smith jr,2020,-0.53
dylan bundy,2020,1.67
dylan carlson,2020,0.08
dylan cease,2020,0.15
dylan covey,2020,-0.13
dylan floro,2020,0.5
dylan moore,2020,1.71
eddie rosario,2020,1.23
eddy alvarez,2020,0.01
edgar garcia,2020,-0.27
edinson volquez,2020,-0.09
eduardo escobar,2020,-0.35
eduardo nunez,2020,0.03
edwar colina,2020,-0.15
edward olivares,2020,-0.8
edwin diaz,2020,1.37
edwin encarnacion,2020,-0.35
edwin rios,2020,0.63
ehire adrianza,2020,0.21
eli white,2020,-0.29
elias diaz,2020,0.0
elieser hernandez,2020,0.79
elliot soto,2020,0.09
eloy jimenez,2020,1.43
elvis andrus,2020,-0.34
emilio bonifacio,2020,-0.11
emilio pagan,2020,0.07
ender inciarte,2020,-0.59
enoli paredes,2020,0.48
enrique hernandez,2020,1.0
erasmo ramirez,2020,0.75
eric haase,2020,-0.05
eric hosmer,2020,1.13
eric lauer,2020,-0.6
eric sogard,2020,-0.19
eric thames,2020,-0.37
eric yardley,2020,0.55
erick fedde,2020,1.52
erick mejia,2020,-0.43
erik gonzalez,2020,0.26
erik kratz,2020,0.33999999999999997
erik swanson,2020,-0.8
estevan florial,2020,0.01
eugenio suarez,2020,0.46
evan longoria,2020,0.64
evan marshall,2020,0.59
evan phillips,2020,0.17
evan white,2020,-0.05
felix pena,2020,0.53
fernando tatis jr,2020,2.84
foster griffin,2020,0.08
framber valdez,2020,1.24
franchy cordero,2020,-0.03
francisco cervelli,2020,0.77
francisco lindor,2020,1.3
francisco mejia,2020,-0.3
frankie montas,2020,-0.31
franklin barreto,2020,-0.47
franklyn kilome,2020,-0.32
franmil reyes,2020,0.41
freddie freeman,2020,3.28
freddy galvis,2020,0.2
freddy peralta,2020,0.3
gabe speier,2020,-0.12
garrett cleavinger,2020,-0.04
garrett cooper,2020,0.64
garrett crochet,2020,0.27
garrett hampson,2020,-0.04
garrett richards,2020,0.92
garrett stubbs,2020,-0.18
gary sanchez,2020,-0.3
gavin lux,2020,0.6
genesis cabrera,2020,0.13
geoff hartlieb,2020,-0.05
george springer,2020,2.18
german marquez,2020,1.47
gerrit cole,2020,2.18
giancarlo stanton,2020,0.55
gio gonzalez,2020,-0.26
gio urshela,2020,2.07
giovanny gallegos,2020,0.05
glenn sparkman,2020,-0.17
gleyber torres,2020,-0.03
grant dayton,2020,0.71
grayson greiner,2020,-0.25
greg allen,2020,0.06
greg garcia,2020,-0.19
greg holland,2020,0.9
gregory polanco,2020,-0.93
gregory soto,2020,0.23
griffin canning,2020,1.06
guillermo heredia,2020,0.14
hansel robles,2020,-0.75
hanser alberto,2020,0.71
harold castro,2020,0.36
harold ramirez,2020,-0.07
harrison bader,2020,1.02
heath hembree,2020,-0.5599999999999999
hector neris,2020,-0.08
hector perez,2020,-0.03
hector rondon,2020,-0.64
hernan perez,2020,-0.1
hoby milner,2020,-0.37
homer bailey,2020,0.15
howie kendrick,2020,-0.15
huascar ynoa,2020,0.05
humberto castellanos,2020,-0.11
humberto mejia,2020,-0.13
hunter dozier,2020,0.37
hunter harvey,2020,0.04
hunter pence,2020,-0.54
hunter renfroe,2020,-0.05
hunter strickland,2020,-0.14
hyun jin ryu,2020,2.89
ian anderson,2020,1.23
ian gibaut,2020,-0.27
ian hamilton,2020,-0.01
ian happ,2020,1.34
ian kennedy,2020,-0.87
ian miller,2020,0.0
ildemaro vargas,2020,-0.53
isaac paredes,2020,-0.25
isan diaz,2020,-0.26
isiah kinerfalefa,2020,2.09
ivan nova,2020,-0.49
ja happ,2020,1.21
jace fry,2020,0.1
jace peterson,2020,0.14
jack flaherty,2020,-0.33
jack mayfield,2020,-0.18
jackie bradley jr,2020,2.0
jacob barnes,2020,-0.04
jacob degrom,2020,2.63
jacob nottingham,2020,0.46
jacob stallings,2020,1.02
jacob waguespack,2020,-0.64
jacob webb,2020,0.23
jacoby jones,2020,0.53
jahmai jones,2020,0.12
jaime barria,2020,0.93
jairo diaz,2020,-0.69
jake arrieta,2020,0.77
jake cave,2020,0.35
jake cronenworth,2020,1.62
jake diekman,2020,1.39
jake fraley,2020,0.0
jake lamb,2020,-0.3
jake marisnick,2020,0.18
jake mcgee,2020,0.45
jake newberry,2020,0.05
jake noll,2020,-0.09
jake odorizzi,2020,-0.18
jake woodford,2020,-0.25
jakob junis,2020,-0.19
jalen beeks,2020,0.17
james bourque,2020,0.07
james hoyt,2020,0.79
james kaprielian,2020,-0.07
james karinchak,2020,0.55
james mccann,2020,1.31
james norwood,2020,-0.12
james paxton,2020,-0.38
james pazos,2020,-0.29
jared hughes,2020,-0.22
jared oliva,2020,-0.18
jared walsh,2020,0.7
jarlin garcia,2020,0.54
jarrod dyson,2020,-0.79
jason adam,2020,0.06
jason castro,2020,-0.2
jason heyward,2020,1.61
jason kipnis,2020,0.83
jason martin,2020,-0.2
javier baez,2020,0.68
javy guerra,2020,-0.26999999999999996
jay bruce,2020,0.17
jaylin davis,2020,-0.15
jazz chisholm jr,2020,-0.07
jb wendelken,2020,0.73
jd davis,2020,0.04
jd martinez,2020,-0.72
jean segura,2020,1.39
jedd gyorko,2020,0.77
jeff brigham,2020,-0.07
jeff hoffman,2020,-0.98
jeff mathis,2020,0.47
jeff mcneil,2020,1.49
jeff samardzija,2020,-0.66
jeffrey springs,2020,-0.26
jeimer candelario,2020,2.1
jeremy beasley,2020,0.01
jeremy jeffress,2020,1.21
jesse biddle,2020,0.02
jesse chavez,2020,-0.39
jesse hahn,2020,0.92
jesse winker,2020,1.26
jesus aguilar,2020,0.46
jesus cruz,2020,-0.14
jesus luzardo,2020,0.74
jesus sanchez,2020,-0.53
jesus tinoco,2020,0.30000000000000004
jeurys familia,2020,0.57
jhoulys chacin,2020,-0.13
jiman choi,2020,0.39
jimmy cordero,2020,-0.82
jimmy herget,2020,0.35
jimmy lambert,2020,0.06
jimmy yacabonis,2020,0.03
jo adell,2020,-1.36
joakim soria,2020,0.44
joc pederson,2020,-0.31
joe biagini,2020,-0.44
joe harvey,2020,0.13
joe hudson,2020,-0.18
joe jimenez,2020,-0.7
joe kelly,2020,0.21
joe mantiply,2020,-0.17
joe mccarthy,2020,-0.36
joe musgrove,2020,0.58
joe palumbo,2020,-0.17
joe panik,2020,-0.27
joel kuhnel,2020,-0.02
joel payamps,2020,0.0
joely rodriguez,2020,0.43
joey bart,2020,0.32
joey gallo,2020,1.59
joey gerber,2020,0.01
joey lucchesi,2020,-0.18
joey rickard,2020,-0.11
joey votto,2020,0.06
joey wendle,2020,1.38
johan camargo,2020,0.07
johan oviedo,2020,-0.51
johan quezada,2020,-0.07
john curtiss,2020,0.76
john gant,2020,0.18
john king,2020,-0.21
john means,2020,0.94
john nogowski,2020,-0.07
john ryan murphy,2020,-0.25
john schreiber,2020,-0.21
johnny cueto,2020,0.07
jojo romero,2020,-0.33
jon berti,2020,0.88
jon gray,2020,-0.3
jon jay,2020,-0.45
jon lester,2020,-0.23
jonah heim,2020,0.08
jonathan arauz,2020,-0.13
jonathan davis,2020,0.36
jonathan hernandez,2020,0.74
jonathan holder,2020,0.12
jonathan loaisiga,2020,0.45
jonathan lucroy,2020,0.0
jonathan schoop,2020,1.28
jonathan stiever,2020,-0.29
jonathan villar,2020,-0.25
jordan holloway,2020,0.02
jordan luplow,2020,-0.09
jordan lyles,2020,-1.16
jordan montgomery,2020,0.15
jordan romano,2020,1.04
jordan weems,2020,0.16
jordan yamamoto,2020,-1.06
jordan zimmermann,2020,-0.18
jordy mercer,2020,-0.16999999999999998
jorge alcala,2020,0.43
jorge alfaro,2020,-0.38
jorge bonifacio,2020,-0.25
jorge guzman,2020,-0.14
jorge lopez,2020,-0.3
jorge mateo,2020,-0.36
jorge ona,2020,0.2
jorge polanco,2020,-0.02
jorge soler,2020,0.24
jose abreu,2020,2.71
jose altuve,2020,-0.32
jose alvarado,2020,-0.14
jose alvarez,2020,0.32
jose barrero,2020,-0.67
jose berrios,2020,0.68
jose briceno,2020,0.04
jose cisnero,2020,0.73
jose de leon,2020,-0.49
jose iglesias,2020,1.26
jose leclerc,2020,-0.01
jose marmolejos,2020,-0.16
jose martinez,2020,-0.44999999999999996
jose mujica,2020,-0.45
jose osuna,2020,-0.09
jose peraza,2020,-0.13
jose quijada,2020,-0.15
jose quintana,2020,0.0
jose ramirez,2020,2.5
jose rodriguez,2020,0.17
jose ruiz,2020,0.14
jose suarez,2020,-0.58
jose trevino,2020,0.36
jose urena,2020,0.26
jose urquidy,2020,0.81
joseph odom,2020,-0.2
josh a smith,2020,-0.29
josh bell,2020,-0.48
josh d smith,2020,-0.08
josh donaldson,2020,0.54
josh fleming,2020,0.78
josh hader,2020,0.38
josh harrison,2020,0.34
josh james,2020,-0.45
josh lindblom,2020,0.21
josh naylor,2020,-0.01
josh osich,2020,-0.43
josh phegley,2020,-0.12
josh reddick,2020,-0.42
josh rojas,2020,-0.33
josh sborz,2020,0.09
josh staumont,2020,0.73
josh taylor,2020,-0.26
josh tomlin,2020,0.46
josh vanmeter,2020,-0.050000000000000044
joshua fuentes,2020,1.08
jp crawford,2020,1.58
jp feyereisen,2020,-0.04
jt brubaker,2020,-0.1
jt realmuto,2020,1.41
jt riddle,2020,-0.78
juan lagares,2020,0.1
juan nicasio,2020,-0.26
juan soto,2020,2.25
julian merryweather,2020,0.32
julio teheran,2020,-1.05
julio urias,2020,1.17
junior fernandez,2020,-0.23
junior guerra,2020,0.5
jurickson profar,2020,1.36
justin dunn,2020,0.36
justin grimm,2020,-0.3
justin shafer,2020,-0.38
justin smoak,2020,-0.73
justin topa,2020,0.17
justin turner,2020,1.44
justin upton,2020,-0.55
justin verlander,2020,0.16
justin williams,2020,-0.02
justin wilson,2020,0.23
justus sheffield,2020,0.88
kebryan hayes,2020,1.87
keegan akin,2020,0.25
keibert ruiz,2020,0.06
kelvin gutierrez,2020,-0.13
kelvin herrera,2020,-0.12
ken giles,2020,-0.16
kendall graveman,2020,-0.28
kenley jansen,2020,0.35
kenta maeda,2020,1.59
keone kela,2020,0.01
keston hiura,2020,-0.31
ketel marte,2020,1.56
keury mella,2020,0.23
kevan smith,2020,0.34
kevin cron,2020,-0.38
kevin gausman,2020,1.33
kevin ginkel,2020,-0.35
kevin kiermaier,2020,1.86
kevin mccarthy,2020,0.03
kevin newman,2020,-0.42
kevin pillar,2020,0.8799999999999999
kevin plawecki,2020,0.65
keynan middleton,2020,0.02
khris davis,2020,-0.33
kirby yates,2020,-0.34
kodi whitley,2020,0.07
kolby allard,2020,-0.68
kole calhoun,2020,1.42
kolten wong,2020,1.26
kris bryant,2020,0.41
kris bubic,2020,0.36
kurt suzuki,2020,0.22
kwang hyun kim,2020,0.88
kyle cody,2020,0.9
kyle crick,2020,-0.33
kyle farmer,2020,0.43
kyle finnegan,2020,0.92
kyle freeland,2020,1.88
kyle funkhouser,2020,-0.27
kyle garlick,2020,-0.4
kyle gibson,2020,-0.07
kyle hart,2020,-0.86
kyle hendricks,2020,1.98
kyle higashioka,2020,0.36
kyle keller,2020,-0.03
kyle lewis,2020,1.59
kyle mcgowin,2020,0.26
kyle nelson,2020,-0.13
kyle ryan,2020,-0.16
kyle schwarber,2020,0.06
kyle seager,2020,1.17
kyle tucker,2020,1.87
kyle wright,2020,0.24
kyle zimmer,2020,0.72
lamonte wade jr,2020,0.01
lance lynn,2020,2.19
lance mccullers jr,2020,0.42
lane thomas,2020,-0.21
leody taveras,2020,1.31
leury garcia,2020,0.56
lewin diaz,2020,-0.31
lewis brinson,2020,0.14
lewis thorpe,2020,-0.31
liam hendriks,2020,1.42
ljay newsome,2020,0.06
logan allen,2020,0.06
logan forsythe,2020,-0.34
logan morrison,2020,-0.23
logan webb,2020,-0.39
lorenzo cain,2020,0.23
lou trivino,2020,0.23
lourdes gurriel jr,2020,1.1
lucas giolito,2020,0.83
lucas sims,2020,0.54
luis alexander basabe,2020,0.09
luis arraez,2020,0.8
luis avilan,2020,0.05
luis campusano,2020,0.1
luis castillo,2020,1.1
luis cessa,2020,0.25
luis garcia,2020,0.04999999999999999
luis garcia jr,2020,-0.08
luis gonzalez,2020,0.01
luis guillorme,2020,0.73
luis patino,2020,-0.06
luis perdomo,2020,-0.16
luis rengifo,2020,-0.3
luis robert jr,2020,1.89
luis torrens,2020,-0.11000000000000001
luis urias,2020,0.21
luke bard,2020,-0.05
luke farrell,2020,-0.14
luke jackson,2020,-0.47
luke voit,2020,1.66
luke weaver,2020,-0.33
madison bumgarner,2020,-0.38
magneuris sierra,2020,0.44
maikel franco,2020,1.13
mallex smith,2020,-0.48
manny machado,2020,3.03
manny pina,2020,0.61
manuel margot,2020,1.12
marcell ozuna,2020,2.82
marco gonzales,2020,1.55
marcus semien,2020,0.36
marcus walden,2020,-0.85
mark canha,2020,1.47
mark mathias,2020,0.13
mark melancon,2020,0.97
mark payton,2020,-0.17
martin maldonado,2020,0.82
martin perez,2020,1.18
marwin gonzalez,2020,0.18
masahiro tanaka,2020,0.71
mason williams,2020,-0.34
matt adams,2020,-0.43
matt andriese,2020,0.58
matt barnes,2020,0.28
matt beaty,2020,-0.42
matt carpenter,2020,0.25
matt chapman,2020,1.16
matt davidson,2020,-0.31
matt dermody,2020,0.03
matt foster,2020,0.69
matt grace,2020,-0.38
matt hall,2020,-0.9
matt harvey,2020,-0.61
matt joyce,2020,-0.35
matt kemp,2020,0.08
matt magill,2020,-0.18
matt olson,2020,1.28
matt reynolds,2020,-0.23
matt shoemaker,2020,0.6
matt strahm,2020,0.54
matt thaiss,2020,-0.32
matt wieters,2020,0.02
matt wisler,2020,1.03
matthew boyd,2020,-0.6
mauricio dubon,2020,1.02
mauricio llovera,2020,-0.12
max fried,2020,2.89
max kepler,2020,1.12
max muncy,2020,0.45
max scherzer,2020,2.18
max schrock,2020,0.03
max stassi,2020,1.03
meibrys viloria,2020,-0.23
merrill kelly,2020,1.26
michael a taylor,2020,-0.41
michael brantley,2020,1.62
michael chavis,2020,-0.75
michael conforto,2020,2.12
michael feliz,2020,-0.3
michael fulmer,2020,-0.8
michael hermosillo,2020,-0.03
michael king,2020,-0.59
michael lorenzen,2020,0.33999999999999997
michael perez,2020,-0.24
michael pineda,2020,0.42
michael soroka,2020,0.26
michael wacha,2020,-0.17
michel baez,2020,-0.1
mickey moniak,2020,0.05
miguel andujar,2020,-0.44
miguel cabrera,2020,0.08
miguel castro,2020,0.49
miguel del pozo,2020,-0.64
miguel rojas,2020,1.58
miguel sano,2020,0.12
miguel yajure,2020,0.18
mike brosseau,2020,1.21
mike clevinger,2020,1.01
mike fiers,2020,0.66
mike foltynewicz,2020,-0.26
mike ford,2020,-0.45
mike freeman,2020,-0.13
mike kickham,2020,-0.17
mike mayers,2020,0.87
mike minor,2020,-0.08
mike montgomery,2020,-0.14
mike morin,2020,0.26
mike moustakas,2020,0.13
mike tauchman,2020,0.08
mike trout,2020,1.81
mike yastrzemski,2020,2.67
mike zunino,2020,-0.06
mitch garver,2020,0.02
mitch keller,2020,0.58
mitch moreland,2020,1.12
mitch white,2020,0.09
monte harrison,2020,-0.19
mookie betts,2020,3.67
mychal givens,2020,0.41000000000000003
myles straw,2020,-0.53
nabil crismatt,2020,0.04
nate jones,2020,-0.24
nate orf,2020,-0.25
nate pearson,2020,-0.15
nathan eovaldi,2020,1.26
nathaniel lowe,2020,0.34
neil walker,2020,-0.09
nelson cruz,2020,1.84
nestor cortes,2020,-0.63
nick ahmed,2020,1.61
nick anderson,2020,1.07
nick burdi,2020,0.03
nick castellanos,2020,0.01
nick goody,2020,-0.55
nick heath,2020,0.06
nick madrigal,2020,0.51
nick margevicius,2020,0.27
nick markakis,2020,-0.16
nick mears,2020,-0.03
nick neidert,2020,0.03
nick nelson,2020,-0.07
nick pivetta,2020,0.25999999999999995
nick ramirez,2020,-0.03
nick senzel,2020,-0.18
nick solak,2020,-1.07
nick tropeano,2020,0.51
nick vincent,2020,0.38
nick wittgren,2020,0.39
nicky delmonico,2020,-0.36
nicky lopez,2020,0.18
nico hoerner,2020,0.75
nik turley,2020,-0.27
niko goodrum,2020,0.07
nivaldo rodriguez,2020,-0.21
noe ramirez,2020,0.68
nolan arenado,2020,1.45
nomar mazara,2020,-0.23
oliver drake,2020,-0.11
oliver perez,2020,0.52
omar narvaez,2020,-0.14
orlando arcia,2020,0.16000000000000003
oscar hernandez,2020,0.03
oscar mercado,2020,-0.48
ozzie albies,2020,0.8
pablo lopez,2020,1.35
pablo sandoval,2020,-0.51
paolo espino,2020,0.13
pat valaika,2020,0.49
pat venditte,2020,0.2
patrick corbin,2020,1.65
patrick murphy,2020,0.18
patrick sandoval,2020,-0.1
patrick weigel,2020,-0.12
patrick wisdom,2020,-0.05
paul blackburn,2020,-0.33
paul dejong,2020,0.31
paul fry,2020,0.79
paul goldschmidt,2020,1.95
paul sewald,2020,-0.34
pavin smith,2020,0.22
pedro baez,2020,0.08
pedro severino,2020,0.75
pedro strop,2020,-0.17
pete alonso,2020,0.14
pete fairbanks,2020,0.53
phil bickford,2020,-0.13
phil ervin,2020,0.009999999999999953
phil gosselin,2020,-0.07
phil maton,2020,-0.3
phillip diehl,2020,-0.19
phillip evans,2020,0.04
phillips valdez,2020,0.48
pierce johnson,2020,0.39
rafael devers,2020,0.78
rafael dolis,2020,1.12
rafael marchan,2020,0.24
rafael montero,2020,0.02
raimel tapia,2020,0.82
raisel iglesias,2020,0.23
ramon laureano,2020,1.43
ramon rosso,2020,-0.03
ramon urias,2020,0.11
randal grichuk,2020,0.37
randy arozarena,2020,0.87
randy dobnak,2020,0.42
randy rosario,2020,-0.11
rangel ravelo,2020,-0.18
ranger suarez,2020,-0.39
ray black,2020,0.05
reese mcguire,2020,-0.42
reggie mcclain,2020,-0.17
renato nunez,2020,0.59
rene rivera,2020,0.09
rex brothers,2020,-0.06
reynaldo lopez,2020,-0.62
rhys hoskins,2020,1.02
ricardo sanchez,2020,-0.11
rich hill,2020,0.77
richard bleier,2020,0.42000000000000004
richard lovelady,2020,-0.02
richard rodriguez,2020,0.44
rick porcello,2020,0.16
rico garcia,2020,-0.02
riley smith,2020,0.61
rio ruiz,2020,0.63
rob brantly,2020,-0.07
rob kaminsky,2020,-0.05
rob refsnyder,2020,0.0
robbie erlin,2020,-0.54
robbie grossman,2020,1.23
robbie ray,2020,-0.26
robert dugger,2020,-0.49
robert gsellman,2020,-0.52
robert stephenson,2020,-0.39
robert stock,2020,0.02
roberto osuna,2020,0.3
roberto perez,2020,0.24
robinson cano,2020,1.27
robinson chirinos,2020,-0.74
robinson leyer,2020,-0.65
roel ramirez,2020,-0.32
roman quinn,2020,0.03
ronald acuna jr,2020,2.37
ronald bolanos,2020,-0.37
ronald guzman,2020,0.45
ronald torreyes,2020,-0.07
rony garcia,2020,-0.5
ross detwiler,2020,0.14
ross stripling,2020,-0.45000000000000007
rougned odor,2020,-0.46
rowan wick,2020,0.26
rowdy tellez,2020,0.6
ryan borucki,2020,0.58
ryan brasier,2020,0.54
ryan braun,2020,0.07
ryan buchter,2020,-0.04
ryan castellani,2020,0.06
ryan cordell,2020,-0.1
ryan goins,2020,-0.2
ryan helsley,2020,-0.32
ryan jeffers,2020,0.28
ryan lavarnway,2020,0.03
ryan mcbroom,2020,-0.01
ryan mcmahon,2020,0.52
ryan meisinger,2020,0.08
ryan mountcastle,2020,0.71
ryan ohearn,2020,-0.64
ryan pressly,2020,0.22
ryan sherriff,2020,0.46
ryan tepera,2020,0.21
ryan thompson,2020,-0.16
ryan weber,2020,1.17
ryan yarbrough,2020,1.19
ryne harper,2020,-0.28
ryne stanek,2020,-0.08
ryon healy,2020,-0.14
sal romano,2020,0.12
salvador perez,2020,2.07
sam coonrod,2020,-0.7
sam freeman,2020,0.18
sam gaviglio,2020,-0.12
sam haggerty,2020,0.22
sam hilliard,2020,0.15
sam howard,2020,0.13
sam huff,2020,0.54
sam selman,2020,0.21
sandy alcantara,2020,0.76
sandy leon,2020,-0.14
santiago espinal,2020,0.36
scott alexander,2020,0.24
scott barlow,2020,0.24
scott blewett,2020,-0.01
scott heineman,2020,-0.27
scott kingery,2020,-0.87
scott schebler,2020,-0.03
sean doolittle,2020,0.02
sean gilmartin,2020,-0.13
sean manaea,2020,0.29
sean murphy,2020,1.13
sean newcomb,2020,-0.57
sean poppen,2020,-0.02
sean reidfoley,2020,0.11
sean rodriguez,2020,-0.26
sergio alcantara,2020,-0.29
sergio romo,2020,0.02
seth brown,2020,-0.13
seth elledge,2020,-0.01
seth frankoff,2020,-0.35
seth lugo,2020,0.35
seth romero,2020,-0.23
shane bieber,2020,3.21
shane greene,2020,1.02
shaun anderson,2020,0.24
shawn armstrong,2020,0.33
shed long jr,2020,-0.08
sherten apostel,2020,-0.47
shinsoo choo,2020,0.05
shogo akiyama,2020,0.66
shohei ohtani,2020,-0.41000000000000003
shun yamaguchi,2020,-0.71
silvino bracho,2020,-0.09
sixto sanchez,2020,1.55
sonny gray,2020,0.79
spencer howard,2020,0.13
spencer turnbull,2020,1.07
starlin castro,2020,0.28
starling marte,2020,1.56
stefan crichton,2020,0.95
stephen piscotty,2020,0.05
stephen strasburg,2020,-0.23
stephen tarpley,2020,-0.49
stephen vogt,2020,0.01
sterling sharp,2020,-0.3
steve cishek,2020,-0.21
steven brault,2020,0.72
steven duggar,2020,-0.35
steven matz,2020,-0.95
steven souza jr,2020,-0.02
taijuan walker,2020,1.3199999999999998
tanner houck,2020,1.3
tanner rainey,2020,1.02
tanner roark,2020,-0.34
tanner scott,2020,1.25
tarik skubal,2020,-0.07
taylor clarke,2020,0.52
taylor guilbeau,2020,0.25
taylor hearn,2020,0.14
taylor jones,2020,-0.25
taylor rogers,2020,-0.64
taylor ward,2020,0.1
taylor widener,2020,0.13
taylor williams,2020,-0.27
tejay antone,2020,0.96
teoscar hernandez,2020,1.52
terrance gore,2020,-0.01
thairo estrada,2020,-0.12
thomas eshelman,2020,0.68
thomas hatch,2020,0.66
tim anderson,2020,2.51
tim hill,2020,-0.01
tim locastro,2020,0.68
tim lopes,2020,-0.3
tj mcfarland,2020,0.13
tj zeuch,2020,0.53
todd frazier,2020,0.25
tomas nido,2020,0.16
tommy doyle,2020,-0.21
tommy edman,2020,1.14
tommy hunter,2020,0.61
tommy kahnle,2020,0.1
tommy la stella,2020,0.9
tommy milone,2020,-0.33
tommy pham,2020,-0.09
tony gonsolin,2020,1.46
tony kemp,2020,0.02
tony watson,2020,0.16
tony wolters,2020,-0.32
touki toussaint,2020,-0.83
travis bergen,2020,0.14
travis blankenhorn,2020,-0.09
travis darnaud,2020,0.83
travis demeritte,2020,-0.12
travis jankowski,2020,-0.28
travis lakins sr,2020,0.87
travis shaw,2020,0.22
trea turner,2020,2.83
trent grisham,2020,2.48
trent thornton,2020,-0.24
trevor bauer,2020,2.95
trevor cahill,2020,0.56
trevor gott,2020,-0.8
trevor kelley,2020,-0.1
trevor may,2020,0.06
trevor richards,2020,-0.48
trevor rogers,2020,-0.09
trevor rosenthal,2020,0.98
trevor story,2020,2.54
trevor williams,2020,-0.89
triston mckenzie,2020,0.61
tucker barnhart,2020,0.79
tucker davidson,2020,-0.34
ty buttrey,2020,-0.1
ty france,2020,0.97
tyler alexander,2020,0.54
tyler anderson,2020,0.42
tyler bashlor,2020,-0.28
tyler chatwood,2020,-0.11
tyler clippard,2020,0.37
tyler duffey,2020,0.67
tyler flowers,2020,0.37
tyler glasnow,2020,0.75
tyler heineman,2020,0.11
tyler kinley,2020,0.18
tyler lyons,2020,-0.12
tyler mahle,2020,1.04
tyler matzek,2020,0.84
tyler naquin,2020,-0.41
tyler oneill,2020,0.86
tyler rogers,2020,0.2
tyler stephenson,2020,0.26
tyler thornburg,2020,0.09
tyler wade,2020,0.7
tyler webb,2020,0.44
tyler zuber,2020,0.18
tyrone taylor,2020,0.16
tyson miller,2020,0.0
tzuwei lin,2020,-0.61
victor caratini,2020,-0.16
victor gonzalez,2020,0.65
victor reyes,2020,0.78
victor robles,2020,-0.17
vimael machin,2020,-0.42
vince velasquez,2020,0.39
vladimir guerrero jr,2020,0.67
wade davis,2020,-0.7
wade leblanc,2020,-0.33
wade miley,2020,-0.12
walker buehler,2020,0.35
walker lockett,2020,0.14
wander suero,2020,0.6
wandy peralta,2020,0.25
wes benjamin,2020,0.14
whit merrifield,2020,0.74
wil crowe,2020,-0.51
wil myers,2020,1.89
will craig,2020,-0.11
will harris,2020,0.38
will smith,2020,1.5999999999999999
willi castro,2020,0.45
william contreras,2020,0.09
willians astudillo,2020,-0.03
willie calhoun,2020,-0.99
willson contreras,2020,0.99
willy adames,2020,1.82
wilmer difo,2020,-0.14
wilmer flores,2020,1.24
wilmer font,2020,-0.71
wilson ramos,2020,0.3
wyatt mathisen,2020,0.16
xander bogaerts,2020,1.24
yacksel rios,2020,-0.13
yadiel hernandez,2020,-0.13
yadiel rivera,2020,0.01
yadier molina,2020,0.35
yairo munoz,2020,0.61
yan gomes,2020,0.72
yandy diaz,2020,1.06
yasmani grandal,2020,0.87
yency almonte,2020,0.58
yermin mercedes,2020,-0.04
yimi garcia,2020,0.93
yoan lopez,2020,-0.28
yoan moncada,2020,0.6
yoenis cespedes,2020,-0.08
yohan ramirez,2020,0.49
yolmer sanchez,2020,0.32
yonny chirinos,2020,0.32
yordan alvarez,2020,0.05
yoshi tsutsugo,2020,0.17
yoshihisa hirano,2020,-0.25
yu chang,2020,0.14
yu darvish,2020,2.79
yuli gurriel,2020,-0.06
yusei kikuchi,2020,0.1
yusmeiro petit,2020,0.84
zac gallen,2020,2.53
zac grotz,2020,-0.64
zach davies,2020,1.68
zach eflin,2020,1.68
zach mckinstry,2020,0.0
zach plesac,2020,2.08
zack britton,2020,0.52
zack burdi,2020,-0.56
zack collins,2020,-0.24
zack godley,2020,-0.3
zack greinke,2020,1.11
zack littell,2020,-0.26
zack wheeler,2020,2.81
aaron ashby,2021,-0.30000000000000004
aaron bummer,2021,0.53
aaron civale,2021,2.09
aaron fletcher,2021,-0.18
aaron hicks,2021,-0.28
aaron judge,2021,5.89
aaron loup,2021,2.81
aaron nola,2021,2.79
aaron northcraft,2021,0.19
aaron sanchez,2021,0.71
aaron slegers,2021,-0.51
abraham almonte,2021,-0.66
abraham toro,2021,1.52
adalberto mondesi,2021,0.34
adam cimber,2021,1.7399999999999998
adam conley,2021,0.42
adam duvall,2021,2.91
adam eaton,2021,-0.35
adam engel,2021,1.45
adam frazier,2021,3.97
adam haseley,2021,-0.32
adam kolarek,2021,-0.36
adam morgan,2021,-0.21
adam ottavino,2021,0.77
adam plutko,2021,-1.05
adam wainwright,2021,3.91
adbert alzolay,2021,0.73
adolis garcia,2021,3.86
adonis medina,2021,0.12000000000000001
adrian houser,2021,1.81
adrian morejon,2021,0.07
adrian sampson,2021,0.62
adrian sanchez,2021,0.25
aj alexy,2021,0.11
aj cole,2021,0.37
aj minter,2021,0.22
aj pollock,2021,3.01
aj puk,2021,-0.11
aj ramos,2021,0.23
akeem bostick,2021,0.03
akil baddoo,2021,2.12
alan trejo,2021,0.0
albert abreu,2021,0.07
albert almora,2021,-0.78
albert pujols,2021,-0.6
alberto baldonado,2021,-0.49
alcides escobar,2021,1.59
alec bettinger,2021,-0.59
alec bohm,2021,-1.24
alec mills,2021,-0.77
aledmys diaz,2021,1.6
alejandro kirk,2021,0.87
alejo lopez,2021,-0.28
alek manoah,2021,2.87
alex avila,2021,0.72
alex blandino,2021,-0.28
alex bregman,2021,2.25
alex claudio,2021,-0.14
alex cobb,2021,1.63
alex colome,2021,-0.66
alex de goti,2021,0.05
alex dickerson,2021,-0.11
alex jackson,2021,-0.53
alex kirilloff,2021,0.39
alex lange,2021,0.3
alex mcrae,2021,0.02
alex reyes,2021,0.6799999999999999
alex verdugo,2021,2.24
alex vesia,2021,0.68
alex wells,2021,-0.29
alex wood,2021,1.43
alex young,2021,-1.18
alfonso rivas iii,2021,0.09
ali sanchez,2021,0.06
amed rosario,2021,1.86
amir garrett,2021,-0.33
anderson tejeda,2021,-0.15
andre jackson,2021,0.28
andre scrubb,2021,-0.11
andrelton simmons,2021,1.29
andres gimenez,2021,0.88
andres machado,2021,0.2
andres munoz,2021,0.02
andrew albers,2021,-0.36
andrew bellatti,2021,-0.17
andrew benintendi,2021,2.9
andrew chafin,2021,2.8899999999999997
andrew heaney,2021,0.3899999999999999
andrew kittredge,2021,2.41
andrew knapp,2021,-1.47
andrew knizner,2021,-0.26
andrew mccutchen,2021,1.15
andrew miller,2021,-0.11
andrew romine,2021,-0.19
andrew stevenson,2021,0.09
andrew vasquez,2021,0.09
andrew vaughn,2021,0.34
andrew velazquez,2021,0.0
andrew wantz,2021,0.03
andrew young,2021,-0.74
andy burns,2021,-0.07
andy ibanez,2021,1.72
angel perdomo,2021,-0.23
angel rondon,2021,0.06
angel zerpa,2021,0.13
anthony alford,2021,0.23
anthony banda,2021,0.14999999999999997
anthony bass,2021,0.13
anthony bemboom,2021,-0.26
anthony bender,2021,1.26
anthony castro,2021,0.0
anthony desclafani,2021,4.04
anthony gose,2021,0.22
anthony kay,2021,-0.11
anthony misiewicz,2021,0.16
anthony rendon,2021,0.0
anthony rizzo,2021,2.06
anthony santander,2021,0.42
anthony swarzak,2021,-0.33
antonio santos,2021,0.03
antonio senzatela,2021,1.4000000000000001
aramis garcia,2021,-0.41
archie bradley,2021,0.67
aristides aquino,2021,-0.26
aroldis chapman,2021,1.53
art warren,2021,1.04
asdrubal cabrera,2021,0.42
asher wojciechowski,2021,0.07
ashton goudeau,2021,0.44
austin adams,2021,0.17
austin allen,2021,0.17
austin barnes,2021,0.33
austin brice,2021,-0.1
austin davis,2021,-0.2
austin dean,2021,0.02
austin gomber,2021,0.57
austin hays,2021,3.35
austin hedges,2021,0.06
austin meadows,2021,2.0
austin nola,2021,0.92
austin pruitt,2021,0.06
austin riley,2021,6.28
austin romine,2021,-0.28
austin slater,2021,1.3800000000000001
austin voth,2021,-0.27
austin warren,2021,0.86
austin wynns,2021,-0.56
avisail garcia,2021,3.1
bailey falter,2021,-0.06999999999999999
bailey ober,2021,1.22
beau burrows,2021,-0.67
ben bowden,2021,-0.58
ben gamel,2021,-0.1
ben rortvedt,2021,-0.05
ben rowen,2021,-0.02
bernardo flores jr,2021,0.0
billy hamilton,2021,0.34
billy mckinney,2021,-0.16000000000000003
blaine hardy,2021,-0.44
blake parker,2021,0.91
blake snell,2021,1.27
blake taylor,2021,0.32
blake treinen,2021,2.49
bo bichette,2021,5.89
bobby bradley,2021,0.4
bobby dalbec,2021,0.34
brad boxberger,2021,1.03
brad brach,2021,-0.7
brad hand,2021,-0.29999999999999993
brad keller,2021,-0.43
brad miller,2021,0.45
brad peacock,2021,-0.28
brad wieck,2021,0.72
braden bishop,2021,-0.04
bradley zimmer,2021,1.25
brady lail,2021,-0.11
brady singer,2021,-0.02
brandon belt,2021,2.64
brandon bielak,2021,-0.3
brandon brennan,2021,0.14
brandon crawford,2021,6.07
brandon dickson,2021,-0.09
brandon drury,2021,0.09
brandon kintzler,2021,-0.29
brandon lowe,2021,4.56
brandon marsh,2021,0.21
brandon nimmo,2021,3.48
brandon waddell,2021,-0.32
brandon woodruff,2021,5.34
brandon workman,2021,-0.18
brandyn sittinger,2021,-0.13
braxton garrett,2021,0.0
brendan rodgers,2021,1.37
brent honeywell jr,2021,-0.2
brent rooker,2021,-0.67
brent suter,2021,0.44
brett anderson,2021,-0.13
brett de geus,2021,-1.6400000000000001
brett gardner,2021,0.94
brett martin,2021,0.43
brett phillips,2021,2.07
breyvic valera,2021,-0.02
brian anderson,2021,1.18
brian goodwin,2021,-0.63
brian miller,2021,-0.05
brian ogrady,2021,0.08
brock holt,2021,0.07
brody koerner,2021,0.04
brooks kriske,2021,-1.01
brooks raley,2021,-0.44
bruce zimmermann,2021,0.61
brusdar graterol,2021,0.06
bryan abreu,2021,-0.94
bryan baker,2021,0.04
bryan de la cruz,2021,0.94
bryan garcia,2021,-1.2
bryan holaday,2021,-0.12
bryan mitchell,2021,0.03
bryan reynolds,2021,5.97
bryan shaw,2021,1.17
bryce harper,2021,5.85
bryse wilson,2021,-0.010000000000000009
buck farmer,2021,-0.25
burch smith,2021,-0.2
buster posey,2021,3.56
byron buxton,2021,4.88
cal quantrill,2021,3.7600000000000002
cal raleigh,2021,-0.5
caleb baragar,2021,0.62
caleb smith,2021,0.75
caleb thielbar,2021,1.22
cam bedrosian,2021,0.06
cam gallagher,2021,0.54
cameron maybin,2021,-0.32
camilo doval,2021,0.59
carl edwards jr,2021,-0.2
carlos carrasco,2021,-0.88
carlos correa,2021,7.28
carlos estevez,2021,0.35
carlos hernandez,2021,1.66
carlos martinez,2021,-1.34
carlos rodon,2021,5.08
carlos santana,2021,-0.13
carson fulmer,2021,-0.2
carson kelly,2021,2.14
carter kieboom,2021,-0.99
casey mize,2021,3.38
casey sadler,2021,2.05
cavan biggio,2021,0.22
cedric mullins,2021,6.2
cesar hernandez,2021,0.53
cesar valdez,2021,-0.38
chad green,2021,2.36
chad kuhl,2021,0.05000000000000002
chad pinder,2021,0.18
chad wallach,2021,-0.77
chadwick tromp,2021,-0.17
chance sisco,2021,-0.25
charlie barnes,2021,-0.34
charlie blackmon,2021,1.04
charlie culberson,2021,1.06
charlie morton,2021,3.7
chas mccormick,2021,2.35
chase anderson,2021,-0.49
chase de jong,2021,-0.08
chasen shreve,2021,1.27
chaz roe,2021,-0.19
chi chi gonzalez,2021,-0.75
chris archer,2021,-0.09
chris bassitt,2021,3.98
chris devenski,2021,-0.33
chris ellis,2021,1.2200000000000002
chris flexen,2021,3.37
chris gittens,2021,-0.17
chris martin,2021,0.36
chris mazza,2021,-0.02
chris owings,2021,0.61
chris paddack,2021,-0.8099999999999999
chris rodriguez,2021,0.45
chris sale,2021,0.92
chris stratton,2021,1.1199999999999999
chris taylor,2021,2.45
christian arroyo,2021,1.47
christian vazquez,2021,1.17
christian walker,2021,0.59
christian yelich,2021,1.28
cionel perez,2021,-0.5
cj cron,2021,3.41
clarke schmidt,2021,-0.26
clay holmes,2021,1.29
clayton kershaw,2021,2.56
clint frazier,2021,-1.49
codi heuer,2021,0.5700000000000001
cody bellinger,2021,-1.58
cody ponce,2021,-0.95
cody poteet,2021,0.05
cody reed,2021,0.01
cody stashak,2021,-0.39
cody wilson,2021,-0.03
cole irvin,2021,1.54
cole sulser,2021,2.27
cole tucker,2021,-0.72
colin moran,2021,-0.26
colin rea,2021,-0.12000000000000001
collin mchugh,2021,2.03
colten brewer,2021,-0.18
colton welker,2021,-0.37
conner greene,2021,-0.44
conner menez,2021,-0.27
connor brogdon,2021,0.98
connor joe,2021,1.71
connor overton,2021,0.1
connor seabold,2021,0.0
connor wong,2021,0.33
cooper criswell,2021,-0.17
corbin burnes,2021,5.34
corbin martin,2021,-0.5599999999999999
corey dickerson,2021,0.33999999999999997
corey kluber,2021,1.43
corey knebel,2021,0.73
corey oswalt,2021,0.17
corey ray,2021,-0.02
corey seager,2021,3.44
cory abbott,2021,-0.38
craig kimbrel,2021,2.4200000000000004
craig stammen,2021,1.53
cristian javier,2021,1.34
cristian pache,2021,-0.67
cristopher sanchez,2021,-0.01
curt casali,2021,0.64
curtis terry,2021,-0.72
dakota hudson,2021,0.33
dallas keuchel,2021,0.030000000000000002
damon jones,2021,0.01
dan altavilla,2021,-0.03
dan winkler,2021,-0.17
dane dunning,2021,0.78
daniel bard,2021,-0.24
daniel camarena,2021,-0.51
daniel castano,2021,-0.03
daniel hudson,2021,0.76
daniel johnson,2021,-0.17
daniel lynch iv,2021,-0.19
daniel norris,2021,-0.71
daniel ponce de leon,2021,-0.7000000000000001
daniel robertson,2021,-0.25
daniel vogelbach,2021,-0.1
daniel zamora,2021,-0.26
danny coulombe,2021,0.24
danny duffy,2021,2.01
danny jansen,2021,1.28
danny mendick,2021,-0.31
danny santana,2021,-0.23
dansby swanson,2021,2.27
darien nunez,2021,-0.41
darin ruf,2021,2.84
darren mccaughan,2021,-0.19
darren oday,2021,0.27
darwinzon hernandez,2021,0.89
daulton jefferies,2021,0.24
daulton varsho,2021,1.59
dauri moreta,2021,0.08
david bednar,2021,2.12
david bote,2021,-0.52
david dahl,2021,-0.76
david fletcher,2021,1.6
david hale,2021,-0.17
david hess,2021,-1.08
david paulino,2021,-0.04
david peralta,2021,1.0699999999999998
david peterson,2021,-0.49
david phelps,2021,0.44
david price,2021,0.8300000000000001
david robertson,2021,-0.09
daz cameron,2021,-0.26
dean kremer,2021,-0.87
deivi garcia,2021,-0.16
delino deshields,2021,0.29
dellin betances,2021,-0.02
demarcus evans,2021,-0.11
dennis santana,2021,-0.15000000000000002
deolis guerra,2021,0.18
derek fisher,2021,0.02
derek hill,2021,-0.14
derek holland,2021,0.09
derek law,2021,0.1
deven marrero,2021,0.01
devin smeltzer,2021,0.1
devin williams,2021,1.51
dexter fowler,2021,-0.17
didi gregorius,2021,-1.0
diego castillo,2021,1.15
dietrich enns,2021,0.27
dillon maples,2021,0.62
dillon peters,2021,0.5700000000000001
dillon tate,2021,0.86
dillon thomas,2021,-0.02
dinelson lamet,2021,0.21
dj johnson,2021,0.09
dj lemahieu,2021,1.61
dj peters,2021,0.039999999999999994
dj stewart,2021,-0.29
dom nunez,2021,-0.5
domingo acevedo,2021,0.14
domingo german,2021,1.31
domingo leyba,2021,-1.23
domingo tapia,2021,1.09
dominic leone,2021,1.76
dominic smith,2021,-0.74
donovan solano,2021,1.13
donovan walton,2021,0.04
drew anderson,2021,0.29
drew butera,2021,-0.54
drew carlton,2021,0.01
drew ellis,2021,-0.73
drew hutchison,2021,0.22999999999999998
drew pomeranz,2021,0.76
drew rasmussen,2021,1.7
drew smith,2021,0.8
drew smyly,2021,0.32999999999999996
drew steckenrider,2021,2.52
duane underwood jr,2021,0.19
dusten knight,2021,-0.23
dustin fowler,2021,-0.46
dustin garneau,2021,0.46
dustin may,2021,0.5299999999999999
dylan bundy,2021,-0.27
dylan carlson,2021,3.18
dylan cease,2021,3.13
dylan coleman,2021,0.23
dylan floro,2021,1.48
dylan lee,2021,-0.06
dylan moore,2021,0.9
eddie rosario,2021,1.06
eddy alvarez,2021,0.13
edgar garcia,2021,-1.08
edgar santana,2021,0.31
edmundo sosa,2021,3.2
eduard bazardo,2021,0.13
eduardo escobar,2021,2.4800000000000004
eduardo rodriguez,2021,1.5599999999999998
edward cabrera,2021,-0.41
edward olivares,2021,-0.02
edwin diaz,2021,1.05
edwin rios,2021,-0.79
edwin uceta,2021,-0.49
ehire adrianza,2021,0.48
eli morgan,2021,0.26999999999999996
eli white,2021,-0.1
elias diaz,2021,2.19
elieser hernandez,2021,0.32999999999999996
eloy jimenez,2021,0.65
elvis andrus,2021,0.64
elvis peguero,2021,-0.4
emilio pagan,2021,-0.32
emmanuel clase,2021,2.77
emmanuel rivera,2021,0.15
ender inciarte,2021,-0.09
enoli paredes,2021,-0.45
enrique hernandez,2021,4.92
enyel de los santos,2021,-0.6799999999999999
erasmo ramirez,2021,-0.12
eric campbell,2021,0.03
eric haase,2021,1.9
eric hanhold,2021,-0.24
eric hosmer,2021,1.17
eric lauer,2021,2.29
eric sogard,2021,-0.66
eric yardley,2021,-0.45
erick castillo,2021,0.14
erick fedde,2021,-1.44
erik gonzalez,2021,-0.44
erik swanson,2021,0.33
ernie clement,2021,-0.06
ervin santana,2021,0.45
estevan florial,2021,0.33
eugenio suarez,2021,-0.54
evan longoria,2021,1.65
evan marshall,2021,-0.16
evan phillips,2021,0.09
evan white,2021,-0.62
felix pena,2021,-0.31
fernando abad,2021,-0.1
fernando tatis jr,2021,6.61
framber valdez,2021,2.4200000000000004
franchy cordero,2021,-0.73
francisco lindor,2021,3.03
francisco mejia,2021,1.34
francisco perez,2021,0.06
frank schwindel,2021,1.74
frankie montas,2021,3.7
franmil reyes,2021,1.68
freddie freeman,2021,4.75
freddy galvis,2021,1.28
freddy peralta,2021,3.5
gabe klobosits,2021,-0.21
gabe speier,2021,0.13
garrett cleavinger,2021,0.16
garrett cooper,2021,1.02
garrett crochet,2021,1.28
garrett hampson,2021,0.71
garrett richards,2021,0.28
garrett stubbs,2021,-0.21
garrett whitlock,2021,2.88
gary sanchez,2021,0.71
gavin lux,2021,1.47
gavin sheets,2021,0.06
genesis cabrera,2021,0.23
geoff hartlieb,2021,-0.31
george springer,2021,2.3
geraldo perdomo,2021,0.33
gerardo parra,2021,-0.46
german marquez,2021,3.16
gerrit cole,2021,5.71
giancarlo stanton,2021,3.1
gilberto celestino,2021,-0.29
gio urshela,2021,0.56
giovanny gallegos,2021,1.25
glenn otto,2021,-0.85
gleyber torres,2021,0.7
grant dayton,2021,-0.35
grayson greiner,2021,-0.03
greg allen,2021,0.52
greg deichmann,2021,-0.36
greg holland,2021,0.02
gregory polanco,2021,-1.56
gregory santos,2021,-0.68
gregory soto,2021,1.39
griffin canning,2021,0.08
griffin jax,2021,-1.12
guillermo heredia,2021,0.31
hans crouse,2021,0.01
hansel robles,2021,-0.15999999999999998
hanser alberto,2021,0.64
harold castro,2021,-0.09
harold ramirez,2021,0.25
harrison bader,2021,4.09
haseong kim,2021,2.06
heath hembree,2021,-0.31
hector neris,2021,1.18
hector santiago,2021,0.39
henry ramos,2021,-0.54
hernan perez,2021,-0.3
hirokazu sawamura,2021,0.75
hoby milner,2021,-0.19
hoy park,2021,-0.37
huascar ynoa,2021,1.6300000000000001
humberto arteaga,2021,-0.1
humberto castellanos,2021,0.54
humberto mejia,2021,-0.38
hunter dozier,2021,-2.36
hunter harvey,2021,0.15
hunter owen,2021,-0.06
hunter renfroe,2021,2.42
hunter strickland,2021,0.8899999999999999
hunter wood,2021,0.07
hyeonjong yang,2021,-0.37
hyun jin ryu,2021,1.97
ian anderson,2021,2.56
ian gibaut,2021,0.12
ian happ,2021,1.56
ian kennedy,2021,1.42
ian krol,2021,0.07
ildemaro vargas,2021,-0.36
isaac mattson,2021,0.0
isaac paredes,2021,-0.28
isan diaz,2021,-1.48
isiah kinerfalefa,2021,3.85
ivan castillo,2021,0.04
ja happ,2021,-1.3900000000000001
jace fry,2021,-0.27
jace peterson,2021,0.46
jack flaherty,2021,1.09
jack kruger,2021,0.0
jack lopez,2021,0.06
jack mayfield,2021,0.16000000000000003
jackie bradley jr,2021,-0.66
jackson kowar,2021,-1.46
jacob barnes,2021,-0.41
jacob degrom,2021,5.08
jacob latz,2021,-0.04
jacob nottingham,2021,-0.22999999999999998
jacob robson,2021,-0.19
jacob stallings,2021,2.96
jacob webb,2021,-0.13
jacob wilson,2021,-0.06999999999999999
jacoby jones,2021,-0.55
jahmai jones,2021,-0.59
jaime barria,2021,0.87
jake arrieta,2021,-2.59
jake bauers,2021,-0.33999999999999997
jake brentz,2021,0.45
jake burger,2021,0.42
jake cave,2021,-0.83
jake cousins,2021,0.7
jake cronenworth,2021,4.83
jake diekman,2021,0.37
jake faria,2021,0.05
jake fraley,2021,1.42
jake hager,2021,-0.06000000000000001
jake jewell,2021,-0.53
jake lamb,2021,-0.18000000000000002
jake marisnick,2021,0.03999999999999998
jake mccarthy,2021,0.43
jake mcgee,2021,1.01
jake meyers,2021,1.13
jake newberry,2021,-0.42
jake odorizzi,2021,0.6
jake petricka,2021,-0.83
jake reed,2021,0.03
jake rogers,2021,1.1199999999999999
jake woodford,2021,0.29
jakob junis,2021,0.039999999999999994
jakson reetz,2021,0.07
james hoyt,2021,-0.38
james kaprielian,2021,1.49
james karinchak,2021,0.9
james mccann,2021,-0.28
james norwood,2021,0.23
james paxton,2021,-0.02
james sherfy,2021,0.049999999999999996
jameson taillon,2021,2.31
jandel gustave,2021,0.039999999999999994
janson junk,2021,0.0
jared hoying,2021,-0.08
jared oliva,2021,-0.39
jared walsh,2021,2.71
jarlin garcia,2021,1.63
jarred kelenic,2021,-1.59
jarren duran,2021,-0.64
jarrod dyson,2021,-0.03
jason adam,2021,-0.1
jason castro,2021,1.04
jason foley,2021,0.27
jason heyward,2021,0.31
jason martin,2021,-0.25
jason vosler,2021,-0.89
javier baez,2021,4.33
javy guerra,2021,-0.64
jay bruce,2021,-0.43
jay flaa,2021,-0.09000000000000001
jay jackson,2021,0.22999999999999998
jaylin davis,2021,-0.05
jazz chisholm jr,2021,2.24
jb bukauskas,2021,-0.86
jb wendelken,2021,0.22
jc mejia,2021,-1.22
jd davis,2021,0.77
jd hammer,2021,0.08
jd martinez,2021,3.15
jean segura,2021,3.83
jed lowrie,2021,0.16
jeff hoffman,2021,0.93
jeff mathis,2021,-0.22
jeff mcneil,2021,1.42
jeffrey springs,2021,0.22
jefry rodriguez,2021,-0.13
jeimer candelario,2021,3.56
jerad eickhoff,2021,-0.8699999999999999
jeremy beasley,2021,-0.19
jesse biddle,2021,-0.2
jesse chavez,2021,1.05
jesse hahn,2021,-0.35
jesse winker,2021,2.65
jesus aguilar,2021,1.25
jesus luzardo,2021,-1.3399999999999999
jesus sanchez,2021,1.03
jesus tinoco,2021,-0.3
jeurys familia,2021,0.04
jharel cotton,2021,0.32
jhon romero,2021,0.05
jhonathan diaz,2021,0.25
jhoulys chacin,2021,0.61
jiman choi,2021,0.97
jimmy herget,2021,-0.15
jimmy lambert,2021,-0.07
jimmy nelson,2021,0.95
jo adell,2021,0.19
joakim soria,2021,0.010000000000000009
joan adon,2021,0.09999999999999999
joc pederson,2021,-0.05
joe barlow,2021,0.75
joe biagini,2021,0.19
joe jimenez,2021,-0.5
joe kelly,2021,0.74
joe mantiply,2021,-0.02
joe musgrove,2021,3.5100000000000002
joe panik,2021,-1.56
joe ross,2021,1.24
joe ryan,2021,0.32999999999999996
joe smith,2021,0.21999999999999997
joel payamps,2021,0.91
joely rodriguez,2021,-0.29
joey bart,2021,0.0
joey gallo,2021,4.54
joey krehbiel,2021,0.09
joey lucchesi,2021,0.09
joey votto,2021,3.33
joey wendle,2021,3.77
johan camargo,2021,-0.36
johan oviedo,2021,-0.41000000000000003
john andreoli,2021,0.01
john axford,2021,-0.09
john brebbia,2021,-0.25
john curtiss,2021,0.06999999999999995
john gant,2021,0.41999999999999993
john hicks,2021,0.27
john king,2021,0.03
john means,2021,3.65
john nogowski,2021,-0.48000000000000004
john schreiber,2021,0.08
johneshwy fargas,2021,0.06
johnny cueto,2021,0.84
jojo romero,2021,-0.29
jon berti,2021,0.58
jon duplantier,2021,-0.78
jon gray,2021,1.24
jon jay,2021,0.05
jon lester,2021,-0.24999999999999994
jonah heim,2021,-0.06
jonathan arauz,2021,0.049999999999999996
jonathan davis,2021,-0.23
jonathan heasley,2021,0.11
jonathan india,2021,4.05
jonathan loaisiga,2021,3.28
jonathan lucroy,2021,0.06999999999999999
jonathan schoop,2021,1.86
jonathan stiever,2021,0.0
jonathan villar,2021,1.77
jordan hicks,2021,-0.08
jordan holloway,2021,0.13999999999999999
jordan luplow,2021,0.58
jordan lyles,2021,-0.07
jordan montgomery,2021,3.29
jordan romano,2021,2.38
jordan sheffield,2021,0.59
jordan weems,2021,-0.44999999999999996
jordan yamamoto,2021,-0.18
jordan zimmermann,2021,-0.09999999999999999
jordy mercer,2021,0.07
jorge alcala,2021,0.29
jorge alfaro,2021,-0.54
jorge bonifacio,2021,-0.26
jorge guzman,2021,-0.22
jorge lopez,2021,-0.06
jorge mateo,2021,0.51
jorge polanco,2021,4.97
jorge soler,2021,0.08999999999999986
jose abreu,2021,2.98
jose altuve,2021,4.49
jose alvarado,2021,0.34
jose alvarez,2021,1.3
jose barrero,2021,0.06
jose berrios,2021,3.29
jose cisnero,2021,0.36
jose de leon,2021,-0.47
jose devers,2021,-0.24
jose godoy,2021,-0.13
jose iglesias,2021,-0.78
jose lobaton,2021,-0.26
jose marmolejos,2021,-0.59
jose marte,2021,-0.19
jose peraza,2021,0.0
jose quijada,2021,0.11
jose quintana,2021,-0.75
jose ramirez,2021,6.65
jose rojas,2021,-0.73
jose rondon,2021,0.15
jose ruiz,2021,1.08
jose siri,2021,0.4
jose suarez,2021,1.77
jose trevino,2021,0.1
jose urena,2021,-0.54
jose urquidy,2021,1.98
joseph odom,2021,-0.04
josh bell,2021,3.07
josh donaldson,2021,3.03
josh fleming,2021,-0.56
josh hader,2021,3.21
josh harrison,2021,1.9499999999999997
josh james,2021,0.01
josh lindblom,2021,-0.62
josh lowe,2021,0.09
josh naylor,2021,-0.1
josh osich,2021,0.1
josh reddick,2021,-0.44
josh rogers,2021,0.7
josh rojas,2021,0.78
josh sborz,2021,0.33
josh staumont,2021,1.49
josh taylor,2021,1.24
josh tomlin,2021,-0.68
josh vanmeter,2021,-0.2
joshua fuentes,2021,0.30000000000000004
joshua palacios,2021,-0.09
josiah gray,2021,-0.30000000000000004
jovani moran,2021,-0.22
jp crawford,2021,3.65
jp feyereisen,2021,0.9
jt brubaker,2021,0.39999999999999997
jt chargois,2021,1.51
jt realmuto,2021,3.48
jt riddle,2021,0.17
juan lagares,2021,-0.41
juan minaya,2021,1.15
juan soto,2021,7.33
julian fernandez,2021,-0.18
julian merryweather,2021,0.13
julio teheran,2021,0.23
julio urias,2021,5.06
junior fernandez,2021,-0.14
junior guerra,2021,-0.38
jurickson profar,2021,0.01
justin bruihl,2021,0.36
justin dunn,2021,1.06
justin garza,2021,0.15
justin lawrence,2021,-0.69
justin miller,2021,-0.38
justin steele,2021,0.6
justin topa,2021,-0.61
justin turner,2021,3.4899999999999998
justin upton,2021,-0.73
justin williams,2021,-0.5
justin wilson,2021,-0.050000000000000044
justus sheffield,2021,-1.8499999999999999
kaai tom,2021,-0.42000000000000004
kaleb ort,2021,0.01
kean wong,2021,-0.55
kebryan hayes,2021,2.3
keegan akin,2021,-0.37
keegan thompson,2021,0.77
keibert ruiz,2021,0.53
kelvin gutierrez,2021,0.09000000000000008
kendall graveman,2021,2.0999999999999996
kenley jansen,2021,2.45
kent emanuel,2021,0.41
kenta maeda,2021,0.33999999999999997
keone kela,2021,-0.29
kervin castro,2021,0.78
keston hiura,2021,-0.85
ketel marte,2021,1.89
keury mella,2021,-0.26
kevan smith,2021,-0.84
kevin gausman,2021,5.39
kevin ginkel,2021,-0.64
kevin kiermaier,2021,3.41
kevin newman,2021,0.61
kevin padlo,2021,-0.13
kevin pillar,2021,0.45
kevin plawecki,2021,0.27
kevin quackenbush,2021,-0.04
kevin smith,2021,-0.32
keynan middleton,2021,-0.03
khalil lee,2021,-0.37
khris davis,2021,-0.35
kirby snead,2021,0.19
kodi whitley,2021,0.41
kohei arihara,2021,-0.68
kohl stewart,2021,-0.26
kolby allard,2021,-0.8200000000000001
kole calhoun,2021,0.01
kolten wong,2021,3.26
konner wade,2021,-0.39
kris bryant,2021,3.2800000000000002
kris bubic,2021,1.2
kurt suzuki,2021,-0.43
kutter crawford,2021,-0.26
kwang hyun kim,2021,1.22
kyle barraclough,2021,-0.08
kyle cody,2021,-0.43
kyle crick,2021,0.08
kyle dohy,2021,0.04
kyle farmer,2021,1.22
kyle finnegan,2021,-0.56
kyle freeland,2021,2.1999999999999997
kyle funkhouser,2021,0.98
kyle garlick,2021,0.09
kyle gibson,2021,3.62
kyle hendricks,2021,0.71
kyle higashioka,2021,0.45
kyle isbel,2021,0.58
kyle keller,2021,-0.53
kyle lewis,2021,0.42
kyle lobstein,2021,-0.15
kyle mcgowin,2021,0.16999999999999998
kyle muller,2021,0.51
kyle nelson,2021,-0.28
kyle ryan,2021,-0.25
kyle schwarber,2021,3.51
kyle seager,2021,1.9
kyle tucker,2021,5.25
kyle tyler,2021,0.31
kyle wright,2021,-0.20999999999999996
kyle zimmer,2021,-0.09
lamonte wade jr,2021,1.42
lance lynn,2021,5.449999999999999
lance mccullers jr,2021,3.28
lane thomas,2021,0.6900000000000002
lars nootbaar,2021,0.97
leody taveras,2021,-0.19
leury garcia,2021,2.08
lewin diaz,2021,0.92
lewis brinson,2021,-0.09
lewis thorpe,2021,-0.22
liam hendriks,2021,2.64
ljay newsome,2021,-0.41
logan allen,2021,-0.7
logan gilbert,2021,0.91
logan webb,2021,4.0600000000000005
lorenzo cain,2021,2.29
lou trivino,2021,1.21
louis head,2021,0.56
lourdes gurriel jr,2021,2.45
lucas gilbreath,2021,0.92
lucas giolito,2021,4.3
lucas luetge,2021,1.42
lucas sims,2021,0.62
luis arraez,2021,3.16
luis avilan,2021,-0.34
luis barrera,2021,0.07
luis campusano,2021,-0.54
luis castillo,2021,4.27
luis cessa,2021,1.99
luis frias,2021,0.09
luis garcia,2021,2.9000000000000004
luis garcia jr,2021,0.24
luis gil,2021,0.79
luis gonzalez,2021,0.07
luis guillorme,2021,0.46
luis madero,2021,-0.32
luis marte,2021,-0.13
luis oviedo,2021,-0.92
luis patino,2021,0.23
luis rengifo,2021,-0.72
luis robert jr,2021,3.68
luis severino,2021,0.33
luis torrens,2021,0.98
luis urias,2021,3.25
luke farrell,2021,-0.01
luke jackson,2021,2.25
luke maile,2021,0.24000000000000002
luke raley,2021,-0.54
luke voit,2021,0.29
luke weaver,2021,1.01
luke williams,2021,0.05
mac sceroler,2021,-0.47
madison bumgarner,2021,1.67
magneuris sierra,2021,-0.03
maikel franco,2021,-1.44
manny barreda,2021,-0.11
manny machado,2021,5.03
manny pina,2021,1.46
manuel margot,2021,3.03
manuel rodriguez,2021,-0.88
marcell ozuna,2021,-0.12
marco gonzales,2021,2.1
marcos diplan,2021,0.28
marcus semien,2021,7.14
marcus stroman,2021,3.69
mario feliciano,2021,0.03
mark canha,2021,2.68
mark melancon,2021,2.14
mark payton,2021,-0.33
martin maldonado,2021,-0.01
martin perez,2021,0.4
marwin gonzalez,2021,-0.73
mason thompson,2021,-0.13
mason williams,2021,0.03
matt adams,2021,-0.26
matt andriese,2021,-0.56
matt barnes,2021,1.1
matt beaty,2021,0.04
matt bush,2021,-0.06
matt carpenter,2021,-1.08
matt chapman,2021,3.36
matt duffy,2021,1.69
matt foster,2021,-0.42
matt harvey,2021,-0.79
matt joyce,2021,-0.58
matt manning,2021,-0.4
matt moore,2021,-0.7899999999999999
matt olson,2021,5.94
matt peacock,2021,0.38
matt shoemaker,2021,-1.83
matt strahm,2021,-0.18
matt thaiss,2021,-0.08
matt vierling,2021,0.24
matt wisler,2021,0.09999999999999998
matthew boyd,2021,1.4800000000000002
mauricio dubon,2021,0.26
mauricio llovera,2021,-0.13
max fried,2021,4.85
max kepler,2021,1.91
max kranick,2021,-0.51
max moroff,2021,-0.3
max muncy,2021,4.62
max scherzer,2021,5.33
max schrock,2021,0.17
max stassi,2021,1.78
merrill kelly,2021,2.29
michael a taylor,2021,2.95
michael brantley,2021,2.22
michael chavis,2021,-0.38
michael conforto,2021,0.45
michael feliz,2021,-0.33999999999999997
michael fulmer,2021,1.93
michael hermosillo,2021,0.03
michael king,2021,0.96
michael kopech,2021,1.42
michael lorenzen,2021,-0.1
michael perez,2021,-0.88
michael pineda,2021,1.47
michael rucker,2021,-0.95
michael wacha,2021,-0.54
mickey jannis,2021,-0.16
mickey moniak,2021,-0.34
miguel aguilar,2021,-0.16
miguel andujar,2021,-0.47
miguel cabrera,2021,-0.54
miguel castro,2021,0.57
miguel del pozo,2021,0.09
miguel diaz,2021,0.27
miguel rojas,2021,2.59
miguel sanchez,2021,-0.019999999999999997
miguel sano,2021,0.88
miguel yajure,2021,-0.41000000000000003
mike baumann,2021,-0.44
mike brosseau,2021,0.97
mike fiers,2021,-0.23
mike foltynewicz,2021,-0.63
mike ford,2021,-0.18
mike freeman,2021,-0.53
mike kickham,2021,-0.08
mike mayers,2021,1.45
mike minor,2021,0.92
mike moustakas,2021,-1.05
mike tauchman,2021,0.02999999999999999
mike trout,2021,1.92
mike wright jr,2021,-0.03
mike yastrzemski,2021,2.47
mike zunino,2021,3.67
miles mikolas,2021,-0.09
mitch garver,2021,2.08
mitch haniger,2021,2.83
mitch keller,2021,-0.33
mitch moreland,2021,0.06
mitch white,2021,-0.35
monte harrison,2021,0.08
mookie betts,2021,4.06
mychal givens,2021,1.41
myles straw,2021,3.2800000000000002
nabil crismatt,2021,0.27
nate jones,2021,-0.33999999999999997
nate pearson,2021,0.07
nathan eovaldi,2021,4.32
nathaniel lowe,2021,2.33
neftali feliz,2021,-0.38
nelson cruz,2021,2.5
nestor cortes,2021,2.78
nick ahmed,2021,0.75
nick allgeyer,2021,0.04
nick anderson,2021,0.0
nick castellanos,2021,3.09
nick ciuffo,2021,0.06
nick fortes,2021,0.23
nick gordon,2021,0.08
nick heath,2021,-0.25
nick madrigal,2021,1.21
nick margevicius,2021,-0.68
nick martini,2021,-0.33
nick maton,2021,0.25
nick mears,2021,-0.08
nick neidert,2021,0.24
nick nelson,2021,-0.91
nick pivetta,2021,2.4899999999999998
nick ramirez,2021,-0.31000000000000005
nick sandlin,2021,0.39
nick senzel,2021,-0.48
nick solak,2021,1.0
nick tropeano,2021,0.08
nick vincent,2021,0.52
nick williams,2021,-0.28
nick wittgren,2021,-0.08
nicklaus snyder,2021,0.0
nicky lopez,2021,4.41
nico hoerner,2021,1.18
niko goodrum,2021,-0.19
nivaldo rodriguez,2021,0.12
noah syndergaard,2021,-0.1
noe ramirez,2021,0.81
nolan arenado,2021,4.26
nomar mazara,2021,-0.33
odubel herrera,2021,1.77
oliver ortega,2021,0.06
oliver perez,2021,0.15
omar narvaez,2021,1.53
oneil cruz,2021,0.11
orlando arcia,2021,-0.13
oscar mercado,2021,0.95
otto lopez,2021,-0.03
owen miller,2021,-0.97
ozzie albies,2021,3.82
pablo lopez,2021,2.6999999999999997
pablo reyes,2021,0.66
pablo sandoval,2021,-0.2
packy naughton,2021,-0.23
paolo espino,2021,1.12
pat valaika,2021,-1.68
patrick corbin,2021,-1.0699999999999998
patrick kivlehan,2021,0.08
patrick mazeika,2021,-0.15
patrick murphy,2021,-0.28
patrick sandoval,2021,2.04
patrick weigel,2021,0.0
patrick wisdom,2021,2.14
paul blackburn,2021,-0.19
paul campbell,2021,-0.95
paul dejong,2021,1.49
paul fry,2021,-0.59
paul goldschmidt,2021,5.94
paul sewald,2021,1.58
pavin smith,2021,-0.05
payton henry,2021,0.02
pedro avila,2021,0.060000000000000005
pedro baez,2021,0.08
pedro severino,2021,1.06
pedro strop,2021,0.1
pete alonso,2021,4.06
pete fairbanks,2021,0.13
pete kozma,2021,0.19
peter lambert,2021,-0.27
peter solomon,2021,0.42
phil bickford,2021,1.22
phil gosselin,2021,-0.36
phil maton,2021,-0.030000000000000027
phillip evans,2021,-0.36000000000000004
phillips valdez,2021,-0.21
pierce johnson,2021,1.05
pj higgins,2021,-0.38
preston guilmet,2021,0.0
rafael devers,2021,3.59
rafael dolis,2021,-0.23
rafael marchan,2021,0.24
rafael montero,2021,-1.48
rafael ortega,2021,2.0
raimel tapia,2021,0.92
raisel iglesias,2021,2.79
ralph garza,2021,0.28
ramon laureano,2021,2.67
ramon rosso,2021,-0.039999999999999994
ramon urias,2021,2.0
randal grichuk,2021,0.8
randy arozarena,2021,4.17
randy dobnak,2021,-1.28
ranger suarez,2021,5.85
raynel espinal,2021,-0.04
reese mcguire,2021,0.31
reid detmers,2021,-0.19
reiss knehr,2021,-0.12
reiver sanmartin,2021,0.52
renato nunez,2021,-0.07
rene rivera,2021,-0.1
rex brothers,2021,-0.28
reyes moronta,2021,0.11
reymin guduan,2021,-0.2
reynaldo lopez,2021,0.92
rhys hoskins,2021,2.13
rich hill,2021,1.4300000000000002
richard bleier,2021,1.21
richard lovelady,2021,0.46
richard rodriguez,2021,2.06
richie martin,2021,-0.94
riley adams,2021,0.5
riley obrien,2021,-0.1
riley smith,2021,-0.53
rio ruiz,2021,-0.57
rj alaniz,2021,0.07
roansy contreras,2021,0.21
rob brantly,2021,-0.17
rob refsnyder,2021,-0.1
robbie grossman,2021,2.9
robbie ray,2021,6.8100000000000005
robel garcia,2021,-1.01
robert dugger,2021,-0.62
robert gsellman,2021,0.060000000000000005
robert stephenson,2021,0.85
robert stock,2021,-0.26
roberto perez,2021,-0.08
robinson chirinos,2021,0.17
rodolfo castro,2021,-0.4
roel ramirez,2021,-0.13
roman quinn,2021,0.23
romy gonzalez,2021,-0.09000000000000001
ronald acuna jr,2021,3.47
ronald bolanos,2021,0.16
ronald guzman,2021,-0.21
ronald torreyes,2021,0.11000000000000001
ronnie dawson,2021,-0.06
rony garcia,2021,0.12000000000000001
ross detwiler,2021,0.23
ross stripling,2021,0.8899999999999999
rougned odor,2021,0.36
rowan wick,2021,-0.01
rowdy tellez,2021,-0.37
ryan borucki,2021,0.0
ryan brasier,2021,0.18
ryan buchter,2021,-0.23
ryan burr,2021,1.12
ryan castellani,2021,0.060000000000000005
ryan dorow,2021,-0.11
ryan feltner,2021,-0.33
ryan hartman,2021,0.0
ryan helsley,2021,-0.21
ryan hendrix,2021,-0.27
ryan jeffers,2021,0.66
ryan lamarre,2021,-0.02
ryan lavarnway,2021,0.0
ryan mcbroom,2021,-0.03
ryan mckenna,2021,-0.24
ryan mcmahon,2021,4.02
ryan meisinger,2021,-0.35
ryan mountcastle,2021,1.07
ryan ohearn,2021,-0.84
ryan pressly,2021,1.87
ryan sherriff,2021,-0.39
ryan tepera,2021,1.7200000000000002
ryan thompson,2021,0.83
ryan vilade,2021,-0.12
ryan weathers,2021,-0.2
ryan weber,2021,-0.31000000000000005
ryan yarbrough,2021,-1.08
ryan zimmerman,2021,1.08
ryne harper,2021,0.3
ryne stanek,2021,0.48
sal romano,2021,-0.59
salvador perez,2021,5.27
sam clay,2021,-0.71
sam coonrod,2021,0.41
sam haggerty,2021,-0.24
sam hentges,2021,-1.04
sam hilliard,2021,0.75
sam howard,2021,-0.35
sam long,2021,-0.38999999999999996
sam moll,2021,0.13
sam selman,2021,-0.14
sandy alcantara,2021,3.9400000000000004
sandy leon,2021,-0.8500000000000001
santiago espinal,2021,2.36
scott alexander,2021,0.18
scott barlow,2021,2.78
scott blewett,2021,0.13
scott effross,2021,0.16
scott heineman,2021,-0.22
scott hurst,2021,-0.02
scott kazmir,2021,-0.26
scott kingery,2021,-0.52
scott schebler,2021,-0.36
sean doolittle,2021,0.63
sean guenther,2021,-0.69
sean kazmar jr,2021,-0.08
sean manaea,2021,3.3800000000000003
sean murphy,2021,2.75
sean newcomb,2021,0.05
sean nolin,2021,0.12
sean poppen,2021,-0.32999999999999996
sean reidfoley,2021,-0.30000000000000004
sebastian rivero,2021,-0.24
seby zavala,2021,-0.24
seranthony dominguez,2021,0.04
sergio alcantara,2021,0.42
sergio romo,2021,0.11
seth beer,2021,0.12
seth brown,2021,1.46
seth elledge,2021,-0.05
seth frankoff,2021,-0.39
seth lugo,2021,0.7799999999999999
seth martinez,2021,-0.17
shane baz,2021,0.43
shane bieber,2021,2.5700000000000003
shane greene,2021,-0.49
shane mcclanahan,2021,1.78
shaun anderson,2021,-0.87
shawn armstrong,2021,-0.6
shawn morimando,2021,-0.4
shea spitzbarth,2021,0.07
shed long jr,2021,-0.34
shelby miller,2021,-0.25
sheldon neuse,2021,-0.5
shogo akiyama,2021,-0.94
shohei ohtani,2021,8.96
skye bolt,2021,-0.5900000000000001
sonny gray,2021,3.06
spencer howard,2021,-1.03
spencer patton,2021,0.37
spencer strider,2021,0.0
spencer turnbull,2021,1.33
spenser watkins,2021,-0.89
starlin castro,2021,1.08
starling marte,2021,4.82
stefan crichton,2021,-0.71
stephen gonsalves,2021,0.06
stephen nogosek,2021,-0.02
stephen piscotty,2021,-0.64
stephen ridings,2021,0.09
stephen strasburg,2021,0.15
stephen tarpley,2021,0.0
stephen vogt,2021,-0.12999999999999998
steve cishek,2021,1.16
steven brault,2021,0.05
steven duggar,2021,2.2
steven matz,2021,2.21
steven okert,2021,0.77
steven souza jr,2021,-0.18
stevie wilkerson,2021,-0.47000000000000003
stuart fairchild,2021,-0.02
taijuan walker,2021,0.45
tanner anderson,2021,0.06999999999999999
tanner houck,2021,1.53
tanner rainey,2021,-1.07
tanner roark,2021,-0.26
tanner scott,2021,-0.06
tarik skubal,2021,1.72
tayler saucedo,2021,0.07
taylor clarke,2021,0.05
taylor davis,2021,0.08
taylor gushue,2021,-0.11
taylor hearn,2021,0.04
taylor jones,2021,0.1
taylor motter,2021,0.04000000000000001
taylor rogers,2021,0.42
taylor trammell,2021,-0.23
taylor walls,2021,1.44
taylor ward,2021,0.64
taylor widener,2021,0.76
taylor williams,2021,0.0
tejay antone,2021,2.01
teoscar hernandez,2021,3.48
thairo estrada,2021,0.76
thomas eshelman,2021,-0.25
thomas hatch,2021,-0.11
thomas szapucki,2021,-0.13
tim anderson,2021,4.48
tim hill,2021,-0.1
tim locastro,2021,-0.75
tim lopes,2021,-0.17
tim mayza,2021,0.95
tj friedl,2021,-0.11
tj mcfarland,2021,0.84
tj zeuch,2021,-0.6
todd frazier,2021,-0.4
tom murphy,2021,0.95
tomas nido,2021,0.42
tommy edman,2021,3.77
tommy hunter,2021,0.46
tommy la stella,2021,0.26
tommy milone,2021,-0.13
tommy nance,2021,-0.67
tommy pham,2021,1.48
tony gonsolin,2021,1.3
tony kemp,2021,3.3
tony santillan,2021,1.45
tony watson,2021,0.8
tony wolters,2021,-0.29
touki toussaint,2021,0.13
travis bergen,2021,0.55
travis blankenhorn,2021,-0.21
travis darnaud,2021,0.24
travis jankowski,2021,0.48
travis lakins sr,2021,-0.21
travis shaw,2021,-0.57
trayce thompson,2021,0.57
trea turner,2021,6.5
trent giambrone,2021,-0.12
trent grisham,2021,3.14
trent thornton,2021,-0.32
tres barrera,2021,0.46
trevor bauer,2021,2.83
trevor cahill,2021,-0.48
trevor hildenberger,2021,-0.14
trevor larnach,2021,0.37
trevor may,2021,0.46
trevor megill,2021,-1.0
trevor richards,2021,0.9600000000000001
trevor rogers,2021,3.33
trevor stephan,2021,0.42
trevor story,2021,4.33
trevor williams,2021,0.37
trey amburgey,2021,-0.05
trey mancini,2021,0.99
triston mckenzie,2021,1.01
troy stokes jr,2021,0.03
tucker barnhart,2021,0.31
tucker davidson,2021,0.38
tucupita marcano,2021,-0.09
ty france,2021,4.19
ty tice,2021,0.05
tyler alexander,2021,1.97
tyler anderson,2021,1.67
tyler beede,2021,-0.1
tyler chatwood,2021,-0.42
tyler clippard,2021,0.62
tyler duffey,2021,1.19
tyler gilbert,2021,1.0
tyler glasnow,2021,2.37
tyler ivey,2021,-0.14
tyler kinley,2021,0.38
tyler ladendorf,2021,-0.03
tyler mahle,2021,4.6000000000000005
tyler matzek,2021,1.86
tyler naquin,2021,0.57
tyler nevin,2021,0.14
tyler oneill,2021,6.42
tyler payne,2021,-0.05
tyler rogers,2021,2.49
tyler stephenson,2021,2.02
tyler wade,2021,0.56
tyler webb,2021,-1.42
tyler wells,2021,0.86
tyler zuber,2021,-0.33
tylor megill,2021,0.88
tyrone taylor,2021,1.68
tzuwei lin,2021,0.0
victor caratini,2021,-0.03
victor gonzalez,2021,0.49
victor reyes,2021,0.04
victor robles,2021,-0.1
vidal brujan,2021,-0.72
vimael machin,2021,-0.33
vince velasquez,2021,-0.41
vinny nittoli,2021,-0.1
vladimir guerrero jr,2021,6.51
vladimir gutierrez,2021,1.63
wade davis,2021,-0.61
wade leblanc,2021,0.18999999999999995
wade miley,2021,5.63
walker buehler,2021,7.11
wander franco,2021,3.45
wander suero,2021,-1.17
wandy peralta,2021,0.8700000000000001
webster rivas,2021,0.18
wes benjamin,2021,-0.8
whit merrifield,2021,3.83
wil crowe,2021,-0.08
wil myers,2021,1.14
wilfredo tovar,2021,-0.09
will craig,2021,-0.57
will harris,2021,-0.17
will smith,2021,4.779999999999999
will vest,2021,-0.66
willi castro,2021,-0.69
william contreras,2021,0.08
willians astudillo,2021,-0.55
willie calhoun,2021,-0.42
willson contreras,2021,4.21
willy adames,2021,4.22
wilmer difo,2021,-0.33999999999999997
wilmer flores,2021,1.77
wilson ramos,2021,-0.39
wily peralta,2021,2.0599999999999996
wyatt mathisen,2021,-0.13
wyatt mills,2021,-0.46
xander bogaerts,2021,5.15
yacksel rios,2021,0.31000000000000005
yadiel hernandez,2021,0.1
yadier molina,2021,1.69
yairo munoz,2021,-0.19
yan gomes,2021,2.35
yandy diaz,2021,1.61
yasmani grandal,2021,3.7
yefry ramirez,2021,0.019999999999999997
yency almonte,2021,-1.1
yennsy diaz,2021,-0.18000000000000002
yermin mercedes,2021,0.45
yimi garcia,2021,0.4799999999999999
yoan lopez,2021,-0.17
yoan moncada,2021,4.11
yohan ramirez,2021,0.32
yohel pozo,2021,-0.09
yonathan daza,2021,0.46
yonny hernandez,2021,0.91
yordan alvarez,2021,3.08
yoshi tsutsugo,2021,-0.85
yu chang,2021,0.2
yu darvish,2021,1.3499999999999999
yuli gurriel,2021,3.77
yusei kikuchi,2021,1.64
yusmeiro petit,2021,0.87
zac gallen,2021,2.31
zac lowther,2021,-0.25
zac rosscup,2021,0.04
zach davies,2021,-1.0
zach eflin,2021,1.7
zach mckinstry,2021,-0.7
zach plesac,2021,1.1
zach pop,2021,0.06
zach reks,2021,-0.09
zach thompson,2021,0.98
zack britton,2021,-0.37
zack burdi,2021,0.010000000000000002
zack collins,2021,-0.52
zack godley,2021,-0.39999999999999997
zack greinke,2021,1.1199999999999999
zack littell,2021,1.04
zack short,2021,-0.7
zack wheeler,2021,7.66
aaron ashby,2022,-0.48
aaron brooks,2022,-0.21
aaron bummer,2022,0.6
aaron civale,2022,-0.86
aaron fletcher,2022,-0.19
aaron hicks,2022,1.31
aaron judge,2022,10.77
aaron loup,2022,-0.92
aaron nola,2022,5.7
aaron sanchez,2022,-0.9
aaron whitefield,2022,-0.3
abraham almonte,2022,-0.03
abraham toro,2022,-0.65
adalberto mondesi,2022,-0.22
adam cimber,2022,0.85
adam duvall,2022,-0.09
adam engel,2022,0.29
adam frazier,2022,0.88
adam haseley,2022,0.25
adam kolarek,2022,0.04
adam oller,2022,-1.02
adam ottavino,2022,2.27
adam wainwright,2022,2.11
adbert alzolay,2022,0.18
adley rutschman,2022,5.43
adolis garcia,2022,3.7
adonis medina,2022,-0.4
adrian houser,2022,-0.72
adrian martinez,2022,-0.78
adrian morejon,2022,0.02
adrian sampson,2022,2.29
aj alexy,2022,-0.41
aj ladwig,2022,-0.17
aj minter,2022,1.9
aj pollock,2022,0.4
aj puk,2022,1.09
akil baddoo,2022,0.24
alan trejo,2022,0.19
albert abreu,2022,0.35
albert almora,2022,0.57
albert pujols,2022,1.96
alcides escobar,2022,-0.55
alec bohm,2022,0.91
alec burleson,2022,-0.02
alec mills,2022,-0.71
aledmys diaz,2022,1.13
alejandro kirk,2022,4.0
alejo lopez,2022,-0.28
alek manoah,2022,5.96
alek thomas,2022,1.41
alex bregman,2022,4.49
alex call,2022,0.39
alex claudio,2022,0.1
alex cobb,2022,2.45
alex colome,2022,-0.92
alex dickerson,2022,-0.43
alex faedo,2022,-0.41
alex jackson,2022,-0.05
alex kirilloff,2022,-0.44
alex lange,2022,0.48
alex verdugo,2022,0.92
alex vesia,2022,1.39
alex wells,2022,0.02
alex wood,2022,0.13
alex young,2022,0.5700000000000001
alexis diaz,2022,2.93
alfonso rivas iii,2022,0.35
amed rosario,2022,4.21
amir garrett,2022,0.0
anderson espinoza,2022,-0.02
anderson severino,2022,-0.04
andre jackson,2022,0.23
andre pallante,2022,1.65
andrelton simmons,2022,-0.25
andres gimenez,2022,7.4
andres machado,2022,0.13
andres munoz,2022,1.42
andrew bellatti,2022,0.75
andrew benintendi,2022,2.8499999999999996
andrew chafin,2022,0.36
andrew heaney,2022,0.49
andrew kittredge,2022,0.26
andrew knapp,2022,-0.19
andrew knizner,2022,0.6900000000000001
andrew mccutchen,2022,0.95
andrew nardi,2022,-0.74
andrew vasquez,2022,-0.04999999999999999
andrew vaughn,2022,-0.28
andrew velazquez,2022,1.39
andrew wantz,2022,0.8
andy ibanez,2022,-0.07
aneurys zabala,2022,0.09
angel de jesus,2022,0.25
angel rondon,2022,0.28
angel zerpa,2022,0.45
anibal sanchez,2022,0.82
anthony alford,2022,-0.04
anthony banda,2022,-0.48
anthony bass,2022,2.67
anthony bemboom,2022,-0.25
anthony bender,2022,0.41
anthony castro,2022,-0.63
anthony desclafani,2022,-0.78
anthony gose,2022,-0.21
anthony kay,2022,0.01
anthony misiewicz,2022,0.10999999999999999
anthony rendon,2022,1.01
anthony rizzo,2022,2.28
anthony santander,2022,2.12
antonio senzatela,2022,0.41
aramis garcia,2022,-0.77
archie bradley,2022,-0.42
aristides aquino,2022,1.33
arodys vizcaino,2022,-0.05
aroldis chapman,2022,-0.15
art warren,2022,-0.84
ashton goudeau,2022,-0.54
austin adams,2022,0.08
austin allen,2022,0.03
austin barnes,2022,0.74
austin brice,2022,0.04
austin davis,2022,-0.5
austin dean,2022,0.15
austin gomber,2022,0.16
austin hays,2022,2.93
austin hedges,2022,-0.36
austin meadows,2022,0.57
austin nola,2022,1.91
austin pruitt,2022,0.16
austin riley,2022,6.44
austin romine,2022,-0.74
austin slater,2022,1.59
austin voth,2022,0.8999999999999999
austin warren,2022,-0.11
austin wynns,2022,0.36
avisail garcia,2022,-1.13
bailey falter,2022,1.08
bailey ober,2022,0.97
beau brieske,2022,0.85
beau sulser,2022,-0.03
ben deluzio,2022,0.2
ben gamel,2022,0.01
bennett sousa,2022,-0.99
billy hamilton,2022,-0.13
billy mckinney,2022,-0.81
blake snell,2022,2.2
blake taylor,2022,0.02
blake treinen,2022,0.16
bligh madris,2022,-0.98
bo bichette,2022,3.69
bo naylor,2022,-0.18
bobby bradley,2022,-0.39
bobby dalbec,2022,-0.72
bobby witt jr,2022,0.92
bowden francis,2022,0.02
brad boxberger,2022,1.17
brad hand,2022,0.81
brad keller,2022,0.15
brad miller,2022,-1.66
bradley zimmer,2022,0.14
brady singer,2022,4.47
brandon belt,2022,0.41
brandon bielak,2022,0.09
brandon crawford,2022,0.7
brandon dixon,2022,-0.02
brandon drury,2022,2.74
brandon hughes,2022,1.43
brandon lowe,2022,0.93
brandon marsh,2022,1.79
brandon nimmo,2022,4.98
brandon woodruff,2022,3.03
braxton garrett,2022,1.33
brayan bello,2022,0.35
brendan donovan,2022,3.99
brendan rodgers,2022,4.33
brendon davis,2022,-0.14
brendon little,2022,-0.28
brennan bernardino,2022,-0.18
brent rooker,2022,-0.42
brent suter,2022,0.36
brett baty,2022,-0.3
brett martin,2022,-0.1
brett phillips,2022,-0.04999999999999999
brewer hicklen,2022,-0.1
brian anderson,2022,0.4
brian moran,2022,-0.13
brian okeefe,2022,0.04
brian serven,2022,0.010000000000000002
brock burke,2022,2.14
brooks raley,2022,0.97
bruce zimmermann,2022,-0.91
brusdar graterol,2022,0.5
bryan abreu,2022,1.29
bryan baker,2022,1.04
bryan de la cruz,2022,0.67
bryan garcia,2022,0.39
bryan hoeing,2022,-0.82
bryan lavastida,2022,-0.07
bryan reynolds,2022,3.0
bryan shaw,2022,-0.95
bryce elder,2022,0.94
bryce harper,2022,2.53
bryce johnson,2022,-0.34
bryce montes de oca,2022,-0.13
bryse wilson,2022,-1.12
bryson stott,2022,1.21
bubba thompson,2022,0.04
bubby rossman,2022,-0.06
buck farmer,2022,0.69
buddy kennedy,2022,-0.01
byron buxton,2022,3.94
cade cavalli,2022,-0.3
cal quantrill,2022,1.79
cal raleigh,2022,3.86
cal stevenson,2022,-0.2
caleb ferguson,2022,0.69
caleb hamilton,2022,-0.34
caleb kilian,2022,-0.6
caleb smith,2022,0.13
caleb thielbar,2022,0.55
calvin faucher,2022,-0.35
calvin mitchell,2022,-0.44
cam alldred,2022,0.04
cam gallagher,2022,-0.16
cam vieaux,2022,-0.61
camilo doval,2022,1.84
canaan smithnjigba,2022,-0.06
carl edwards jr,2022,1.4
carlos carrasco,2022,1.25
carlos correa,2022,5.32
carlos estevez,2022,1.07
carlos hernandez,2022,-1.26
carlos perez,2022,-0.23
carlos rodon,2022,5.19
carlos santana,2022,1.1099999999999999
carson kelly,2022,0.78
casey lawrence,2022,-0.5
casey mize,2022,-0.04
cavan biggio,2022,0.84
cedric mullins,2022,4.03
cesar hernandez,2022,0.49
cesar valdez,2022,-0.12
chad green,2022,0.09
chad kuhl,2022,-0.1
chad pinder,2022,-0.69
chad smith,2022,-0.37
chad wallach,2022,-0.14
chadwick tromp,2022,0.17
charles leblanc,2022,0.66
charlie blackmon,2022,0.18
charlie culberson,2022,0.1
charlie morton,2022,1.66
chas mccormick,2022,1.67
chase anderson,2022,-0.21
chase de jong,2022,1.51
chase silseth,2022,-0.45
chasen shreve,2022,-0.45
chi chi gonzalez,2022,-0.18
chris archer,2022,0.13
chris bassitt,2022,3.19
chris devenski,2022,-0.48
chris ellis,2022,-0.26
chris flexen,2022,1.23
chris martin,2022,1.0
chris mazza,2022,-0.54
chris okey,2022,-0.21
chris owings,2022,-0.49
chris paddack,2022,0.24
chris sale,2022,0.02
chris stratton,2022,-0.15000000000000002
chris taylor,2022,0.71
christian arroyo,2022,0.68
christian bethancourt,2022,1.1700000000000002
christian lopes,2022,-0.2
christian vazquez,2022,2.12
christian walker,2022,5.01
christian yelich,2022,2.52
christopher morel,2022,1.0
chuckie robinson,2022,-0.51
cionel perez,2022,2.62
cj abrams,2022,0.06
cj cron,2022,2.27
clarke schmidt,2022,0.84
clay holmes,2022,1.4
clayton kershaw,2022,3.52
clint frazier,2022,-0.02
cody bellinger,2022,1.32
cody morris,2022,0.42
cody poteet,2022,0.29
cody sedlock,2022,-0.14
cody stashak,2022,0.1
cody thomas,2022,-0.23
cole irvin,2022,1.95
cole ragans,2022,-0.1
cole sands,2022,-0.33
cole sulser,2022,-0.47
cole tucker,2022,-0.97
cole waites,2022,0.11
colin holderman,2022,0.26999999999999996
colin moran,2022,-0.29
colin poche,2022,-0.11
collin mchugh,2022,2.0
collin snider,2022,-0.58
collin wiles,2022,-0.02
conner capel,2022,0.09999999999999999
conner menez,2022,0.05
connor brogdon,2022,0.9
connor joe,2022,0.93
connor overton,2022,1.02
connor sadzeck,2022,-0.07
connor seabold,2022,-1.0
connor wong,2022,-0.13
cooper criswell,2022,0.12
cooper hummel,2022,-0.48
corbin burnes,2022,4.31
corbin carroll,2022,1.25
corbin martin,2022,-0.17
corey dickerson,2022,-0.15
corey kluber,2022,0.84
corey knebel,2022,0.49
corey seager,2022,3.79
cory abbott,2022,-0.01
cory spangenberg,2022,0.0
craig kimbrel,2022,0.05
craig stammen,2022,-0.09
cristian javier,2022,3.61
cristian pache,2022,-0.96
cristofer ogando,2022,0.03
cristopher sanchez,2022,-0.22
curt casali,2022,1.38
dairon blanco,2022,0.04
dakota hudson,2022,0.35
dallas keuchel,2022,-2.54
dalton guthrie,2022,0.37
damon jones,2022,-0.16
dane dunning,2022,1.14
daniel bard,2022,3.67
daniel castano,2022,0.14
daniel duarte,2022,-0.08
daniel hudson,2022,0.57
daniel lynch iv,2022,0.55
daniel mengden,2022,-0.04
daniel norris,2022,-0.48
daniel vogelbach,2022,1.4100000000000001
danny coulombe,2022,0.29
danny jansen,2022,2.94
danny mendick,2022,0.52
danny young,2022,0.05
dansby swanson,2022,5.52
dany jimenez,2022,0.34
darick hall,2022,0.41000000000000003
darin ruf,2022,-1.58
darren oday,2022,0.09
darwinzon hernandez,2022,-0.88
daulton jefferies,2022,-0.28
daulton varsho,2022,4.92
dauri moreta,2022,0.09
david bednar,2022,1.29
david bote,2022,0.84
david fletcher,2022,1.09
david hensley,2022,0.29
david mackinnon,2022,-0.41000000000000003
david mckay,2022,-0.06000000000000001
david peralta,2022,0.61
david peterson,2022,0.87
david phelps,2022,1.12
david price,2022,0.69
david robertson,2022,2.68
david villar,2022,1.26
davis martin,2022,0.01
daz cameron,2022,-0.01
dean kremer,2022,2.67
dee strangegordon,2022,-0.36
dennis santana,2022,-0.72
denyi reyes,2022,0.19
dereck rodriguez,2022,0.19
derek hill,2022,0.43
derek law,2022,0.03999999999999998
dermis garcia,2022,0.5
deven marrero,2022,-0.12
devin smeltzer,2022,0.92
devin williams,2022,2.26
didi gregorius,2022,-0.41
diego castillo,2022,-0.9600000000000001
dillon peters,2022,0.14
dillon tate,2022,1.2
dillon thomas,2022,0.1
dinelson lamet,2022,-0.18
dixon machado,2022,0.09
dj lemahieu,2022,3.6
dj stewart,2022,-0.07
dl hall,2022,-0.21
dom nunez,2022,-0.38
domingo acevedo,2022,1.13
domingo german,2022,0.69
domingo tapia,2022,-0.37
dominic leone,2022,0.46
dominic smith,2022,-0.37
donny sands,2022,-0.07
donovan solano,2022,0.93
donovan walton,2022,-0.19
drew carlton,2022,0.05
drew ellis,2022,-0.27
drew hutchison,2022,0.15
drew jackson,2022,-0.08
drew rasmussen,2022,3.12
drew smith,2022,0.71
drew smyly,2022,2.0
drew steckenrider,2022,-0.31
drew verhagen,2022,-0.76
drew waters,2022,0.35
drey jameson,2022,1.22
duane underwood jr,2022,-0.5
dusten knight,2022,-0.14
dustin garneau,2022,0.1
dustin may,2022,-0.17
dylan bundy,2022,-0.18
dylan carlson,2022,1.84
dylan cease,2022,6.37
dylan coleman,2022,1.61
dylan floro,2022,0.82
dylan lee,2022,1.34
dylan moore,2022,1.4
easton mcgee,2022,0.06
eddie rosario,2022,-1.88
eddy alvarez,2022,-0.47
edmundo sosa,2022,1.37
eduard bazardo,2022,0.34
eduardo escobar,2022,1.17
eduardo rodriguez,2022,0.33
edward cabrera,2022,2.11
edward olivares,2022,0.07
edwin diaz,2022,3.19
edwin rios,2022,0.12
edwin uceta,2022,-0.18
eguy rosario,2022,0.09
ehire adrianza,2022,-0.45000000000000007
elehuris montero,2022,0.14
eli morgan,2022,0.22
eli white,2022,0.94
elias diaz,2022,0.41
elier hernandez,2022,-0.43
elieser hernandez,2022,-1.05
eloy jimenez,2022,1.9
elvin rodriguez,2022,-1.45
elvis andrus,2022,3.09
elvis peguero,2022,-0.51
emilio pagan,2022,-0.39
emmanuel clase,2022,2.78
emmanuel rivera,2022,1.53
ender inciarte,2022,-0.03
enoli paredes,2022,0.03
enrique hernandez,2022,0.93
enyel de los santos,2022,0.72
erasmo ramirez,2022,1.56
eric haase,2022,1.91
eric hosmer,2022,1.04
eric lauer,2022,1.73
eric stout,2022,-0.24000000000000002
erich uelmen,2022,-0.04
erick fedde,2022,-0.61
erik gonzalez,2022,0.15
erik swanson,2022,1.73
ernie clement,2022,-0.8300000000000001
esteban quiroz,2022,0.45
esteury ruiz,2022,-0.54
estevan florial,2022,-0.49
ethan roberts,2022,-0.26
ethan small,2022,-0.14
eugenio suarez,2022,4.06
evan lee,2022,0.01
evan longoria,2022,0.71
evan phillips,2022,2.63
ezequiel duran,2022,0.22
ezequiel tovar,2022,-0.3
felix bautista,2022,2.42
fernando cruz,2022,0.75
ford proctor,2022,-0.19
foster griffin,2022,-0.18
framber valdez,2022,3.43
franchy cordero,2022,-0.19
francisco alvarez,2022,0.02
francisco lindor,2022,5.44
francisco mejia,2022,0.65
francisco morales,2022,-0.12
francisco perez,2022,-0.09
frank schwindel,2022,-1.24
frankie montas,2022,0.9700000000000001
franklin german,2022,-0.29
franmil reyes,2022,-0.84
freddie freeman,2022,6.23
freddy fermin,2022,-0.15
freddy peralta,2022,1.18
freddy tarnok,2022,0.03
gabe speier,2022,0.65
gabriel arias,2022,0.05
gabriel moreno,2022,0.66
garrett cleavinger,2022,0.09000000000000002
garrett cooper,2022,0.98
garrett hampson,2022,-0.86
garrett hill,2022,0.44
garrett mitchell,2022,1.01
garrett richards,2022,-0.4
garrett stubbs,2022,0.8700000000000001
garrett whitlock,2022,1.83
gary sanchez,2022,0.72
gavin hollowell,2022,-0.24
gavin lux,2022,2.75
gavin sheets,2022,-0.46
genesis cabrera,2022,-0.21
george kirby,2022,1.36
george springer,2022,4.23
geraldo perdomo,2022,0.6
gerardo reyes,2022,0.01
german marquez,2022,1.37
gerrit cole,2022,2.58
giancarlo stanton,2022,0.66
gilberto celestino,2022,0.53
gio urshela,2022,2.91
giovanny gallegos,2022,0.77
glenn otto,2022,0.58
gleyber torres,2022,4.05
gosuke katoh,2022,0.08
graham ashcraft,2022,0.79
grayson greiner,2022,0.02
greg allen,2022,0.05
greg holland,2022,-0.28
greg weissert,2022,-0.27
gregory santos,2022,0.02
gregory soto,2022,0.05
griffin jax,2022,0.95
guillermo heredia,2022,-0.35
gunnar henderson,2022,0.98
hansel robles,2022,-0.77
hanser alberto,2022,0.03
harold castro,2022,-0.27999999999999997
harold ramirez,2022,1.29
harrison bader,2022,1.25
haseong kim,2022,4.99
hayden wesneski,2022,1.09
heath hembree,2022,-0.72
hector neris,2022,0.45
heliot ramos,2022,-0.52
hirokazu sawamura,2022,0.66
hoby milner,2022,0.51
hoy park,2022,-0.26
huascar brazoban,2022,0.66
huascar ynoa,2022,-0.45
humberto castellanos,2022,-0.43
hunter brown,2022,0.82
hunter dozier,2022,-1.1700000000000002
hunter gaddis,2022,-0.67
hunter greene,2022,1.98
hunter harvey,2022,1.03
hunter renfroe,2022,2.44
hunter strickland,2022,-0.02
hyun jin ryu,2022,-0.31
ian anderson,2022,-0.07
ian gibaut,2022,0.22
ian hamilton,2022,-0.04
ian happ,2022,4.31
ian kennedy,2022,-1.08
ildemaro vargas,2022,1.55
isaac paredes,2022,2.48
isiah kinerfalefa,2022,2.9
israel pineda,2022,-0.15
ivan herrera,2022,-0.3
jace peterson,2022,2.27
jack flaherty,2022,-0.08
jack larsen,2022,-0.03
jack mayfield,2022,-0.14
jack suwinski,2022,1.29
jackie bradley jr,2022,-0.77
jackson kowar,2022,-0.57
jackson stephens,2022,0.02
jackson tetreault,2022,-0.19
jacob barnes,2022,-0.22000000000000003
jacob degrom,2022,1.52
jacob lemoine,2022,-0.54
jacob stallings,2022,-0.77
jaime barria,2022,1.94
jake bird,2022,0.26
jake brentz,2022,-1.31
jake burger,2022,-0.02
jake cave,2022,0.3
jake cousins,2022,0.3
jake cronenworth,2022,3.93
jake diekman,2022,-0.32999999999999996
jake fishman,2022,0.07
jake fraley,2022,0.5
jake hager,2022,-0.11
jake lamb,2022,-0.16
jake marisnick,2022,0.25
jake mccarthy,2022,2.43
jake mcgee,2022,-1.1099999999999999
jake meyers,2022,0.64
jake odorizzi,2022,-0.22000000000000003
jake reed,2022,-0.56
jake walsh,2022,-0.23
jake woodford,2022,0.83
jakob junis,2022,1.48
jalen beeks,2022,1.22
james kaprielian,2022,1.08
james karinchak,2022,1.24
james mccann,2022,-0.13
james naile,2022,-0.04
james norwood,2022,-0.51
james outman,2022,0.38
jameson taillon,2022,1.39
jandel gustave,2022,0.11
janson junk,2022,-0.12
jared koenig,2022,-0.11
jared solomon,2022,-0.32
jared walsh,2022,-0.69
jared young,2022,0.07
jarlin garcia,2022,0.34
jarred kelenic,2022,-0.29
jarren duran,2022,-0.21
jason adam,2022,2.7
jason alexander,2022,-0.75
jason castro,2022,-0.61
jason delay,2022,-0.41
jason foley,2022,0.36
jason heyward,2022,-0.59
jason krizan,2022,-0.04
jason vosler,2022,0.07
javier assad,2022,0.97
javier baez,2022,2.37
javy guerra,2022,0.12000000000000001
jay jackson,2022,0.06
jaylin davis,2022,0.04
jazz chisholm jr,2022,2.39
jb wendelken,2022,-0.34
jc mejia,2022,-0.21
jd davis,2022,0.74
jd martinez,2022,1.12
jean segura,2022,1.83
jed lowrie,2022,-1.17
jeff brigham,2022,0.36
jeff hoffman,2022,0.57
jeff mcneil,2022,5.89
jeffrey springs,2022,3.76
jeimer candelario,2022,0.49
jerad eickhoff,2022,-0.37
jerar encarnacion,2022,-0.19
jeremiah estrada,2022,0.08
jeremy beasley,2022,-0.03
jeremy pena,2022,4.99
jermaine palacios,2022,-0.5599999999999999
jesse chavez,2022,0.41999999999999993
jesse winker,2022,-0.12
jesus aguilar,2022,-1.0
jesus cruz,2022,-0.07
jesus luzardo,2022,2.03
jesus sanchez,2022,0.86
jesus tinoco,2022,0.67
jeter downs,2022,-0.62
jeurys familia,2022,-0.73
jharel cotton,2022,0.30000000000000004
jhoan duran,2022,2.86
jhon romero,2022,0.06
jhonathan diaz,2022,0.37
jhoulys chacin,2022,-1.44
jihwan bae,2022,0.49
jiman choi,2022,1.19
jimmy herget,2022,2.31
jimmy lambert,2022,0.81
jimmy yacabonis,2022,-0.5800000000000001
jj bleday,2022,-0.67
jj matijevic,2022,-0.05
jo adell,2022,-0.65
joan adon,2022,-1.2
joc pederson,2022,1.27
joe barlow,2022,0.23
joe dunand,2022,0.16
joe jimenez,2022,0.51
joe kelly,2022,-0.57
joe mantiply,2022,0.93
joe musgrove,2022,3.46
joe perez,2022,-0.03
joe ryan,2022,2.34
joe smith,2022,-0.57
joel kuhnel,2022,-0.52
joel payamps,2022,1.03
joely rodriguez,2022,-0.2
joey bart,2022,0.82
joey gallo,2022,0.37
joey krehbiel,2022,0.18
joey meneses,2022,1.05
joey votto,2022,-0.15
joey wendle,2022,2.38
joey wentz,2022,0.58
johan camargo,2022,0.08
johan oviedo,2022,1.01
john brebbia,2022,1.5
john king,2022,0.08
john means,2022,0.15
john schreiber,2022,2.64
johnny cueto,2022,3.46
jojo romero,2022,-0.009999999999999995
jon berti,2022,2.43
jon gray,2022,1.31
jonah bride,2022,0.06
jonah heim,2022,2.36
jonathan aranda,2022,-0.2
jonathan arauz,2022,-0.48
jonathan davis,2022,0.0
jonathan heasley,2022,-0.05
jonathan hernandez,2022,0.38
jonathan india,2022,-0.25
jonathan loaisiga,2022,-0.46
jonathan schoop,2022,0.05
jonathan villar,2022,-1.28
jordan diaz,2022,0.16
jordan groshans,2022,-0.13
jordan hicks,2022,-0.29
jordan holloway,2022,0.03
jordan luplow,2022,-0.03
jordan lyles,2022,0.75
jordan montgomery,2022,1.85
jordan romano,2022,2.88
jordan sheffield,2022,0.08
jordan weems,2022,-0.01
jorge alcala,2022,0.12
jorge alfaro,2022,0.76
jorge lopez,2022,1.73
jorge mateo,2022,3.72
jorge polanco,2022,2.73
jorge soler,2022,0.39
jose abreu,2022,4.28
jose altuve,2022,5.24
jose alvarado,2022,0.88
jose alvarez,2022,-0.09
jose azocar,2022,-0.06
jose barrero,2022,-1.56
jose berrios,2022,-0.65
jose butto,2022,-0.29
jose castillo,2022,-0.03
jose cisnero,2022,0.89
jose cuas,2022,0.37
jose godoy,2022,-0.26
jose herrera,2022,-0.26
jose iglesias,2022,1.2
jose leclerc,2022,0.94
jose marte,2022,-0.19
jose miranda,2022,0.89
jose quijada,2022,0.67
jose quintana,2022,3.53
jose ramirez,2022,5.9
jose rojas,2022,-1.11
jose ruiz,2022,0.3
jose siri,2022,1.46
jose suarez,2022,1.6
jose trevino,2022,2.28
jose urena,2022,0.24
jose urquidy,2022,1.16
josh bell,2022,2.88
josh donaldson,2022,2.22
josh fleming,2022,-1.44
josh hader,2022,-0.95
josh harrison,2022,1.56
josh jung,2022,0.04
josh lester,2022,-0.13
josh lowe,2022,0.34
josh naylor,2022,1.74
josh rogers,2022,0.08
josh rojas,2022,3.1
josh sborz,2022,-0.31
josh smith,2022,0.21
josh staumont,2022,-0.74
josh vanmeter,2022,-1.04
josh winckowski,2022,-0.36
josh winder,2022,-0.02
joshua palacios,2022,-0.17
josiah gray,2022,0.58
jovani moran,2022,0.91
jp crawford,2022,2.68
jp feyereisen,2022,1.37
jp sears,2022,0.79
jt brubaker,2022,0.04
jt chargois,2022,0.55
jt realmuto,2022,6.54
jt riddle,2022,-0.02
juan lagares,2022,-0.9
juan minaya,2022,-0.1
juan soto,2022,5.47
juan yepez,2022,0.35
julian merryweather,2022,-0.6
julio rodriguez,2022,6.24
julio urias,2022,4.6
junior fernandez,2022,0.32
jurickson profar,2022,2.94
justin bruihl,2022,0.02
justin dunn,2022,-0.12
justin grimm,2022,0.0
justin lawrence,2022,-0.15
justin steele,2022,2.11
justin topa,2022,-0.27
justin turner,2022,2.32
justin upton,2022,-0.34
justin verlander,2022,5.61
justin wilson,2022,0.13
justus sheffield,2022,0.02
kaai tom,2022,-0.03
kaleb ort,2022,-0.42
kebryan hayes,2022,4.48
keegan akin,2022,0.68
keegan thompson,2022,1.41
keibert ruiz,2022,1.49
kelvin gutierrez,2022,-0.27
ken giles,2022,0.17
ken waldichuk,2022,0.13
kendall graveman,2022,0.98
kenley jansen,2022,0.96
kenny rosenberg,2022,0.1
kerry carpenter,2022,0.34
kervin castro,2022,-0.41000000000000003
keston hiura,2022,0.8
ketel marte,2022,1.44
kevin gausman,2022,2.95
kevin ginkel,2022,0.1
kevin herget,2022,-0.12
kevin kiermaier,2022,1.08
kevin newman,2022,1.1
kevin padlo,2022,-0.56
kevin pillar,2022,-0.16
kevin plawecki,2022,-1.2100000000000002
kevin smith,2022,0.37
keynan middleton,2022,-0.55
khalil lee,2022,0.03
kirby snead,2022,-0.73
kirby yates,2022,-0.05
kirk mccarty,2022,-0.28
kodi whitley,2022,-0.15
kody clemens,2022,-0.18
kohei arihara,2022,-0.84
kolby allard,2022,-0.46
kole calhoun,2022,-1.71
kolten wong,2022,3.01
konnor pilkington,2022,-0.09
korey lee,2022,-0.47
kramer robertson,2022,-0.13
kris bryant,2022,0.65
kris bubic,2022,-0.34
kurt suzuki,2022,-0.43
kutter crawford,2022,0.13
kyle barraclough,2022,0.17
kyle bradish,2022,0.21
kyle crick,2022,0.16
kyle dowdy,2022,0.25
kyle farmer,2022,1.18
kyle finnegan,2022,1.01
kyle freeland,2022,2.34
kyle garlick,2022,0.25
kyle gibson,2022,0.42
kyle hendricks,2022,0.58
kyle higashioka,2022,0.59
kyle isbel,2022,0.48
kyle lewis,2022,-0.11
kyle muller,2022,-0.4
kyle nelson,2022,0.95
kyle schwarber,2022,2.26
kyle stowers,2022,-0.14
kyle tucker,2022,5.49
kyle tyler,2022,0.14
kyle wright,2022,3.71
lamonte wade jr,2022,0.08
lance lynn,2022,0.74
lance mccullers jr,2022,1.41
lane thomas,2022,1.56
lars nootbaar,2022,2.27
lenyn sosa,2022,-0.48
leody taveras,2022,0.49
leury garcia,2022,-0.93
lewin diaz,2022,-0.48
lewis brinson,2022,-0.31
liam hendriks,2022,1.73
liover peguero,2022,0.15
livan soto,2022,0.73
locke st john,2022,-0.08
logan allen,2022,-0.12000000000000001
logan gilbert,2022,3.16
logan gillaspie,2022,0.13
logan ohoppe,2022,-0.07
logan webb,2022,4.56
lorenzo cain,2022,-0.36
lou trivino,2022,-0.19000000000000006
louis head,2022,-0.36
louis varland,2022,0.4
lourdes gurriel jr,2022,2.03
lucas gilbreath,2022,0.54
lucas giolito,2022,0.46
lucas luetge,2022,0.74
lucas sims,2022,-0.32
lucius fox,2022,-0.57
luis arraez,2022,4.09
luis barrera,2022,0.36
luis campusano,2022,-0.22
luis castillo,2022,4.02
luis cessa,2022,0.63
luis frias,2022,-1.03
luis garcia,2022,1.53
luis garcia jr,2022,-0.04
luis gil,2022,-0.16
luis gonzalez,2022,0.33
luis guillorme,2022,1.54
luis liberato,2022,-0.15
luis ortiz,2022,0.34
luis patino,2022,-0.7
luis perdomo,2022,0.2
luis rengifo,2022,2.5
luis robert jr,2022,2.24
luis severino,2022,1.67
luis torrens,2022,0.0
luis urias,2022,2.97
luke bard,2022,0.5
luke barker,2022,-0.14
luke farrell,2022,0.03999999999999998
luke maile,2022,0.67
luke raley,2022,0.3
luke voit,2022,0.7
luke weaver,2022,-0.62
luke williams,2022,-0.15
mackenzie gore,2022,0.34
madison bumgarner,2022,-0.74
magneuris sierra,2022,-0.38
maikel franco,2022,-1.15
maikel garcia,2022,-0.07
manny banuelos,2022,-0.25
manny machado,2022,6.78
manny pina,2022,-0.1
manuel margot,2022,1.49
manuel rodriguez,2022,0.25
marcell ozuna,2022,-0.88
marco gonzales,2022,-0.12
marcos diplan,2022,0.1
marcus semien,2022,5.67
marcus stroman,2022,2.72
marcus wilson,2022,-0.02
mario feliciano,2022,0.03
mark appel,2022,0.27
mark canha,2022,2.48
mark contreras,2022,-0.12
mark kolozsvary,2022,0.11
mark leiter jr,2022,0.94
mark mathias,2022,0.88
mark melancon,2022,-0.8
mark payton,2022,0.01
mark vientos,2022,-0.22
martin maldonado,2022,0.36
martin perez,2022,5.11
marwin gonzalez,2022,0.6
mason thompson,2022,0.5
matt barnes,2022,0.23
matt beaty,2022,-0.79
matt brash,2022,0.14
matt bush,2022,-0.03999999999999998
matt carpenter,2022,2.35
matt chapman,2022,3.73
matt davidson,2022,-0.5800000000000001
matt dermody,2022,-0.07
matt duffy,2022,-0.41
matt festa,2022,0.1
matt foster,2022,0.22
matt gage,2022,0.35
matt koch,2022,-0.17
matt manning,2022,0.92
matt moore,2022,2.44
matt olson,2022,3.29
matt peacock,2022,-0.009999999999999998
matt reynolds,2022,0.66
matt strahm,2022,0.26
matt swarmer,2022,-0.45
matt thaiss,2022,-0.09
matt vierling,2022,-0.43
matt wallner,2022,-0.3
matt wisler,2022,0.74
matthew batten,2022,-0.1
matthew boyd,2022,0.43
matthew liberatore,2022,-0.48
mauricio dubon,2022,0.009999999999999981
mauricio llovera,2022,0.11
max castillo,2022,-0.53
max fried,2022,6.0
max kepler,2022,1.78
max kranick,2022,0.42
max meyer,2022,-0.11
max muncy,2022,3.08
max scherzer,2022,5.26
max schrock,2022,-0.39
max stassi,2022,-0.54
meibrys viloria,2022,0.23
merrill kelly,2022,3.78
michael a taylor,2022,3.3200000000000003
michael brantley,2022,1.22
michael chavis,2022,-0.18
michael feliz,2022,0.02
michael fulmer,2022,0.87
michael grove,2022,-0.54
michael harris ii,2022,5.06
michael hermosillo,2022,-0.36
michael kelly,2022,0.08
michael king,2022,1.92
michael kopech,2022,2.33
michael lorenzen,2022,0.93
michael massey,2022,0.83
michael papierski,2022,-0.58
michael perez,2022,-0.04000000000000001
michael pineda,2022,-0.52
michael plassmeyer,2022,0.16
michael rucker,2022,0.57
michael siani,2022,-0.34
michael stefanic,2022,0.01
michael toglia,2022,-0.07
michael wacha,2022,3.24
michel baez,2022,0.05
mickey mcdonald,2022,-0.04
mickey moniak,2022,-0.92
miguel andujar,2022,0.10999999999999999
miguel cabrera,2022,-1.13
miguel castro,2022,-0.27
miguel diaz,2022,0.09
miguel rojas,2022,2.45
miguel sanchez,2022,0.01
miguel sano,2022,-0.8
miguel vargas,2022,-0.36
miguel yajure,2022,-1.02
mike baumann,2022,0.03
mike brosseau,2022,0.52
mike clevinger,2022,0.76
mike ford,2022,-0.39
mike mayers,2022,-0.77
mike minor,2022,-0.77
mike moustakas,2022,-0.9
mike trout,2022,6.12
mike yastrzemski,2022,2.01
mike zunino,2022,-0.82
miles mastrobuoni,2022,-0.18
miles mikolas,2022,2.61
mitch garver,2022,0.35
mitch haniger,2022,1.22
mitch keller,2022,1.81
mitch white,2022,-0.84
mj melendez,2022,0.49
monte harrison,2022,0.22
mookie betts,2022,6.71
mychal givens,2022,0.9400000000000001
myles straw,2022,2.71
nabil crismatt,2022,0.56
narciso crook,2022,-0.19
nash walters,2022,0.01
nate eaton,2022,0.89
nate fisher,2022,0.14
nate mondou,2022,-0.01
nathan eovaldi,2022,1.58
nathaniel lowe,2022,3.21
nelson cruz,2022,0.07
nelson velazquez,2022,-0.63
nestor cortes,2022,4.36
nicholas padilla,2022,0.0
nick ahmed,2022,-0.06
nick allen,2022,1.11
nick castellanos,2022,-0.12
nick duron,2022,0.04
nick fortes,2022,1.18
nick gordon,2022,1.26
nick lodolo,2022,2.55
nick madrigal,2022,0.57
nick martinez,2022,1.23
nick maton,2022,0.5700000000000001
nick mears,2022,0.11
nick neidert,2022,0.15
nick nelson,2022,0.1
nick pivetta,2022,2.51
nick plummer,2022,-0.11
nick pratto,2022,-0.3
nick sandlin,2022,1.03
nick senzel,2022,-1.12
nick solak,2022,-0.16
nick vespi,2022,0.24
nick wittgren,2022,-0.53
nicklaus snyder,2022,-0.11
nicky lopez,2022,-0.31
nico hoerner,2022,4.18
niko goodrum,2022,-0.24
noah davis,2022,-0.08
noah syndergaard,2022,1.8900000000000001
noe ramirez,2022,-0.81
nolan arenado,2022,7.85
nolan gorman,2022,0.72
nolan jones,2022,0.09
nomar mazara,2022,0.0
norge ruiz,2022,-0.39
odubel herrera,2022,0.21
oliver ortega,2022,0.05
oliver perez,2022,-0.69
omar narvaez,2022,0.27
oneil cruz,2022,2.32
orlando arcia,2022,0.78
oscar gonzalez,2022,2.19
oscar mercado,2022,-0.18
oswald peraza,2022,0.46
oswaldo cabrera,2022,1.73
otto lopez,2022,0.25
owen miller,2022,0.34
ozzie albies,2022,0.82
pablo lopez,2022,3.02
pablo reyes,2022,-0.12
packy naughton,2022,-0.06
paolo espino,2022,0.56
parker markel,2022,0.13
parker mushinski,2022,0.04
patrick corbin,2022,-2.29
patrick mazeika,2022,-0.25
patrick murphy,2022,-0.14
patrick sandoval,2022,3.29
patrick wisdom,2022,0.58
paul blackburn,2022,1.32
paul dejong,2022,0.27
paul fry,2022,-0.27
paul goldschmidt,2022,7.65
paul sewald,2022,1.55
pavin smith,2022,0.38
payton henry,2022,-0.12
pedro avila,2022,-0.04
pedro baez,2022,-0.23
pedro severino,2022,0.04
penn murfee,2022,1.06
pete alonso,2022,4.41
pete fairbanks,2022,1.31
peter strzelecki,2022,0.56
peyton burdick,2022,-0.35
phil bickford,2022,-0.34
phil gosselin,2022,-0.9400000000000001
phil maton,2022,-0.28
phillip diehl,2022,-0.24
phillips valdez,2022,-0.11
phoenix sanders,2022,0.18
pierce johnson,2022,-0.05
pj higgins,2022,-0.15
rafael devers,2022,4.47
rafael montero,2022,1.21
rafael ortega,2022,0.06
raimel tapia,2022,0.5
raisel iglesias,2022,1.5599999999999998
ralph garza,2022,0.3
ramon laureano,2022,0.94
ramon urias,2022,3.77
randal grichuk,2022,0.35
randy arozarena,2022,2.52
ranger suarez,2022,2.31
ray kerr,2022,-0.13
raynel espinal,2022,-0.14
reed garrett,2022,-0.13
reese mcguire,2022,0.95
reid detmers,2022,2.41
reiss knehr,2022,0.08
reiver sanmartin,2022,-0.68
rene pinto,2022,-0.16
reyes moronta,2022,-0.039999999999999994
reynaldo lopez,2022,1.49
rhys hoskins,2022,3.02
rich hill,2022,0.78
richard bleier,2022,0.63
richie martin,2022,-0.01
richie palacios,2022,-0.19
rico garcia,2022,0.03
riley adams,2022,0.02
riley greene,2022,1.29
riley obrien,2022,0.03
rj alvarez,2022,-0.15
roansy contreras,2022,1.19
rob brantly,2022,0.04
rob refsnyder,2022,1.23
rob zastryzny,2022,-0.15
robbie erlin,2022,-0.06
robbie grossman,2022,0.64
robbie ray,2022,2.05
robert dugger,2022,-0.18000000000000002
robert gsellman,2022,-0.03
robert stephenson,2022,-0.28
robert suarez,2022,1.47
roberto perez,2022,0.56
robinson cano,2022,-1.49
robinson chirinos,2022,0.06
rodolfo castro,2022,1.39
roenis elias,2022,0.06
roman quinn,2022,-0.09
romy gonzalez,2022,-0.27
ron marinaccio,2022,1.21
ronald acuna jr,2022,2.33
ronald bolanos,2022,0.21
ronald guzman,2022,-0.19
ronel blanco,2022,-0.16
ronnie dawson,2022,-0.09
ronny henriquez,2022,0.16
rony garcia,2022,0.15
ross detwiler,2022,0.38
ross stripling,2022,2.68
rougned odor,2022,-0.3
rowan wick,2022,0.1
rowdy tellez,2022,0.78
royce lewis,2022,0.31
ryan aguilar,2022,-0.33
ryan borucki,2022,-0.33
ryan brasier,2022,-0.83
ryan burr,2022,-0.15
ryan castellani,2022,0.05
ryan feltner,2022,-0.09
ryan helsley,2022,2.79
ryan hendrix,2022,0.01
ryan jeffers,2022,0.86
ryan kreidler,2022,0.4
ryan mckenna,2022,0.32
ryan mcmahon,2022,3.16
ryan mountcastle,2022,1.56
ryan ohearn,2022,-0.51
ryan pepiot,2022,0.34
ryan pressly,2022,0.82
ryan tepera,2022,0.62
ryan thompson,2022,-0.15
ryan weathers,2022,-0.16
ryan weber,2022,0.32
ryan yarbrough,2022,0.05
rylan bannon,2022,-0.17
ryne nelson,2022,0.77
ryne stanek,2022,2.13
salvador perez,2022,2.72
sam clay,2022,-0.19999999999999998
sam coonrod,2022,-0.35
sam haggerty,2022,2.16
sam hentges,2022,1.26
sam hilliard,2022,0.67
sam howard,2022,-0.06
sam huff,2022,0.25
sam long,2022,0.07
sam moll,2022,0.83
sam selman,2022,-0.03
sandy alcantara,2022,7.99
sandy leon,2022,-0.47000000000000003
santiago espinal,2022,2.35
scott alexander,2022,1.06
scott barlow,2022,2.81
scott effross,2022,1.28
scott kingery,2022,0.0
sean bouchard,2022,0.94
sean doolittle,2022,0.37
sean hjelle,2022,-0.41
sean manaea,2022,-0.73
sean murphy,2022,3.65
sean newcomb,2022,-1.2999999999999998
sean poppen,2022,-0.06
sean reidfoley,2022,-0.05
sebastian rivero,2022,-0.19
seby zavala,2022,0.99
seiya suzuki,2022,1.8
seranthony dominguez,2022,1.35
sergio alcantara,2022,-0.11000000000000001
sergio romo,2022,-0.7200000000000001
seth beer,2022,-0.95
seth brown,2022,1.94
seth lugo,2022,0.76
seth martinez,2022,0.83
shane baz,2022,0.09
shane bieber,2022,3.53
shane greene,2022,-0.020000000000000004
shane mcclanahan,2022,4.14
shaun anderson,2022,-0.07
shawn armstrong,2022,0.20999999999999996
shea langeliers,2022,0.16
shelby miller,2022,-0.19
sheldon neuse,2022,-0.65
shohei ohtani,2022,9.65
silvino bracho,2022,-0.06
simeon woods richardson,2022,-0.06
simon muzziotti,2022,-0.05
skye bolt,2022,-0.23
sonny gray,2022,2.41
spencer howard,2022,-1.08
spencer patton,2022,0.05
spencer steer,2022,0.11
spencer strider,2022,3.81
spencer torkelson,2022,-1.41
spenser watkins,2022,-0.05
starling marte,2022,3.75
steele walker,2022,-0.23
stephen nogosek,2022,0.11
stephen piscotty,2022,-0.73
stephen strasburg,2022,-0.29
stephen vogt,2022,-0.57
steve cishek,2022,0.36
steven brault,2022,0.21
steven duggar,2022,-0.43000000000000005
steven kwan,2022,5.67
steven matz,2022,-0.25
steven okert,2022,0.95
steven souza jr,2022,-0.4
steven wilson,2022,0.91
stone garrett,2022,0.45
stuart fairchild,2022,0.71
taijuan walker,2022,2.68
tanner banks,2022,0.4
tanner houck,2022,1.63
tanner rainey,2022,0.29
tanner scott,2022,0.05
tanner tully,2022,-0.07
tarik skubal,2022,1.42
tayler saucedo,2022,-0.27
tayler scott,2022,-0.34
taylor clarke,2022,0.58
taylor hearn,2022,-0.45
taylor jones,2022,-0.03
taylor motter,2022,-0.17
taylor rogers,2022,-0.5700000000000001
taylor trammell,2022,0.32
taylor walls,2022,2.53
taylor ward,2022,3.51
taylor widener,2022,0.18
teoscar hernandez,2022,3.04
terrance gore,2022,-0.06
terrin vavra,2022,0.02
thairo estrada,2022,1.76
thomas hatch,2022,-0.37
thomas szapucki,2022,0.08999999999999997
tim anderson,2022,1.31
tim beckham,2022,-0.55
tim hill,2022,0.36
tim locastro,2022,-0.34
tim mayza,2022,0.62
tj friedl,2022,0.52
tj mcfarland,2022,-0.73
tj zeuch,2022,-0.76
tom murphy,2022,0.52
tomas nido,2022,0.3
tommy edman,2022,6.15
tommy henry,2022,-0.14
tommy hunter,2022,0.33
tommy kahnle,2022,0.27
tommy la stella,2022,-0.68
tommy milone,2022,-0.15
tommy nance,2022,0.28
tommy pham,2022,0.39
tommy romero,2022,-0.46
tony gonsolin,2022,4.33
tony kemp,2022,1.34
tony santillan,2022,-0.39
tony wolters,2022,-0.11
touki toussaint,2022,0.09
travis blankenhorn,2022,-0.09
travis darnaud,2022,2.76
travis demeritte,2022,-0.47
travis jankowski,2022,-0.14
travis lakins sr,2022,-0.42
travis shaw,2022,-0.66
travis swaggerty,2022,-0.17
trayce thompson,2022,2.05
trea turner,2022,5.22
trent grisham,2022,2.68
trent thornton,2022,0.17
tres barrera,2022,-0.38
trevor gott,2022,-0.29
trevor kelley,2022,-0.35
trevor larnach,2022,1.41
trevor may,2022,-0.12
trevor megill,2022,-0.56
trevor richards,2022,-0.81
trevor rogers,2022,-0.54
trevor stephan,2022,0.98
trevor story,2022,2.52
trevor williams,2022,1.39
trey mancini,2022,1.45
triston casas,2022,0.12
triston mckenzie,2022,3.92
tucker barnhart,2022,-0.1
tucker davidson,2022,-0.82
tucupita marcano,2022,-0.7
ty blach,2022,-0.11
ty france,2022,2.98
tyler alexander,2022,-0.19
tyler anderson,2022,3.91
tyler beede,2022,-0.24
tyler clippard,2022,-0.06
tyler cyr,2022,0.3
tyler danish,2022,-0.12
tyler duffey,2022,-0.29
tyler freeman,2022,-0.28
tyler gilbert,2022,-0.18
tyler glasnow,2022,0.36
tyler heineman,2022,0.18
tyler holton,2022,0.14
tyler kinley,2022,1.07
tyler mahle,2022,1.94
tyler matzek,2022,0.33
tyler naquin,2022,0.0
tyler nevin,2022,-0.46
tyler oneill,2022,1.05
tyler rogers,2022,0.88
tyler stephenson,2022,1.55
tyler thornburg,2022,-0.01999999999999999
tyler wade,2022,-0.72
tyler wells,2022,0.99
tylor megill,2022,0.0
tyrone taylor,2022,2.22
tyson miller,2022,-0.7
vaughn grissom,2022,0.77
victor arano,2022,-0.69
victor caratini,2022,0.44000000000000006
victor reyes,2022,-0.1
victor robles,2022,1.78
vidal brujan,2022,-0.59
vimael machin,2022,-0.52
vince velasquez,2022,0.37
vinnie pasquantino,2022,1.41
vinny capra,2022,0.05
vinny nittoli,2022,0.1
vladimir guerrero jr,2022,4.02
vladimir gutierrez,2022,-0.59
wade miley,2022,0.11
walker buehler,2022,0.34
wander franco,2022,2.44
wandy peralta,2022,1.09
whit merrifield,2022,-0.25
wil crowe,2022,-0.01
wil myers,2022,0.99
will benson,2022,-0.23
will brennan,2022,0.55
will smith,2022,3.92
will vest,2022,0.2
willi castro,2022,0.75
william contreras,2022,2.63
william woods,2022,0.07
willians astudillo,2022,-0.6000000000000001
willie calhoun,2022,-0.35
willson contreras,2022,3.78
willy adames,2022,4.29
wilmer difo,2022,-0.13
wilmer flores,2022,0.88
wily peralta,2022,0.73
wyatt mills,2022,0.15000000000000002
wynton bernard,2022,0.07
xander bogaerts,2022,5.71
xzavion curry,2022,-0.25
yadiel hernandez,2022,0.62
yadier molina,2022,-0.04000000000000001
yainer diaz,2022,-0.06
yairo munoz,2022,-0.1
yan gomes,2022,0.67
yandy diaz,2022,3.36
yasmani grandal,2022,-1.35
yency almonte,2022,1.4
yennier cano,2022,-0.93
yermin mercedes,2022,-0.1
yerry de los santos,2022,-0.51
yerry rodriguez,2022,0.08
yimi garcia,2022,0.55
yoan lopez,2022,-0.11
yoan moncada,2022,0.92
yohan ramirez,2022,0.16999999999999998
yolmer sanchez,2022,-0.64
yonathan daza,2022,1.43
yonny chirinos,2022,0.46
yonny hernandez,2022,0.0
yordan alvarez,2022,6.84
yoshi tsutsugo,2022,-1.63
yu chang,2022,0.15
yu darvish,2022,4.53
yuli gurriel,2022,-0.23
yunior marte,2022,-0.36
yusei kikuchi,2022,-1.07
yusniel diaz,2022,-0.03
zac gallen,2022,5.27
zac lowther,2022,-0.22
zach davies,2022,0.88
zach eflin,2022,0.9
zach jackson,2022,0.92
zach logue,2022,-1.13
zach mckinstry,2022,0.36
zach plesac,2022,-0.81
zach pop,2022,0.71
zach reks,2022,-0.5
zach thompson,2022,-0.37
zack britton,2022,-0.07
zack collins,2022,-0.27
zack greinke,2022,2.51
zack kelly,2022,0.17
zack littell,2022,0.06
zack short,2022,-0.11
zack thompson,2022,0.72
zack weiss,2022,0.14
zack wheeler,2022,4.78
aaron bummer,2023,-0.99
aaron civale,2023,2.64
aaron hicks,2023,0.53
aaron judge,2023,4.55
aaron loup,2023,-0.6
aaron nola,2023,2.25
abner uribe,2023,0.97
abraham almonte,2023,-0.33
abraham toro,2023,0.28
adam cimber,2023,-0.65
adam duvall,2023,1.57
adam engel,2023,-0.34
adam frazier,2023,1.7
adam haseley,2023,-0.12
adam kolarek,2023,0.35
adam oller,2023,-0.92
adam ottavino,2023,1.17
adam wainwright,2023,-1.91
adbert alzolay,2023,1.56
adley rutschman,2023,4.32
adolis garcia,2023,4.52
adrian houser,2023,0.9
adrian martinez,2023,0.37
adrian morejon,2023,-0.17
aj minter,2023,0.76
aj pollock,2023,-0.71
aj puk,2023,0.78
aj smithshawver,2023,0.12
akil baddoo,2023,0.7
alan busenitz,2023,0.2
alan trejo,2023,0.009999999999999995
albert abreu,2023,-0.24
alec bohm,2023,0.47
alec burleson,2023,-0.82
alec marsh,2023,-0.24
alec mills,2023,-0.18
aledmys diaz,2023,-1.03
alejandro kirk,2023,1.9
alejo lopez,2023,0.16
alek jacob,2023,0.12
alek manoah,2023,-1.1
alek thomas,2023,1.03
alex bregman,2023,4.87
alex call,2023,1.03
alex claudio,2023,0.01
alex cobb,2023,2.5
alex colome,2023,-0.19
alex faedo,2023,0.49
alex kirilloff,2023,0.48
alex lange,2023,1.03
alex speas,2023,-0.25
alex verdugo,2023,2.72
alex vesia,2023,-0.09
alex wood,2023,0.63
alex young,2023,0.82
alexander canario,2023,-0.04
alexis diaz,2023,1.91
alfonso rivas iii,2023,0.31
alika williams,2023,-0.25
allan winans,2023,0.0
amed rosario,2023,0.44
amir garrett,2023,0.34
amos willingham,2023,-0.26
andre jackson,2023,0.49000000000000005
andre lipcius,2023,-0.14
andre pallante,2023,0.11
andres gimenez,2023,5.02
andres machado,2023,-0.01
andres munoz,2023,0.6
andrew abbott,2023,2.74
andrew bellatti,2023,-0.05
andrew benintendi,2023,0.37
andrew chafin,2023,-0.22000000000000003
andrew heaney,2023,0.95
andrew kittredge,2023,0.27
andrew knizner,2023,1.0
andrew mccutchen,2023,1.39
andrew nardi,2023,2.31
andrew saalfrank,2023,0.54
andrew stevenson,2023,0.05
andrew suarez,2023,-0.54
andrew vasquez,2023,0.65
andrew vaughn,2023,1.05
andrew velazquez,2023,-0.51
andrew wantz,2023,0.44
andruw monasterio,2023,1.27
andy ibanez,2023,1.85
angel felipe,2023,0.19
angel perdomo,2023,0.46
angel zerpa,2023,0.18
anthony banda,2023,0.0
anthony bass,2023,-0.09
anthony bemboom,2023,-0.01
anthony desclafani,2023,0.1
anthony kay,2023,-0.17
anthony misiewicz,2023,-0.39
anthony rendon,2023,0.11
anthony rizzo,2023,0.46
anthony santander,2023,3.04
anthony veneziano,2023,-0.06
anthony volpe,2023,3.25
antonio senzatela,2023,0.06
archie bradley,2023,-0.24
aroldis chapman,2023,1.28
austin adams,2023,-0.21
austin barnes,2023,-1.04
austin cox,2023,0.18
austin gomber,2023,0.84
austin hays,2023,2.5
austin hedges,2023,-1.09
austin meadows,2023,-0.15
austin nola,2023,-0.55
austin pruitt,2023,1.53
austin riley,2023,6.04
austin slater,2023,0.75
austin voth,2023,-0.43
austin warren,2023,-0.01
austin wells,2023,0.06
austin wynns,2023,-0.13999999999999999
avisail garcia,2023,-0.61
bailey falter,2023,-0.22999999999999998
bailey ober,2023,3.04
beau brieske,2023,0.6
ben gamel,2023,-0.22
ben heller,2023,0.06
ben joyce,2023,0.03
ben lively,2023,0.42
ben rortvedt,2023,-0.2
bennett sousa,2023,0.13999999999999999
billy hamilton,2023,0.03
billy mckinney,2023,0.18
blair calvo,2023,0.03
blake perkins,2023,1.13
blake rutherford,2023,-0.23
blake sabol,2023,0.15
blake snell,2023,6.54
bligh madris,2023,-0.33
bo bichette,2023,4.75
bo naylor,2023,1.44
bobby dalbec,2023,-0.22
bobby miller,2023,1.96
bobby witt jr,2023,4.29
bowden francis,2023,0.94
brad boxberger,2023,-0.01
brad hand,2023,-0.08000000000000002
brad keller,2023,0.4
brad miller,2023,-0.07
braden bristo,2023,0.11
braden shewmake,2023,-0.1
brady singer,2023,0.33
brandon belt,2023,1.97
brandon bielak,2023,0.37
brandon crawford,2023,-1.22
brandon dixon,2023,-0.23
brandon drury,2023,1.97
brandon hughes,2023,-0.41
brandon lowe,2023,2.06
brandon marsh,2023,3.37
brandon nimmo,2023,3.99
brandon pfaadt,2023,-0.39
brandon walter,2023,-0.16
brandon williamson,2023,1.62
brandon woodruff,2023,2.34
braxton garrett,2023,4.25
brayan bello,2023,3.14
brayan rocchio,2023,0.03
brenan hanifee,2023,-0.02
brendan donovan,2023,1.85
brendan rodgers,2023,0.06
brendan white,2023,-0.06
brennan bernardino,2023,1.3
brent headrick,2023,-0.27
brent honeywell jr,2023,0.060000000000000026
brent rooker,2023,1.99
brent suter,2023,0.68
brenton doyle,2023,0.84
brett baty,2023,-0.7
brett kennedy,2023,-0.09
brett phillips,2023,-0.08
brett sullivan,2023,0.03
brett wisely,2023,-0.18
brian anderson,2023,0.47
brian okeefe,2023,-0.19
brian serven,2023,-0.42
brice turang,2023,1.51
brock burke,2023,-0.1
brock stewart,2023,1.62
brooks kriske,2023,0.1
brooks raley,2023,1.27
bruce zimmermann,2023,-0.09
brusdar graterol,2023,2.47
bryan abreu,2023,2.52
bryan baker,2023,0.45
bryan de la cruz,2023,-0.68
bryan hoeing,2023,0.29
bryan hudson,2023,-0.14
bryan reynolds,2023,2.37
bryan shaw,2023,0.56
bryan woo,2023,0.53
bryce elder,2023,2.73
bryce harper,2023,3.64
bryce jarvis,2023,0.38
bryce johnson,2023,-0.18
bryce miller,2023,1.03
bryse wilson,2023,1.46
bryson stott,2023,4.32
bubba thompson,2023,-0.41
buck farmer,2023,1.12
buddy kennedy,2023,0.02
byron buxton,2023,0.71
cade marlowe,2023,1.06
cal quantrill,2023,-0.01
cal raleigh,2023,3.37
cal stevenson,2023,-0.04
caleb boushley,2023,0.1
caleb ferguson,2023,0.07
caleb hamilton,2023,-0.08
caleb kilian,2023,-0.47
caleb thielbar,2023,0.75
calvin faucher,2023,-0.46
calvin mitchell,2023,-0.07
cam eden,2023,-0.07
cam gallagher,2023,-1.14
camilo doval,2023,1.41
canaan smithnjigba,2023,-0.18
carl edwards jr,2023,0.59
carlos carrasco,2023,-1.39
carlos correa,2023,1.32
carlos estevez,2023,0.63
carlos hernandez,2023,-0.17
carlos perez,2023,0.4
carlos rodon,2023,-0.83
carlos santana,2023,2.65
carlos vargas,2023,0.0
carmen mlodzinski,2023,0.77
carson fulmer,2023,0.33
carson kelly,2023,0.02000000000000001
carson spiers,2023,-0.26
carter kieboom,2023,-0.09
casey lawrence,2023,-0.35
casey legumina,2023,-0.24
casey schmitt,2023,-0.43
cavan biggio,2023,0.63
ceddanne rafaela,2023,-0.04
cedric mullins,2023,2.78
cesar salazar,2023,-0.19
chad green,2023,-0.34
chad kuhl,2023,-1.33
chad smith,2023,-0.08
chad wallach,2023,0.13
chadwick tromp,2023,-0.17
chandler seagle,2023,-0.04
charlie blackmon,2023,1.4
charlie culberson,2023,0.03
charlie morton,2023,3.02
chas mccormick,2023,3.41
chase anderson,2023,0.61
chase de jong,2023,-0.63
chase silseth,2023,0.82
chasen shreve,2023,0.12
chi chi gonzalez,2023,-0.03
chris bassitt,2023,2.62
chris devenski,2023,0.26999999999999996
chris flexen,2023,-1.1400000000000001
chris martin,2023,3.22
chris murphy,2023,0.1
chris okey,2023,-0.04
chris owings,2023,-0.29000000000000004
chris paddack,2023,-0.01
chris sale,2023,1.63
chris stratton,2023,0.51
chris taylor,2023,1.52
chris vallimont,2023,0.02
christian arroyo,2023,-0.19
christian bethancourt,2023,0.56
christian encarnacionstrand,2023,0.45
christian vazquez,2023,-0.37
christian walker,2023,3.74
christian yelich,2023,3.53
christopher morel,2023,1.47
cionel perez,2023,-0.31
cj abrams,2023,3.45
cj cron,2023,-0.45
clarke schmidt,2023,0.69
clay holmes,2023,1.77
clayton andrews,2023,-0.8
clayton kershaw,2023,3.7
clint frazier,2023,-0.28
coco montes,2023,-0.28
cody bellinger,2023,4.75
cody bolton,2023,-0.17
cody bradford,2023,-0.05
cody morris,2023,-0.1
cody thomas,2023,-0.12
cole irvin,2023,0.09
cole ragans,2023,2.33
cole sands,2023,0.19
cole sulser,2023,-0.06
cole tucker,2023,0.0
cole waites,2023,-0.18
colin holderman,2023,0.72
colin poche,2023,1.78
colin rea,2023,0.62
colin selby,2023,-1.0
collin mchugh,2023,-0.44
collin snider,2023,-0.03
colten brewer,2023,0.03
colton cowser,2023,-0.65
conner capel,2023,0.32
connor brogdon,2023,0.29
connor joe,2023,0.71
connor kaiser,2023,-0.1
connor overton,2023,-0.45
connor phillips,2023,-0.12
connor seabold,2023,-1.3
connor wong,2023,2.18
cooper criswell,2023,-0.42
cooper hummel,2023,-0.37
corbin burnes,2023,3.53
corbin carroll,2023,5.26
corey dickerson,2023,-0.61
corey julks,2023,0.31
corey kluber,2023,-0.85
corey seager,2023,7.18
cory abbott,2023,-0.46
craig kimbrel,2023,1.82
cristian javier,2023,1.18
cristian pache,2023,0.67
cristopher sanchez,2023,2.1
curt casali,2023,0.07
curtis mead,2023,0.53
dairon blanco,2023,1.24
dakota hudson,2023,0.51
dallas keuchel,2023,-0.07
dalton guthrie,2023,0.16
dane dunning,2023,2.66
dane myers,2023,-0.36
daniel bard,2023,0.04
daniel castano,2023,-0.25
daniel duarte,2023,0.6
daniel hudson,2023,0.14
daniel lynch iv,2023,0.55
daniel norris,2023,-0.33
daniel palencia,2023,0.1
daniel vogelbach,2023,0.23
danny coulombe,2023,1.13
danny jansen,2023,1.6
danny mendick,2023,-1.0899999999999999
danny young,2023,0.3
dansby swanson,2023,5.15
dany jimenez,2023,0.53
darick hall,2023,-0.65
darin ruf,2023,-0.2
darius vines,2023,0.23
darren mccaughan,2023,-0.12
daulton varsho,2023,3.59
dauri moreta,2023,0.73
david bednar,2023,2.55
david dahl,2023,-0.04
david fletcher,2023,0.06
david fry,2023,0.19999999999999998
david hamilton,2023,-0.08
david hensley,2023,-0.7
david peralta,2023,0.74
david peterson,2023,0.48
david robertson,2023,1.6500000000000001
david villar,2023,-0.35
davis daniel,2023,0.47
davis schneider,2023,1.82
daysbel hernandez,2023,-0.06
dean kremer,2023,1.41
declan cronin,2023,-0.41
deivi garcia,2023,-0.07
dennis santana,2023,-0.09
denyi reyes,2023,-0.4
dereck rodriguez,2023,-0.29000000000000004
derek hill,2023,-0.31
derek law,2023,1.03
devin smeltzer,2023,-0.17
devin sweet,2023,-0.29000000000000004
devin williams,2023,2.57
diego castillo,2023,-0.21
dinelson lamet,2023,-1.63
dj lemahieu,2023,1.3
dj stewart,2023,0.37
dl hall,2023,0.22
domingo acevedo,2023,-0.65
domingo german,2023,0.69
domingo tapia,2023,0.18
dominic canzone,2023,-0.10999999999999999
dominic fletcher,2023,0.72
dominic leone,2023,0.26
dominic smith,2023,0.89
donovan solano,2023,1.6
drew carlton,2023,-0.18
drew ellis,2023,0.15
drew maggi,2023,0.02
drew millas,2023,0.29
drew rasmussen,2023,1.28
drew rom,2023,-1.02
drew rucinski,2023,-0.75
drew smith,2023,0.01
drew smyly,2023,-0.34
drew verhagen,2023,0.54
drew waters,2023,0.62
drey jameson,2023,0.79
duane underwood jr,2023,0.01
dustin may,2023,1.39
dylan carlson,2023,0.45
dylan cease,2023,2.19
dylan coleman,2023,-0.77
dylan covey,2023,0.47
dylan dodd,2023,-0.71
dylan floro,2023,0.0
dylan lee,2023,-0.06
dylan moore,2023,0.51
easton lucas,2023,-0.11
easton mcgee,2023,0.46
eddie rosario,2023,1.2
edgar navarro,2023,-0.09
edmundo sosa,2023,0.63
edouard julien,2023,2.59
eduard bazardo,2023,0.12
eduardo escobar,2023,-1.01
eduardo rodriguez,2023,3.19
eduardo salazar,2023,-0.13
edward cabrera,2023,2.02
edward olivares,2023,0.24
edwin rios,2023,-0.28
edwin uceta,2023,0.1
eguy rosario,2023,0.41
ehire adrianza,2023,-0.3
elehuris montero,2023,-0.14
eli morgan,2023,-0.11
eli white,2023,-0.03
elias diaz,2023,1.51
elly de la cruz,2023,0.74
eloy jimenez,2023,0.53
elvin rodriguez,2023,0.24
elvis andrus,2023,0.66
elvis peguero,2023,0.96
emerson hancock,2023,0.11
emilio pagan,2023,1.42
emmanuel clase,2023,0.65
emmanuel rivera,2023,0.24
emmet sheehan,2023,0.27
endy rodriguez,2023,0.2
enmanuel de jesus,2023,-0.18
enmanuel valdez,2023,0.0
enrique hernandez,2023,-0.05999999999999994
enyel de los santos,2023,1.19
erasmo ramirez,2023,-1.06
eric haase,2023,-0.8300000000000001
eric hosmer,2023,-0.43
eric lauer,2023,-0.95
erich uelmen,2023,-0.18
erik swanson,2023,1.47
ernie clement,2023,0.85
esteury ruiz,2023,-0.33
estevan florial,2023,0.02
ethan small,2023,-0.18
eugenio suarez,2023,2.4
eury perez,2023,2.72
evan carter,2023,1.59
evan justice,2023,-0.21
evan longoria,2023,0.42
evan phillips,2023,1.58
everson pereira,2023,-0.61
ezequiel duran,2023,1.11
ezequiel tovar,2023,2.48
felix bautista,2023,2.96
fernando abad,2023,0.08
fernando cruz,2023,0.28
fernando tatis jr,2023,5.23
forrest wall,2023,0.33
framber valdez,2023,3.21
franchy cordero,2023,-0.13
francisco alvarez,2023,0.95
francisco lindor,2023,6.1
francisco mejia,2023,0.13
francisco perez,2023,-0.14
frankie montas,2023,0.08
franmil reyes,2023,-0.48
freddie freeman,2023,6.79
freddy fermin,2023,1.62
freddy peralta,2023,1.98
freddy tarnok,2023,0.17
gabe speier,2023,0.54
gabriel arias,2023,-0.2
gabriel moreno,2023,4.27
garrett acton,2023,-0.39
garrett cleavinger,2023,0.28
garrett cooper,2023,-0.27
garrett crochet,2023,0.21
garrett hampson,2023,1.13
garrett hill,2023,-0.94
garrett mitchell,2023,0.56
garrett stubbs,2023,0.13
garrett whitlock,2023,0.29
gary sanchez,2023,2.1399999999999997
gavin hollowell,2023,0.0
gavin sheets,2023,-1.45
gavin stone,2023,-1.13
gavin williams,2023,1.98
genesis cabrera,2023,0.21
geoff hartlieb,2023,0.09
george kirby,2023,3.76
george soriano,2023,0.57
george springer,2023,2.01
geraldo perdomo,2023,2.04
gerardo reyes,2023,-0.22
german marquez,2023,0.19
gerrit cole,2023,7.39
giancarlo stanton,2023,-0.75
gio urshela,2023,0.71
giovanny gallegos,2023,0.41
glenn otto,2023,-0.54
gleyber torres,2023,2.92
grae kessinger,2023,0.02
graham ashcraft,2023,2.56
grant anderson,2023,-0.29
grant hartwig,2023,-0.36
grayson rodriguez,2023,0.9
greg allen,2023,-0.02
greg weissert,2023,0.17
gregory santos,2023,1.19
gregory soto,2023,0.03
griffin canning,2023,2.02
griffin jax,2023,0.74
guillo zuniga,2023,0.01
gunnar henderson,2023,6.07
gus varland,2023,-0.36
hagen danner,2023,0.01
hanser alberto,2023,0.15000000000000002
harold castro,2023,-1.4
harold ramirez,2023,2.03
harrison bader,2023,0.56
haseong kim,2023,5.44
hayden wesneski,2023,0.06
heath hembree,2023,0.05
hector neris,2023,2.61
hector perez,2023,-0.05
heliot ramos,2023,-0.32
henry davis,2023,-1.49
henry ramos,2023,0.14
heston kjerstad,2023,0.04
hobie harris,2023,-0.05
hoby milner,2023,1.74
hogan harris,2023,-0.76
huascar brazoban,2023,1.13
hunter brown,2023,0.05
hunter dozier,2023,-0.25
hunter gaddis,2023,0.2
hunter goodman,2023,-0.53
hunter greene,2023,0.99
hunter harvey,2023,1.88
hunter renfroe,2023,-0.51
hunter stratton,2023,0.36
hyun jin ryu,2023,0.51
ian gibaut,2023,1.95
ian hamilton,2023,1.56
ian happ,2023,3.54
ian kennedy,2023,-0.46
ildemaro vargas,2023,0.79
irving lopez,2023,-0.4
isaac paredes,2023,4.2
isaiah campbell,2023,0.53
isan diaz,2023,-0.22999999999999998
isiah kinerfalefa,2023,0.049999999999999996
ivan herrera,2023,0.32
jace peterson,2023,-0.56
jack flaherty,2023,0.7899999999999999
jack suwinski,2023,2.11
jackie bradley jr,2023,-0.37
jackson kowar,2023,-0.56
jackson rutledge,2023,-0.12
jackson stephens,2023,0.21
jackson wolf,2023,-0.04
jacob amaya,2023,-0.02
jacob barnes,2023,-0.23
jacob degrom,2023,0.7
jacob latz,2023,0.19
jacob lopez,2023,-0.03
jacob stallings,2023,-0.68
jacob webb,2023,0.89
jacob young,2023,0.59
jahmai jones,2023,0.03
jaime barria,2023,-0.91
jake alu,2023,-0.11
jake bauers,2023,-0.94
jake bird,2023,0.84
jake burger,2023,2.45
jake cave,2023,-0.25
jake cousins,2023,0.01
jake cronenworth,2023,0.79
jake diekman,2023,0.22999999999999998
jake faria,2023,-0.13
jake fraley,2023,0.8
jake irvin,2023,0.96
jake lamb,2023,0.1
jake marisnick,2023,0.42000000000000004
jake mccarthy,2023,0.42
jake meyers,2023,1.45
jake reed,2023,-0.21
jake rogers,2023,0.82
jake wong,2023,-0.05
jake woodford,2023,-0.36
jakob junis,2023,0.74
jalen beeks,2023,-0.65
james kaprielian,2023,-0.13
james karinchak,2023,0.2
james mcarthur,2023,0.14
james mccann,2023,0.56
james naile,2023,-0.6
james outman,2023,3.44
james paxton,2023,1.03
jameson taillon,2023,-0.44
janson junk,2023,-0.06
jared shuster,2023,-0.17
jared triolo,2023,2.03
jared walsh,2023,-0.9
jared young,2023,-0.1
jarred kelenic,2023,2.12
jarren duran,2023,2.2
jason adam,2023,0.72
jason delay,2023,-0.05
jason foley,2023,2.01
jason heyward,2023,1.92
jason vosler,2023,-0.35
jasson dominguez,2023,0.21
javier assad,2023,2.07
javier baez,2023,0.79
javy guerra,2023,-0.12000000000000001
jay jackson,2023,0.78
jazz chisholm jr,2023,0.95
jb bukauskas,2023,0.01999999999999999
jc mejia,2023,-0.04
jd davis,2023,0.89
jd martinez,2023,2.03
jean segura,2023,-2.09
jeff brigham,2023,-0.13
jeff hoffman,2023,1.94
jeff lindgren,2023,0.09
jeff mcneil,2023,2.44
jeffrey springs,2023,0.81
jeimer candelario,2023,3.2600000000000002
jeremiah estrada,2023,-0.16
jeremy pena,2023,3.85
jesse chavez,2023,1.28
jesse scholtens,2023,0.18
jesse winker,2023,-0.72
jesus aguilar,2023,-0.6
jesus luzardo,2023,4.74
jesus sanchez,2023,1.47
jeter downs,2023,0.06
jeurys familia,2023,-0.43
jhoan duran,2023,1.97
jhonathan diaz,2023,-0.44
jhony brito,2023,0.68
jihwan bae,2023,-0.45
jiman choi,2023,-0.41
jimmy cordero,2023,0.45
jimmy herget,2023,0.24
jimmy lambert,2023,0.0
jimmy yacabonis,2023,-0.22
jj bleday,2023,-0.11
jo adell,2023,0.34
joan adon,2023,-0.33
joc pederson,2023,0.66
joe barlow,2023,-0.01
joe boyle,2023,0.68
joe jacques,2023,-0.08
joe jimenez,2023,0.85
joe kelly,2023,-0.06
joe la sorsa,2023,0.27
joe mantiply,2023,0.08
joe musgrove,2023,2.21
joe ryan,2023,1.56
joel kuhnel,2023,-0.010000000000000002
joel payamps,2023,1.63
joely rodriguez,2023,-0.17
joey bart,2023,-0.42
joey estes,2023,-0.15
joey gallo,2023,0.49
joey krehbiel,2023,0.17
joey lucchesi,2023,1.04
joey meneses,2023,0.61
joey ortiz,2023,-0.01
joey votto,2023,-0.13
joey wendle,2023,-0.37
joey wentz,2023,-2.0
joey wiemer,2023,0.9
johan camargo,2023,-0.23
johan oviedo,2023,2.21
johan quezada,2023,-0.13
johan rojas,2023,2.37
john brebbia,2023,0.13
john curtiss,2023,0.04
john king,2023,0.7
john mcmillon,2023,0.1
john means,2023,0.65
john schreiber,2023,0.8
johnny cueto,2023,0.04
jojo romero,2023,0.65
jon berti,2023,2.17
jon gray,2023,1.68
jon singleton,2023,-0.51
jonah bride,2023,-0.48
jonah heim,2023,3.09
jonathan aranda,2023,0.21
jonathan arauz,2023,-0.31
jonathan bowlan,2023,0.07
jonathan davis,2023,-0.04
jonathan heasley,2023,-0.34
jonathan hernandez,2023,-0.43
jonathan india,2023,1.28
jonathan loaisiga,2023,0.35
jonathan ornelas,2023,-0.03
jonathan schoop,2023,-0.32
jonny deluca,2023,0.3
jordan balazovic,2023,0.0
jordan diaz,2023,-1.21
jordan hicks,2023,0.88
jordan lawlar,2023,-0.15
jordan luplow,2023,-0.19
jordan lyles,2023,-1.06
jordan montgomery,2023,3.95
jordan romano,2023,2.18
jordan walker,2023,-0.11
jordan weems,2023,0.67
jordan westburg,2023,1.24
jordan wicks,2023,0.33
jordyn adams,2023,-0.71
jorge alcala,2023,-0.3
jorge alfaro,2023,-0.44
jorge lopez,2023,-0.65
jorge mateo,2023,0.8
jorge polanco,2023,1.91
jorge soler,2023,1.45
jose a ferrer,2023,-0.04
jose abreu,2023,-0.09
jose altuve,2023,2.81
jose alvarado,2023,1.14
jose azocar,2023,0.05
jose barrero,2023,-0.53
jose berrios,2023,2.49
jose butto,2023,0.79
jose caballero,2023,2.47
jose castillo,2023,-0.14
jose cisnero,2023,-0.42
jose cuas,2023,0.86
jose de leon,2023,0.0
jose espada,2023,0.03
jose fermin,2023,0.11
jose hernandez,2023,-0.04
jose herrera,2023,-0.2
jose leclerc,2023,1.23
jose lopez,2023,0.02
jose marte,2023,-0.43
jose miranda,2023,-0.24
jose quijada,2023,-0.28
jose quintana,2023,1.61
jose ramirez,2023,4.88
jose rodriguez,2023,-0.060000000000000005
jose ruiz,2023,-0.52
jose siri,2023,1.64
jose soriano,2023,0.44
jose suarez,2023,-1.02
jose tena,2023,-0.25
jose trevino,2023,0.49
jose urena,2023,-0.47
jose urquidy,2023,-0.02
josh bell,2023,-0.10000000000000003
josh donaldson,2023,0.14
josh fleming,2023,0.03
josh hader,2023,2.52
josh harrison,2023,-0.79
josh jung,2023,2.61
josh lester,2023,-0.17
josh lowe,2023,3.65
josh naylor,2023,2.25
josh rojas,2023,0.4099999999999999
josh sborz,2023,-0.66
josh smith,2023,0.96
josh staumont,2023,0.03
josh taylor,2023,-0.5
josh walker,2023,-0.54
josh winckowski,2023,1.84
josh winder,2023,0.3
joshua palacios,2023,-0.23
josiah gray,2023,3.04
jovani moran,2023,-0.32
jp crawford,2023,5.21
jp france,2023,1.62
jp martinez,2023,-0.15
jp sears,2023,2.9
jt chargois,2023,0.9
jt realmuto,2023,3.53
juan soto,2023,5.29
juan then,2023,-0.02
juan yepez,2023,-0.75
julian merryweather,2023,0.89
julio rodriguez,2023,5.51
julio teheran,2023,0.51
julio urias,2023,0.55
juniel querecuto,2023,-0.26
junior caminero,2023,0.04
jurickson profar,2023,-1.2200000000000002
justin bruihl,2023,-0.18999999999999997
justin garza,2023,-0.4
justin lawrence,2023,1.26
justin martinez,2023,-0.52
justin steele,2023,3.16
justin topa,2023,1.55
justin turner,2023,2.1
justin verlander,2023,3.54
kaleb ort,2023,-0.34
karl kauffmann,2023,-0.81
keaton winn,2023,0.31
kebryan hayes,2023,3.89
keegan akin,2023,-0.81
keegan thompson,2023,0.08
keibert ruiz,2023,1.39
kelvin caceres,2023,-0.01
ken waldichuk,2023,0.24
kendall graveman,2023,1.4100000000000001
kenley jansen,2023,0.74
kenny rosenberg,2023,0.69
kenta maeda,2023,1.17
kerry carpenter,2023,2.05
ketel marte,2023,4.88
kevin gausman,2023,3.52
kevin ginkel,2023,1.29
kevin herget,2023,0.16
kevin kelly,2023,0.73
kevin kiermaier,2023,3.82
kevin newman,2023,-0.4
kevin padlo,2023,-0.21
kevin pillar,2023,-0.04
kevin smith,2023,-0.32
keynan middleton,2023,0.93
kirby snead,2023,0.0
kirby yates,2023,1.05
kodai senga,2023,4.47
kody clemens,2023,0.010000000000000002
kody funderburk,2023,0.83
kolby allard,2023,-0.18
kole calhoun,2023,0.01
kolten wong,2023,-0.7399999999999999
kolton ingram,2023,-0.23
konnor pilkington,2023,0.06
korey lee,2023,-0.64
kris bryant,2023,-0.97
kris bubic,2023,0.44
kutter crawford,2023,2.54
kyle barraclough,2023,-0.5
kyle bradish,2023,4.79
kyle farmer,2023,1.66
kyle finnegan,2023,0.93
kyle freeland,2023,1.4
kyle garlick,2023,-0.11
kyle gibson,2023,0.73
kyle harrison,2023,0.22
kyle hendricks,2023,1.01
kyle higashioka,2023,-0.26
kyle hurt,2023,0.07
kyle isbel,2023,2.01
kyle leahy,2023,-0.26
kyle lewis,2023,-0.55
kyle muller,2023,-1.26
kyle nelson,2023,0.03
kyle nicolas,2023,-0.31
kyle schwarber,2023,0.66
kyle stowers,2023,-0.3
kyle tucker,2023,5.51
kyle wright,2023,-0.62
kyren paris,2023,0.02
lamonte wade jr,2023,2.83
lance lynn,2023,-0.8800000000000001
lane ramsey,2023,-0.09
lane thomas,2023,3.19
lars nootbaar,2023,3.26
lawrence butler,2023,-0.54
lenyn sosa,2023,-0.73
leody taveras,2023,2.94
levi stoudt,2023,-0.27
liam hendriks,2023,-0.05
liover peguero,2023,-0.58
livan soto,2023,0.05
logan allen,2023,1.72
logan gilbert,2023,2.78
logan gillaspie,2023,-0.21
logan ohoppe,2023,0.62
logan porter,2023,-0.02
logan webb,2023,5.61
louis varland,2023,0.55
lourdes gurriel jr,2023,2.9
lucas erceg,2023,-0.02
lucas giolito,2023,1.58
lucas luetge,2023,-0.25
lucas sims,2023,1.84
luis arraez,2023,4.55
luis campusano,2023,1.07
luis castillo,2023,3.16
luis cessa,2023,-0.67
luis frias,2023,0.29
luis garcia,2023,0.67
luis garcia jr,2023,0.69
luis guillorme,2023,-0.06
luis matos,2023,-0.37
luis medina,2023,0.18
luis ortiz,2023,0.8300000000000001
luis patino,2023,0.12
luis rengifo,2023,1.94
luis robert jr,2023,5.26
luis severino,2023,-1.51
luis torrens,2023,-0.1
luis urias,2023,-0.2
luke jackson,2023,0.55
luke little,2023,0.32
luke maile,2023,0.62
luke raley,2023,2.44
luke voit,2023,-0.25
luke weaver,2023,-0.5599999999999999
luke williams,2023,-0.27
luken baker,2023,-0.44
lyon richardson,2023,-0.31
mackenzie gore,2023,1.89
madison bumgarner,2023,-0.72
maikel garcia,2023,1.05
manny machado,2023,2.66
manny pina,2023,0.0
manuel margot,2023,0.58
marcell ozuna,2023,3.44
marco gonzales,2023,-0.46
marco luciano,2023,0.08
marcus semien,2023,7.72
marcus stroman,2023,1.25
mark canha,2023,2.1799999999999997
mark kolozsvary,2023,0.0
mark leiter jr,2023,0.77
mark mathias,2023,-0.29
mark vientos,2023,-1.02
martin maldonado,2023,0.2
martin perez,2023,0.52
masataka yoshida,2023,1.39
mason englert,2023,-0.62
mason mccoy,2023,-0.02
mason miller,2023,0.67
mason thompson,2023,-0.41
masyn winn,2023,-0.56
matt barnes,2023,-0.01
matt beaty,2023,-0.27
matt bowman,2023,-0.18
matt brash,2023,1.21
matt bush,2023,-0.81
matt carasiti,2023,-0.24
matt carpenter,2023,-0.34
matt chapman,2023,4.31
matt dermody,2023,-0.07
matt duffy,2023,0.19
matt festa,2023,0.05
matt gage,2023,0.14
matt koch,2023,0.51
matt krook,2023,-0.42
matt manning,2023,1.19
matt mclain,2023,3.57
matt mervis,2023,-0.41
matt moore,2023,1.8199999999999998
matt olson,2023,7.54
matt reynolds,2023,-0.12
matt strahm,2023,2.2
matt thaiss,2023,0.41
matt vierling,2023,1.48
matt waldron,2023,0.22
matt wallner,2023,2.15
matthew batten,2023,0.34
matthew boyd,2023,-0.2
matthew liberatore,2023,-0.32
mauricio dubon,2023,2.69
mauricio llovera,2023,-0.17
max castillo,2023,0.18
max fried,2023,2.51
max kepler,2023,2.78
max muncy,2023,2.89
max scherzer,2023,3.05
mckinley moore,2023,-0.25
meibrys viloria,2023,-0.15
merrill kelly,2023,3.95
michael a taylor,2023,1.85
michael brantley,2023,0.11
michael busch,2023,-0.44
michael chavis,2023,0.5
michael conforto,2023,0.83
michael fulmer,2023,0.01
michael grove,2023,-0.78
michael harris ii,2023,3.54
michael kelly,2023,0.11
michael king,2023,3.27
michael kopech,2023,0.59
michael lorenzen,2023,1.79
michael mariot,2023,0.08
michael massey,2023,-0.1
michael perez,2023,0.25
michael plassmeyer,2023,-0.37
michael rucker,2023,-0.01
michael siani,2023,-0.28
michael soroka,2023,-0.49
michael stefanic,2023,0.06
michael toglia,2023,-1.45
michael tonkin,2023,0.27
michael wacha,2023,2.72
mickey moniak,2023,2.19
miguel amaya,2023,0.33
miguel andujar,2023,0.12
miguel cabrera,2023,-0.3
miguel castro,2023,0.42
miguel diaz,2023,0.58
miguel rojas,2023,1.34
miguel vargas,2023,0.11
mike baumann,2023,0.59
mike brosseau,2023,-0.29
mike clevinger,2023,3.19
mike ford,2023,0.71
mike mayers,2023,-0.2
mike moustakas,2023,-0.09000000000000002
mike tauchman,2023,2.71
mike trout,2023,2.91
mike yastrzemski,2023,2.4
mike zunino,2023,-0.56
miles mastrobuoni,2023,0.48
miles mikolas,2023,1.92
mitch garver,2023,2.29
mitch haniger,2023,-0.24
mitch keller,2023,2.97
mitch white,2023,-0.27
mj melendez,2023,-0.4
mookie betts,2023,8.58
mychal givens,2023,-0.37
myles straw,2023,0.93
nabil crismatt,2023,-0.51
nate eaton,2023,-0.5299999999999999
nate pearson,2023,-0.27
nathan eovaldi,2023,2.81
nathan lukes,2023,0.04
nathaniel lowe,2023,2.89
nelson cruz,2023,-0.36
nelson velazquez,2023,1.1600000000000001
nestor cortes,2023,0.45
nicholas padilla,2023,0.0
nick ahmed,2023,-0.26
nick allen,2023,0.15
nick anderson,2023,0.63
nick burdi,2023,-0.06
nick castellanos,2023,1.45
nick fortes,2023,-0.29
nick gonzales,2023,-0.19
nick gordon,2023,-0.25
nick hernandez,2023,-0.11
nick lodolo,2023,0.05
nick loftin,2023,0.55
nick madrigal,2023,1.29
nick martinez,2023,1.65
nick martini,2023,0.21
nick maton,2023,-1.29
nick mears,2023,0.33
nick nelson,2023,0.25
nick pivetta,2023,2.29
nick pratto,2023,-1.34
nick ramirez,2023,0.85
nick robertson,2023,-0.49
nick sandlin,2023,0.43
nick senzel,2023,0.02
nick solak,2023,-0.01
nick vespi,2023,0.06
nick wittgren,2023,0.04
nicky lopez,2023,1.77
nico hoerner,2023,5.46
noah davis,2023,-0.7
noah syndergaard,2023,-1.1
noelvi marte,2023,0.79
nolan arenado,2023,2.19
nolan gorman,2023,2.37
nolan jones,2023,4.27
nolan schanuel,2023,0.08
oliver ortega,2023,0.11
omar narvaez,2023,-0.1
oneil cruz,2023,0.14
orion kerkering,2023,0.06
orlando arcia,2023,1.72
oscar colas,2023,-1.46
oscar gonzalez,2023,-1.41
oscar mercado,2023,-0.19
osleivis basabe,2023,0.35
osvaldo bido,2023,-0.24
oswald peraza,2023,-0.46
oswaldo cabrera,2023,-1.45
owen miller,2023,0.28
owen white,2023,-0.18
ozzie albies,2023,4.96
pablo lopez,2023,3.44
pablo reyes,2023,0.42000000000000004
packy naughton,2023,0.19
paolo espino,2023,-0.37
parker meadows,2023,0.95
parker mushinski,2023,-0.05
patrick bailey,2023,0.84
patrick corbin,2023,0.31
patrick sandoval,2023,0.43
patrick wisdom,2023,0.47
paul blackburn,2023,1.55
paul dejong,2023,-0.4900000000000001
paul goldschmidt,2023,3.29
paul sewald,2023,1.17
pavin smith,2023,-0.83
pedro avila,2023,0.44
penn murfee,2023,0.29
pete alonso,2023,3.28
pete crowarmstrong,2023,-0.12
pete fairbanks,2023,1.51
peter lambert,2023,0.4
peter solomon,2023,-0.5
peter strzelecki,2023,0.03
peyton battenfield,2023,-0.25
peyton burdick,2023,-0.04
phil bickford,2023,-0.22
phil maton,2023,1.07
pierce johnson,2023,0.35000000000000003
prelander berroa,2023,0.12
quinn priester,2023,-0.93
rafael devers,2023,3.5
rafael montero,2023,-0.31
rafael ortega,2023,0.22
raimel tapia,2023,-0.12999999999999995
raisel iglesias,2023,1.06
ramon laureano,2023,1.67
ramon urias,2023,1.75
randal grichuk,2023,1.35
randy arozarena,2023,3.43
randy vasquez,2023,1.02
randy wynne,2023,0.08
ranger suarez,2023,2.36
ray kerr,2023,0.03
reed garrett,2023,-0.16
reese mcguire,2023,-0.31
reese olson,2023,1.35
reid detmers,2023,2.15
reiss knehr,2023,-0.41
reiver sanmartin,2023,-0.32
rene pinto,2023,0.19000000000000003
reyes moronta,2023,-0.02
reynaldo lopez,2023,2.04
rich hill,2023,-0.4600000000000001
richard bleier,2023,-0.19
richard lovelady,2023,0.12
richie palacios,2023,0.55
ricky karcher,2023,0.35
rico garcia,2023,-0.33999999999999997
riley adams,2023,1.07
riley greene,2023,1.89
riley pint,2023,-0.04
roansy contreras,2023,-0.5
rob refsnyder,2023,0.42
rob zastryzny,2023,-0.26
robbie grossman,2023,0.09
robbie ray,2023,-0.25
robert garcia,2023,0.4
robert stephenson,2023,1.16
robert suarez,2023,0.03
roberto perez,2023,-0.09
rodolfo castro,2023,-0.44
romy gonzalez,2023,-0.35
ron marinaccio,2023,0.38
ronald acuna jr,2023,8.4
ronel blanco,2023,0.24
ronny mauricio,2023,0.16
ross stripling,2023,0.08
rougned odor,2023,-0.32
rowdy tellez,2023,-0.6599999999999999
royce lewis,2023,2.41
ryan borucki,2023,1.38
ryan brasier,2023,1.2600000000000002
ryan feltner,2023,0.04
ryan helsley,2023,1.42
ryan jeffers,2023,3.23
ryan kreidler,2023,-0.37
ryan mckenna,2023,0.45
ryan mcmahon,2023,2.94
ryan mountcastle,2023,2.07
ryan noda,2023,2.18
ryan ohearn,2023,1.23
ryan pepiot,2023,1.29
ryan pressly,2023,0.15
ryan sherriff,2023,0.23
ryan tepera,2023,-0.66
ryan thompson,2023,0.25999999999999995
ryan walker,2023,0.93
ryan weathers,2023,-0.8
ryan weber,2023,0.36
ryan yarbrough,2023,0.7300000000000001
ryder ryan,2023,0.03
rylan bannon,2023,-0.16
ryne nelson,2023,-0.01
ryne stanek,2023,0.39
sal frelick,2023,1.14
salvador perez,2023,0.4
sam bachman,2023,0.43
sam coonrod,2023,-0.25
sam haggerty,2023,0.27
sam hentges,2023,0.77
sam hilliard,2023,0.23
sam huff,2023,0.29
sam long,2023,-0.09
sam moll,2023,1.76
samad taylor,2023,-0.18
sammy peralta,2023,0.16
sandy alcantara,2023,3.88
sandy leon,2023,-0.5700000000000001
santiago espinal,2023,0.33
sawyer gipsonlong,2023,0.39
scott alexander,2023,-0.23
scott barlow,2023,-0.09000000000000002
scott mcgough,2023,0.06
sean bouchard,2023,0.69
sean hjelle,2023,-0.65
sean manaea,2023,0.19
sean murphy,2023,4.04
sean newcomb,2023,0.42
sean nolin,2023,-0.14
sean reidfoley,2023,0.14
seby zavala,2023,-0.21000000000000002
seiya suzuki,2023,3.17
seranthony dominguez,2023,0.44
seth brown,2023,0.33
seth lugo,2023,2.06
seth martinez,2023,-0.24
shane bieber,2023,1.85
shane greene,2023,0.1
shane mcclanahan,2023,2.82
shawn armstrong,2023,1.69
shawn dubin,2023,-0.09
shea langeliers,2023,0.85
shelby miller,2023,1.45
shintaro fujinami,2023,-1.98
shohei ohtani,2023,9.91
silvino bracho,2023,0.15
simeon woods richardson,2023,-0.11
slade cecconi,2023,0.32
sonny gray,2023,5.61
spencer horwitz,2023,0.26
spencer howard,2023,-0.12
spencer patton,2023,0.03
spencer steer,2023,2.87
spencer strider,2023,2.98
spencer torkelson,2023,1.02
spencer turnbull,2023,-0.64
spenser watkins,2023,-0.17
starling marte,2023,-0.72
stephen nogosek,2023,-0.13
steven cruz,2023,0.03
steven kwan,2023,3.21
steven matz,2023,1.96
steven okert,2023,0.59
steven wilson,2023,0.45
stone garrett,2023,1.9
stuart fairchild,2023,0.42
taijuan walker,2023,2.6
taj bradley,2023,-0.35
tanner banks,2023,0.72
tanner bibee,2023,3.87
tanner houck,2023,1.29
tanner rainey,2023,0.05
tanner scott,2023,3.91
tarik skubal,2023,1.96
tayler saucedo,2023,0.62
tayler scott,2023,-0.10999999999999999
taylor clarke,2023,-0.85
taylor hearn,2023,-0.55
taylor kohlwey,2023,-0.2
taylor motter,2023,-0.6
taylor rogers,2023,0.41
taylor trammell,2023,-0.33
taylor walls,2023,1.97
taylor ward,2023,1.72
tejay antone,2023,0.27
teoscar hernandez,2023,2.3
terrin vavra,2023,-0.51
thaddeus ward,2023,-0.31
thairo estrada,2023,2.46
thomas hatch,2023,0.09
thomas pannone,2023,-0.07
thyago vieira,2023,0.26
tim anderson,2023,-1.77
tim herrin,2023,-0.14
tim hill,2023,-1.17
tim locastro,2023,0.43
tim mayza,2023,2.15
tj friedl,2023,3.59
tj hopkins,2023,-0.27
tj mcfarland,2023,-0.09
tom cosgrove,2023,1.51
tom murphy,2023,1.22
tomas nido,2023,-0.74
tommy doyle,2023,-0.26
tommy edman,2023,2.07
tommy henry,2023,1.09
tommy hunter,2023,-0.45
tommy kahnle,2023,1.13
tommy la stella,2023,-0.13
tommy milone,2023,0.16
tommy pham,2023,1.54
tony gonsolin,2023,-0.22
tony kemp,2023,-1.21
tony santillan,2023,0.12
touki toussaint,2023,0.98
travis blankenhorn,2023,-0.09
travis darnaud,2023,0.23
travis jankowski,2023,1.58
trayce thompson,2023,-0.6699999999999999
trea turner,2023,3.5
trent grisham,2023,1.8
trent thornton,2023,0.43000000000000005
tres barrera,2023,-0.04
trevor gott,2023,-0.19
trevor kelley,2023,-0.16
trevor larnach,2023,0.02
trevor may,2023,1.13
trevor megill,2023,0.39
trevor richards,2023,-0.16
trevor rogers,2023,0.33
trevor stephan,2023,0.37
trevor story,2023,0.79
trevor williams,2023,-0.18
trey cabbage,2023,-0.33
trey mancini,2023,-1.12
trey wingenter,2023,-0.05
tristan beck,2023,1.07
tristan gray,2023,0.12
triston casas,2023,2.22
triston mckenzie,2023,0.09
tucker barnhart,2023,-0.42
tucker davidson,2023,-0.44
tucupita marcano,2023,-0.29
ty adcock,2023,0.03
ty blach,2023,0.19
ty france,2023,0.85
tyler alexander,2023,0.12
tyler anderson,2023,0.19
tyler cropley,2023,-0.09
tyler cyr,2023,0.05
tyler duffey,2023,0.0
tyler fitzgerald,2023,0.17
tyler freeman,2023,-0.32
tyler gilbert,2023,-0.02
tyler glasnow,2023,2.08
tyler heineman,2023,0.18
tyler holton,2023,2.85
tyler kinley,2023,-0.16
tyler mahle,2023,0.48
tyler naquin,2023,-0.31
tyler nevin,2023,-0.52
tyler oneill,2023,0.27
tyler rogers,2023,1.61
tyler soderstrom,2023,-1.13
tyler stephenson,2023,0.56
tyler wade,2023,-0.29
tyler wells,2023,1.66
tylor megill,2023,0.61
tyrone taylor,2023,0.43
tyson miller,2023,0.03
vaughn grissom,2023,-0.71
victor caratini,2023,0.68
victor gonzalez,2023,0.23
victor mederos,2023,-0.05
victor robles,2023,-0.04
victor vodnik,2023,-0.19
vidal brujan,2023,-0.32
vince velasquez,2023,0.79
vinnie pasquantino,2023,-0.03
vinny capra,2023,-0.1
vinny nittoli,2023,0.09
vladimir guerrero jr,2023,1.79
wade meckler,2023,-0.01
wade miley,2023,2.57
wander franco,2023,5.36
wander suero,2023,-0.17
wandy peralta,2023,1.41
wes parsons,2023,-0.35
weston wilson,2023,0.2
whit merrifield,2023,0.7
wil crowe,2023,0.0
wil myers,2023,-0.55
will benson,2023,1.56
will brennan,2023,0.34
will smith,2023,4.18
will vest,2023,0.96
willi castro,2023,2.55
william contreras,2023,3.69
willie calhoun,2023,-0.19
willson contreras,2023,3.33
willy adames,2023,2.91
wilmer flores,2023,2.68
wilyer abreu,2023,0.67
xander bogaerts,2023,4.15
xavier edwards,2023,0.1
xzavion curry,2023,0.67
yacksel rios,2023,-0.3
yainer diaz,2023,3.18
yan gomes,2023,1.98
yandy diaz,2023,5.09
yasmani grandal,2023,-0.59
yency almonte,2023,-0.52
yennier cano,2023,2.42
yerry de los santos,2023,0.45
yerry rodriguez,2023,-0.35
yimi garcia,2023,-0.03
yoan moncada,2023,0.63
yoendrys gomez,2023,0.07
yohan ramirez,2023,0.010000000000000009
yonathan daza,2023,-0.38
yonny chirinos,2023,-0.36000000000000004
yonny hernandez,2023,-0.06
yordan alvarez,2023,4.53
yu chang,2023,0.12
yu darvish,2023,0.94
yuli gurriel,2023,-0.69
yunior marte,2023,-0.32
yusei kikuchi,2023,1.82
zac gallen,2023,4.37
zach davies,2023,-1.39
zach eflin,2023,3.56
zach jackson,2023,0.67
zach logue,2023,-0.2
zach mcallister,2023,-0.4
zach mckinstry,2023,1.27
zach muckenhirn,2023,-0.04
zach neal,2023,-0.31
zach neto,2023,1.56
zach plesac,2023,-0.63
zach pop,2023,-0.37
zach remillard,2023,0.09
zack burdi,2023,-0.23
zack collins,2023,0.13
zack gelof,2023,2.51
zack greinke,2023,1.08
zack kelly,2023,0.15
zack littell,2023,0.99
zack short,2023,0.45999999999999996
zack thompson,2023,0.57
zack weiss,2023,0.43000000000000005
zack wheeler,2023,4.18
aaron ashby,2024,0.2
aaron brooks,2024,-0.19
aaron bummer,2024,0.56
aaron civale,2024,1.08
aaron hicks,2024,-0.74
aaron judge,2024,10.9
aaron nola,2024,3.98
aaron schunk,2024,0.2
abner uribe,2024,-0.44
abraham toro,2024,0.61
adael amador,2024,-0.43
adam cimber,2024,-0.68
adam duvall,2024,-1.36
adam frazier,2024,0.42
adam kloffenstein,2024,0.08
adam mazur,2024,-0.66
adam oller,2024,0.23
adam ottavino,2024,-0.03
adbert alzolay,2024,-0.62
addison barger,2024,0.34
adley rutschman,2024,3.14
adolis garcia,2024,0.67
adrian del castillo,2024,0.46
adrian houser,2024,-0.93
adrian morejon,2024,1.3
aj minter,2024,1.1
aj puk,2024,1.22
aj smithshawver,2024,0.29
akil baddoo,2024,-0.49
alan busenitz,2024,-0.25
alan trejo,2024,-0.77
albert suarez,2024,2.44
alec bohm,2024,2.76
alec burleson,2024,1.38
alec marsh,2024,0.62
aledmys diaz,2024,-0.59
alejandro kirk,2024,1.91
alek jacob,2024,0.29
alek manoah,2024,-0.34
alek thomas,2024,-0.04
alex bregman,2024,3.98
alex call,2024,1.5
alex cobb,2024,0.22
alex faedo,2024,0.65
alex jackson,2024,-0.44
alex kirilloff,2024,-0.56
alex lange,2024,-0.6
alex speas,2024,0.01
alex verdugo,2024,0.87
alex vesia,2024,1.77
alex wood,2024,-0.18
alex young,2024,0.28
alexander canario,2024,0.29
alexis diaz,2024,0.5
ali sanchez,2024,-0.57
alika williams,2024,-0.13
allan winans,2024,-0.6
amed rosario,2024,-0.04999999999999993
amir garrett,2024,0.01
amos willingham,2024,-0.07
andre pallante,2024,1.55
andres chaparro,2024,-0.07
andres gimenez,2024,3.99
andres munoz,2024,2.05
andrew abbott,2024,3.3
andrew benintendi,2024,-0.84
andrew chafin,2024,0.47000000000000003
andrew heaney,2024,0.36
andrew kittredge,2024,1.47
andrew knapp,2024,-0.06
andrew knizner,2024,-0.74
andrew mccutchen,2024,0.9
andrew nardi,2024,0.0
andrew saalfrank,2024,-0.28
andrew vaughn,2024,0.09
andrew walters,2024,0.31
andrew wantz,2024,-0.02
andruw monasterio,2024,-0.14
andy ibanez,2024,1.33
andy pages,2024,1.2
angel chivilli,2024,0.26
angel martinez,2024,0.06
angel zerpa,2024,0.48
anthony banda,2024,0.65
anthony bender,2024,0.67
anthony gose,2024,-0.15
anthony maldonado,2024,0.09
anthony misiewicz,2024,0.05
anthony molina,2024,-0.52
anthony rendon,2024,0.55
anthony rizzo,2024,0.24
anthony santander,2024,2.7
anthony veneziano,2024,0.13999999999999999
anthony volpe,2024,3.49
antonio senzatela,2024,0.0
aramis garcia,2024,-0.05
armando alvarez,2024,-0.38
aroldis chapman,2024,0.37
austin adams,2024,0.52
austin barnes,2024,0.65
austin davis,2024,-0.25
austin gomber,2024,2.43
austin hays,2024,-0.18999999999999997
austin hedges,2024,-0.55
austin kitchen,2024,-0.49
austin martin,2024,-0.98
austin pruitt,2024,-0.3
austin riley,2024,2.89
austin shenton,2024,0.1
austin slater,2024,-0.25
austin voth,2024,-0.16
austin warren,2024,0.25
austin wells,2024,2.56
austin wynns,2024,0.43
avisail garcia,2024,-0.18
bailey falter,2024,1.57
bailey horn,2024,-0.34
bailey ober,2024,2.96
beau brieske,2024,0.73
ben brown,2024,0.88
ben casparius,2024,0.16
ben gamel,2024,0.19
ben heller,2024,-0.74
ben joyce,2024,1.63
ben lively,2024,1.42
ben rice,2024,-0.41
ben rortvedt,2024,0.9
billy cook,2024,0.63
billy mckinney,2024,-0.04
blair henley,2024,-0.32
blake dunn,2024,-0.17
blake perkins,2024,1.91
blake sabol,2024,0.25
blake snell,2024,2.18
blake treinen,2024,1.55
blake walston,2024,-0.08
blaze alexander,2024,0.02
bligh madris,2024,0.21
bo bichette,2024,-0.34
bo naylor,2024,0.67
bobby dalbec,2024,-0.71
bobby miller,2024,-1.87
bobby witt jr,2024,9.62
bowden francis,2024,1.63
brad keller,2024,-0.29
braden shewmake,2024,-0.59
bradley blalock,2024,-0.18
brady basso,2024,0.34
brady feigl,2024,-0.16
brady singer,2024,2.85
brandon bielak,2024,0.07
brandon crawford,2024,-0.32999999999999996
brandon drury,2024,-2.06
brandon eisert,2024,0.02
brandon hughes,2024,-0.39
brandon leibrandt,2024,-0.16
brandon lockridge,2024,-0.03
brandon lowe,2024,2.35
brandon marsh,2024,2.98
brandon nimmo,2024,2.18
brandon pfaadt,2024,0.39
brandon williamson,2024,0.25
brant hurter,2024,1.33
braxton garrett,2024,0.11
brayan bello,2024,1.18
brayan rocchio,2024,1.94
brenan hanifee,2024,0.9
brendan donovan,2024,2.76
brendan rodgers,2024,0.95
brendon little,2024,0.18
brennan bernardino,2024,0.34
brent headrick,2024,0.05
brent honeywell jr,2024,0.6000000000000001
brent rooker,2024,5.55
brent suter,2024,1.37
brenton doyle,2024,3.86
brett baty,2024,0.32
brett de geus,2024,-0.24
brett harris,2024,-0.49
brett sullivan,2024,-0.03
brett wisely,2024,0.42
brewer hicklen,2024,-0.16
brian anderson,2024,-0.15
brian serven,2024,0.14
brice turang,2024,4.76
brock burke,2024,-0.18
brock stewart,2024,-0.07
brooks baldwin,2024,-0.02
brooks lee,2024,-0.15
brooks raley,2024,0.52
brusdar graterol,2024,0.12
bryan abreu,2024,1.76
bryan baker,2024,-0.09
bryan de la cruz,2024,-1.13
bryan hoeing,2024,1.5499999999999998
bryan hudson,2024,2.43
bryan king,2024,0.64
bryan ramos,2024,-0.19
bryan reynolds,2024,3.64
bryan sammons,2024,0.44
bryan shaw,2024,-0.21
bryan woo,2024,2.38
bryce elder,2024,-0.7
bryce harper,2024,4.6
bryce jarvis,2024,0.81
bryce johnson,2024,-0.32
bryce miller,2024,3.51
bryce teodosio,2024,-0.23
bryse wilson,2024,0.9
bryson stott,2024,2.3
bubba thompson,2024,-0.26
buck farmer,2024,1.68
buddy kennedy,2024,0.18000000000000002
burch smith,2024,-0.15000000000000002
byron buxton,2024,3.58
cade marlowe,2024,0.03
cade povich,2024,-0.21
cade smith,2024,2.39
caden dana,2024,-0.46
cal quantrill,2024,1.77
cal raleigh,2024,4.64
cal stevenson,2024,-0.11
caleb boushley,2024,0.03
caleb ferguson,2024,-0.47000000000000003
caleb kilian,2024,-0.01
caleb thielbar,2024,-0.55
calvin faucher,2024,0.88
cam booser,2024,0.7
camilo doval,2024,-0.49
carl edwards jr,2024,0.0
carlos carrasco,2024,-1.23
carlos correa,2024,3.65
carlos estevez,2024,2.15
carlos hernandez,2024,0.17
carlos narvaez,2024,0.11
carlos rodon,2024,1.89
carlos rodriguez,2024,-0.39
carlos santana,2024,2.49
carmen mlodzinski,2024,0.75
carson fulmer,2024,0.76
carson kelly,2024,0.51
carson spiers,2024,-0.05
casey kelly,2024,0.0
casey legumina,2024,-0.26
casey mize,2024,0.26
casey schmitt,2024,0.19
cavan biggio,2024,0.04999999999999999
ceddanne rafaela,2024,3.04
cedric mullins,2024,2.36
cesar salazar,2024,0.15
chad green,2024,0.76
chad kuhl,2024,0.18
chadwick tromp,2024,0.17
charles leblanc,2024,0.14
charlie blackmon,2024,0.5
charlie morton,2024,1.07
chas mccormick,2024,-0.66
chase anderson,2024,-0.66
chase shugart,2024,0.03
chase silseth,2024,-0.19
chasen shreve,2024,0.09
chayce mcdermott,2024,-0.07
chris bassitt,2024,0.05
chris devenski,2024,-0.8
chris flexen,2024,1.61
chris martin,2024,0.12
chris paddack,2024,0.49
chris roller,2024,-0.03
chris roycroft,2024,-0.07
chris sale,2024,6.21
chris stratton,2024,-0.77
chris taylor,2024,-0.18
christian bethancourt,2024,0.35
christian encarnacionstrand,2024,-1.04
christian scott,2024,0.21
christian vazquez,2024,-0.22
christian walker,2024,2.52
christian yelich,2024,2.25
christopher morel,2024,-0.58
chuckie robinson,2024,-0.47
cionel perez,2024,-0.07
cj abrams,2024,3.33
cj alexander,2024,-0.22
clarke schmidt,2024,1.91
clay holmes,2024,0.62
clayton andrews,2024,-0.08
clayton beeter,2024,0.01
clayton kershaw,2024,-0.28
coby mayo,2024,-0.69
cody bellinger,2024,2.22
cody bolton,2024,-0.11
cody bradford,2024,0.87
cody poteet,2024,0.83
cole irvin,2024,-0.64
cole ragans,2024,4.68
cole sands,2024,1.28
cole sulser,2024,0.43000000000000005
cole tucker,2024,-0.5
cole winn,2024,-0.46
colin holderman,2024,0.68
colin poche,2024,0.48
colin rea,2024,1.11
colin selby,2024,0.2
collin snider,2024,0.96
colt keith,2024,1.02
colten brewer,2024,-0.55
colton cowser,2024,2.83
conner capel,2024,-0.06
connor brogdon,2024,-0.74
connor gillispie,2024,0.2
connor joe,2024,0.67
connor norby,2024,0.31
connor wong,2024,1.76
cooper criswell,2024,0.55
cooper hummel,2024,-0.13
corbin burnes,2024,3.86
corbin carroll,2024,3.3
corey julks,2024,-1.14
corey seager,2024,5.22
craig kimbrel,2024,-1.03
cristian javier,2024,0.47
cristian mena,2024,-0.17
cristian pache,2024,-0.21000000000000002
cristopher sanchez,2024,3.79
curt casali,2024,0.26
curtis mead,2024,-0.49
dairon blanco,2024,0.1
dakota hudson,2024,-0.78
dallas keuchel,2024,-0.02
dan altavilla,2024,-0.25
dane dunning,2024,-0.79
dane myers,2024,0.59
daniel duarte,2024,0.11
daniel hudson,2024,0.58
daniel johnson,2024,-0.03
daniel lynch iv,2024,0.81
daniel palencia,2024,-0.15
daniel robert,2024,0.08
daniel schneemann,2024,0.71
daniel vogelbach,2024,-0.46
danny coulombe,2024,1.03
danny jansen,2024,0.67
danny mendick,2024,-0.27
danny young,2024,-0.17
dansby swanson,2024,3.96
dany jimenez,2024,-0.34
darell hernaiz,2024,-0.79
darius vines,2024,-0.46
darren baker,2024,0.03
darren mccaughan,2024,-0.53
dashawn keirsey jr,2024,-0.01
daulton jefferies,2024,-0.7
daulton varsho,2024,4.83
david banuelos,2024,-0.03
david bednar,2024,-0.9
david bote,2024,0.2
david buchanan,2024,0.1
david dahl,2024,0.29
david festa,2024,0.46
david fletcher,2024,0.04
david fry,2024,1.36
david hamilton,2024,2.76
david hensley,2024,-0.38
david peralta,2024,0.83
david peterson,2024,2.87
david robertson,2024,1.5
david villar,2024,0.02
davis daniel,2024,-0.37
davis martin,2024,0.9
davis schneider,2024,-0.14
davis wendzel,2024,-0.07
daysbel hernandez,2024,0.41
daz cameron,2024,-0.48
dean kremer,2024,0.71
declan cronin,2024,0.15
dedniel nunez,2024,0.8
deivi garcia,2024,-0.71
dennis santana,2024,0.8500000000000001
derek hill,2024,0.08
derek law,2024,1.95
devin williams,2024,1.35
diego castillo,2024,0.41000000000000003
dillon dingler,2024,-0.34
dillon tate,2024,-0.1
dinelson lamet,2024,0.0
dj herz,2024,0.84
dj lemahieu,2024,-1.52
dj stewart,2024,-0.78
dl hall,2024,-0.18
domingo german,2024,-0.51
dominic canzone,2024,0.17
dominic fletcher,2024,-0.37
dominic leone,2024,-0.66
dominic smith,2024,0.12
donovan solano,2024,0.97
donovan walton,2024,0.0
drew millas,2024,0.41
drew rasmussen,2024,0.6
drew romo,2024,-0.18
drew smith,2024,0.19
drew smyly,2024,0.05
drew thorpe,2024,0.08
drew waters,2024,-0.01
duke ellis,2024,-0.08000000000000002
dustin harris,2024,0.17
dylan carlson,2024,-1.17
dylan cease,2024,4.03
dylan coleman,2024,0.03
dylan crews,2024,0.58
dylan dodd,2024,-0.06
dylan floro,2024,0.8
dylan lee,2024,1.3
dylan moore,2024,2.09
easton lucas,2024,-0.55
eddie rosario,2024,-1.6199999999999999
eddy alvarez,2024,0.08
edgardo henriquez,2024,0.09
edmundo sosa,2024,2.21
edouard julien,2024,-0.17
eduard bazardo,2024,-0.02
eduardo rodriguez,2024,0.18
eduardo salazar,2024,0.51
edward cabrera,2024,0.27
edward olivares,2024,-0.67
edwin diaz,2024,0.47
edwin rios,2024,-0.11
edwin uceta,2024,1.88
eguy rosario,2024,0.33
ehire adrianza,2024,0.08
elehuris montero,2024,-1.74
eli morgan,2024,1.08
eli villalobos,2024,0.11
eli white,2024,0.27
elias diaz,2024,1.21
elieser hernandez,2024,-0.26
elly de la cruz,2024,5.21
eloy jimenez,2024,-0.8
elvis peguero,2024,0.4
emerson hancock,2024,-0.55
emilio pagan,2024,0.32
emmanuel clase,2024,4.4
emmanuel ramirez,2024,-0.32
emmanuel rivera,2024,-0.4100000000000001
enmanuel valdez,2024,-0.54
enoli paredes,2024,0.67
enrique hernandez,2024,1.25
enyel de los santos,2024,0.12000000000000005
erasmo ramirez,2024,-0.16
eric haase,2024,0.45
eric orze,2024,-0.19
eric wagaman,2024,0.43
eric yang,2024,-0.03
erick fedde,2024,5.56
erik miller,2024,0.42
erik sabrowski,2024,0.6
erik swanson,2024,-0.25
ernie clement,2024,3.2800000000000002
esteury ruiz,2024,-0.13
estevan florial,2024,0.1
ethan roberts,2024,0.22
eugenio suarez,2024,3.04
evan carter,2024,0.7
evan justice,2024,0.01
evan kravetz,2024,0.03
evan phillips,2024,-0.53
ezequiel duran,2024,0.16
ezequiel tovar,2024,3.58
fernando cruz,2024,0.32
fernando tatis jr,2024,2.65
forrest wall,2024,0.03
forrest whitley,2024,0.0
framber valdez,2024,4.63
francisco alvarez,2024,0.81
francisco lindor,2024,6.83
frankie montas,2024,0.58
fraser ellard,2024,0.26
freddie freeman,2024,4.52
freddy fermin,2024,3.13
freddy peralta,2024,2.41
gabe speier,2024,-0.47
gabriel arias,2024,-0.38
gabriel moreno,2024,2.55
garrett cleavinger,2024,0.83
garrett cooper,2024,-0.79
garrett crochet,2024,4.05
garrett hampson,2024,0.49
garrett mitchell,2024,2.07
garrett stubbs,2024,0.06999999999999998
garrett whitlock,2024,0.78
gary sanchez,2024,0.22
gavin hollowell,2024,0.05
gavin lux,2024,2.01
gavin sheets,2024,-1.0
gavin stone,2024,2.11
gavin williams,2024,-0.09
genesis cabrera,2024,-0.05
geoff hartlieb,2024,-0.36
george kirby,2024,2.08
george soriano,2024,-0.64
george springer,2024,0.91
geraldo perdomo,2024,3.45
gerardo reyes,2024,-0.06
german marquez,2024,-0.06
gerrit cole,2024,1.85
gerson garabito,2024,-0.09
giancarlo stanton,2024,0.8
gio urshela,2024,0.62
giovanny gallegos,2024,-0.33
gleyber torres,2024,1.88
gordon graceffo,2024,0.01
grae kessinger,2024,-0.32999999999999996
graham ashcraft,2024,0.28
graham pauley,2024,-0.35
grant anderson,2024,-1.12
grant hartwig,2024,-0.12
grant holman,2024,0.25
grant holmes,2024,1.13
grant koch,2024,-0.13
grant mccray,2024,-0.04
grayson rodriguez,2024,1.62
greg jones,2024,0.07
greg weissert,2024,0.51
gregory santos,2024,-0.09
gregory soto,2024,0.28
griffin canning,2024,0.19
griffin conine,2024,0.79
griffin jax,2024,2.84
guillo zuniga,2024,-0.08
gunnar henderson,2024,8.79
gus varland,2024,0.34
gustavo campero,2024,-0.09
hans crouse,2024,0.51
harold ramirez,2024,-0.1
harrison bader,2024,0.86
haseong kim,2024,2.58
hayden birdsong,2024,0.3
hayden wesneski,2024,-0.29
hector neris,2024,-0.18
heliot ramos,2024,2.28
henry davis,2024,-0.61
heston kjerstad,2024,0.38
hoby milner,2024,-0.57
hogan harris,2024,1.91
huascar brazoban,2024,0.22000000000000003
humberto castellanos,2024,-0.1
hunter bigge,2024,0.39999999999999997
hunter brown,2024,2.8
hunter feduccia,2024,0.06
hunter gaddis,2024,2.57
hunter goodman,2024,-0.89
hunter greene,2024,6.03
hunter harvey,2024,-0.03999999999999998
hunter renfroe,2024,0.14
hunter stratton,2024,0.61
hunter strickland,2024,1.0
hurston waldrep,2024,-0.6
ian gibaut,2024,0.01
ian hamilton,2024,0.49
ian happ,2024,3.92
ildemaro vargas,2024,-0.48
isaac collins,2024,-0.33
isaac mattson,2024,0.01
isaac paredes,2024,2.73
isaiah campbell,2024,-1.27
isiah kinerfalefa,2024,3.55
ivan herrera,2024,1.77
jace jung,2024,-0.46
jace peterson,2024,-0.62
jack flaherty,2024,3.31
jack kochanowicz,2024,0.75
jack leiter,2024,-1.65
jack lopez,2024,-0.01
jack neely,2024,-0.17
jack oloughlin,2024,0.07
jack suwinski,2024,-1.71
jackson chourio,2024,3.86
jackson holliday,2024,-0.04
jackson jobe,2024,0.13
jackson merrill,2024,4.46
jackson rutledge,2024,0.17
jackson stephens,2024,0.06
jacob amaya,2024,-0.06
jacob barnes,2024,0.08
jacob degrom,2024,0.4
jacob hurtubise,2024,-0.13
jacob latz,2024,0.2
jacob lopez,2024,0.02
jacob stallings,2024,1.67
jacob waguespack,2024,-0.08
jacob webb,2024,0.99
jacob wilson,2024,-0.18
jacob young,2024,2.69
jaden hill,2024,0.01
jahmai jones,2024,-0.02
jair camargo,2024,-0.12
jairo iriarte,2024,0.11
jake bauers,2024,-0.31
jake bird,2024,0.39
jake bloss,2024,-0.22
jake burger,2024,0.84
jake cave,2024,-0.75
jake cousins,2024,0.71
jake cronenworth,2024,1.91
jake diekman,2024,-0.8
jake eder,2024,0.01
jake fraley,2024,0.3
jake irvin,2024,1.91
jake mccarthy,2024,1.64
jake meyers,2024,1.53
jake rogers,2024,0.93
jake woodford,2024,-1.29
jakob junis,2024,1.83
jakson reetz,2024,-0.17
jalen beeks,2024,0.10999999999999999
james mcarthur,2024,-0.57
james mccann,2024,0.6000000000000001
james meeker,2024,0.03
james outman,2024,-0.48
james paxton,2024,0.24
james wood,2024,1.07
jameson taillon,2024,2.27
jamie westbrook,2024,-0.05
janson junk,2024,-0.1
jared jones,2024,1.64
jared koenig,2024,1.46
jared shuster,2024,0.95
jared triolo,2024,1.4
jared walsh,2024,-0.12
jarred kelenic,2024,0.44
jarren duran,2024,8.99
jason adam,2024,2.59
jason delay,2024,0.08
jason foley,2024,0.86
jason heyward,2024,1.09
jason vosler,2024,-0.13
jasson dominguez,2024,-0.04
javier assad,2024,1.66
javier baez,2024,-1.17
javier sanoja,2024,-0.02
jay jackson,2024,-0.61
jazz chisholm jr,2024,2.92
jb bukauskas,2024,0.19
jd davis,2024,-0.36
jd martinez,2024,0.48
jeff criswell,2024,0.61
jeff hoffman,2024,2.18
jeff mcneil,2024,1.54
jeffrey springs,2024,0.84
jeimer candelario,2024,-0.69
jerar encarnacion,2024,0.09
jeremiah estrada,2024,1.23
jeremy pena,2024,3.93
jesse chavez,2024,0.63
jesse winker,2024,1.9300000000000002
jesus luzardo,2024,0.55
jesus sanchez,2024,1.01
jesus tinoco,2024,1.0
jhoan duran,2024,0.22
jhonathan diaz,2024,-0.13
jhonkensy noel,2024,0.95
jhonny pereda,2024,-0.03
jhony brito,2024,0.19
jihwan bae,2024,-0.38
jimmy herget,2024,0.05
jj bleday,2024,2.13
jo adell,2024,0.79
joan adon,2024,-0.14
joc pederson,2024,2.82
joe boyle,2024,-0.52
joe hudson,2024,0.0
joe jacques,2024,-0.1
joe jimenez,2024,1.77
joe kelly,2024,-0.38
joe la sorsa,2024,0.08
joe mantiply,2024,0.55
joe musgrove,2024,1.72
joe ross,2024,0.48
joe ryan,2024,2.47
joel kuhnel,2024,0.12
joel payamps,2024,1.06
joely rodriguez,2024,-0.53
joey bart,2024,2.19
joey cantillo,2024,-0.11
joey estes,2024,0.62
joey gallo,2024,0.24
joey loperfido,2024,0.43999999999999995
joey lucchesi,2024,0.03
joey meneses,2024,-0.57
joey ortiz,2024,2.81
joey wendle,2024,-0.12
joey wentz,2024,0.12
joey wiemer,2024,-0.19
johan rojas,2024,0.57
john brebbia,2024,-0.47
john curtiss,2024,-0.23
john king,2024,0.75
john mcmillon,2024,0.57
john means,2024,0.77
john schreiber,2024,0.4
johnathan rodriguez,2024,-0.39
johnny cueto,2024,-0.18
jojo romero,2024,0.83
jon berti,2024,0.65
jon gray,2024,0.18
jon singleton,2024,0.16
jonah bride,2024,0.89
jonah heim,2024,1.36
jonatan clase,2024,-0.06
jonathan aranda,2024,0.69
jonathan bermudez,2024,-0.12
jonathan bowlan,2024,-0.2
jonathan cannon,2024,1.88
jonathan heasley,2024,-0.62
jonathan hernandez,2024,-0.5
jonathan india,2024,1.67
jonathan loaisiga,2024,0.34
jonathan ornelas,2024,0.03
jonny deluca,2024,0.57
jordan beck,2024,-0.87
jordan hicks,2024,0.98
jordan leasure,2024,-0.37
jordan lyles,2024,0.17
jordan montgomery,2024,-1.38
jordan romano,2024,-0.31
jordan walker,2024,-0.83
jordan weems,2024,-1.03
jordan westburg,2024,2.25
jordan wicks,2024,-0.48
jordyn adams,2024,-0.17
jorge alcala,2024,1.39
jorge barrosa,2024,0.0
jorge lopez,2024,0.89
jorge mateo,2024,0.79
jorge polanco,2024,1.29
jorge soler,2024,1.09
jose a ferrer,2024,0.53
jose abreu,2024,-1.7
jose altuve,2024,3.23
jose alvarado,2024,0.43
jose azocar,2024,-0.35
jose berrios,2024,2.46
jose butto,2024,2.22
jose caballero,2024,1.61
jose cisnero,2024,-0.42
jose cuas,2024,-0.54
jose devers,2024,0.1
jose fermin,2024,-0.61
jose hernandez,2024,0.22
jose herrera,2024,-0.24
jose iglesias,2024,3.04
jose leclerc,2024,-0.16
jose marte,2024,0.45
jose miranda,2024,1.69
jose quijada,2024,0.28
jose quintana,2024,2.45
jose ramirez,2024,6.82
jose ruiz,2024,0.56
jose siri,2024,1.84
jose soriano,2024,1.94
jose suarez,2024,-0.59
jose tena,2024,0.15000000000000002
jose trevino,2024,0.53
jose urena,2024,0.39
josh bell,2024,-0.30000000000000004
josh fleming,2024,0.0
josh hader,2024,0.74
josh jung,2024,0.72
josh lowe,2024,0.7
josh maciejewski,2024,0.1
josh naylor,2024,1.47
josh rogers,2024,-0.06
josh rojas,2024,2.07
josh sborz,2024,-0.01
josh smith,2024,3.51
josh staumont,2024,0.23
josh walker,2024,-0.01
josh winckowski,2024,0.17
josh winder,2024,0.12
joshua palacios,2024,-0.05
josiah gray,2024,-0.54
jp crawford,2024,2.66
jp feyereisen,2024,-0.31
jp france,2024,-0.5
jp martinez,2024,0.03
jp sears,2024,2.25
jt chargois,2024,0.8400000000000001
jt ginn,2024,0.53
jt realmuto,2024,2.86
juan soto,2024,8.0
juan yepez,2024,0.57
julian aguiar,2024,-0.13
julian merryweather,2024,-0.37
julio rodriguez,2024,4.22
julio teheran,2024,-0.2
jung hoo lee,2024,0.12
junior caminero,2024,0.72
jurickson profar,2024,3.58
justin anderson,2024,0.51
justin bruihl,2024,-0.28
justin foscue,2024,-0.69
justin lawrence,2024,-1.62
justin martinez,2024,1.92
justin slaten,2024,0.82
justin steele,2024,1.91
justin sterner,2024,0.02
justin topa,2024,0.17
justin turner,2024,1.4200000000000002
justin verlander,2024,-0.25
justin wilson,2024,-0.23
justin wrobleski,2024,-0.32
justynhenry malloy,2024,-0.49
kaiwei teng,2024,-0.27
kaleb ort,2024,0.56
kameron misner,2024,-0.31
keaton winn,2024,-1.08
kebryan hayes,2024,0.88
keegan akin,2024,1.16
keegan thompson,2024,0.56
keibert ruiz,2024,0.55
keider montero,2024,0.23
kenley jansen,2024,1.22
kenny rosenberg,2024,-0.29
kent emanuel,2024,-0.33
kenta maeda,2024,-1.66
kerry carpenter,2024,2.11
keston hiura,2024,-0.58
ketel marte,2024,6.75
kevin alcantara,2024,-0.15
kevin gausman,2024,1.09
kevin ginkel,2024,0.84
kevin herget,2024,0.25
kevin kelly,2024,1.68
kevin kiermaier,2024,0.91
kevin newman,2024,2.2
kevin pillar,2024,0.32999999999999996
kevin smith,2024,-0.01
kirby snead,2024,0.02
kirby yates,2024,3.12
kodai senga,2024,0.09
kody clemens,2024,0.26
kody funderburk,2024,-0.6
kolby allard,2024,0.2
korey lee,2024,0.02
kris bryant,2024,-0.79
kris bubic,2024,0.71
kumar rocker,2024,-0.01
kutter crawford,2024,1.53
ky bush,2024,0.12
kyle bradish,2024,1.05
kyle farmer,2024,-0.34
kyle finnegan,2024,1.03
kyle freeland,2024,0.16
kyle gibson,2024,0.85
kyle harrison,2024,0.7
kyle hendricks,2024,-1.54
kyle higashioka,2024,1.39
kyle hurt,2024,0.13
kyle isbel,2024,1.99
kyle leahy,2024,0.17
kyle manzardo,2024,-0.02
kyle mccann,2024,0.17
kyle muller,2024,0.41
kyle nelson,2024,0.07
kyle nicolas,2024,0.18
kyle schwarber,2024,3.29
kyle stowers,2024,-0.42999999999999994
kyle tucker,2024,4.61
kyle tyler,2024,0.16
kyren paris,2024,-0.33
lake bachar,2024,0.03
lamonte wade jr,2024,2.03
lance lynn,2024,0.19
landen roupp,2024,0.64
landon knack,2024,1.02
lane thomas,2024,0.24999999999999997
lars nootbaar,2024,1.58
lawrence butler,2024,2.95
lenyn sosa,2024,-0.48
leo jimenez,2024,0.88
leo rivas,2024,0.28
leody taveras,2024,0.73
levi jordan,2024,-0.18
liover peguero,2024,-0.05
livan soto,2024,0.08000000000000002
logan allen,2024,-1.2000000000000002
logan driscoll,2024,-0.07
logan gilbert,2024,2.95
logan gillaspie,2024,-0.15
logan ohoppe,2024,2.65
logan webb,2024,3.79
louis varland,2024,-1.33
lourdes gurriel jr,2024,1.94
lucas erceg,2024,1.24
lucas gilbreath,2024,-0.4
lucas sims,2024,0.49999999999999994
luis arraez,2024,1.07
luis campusano,2024,-0.67
luis castillo,2024,1.91
luis contreras,2024,-0.11
luis de los santos,2024,-0.08
luis frias,2024,-0.78
luis garcia,2024,-0.35000000000000003
luis garcia jr,2024,2.15
luis gil,2024,2.88
luis guerrero,2024,0.48
luis guillorme,2024,0.15999999999999998
luis matos,2024,-0.17
luis medina,2024,0.33
luis ortiz,2024,2.87
luis peralta,2024,0.84
luis rengifo,2024,1.84
luis robert jr,2024,1.32
luis severino,2024,1.66
luis torrens,2024,0.71
luis urias,2024,0.42
luis vazquez,2024,-0.2
luisangel acuna,2024,0.52
luke jackson,2024,-0.33
luke little,2024,0.33
luke maile,2024,-0.52
luke raley,2024,3.15
luke weaver,2024,1.81
luke williams,2024,0.24
luken baker,2024,-0.18
lyon richardson,2024,-0.1
mackenzie gore,2024,0.85
maikel garcia,2024,1.41
manny machado,2024,3.09
manuel margot,2024,-0.85
manuel rodriguez,2024,1.1
marc church,2024,0.03
marcell ozuna,2024,4.33
marco gonzales,2024,0.44
marco luciano,2024,-0.38
marcus semien,2024,4.48
marcus stroman,2024,0.62
mark canha,2024,0.44999999999999996
mark leiter jr,2024,-0.47
mark vientos,2024,3.09
martin maldonado,2024,-1.34
martin perez,2024,0.88
masataka yoshida,2024,1.59
mason black,2024,-0.49
mason englert,2024,-0.25
mason mccoy,2024,-0.09
mason miller,2024,2.48
mason montgomery,2024,0.35
masyn winn,2024,5.09
matt andriese,2024,-0.1
matt barnes,2024,-0.24
matt bowman,2024,0.27
matt carasiti,2024,-0.53
matt carpenter,2024,-0.08
matt chapman,2024,7.07
matt duffy,2024,0.23
matt festa,2024,-0.86
matt foster,2024,0.26
matt koch,2024,-0.45
matt krook,2024,-0.1
matt manning,2024,0.16
matt mervis,2024,-0.6
matt moore,2024,-0.47
matt olson,2024,3.86
matt sauer,2024,-0.24
matt strahm,2024,2.6
matt thaiss,2024,0.55
matt vierling,2024,2.83
matt waldron,2024,0.85
matt wallner,2024,2.1999999999999997
matthew batten,2024,0.05
matthew boyd,2024,0.67
matthew liberatore,2024,0.25
mauricio dubon,2024,0.97
max fried,2024,3.48
max kepler,2024,0.96
max lazar,2024,0.08
max meyer,2024,-0.16
max muncy,2024,2.96
max scherzer,2024,0.33
max schuemann,2024,0.81
merrill kelly,2024,1.06
michael a taylor,2024,0.9
michael busch,2024,2.84
michael conforto,2024,1.29
michael grove,2024,-0.57
michael harris ii,2024,3.19
michael helman,2024,0.07
michael kelly,2024,0.78
michael king,2024,4.07
michael kopech,2024,1.3800000000000001
michael lorenzen,2024,2.46
michael massey,2024,1.69
michael mcgreevy,2024,0.92
michael mercado,2024,-0.69
michael petersen,2024,-0.26
michael siani,2024,0.82
michael soroka,2024,0.62
michael stefanic,2024,-0.17
michael toglia,2024,2.09
michael tonkin,2024,-0.15999999999999992
michael wacha,2024,3.14
michel otanez,2024,0.41
mickey gasper,2024,-0.19
mickey moniak,2024,-0.13
miguel amaya,2024,1.95
miguel andujar,2024,0.35
miguel castro,2024,-0.12
miguel diaz,2024,0.03
miguel rojas,2024,3.38
miguel sano,2024,-0.1
miguel vargas,2024,-0.8
mike baumann,2024,-0.64
mike burrows,2024,-0.01
mike clevinger,2024,-0.14
mike ford,2024,-0.65
mike tauchman,2024,0.61
mike trout,2024,1.03
mike yastrzemski,2024,2.02
miles mastrobuoni,2024,-0.19
miles mikolas,2024,-0.48
mitch garver,2024,-0.17
mitch haniger,2024,-0.23
mitch keller,2024,1.97
mitch spence,2024,1.61
mitch white,2024,-0.5800000000000001
mitchell parker,2024,0.86
mj melendez,2024,-0.72
mookie betts,2024,4.64
myles straw,2024,-0.12
nabil crismatt,2024,0.09
nacho alvarez jr,2024,-0.53
naoyuki uwasawa,2024,0.11
nasim nunez,2024,0.68
nate pearson,2024,-0.10999999999999999
nathan eovaldi,2024,1.84
nathan lukes,2024,1.18
nathaniel lowe,2024,3.02
nelson velazquez,2024,-0.45
nestor cortes,2024,2.41
nick ahmed,2024,-0.37
nick allen,2024,0.23
nick anderson,2024,0.25
nick avila,2024,-0.3
nick burdi,2024,0.34
nick castellanos,2024,0.58
nick fortes,2024,0.22
nick gonzales,2024,0.98
nick gordon,2024,-1.56
nick hernandez,2024,-0.11
nick lodolo,2024,1.17
nick loftin,2024,0.26
nick madrigal,2024,-0.43
nick martinez,2024,3.98
nick martini,2024,-0.36
nick maton,2024,-0.12
nick mears,2024,-0.38
nick nastrini,2024,-0.75
nick nelson,2024,-0.01
nick pivetta,2024,1.46
nick pratto,2024,0.04
nick ramirez,2024,-0.24
nick robertson,2024,0.07
nick sandlin,2024,-0.07
nick senzel,2024,-1.42
nick sogard,2024,0.38
nick vespi,2024,0.21
nick yorke,2024,-0.21
nicky lopez,2024,0.09
nico hoerner,2024,3.74
niko goodrum,2024,-0.8300000000000001
niko kavadas,2024,-0.23
noah davis,2024,-0.18
noelvi marte,2024,-1.77
nolan arenado,2024,2.7
nolan gorman,2024,0.47
nolan jones,2024,-0.8
nolan schanuel,2024,1.21
oliver dunn,2024,0.22
omar narvaez,2024,-0.93
oneil cruz,2024,2.56
orelvis martinez,2024,0.0
orion kerkering,2024,1.65
orlando arcia,2024,0.52
orlando ribalta,2024,-0.14
oscar colas,2024,0.05
osvaldo bido,2024,1.61
oswald peraza,2024,0.06
oswaldo cabrera,2024,1.32
otto lopez,2024,2.81
owen miller,2024,-0.5700000000000001
owen white,2024,-0.28
ozzie albies,2024,1.64
pablo lopez,2024,2.63
pablo reyes,2024,-0.62
paolo espino,2024,-0.27
parker dunshee,2024,-0.14
parker meadows,2024,2.12
parker mushinski,2024,-0.31
patrick bailey,2024,1.73
patrick corbin,2024,-0.79
patrick sandoval,2024,0.01
patrick wisdom,2024,-0.39
paul blackburn,2024,0.47
paul dejong,2024,0.8999999999999999
paul goldschmidt,2024,1.43
paul sewald,2024,0.17
paul skenes,2024,5.78
pavin smith,2024,0.64
pedro avila,2024,0.43
pedro leon,2024,-0.32
pedro pages,2024,0.84
pete alonso,2024,2.48
pete crowarmstrong,2024,2.32
pete fairbanks,2024,0.84
peter lambert,2024,-0.42
peter strzelecki,2024,0.21
phil bickford,2024,-0.25
phil maton,2024,0.8999999999999999
pierce johnson,2024,0.74
porter hodge,2024,1.29
prelander berroa,2024,0.45
quinn priester,2024,-0.07
rafael devers,2024,3.92
rafael marchan,2024,0.73
rafael montero,2024,-0.05
rafael ortega,2024,-0.22
raisel iglesias,2024,2.86
ramon laureano,2024,1.27
ramon urias,2024,1.35
randal grichuk,2024,2.16
randy arozarena,2024,1.71
randy dobnak,2024,0.0
randy rodriguez,2024,-0.19
randy vasquez,2024,0.5
ranger suarez,2024,2.9
ray kerr,2024,-0.12
raymond burgos,2024,-0.05
rece hinds,2024,0.7
reed garrett,2024,0.2
reese mcguire,2024,0.17
reese olson,2024,1.44
reid detmers,2024,-1.09
rene pinto,2024,-0.13
reynaldo lopez,2024,5.09
rhett lowder,2024,1.92
rhys hoskins,2024,-0.11
ricardo pinto,2024,-0.51
rich hill,2024,-0.01
richard fitts,2024,0.59
richard lovelady,2024,0.18
richie palacios,2024,1.8
ricky vanasco,2024,-0.009999999999999995
riley adams,2024,0.16
riley greene,2024,5.28
riley obrien,2024,-0.44
riley pint,2024,-0.37
river ryan,2024,0.75
roansy contreras,2024,0.42000000000000004
rob brantly,2024,-0.02
rob refsnyder,2024,0.94
rob zastryzny,2024,0.31
robbie grossman,2024,-0.22999999999999998
robbie ray,2024,0.01
robert garcia,2024,-0.12
robert gasser,2024,0.55
robert suarez,2024,2.05
roddery munoz,2024,-1.15
romy gonzalez,2024,0.99
ron marinaccio,2024,0.15
ronald acuna jr,2024,0.02
ronel blanco,2024,4.67
ronny henriquez,2024,0.32
ross stripling,2024,-1.1
rowdy tellez,2024,-0.30000000000000004
royce lewis,2024,0.66
ryan bliss,2024,0.43
ryan borucki,2024,-0.35
ryan brasier,2024,0.2
ryan burr,2024,0.04
ryan feltner,2024,1.33
ryan fernandez,2024,0.91
ryan helsley,2024,2.81
ryan jeffers,2024,2.06
ryan kreidler,2024,-0.52
ryan loutos,2024,0.08
ryan mckenna,2024,0.09999999999999999
ryan mcmahon,2024,2.32
ryan miller,2024,0.01
ryan mountcastle,2024,2.35
ryan noda,2024,-0.56
ryan ohearn,2024,1.75
ryan pepiot,2024,2.15
ryan pressly,2024,0.4
ryan thompson,2024,0.99
ryan vilade,2024,-0.74
ryan walker,2024,2.79
ryan weathers,2024,1.85
ryan yarbrough,2024,1.33
ryan zeferjahn,2024,0.48
ryder ryan,2024,-0.17
ryne nelson,2024,1.58
ryne stanek,2024,-0.58
sal frelick,2024,2.19
salvador perez,2024,2.77
sam aldegheri,2024,-0.34
sam haggerty,2024,-0.27
sam hentges,2024,0.34
sam hilliard,2024,0.41
sam huff,2024,-0.02
sam long,2024,0.64
sam moll,2024,0.83
samad taylor,2024,0.05
sammy peralta,2024,0.07
sandro fabian,2024,-0.13
santiago espinal,2024,-0.42
scott alexander,2024,1.22
scott barlow,2024,0.18
scott blewett,2024,0.81
scott effross,2024,-0.02
scott mcgough,2024,-1.09
sean bouchard,2024,-0.59
sean burke,2024,0.92
sean guenther,2024,0.97
sean hjelle,2024,0.63
sean manaea,2024,2.92
sean murphy,2024,1.25
sean newcomb,2024,-0.07
sean reidfoley,2024,0.2
sean reynolds,2024,0.34
seby zavala,2024,-0.3
seiya suzuki,2024,3.53
seranthony dominguez,2024,0.18
seth brown,2024,-0.57
seth halvorsen,2024,0.65
seth johnson,2024,-0.39
seth lugo,2024,5.04
seth martinez,2024,0.48
shane baz,2024,2.17
shane bieber,2024,0.7
shaun anderson,2024,-0.63
shawn armstrong,2024,-0.3
shawn dubin,2024,0.0
shay whitcomb,2024,-0.42
shea langeliers,2024,2.85
shelby miller,2024,0.09
shohei ohtani,2024,9.04
shota imanaga,2024,3.01
simeon woods richardson,2024,2.03
sixto sanchez,2024,-0.64
slade cecconi,2024,-1.13
sonny gray,2024,1.58
spencer arrighetti,2024,0.43
spencer bivens,2024,0.57
spencer horwitz,2024,1.14
spencer howard,2024,-0.58
spencer schwellenbach,2024,2.68
spencer steer,2024,1.49
spencer strider,2024,-0.09
spencer torkelson,2024,0.19
spencer turnbull,2024,1.33
starling marte,2024,0.63
stephen kolek,2024,-0.21
steven cruz,2024,0.23
steven kwan,2024,3.95
steven matz,2024,-0.19
steven okert,2024,-0.22
steven wilson,2024,-0.64
steward berroa,2024,0.3
stone garrett,2024,0.27
stuart fairchild,2024,1.0
taijuan walker,2024,-1.51
taj bradley,2024,1.7
tanner banks,2024,0.12000000000000001
tanner bibee,2024,2.64
tanner gordon,2024,-1.07
tanner houck,2024,3.17
tanner rainey,2024,0.11
tanner scott,2024,3.66
tarik skubal,2024,6.66
tayler saucedo,2024,0.38
tayler scott,2024,1.74
taylor rogers,2024,1.1
taylor trammell,2024,-0.24
taylor walls,2024,1.42
taylor ward,2024,2.25
tejay antone,2024,0.02
teoscar hernandez,2024,4.14
thairo estrada,2024,-0.55
thomas saggese,2024,-0.17
thyago vieira,2024,0.05000000000000002
tim anderson,2024,-1.34
tim herrin,2024,1.71
tim hill,2024,0.42999999999999994
tim mayza,2024,-1.23
tj friedl,2024,0.52
tj mcfarland,2024,0.58
tobias myers,2024,2.64
tom cosgrove,2024,-0.88
tom murphy,2024,-0.44
tomas nido,2024,-0.39999999999999997
tommy edman,2024,0.9
tommy henry,2024,-0.76
tommy kahnle,2024,0.76
tommy nance,2024,-0.14
tommy pham,2024,-0.22
tony kemp,2024,-0.15
tony santillan,2024,0.72
touki toussaint,2024,-0.33
travis blankenhorn,2024,-0.47
travis darnaud,2024,1.08
travis jankowski,2024,0.36
trea turner,2024,2.82
trent grisham,2024,0.39
trent thornton,2024,0.31
trenton brooks,2024,-0.25
trevor larnach,2024,1.29
trevor mcdonald,2024,0.09
trevor megill,2024,1.23
trevor richards,2024,-0.3
trevor rogers,2024,0.59
trevor story,2024,0.79
trevor williams,2024,2.47
trey cabbage,2024,-0.13
trey lipscomb,2024,-0.17
trey sweeney,2024,0.66
trey wingenter,2024,-0.17
tristan beck,2024,0.51
tristan gray,2024,-0.049999999999999996
triston casas,2024,0.66
triston mckenzie,2024,-0.54
troy taylor,2024,0.11
tucker barnhart,2024,0.2
tucker davidson,2024,0.37
ty adcock,2024,-0.38
ty blach,2024,-0.61
ty france,2024,-0.63
ty madden,2024,-0.06
tyler alexander,2024,0.36
tyler anderson,2024,2.92
tyler beede,2024,-0.72
tyler black,2024,-0.07
tyler duffey,2024,-0.02
tyler ferguson,2024,0.68
tyler fitzgerald,2024,2.68
tyler freeman,2024,0.88
tyler gentry,2024,-0.13
tyler gilbert,2024,0.12
tyler glasnow,2024,2.15
tyler heineman,2024,0.2
tyler holton,2024,3.16
tyler jay,2024,0.0
tyler kinley,2024,-0.24
tyler locklear,2024,-0.32
tyler mahle,2024,0.02
tyler matzek,2024,-0.46
tyler nevin,2024,-0.22
tyler oneill,2024,2.86
tyler phillips,2024,-0.57
tyler rogers,2024,1.5
tyler soderstrom,2024,0.47
tyler stephenson,2024,2.4
tyler wade,2024,-0.66
tyler wells,2024,-0.23
tyler zuber,2024,0.07
tylor megill,2024,0.47
tyrone taylor,2024,1.98
tyson miller,2024,1.3900000000000001
valente bellozo,2024,1.38
vaughn grissom,2024,-0.12
victor caratini,2024,1.27
victor gonzalez,2024,0.05
victor mederos,2024,-0.31
victor robles,2024,3.1
victor scott ii,2024,-0.48
victor vodnik,2024,0.89
vidal brujan,2024,0.37
vinnie pasquantino,2024,1.31
vinny capra,2024,-0.13
vinny nittoli,2024,0.38
vladimir guerrero jr,2024,6.02
vladimir gutierrez,2024,-0.09
wade miley,2024,-0.1
walker buehler,2024,-1.14
walter pennington,2024,0.18
wander suero,2024,0.0
wandy peralta,2024,0.37
wenceel perez,2024,0.59
wes parsons,2024,-0.010000000000000009
weston wilson,2024,0.6900000000000001
whit merrifield,2024,0.23
will benson,2024,-1.34
will brennan,2024,-0.15
will klein,2024,-0.35
will smith,2024,2.51
will vest,2024,1.56
will wagner,2024,0.72
will warren,2024,-1.17
willi castro,2024,1.6300000000000001
william contreras,2024,4.96
willie calhoun,2024,-0.21
willson contreras,2024,3.04
willy adames,2024,3.21
wilmer flores,2024,-0.58
wilyer abreu,2024,3.59
wyatt langford,2024,4.19
xander bogaerts,2024,1.23
xavier edwards,2024,2.12
xzavion curry,2024,0.12999999999999995
yainer diaz,2024,3.11
yan gomes,2024,-0.68
yandy diaz,2024,1.6
yariel rodriguez,2024,0.04
yasmani grandal,2024,0.67
yency almonte,2024,0.08
yennier cano,2024,1.02
yerry rodriguez,2024,-0.77
yilber diaz,2024,0.3
yimi garcia,2024,0.49
yoan moncada,2024,0.26
yoendrys gomez,2024,0.09
yohan ramirez,2024,-0.99
yonny chirinos,2024,-0.19
yordan alvarez,2024,5.21
yoshinobu yamamoto,2024,1.9
yosver zulueta,2024,0.06
yu darvish,2024,1.96
yuki matsui,2024,0.79
yuli gurriel,2024,0.16
yunior marte,2024,-0.65
yusei kikuchi,2024,1.5899999999999999
zac gallen,2024,2.68
zac kristofak,2024,-0.04
zach brzykcy,2024,-0.27
zach deloach,2024,-0.11
zach dezenzo,2024,-0.18
zach eflin,2024,2.79
zach logue,2024,-0.15
zach mckinstry,2024,0.72
zach neto,2024,5.06
zach penrod,2024,0.08
zach plesac,2024,-0.29
zach pop,2024,-1.3
zach remillard,2024,0.24
zack gelof,2024,1.36
zack kelly,2024,0.43
zack littell,2024,2.81
zack short,2024,-0.1
zack thompson,2024,-0.66
zack wheeler,2024,6.49
zebby matthews,2024,-0.62
aaron ashby,2025,1.88
aaron bummer,2025,0.13
aaron civale,2025,0.13
aaron judge,2025,9.7
aaron nola,2025,-0.35
aaron schunk,2025,-0.28
abner uribe,2025,2.66
abraham toro,2025,-0.27
adael amador,2025,-1.24
adam frazier,2025,1.3900000000000001
adam mazur,2025,-0.25
adam ottavino,2025,0.06
addison barger,2025,1.19
adley rutschman,2025,1.93
adolis garcia,2025,2.74
adrian del castillo,2025,-0.09
adrian houser,2025,3.0900000000000003
adrian morejon,2025,2.41
agustin ramirez,2025,-0.37
aj blubaugh,2025,0.74
aj minter,2025,0.42
aj puk,2025,0.18
aj smithshawver,2025,0.44
akil baddoo,2025,0.24
alan rangel,2025,0.21
alan roden,2025,-0.5700000000000001
alan trejo,2025,-0.4
albert suarez,2025,0.51
alec bohm,2025,1.46
alec burleson,2025,1.86
alejandro kirk,2025,2.29
alejandro osuna,2025,0.15
alek jacob,2025,-0.23
alek thomas,2025,0.14
alex bregman,2025,3.46
alex call,2025,1.4500000000000002
alex carrillo,2025,-0.45
alex freeland,2025,0.22
alex jackson,2025,0.64
alex lange,2025,0.03
alex verdugo,2025,-0.26
alex vesia,2025,1.07
alexander canario,2025,0.49
alexis diaz,2025,-0.6699999999999999
ali sanchez,2025,-0.27
allan winans,2025,-0.37
amed rosario,2025,0.2
andre granillo,2025,0.1
andre pallante,2025,-1.13
andres chaparro,2025,-0.37
andres gimenez,2025,1.1
andres munoz,2025,2.41
andrew abbott,2025,5.52
andrew alvarez,2025,0.64
andrew benintendi,2025,0.97
andrew chafin,2025,0.77
andrew heaney,2025,-0.3
andrew hoffmann,2025,-0.53
andrew kittredge,2025,0.5700000000000001
andrew knizner,2025,0.27
andrew mccutchen,2025,0.12
andrew saalfrank,2025,1.6
andrew vaughn,2025,-0.41999999999999993
andrew walters,2025,-0.09
andruw monasterio,2025,0.76
andry lara,2025,-0.39
andy ibanez,2025,0.63
andy pages,2025,3.75
angel chivilli,2025,-0.71
angel martinez,2025,-0.74
angel perdomo,2025,0.01
angel zerpa,2025,0.28
anthony banda,2025,0.89
anthony bender,2025,1.87
anthony desclafani,2025,-0.1
anthony maldonado,2025,-0.25
anthony misiewicz,2025,-0.15
anthony molina,2025,-0.25
anthony santander,2025,-0.97
anthony seigler,2025,-0.04000000000000001
anthony veneziano,2025,0.07
anthony volpe,2025,1.62
antonio senzatela,2025,-0.5
aramis garcia,2025,-0.1
aroldis chapman,2025,3.56
austin barnes,2025,-0.27
austin cox,2025,-0.69
austin gomber,2025,-0.71
austin hays,2025,0.76
austin hedges,2025,-0.45
austin martin,2025,0.71
austin nola,2025,-0.37
austin pope,2025,0.08
austin riley,2025,1.31
austin slater,2025,-0.07999999999999997
austin warren,2025,0.37
austin wells,2025,0.13
austin wynns,2025,1.1
bailey falter,2025,0.8099999999999999
bailey horn,2025,0.37
bailey ober,2025,1.04
beau brieske,2025,-0.85
ben bowden,2025,0.0
ben brown,2025,-1.57
ben casparius,2025,-0.27
ben joyce,2025,-0.3
ben lively,2025,0.88
ben rice,2025,2.28
ben rortvedt,2025,-0.46
ben williamson,2025,1.25
bennett sousa,2025,1.35
billy cook,2025,0.0
billy mckinney,2025,-0.11
blade tidwell,2025,-0.52
blaine crim,2025,0.01999999999999999
blake dunn,2025,-0.13
blake perkins,2025,0.29
blake sabol,2025,-0.19
blake snell,2025,1.38
blake treinen,2025,-0.63
blas castano,2025,-0.07
blaze alexander,2025,1.65
bo bichette,2025,3.49
bo naylor,2025,1.51
bob seymour,2025,-0.14
bobby dalbec,2025,0.0
bobby miller,2025,-0.33
bobby witt jr,2025,7.11
bowden francis,2025,-0.84
brad keller,2025,1.48
brad lord,2025,1.54
bradgley rodriguez,2025,0.35
bradley blalock,2025,-1.57
brady basso,2025,0.25
brady house,2025,-0.59
brady singer,2025,3.1
brandon eisert,2025,0.4
brandon lockridge,2025,0.19000000000000003
brandon lowe,2025,1.85
brandon marsh,2025,1.65
brandon nimmo,2025,2.88
brandon pfaadt,2025,0.62
brandon sproat,2025,0.14
brandon waddell,2025,0.35
brandon walter,2025,1.33
brandon woodruff,2025,1.18
brandon young,2025,-0.64
brandyn garcia,2025,-0.18
brant hurter,2025,0.66
braxton ashcraft,2025,1.92
braxton fulford,2025,-0.24
brayan bello,2025,2.31
brayan rocchio,2025,-0.29
braydon fisher,2025,1.4
brenan hanifee,2025,-0.03
brendan donovan,2025,2.69
brendan rodgers,2025,0.03
brendon little,2025,1.12
brennan bernardino,2025,0.32
brent headrick,2025,0.33
brent rooker,2025,2.31
brent suter,2025,0.28
brenton doyle,2025,0.15
brett baty,2025,3.1
brett de geus,2025,0.01
brett harris,2025,0.82
brett sullivan,2025,0.01
brett wisely,2025,0.3
brewer hicklen,2025,0.13
brian navarreto,2025,0.21
brian van belle,2025,-0.06
brice matthews,2025,0.32
brice turang,2025,5.61
brock burke,2025,1.47
brock stewart,2025,1.31
brooks baldwin,2025,-0.51
brooks kriske,2025,-0.6
brooks lee,2025,-0.84
brooks raley,2025,0.66
bruce zimmermann,2025,-0.18
bryan abreu,2025,2.58
bryan baker,2025,0.37
bryan de la cruz,2025,-0.24
bryan hoeing,2025,0.12
bryan hudson,2025,-0.2
bryan king,2025,1.66
bryan ramos,2025,0.07
bryan reynolds,2025,1.44
bryan woo,2025,4.24
bryce elder,2025,-0.44
bryce eldridge,2025,-0.18
bryce harper,2025,3.08
bryce jarvis,2025,-0.04
bryce johnson,2025,0.63
bryce miller,2025,-0.76
bryce teodosio,2025,0.47
bryse wilson,2025,-0.69
bryson stott,2025,2.23
bubba chandler,2025,0.36
buddy kennedy,2025,-0.53
byron buxton,2025,4.88
cade cavalli,2025,0.25
cade gibson,2025,1.39
cade horton,2025,2.06
cade povich,2025,-0.45
cade smith,2025,0.92
caden dana,2025,-0.38
cal quantrill,2025,-0.6
cal raleigh,2025,7.37
cal stevenson,2025,-0.19
caleb boushley,2025,-0.97
caleb durbin,2025,2.76
caleb ferguson,2025,0.8800000000000001
caleb freeman,2025,-0.02
caleb thielbar,2025,1.07
calvin faucher,2025,0.83
cam booser,2025,-0.51
cam devanney,2025,-0.5
cam sanders,2025,-0.16
cam schlittler,2025,2.02
cam smith,2025,1.87
camilo doval,2025,0.32
carl edwards jr,2025,-0.010000000000000009
carlos carrasco,2025,-0.7799999999999999
carlos correa,2025,1.46
carlos cortes,2025,0.66
carlos duran,2025,-0.15
carlos estevez,2025,2.06
carlos hernandez,2025,-0.42
carlos narvaez,2025,2.63
carlos rodon,2025,4.59
carlos rodriguez,2025,-0.16
carlos santana,2025,1.1
carlos vargas,2025,-0.05
carmen mlodzinski,2025,1.33
carson fulmer,2025,-0.03
carson kelly,2025,3.55
carson mccusker,2025,-0.6
carson palmquist,2025,-0.78
carson ragsdale,2025,-0.25
carson seymour,2025,-0.17
carson spiers,2025,-0.03
carson whisenhunt,2025,-0.04
carson williams,2025,-0.22
carter jensen,2025,0.75
carter kieboom,2025,-0.25
casey kelly,2025,0.07
casey lawrence,2025,-0.43
casey legumina,2025,-0.93
casey mize,2025,1.67
casey schmitt,2025,0.61
cavan biggio,2025,-0.18
ceddanne rafaela,2025,4.67
cedric mullins,2025,0.49
cesar prieto,2025,-0.18
cesar salazar,2025,-0.08
chad green,2025,-0.54
chad patrick,2025,1.89
chad stevens,2025,-0.21
chad wallach,2025,0.0
chadwick tromp,2025,0.05
chandler simpson,2025,0.39
charlie morton,2025,-0.77
chas mccormick,2025,-1.0
chase burns,2025,0.24
chase dollander,2025,-0.31
chase lee,2025,0.15
chase meidroth,2025,1.28
chase petty,2025,-0.79
chase shugart,2025,0.71
chase silseth,2025,0.42
chayce mcdermott,2025,-0.76
chris bassitt,2025,2.11
chris devenski,2025,0.37
chris flexen,2025,0.38
chris martin,2025,-0.07
chris murphy,2025,0.54
chris paddack,2025,0.2899999999999999
chris roycroft,2025,-0.89
chris sale,2025,4.0
chris stratton,2025,-0.48
chris taylor,2025,-0.63
christian encarnacionstrand,2025,-0.61
christian koss,2025,1.8900000000000001
christian montes de oca,2025,0.09
christian moore,2025,0.06
christian roa,2025,0.15
christian vazquez,2025,0.61
christian walker,2025,0.23
christian yelich,2025,3.08
christopher morel,2025,-0.28
chuckie robinson,2025,-0.04
cionel perez,2025,-0.6
cj abrams,2025,3.43
cj alexander,2025,-0.21
cj kayfus,2025,0.13
cj stubbs,2025,0.05
clarke schmidt,2025,1.73
clay holmes,2025,1.96
clayton beeter,2025,0.3
clayton kershaw,2025,1.62
coby mayo,2025,0.18
coco montes,2025,0.05
codi heuer,2025,-0.05
cody bellinger,2025,5.05
cody bolton,2025,-0.1
cody freeman,2025,-0.31
cody laweryson,2025,0.32
cody poteet,2025,-0.17
colby thomas,2025,-0.04
cole henry,2025,0.29
cole ragans,2025,0.22
cole sands,2025,0.41
cole sulser,2025,0.6
cole wilcox,2025,-0.28
cole winn,2025,1.08
cole young,2025,0.45
colin holderman,2025,-0.76
colin poche,2025,-0.72
colin rea,2025,0.61
colin selby,2025,0.24
collin snider,2025,-0.67
colson montgomery,2025,3.31
colt keith,2025,1.54
colton cowser,2025,1.0
colton gordon,2025,-0.31
connelly early,2025,0.6
connor brogdon,2025,-0.17
connor gillispie,2025,-0.79
connor joe,2025,-0.65
connor kaiser,2025,-0.34
connor norby,2025,0.72
connor phillips,2025,0.67
connor seabold,2025,0.04000000000000001
connor thomas,2025,-0.47
connor wong,2025,-0.59
cooper criswell,2025,-0.08
cooper hummel,2025,-0.9
corbin burnes,2025,1.91
corbin carroll,2025,5.79
corbin martin,2025,-0.53
corey julks,2025,0.08
corey seager,2025,6.15
craig kimbrel,2025,0.38
craig yoho,2025,-0.17
cristian javier,2025,0.13
cristian mena,2025,0.36
cristopher sanchez,2025,7.99
curtis mead,2025,-0.19999999999999996
dairon blanco,2025,-0.01
dalton rushing,2025,0.24
dan altavilla,2025,0.8
dane dunning,2025,-0.39
dane myers,2025,-0.12
daniel johnson,2025,0.26
daniel lynch iv,2025,1.26
daniel palencia,2025,0.62
daniel robert,2025,0.04
daniel schneemann,2025,1.86
danny coulombe,2025,1.3800000000000001
danny jansen,2025,2.7800000000000002
danny young,2025,-0.02
dansby swanson,2025,4.47
darell hernaiz,2025,-0.21
darren mccaughan,2025,0.15
dashawn keirsey jr,2025,-1.21
daulton varsho,2025,2.77
dauri moreta,2025,0.26
david banuelos,2025,0.01
david bednar,2025,2.22
david festa,2025,0.24
david fry,2025,-0.82
david hamilton,2025,0.97
david morgan,2025,1.18
david peterson,2025,1.39
david robertson,2025,0.19
david villar,2025,0.01
davis daniel,2025,-0.02
davis martin,2025,1.54
davis schneider,2025,1.32
daylen lile,2025,0.77
daysbel hernandez,2025,0.39
daz cameron,2025,-0.46
dean kremer,2025,2.3
dedniel nunez,2025,0.01
dennis santana,2025,2.64
denzel clarke,2025,1.0
denzer guzman,2025,-0.35
derek hill,2025,1.0699999999999998
devin williams,2025,-0.29
didier fuentes,2025,-0.93
dietrich enns,2025,0.45
dillon dingler,2025,3.11
dillon tate,2025,0.04
dj lemahieu,2025,0.57
dl hall,2025,0.59
dom hamel,2025,0.04
dom nunez,2025,0.0
dominic canzone,2025,1.63
dominic fletcher,2025,0.26
dominic smith,2025,0.43
donovan solano,2025,-0.060000000000000005
donovan walton,2025,-0.14
doug nikhazy,2025,-0.3
drake baldwin,2025,3.27
drew avans,2025,-0.37
drew gilbert,2025,-0.26
drew millas,2025,0.15
drew pomeranz,2025,0.93
drew rasmussen,2025,4.35
drew romo,2025,-0.08
drew sommers,2025,-0.27
drew waters,2025,-0.41
drey jameson,2025,0.18
dugan darnell,2025,0.28
dustin harris,2025,0.24
dustin may,2025,-0.65
dylan beavers,2025,0.97
dylan carlson,2025,-0.68
dylan cease,2025,1.13
dylan crews,2025,0.32
dylan dodd,2025,0.33
dylan lee,2025,1.01
dylan moore,2025,0.37
dylan smith,2025,0.29
easton lucas,2025,-0.34
easton mcgee,2025,-0.05
eddie rosario,2025,-0.010000000000000002
edgar quero,2025,1.21
edgardo henriquez,2025,0.46
edmundo sosa,2025,2.3
edouard julien,2025,-0.77
eduard bazardo,2025,1.79
eduardo rodriguez,2025,0.35
eduardo salazar,2025,-0.82
eduarniel nunez,2025,-0.22000000000000003
edward cabrera,2025,2.77
edwin diaz,2025,2.97
edwin uceta,2025,0.7
eli morgan,2025,-0.44
eli white,2025,0.68
elias diaz,2025,-0.19
elly de la cruz,2025,3.57
elvin rodriguez,2025,-0.6299999999999999
elvis alvarado,2025,0.66
elvis peguero,2025,-0.33999999999999997
emerson hancock,2025,-0.17
emilio pagan,2025,1.98
emmanuel clase,2025,0.71
emmanuel rivera,2025,-0.13
emmet sheehan,2025,1.06
endy rodriguez,2025,-0.54
enmanuel valdez,2025,0.13
enrique hernandez,2025,-0.12999999999999998
enyel de los santos,2025,0.12999999999999998
erasmo ramirez,2025,0.37
eric haase,2025,0.16
eric lauer,2025,2.2
eric orze,2025,0.62
eric wagaman,2025,-0.44
erick fedde,2025,-0.64
erik miller,2025,1.58
erik sabrowski,2025,0.8
erik swanson,2025,-0.44
ernie clement,2025,4.31
esteury ruiz,2025,-0.16
ethan roberts,2025,-0.16
eugenio suarez,2025,3.5999999999999996
eury perez,2025,1.18
evan carter,2025,1.91
evan phillips,2025,0.41
evan sisk,2025,0.22
everson pereira,2025,-0.29
ezequiel duran,2025,0.27
ezequiel tovar,2025,0.58
felix bautista,2025,1.1
fernando cruz,2025,0.34
fernando tatis jr,2025,5.94
forrest whitley,2025,-0.77
framber valdez,2025,3.58
francisco alvarez,2025,1.89
francisco lindor,2025,5.87
frankie montas,2025,-0.63
fraser ellard,2025,0.04
freddie freeman,2025,3.49
freddy fermin,2025,1.98
freddy peralta,2025,5.41
freddy tarnok,2025,0.18
gabe speier,2025,1.39
gabriel arias,2025,1.06
gabriel moreno,2025,1.6
gage workman,2025,-0.33
garrett acton,2025,0.04
garrett cleavinger,2025,1.91
garrett crochet,2025,6.3
garrett hampson,2025,-0.36
garrett mcdaniels,2025,-0.15
garrett mitchell,2025,-0.02
garrett stubbs,2025,-0.04
garrett whitlock,2025,2.27
gary sanchez,2025,-0.52
gavin hollowell,2025,-0.01
gavin lux,2025,-0.21
gavin sheets,2025,0.68
gavin williams,2025,3.81
genesis cabrera,2025,-0.7699999999999999
geoff hartlieb,2025,-0.26
george kirby,2025,0.74
george soriano,2025,-1.06
george springer,2025,4.84
george valera,2025,-0.1
geraldo perdomo,2025,7.02
german marquez,2025,-1.12
gerson garabito,2025,-0.54
giancarlo stanton,2025,1.87
gio urshela,2025,-0.99
gleyber torres,2025,2.93
gordon graceffo,2025,-0.78
graham ashcraft,2025,0.24
graham pauley,2025,0.7
grant anderson,2025,0.23
grant holman,2025,0.04
grant holmes,2025,1.51
grant mccray,2025,-0.42
grant taylor,2025,0.04
grant wolfram,2025,-0.37
greg allen,2025,-0.44
greg jones,2025,0.0
greg weissert,2025,1.13
gregory santos,2025,-0.31
gregory soto,2025,-0.09999999999999998
griffin canning,2025,1.11
griffin conine,2025,0.07
griffin jax,2025,0.46
gunnar henderson,2025,5.33
gunnar hoglund,2025,-0.12
gustavo campero,2025,-0.32
harrison bader,2025,3.9400000000000004
harry ford,2025,-0.01
haseong kim,2025,0.27
hayden birdsong,2025,-0.49
hayden harris,2025,0.03
hayden senger,2025,-0.15
hayden wesneski,2025,0.27
hector neris,2025,-0.78
heliot ramos,2025,1.23
henry davis,2025,0.67
heriberto hernandez,2025,0.9
heston kjerstad,2025,-1.55
hoby milner,2025,-0.61
hogan harris,2025,1.2
huascar brazoban,2025,0.57
hunter barco,2025,0.17
hunter bigge,2025,0.29
hunter brown,2025,6.1
hunter dobbins,2025,0.45
hunter feduccia,2025,-0.45999999999999996
hunter gaddis,2025,1.17
hunter goodman,2025,3.69
hunter greene,2025,4.26
hunter harvey,2025,0.69
hunter renfroe,2025,-1.47
hunter stratton,2025,0.020000000000000018
hunter strickland,2025,0.62
hurston waldrep,2025,1.44
hyeseong kim,2025,1.7
ian anderson,2025,-0.6
ian gibaut,2025,0.17
ian hamilton,2025,0.15
ian happ,2025,3.98
ian seymour,2025,-0.11
ildemaro vargas,2025,0.21
isaac collins,2025,2.03
isaac mattson,2025,1.47
isaac paredes,2025,2.33
isaiah campbell,2025,-0.13
isiah kinerfalefa,2025,1.6600000000000001
ivan herrera,2025,2.22
jac caglianone,2025,-1.3
jace jung,2025,-0.53
jack dreyer,2025,1.28
jack flaherty,2025,0.86
jack kochanowicz,2025,-1.49
jack leiter,2025,0.43
jack little,2025,-0.03
jack perkins,2025,0.47
jack suwinski,2025,-0.34
jack winkler,2025,-0.2
jackson chourio,2025,2.23
jackson holliday,2025,1.04
jackson jobe,2025,0.42
jackson kowar,2025,0.08
jackson merrill,2025,2.73
jackson rutledge,2025,-0.51
jacob amaya,2025,-0.98
jacob barnes,2025,-0.4
jacob degrom,2025,3.0
jacob hurtubise,2025,-0.14
jacob latz,2025,1.44
jacob lopez,2025,1.05
jacob melton,2025,-0.34
jacob misiorowski,2025,0.45
jacob stallings,2025,-1.31
jacob webb,2025,0.3
jacob wilson,2025,2.98
jacob young,2025,1.35
jaden hill,2025,0.49
jahmai jones,2025,0.89
jake bauers,2025,0.6
jake bird,2025,-0.010000000000000009
jake burger,2025,0.86
jake cronenworth,2025,2.38
jake eder,2025,0.1
jake fraley,2025,0.33999999999999997
jake irvin,2025,-0.38
jake mangum,2025,1.6
jake mccarthy,2025,-0.66
jake meyers,2025,2.43
jake palisch,2025,-0.06
jake rogers,2025,0.24
jake woodford,2025,-0.76
jakob junis,2025,0.91
jakob marsee,2025,1.86
jalen beeks,2025,0.87
james mccann,2025,1.01
james outman,2025,-0.97
james wood,2025,3.68
jameson taillon,2025,1.33
janson junk,2025,1.07
jared koenig,2025,1.55
jared shuster,2025,-0.41
jared triolo,2025,2.27
jared young,2025,0.06999999999999999
jarred kelenic,2025,-0.45
jarren duran,2025,4.66
jason adam,2025,2.33
jason alexander,2025,0.59
jason heyward,2025,-0.57
jasson dominguez,2025,0.54
javier assad,2025,0.39
javier baez,2025,1.89
javier sanoja,2025,0.99
jayden murray,2025,0.45
jayvien sandridge,2025,-0.09
jazz chisholm jr,2025,4.17
jc escarra,2025,0.05
jd davis,2025,-0.16
jeff brigham,2025,-0.05
jeff hoffman,2025,0.47
jeff mcneil,2025,2.02
jeffrey springs,2025,1.82
jeimer candelario,2025,-0.87
jerar encarnacion,2025,0.04
jeremiah estrada,2025,1.18
jeremiah jackson,2025,0.41
jeremy pena,2025,5.64
jesse chavez,2025,-0.25
jesse hahn,2025,-0.08
jesse scholtens,2025,-0.2
jesse winker,2025,-0.01
jesus luzardo,2025,3.66
jesus sanchez,2025,1.31
jesus tinoco,2025,-0.06
jhoan duran,2025,3.16
jhonathan diaz,2025,0.04
jhonkensy noel,2025,-1.36
jhonny pereda,2025,0.09
jhostynxon garcia,2025,-0.02
jihwan bae,2025,-0.39
jimmy crooks,2025,-0.27
jimmy herget,2025,3.01
jj bleday,2025,-0.26
jo adell,2025,1.19
joc pederson,2025,-0.28
joe boyle,2025,-0.24
joe la sorsa,2025,-0.39
joe mantiply,2025,-0.82
joe rock,2025,0.13
joe ross,2025,0.04
joe ryan,2025,4.56
joel payamps,2025,-0.59
joel peguero,2025,0.79
joey bart,2025,0.52
joey cantillo,2025,1.42
joey estes,2025,-0.32
joey gerber,2025,0.09
joey loperfido,2025,0.58
joey lucchesi,2025,0.37
joey ortiz,2025,0.32
joey wentz,2025,-0.37
joey wiemer,2025,0.42
johan oviedo,2025,0.82
johan rojas,2025,0.48
john brebbia,2025,-0.76
john curtiss,2025,0.44
john king,2025,-0.3
john rave,2025,0.12
john rooney,2025,-0.03
john schreiber,2025,0.43
johnathan rodriguez,2025,-0.64
jojo romero,2025,1.74
jon berti,2025,0.12
jon gray,2025,-0.63
jon singleton,2025,-0.13
jonah bride,2025,-0.95
jonah heim,2025,0.37
jonah tong,2025,-0.78
jonatan clase,2025,-0.16
jonathan aranda,2025,3.51
jonathan bowlan,2025,0.16
jonathan cannon,2025,-0.48
jonathan india,2025,0.34
jonathan loaisiga,2025,0.21
jonathan ornelas,2025,0.13
jonathan pintaro,2025,-0.08
jonny deluca,2025,0.59
jorbit vivas,2025,-0.29
jordan beck,2025,0.88
jordan hicks,2025,-1.7400000000000002
jordan lawlar,2025,-0.39
jordan leasure,2025,0.69
jordan romano,2025,-1.68
jordan walker,2025,-1.69
jordan weems,2025,-0.24
jordan westburg,2025,1.59
jordan wicks,2025,-0.38
jordyn adams,2025,-0.11
jorge alcala,2025,-1.06
jorge alfaro,2025,-0.28
jorge barrosa,2025,-0.74
jorge lopez,2025,-0.49
jorge mateo,2025,-0.74
jorge polanco,2025,2.61
jorge soler,2025,-0.46
jose a ferrer,2025,0.07
jose altuve,2025,0.49
jose alvarado,2025,0.4
jose azocar,2025,-0.03
jose barrero,2025,-0.12
jose berrios,2025,1.3
jose butto,2025,0.45999999999999996
jose caballero,2025,2.7399999999999998
jose castillo,2025,0.18000000000000002
jose corniell,2025,-0.39
jose de leon,2025,0.1
jose espada,2025,0.12
jose fermin,2025,0.74
jose herrera,2025,0.03
jose iglesias,2025,-0.67
jose leclerc,2025,-0.05
jose miranda,2025,-0.31
jose quijada,2025,0.08
jose quintana,2025,1.25
jose ramirez,2025,5.76
jose ruiz,2025,-0.73
jose siri,2025,-0.47
jose soriano,2025,2.27
jose suarez,2025,0.58
jose tena,2025,0.28
jose trevino,2025,-0.13
jose urena,2025,0.45999999999999996
jose urquidy,2025,-0.08
josh bell,2025,0.5
josh hader,2025,2.29
josh jung,2025,1.41
josh lowe,2025,0.1
josh naylor,2025,3.06
josh rojas,2025,-1.45
josh simpson,2025,-1.15
josh smith,2025,2.95
josh walker,2025,-0.1
josh winckowski,2025,-0.06
joshua palacios,2025,-1.17
jovani moran,2025,-0.06
jp crawford,2025,3.75
jp feyereisen,2025,-0.45
jp france,2025,0.08
jp sears,2025,0.68
jt brubaker,2025,0.29000000000000004
jt ginn,2025,0.45
jt realmuto,2025,2.5
juan burgos,2025,-0.49
juan mejia,2025,0.62
juan morillo,2025,0.19
juan soto,2025,6.24
julian fernandez,2025,0.010000000000000002
julian merryweather,2025,-0.45
julio rodriguez,2025,6.8
jung hoo lee,2025,1.72
junior caminero,2025,4.38
jurickson profar,2025,1.13
justin bruihl,2025,-0.23
justin dean,2025,-0.01
justin foscue,2025,-0.13
justin garza,2025,-0.03
justin hagenman,2025,0.01
justin lawrence,2025,1.06
justin martinez,2025,0.13
justin slaten,2025,-0.23
justin steele,2025,0.11
justin sterner,2025,1.48
justin topa,2025,0.4
justin turner,2025,-0.09
justin verlander,2025,1.22
justin wilson,2025,0.31
justin wrobleski,2025,-0.05
justynhenry malloy,2025,-0.15
kade strowd,2025,0.88
kaiwei teng,2025,-0.54
kaleb ort,2025,-0.12
kameron misner,2025,0.65
keaton winn,2025,0.04
kebryan hayes,2025,1.52
keegan akin,2025,0.97
keibert ruiz,2025,0.82
keider montero,2025,0.59
kendall graveman,2025,-0.33
kenedy corona,2025,0.01
kenley jansen,2025,2.39
kenta maeda,2025,-0.19
kerry carpenter,2025,1.76
keston hiura,2025,-0.03
ketel marte,2025,4.35
kevin alcantara,2025,0.07
kevin gausman,2025,3.84
kevin ginkel,2025,-0.8
kevin herget,2025,0.12
kevin kelly,2025,-0.89
kevin newman,2025,-0.92
kevin pillar,2025,-0.05
kirby yates,2025,-0.54
kodai senga,2025,2.13
kody clemens,2025,0.9799999999999999
kody funderburk,2025,0.76
kolby allard,2025,1.28
konnor pilkington,2025,-0.04
korey lee,2025,0.32
kris bryant,2025,-0.52
kris bubic,2025,3.15
kristian campbell,2025,-0.95
kumar rocker,2025,-1.03
kyle backhus,2025,-0.08
kyle bradish,2025,1.19
kyle farmer,2025,-0.78
kyle finnegan,2025,1.0899999999999999
kyle freeland,2025,1.4
kyle gibson,2025,-1.08
kyle harrison,2025,0.51
kyle hart,2025,-0.41
kyle hendricks,2025,1.68
kyle higashioka,2025,1.59
kyle isbel,2025,1.62
kyle karros,2025,-0.02
kyle leahy,2025,1.55
kyle manzardo,2025,0.43
kyle nelson,2025,-0.06
kyle nicolas,2025,0.0
kyle schwarber,2025,4.63
kyle stowers,2025,3.6
kyle teel,2025,1.94
kyle tucker,2025,4.55
kyren paris,2025,0.71
lake bachar,2025,0.69
lamonte wade jr,2025,-1.7
lance mccullers jr,2025,-1.13
landen roupp,2025,0.8
landon knack,2025,-0.13
lane thomas,2025,-0.64
lars nootbaar,2025,1.3
lawrence butler,2025,1.92
lazaro estrada,2025,-0.3
lenyn sosa,2025,0.78
leo jimenez,2025,-0.33
leo rivas,2025,0.79
leody taveras,2025,-0.54
liam hendriks,2025,-0.3
liam hicks,2025,1.26
liover peguero,2025,0.15
logan allen,2025,0.43
logan davidson,2025,-0.5900000000000001
logan evans,2025,-0.08
logan gilbert,2025,2.03
logan gillaspie,2025,0.23
logan henderson,2025,1.0
logan ohoppe,2025,-0.17
logan porter,2025,-0.01
logan vanwey,2025,-0.1
logan webb,2025,4.03
lou trivino,2025,0.15
louis varland,2025,1.73
lourdes gurriel jr,2025,0.5
luarbert arias,2025,-0.37
lucas erceg,2025,1.49
lucas gilbreath,2025,-0.02
lucas giolito,2025,2.08
lucas sims,2025,-0.94
luinder avila,2025,0.39
luis arraez,2025,1.23
luis campusano,2025,-0.4
luis castillo,2025,1.8499999999999999
luis contreras,2025,-0.21
luis curvelo,2025,-0.42
luis garcia,2025,0.95
luis garcia jr,2025,0.42
luis gil,2025,1.02
luis guerrero,2025,0.06
luis guillorme,2025,-0.23
luis matos,2025,-0.2
luis mey,2025,0.46
luis morales,2025,1.21
luis ortiz,2025,0.65
luis peralta,2025,-0.78
luis rengifo,2025,0.44
luis robert jr,2025,1.4
luis severino,2025,0.9
luis torrens,2025,1.2100000000000002
luis urias,2025,0.49
luis vazquez,2025,-0.31000000000000005
luisangel acuna,2025,0.56
luke jackson,2025,-0.54
luke keaschall,2025,1.99
luke little,2025,-0.05
luke maile,2025,0.06
luke raley,2025,-0.26
luke weaver,2025,0.74
luke williams,2025,-0.33999999999999997
luken baker,2025,-0.05
lyon richardson,2025,-0.22
mackenzie gore,2025,2.98
maikel garcia,2025,5.75
manny machado,2025,4.06
manuel margot,2025,-0.06
manuel rodriguez,2025,0.82
marc church,2025,0.01
marcell ozuna,2025,1.63
marcelo mayer,2025,0.22
marcus semien,2025,3.28
marcus stroman,2025,-0.36
mark canha,2025,-1.01
mark leiter jr,2025,-0.59
mark vientos,2025,-0.17
martin maldonado,2025,-0.24
martin perez,2025,1.31
masataka yoshida,2025,0.17
mason barnett,2025,-0.33
mason black,2025,-0.11
mason englert,2025,0.24
mason fluharty,2025,0.13
mason mccoy,2025,-0.14
mason miller,2025,2.15
mason montgomery,2025,-0.92
mason thompson,2025,-0.8
masyn winn,2025,2.15
matt bowman,2025,-0.27
matt brash,2025,1.03
matt chapman,2025,4.12
matt festa,2025,-0.16
matt gage,2025,0.39
matt gorski,2025,-0.29
matt krook,2025,-0.01
matt mclain,2025,0.03
matt mervis,2025,-0.73
matt olson,2025,6.04
matt sauer,2025,-0.69
matt shaw,2025,3.05
matt strahm,2025,1.92
matt svanson,2025,1.74
matt thaiss,2025,1.1500000000000001
matt vierling,2025,-0.28
matt waldron,2025,-0.08
matt wallner,2025,0.57
matthew boyd,2025,2.57
matthew liberatore,2025,1.02
matthew lugo,2025,-0.48
mauricio dubon,2025,1.65
maverick handley,2025,-0.9
max fried,2025,4.49
max kepler,2025,0.08
max kranick,2025,0.46
max lazar,2025,0.29
max meyer,2025,0.02
max muncy,2025,3.6
max scherzer,2025,0.25
max schuemann,2025,0.21
maximo acosta,2025,-0.04
mccade brown,2025,-0.24
merrill kelly,2025,2.8400000000000003
michael a taylor,2025,0.12
michael busch,2025,4.56
michael conforto,2025,-0.72
michael darrellhicks,2025,-0.14
michael fulmer,2025,0.009999999999999995
michael harris ii,2025,2.18
michael helman,2025,1.04
michael kelly,2025,0.74
michael king,2025,1.23
michael kopech,2025,0.22
michael lorenzen,2025,0.46
michael massey,2025,-0.1
michael mcgreevy,2025,0.65
michael mercado,2025,-0.16
michael petersen,2025,0.14
michael siani,2025,-0.11
michael soroka,2025,0.5800000000000001
michael stefanic,2025,-0.010000000000000002
michael toglia,2025,-1.65
michael tonkin,2025,0.24
michael wacha,2025,2.8
michel otanez,2025,-0.46
mick abel,2025,-0.16999999999999998
mickey gasper,2025,-0.34
mickey moniak,2025,-0.56
miguel amaya,2025,1.08
miguel andujar,2025,0.81
miguel castro,2025,-0.12
miguel rojas,2025,1.9200000000000002
miguel vargas,2025,1.93
mike burrows,2025,1.37
mike clevinger,2025,-0.17
mike tauchman,2025,1.89
mike trout,2025,1.51
mike vasil,2025,2.86
mike yastrzemski,2025,2.7600000000000002
miles mastrobuoni,2025,0.23
miles mikolas,2025,0.42
mitch farris,2025,-0.35
mitch garver,2025,-0.12
mitch keller,2025,1.36
mitch spence,2025,-0.6
mitchell parker,2025,-1.16
mj melendez,2025,-0.63
moises ballesteros,2025,0.51
mookie betts,2025,4.89
myles straw,2025,2.85
nabil crismatt,2025,0.17
nacho alvarez jr,2025,0.76
nasim nunez,2025,0.72
nate eaton,2025,0.15
nate pearson,2025,-0.53
nathan church,2025,0.37
nathan eovaldi,2025,4.36
nathan lukes,2025,1.95
nathan wiles,2025,-0.11
nathaniel lowe,2025,0.12999999999999995
nestor cortes,2025,-0.21999999999999997
nic enright,2025,1.02
nick ahmed,2025,0.05
nick allen,2025,0.62
nick anderson,2025,0.02
nick burdi,2025,0.2
nick castellanos,2025,-0.82
nick fortes,2025,0.7
nick gonzales,2025,-0.55
nick hernandez,2025,0.03
nick kurtz,2025,5.37
nick lodolo,2025,4.74
nick loftin,2025,-0.4
nick martinez,2025,2.24
nick martini,2025,-0.22
nick maton,2025,-0.14
nick mears,2025,0.48
nick pivetta,2025,5.2
nick raquet,2025,0.09
nick sandlin,2025,0.31
nick sogard,2025,0.12
nick solak,2025,-0.5
nick yorke,2025,0.28
nicky lopez,2025,-0.43
nico hoerner,2025,6.19
niko kavadas,2025,-0.35000000000000003
noah cameron,2025,3.82
noah davis,2025,-1.27
noah murdock,2025,-1.45
noelvi marte,2025,1.41
nolan arenado,2025,1.29
nolan gorman,2025,0.07
nolan hoffman,2025,-0.1
nolan jones,2025,-1.08
nolan mclean,2025,1.75
nolan schanuel,2025,1.33
oliver dunn,2025,-0.23
omar cruz,2025,0.0
omar narvaez,2025,-0.04
oneil cruz,2025,0.34
orion kerkering,2025,0.9
orlando arcia,2025,-1.2200000000000002
orlando ribalta,2025,-0.25
oscar gonzalez,2025,-0.49
osvaldo bido,2025,-0.68
oswald peraza,2025,-0.87
oswaldo cabrera,2025,0.37
otto kemp,2025,-0.16
otto lopez,2025,3.5
owen caissie,2025,-0.08
owen miller,2025,0.03
owen white,2025,-0.15
ozzie albies,2025,2.1
pablo lopez,2025,2.1
pablo reyes,2025,-0.59
parker meadows,2025,0.28
parker messick,2025,1.23
patrick bailey,2025,1.13
patrick corbin,2025,-0.34
patrick monteverde,2025,-0.1
paul blackburn,2025,-0.52
paul dejong,2025,-0.14
paul gervase,2025,0.03
paul goldschmidt,2025,1.19
paul sewald,2025,-0.12000000000000001
paul skenes,2025,7.74
pavin smith,2025,0.43
paxton schultz,2025,-0.14
payton tolle,2025,-0.29
pedro pages,2025,1.36
penn murfee,2025,-0.33
pete alonso,2025,3.43
pete crowarmstrong,2025,5.96
pete fairbanks,2025,1.2
petey halpin,2025,0.1
phil maton,2025,1.3499999999999999
philip abner,2025,0.01
pierce johnson,2025,1.11
pierson ohl,2025,-0.32
pj poulin,2025,0.42
porter hodge,2025,-0.87
quinn priester,2025,2.9
rafael devers,2025,4.140000000000001
rafael flores,2025,-0.12
rafael marchan,2025,0.21
rafael montero,2025,-0.13
raisel iglesias,2025,1.34
ramon laureano,2025,3.75
ramon urias,2025,2.15
randal grichuk,2025,-0.77
randy arozarena,2025,4.03
randy dobnak,2025,0.12
randy rodriguez,2025,1.91
randy vasquez,2025,2.25
randy wynne,2025,0.04
ranger suarez,2025,4.83
rece hinds,2025,-0.38
reed garrett,2025,0.38
reese mcguire,2025,0.31
reese olson,2025,1.71
reid detmers,2025,1.25
reiver sanmartin,2025,0.01
reynaldo lopez,2025,-0.01
rhylan thomas,2025,0.02
rhys hoskins,2025,0.87
rich hill,2025,-0.16
richard fitts,2025,-0.25
richard lovelady,2025,-0.44999999999999996
richie palacios,2025,0.0
rico garcia,2025,0.8
riley adams,2025,0.36
riley greene,2025,2.15
riley obrien,2025,1.55
roansy contreras,2025,0.07
rob brantly,2025,-0.03
rob refsnyder,2025,1.15
rob zastryzny,2025,0.5
robbie ray,2025,2.84
robert garcia,2025,0.48
robert gasser,2025,-0.26
robert hassell iii,2025,-0.14
robert stephenson,2025,0.27
robert stock,2025,-0.08
robert suarez,2025,2.24
robinson pina,2025,-0.14
roddery munoz,2025,-0.2
roki sasaki,2025,0.24
rolddy munoz,2025,-0.25
roman anthony,2025,3.14
romy gonzalez,2025,1.97
ron marinaccio,2025,0.34
ronald acuna jr,2025,2.97
ronel blanco,2025,0.67
ronny henriquez,2025,2.25
ronny mauricio,2025,0.7
ronny simon,2025,-1.19
rowdy tellez,2025,-0.39
royce lewis,2025,0.58
ryan bergert,2025,1.41
ryan bliss,2025,-0.17
ryan borucki,2025,-0.020000000000000018
ryan brasier,2025,-0.18
ryan burr,2025,0.1
ryan feltner,2025,0.59
ryan fernandez,2025,-1.13
ryan fitzgerald,2025,0.28
ryan gusto,2025,-0.4
ryan helsley,2025,0.13
ryan jeffers,2025,1.21
ryan johnson,2025,-0.76
ryan kreidler,2025,-0.22
ryan loutos,2025,-0.98
ryan mcmahon,2025,2.26
ryan mountcastle,2025,0.09
ryan noda,2025,-0.23
ryan ohearn,2025,2.43
ryan pepiot,2025,2.03
ryan pressly,2025,-0.61
ryan ritter,2025,0.26
ryan rolison,2025,-0.31
ryan thompson,2025,0.28
ryan vilade,2025,-0.12
ryan walker,2025,0.08
ryan weathers,2025,0.52
ryan yarbrough,2025,0.64
ryan zeferjahn,2025,0.57
ryne nelson,2025,3.5
ryne stanek,2025,-1.01
sal frelick,2025,3.01
sal stewart,2025,0.49
salvador perez,2025,0.44
sam aldegheri,2025,-0.49
sam bachman,2025,-0.23
sam haggerty,2025,0.87
sam hilliard,2025,-0.18
sam huff,2025,-0.17
sam long,2025,-0.69
sam moll,2025,-0.49
samad taylor,2025,-0.1
sammy peralta,2025,-0.49
samuel basallo,2025,-0.21
sandy alcantara,2025,0.15
sandy leon,2025,-0.09
santiago espinal,2025,-1.4
sauryn lao,2025,0.06
sawyer gipsonlong,2025,-0.87
scott alexander,2025,0.02
scott barlow,2025,0.72
scott blewett,2025,-0.18
scott effross,2025,-0.23
scott kingery,2025,-0.71
scott mcgough,2025,-0.13
sean bouchard,2025,-0.94
sean burke,2025,0.87
sean guenther,2025,-0.12
sean hjelle,2025,-0.39
sean manaea,2025,-0.34
sean murphy,2025,2.38
sean newcomb,2025,1.5699999999999998
sean reynolds,2025,-0.06
sebastian rivero,2025,0.0
seiya suzuki,2025,2.6
seranthony dominguez,2025,0.5
sergio alcantara,2025,-0.08
seth brown,2025,-0.72
seth halvorsen,2025,0.22
seth johnson,2025,0.0
seth lugo,2025,1.58
seth martinez,2025,-0.02
shane baz,2025,0.52
shane bieber,2025,0.77
shane smith,2025,2.33
shaun anderson,2025,-0.54
shawn armstrong,2025,1.53
shawn dubin,2025,-0.16
shay whitcomb,2025,-0.33
shea langeliers,2025,3.85
shelby miller,2025,1.44
shinnosuke ogasawara,2025,-0.53
shohei ohtani,2025,7.75
shota imanaga,2025,1.45
simeon woods richardson,2025,2.15
slade cecconi,2025,0.86
sonny gray,2025,1.43
spencer arrighetti,2025,0.06
spencer bivens,2025,0.19
spencer horwitz,2025,1.56
spencer schwellenbach,2025,2.24
spencer steer,2025,0.65
spencer strider,2025,1.01
spencer torkelson,2025,2.31
spencer turnbull,2025,-0.14
starling marte,2025,1.01
stephen kolek,2025,2.02
steven cruz,2025,0.35
steven kwan,2025,3.69
steven matz,2025,0.98
steven okert,2025,1.5
steven wilson,2025,1.18
steward berroa,2025,0.24
stuart fairchild,2025,-0.3
taijuan walker,2025,1.48
taj bradley,2025,-0.56
tanner banks,2025,1.62
tanner bibee,2025,1.22
tanner gordon,2025,-0.09
tanner houck,2025,-1.36
tanner rainey,2025,-0.61
tanner scott,2025,-0.61
tarik skubal,2025,6.45
tayler saucedo,2025,-0.34
tayler scott,2025,-0.99
taylor clarke,2025,0.98
taylor rashi,2025,0.17
taylor rogers,2025,0.33
taylor trammell,2025,-0.16
taylor walls,2025,2.57
taylor ward,2025,2.71
teoscar hernandez,2025,1.47
terrin vavra,2025,-0.03
thairo estrada,2025,-0.36
thomas hatch,2025,-0.15
thomas saggese,2025,0.35
tim anderson,2025,-0.03
tim elko,2025,-0.45
tim herrin,2025,-0.2
tim hill,2025,1.1
tim mayza,2025,0.18
tim tawa,2025,0.49
tirso ornelas,2025,-0.29
tj friedl,2025,2.33
tj mcfarland,2025,-0.29
tobias myers,2025,0.57
tom cosgrove,2025,0.06
tom harrington,2025,-0.65
tomas nido,2025,-0.039999999999999994
tommy edman,2025,1.1
tommy henry,2025,0.06
tommy kahnle,2025,-0.16
tommy nance,2025,0.58
tommy pham,2025,1.04
tomoyuki sugano,2025,1.24
tony gonsolin,2025,0.0
tony santillan,2025,2.99
touki toussaint,2025,-0.03
travis adams,2025,-0.84
travis darnaud,2025,-0.32
travis jankowski,2025,-0.33
trea turner,2025,5.44
trent grisham,2025,3.52
trent thornton,2025,-0.13
trenton brooks,2025,-0.48
trevor larnach,2025,0.07
trevor mcdonald,2025,0.25
trevor megill,2025,1.53
trevor richards,2025,-0.09
trevor rogers,2025,5.33
trevor story,2025,3.84
trevor williams,2025,-0.59
trey lipscomb,2025,0.05
trey sweeney,2025,-0.8
trey yesavage,2025,0.31
tristan beck,2025,0.06
tristan gray,2025,0.23
tristan peters,2025,-0.4
tristin english,2025,-0.24
triston casas,2025,-0.85
triston mckenzie,2025,-0.21
troy johnston,2025,0.28
troy melton,2025,0.95
troy taylor,2025,-0.31
tsungche cheng,2025,-0.02
tucker barnhart,2025,-0.08
ty adcock,2025,0.04
ty france,2025,0.99
tyler alexander,2025,-0.41000000000000014
tyler anderson,2025,1.89
tyler black,2025,0.05
tyler callihan,2025,-0.16
tyler ferguson,2025,0.17
tyler fitzgerald,2025,0.85
tyler freeman,2025,-1.27
tyler gilbert,2025,0.52
tyler glasnow,2025,1.89
tyler heineman,2025,1.4899999999999998
tyler holton,2025,0.72
tyler kinley,2025,1.38
tyler locklear,2025,-1.07
tyler mahle,2025,2.19
tyler matzek,2025,0.03
tyler oneill,2025,-0.61
tyler owens,2025,0.03
tyler phillips,2025,1.76
tyler rogers,2025,2.36
tyler soderstrom,2025,4.26
tyler stephenson,2025,1.29
tyler tolbert,2025,0.22
tyler wade,2025,-0.61
tyler wells,2025,0.59
tyler zuber,2025,-0.66
tylor megill,2025,0.33
tyrone taylor,2025,1.03
valente bellozo,2025,0.28
victor caratini,2025,0.87
victor mederos,2025,-0.2
victor mesa jr,2025,0.08
victor robles,2025,-0.24
victor scott ii,2025,2.15
victor vodnik,2025,1.83
vidal brujan,2025,0.059999999999999956
vimael machin,2025,0.06
vinnie pasquantino,2025,2.36
vinny capra,2025,-0.5599999999999999
vladimir guerrero jr,2025,4.63
wade miley,2025,-0.12
walker buehler,2025,0.020000000000000018
wander suero,2025,-0.28
wandy peralta,2025,1.03
warming bernabel,2025,0.01
wenceel perez,2025,0.76
weston wilson,2025,-0.36
wikelman gonzalez,2025,0.22
will banfield,2025,-0.15
will benson,2025,0.59
will brennan,2025,-0.21
will klein,2025,0.16
will robertson,2025,-1.06
will smith,2025,4.46
will vest,2025,1.65
will wagner,2025,-0.58
will warren,2025,0.53
will wilson,2025,-0.55
willi castro,2025,-0.12999999999999998
william contreras,2025,3.87
willie maciver,2025,-0.16999999999999998
willson contreras,2025,2.46
willy adames,2025,3.73
wilmer flores,2025,0.29
wilyer abreu,2025,3.21
wyatt langford,2025,5.62
xander bogaerts,2025,1.99
xavier edwards,2025,3.22
xzavion curry,2025,-0.31
yainer diaz,2025,2.65
yandy diaz,2025,3.39
yanquiel fernandez,2025,-0.76
yaramil hiraldo,2025,-0.18
yariel rodriguez,2025,1.37
yennier cano,2025,-0.35
yerry de los santos,2025,0.34
yilber diaz,2025,-0.07
yimi garcia,2025,0.09
yoan moncada,2025,0.7
yoendrys gomez,2025,0.010000000000000009
yohan ramirez,2025,-0.62
yohel pozo,2025,0.2
yordan alvarez,2025,0.67
yoshinobu yamamoto,2025,4.93
yosver zulueta,2025,-0.05
yu darvish,2025,-0.05
yuki matsui,2025,0.56
yuli gurriel,2025,-0.47
yusei kikuchi,2025,3.22
zac gallen,2025,1.07
zac veen,2025,-0.31
zach agnos,2025,-0.39
zach brzykcy,2025,-0.61
zach cole,2025,0.57
zach dezenzo,2025,0.06
zach eflin,2025,-0.31
zach maxwell,2025,0.08
zach mckinstry,2025,2.84
zach neto,2025,5.09
zach pop,2025,-0.5900000000000001
zach thompson,2025,0.13
zack gelof,2025,-0.09
zack kelly,2025,-0.21
zack littell,2025,3.2300000000000004
zack short,2025,-0.02
zack wheeler,2025,5.02
zak kent,2025,0.05
zebby matthews,2025,0.16
aaron ashby,2026,0.42
aaron bummer,2026,-0.27
aaron civale,2026,0.93
aaron judge,2026,1.68
aaron nola,2026,0.21
abner uribe,2026,0.02
adam frazier,2026,0.52
addison barger,2026,-0.21
adley rutschman,2026,0.92
adolis garcia,2026,0.05
adrian del castillo,2026,0.05
adrian houser,2026,-0.95
adrian morejon,2026,-0.36
agustin ramirez,2026,-0.4
aj blubaugh,2026,-0.23
alan rangel,2026,0.06
albert suarez,2026,-0.06
alec bohm,2026,-0.52
alec burleson,2026,0.54
alejandro kirk,2026,-0.11
alejandro osuna,2026,0.19
alek jacob,2026,0.08
alek thomas,2026,0.46
alex bregman,2026,0.62
alex call,2026,0.6
alex freeland,2026,0.37
alex hoppe,2026,-0.09
alex lange,2026,-0.24
alex vesia,2026,0.39
amed rosario,2026,-0.07
andre granillo,2026,-0.13
andre pallante,2026,0.26
andres chaparro,2026,-0.03
andres gimenez,2026,0.14
andres munoz,2026,-0.4
andrew abbott,2026,-0.1
andrew alvarez,2026,0.23
andrew benintendi,2026,-0.57
andrew hoffmann,2026,-0.37
andrew kittredge,2026,0.14
andrew mccutchen,2026,-0.14
andrew morris,2026,-0.1
andrew nardi,2026,-0.19
andrew painter,2026,0.29
andrew vaughn,2026,-0.03
andruw monasterio,2026,0.06
andy ibanez,2026,-0.25
andy pages,2026,1.82
angel chivilli,2026,0.02
angel martinez,2026,0.35
angel zerpa,2026,-0.76
anthony banda,2026,-0.29
anthony bender,2026,-0.04
anthony kay,2026,-0.09
anthony nunez,2026,0.18
antonio senzatela,2026,1.31
aramis garcia,2026,0.01
aroldis chapman,2026,0.38
austin hays,2026,-0.36
austin hedges,2026,0.12
austin martin,2026,1.02
austin riley,2026,-0.09
austin slater,2026,-0.09
austin voth,2026,0.03
austin warren,2026,0.05
austin wells,2026,0.74
austin wynns,2026,-0.33
bailey falter,2026,-0.15
bailey ober,2026,0.93
ben brown,2026,0.33
ben casparius,2026,-0.24
ben rice,2026,1.47
ben williamson,2026,-0.15
bennett sousa,2026,-0.11
billy cook,2026,0.09
blade tidwell,2026,0.15
blake perkins,2026,0.16
blake treinen,2026,0.0
blaze alexander,2026,-0.4
bo bichette,2026,-0.24
bo naylor,2026,-0.53
bobby witt jr,2026,1.67
brad keller,2026,0.28
brad lord,2026,0.3
braden shewmake,2026,0.06
bradgley rodriguez,2026,0.5
brady basso,2026,0.01
brady house,2026,0.06
brady singer,2026,0.34
brandon eisert,2026,-0.35
brandon lockridge,2026,0.27
brandon lowe,2026,0.93
brandon marsh,2026,0.59
brandon nimmo,2026,1.07
brandon pfaadt,2026,-0.22
brandon sproat,2026,-0.51
brandon valenzuela,2026,0.21
brandon williamson,2026,-0.09
brandon woodruff,2026,0.36
brandon young,2026,-0.34
brant hurter,2026,0.47
braxton ashcraft,2026,0.44
braxton fulford,2026,0.1
brayan bello,2026,-1.18
brayan rocchio,2026,1.41
braydon fisher,2026,0.47
brenan hanifee,2026,0.04
brendan donovan,2026,0.68
brendon little,2026,-1.15
brennan bernardino,2026,0.77
brent headrick,2026,0.44
brent rooker,2026,-0.52
brent suter,2026,0.34
brenton doyle,2026,-0.09
brett baty,2026,0.0
brett sullivan,2026,-0.02
brian fitzpatrick,2026,0.1
brice matthews,2026,0.07
brice turang,2026,1.57
brock burke,2026,0.45
brooks lee,2026,0.37
brooks raley,2026,0.41
bryan abreu,2026,-0.77
bryan baker,2026,0.23
bryan hudson,2026,0.6
bryan king,2026,-0.01
bryan reynolds,2026,0.43
bryan woo,2026,0.32
bryce elder,2026,1.17
bryce harper,2026,0.33
bryce johnson,2026,-0.11
bryce teodosio,2026,-0.31
bryson stott,2026,-0.15
bubba chandler,2026,0.1
burch smith,2026,0.17
byron buxton,2026,0.73
cade cavalli,2026,0.27
cade horton,2026,0.17
cade povich,2026,0.51
cade smith,2026,0.04
cal quantrill,2026,-0.12
cal raleigh,2026,0.55
caleb durbin,2026,0.27
caleb kilian,2026,0.67
caleb thielbar,2026,0.11
calvin faucher,2026,-0.39
cam sanders,2026,-0.16
cam schlittler,2026,1.74
cam smith,2026,0.12
cameron foster,2026,-0.06
camilo doval,2026,-0.32
carl edwards jr,2026,0.14
carlos carrasco,2026,0.03
carlos correa,2026,1.04
carlos cortes,2026,1.08
carlos estevez,2026,-0.49
carlos narvaez,2026,-0.25
carlos rodriguez,2026,0.07
carlos santana,2026,-0.51
carmen mlodzinski,2026,0.38
carson benge,2026,-0.2
carson kelly,2026,0.75
carson williams,2026,-0.21
carter baumler,2026,0.07
carter jensen,2026,0.45
casey legumina,2026,0.009999999999999998
casey mize,2026,1.12
casey schmitt,2026,0.35
ceddanne rafaela,2026,0.31
cedric mullins,2026,-0.58
chad patrick,2026,0.74
chandler simpson,2026,0.67
charlie barnes,2026,-0.1
chase burns,2026,1.38
chase delauter,2026,0.51
chase dollander,2026,1.38
chase lee,2026,-0.01
chase meidroth,2026,0.11
chase shugart,2026,0.56
chase silseth,2026,0.25
chris bassitt,2026,-0.08
chris devenski,2026,0.02
chris martin,2026,-0.33
chris murphy,2026,-0.31
chris paddack,2026,-0.18
chris roycroft,2026,-0.32
chris sale,2026,1.03
christian koss,2026,-0.12
christian roa,2026,-0.02
christian scott,2026,-0.03
christian vazquez,2026,0.63
christian walker,2026,1.4
christian yelich,2026,0.36
christopher morel,2026,-0.04
cionel perez,2026,-0.35
cj abrams,2026,1.24
cj kayfus,2026,-0.12
clay holmes,2026,1.51
clayton beeter,2026,0.3
coby mayo,2026,-0.35
cody bellinger,2026,1.16
cody bolton,2026,-0.02
cody laweryson,2026,-0.04
cody ponce,2026,0.01
colby thomas,2026,0.02
cole henry,2026,-0.21
cole ragans,2026,0.03
cole sands,2026,0.08
cole sulser,2026,0.2
cole wilcox,2026,-0.15
cole winn,2026,-0.13
cole young,2026,1.78
coleman crow,2026,0.1
colin holderman,2026,0.03
colin rea,2026,-0.01
colson montgomery,2026,1.15
colt keith,2026,0.21
colton cowser,2026,-0.23
colton gordon,2026,-0.53
connelly early,2026,0.65
connor brogdon,2026,-0.26
connor joe,2026,-0.04
connor norby,2026,0.1
connor phillips,2026,0.88
connor prielipp,2026,0.22
connor seabold,2026,0.11
connor wong,2026,0.58
cooper criswell,2026,0.24
corbin carroll,2026,1.44
corbin martin,2026,0.1
corey seager,2026,0.7
craig kimbrel,2026,-0.05
cristian javier,2026,-0.56
cristopher sanchez,2026,1.39
curtis mead,2026,0.55
dalton rushing,2026,1.21
dane myers,2026,0.17
daniel johnson,2026,-0.09
daniel lynch iv,2026,0.43
daniel palencia,2026,0.39
daniel schneemann,2026,1.24
daniel susac,2026,0.32
danny coulombe,2026,-0.21
danny jansen,2026,0.32
dansby swanson,2026,0.84
darell hernaiz,2026,-0.01
daulton varsho,2026,0.48
david bednar,2026,-0.14
david fry,2026,-0.01
david hamilton,2026,0.4
david morgan,2026,-0.21
david peterson,2026,-0.51
davis martin,2026,1.74
davis schneider,2026,0.02
daylen lile,2026,0.46
dean kremer,2026,-0.05
dennis santana,2026,0.35
denzel clarke,2026,-0.47
derek hill,2026,-0.17
devin williams,2026,-0.45
deyvison de los santos,2026,-0.02
didier fuentes,2026,-0.06
dietrich enns,2026,0.04
dillon dingler,2026,0.93
dl hall,2026,0.39
dominic canzone,2026,0.47
dominic smith,2026,0.51
doug nikhazy,2026,0.02
drake baldwin,2026,1.17
drew anderson,2026,-0.18
drew gilbert,2026,-0.02
drew millas,2026,-0.42
drew pomeranz,2026,-0.71
drew rasmussen,2026,0.71
drew romo,2026,0.3
duncan davitt,2026,0.04
dustin harris,2026,-0.11000000000000001
dustin may,2026,-0.32
dylan beavers,2026,-0.38
dylan carlson,2026,-0.21
dylan cease,2026,0.89
dylan dodd,2026,0.06
dylan lee,2026,0.58
dylan moore,2026,-0.09
easton mcgee,2026,0.03
edgar quero,2026,-0.23
edgardo henriquez,2026,-0.02
edmundo sosa,2026,-0.13
edouard julien,2026,-0.04
eduard bazardo,2026,0.64
eduardo rivera,2026,0.11
eduardo rodriguez,2026,0.74
edward cabrera,2026,0.3
edwin diaz,2026,-0.49
eli morgan,2026,0.24
eli white,2026,0.03
elias diaz,2026,0.13
elly de la cruz,2026,1.43
elmer rodriguez,2026,0.03
eloy jimenez,2026,-0.1
elvis alvarado,2026,-0.48
emerson hancock,2026,0.8
emilio pagan,2026,-0.03
emmet sheehan,2026,0.11
enmanuel de jesus,2026,-0.58
enyel de los santos,2026,-0.09
eric haase,2026,0.05
eric lauer,2026,-0.15
eric orze,2026,0.0
erick fedde,2026,0.64
erik miller,2026,0.15
erik sabrowski,2026,0.38
ernie clement,2026,0.53
esteury ruiz,2026,0.11
ethan roberts,2026,0.1
eugenio suarez,2026,-0.08
eury perez,2026,-0.11
evan carter,2026,1.01
evan sisk,2026,0.27
everson pereira,2026,0.04
ezequiel duran,2026,0.29
ezequiel tovar,2026,-0.5
felix reyes,2026,-0.13
fernando cruz,2026,0.19
fernando tatis jr,2026,-0.04
foster griffin,2026,1.27
framber valdez,2026,0.99
francisco alvarez,2026,-0.16
francisco lindor,2026,0.45
freddie freeman,2026,0.39
freddy fermin,2026,0.29
freddy peralta,2026,0.38
gabe speier,2026,0.15
gabriel arias,2026,0.19
gabriel moreno,2026,0.46
garrett acton,2026,-0.03
garrett cleavinger,2026,-0.12
garrett crochet,2026,-0.65
garrett mitchell,2026,0.26
garrett stubbs,2026,0.0
garrett whitlock,2026,0.16
gary sanchez,2026,0.37
gavin collyer,2026,0.19
gavin sheets,2026,-0.54
gavin williams,2026,1.27
george kirby,2026,1.11
george klassen,2026,-0.33
george soriano,2026,-0.09
george springer,2026,0.08
george valera,2026,-0.21
geraldo perdomo,2026,0.45
german marquez,2026,0.21
giancarlo stanton,2026,0.17
gleyber torres,2026,0.97
gordon graceffo,2026,0.62
graham ashcraft,2026,0.86
graham pauley,2026,-0.41
grant anderson,2026,0.13
grant holmes,2026,0.47
grant taylor,2026,0.22
grant wolfram,2026,-0.31
greg jones,2026,-0.59
greg weissert,2026,-0.3
gregory soto,2026,0.64
griffin conine,2026,0.39
griffin jax,2026,-0.63
gunnar henderson,2026,0.65
gus varland,2026,0.45
haoyu lee,2026,-0.04
harrison bader,2026,-0.28
heliot ramos,2026,0.22
henry davis,2026,-0.21
heriberto hernandez,2026,-0.45
hoby milner,2026,0.28
hogan harris,2026,0.63
huascar brazoban,2026,0.58
hunter barco,2026,-0.51
hunter bigge,2026,0.03
hunter brown,2026,0.69
hunter dobbins,2026,-0.07
hunter feduccia,2026,0.1
hunter gaddis,2026,-0.17
hunter goodman,2026,1.15
hunter harvey,2026,-0.11
hyeseong kim,2026,0.49
ian hamilton,2026,-0.14
ian happ,2026,1.14
ian seymour,2026,-0.36
ildemaro vargas,2026,1.39
isaac collins,2026,-0.35
isaac mattson,2026,0.31
isaac paredes,2026,0.18
isiah kinerfalefa,2026,0.0
ivan herrera,2026,0.98
jac caglianone,2026,0.35
jace jung,2026,0.02
jack anderson,2026,0.05
jack dreyer,2026,0.13
jack flaherty,2026,-0.21
jack kochanowicz,2026,0.79
jack leiter,2026,-0.22
jack perkins,2026,0.76
jackson merrill,2026,0.22
jackson rutledge,2026,-0.22
jacob degrom,2026,1.1
jacob latz,2026,0.76
jacob lopez,2026,0.05
jacob misiorowski,2026,0.41
jacob webb,2026,-0.38
jacob wilson,2026,0.17
jacob young,2026,-0.04
jaden hill,2026,0.37
jahmai jones,2026,-0.3
jake bauers,2026,0.23
jake bird,2026,-0.23
jake burger,2026,0.25
jake cronenworth,2026,-0.38
jake eder,2026,0.03
jake fraley,2026,0.17
jake irvin,2026,0.21
jake mangum,2026,0.18
jake mccarthy,2026,0.22
jake meyers,2026,0.19
jake rogers,2026,-0.15
jake woodford,2026,0.03
jakob junis,2026,0.46
jakob marsee,2026,-0.23
jalen beeks,2026,0.33
james mccann,2026,-0.5800000000000001
james outman,2026,-0.24
james wood,2026,1.09
jameson taillon,2026,0.01
janson junk,2026,0.87
jared koenig,2026,-0.09
jared oliva,2026,-0.02
jared shuster,2026,0.0
jared triolo,2026,-0.28
jared young,2026,0.38
jarred kelenic,2026,0.01
jarren duran,2026,-0.08
jason adam,2026,0.39
jason alexander,2026,-0.15
jasson dominguez,2026,-0.04
javier assad,2026,-0.56
javier baez,2026,-0.34
javier sanoja,2026,0.23
jayden murray,2026,-0.04
jazz chisholm jr,2026,-0.06
jc escarra,2026,-0.17
jedixson paez,2026,-0.2
jeferson quero,2026,0.04
jeff hoffman,2026,-0.47
jeff mcneil,2026,0.79
jeffrey springs,2026,1.03
jeimer candelario,2026,-0.15
jerar encarnacion,2026,-0.18
jeremiah estrada,2026,-0.19
jeremiah jackson,2026,0.66
jeremy pena,2026,0.01
jesse scholtens,2026,0.41
jesus luzardo,2026,0.42
jesus sanchez,2026,0.09
jhoan duran,2026,0.72
jimmy herget,2026,0.59
jj bleday,2026,0.14
jj wetherholt,2026,1.34
jo adell,2026,-0.18
joc pederson,2026,0.07
joe boyle,2026,-0.1
joe mantiply,2026,0.2
joe ross,2026,-0.43
joe ryan,2026,0.34
joel kuhnel,2026,0.36
joel payamps,2026,-0.43
joey bart,2026,-0.03
joey cantillo,2026,0.45
joey gerber,2026,0.08
joey loperfido,2026,0.21
joey lucchesi,2026,-0.41
joey ortiz,2026,0.05
joey wiemer,2026,0.91
johan oviedo,2026,-0.12
john king,2026,0.81
john schreiber,2026,0.02
johnathan rodriguez,2026,-0.23
jojo romero,2026,-0.08
jonah heim,2026,-0.26
jonathan aranda,2026,0.24
jonathan bowlan,2026,0.02
jonathan cannon,2026,0.0
jonathan india,2026,0.22
jonathan loaisiga,2026,0.14
jonny deluca,2026,0.39
jorbit vivas,2026,0.21
jordan beck,2026,-0.32
jordan hicks,2026,0.2
jordan lawlar,2026,0.21
jordan leasure,2026,-0.36
jordan romano,2026,-0.49
jordan walker,2026,1.58
jorge barrosa,2026,0.01
jorge mateo,2026,0.3
jorge polanco,2026,-0.33
jorge soler,2026,0.28
jose a ferrer,2026,0.39
jose altuve,2026,0.5
jose alvarado,2026,-0.23
jose butto,2026,-0.23
jose caballero,2026,1.19
jose espada,2026,0.03
jose fermin,2026,0.0
jose fernandez,2026,0.65
jose franco,2026,-0.13
jose quintana,2026,0.08
jose ramirez,2026,0.98
jose soriano,2026,2.59
jose suarez,2026,-0.38
jose tena,2026,0.02
jose trevino,2026,-0.43000000000000005
jose urquidy,2026,-0.62
josh bell,2026,-0.05
josh fleming,2026,-0.15
josh jung,2026,0.99
josh lowe,2026,-0.36
josh naylor,2026,-0.39
josh smith,2026,-0.29
jovani moran,2026,0.32
jp crawford,2026,0.25
jp france,2026,-0.13
jr ritchie,2026,0.18
jt brubaker,2026,0.2
jt ginn,2026,0.81
jt realmuto,2026,0.19
juan brito,2026,-0.49
juan mejia,2026,0.04
juan morillo,2026,0.73
juan soto,2026,0.78
julian fernandez,2026,-0.03
julio rodriguez,2026,0.31
jung hoo lee,2026,0.71
junior caminero,2026,0.25
justin bruihl,2026,-0.45
justin crawford,2026,-0.28
justin lawrence,2026,-0.22
justin slaten,2026,0.15
justin sterner,2026,0.11
justin topa,2026,0.26
justin verlander,2026,-0.2
justin wrobleski,2026,1.19
kaiwei teng,2026,0.47
kazuma okamoto,2026,0.2
keaton winn,2026,0.2
kebryan hayes,2026,-0.15
keegan akin,2026,-0.2
keibert ruiz,2026,-0.22
keider montero,2026,0.45
ken waldichuk,2026,-0.12
kendry rojas,2026,0.11
kenley jansen,2026,-0.15
kerry carpenter,2026,-0.05
ketel marte,2026,0.49
kevin gausman,2026,1.03
kevin ginkel,2026,0.1
kevin kelly,2026,-0.1
kevin mcgonigle,2026,2.01
kodai senga,2026,-0.81
kody clemens,2026,0.15
kody funderburk,2026,0.43
kolby allard,2026,-0.35
konnor griffin,2026,0.41
kris bubic,2026,0.65
kumar rocker,2026,0.34
kyle backhus,2026,0.11
kyle bradish,2026,0.0
kyle farmer,2026,0.01
kyle finnegan,2026,0.84
kyle freeland,2026,0.62
kyle harrison,2026,0.75
kyle hart,2026,-0.25
kyle higashioka,2026,-0.02
kyle hurt,2026,0.13
kyle isbel,2026,0.83
kyle karros,2026,-0.17
kyle leahy,2026,-0.23
kyle manzardo,2026,-0.7
kyle nicolas,2026,-0.17
kyle schwarber,2026,0.49
kyle stowers,2026,-0.04
kyle tucker,2026,0.24
lake bachar,2026,0.21
lance mccullers jr,2026,-0.32
landen roupp,2026,0.77
lane thomas,2026,0.0
lawrence butler,2026,-0.11
lazaro estrada,2026,0.25
lenyn sosa,2026,-0.42000000000000004
leo jimenez,2026,-0.06
leo rivas,2026,-0.52
leody taveras,2026,0.43
liam hicks,2026,1.04
logan gilbert,2026,0.42
logan henderson,2026,-0.09
logan ohoppe,2026,0.63
logan webb,2026,0.13
louis varland,2026,0.95
lourdes gurriel jr,2026,-0.36
lucas erceg,2026,0.08
lucas sims,2026,-0.11
luinder avila,2026,-0.23
luis arraez,2026,1.08
luis campusano,2026,0.65
luis castillo,2026,-0.7
luis curvelo,2026,-0.01
luis garcia,2026,-0.29000000000000004
luis garcia jr,2026,-0.11
luis gil,2026,-0.13
luis matos,2026,-0.14
luis medina,2026,0.41
luis mey,2026,0.0
luis morales,2026,-0.39
luis rengifo,2026,-0.33
luis robert jr,2026,0.15
luis severino,2026,0.73
luis torrens,2026,0.11
luisangel acuna,2026,-0.42
luke keaschall,2026,0.08
luke little,2026,-0.02
luke raley,2026,0.15
luke weaver,2026,-0.29
luke williams,2026,-0.07
luken baker,2026,-0.05
mackenzie gore,2026,0.13
maikel garcia,2026,0.92
manny machado,2026,0.15
marcell ozuna,2026,-0.93
marcelo mayer,2026,0.24
marcus semien,2026,-0.18
mark leiter jr,2026,-0.17
mark vientos,2026,-0.26
martin perez,2026,0.79
masataka yoshida,2026,0.03
mason barnett,2026,0.07
mason black,2026,0.16
mason englert,2026,-0.27
mason fluharty,2026,-0.31
mason miller,2026,0.83
mason montgomery,2026,0.29
masyn winn,2026,1.09
matt brash,2026,0.7
matt chapman,2026,1.19
matt festa,2026,-0.21
matt gage,2026,0.36
matt mclain,2026,-0.33
matt olson,2026,2.02
matt pushard,2026,-0.15
matt shaw,2026,0.72
matt strahm,2026,0.07
matt svanson,2026,-0.92
matt vierling,2026,-0.33
matt waldron,2026,-0.48
matt wallner,2026,-0.71
matthew boyd,2026,-0.52
matthew liberatore,2026,-0.06
mauricio dubon,2026,0.69
max fried,2026,1.94
max meyer,2026,0.65
max muncy,2026,1.3900000000000001
max scherzer,2026,-0.77
max schuemann,2026,0.01
merrill kelly,2026,-0.54
michael busch,2026,-0.09
michael conforto,2026,0.05
michael harris ii,2026,1.31
michael kelly,2026,-0.08
michael king,2026,1.17
michael lorenzen,2026,-0.41
michael massey,2026,-0.15
michael mcgreevy,2026,0.67
michael petersen,2026,0.1
michael soroka,2026,0.17
michael wacha,2026,0.98
mick abel,2026,0.48
mickey moniak,2026,0.71
miguel amaya,2026,0.7
miguel andujar,2026,0.26
miguel rojas,2026,0.66
miguel vargas,2026,1.15
mike burrows,2026,-0.14
mike trout,2026,1.85
mike yastrzemski,2026,0.07
miles mikolas,2026,-0.89
mitch farris,2026,0.18
mitch garver,2026,0.14
mitch keller,2026,0.99
mitch spence,2026,-0.12
mitchell parker,2026,0.02
mj melendez,2026,0.13
moises ballesteros,2026,0.92
mookie betts,2026,0.21
munetaka murakami,2026,0.93
myles straw,2026,0.1
nasim nunez,2026,0.41
nathan church,2026,0.9
nathan eovaldi,2026,-0.11
nathan lukes,2026,0.29
nathaniel lowe,2026,0.34
nick allen,2026,-0.09
nick castellanos,2026,-0.75
nick fortes,2026,0.09
nick gonzales,2026,0.9
nick kurtz,2026,1.06
nick loftin,2026,-0.01
nick martinez,2026,1.53
nick mears,2026,0.39
nick pivetta,2026,0.11
nick raquet,2026,-0.14
nick sandlin,2026,-0.5
nick yorke,2026,-0.07
nicky lopez,2026,-0.05
nico hoerner,2026,1.89
noah cameron,2026,-0.31
noah schultz,2026,0.32
noelvi marte,2026,-0.24
nolan arenado,2026,0.78
nolan gorman,2026,0.18
nolan hoffman,2026,0.1
nolan mclean,2026,0.79
nolan schanuel,2026,0.01
oneil cruz,2026,0.47
orion kerkering,2026,0.37
orlando ribalta,2026,0.28
osvaldo bido,2026,-0.15
oswald peraza,2026,0.76
otto kemp,2026,-0.48
otto lopez,2026,1.47
owen caissie,2026,-0.47
ozzie albies,2026,1.38
parker meadows,2026,0.25
parker messick,2026,1.75
patrick bailey,2026,-0.16
patrick corbin,2026,0.41
patrick wisdom,2026,-0.04
paul blackburn,2026,-0.02
paul goldschmidt,2026,0.23
paul sewald,2026,0.01
paul skenes,2026,0.9
pavin smith,2026,-0.08
paxton schultz,2026,0.11
payton tolle,2026,0.23
pedro pages,2026,0.3
pete alonso,2026,0.43
pete crowarmstrong,2026,1.39
pete fairbanks,2026,-0.65
peter lambert,2026,0.35
peyton gray,2026,0.12
peyton pallette,2026,0.14
phil maton,2026,-0.47
philip abner,2026,-0.03
pierce johnson,2026,0.23
pj higgins,2026,0.0
pj poulin,2026,0.22
rafael devers,2026,-0.91
rafael marchan,2026,-0.24
raisel iglesias,2026,0.57
ramon laureano,2026,0.49
ramon urias,2026,0.34
randal grichuk,2026,-0.34
randy arozarena,2026,1.25
randy vasquez,2026,1.04
ranger suarez,2026,0.65
rece hinds,2026,-0.3
reese mcguire,2026,-0.37
reid detmers,2026,0.43
reynaldo lopez,2026,0.07
rhett lowder,2026,1.17
rhys hoskins,2026,-0.12
richard lovelady,2026,0.35
richie palacios,2026,0.42
rico garcia,2026,0.87
riley cornelio,2026,-0.25
riley greene,2026,0.99
riley martin,2026,0.15
riley obrien,2026,0.82
rob refsnyder,2026,-0.03
robbie ray,2026,0.81
robert garcia,2026,-0.08
robert suarez,2026,0.56
roddery munoz,2026,-0.31
roki sasaki,2026,-0.35
rolddy munoz,2026,-0.15
roman anthony,2026,0.42
ron marinaccio,2026,-0.04
ronald acuna jr,2026,0.26
ronny mauricio,2026,-0.15
royce lewis,2026,0.07
ryan bliss,2026,-0.05
ryan borucki,2026,-0.18
ryan feltner,2026,0.01
ryan fernandez,2026,-0.02
ryan gusto,2026,0.06
ryan helsley,2026,0.35
ryan jeffers,2026,0.7
ryan johnson,2026,-0.26
ryan kreidler,2026,0.22
ryan mcmahon,2026,-0.39
ryan mountcastle,2026,-0.13
ryan ohearn,2026,0.44
ryan ritter,2026,-0.1
ryan rolison,2026,0.22
ryan thompson,2026,0.0
ryan vilade,2026,0.31
ryan walker,2026,-0.05
ryan ward,2026,0.01
ryan watson,2026,-0.32
ryan weathers,2026,0.75
ryan weiss,2026,-0.41
ryan yarbrough,2026,0.07
ryan zeferjahn,2026,-0.25
ryne nelson,2026,-1.05
ryne stanek,2026,-0.72
sal frelick,2026,-0.1
sal stewart,2026,1.21
salvador perez,2026,-0.11
sam aldegheri,2026,0.0
sam antonacci,2026,0.18
sam bachman,2026,0.31
sam haggerty,2026,-0.05
sam huff,2026,-0.01
sam moll,2026,0.26
samuel basallo,2026,0.63
sandy alcantara,2026,1.1
santiago espinal,2026,-0.06
scott barlow,2026,0.43
scott kingery,2026,-0.18
sean burke,2026,0.99
sean manaea,2026,-0.47
sean newcomb,2026,0.27
sebastian rivero,2026,0.06
seiya suzuki,2026,1.01
seranthony dominguez,2026,0.19
seth halvorsen,2026,0.14
seth johnson,2026,-0.12
seth lugo,2026,1.16
shane baz,2026,0.29
shane drohan,2026,-0.1
shane mcclanahan,2026,0.19
shane smith,2026,-0.54
shaun anderson,2026,-0.19
shawn armstrong,2026,0.1
shay whitcomb,2026,-0.03
shea langeliers,2026,1.49
shohei ohtani,2026,2.23
shota imanaga,2026,0.58
simeon woods richardson,2026,-0.2
slade cecconi,2026,-0.4
sonny gray,2026,-0.03
spencer arrighetti,2026,0.71
spencer horwitz,2026,0.66
spencer miles,2026,0.2
spencer steer,2026,-0.31
spencer torkelson,2026,-0.18
starling marte,2026,-0.18
steven cruz,2026,-0.35
steven kwan,2026,-0.09
steven matz,2026,0.24
steven okert,2026,0.06
sungmun song,2026,0.02
taijuan walker,2026,-0.7
taj bradley,2026,1.45
tanner banks,2026,-0.07
tanner bibee,2026,0.44
tanner gordon,2026,-0.13
tanner murray,2026,0.12
tanner scott,2026,0.34
tarik skubal,2026,1.52
tatsuya imai,2026,-0.15
taylor clarke,2026,0.19
taylor rashi,2026,-0.19
taylor rogers,2026,-0.08
taylor trammell,2026,0.24
taylor walls,2026,0.23
taylor ward,2026,1.29
teoscar hernandez,2026,0.25
thomas saggese,2026,-0.28
tim herrin,2026,0.48
tim hill,2026,0.5
tim mayza,2026,0.34
tim tawa,2026,-0.23
tj friedl,2026,-0.38
tj rumfield,2026,0.3
tobias myers,2026,0.4
tommy nance,2026,0.0
tommy pham,2026,-0.28
tomoyuki sugano,2026,1.4
tony santillan,2026,0.72
travis bazzana,2026,-0.02
travis darnaud,2026,-0.08
trea turner,2026,0.32
trent grisham,2026,-0.17
trevor larnach,2026,0.86
trevor martin,2026,-0.05
trevor megill,2026,-0.41
trevor richards,2026,0.08
trevor rogers,2026,0.18
trevor story,2026,-0.04
trey yesavage,2026,0.44
tristan gray,2026,0.13
tristan peters,2026,0.45
troy johnston,2026,0.05
ty france,2026,0.57
tyler alexander,2026,0.6
tyler black,2026,0.08
tyler davis,2026,0.11
tyler freeman,2026,-0.33
tyler gilbert,2026,-0.22
tyler glasnow,2026,1.07
tyler heineman,2026,-0.63
tyler holton,2026,-0.07
tyler kinley,2026,0.47
tyler mahle,2026,-0.28
tyler oneill,2026,-0.18
tyler phillips,2026,0.79
tyler rogers,2026,0.72
tyler samaniego,2026,0.3
tyler schweitzer,2026,-0.02
tyler soderstrom,2026,0.18
tyler stephenson,2026,0.27
tyler tolbert,2026,-0.06999999999999999
tyler uberstine,2026,0.01
tyler wells,2026,0.28
tyrone taylor,2026,-0.14
valente bellozo,2026,-0.29
vaughn grissom,2026,0.2
victor caratini,2026,0.05
victor robles,2026,-0.15
victor scott ii,2026,-0.3
victor vodnik,2026,-0.49
vince velasquez,2026,0.09
vinnie pasquantino,2026,0.0
vladimir guerrero jr,2026,1.11
walbert urena,2026,-0.49
walker buehler,2026,0.07
wandy peralta,2026,0.1
wenceel perez,2026,-0.47
weston wilson,2026,0.05000000000000002
wilber dotel,2026,0.24
will benson,2026,-0.23
will brennan,2026,-0.22
will klein,2026,0.22
will smith,2026,0.21
will vest,2026,-0.28
will warren,2026,0.5
will wilson,2026,-0.01
willi castro,2026,0.4
william contreras,2026,0.48
willson contreras,2026,1.25
willy adames,2026,-0.02
wilyer abreu,2026,1.71
wyatt langford,2026,0.57
xander bogaerts,2026,0.58
xavier edwards,2026,1.27
yacksel rios,2026,0.06
yainer diaz,2026,-0.35
yandy diaz,2026,1.1
yaramil hiraldo,2026,-0.26
yennier cano,2026,0.39
yerry de los santos,2026,0.01
yoan moncada,2026,0.06
yoendrys gomez,2026,-0.25
yohan ramirez,2026,1.09
yohel pozo,2026,-0.22
yohendrick pinango,2026,0.02
yordan alvarez,2026,1.88
yoshinobu yamamoto,2026,0.61
yusei kikuchi,2026,-0.07
zac gallen,2026,0.58
zach agnos,2026,-0.04
zach eflin,2026,0.2
zach mckinstry,2026,-0.34
zach neto,2026,1.2
zach pop,2026,0.13
zack gelof,2026,-0.02
zack kelly,2026,0.06
zack littell,2026,-1.0
zack wheeler,2026,0.14
zak kent,2026,-0.13
